Log file open, 05/28/25 14:35:33
LogWindows: Failed to load 'aqProf.dll' (GetLastError=126)
LogWindows: File 'aqProf.dll' does not exist
LogWindows: Failed to load 'VtuneApi.dll' (GetLastError=126)
LogWindows: File 'VtuneApi.dll' does not exist
LogWindows: Failed to load 'VtuneApi32e.dll' (GetLastError=126)
LogWindows: File 'VtuneApi32e.dll' does not exist
LogConsoleResponse: Display: Failed to find resolution value strings in scalability ini. Falling back to default.
LogConsoleResponse: Display: Failed to find resolution value strings in scalability ini. Falling back to default.
LogInit: Display: Running engine for game: MyProject
LogPlatformFile: Not using cached read wrapper
LogTaskGraph: Started task graph with 5 named threads and 35 total threads with 3 sets of task threads.
LogStats: Stats thread started at 0.333567
LogICUInternationalization: ICU TimeZone Detection - Raw Offset: +3:00, Platform Override: ''
LogInit: Display: Loading text-based GConfig....
LogPluginManager: Mounting plugin MeshPainting
LogPluginManager: Mounting plugin XGEController
LogPluginManager: Mounting plugin LiveLink
LogPluginManager: Mounting plugin LightPropagationVolume
LogPluginManager: Mounting plugin Paper2D
LogPluginManager: Mounting plugin OodleData
LogPluginManager: Mounting plugin GameplayCameras
LogPluginManager: Mounting plugin OodleNetwork
LogPluginManager: Mounting plugin AssetManagerEditor
LogPluginManager: Mounting plugin CryptoKeys
LogPluginManager: Mounting plugin CurveEditorTools
LogPluginManager: Mounting plugin CameraShakePreviewer
LogPluginManager: Mounting plugin DataValidation
LogPluginManager: Mounting plugin GameplayTagsEditor
LogPluginManager: Mounting plugin FacialAnimation
LogPluginManager: Mounting plugin GeometryMode
LogPluginManager: Mounting plugin MobileLauncherProfileWizard
LogPluginManager: Mounting plugin MacGraphicsSwitching
LogPluginManager: Mounting plugin MaterialAnalyzer
LogPluginManager: Mounting plugin PluginBrowser
LogPluginManager: Mounting plugin AnimationSharing
LogPluginManager: Mounting plugin CodeLiteSourceCodeAccess
LogPluginManager: Mounting plugin GitSourceControl
LogPluginManager: Mounting plugin CLionSourceCodeAccess
LogPluginManager: Mounting plugin NullSourceCodeAccess
LogPluginManager: Mounting plugin SpeedTreeImporter
LogPluginManager: Mounting plugin PerforceSourceControl
LogPluginManager: Mounting plugin PixWinPlugin
LogPluginManager: Mounting plugin Niagara
LogPluginManager: Mounting plugin KDevelopSourceCodeAccess
LogPluginManager: Mounting plugin PlasticSourceControl
LogPluginManager: Mounting plugin PluginUtils
LogPluginManager: Mounting plugin PropertyAccessNode
LogPluginManager: Mounting plugin SubversionSourceControl
LogPluginManager: Mounting plugin RiderSourceCodeAccess
LogPluginManager: Mounting plugin TextureFormatOodle
LogPluginManager: Mounting plugin UObjectPlugin
LogPluginManager: Mounting plugin XCodeSourceCodeAccess
LogPluginManager: Mounting plugin VisualStudioCodeSourceCodeAccess
LogPluginManager: Mounting plugin AlembicImporter
LogPluginManager: Mounting plugin AutomationUtils
LogPluginManager: Mounting plugin BackChannel
LogPluginManager: Mounting plugin VisualStudioSourceCodeAccess
LogPluginManager: Mounting plugin DatasmithContent
LogPluginManager: Mounting plugin ChaosCloth
LogPluginManager: Mounting plugin ChaosClothEditor
LogPluginManager: Mounting plugin ChaosEditor
LogPluginManager: Mounting plugin ChaosNiagara
LogPluginManager: Mounting plugin VariantManagerContent
LogPluginManager: Mounting plugin ChaosSolverPlugin
LogPluginManager: Mounting plugin CharacterAI
LogPluginManager: Mounting plugin ActorSequence
LogPluginManager: Mounting plugin LevelSequenceEditor
LogPluginManager: Mounting plugin MatineeToLevelSequence
LogPluginManager: Mounting plugin TemplateSequence
LogPluginManager: Mounting plugin GeometryCache
LogPluginManager: Mounting plugin GeometryCollectionPlugin
LogPluginManager: Mounting plugin GeometryProcessing
LogPluginManager: Mounting plugin LuminPlatformFeatures
LogPluginManager: Mounting plugin MagicLeap
LogPluginManager: Mounting plugin OnlineSubsystem
LogPluginManager: Mounting plugin OnlineSubsystemNull
LogPluginManager: Mounting plugin OnlineSubsystemUtils
LogPluginManager: Mounting plugin MotoSynth
LogPluginManager: Mounting plugin OpenImageDenoise
LogPluginManager: Mounting plugin PlanarCut
LogPluginManager: Mounting plugin PlatformCrypto
LogPluginManager: Mounting plugin ProxyLODPlugin
LogPluginManager: Mounting plugin MagicLeapLightEstimation
LogPluginManager: Mounting plugin PythonScriptPlugin
LogPluginManager: Mounting plugin MagicLeapMedia
LogPluginManager: Mounting plugin MagicLeapPassableWorld
LogPluginManager: Mounting plugin MLSDK
LogPluginManager: Mounting plugin AndroidMedia
LogPluginManager: Mounting plugin AvfMedia
LogPluginManager: Mounting plugin ImgMedia
LogPluginManager: Mounting plugin MediaCompositing
LogPluginManager: Mounting plugin MediaPlayerEditor
LogPluginManager: Mounting plugin WebMMedia
LogPluginManager: Mounting plugin WmfMedia
LogPluginManager: Mounting plugin LauncherChunkInstaller
LogPluginManager: Mounting plugin SkeletalReduction
LogPluginManager: Mounting plugin TcpMessaging
LogPluginManager: Mounting plugin UdpMessaging
LogPluginManager: Mounting plugin ActorLayerUtilities
LogPluginManager: Mounting plugin AndroidDeviceProfileSelector
LogPluginManager: Mounting plugin AndroidMoviePlayer
LogPluginManager: Mounting plugin AndroidPermission
LogPluginManager: Mounting plugin AppleImageUtils
LogPluginManager: Mounting plugin AppleMoviePlayer
LogPluginManager: Mounting plugin ArchVisCharacter
LogPluginManager: Mounting plugin AssetTags
LogPluginManager: Mounting plugin AudioCapture
LogPluginManager: Mounting plugin AudioSynesthesia
LogPluginManager: Mounting plugin CableComponent
LogPluginManager: Mounting plugin ChunkDownloader
LogPluginManager: Mounting plugin CustomMeshComponent
LogPluginManager: Mounting plugin EditableMesh
LogPluginManager: Mounting plugin ExampleDeviceProfileSelector
LogPluginManager: Mounting plugin GoogleCloudMessaging
LogPluginManager: Mounting plugin ScreenshotTools
LogPluginManager: Mounting plugin GooglePAD
LogPluginManager: Mounting plugin IOSDeviceProfileSelector
LogPluginManager: Mounting plugin LinuxDeviceProfileSelector
LogPluginManager: Mounting plugin LocationServicesBPLibrary
LogPluginManager: Mounting plugin MobilePatchingUtils
LogPluginManager: Mounting plugin OpenXR
LogPluginManager: Mounting plugin OpenXREyeTracker
LogPluginManager: Mounting plugin OpenXRHandTracking
LogPluginManager: Mounting plugin Takes
LogPluginManager: Mounting plugin PhysXVehicles
LogPluginManager: Mounting plugin ProceduralMeshComponent
LogPluginManager: Mounting plugin PropertyAccessEditor
LogPluginManager: Mounting plugin PostSplashScreen
LogPluginManager: Mounting plugin SignificanceManager
LogPluginManager: Mounting plugin ResonanceAudio
LogPluginManager: Mounting plugin SoundFields
LogPluginManager: Mounting plugin RuntimePhysXCooking
LogPluginManager: Mounting plugin Synthesis
LogPluginManager: Mounting plugin WebMMoviePlayer
LogPluginManager: Mounting plugin WindowsMoviePlayer
LogPluginManager: Mounting plugin EnvironmentQueryEditor
LogPluginManager: Mounting plugin AISupport
LogPluginManager: Mounting plugin ContentBrowserAssetDataSource
LogPluginManager: Mounting plugin ContentBrowserFileDataSource
LogPluginManager: Mounting plugin ContentBrowserClassDataSource
LogPluginManager: Mounting plugin OnlineSubsystemGooglePlay
LogPluginManager: Mounting plugin OnlineSubsystemIOS
LogPluginManager: Mounting plugin OculusOpenXR
PixWinPlugin: PIX capture plugin failed to initialize! Check that the process is launched from PIX.
LogInit: Using libcurl 7.55.1-DEV
LogInit:  - built for x86_64-pc-win32
LogInit:  - supports SSL with OpenSSL/1.1.1
LogInit:  - supports HTTP deflate (compression) using libz 1.2.8
LogInit:  - other features:
LogInit:      CURL_VERSION_SSL
LogInit:      CURL_VERSION_LIBZ
LogInit:      CURL_VERSION_IPV6
LogInit:      CURL_VERSION_ASYNCHDNS
LogInit:      CURL_VERSION_LARGEFILE
LogInit:      CURL_VERSION_IDN
LogInit:  CurlRequestOptions (configurable via config and command line):
LogInit:  - bVerifyPeer = true  - Libcurl will verify peer certificate
LogInit:  - bUseHttpProxy = false  - Libcurl will NOT use HTTP proxy
LogInit:  - bDontReuseConnections = false  - Libcurl will reuse connections
LogInit:  - MaxHostConnections = 16  - Libcurl will limit the number of connections to a host
LogInit:  - LocalHostAddr = Default
LogInit:  - BufferSize = 65536
LogOnline: OSS: Creating online subsystem instance for: NULL
LogInit: WinSock: version 1.1 (2.2), MaxSocks=32767, MaxUdp=65467
LogOnline: OSS: TryLoadSubsystemAndSetDefault: Loaded subsystem for module [NULL]
LogInit: Build: ++UE4+Release-4.27-CL-18319896
LogInit: Engine Version: 4.27.2-18319896+++UE4+Release-4.27
LogInit: Compatible Engine Version: 4.27.0-17155196+++UE4+Release-4.27
LogInit: Net CL: 17155196
LogInit: OS: Windows 10 (Release 2009) (), CPU: 11th Gen Intel(R) Core(TM) i5-11400H @ 2.70GHz, GPU: Intel(R) UHD Graphics
LogInit: Compiled (64-bit): Nov 30 2021 07:12:08
LogInit: Compiled with Visual C++: 19.24.28315.00
LogInit: Build Configuration: Development
LogInit: Branch Name: ++UE4+Release-4.27
LogInit: Command Line: 
LogInit: Base Directory: C:/Program Files/Epic Games/UE_4.27/Engine/Binaries/Win64/
LogInit: Allocator: TBB
LogInit: Installed Engine Build: 1
LogDevObjectVersion: Number of dev versions registered: 29
LogDevObjectVersion:   Dev-Blueprints (B0D832E4-1F89-4F0D-ACCF-7EB736FD4AA2): 10
LogDevObjectVersion:   Dev-Build (E1C64328-A22C-4D53-A36C-8E866417BD8C): 0
LogDevObjectVersion:   Dev-Core (375EC13C-06E4-48FB-B500-84F0262A717E): 4
LogDevObjectVersion:   Dev-Editor (E4B068ED-F494-42E9-A231-DA0B2E46BB41): 40
LogDevObjectVersion:   Dev-Framework (CFFC743F-43B0-4480-9391-14DF171D2073): 37
LogDevObjectVersion:   Dev-Mobile (B02B49B5-BB20-44E9-A304-32B752E40360): 3
LogDevObjectVersion:   Dev-Networking (A4E4105C-59A1-49B5-A7C5-40C4547EDFEE): 0
LogDevObjectVersion:   Dev-Online (39C831C9-5AE6-47DC-9A44-9C173E1C8E7C): 0
LogDevObjectVersion:   Dev-Physics (78F01B33-EBEA-4F98-B9B4-84EACCB95AA2): 14
LogDevObjectVersion:   Dev-Platform (6631380F-2D4D-43E0-8009-CF276956A95A): 0
LogDevObjectVersion:   Dev-Rendering (12F88B9F-8875-4AFC-A67C-D90C383ABD29): 45
LogDevObjectVersion:   Dev-Sequencer (7B5AE74C-D270-4C10-A958-57980B212A5A): 13
LogDevObjectVersion:   Dev-VR (D7296918-1DD6-4BDD-9DE2-64A83CC13884): 3
LogDevObjectVersion:   Dev-LoadTimes (C2A15278-BFE7-4AFE-6C17-90FF531DF755): 1
LogDevObjectVersion:   Private-Geometry (6EACA3D4-40EC-4CC1-B786-8BED09428FC5): 3
LogDevObjectVersion:   Dev-AnimPhys (29E575DD-E0A3-4627-9D10-D276232CDCEA): 17
LogDevObjectVersion:   Dev-Anim (AF43A65D-7FD3-4947-9873-3E8ED9C1BB05): 15
LogDevObjectVersion:   Dev-ReflectionCapture (6B266CEC-1EC7-4B8F-A30B-E4D90942FC07): 1
LogDevObjectVersion:   Dev-Automation (0DF73D61-A23F-47EA-B727-89E90C41499A): 1
LogDevObjectVersion:   FortniteMain (601D1886-AC64-4F84-AA16-D3DE0DEAC7D6): 47
LogDevObjectVersion:   FortniteRelease (E7086368-6B23-4C58-8439-1B7016265E91): 1
LogDevObjectVersion:   Dev-Enterprise (9DFFBCD6-494F-0158-E221-12823C92A888): 10
LogDevObjectVersion:   Dev-Niagara (F2AED0AC-9AFE-416F-8664-AA7FFA26D6FC): 1
LogDevObjectVersion:   Dev-Destruction (174F1F0B-B4C6-45A5-B13F-2EE8D0FB917D): 10
LogDevObjectVersion:   Dev-Physics-Ext (35F94A83-E258-406C-A318-09F59610247C): 41
LogDevObjectVersion:   Dev-PhysicsMaterial-Chaos (B68FC16E-8B1B-42E2-B453-215C058844FE): 1
LogDevObjectVersion:   Dev-CineCamera (B2E18506-4273-CFC2-A54E-F4BB758BBA07): 1
LogDevObjectVersion:   Dev-VirtualProduction (64F58936-FD1B-42BA-BA96-7289D5D0FA4E): 1
LogDevObjectVersion:   Dev-MediaFramework (6F0ED827-A609-4895-9C91-998D90180EA4): 2
LogInit: Presizing for max 25165824 objects, including 0 objects not considered by GC, pre-allocating 0 bytes for permanent pool.
LogConfig: Applying CVar settings from Section [/Script/Engine.StreamingSettings] File [C:/Users/sasha/Documents/GitHub/unreal_project/Saved/Config/Windows/Engine.ini]
LogConfig: Setting CVar [[s.MinBulkDataSizeForAsyncLoading:131072]]
LogConfig: Setting CVar [[s.AsyncLoadingThreadEnabled:0]]
LogConfig: Setting CVar [[s.EventDrivenLoaderEnabled:1]]
LogConfig: Setting CVar [[s.WarnIfTimeLimitExceeded:0]]
LogConfig: Setting CVar [[s.TimeLimitExceededMultiplier:1.5]]
LogConfig: Setting CVar [[s.TimeLimitExceededMinTime:0.005]]
LogConfig: Setting CVar [[s.UseBackgroundLevelStreaming:1]]
LogConfig: Setting CVar [[s.PriorityAsyncLoadingExtraTime:15.0]]
LogConfig: Setting CVar [[s.LevelStreamingActorsUpdateTimeLimit:5.0]]
LogConfig: Setting CVar [[s.PriorityLevelStreamingActorsUpdateExtraTime:5.0]]
LogConfig: Setting CVar [[s.LevelStreamingComponentsRegistrationGranularity:10]]
LogConfig: Setting CVar [[s.UnregisterComponentsTimeLimit:1.0]]
LogConfig: Setting CVar [[s.LevelStreamingComponentsUnregistrationGranularity:5]]
LogConfig: Setting CVar [[s.FlushStreamingOnExit:1]]
LogInit: Object subsystem initialized
LogConfig: Setting CVar [[con.DebugEarlyDefault:1]]
LogConfig: Setting CVar [[r.setres:1280x720]]
[2025.05.28-11.35.33:944][  0]LogConfig: Setting CVar [[r.VSync:0]]
[2025.05.28-11.35.33:944][  0]LogConfig: Setting CVar [[r.RHICmdBypass:0]]
[2025.05.28-11.35.33:944][  0]LogConfig: Applying CVar settings from Section [/Script/Engine.RendererSettings] File [C:/Users/sasha/Documents/GitHub/unreal_project/Saved/Config/Windows/Engine.ini]
[2025.05.28-11.35.33:944][  0]LogConfig: Setting CVar [[r.GPUCrashDebugging:0]]
[2025.05.28-11.35.33:944][  0]LogConfig: Setting CVar [[r.Mobile.DisableVertexFog:1]]
[2025.05.28-11.35.33:944][  0]LogConfig: Setting CVar [[r.Shadow.CSM.MaxMobileCascades:2]]
[2025.05.28-11.35.33:944][  0]LogConfig: Setting CVar [[r.MobileMSAA:4]]
[2025.05.28-11.35.33:944][  0]LogConfig: Setting CVar [[r.Mobile.AllowDitheredLODTransition:0]]
[2025.05.28-11.35.33:944][  0]LogConfig: Setting CVar [[r.Mobile.AllowSoftwareOcclusion:0]]
[2025.05.28-11.35.33:944][  0]LogConfig: Setting CVar [[r.Mobile.VirtualTextures:0]]
[2025.05.28-11.35.33:944][  0]LogConfig: Setting CVar [[r.DiscardUnusedQuality:0]]
[2025.05.28-11.35.33:944][  0]LogConfig: Setting CVar [[r.AllowOcclusionQueries:1]]
[2025.05.28-11.35.33:944][  0]LogConfig: Setting CVar [[r.MinScreenRadiusForLights:0.030000]]
[2025.05.28-11.35.33:944][  0]LogConfig: Setting CVar [[r.MinScreenRadiusForDepthPrepass:0.030000]]
[2025.05.28-11.35.33:944][  0]LogConfig: Setting CVar [[r.MinScreenRadiusForCSMDepth:0.010000]]
[2025.05.28-11.35.33:944][  0]LogConfig: Setting CVar [[r.PrecomputedVisibilityWarning:0]]
[2025.05.28-11.35.33:944][  0]LogConfig: Setting CVar [[r.TextureStreaming:1]]
[2025.05.28-11.35.33:944][  0]LogConfig: Setting CVar [[Compat.UseDXT5NormalMaps:0]]
[2025.05.28-11.35.33:944][  0]LogConfig: Setting CVar [[r.VirtualTextures:0]]
[2025.05.28-11.35.33:944][  0]LogConfig: Setting CVar [[r.VirtualTexturedLightmaps:0]]
[2025.05.28-11.35.33:944][  0]LogConfig: Setting CVar [[r.VT.TileSize:128]]
[2025.05.28-11.35.33:944][  0]LogConfig: Setting CVar [[r.VT.TileBorderSize:4]]
[2025.05.28-11.35.33:944][  0]LogConfig: Setting CVar [[r.vt.FeedbackFactor:16]]
[2025.05.28-11.35.33:944][  0]LogConfig: Setting CVar [[r.VT.EnableCompressZlib:1]]
[2025.05.28-11.35.33:944][  0]LogConfig: Setting CVar [[r.VT.EnableCompressCrunch:0]]
[2025.05.28-11.35.33:944][  0]LogConfig: Setting CVar [[r.ClearCoatNormal:0]]
[2025.05.28-11.35.33:944][  0]LogConfig: Setting CVar [[r.ReflectionCaptureResolution:128]]
[2025.05.28-11.35.33:944][  0]LogConfig: Setting CVar [[r.Mobile.ReflectionCaptureCompression:0]]
[2025.05.28-11.35.33:944][  0]LogConfig: Setting CVar [[r.ReflectionEnvironmentLightmapMixBasedOnRoughness:1]]
[2025.05.28-11.35.33:944][  0]LogConfig: Setting CVar [[r.ForwardShading:1]]
[2025.05.28-11.35.33:944][  0]LogConfig: Setting CVar [[r.VertexFoggingForOpaque:1]]
[2025.05.28-11.35.33:944][  0]LogConfig: Setting CVar [[r.AllowStaticLighting:1]]
[2025.05.28-11.35.33:944][  0]LogConfig: Setting CVar [[r.NormalMapsForStaticLighting:0]]
[2025.05.28-11.35.33:944][  0]LogConfig: Setting CVar [[r.GenerateMeshDistanceFields:0]]
[2025.05.28-11.35.33:944][  0]LogConfig: Setting CVar [[r.DistanceFieldBuild.EightBit:0]]
[2025.05.28-11.35.33:944][  0]LogConfig: Setting CVar [[r.GenerateLandscapeGIData:0]]
[2025.05.28-11.35.33:944][  0]LogConfig: Setting CVar [[r.DistanceFieldBuild.Compress:0]]
[2025.05.28-11.35.33:944][  0]LogConfig: Setting CVar [[r.TessellationAdaptivePixelsPerTriangle:48.000000]]
[2025.05.28-11.35.33:944][  0]LogConfig: Setting CVar [[r.SeparateTranslucency:0]]
[2025.05.28-11.35.33:944][  0]LogConfig: Setting CVar [[r.TranslucentSortPolicy:0]]
[2025.05.28-11.35.33:944][  0]LogConfig: Setting CVar [[r.CustomDepth:1]]
[2025.05.28-11.35.33:944][  0]LogConfig: Setting CVar [[r.CustomDepthTemporalAAJitter:1]]
[2025.05.28-11.35.33:944][  0]LogConfig: Setting CVar [[r.PostProcessing.PropagateAlpha:0]]
[2025.05.28-11.35.33:944][  0]LogConfig: Setting CVar [[r.DefaultFeature.Bloom:0]]
[2025.05.28-11.35.33:944][  0]LogConfig: Setting CVar [[r.DefaultFeature.AmbientOcclusion:0]]
[2025.05.28-11.35.33:944][  0]LogConfig: Setting CVar [[r.DefaultFeature.AmbientOcclusionStaticFraction:1]]
[2025.05.28-11.35.33:944][  0]LogConfig: Setting CVar [[r.DefaultFeature.AutoExposure:0]]
[2025.05.28-11.35.33:944][  0]LogConfig: Setting CVar [[r.DefaultFeature.AutoExposure.Method:0]]
[2025.05.28-11.35.33:944][  0]LogConfig: Setting CVar [[r.DefaultFeature.AutoExposure.Bias:1.000000]]
[2025.05.28-11.35.33:944][  0]LogConfig: Setting CVar [[r.DefaultFeature.AutoExposure.ExtendDefaultLuminanceRange:1]]
[2025.05.28-11.35.33:944][  0]LogConfig: Setting CVar [[r.UsePreExposure:1]]
[2025.05.28-11.35.33:944][  0]LogConfig: Setting CVar [[r.EyeAdaptation.EditorOnly:0]]
[2025.05.28-11.35.33:944][  0]LogConfig: Setting CVar [[r.DefaultFeature.MotionBlur:0]]
[2025.05.28-11.35.33:944][  0]LogConfig: Setting CVar [[r.DefaultFeature.LensFlare:0]]
[2025.05.28-11.35.33:944][  0]LogConfig: Setting CVar [[r.TemporalAA.Upsampling:0]]
[2025.05.28-11.35.33:944][  0]LogConfig: Setting CVar [[r.SSGI.Enable:0]]
[2025.05.28-11.35.33:944][  0]LogConfig: Setting CVar [[r.DefaultFeature.AntiAliasing:3]]
[2025.05.28-11.35.33:944][  0]LogConfig: Setting CVar [[r.DefaultFeature.LightUnits:1]]
[2025.05.28-11.35.33:944][  0]LogConfig: Setting CVar [[r.DefaultBackBufferPixelFormat:4]]
[2025.05.28-11.35.33:944][  0]LogConfig: Setting CVar [[r.Shadow.UnbuiltPreviewInGame:1]]
[2025.05.28-11.35.33:944][  0]LogConfig: Setting CVar [[r.StencilForLODDither:0]]
[2025.05.28-11.35.33:944][  0]LogConfig: Setting CVar [[r.EarlyZPass:3]]
[2025.05.28-11.35.33:944][  0]LogConfig: Setting CVar [[r.EarlyZPassOnlyMaterialMasking:0]]
[2025.05.28-11.35.33:944][  0]LogConfig: Setting CVar [[r.DBuffer:1]]
[2025.05.28-11.35.33:944][  0]LogConfig: Setting CVar [[r.ClearSceneMethod:1]]
[2025.05.28-11.35.33:944][  0]LogConfig: Setting CVar [[r.BasePassOutputsVelocity:0]]
[2025.05.28-11.35.33:944][  0]LogConfig: Setting CVar [[r.VertexDeformationOutputsVelocity:0]]
[2025.05.28-11.35.33:944][  0]LogConfig: Setting CVar [[r.SelectiveBasePassOutputs:0]]
[2025.05.28-11.35.33:944][  0]LogConfig: Setting CVar [[fx.GPUSimulationTextureSizeX:1024]]
[2025.05.28-11.35.33:944][  0]LogConfig: Setting CVar [[fx.GPUSimulationTextureSizeY:1024]]
[2025.05.28-11.35.33:944][  0]LogConfig: Setting CVar [[r.AllowGlobalClipPlane:0]]
[2025.05.28-11.35.33:944][  0]LogConfig: Setting CVar [[r.GBufferFormat:1]]
[2025.05.28-11.35.33:944][  0]LogConfig: Setting CVar [[r.MorphTarget.Mode:1]]
[2025.05.28-11.35.33:944][  0]LogConfig: Setting CVar [[vr.InstancedStereo:1]]
[2025.05.28-11.35.33:944][  0]LogConfig: Setting CVar [[r.MobileHDR:0]]
[2025.05.28-11.35.33:944][  0]LogConfig: Setting CVar [[vr.MobileMultiView:1]]
[2025.05.28-11.35.33:944][  0]LogConfig: Setting CVar [[r.Mobile.UseHWsRGBEncoding:1]]
[2025.05.28-11.35.33:944][  0]LogConfig: Setting CVar [[vr.RoundRobinOcclusion:0]]
[2025.05.28-11.35.33:944][  0]LogConfig: Setting CVar [[vr.ODSCapture:0]]
[2025.05.28-11.35.33:944][  0]LogConfig: Setting CVar [[r.MeshStreaming:0]]
[2025.05.28-11.35.33:944][  0]LogConfig: Setting CVar [[r.WireframeCullThreshold:5.000000]]
[2025.05.28-11.35.33:944][  0]LogConfig: Setting CVar [[r.RayTracing:0]]
[2025.05.28-11.35.33:944][  0]LogConfig: Setting CVar [[r.RayTracing.UseTextureLod:0]]
[2025.05.28-11.35.33:944][  0]LogConfig: Setting CVar [[r.SupportStationarySkylight:1]]
[2025.05.28-11.35.33:944][  0]LogConfig: Setting CVar [[r.SupportLowQualityLightmaps:1]]
[2025.05.28-11.35.33:944][  0]LogConfig: Setting CVar [[r.SupportPointLightWholeSceneShadows:1]]
[2025.05.28-11.35.33:944][  0]LogConfig: Setting CVar [[r.SupportAtmosphericFog:1]]
[2025.05.28-11.35.33:944][  0]LogConfig: Setting CVar [[r.SupportSkyAtmosphere:1]]
[2025.05.28-11.35.33:944][  0]LogConfig: Setting CVar [[r.SupportSkyAtmosphereAffectsHeightFog:0]]
[2025.05.28-11.35.33:944][  0]LogConfig: Setting CVar [[r.SkinCache.CompileShaders:0]]
[2025.05.28-11.35.33:944][  0]LogConfig: Setting CVar [[r.SkinCache.DefaultBehavior:1]]
[2025.05.28-11.35.33:945][  0]LogConfig: Setting CVar [[r.SkinCache.SceneMemoryLimitInMB:128.000000]]
[2025.05.28-11.35.33:945][  0]LogConfig: Setting CVar [[r.Mobile.EnableStaticAndCSMShadowReceivers:1]]
[2025.05.28-11.35.33:945][  0]LogConfig: Setting CVar [[r.Mobile.EnableMovableLightCSMShaderCulling:1]]
[2025.05.28-11.35.33:945][  0]LogConfig: Setting CVar [[r.Mobile.AllowDistanceFieldShadows:1]]
[2025.05.28-11.35.33:945][  0]LogConfig: Setting CVar [[r.Mobile.AllowMovableDirectionalLights:1]]
[2025.05.28-11.35.33:945][  0]LogConfig: Setting CVar [[r.MobileNumDynamicPointLights:4]]
[2025.05.28-11.35.33:945][  0]LogConfig: Setting CVar [[r.MobileDynamicPointLightsUseStaticBranch:1]]
[2025.05.28-11.35.33:945][  0]LogConfig: Setting CVar [[r.Mobile.EnableMovableSpotlights:0]]
[2025.05.28-11.35.33:945][  0]LogConfig: Setting CVar [[r.Mobile.EnableMovableSpotlightsShadow:0]]
[2025.05.28-11.35.33:945][  0]LogConfig: Setting CVar [[r.GPUSkin.Support16BitBoneIndex:0]]
[2025.05.28-11.35.33:945][  0]LogConfig: Setting CVar [[r.GPUSkin.Limit2BoneInfluences:0]]
[2025.05.28-11.35.33:945][  0]LogConfig: Setting CVar [[r.SupportDepthOnlyIndexBuffers:1]]
[2025.05.28-11.35.33:945][  0]LogConfig: Setting CVar [[r.SupportReversedIndexBuffers:1]]
[2025.05.28-11.35.33:945][  0]LogConfig: Setting CVar [[r.LightPropagationVolume:0]]
[2025.05.28-11.35.33:945][  0]LogConfig: Setting CVar [[r.Mobile.AmbientOcclusion:0]]
[2025.05.28-11.35.33:945][  0]LogConfig: Setting CVar [[r.GPUSkin.UnlimitedBoneInfluences:0]]
[2025.05.28-11.35.33:945][  0]LogConfig: Setting CVar [[r.GPUSkin.UnlimitedBoneInfluencesThreshold:8]]
[2025.05.28-11.35.33:945][  0]LogConfig: Setting CVar [[r.Mobile.PlanarReflectionMode:0]]
[2025.05.28-11.35.33:945][  0]LogConfig: Setting CVar [[r.Mobile.SupportGPUScene:1]]
[2025.05.28-11.35.33:945][  0]LogConfig: Applying CVar settings from Section [/Script/Engine.RendererOverrideSettings] File [C:/Users/sasha/Documents/GitHub/unreal_project/Saved/Config/Windows/Engine.ini]
[2025.05.28-11.35.33:945][  0]LogConfig: Applying CVar settings from Section [/Script/Engine.StreamingSettings] File [C:/Users/sasha/Documents/GitHub/unreal_project/Saved/Config/Windows/Engine.ini]
[2025.05.28-11.35.33:945][  0]LogConfig: Setting CVar [[s.MinBulkDataSizeForAsyncLoading:131072]]
[2025.05.28-11.35.33:945][  0]LogConfig: Setting CVar [[s.AsyncLoadingThreadEnabled:0]]
[2025.05.28-11.35.33:945][  0]LogConfig: Setting CVar [[s.EventDrivenLoaderEnabled:1]]
[2025.05.28-11.35.33:945][  0]LogConfig: Setting CVar [[s.WarnIfTimeLimitExceeded:0]]
[2025.05.28-11.35.33:945][  0]LogConfig: Setting CVar [[s.TimeLimitExceededMultiplier:1.5]]
[2025.05.28-11.35.33:945][  0]LogConfig: Setting CVar [[s.TimeLimitExceededMinTime:0.005]]
[2025.05.28-11.35.33:945][  0]LogConfig: Setting CVar [[s.UseBackgroundLevelStreaming:1]]
[2025.05.28-11.35.33:945][  0]LogConfig: Setting CVar [[s.PriorityAsyncLoadingExtraTime:15.0]]
[2025.05.28-11.35.33:945][  0]LogConfig: Setting CVar [[s.LevelStreamingActorsUpdateTimeLimit:5.0]]
[2025.05.28-11.35.33:945][  0]LogConfig: Setting CVar [[s.PriorityLevelStreamingActorsUpdateExtraTime:5.0]]
[2025.05.28-11.35.33:945][  0]LogConfig: Setting CVar [[s.LevelStreamingComponentsRegistrationGranularity:10]]
[2025.05.28-11.35.33:945][  0]LogConfig: Setting CVar [[s.UnregisterComponentsTimeLimit:1.0]]
[2025.05.28-11.35.33:945][  0]LogConfig: Setting CVar [[s.LevelStreamingComponentsUnregistrationGranularity:5]]
[2025.05.28-11.35.33:945][  0]LogConfig: Setting CVar [[s.FlushStreamingOnExit:1]]
[2025.05.28-11.35.33:945][  0]LogConfig: Applying CVar settings from Section [/Script/Engine.GarbageCollectionSettings] File [C:/Users/sasha/Documents/GitHub/unreal_project/Saved/Config/Windows/Engine.ini]
[2025.05.28-11.35.33:945][  0]LogConfig: Setting CVar [[gc.MaxObjectsNotConsideredByGC:1]]
[2025.05.28-11.35.33:945][  0]LogConfig: Setting CVar [[gc.SizeOfPermanentObjectPool:0]]
[2025.05.28-11.35.33:945][  0]LogConfig: Setting CVar [[gc.FlushStreamingOnGC:0]]
[2025.05.28-11.35.33:945][  0]LogConfig: Setting CVar [[gc.NumRetriesBeforeForcingGC:10]]
[2025.05.28-11.35.33:945][  0]LogConfig: Setting CVar [[gc.AllowParallelGC:1]]
[2025.05.28-11.35.33:945][  0]LogConfig: Setting CVar [[gc.TimeBetweenPurgingPendingKillObjects:61.1]]
[2025.05.28-11.35.33:945][  0]LogConfig: Setting CVar [[gc.MaxObjectsInEditor:25165824]]
[2025.05.28-11.35.33:945][  0]LogConfig: Setting CVar [[gc.IncrementalBeginDestroyEnabled:1]]
[2025.05.28-11.35.33:945][  0]LogConfig: Setting CVar [[gc.CreateGCClusters:1]]
[2025.05.28-11.35.33:945][  0]LogConfig: Setting CVar [[gc.MinGCClusterSize:5]]
[2025.05.28-11.35.33:945][  0]LogConfig: Setting CVar [[gc.ActorClusteringEnabled:0]]
[2025.05.28-11.35.33:945][  0]LogConfig: Setting CVar [[gc.BlueprintClusteringEnabled:0]]
[2025.05.28-11.35.33:945][  0]LogConfig: Setting CVar [[gc.UseDisregardForGCOnDedicatedServers:0]]
[2025.05.28-11.35.33:945][  0]LogConfig: Setting CVar [[gc.MultithreadedDestructionEnabled:1]]
[2025.05.28-11.35.33:945][  0]LogConfig: Applying CVar settings from Section [/Script/Engine.NetworkSettings] File [C:/Users/sasha/Documents/GitHub/unreal_project/Saved/Config/Windows/Engine.ini]
[2025.05.28-11.35.33:945][  0]LogConfig: Applying CVar settings from Section [/Script/UnrealEd.CookerSettings] File [C:/Users/sasha/Documents/GitHub/unreal_project/Saved/Config/Windows/Engine.ini]
[2025.05.28-11.35.33:972][  0]LogConfig: Applying CVar settings from Section [ViewDistanceQuality@3] File [C:/Users/sasha/Documents/GitHub/unreal_project/Saved/Config/Windows/Scalability.ini]
[2025.05.28-11.35.33:972][  0]LogConfig: Setting CVar [[r.SkeletalMeshLODBias:0]]
[2025.05.28-11.35.33:972][  0]LogConfig: Setting CVar [[r.ViewDistanceScale:1.0]]
[2025.05.28-11.35.33:972][  0]LogConfig: Applying CVar settings from Section [AntiAliasingQuality@3] File [C:/Users/sasha/Documents/GitHub/unreal_project/Saved/Config/Windows/Scalability.ini]
[2025.05.28-11.35.33:972][  0]LogConfig: Setting CVar [[r.PostProcessAAQuality:4]]
[2025.05.28-11.35.33:972][  0]LogConfig: Applying CVar settings from Section [ShadowQuality@3] File [C:/Users/sasha/Documents/GitHub/unreal_project/Saved/Config/Windows/Scalability.ini]
[2025.05.28-11.35.33:972][  0]LogConfig: Setting CVar [[r.LightFunctionQuality:1]]
[2025.05.28-11.35.33:972][  0]LogConfig: Setting CVar [[r.ShadowQuality:5]]
[2025.05.28-11.35.33:972][  0]LogConfig: Setting CVar [[r.Shadow.CSM.MaxCascades:10]]
[2025.05.28-11.35.33:972][  0]LogConfig: Setting CVar [[r.Shadow.MaxResolution:2048]]
[2025.05.28-11.35.33:972][  0]LogConfig: Setting CVar [[r.Shadow.MaxCSMResolution:2048]]
[2025.05.28-11.35.33:972][  0]LogConfig: Setting CVar [[r.Shadow.RadiusThreshold:0.01]]
[2025.05.28-11.35.33:972][  0]LogConfig: Setting CVar [[r.Shadow.DistanceScale:1.0]]
[2025.05.28-11.35.33:972][  0]LogConfig: Setting CVar [[r.Shadow.CSM.TransitionScale:1.0]]
[2025.05.28-11.35.33:972][  0]LogConfig: Setting CVar [[r.Shadow.PreShadowResolutionFactor:1.0]]
[2025.05.28-11.35.33:972][  0]LogConfig: Setting CVar [[r.DistanceFieldShadowing:1]]
[2025.05.28-11.35.33:972][  0]LogConfig: Setting CVar [[r.DistanceFieldAO:1]]
[2025.05.28-11.35.33:972][  0]LogConfig: Setting CVar [[r.AOQuality:2]]
[2025.05.28-11.35.33:972][  0]LogConfig: Setting CVar [[r.VolumetricFog:1]]
[2025.05.28-11.35.33:972][  0]LogConfig: Setting CVar [[r.VolumetricFog.GridPixelSize:8]]
[2025.05.28-11.35.33:972][  0]LogConfig: Setting CVar [[r.VolumetricFog.GridSizeZ:128]]
[2025.05.28-11.35.33:972][  0]LogConfig: Setting CVar [[r.VolumetricFog.HistoryMissSupersampleCount:4]]
[2025.05.28-11.35.33:972][  0]LogConfig: Setting CVar [[r.LightMaxDrawDistanceScale:1]]
[2025.05.28-11.35.33:972][  0]LogConfig: Setting CVar [[r.CapsuleShadows:1]]
[2025.05.28-11.35.33:972][  0]LogConfig: Applying CVar settings from Section [PostProcessQuality@3] File [C:/Users/sasha/Documents/GitHub/unreal_project/Saved/Config/Windows/Scalability.ini]
[2025.05.28-11.35.33:972][  0]LogConfig: Setting CVar [[r.MotionBlurQuality:4]]
[2025.05.28-11.35.33:972][  0]LogConfig: Setting CVar [[r.AmbientOcclusionMipLevelFactor:0.4]]
[2025.05.28-11.35.33:972][  0]LogConfig: Setting CVar [[r.AmbientOcclusionMaxQuality:100]]
[2025.05.28-11.35.33:972][  0]LogConfig: Setting CVar [[r.AmbientOcclusionLevels:-1]]
[2025.05.28-11.35.33:972][  0]LogConfig: Setting CVar [[r.AmbientOcclusionRadiusScale:1.0]]
[2025.05.28-11.35.33:972][  0]LogConfig: Setting CVar [[r.DepthOfFieldQuality:2]]
[2025.05.28-11.35.33:972][  0]LogConfig: Setting CVar [[r.RenderTargetPoolMin:400]]
[2025.05.28-11.35.33:972][  0]LogConfig: Setting CVar [[r.LensFlareQuality:2]]
[2025.05.28-11.35.33:972][  0]LogConfig: Setting CVar [[r.SceneColorFringeQuality:1]]
[2025.05.28-11.35.33:972][  0]LogConfig: Setting CVar [[r.EyeAdaptationQuality:2]]
[2025.05.28-11.35.33:972][  0]LogConfig: Setting CVar [[r.BloomQuality:5]]
[2025.05.28-11.35.33:972][  0]LogConfig: Setting CVar [[r.FastBlurThreshold:100]]
[2025.05.28-11.35.33:972][  0]LogConfig: Setting CVar [[r.Upscale.Quality:3]]
[2025.05.28-11.35.33:972][  0]LogConfig: Setting CVar [[r.Tonemapper.GrainQuantization:1]]
[2025.05.28-11.35.33:972][  0]LogConfig: Setting CVar [[r.LightShaftQuality:1]]
[2025.05.28-11.35.33:972][  0]LogConfig: Setting CVar [[r.Filter.SizeScale:1]]
[2025.05.28-11.35.33:972][  0]LogConfig: Setting CVar [[r.Tonemapper.Quality:5]]
[2025.05.28-11.35.33:972][  0]LogConfig: Setting CVar [[r.DOF.Gather.AccumulatorQuality:1        ; higher gathering accumulator quality]]
[2025.05.28-11.35.33:972][  0]LogConfig: Setting CVar [[r.DOF.Gather.PostfilterMethod:1          ; Median3x3 postfilering method]]
[2025.05.28-11.35.33:972][  0]LogConfig: Setting CVar [[r.DOF.Gather.EnableBokehSettings:0       ; no bokeh simulation when gathering]]
[2025.05.28-11.35.33:972][  0]LogConfig: Setting CVar [[r.DOF.Gather.RingCount:4                 ; medium number of samples when gathering]]
[2025.05.28-11.35.33:972][  0]LogConfig: Setting CVar [[r.DOF.Scatter.ForegroundCompositing:1    ; additive foreground scattering]]
[2025.05.28-11.35.33:972][  0]LogConfig: Setting CVar [[r.DOF.Scatter.BackgroundCompositing:2    ; additive background scattering]]
[2025.05.28-11.35.33:972][  0]LogConfig: Setting CVar [[r.DOF.Scatter.EnableBokehSettings:1      ; bokeh simulation when scattering]]
[2025.05.28-11.35.33:972][  0]LogConfig: Setting CVar [[r.DOF.Scatter.MaxSpriteRatio:0.1         ; only a maximum of 10% of scattered bokeh]]
[2025.05.28-11.35.33:972][  0]LogConfig: Setting CVar [[r.DOF.Recombine.Quality:1                ; cheap slight out of focus]]
[2025.05.28-11.35.33:972][  0]LogConfig: Setting CVar [[r.DOF.Recombine.EnableBokehSettings:0    ; no bokeh simulation on slight out of focus]]
[2025.05.28-11.35.33:972][  0]LogConfig: Setting CVar [[r.DOF.TemporalAAQuality:1                ; more stable temporal accumulation]]
[2025.05.28-11.35.33:972][  0]LogConfig: Setting CVar [[r.DOF.Kernel.MaxForegroundRadius:0.025]]
[2025.05.28-11.35.33:972][  0]LogConfig: Setting CVar [[r.DOF.Kernel.MaxBackgroundRadius:0.025]]
[2025.05.28-11.35.33:972][  0]LogConfig: Applying CVar settings from Section [TextureQuality@3] File [C:/Users/sasha/Documents/GitHub/unreal_project/Saved/Config/Windows/Scalability.ini]
[2025.05.28-11.35.33:972][  0]LogConfig: Setting CVar [[r.Streaming.MipBias:0]]
[2025.05.28-11.35.33:972][  0]LogConfig: Setting CVar [[r.Streaming.AmortizeCPUToGPUCopy:0]]
[2025.05.28-11.35.33:972][  0]LogConfig: Setting CVar [[r.Streaming.MaxNumTexturesToStreamPerFrame:0]]
[2025.05.28-11.35.33:972][  0]LogConfig: Setting CVar [[r.Streaming.Boost:1]]
[2025.05.28-11.35.33:973][  0]LogConfig: Setting CVar [[r.MaxAnisotropy:8]]
[2025.05.28-11.35.33:973][  0]LogConfig: Setting CVar [[r.VT.MaxAnisotropy:8]]
[2025.05.28-11.35.33:973][  0]LogConfig: Setting CVar [[r.Streaming.LimitPoolSizeToVRAM:0]]
[2025.05.28-11.35.33:973][  0]LogConfig: Setting CVar [[r.Streaming.PoolSize:1000]]
[2025.05.28-11.35.33:973][  0]LogConfig: Setting CVar [[r.Streaming.MaxEffectiveScreenSize:0]]
[2025.05.28-11.35.33:973][  0]LogConfig: Applying CVar settings from Section [EffectsQuality@3] File [C:/Users/sasha/Documents/GitHub/unreal_project/Saved/Config/Windows/Scalability.ini]
[2025.05.28-11.35.33:973][  0]LogConfig: Setting CVar [[r.TranslucencyLightingVolumeDim:64]]
[2025.05.28-11.35.33:973][  0]LogConfig: Setting CVar [[r.RefractionQuality:2]]
[2025.05.28-11.35.33:973][  0]LogConfig: Setting CVar [[r.SSR.Quality:3]]
[2025.05.28-11.35.33:973][  0]LogConfig: Setting CVar [[r.SSR.HalfResSceneColor:0]]
[2025.05.28-11.35.33:973][  0]LogConfig: Setting CVar [[r.SceneColorFormat:4]]
[2025.05.28-11.35.33:973][  0]LogConfig: Setting CVar [[r.DetailMode:2]]
[2025.05.28-11.35.33:973][  0]LogConfig: Setting CVar [[r.TranslucencyVolumeBlur:1]]
[2025.05.28-11.35.33:973][  0]LogConfig: Setting CVar [[r.MaterialQualityLevel:1 ; High quality]]
[2025.05.28-11.35.33:973][  0]LogConfig: Setting CVar [[r.AnisotropicMaterials:1]]
[2025.05.28-11.35.33:973][  0]LogConfig: Setting CVar [[r.SSS.Scale:1]]
[2025.05.28-11.35.33:973][  0]LogConfig: Setting CVar [[r.SSS.SampleSet:2]]
[2025.05.28-11.35.33:973][  0]LogConfig: Setting CVar [[r.SSS.Quality:1]]
[2025.05.28-11.35.33:973][  0]LogConfig: Setting CVar [[r.SSS.HalfRes:0]]
[2025.05.28-11.35.33:973][  0]LogConfig: Setting CVar [[r.SSGI.Quality:3]]
[2025.05.28-11.35.33:973][  0]LogConfig: Setting CVar [[r.EmitterSpawnRateScale:1.0]]
[2025.05.28-11.35.33:973][  0]LogConfig: Setting CVar [[r.ParticleLightQuality:2]]
[2025.05.28-11.35.33:973][  0]LogConfig: Setting CVar [[r.SkyAtmosphere.AerialPerspectiveLUT.FastApplyOnOpaque:1 ; Always have FastSkyLUT 1 in this case to avoid wrong sky]]
[2025.05.28-11.35.33:973][  0]LogConfig: Setting CVar [[r.SkyAtmosphere.AerialPerspectiveLUT.SampleCountMaxPerSlice:4]]
[2025.05.28-11.35.33:973][  0]LogConfig: Setting CVar [[r.SkyAtmosphere.AerialPerspectiveLUT.DepthResolution:16.0]]
[2025.05.28-11.35.33:973][  0]LogConfig: Setting CVar [[r.SkyAtmosphere.FastSkyLUT:1]]
[2025.05.28-11.35.33:973][  0]LogConfig: Setting CVar [[r.SkyAtmosphere.FastSkyLUT.SampleCountMin:4.0]]
[2025.05.28-11.35.33:973][  0]LogConfig: Setting CVar [[r.SkyAtmosphere.FastSkyLUT.SampleCountMax:128.0]]
[2025.05.28-11.35.33:973][  0]LogConfig: Setting CVar [[r.SkyAtmosphere.SampleCountMin:4.0]]
[2025.05.28-11.35.33:973][  0]LogConfig: Setting CVar [[r.SkyAtmosphere.SampleCountMax:128.0]]
[2025.05.28-11.35.33:973][  0]LogConfig: Setting CVar [[r.SkyAtmosphere.TransmittanceLUT.UseSmallFormat:0]]
[2025.05.28-11.35.33:973][  0]LogConfig: Setting CVar [[r.SkyAtmosphere.TransmittanceLUT.SampleCount:10.0]]
[2025.05.28-11.35.33:973][  0]LogConfig: Setting CVar [[r.SkyAtmosphere.MultiScatteringLUT.SampleCount:15.0]]
[2025.05.28-11.35.33:973][  0]LogConfig: Setting CVar [[r.SkyLight.RealTimeReflectionCapture:1]]
[2025.05.28-11.35.33:973][  0]LogConfig: Applying CVar settings from Section [FoliageQuality@3] File [C:/Users/sasha/Documents/GitHub/unreal_project/Saved/Config/Windows/Scalability.ini]
[2025.05.28-11.35.33:973][  0]LogConfig: Setting CVar [[foliage.DensityScale:1.0]]
[2025.05.28-11.35.33:973][  0]LogConfig: Setting CVar [[grass.DensityScale:1.0]]
[2025.05.28-11.35.33:973][  0]LogConfig: Applying CVar settings from Section [ShadingQuality@3] File [C:/Users/sasha/Documents/GitHub/unreal_project/Saved/Config/Windows/Scalability.ini]
[2025.05.28-11.35.33:973][  0]LogConfig: Setting CVar [[r.HairStrands.SkyLighting.IntegrationType:2]]
[2025.05.28-11.35.33:973][  0]LogConfig: Setting CVar [[r.HairStrands.SkyAO.SampleCount:4]]
[2025.05.28-11.35.33:973][  0]LogConfig: Setting CVar [[r.HairStrands.Visibility.MSAA.SamplePerPixel:4]]
[2025.05.28-11.35.33:973][  0]LogInit: Selected Device Profile: [Windows]
[2025.05.28-11.35.33:973][  0]LogInit: Applying CVar settings loaded from the selected device profile: [Windows]
[2025.05.28-11.35.33:973][  0]LogHAL: Display: Platform has ~ 32 GB [34046914560 / 34359738368 / 32], which maps to Largest [LargestMinGB=32, LargerMinGB=12, DefaultMinGB=8, SmallerMinGB=6, SmallestMinGB=0)
[2025.05.28-11.35.33:973][  0]LogInit: Going up to parent DeviceProfile []
[2025.05.28-11.35.33:973][  0]LogConfig: Applying CVar settings from Section [ViewDistanceQuality@1] File [C:/Users/sasha/Documents/GitHub/unreal_project/Saved/Config/Windows/Scalability.ini]
[2025.05.28-11.35.33:973][  0]LogConfig: Setting CVar [[r.SkeletalMeshLODBias:1]]
[2025.05.28-11.35.33:973][  0]LogConfig: Setting CVar [[r.ViewDistanceScale:0.6]]
[2025.05.28-11.35.33:973][  0]LogConfig: Applying CVar settings from Section [AntiAliasingQuality@1] File [C:/Users/sasha/Documents/GitHub/unreal_project/Saved/Config/Windows/Scalability.ini]
[2025.05.28-11.35.33:973][  0]LogConfig: Setting CVar [[r.PostProcessAAQuality:2]]
[2025.05.28-11.35.33:973][  0]LogConfig: Applying CVar settings from Section [ShadowQuality@1] File [C:/Users/sasha/Documents/GitHub/unreal_project/Saved/Config/Windows/Scalability.ini]
[2025.05.28-11.35.33:973][  0]LogConfig: Setting CVar [[r.LightFunctionQuality:1]]
[2025.05.28-11.35.33:973][  0]LogConfig: Setting CVar [[r.ShadowQuality:3]]
[2025.05.28-11.35.33:973][  0]LogConfig: Setting CVar [[r.Shadow.CSM.MaxCascades:1]]
[2025.05.28-11.35.33:973][  0]LogConfig: Setting CVar [[r.Shadow.MaxResolution:1024]]
[2025.05.28-11.35.33:973][  0]LogConfig: Setting CVar [[r.Shadow.MaxCSMResolution:1024]]
[2025.05.28-11.35.33:973][  0]LogConfig: Setting CVar [[r.Shadow.RadiusThreshold:0.05]]
[2025.05.28-11.35.33:973][  0]LogConfig: Setting CVar [[r.Shadow.DistanceScale:0.7]]
[2025.05.28-11.35.33:973][  0]LogConfig: Setting CVar [[r.Shadow.CSM.TransitionScale:0.25]]
[2025.05.28-11.35.33:973][  0]LogConfig: Setting CVar [[r.Shadow.PreShadowResolutionFactor:0.5]]
[2025.05.28-11.35.33:973][  0]LogConfig: Setting CVar [[r.DistanceFieldShadowing:0]]
[2025.05.28-11.35.33:973][  0]LogConfig: Setting CVar [[r.DistanceFieldAO:0]]
[2025.05.28-11.35.33:973][  0]LogConfig: Setting CVar [[r.VolumetricFog:0]]
[2025.05.28-11.35.33:973][  0]LogConfig: Setting CVar [[r.LightMaxDrawDistanceScale:.5]]
[2025.05.28-11.35.33:973][  0]LogConfig: Setting CVar [[r.CapsuleShadows:1]]
[2025.05.28-11.35.33:973][  0]LogConfig: Applying CVar settings from Section [PostProcessQuality@1] File [C:/Users/sasha/Documents/GitHub/unreal_project/Saved/Config/Windows/Scalability.ini]
[2025.05.28-11.35.33:973][  0]LogConfig: Setting CVar [[r.MotionBlurQuality:3]]
[2025.05.28-11.35.33:973][  0]LogConfig: Setting CVar [[r.AmbientOcclusionMipLevelFactor:1.0]]
[2025.05.28-11.35.33:973][  0]LogConfig: Setting CVar [[r.AmbientOcclusionMaxQuality:60]]
[2025.05.28-11.35.33:974][  0]LogConfig: Setting CVar [[r.AmbientOcclusionLevels:-1]]
[2025.05.28-11.35.33:974][  0]LogConfig: Setting CVar [[r.AmbientOcclusionRadiusScale:1.5]]
[2025.05.28-11.35.33:974][  0]LogConfig: Setting CVar [[r.DepthOfFieldQuality:1]]
[2025.05.28-11.35.33:974][  0]LogConfig: Setting CVar [[r.RenderTargetPoolMin:350]]
[2025.05.28-11.35.33:974][  0]LogConfig: Setting CVar [[r.LensFlareQuality:0]]
[2025.05.28-11.35.33:974][  0]LogConfig: Setting CVar [[r.SceneColorFringeQuality:0]]
[2025.05.28-11.35.33:974][  0]LogConfig: Setting CVar [[r.EyeAdaptationQuality:2]]
[2025.05.28-11.35.33:974][  0]LogConfig: Setting CVar [[r.BloomQuality:4]]
[2025.05.28-11.35.33:974][  0]LogConfig: Setting CVar [[r.FastBlurThreshold:2]]
[2025.05.28-11.35.33:974][  0]LogConfig: Setting CVar [[r.Upscale.Quality:2]]
[2025.05.28-11.35.33:974][  0]LogConfig: Setting CVar [[r.Tonemapper.GrainQuantization:0]]
[2025.05.28-11.35.33:974][  0]LogConfig: Setting CVar [[r.LightShaftQuality:0]]
[2025.05.28-11.35.33:974][  0]LogConfig: Setting CVar [[r.Filter.SizeScale:0.7]]
[2025.05.28-11.35.33:974][  0]LogConfig: Setting CVar [[r.Tonemapper.Quality:2]]
[2025.05.28-11.35.33:974][  0]LogConfig: Setting CVar [[r.DOF.Gather.AccumulatorQuality:0        ; lower gathering accumulator quality]]
[2025.05.28-11.35.33:974][  0]LogConfig: Setting CVar [[r.DOF.Gather.PostfilterMethod:2          ; Max3x3 postfilering method]]
[2025.05.28-11.35.33:974][  0]LogConfig: Setting CVar [[r.DOF.Gather.EnableBokehSettings:0       ; no bokeh simulation when gathering]]
[2025.05.28-11.35.33:974][  0]LogConfig: Setting CVar [[r.DOF.Gather.RingCount:3                 ; low number of samples when gathering]]
[2025.05.28-11.35.33:974][  0]LogConfig: Setting CVar [[r.DOF.Scatter.ForegroundCompositing:0    ; no foreground scattering]]
[2025.05.28-11.35.33:974][  0]LogConfig: Setting CVar [[r.DOF.Scatter.BackgroundCompositing:0    ; no foreground scattering]]
[2025.05.28-11.35.33:974][  0]LogConfig: Setting CVar [[r.DOF.Recombine.Quality:0                ; no slight out of focus]]
[2025.05.28-11.35.33:974][  0]LogConfig: Setting CVar [[r.DOF.TemporalAAQuality:0                ; faster temporal accumulation]]
[2025.05.28-11.35.33:974][  0]LogConfig: Setting CVar [[r.DOF.Kernel.MaxForegroundRadius:0.006   ; required because low gathering and no scattering and not looking great at 1080p]]
[2025.05.28-11.35.33:974][  0]LogConfig: Setting CVar [[r.DOF.Kernel.MaxBackgroundRadius:0.006   ; required because low gathering and no scattering and not looking great at 1080p]]
[2025.05.28-11.35.33:974][  0]LogConfig: Applying CVar settings from Section [TextureQuality@1] File [C:/Users/sasha/Documents/GitHub/unreal_project/Saved/Config/Windows/Scalability.ini]
[2025.05.28-11.35.33:974][  0]LogConfig: Setting CVar [[r.Streaming.MipBias:1]]
[2025.05.28-11.35.33:974][  0]LogConfig: Setting CVar [[r.Streaming.AmortizeCPUToGPUCopy:0]]
[2025.05.28-11.35.33:974][  0]LogConfig: Setting CVar [[r.Streaming.MaxNumTexturesToStreamPerFrame:0]]
[2025.05.28-11.35.33:974][  0]LogConfig: Setting CVar [[r.Streaming.Boost:1]]
[2025.05.28-11.35.33:974][  0]LogConfig: Setting CVar [[r.MaxAnisotropy:2]]
[2025.05.28-11.35.33:974][  0]LogConfig: Setting CVar [[r.VT.MaxAnisotropy:4]]
[2025.05.28-11.35.33:974][  0]LogConfig: Setting CVar [[r.Streaming.LimitPoolSizeToVRAM:1]]
[2025.05.28-11.35.33:974][  0]LogConfig: Setting CVar [[r.Streaming.PoolSize:600]]
[2025.05.28-11.35.33:974][  0]LogConfig: Setting CVar [[r.Streaming.MaxEffectiveScreenSize:0]]
[2025.05.28-11.35.33:974][  0]LogConfig: Applying CVar settings from Section [EffectsQuality@1] File [C:/Users/sasha/Documents/GitHub/unreal_project/Saved/Config/Windows/Scalability.ini]
[2025.05.28-11.35.33:974][  0]LogConfig: Setting CVar [[r.TranslucencyLightingVolumeDim:32]]
[2025.05.28-11.35.33:974][  0]LogConfig: Setting CVar [[r.RefractionQuality:0]]
[2025.05.28-11.35.33:974][  0]LogConfig: Setting CVar [[r.SSR.Quality:0]]
[2025.05.28-11.35.33:974][  0]LogConfig: Setting CVar [[r.SSR.HalfResSceneColor:1]]
[2025.05.28-11.35.33:974][  0]LogConfig: Setting CVar [[r.SceneColorFormat:3]]
[2025.05.28-11.35.33:974][  0]LogConfig: Setting CVar [[r.DetailMode:1]]
[2025.05.28-11.35.33:974][  0]LogConfig: Setting CVar [[r.TranslucencyVolumeBlur:0]]
[2025.05.28-11.35.33:974][  0]LogConfig: Setting CVar [[r.MaterialQualityLevel:2 ; Medium quality]]
[2025.05.28-11.35.33:974][  0]LogConfig: Setting CVar [[r.AnisotropicMaterials:0]]
[2025.05.28-11.35.33:974][  0]LogConfig: Setting CVar [[r.SSS.Scale:0.75]]
[2025.05.28-11.35.33:974][  0]LogConfig: Setting CVar [[r.SSS.SampleSet:0]]
[2025.05.28-11.35.33:974][  0]LogConfig: Setting CVar [[r.SSS.Quality:0]]
[2025.05.28-11.35.33:974][  0]LogConfig: Setting CVar [[r.SSS.HalfRes:1]]
[2025.05.28-11.35.33:974][  0]LogConfig: Setting CVar [[r.SSGI.Quality:1]]
[2025.05.28-11.35.33:974][  0]LogConfig: Setting CVar [[r.EmitterSpawnRateScale:0.25]]
[2025.05.28-11.35.33:974][  0]LogConfig: Setting CVar [[r.ParticleLightQuality:0]]
[2025.05.28-11.35.33:974][  0]LogConfig: Setting CVar [[r.SkyAtmosphere.AerialPerspectiveLUT.FastApplyOnOpaque:1 ; Always have FastSkyLUT 1 in this case to avoid wrong sky]]
[2025.05.28-11.35.33:974][  0]LogConfig: Setting CVar [[r.SkyAtmosphere.AerialPerspectiveLUT.SampleCountMaxPerSlice:1]]
[2025.05.28-11.35.33:974][  0]LogConfig: Setting CVar [[r.SkyAtmosphere.AerialPerspectiveLUT.DepthResolution:16.0]]
[2025.05.28-11.35.33:974][  0]LogConfig: Setting CVar [[r.SkyAtmosphere.FastSkyLUT:1]]
[2025.05.28-11.35.33:974][  0]LogConfig: Setting CVar [[r.SkyAtmosphere.FastSkyLUT.SampleCountMin:4.0]]
[2025.05.28-11.35.33:974][  0]LogConfig: Setting CVar [[r.SkyAtmosphere.FastSkyLUT.SampleCountMax:32.0]]
[2025.05.28-11.35.33:974][  0]LogConfig: Setting CVar [[r.SkyAtmosphere.SampleCountMin:4.0]]
[2025.05.28-11.35.33:974][  0]LogConfig: Setting CVar [[r.SkyAtmosphere.SampleCountMax:32.0]]
[2025.05.28-11.35.33:974][  0]LogConfig: Setting CVar [[r.SkyAtmosphere.TransmittanceLUT.UseSmallFormat:0]]
[2025.05.28-11.35.33:974][  0]LogConfig: Setting CVar [[r.SkyAtmosphere.TransmittanceLUT.SampleCount:10.0]]
[2025.05.28-11.35.33:974][  0]LogConfig: Setting CVar [[r.SkyAtmosphere.MultiScatteringLUT.SampleCount:15.0]]
[2025.05.28-11.35.33:974][  0]LogConfig: Setting CVar [[r.SkyLight.RealTimeReflectionCapture:0]]
[2025.05.28-11.35.33:974][  0]LogConfig: Applying CVar settings from Section [FoliageQuality@1] File [C:/Users/sasha/Documents/GitHub/unreal_project/Saved/Config/Windows/Scalability.ini]
[2025.05.28-11.35.33:974][  0]LogConfig: Setting CVar [[foliage.DensityScale:0.4]]
[2025.05.28-11.35.33:974][  0]LogConfig: Setting CVar [[grass.DensityScale:0.4]]
[2025.05.28-11.35.33:974][  0]LogConfig: Applying CVar settings from Section [ShadingQuality@1] File [C:/Users/sasha/Documents/GitHub/unreal_project/Saved/Config/Windows/Scalability.ini]
[2025.05.28-11.35.33:974][  0]LogConfig: Setting CVar [[r.HairStrands.SkyLighting.IntegrationType:2]]
[2025.05.28-11.35.33:974][  0]LogConfig: Setting CVar [[r.HairStrands.SkyAO.SampleCount:4]]
[2025.05.28-11.35.33:974][  0]LogConfig: Setting CVar [[r.HairStrands.Visibility.MSAA.SamplePerPixel:1]]
[2025.05.28-11.35.33:974][  0]LogConfig: Applying CVar settings from Section [Startup] File [../../../Engine/Config/ConsoleVariables.ini]
[2025.05.28-11.35.33:975][  0]LogConfig: Setting CVar [[net.UseAdaptiveNetUpdateFrequency:0]]
[2025.05.28-11.35.33:975][  0]LogConfig: Setting CVar [[p.chaos.AllowCreatePhysxBodies:1]]
[2025.05.28-11.35.33:975][  0]LogConfig: Setting CVar [[fx.SkipVectorVMBackendOptimizations:1]]
[2025.05.28-11.35.33:975][  0]LogConfig: Applying CVar settings from Section [ConsoleVariables] File [C:/Users/sasha/Documents/GitHub/unreal_project/Saved/Config/Windows/Engine.ini]
[2025.05.28-11.35.33:975][  0]LogConfig: Applying CVar settings from Section [ConsoleVariables] File [C:/Users/sasha/Documents/GitHub/unreal_project/Saved/Config/Windows/Editor.ini]
[2025.05.28-11.35.33:975][  0]LogInit: Computer: ALEXF
[2025.05.28-11.35.33:975][  0]LogInit: User: sasha
[2025.05.28-11.35.33:975][  0]LogInit: CPU Page size=4096, Cores=6
[2025.05.28-11.35.33:975][  0]LogInit: High frequency timer resolution =10.000000 MHz
[2025.05.28-11.35.33:975][  0]LogMemory: Memory total: Physical=31.7GB (32GB approx)
[2025.05.28-11.35.33:975][  0]LogMemory: Platform Memory Stats for Windows
[2025.05.28-11.35.33:975][  0]LogMemory: Process Physical Memory: 147.89 MB used, 147.89 MB peak
[2025.05.28-11.35.33:975][  0]LogMemory: Process Virtual Memory: 129.83 MB used, 129.83 MB peak
[2025.05.28-11.35.33:975][  0]LogMemory: Physical Memory: 8250.94 MB used,  24218.73 MB free, 32469.67 MB total
[2025.05.28-11.35.33:975][  0]LogMemory: Virtual Memory: 134188632.00 MB used,  29093.34 MB free, 134217728.00 MB total
[2025.05.28-11.35.34:015][  0]LogWindows: WindowsPlatformFeatures enabled
[2025.05.28-11.35.34:063][  0]LogInit: Physics initialised using underlying interface: PhysX
[2025.05.28-11.35.34:063][  0]LogInit: Using OS detected language (ru-RU).
[2025.05.28-11.35.34:063][  0]LogInit: Using OS detected locale (ru-RU).
[2025.05.28-11.35.34:067][  0]LogTextLocalizationManager: No specific localization for 'ru-RU' exists, so the 'ru' localization will be used.
[2025.05.28-11.35.34:069][  0]LogTextLocalizationResource: LocRes '../../../Engine/Content/Localization/Editor/ru/Editor.locres' could not be opened for reading!
[2025.05.28-11.35.34:069][  0]LogTextLocalizationResource: LocRes '../../../Engine/Content/Localization/EditorTutorials/ru/EditorTutorials.locres' could not be opened for reading!
[2025.05.28-11.35.34:069][  0]LogTextLocalizationResource: LocRes '../../../Engine/Content/Localization/Keywords/ru/Keywords.locres' could not be opened for reading!
[2025.05.28-11.35.34:069][  0]LogTextLocalizationResource: LocRes '../../../Engine/Content/Localization/Category/ru/Category.locres' could not be opened for reading!
[2025.05.28-11.35.34:069][  0]LogTextLocalizationResource: LocRes '../../../Engine/Content/Localization/ToolTips/ru/ToolTips.locres' could not be opened for reading!
[2025.05.28-11.35.34:069][  0]LogTextLocalizationResource: LocRes '../../../Engine/Content/Localization/PropertyNames/ru/PropertyNames.locres' could not be opened for reading!
[2025.05.28-11.35.34:069][  0]LogTextLocalizationResource: LocRes '../../../Engine/Content/Localization/Engine/ru/Engine.locres' could not be opened for reading!
[2025.05.28-11.35.34:070][  0]LogInit: Setting process to per monitor DPI aware
[2025.05.28-11.35.34:086][  0]LogWindowsTextInputMethodSystem: Display: IME system deactivated.
[2025.05.28-11.35.34:101][  0]LogSlate: New Slate User Created.  User Index 0, Is Virtual User: 0
[2025.05.28-11.35.34:101][  0]LogSlate: Slate User Registered.  User Index 0, Is Virtual User: 0
[2025.05.28-11.35.34:301][  0]LogD3D11RHI: Loaded GFSDK_Aftermath_Lib.x64.dll
[2025.05.28-11.35.34:397][  0]LogHMD: Optional extension XR_VARJO_quad_views is not available
[2025.05.28-11.35.34:443][  0]LogHMD: Failed to create an OpenXR instance, result is XR_ERROR_RUNTIME_FAILURE. Please check if you have an OpenXR runtime installed. The following extensions were enabled:
[2025.05.28-11.35.34:443][  0]LogHMD: - XR_KHR_D3D11_enable
[2025.05.28-11.35.34:443][  0]LogHMD: - XR_KHR_D3D12_enable
[2025.05.28-11.35.34:443][  0]LogHMD: - XR_KHR_opengl_enable
[2025.05.28-11.35.34:443][  0]LogHMD: - XR_KHR_vulkan_enable
[2025.05.28-11.35.34:443][  0]LogHMD: - XR_KHR_composition_layer_depth
[2025.05.28-11.35.34:443][  0]LogHMD: - XR_KHR_visibility_mask
[2025.05.28-11.35.34:443][  0]LogHMD: - XR_EXT_hand_tracking
[2025.05.28-11.35.34:443][  0]LogHMD: - XR_EXT_eye_gaze_interaction
[2025.05.28-11.35.34:443][  0]LogD3D11RHI: D3D11 min allowed feature level: 11_0
[2025.05.28-11.35.34:443][  0]LogD3D11RHI: D3D11 max allowed feature level: 11_0
[2025.05.28-11.35.34:443][  0]LogD3D11RHI: D3D11 adapters:
[2025.05.28-11.35.34:626][  0]LogD3D11RHI:    0. 'NVIDIA GeForce RTX 3050 Ti Laptop GPU' (Feature Level 11_0)
[2025.05.28-11.35.34:626][  0]LogD3D11RHI:       3965/0/16234 MB DedicatedVideo/DedicatedSystem/SharedSystem, Outputs:1, VendorId:0x10de
[2025.05.28-11.35.34:663][  0]LogD3D11RHI:    1. 'Intel(R) UHD Graphics' (Feature Level 11_0)
[2025.05.28-11.35.34:663][  0]LogD3D11RHI:       128/0/16234 MB DedicatedVideo/DedicatedSystem/SharedSystem, Outputs:0, VendorId:0x8086
[2025.05.28-11.35.34:667][  0]LogD3D11RHI:    2. 'Microsoft Basic Render Driver' (Feature Level 11_0)
[2025.05.28-11.35.34:667][  0]LogD3D11RHI:       0/0/16234 MB DedicatedVideo/DedicatedSystem/SharedSystem, Outputs:0, VendorId:0x1414
[2025.05.28-11.35.34:667][  0]LogD3D11RHI: Chosen D3D11 Adapter:
[2025.05.28-11.35.34:667][  0]LogD3D11RHI:     Description : NVIDIA GeForce RTX 3050 Ti Laptop GPU
[2025.05.28-11.35.34:667][  0]LogD3D11RHI:     VendorId    : 10de
[2025.05.28-11.35.34:667][  0]LogD3D11RHI:     DeviceId    : 25a0
[2025.05.28-11.35.34:667][  0]LogD3D11RHI:     SubSysId    : 132e1462
[2025.05.28-11.35.34:667][  0]LogD3D11RHI:     Revision    : 00a1
[2025.05.28-11.35.34:667][  0]LogD3D11RHI:     DedicatedVideoMemory : 4157603840 bytes
[2025.05.28-11.35.34:667][  0]LogD3D11RHI:     DedicatedSystemMemory : 0 bytes
[2025.05.28-11.35.34:667][  0]LogD3D11RHI:     SharedSystemMemory : 17023457280 bytes
[2025.05.28-11.35.34:667][  0]LogD3D11RHI:     AdapterLuid : 0 58710
[2025.05.28-11.35.34:673][  0]LogD3D11RHI: Creating new Direct3DDevice
[2025.05.28-11.35.34:673][  0]LogD3D11RHI:     GPU DeviceId: 0x25a0 (for the marketing name, search the web for "GPU Device Id")
[2025.05.28-11.35.34:673][  0]LogWindows: EnumDisplayDevices:
[2025.05.28-11.35.34:673][  0]LogWindows:    0. 'Intel(R) UHD Graphics' (P:1 D:1)
[2025.05.28-11.35.34:674][  0]LogWindows:    1. 'Intel(R) UHD Graphics' (P:0 D:0)
[2025.05.28-11.35.34:674][  0]LogWindows:    2. 'Intel(R) UHD Graphics' (P:0 D:0)
[2025.05.28-11.35.34:675][  0]LogWindows:    3. 'Intel(R) UHD Graphics' (P:0 D:0)
[2025.05.28-11.35.34:675][  0]LogWindows: DebugString: PrimaryIsNotTheChoosenAdapter PrimaryIsNotTheChoosenAdapter PrimaryIsNotTheChoosenAdapter PrimaryIsNotTheChoosenAdapter FoundDriverCount:0 
[2025.05.28-11.35.34:675][  0]LogD3D11RHI:     Adapter Name: NVIDIA GeForce RTX 3050 Ti Laptop GPU
[2025.05.28-11.35.34:675][  0]LogD3D11RHI:   Driver Version: Unknown (internal:Unknown, unified:Unknown)
[2025.05.28-11.35.34:675][  0]LogD3D11RHI:      Driver Date: Unknown
[2025.05.28-11.35.34:675][  0]LogRHI: Texture pool is 2775 MB (70% of 3965 MB)
[2025.05.28-11.35.34:675][  0]LogD3D11RHI: Creating D3DDevice using adapter:
[2025.05.28-11.35.34:675][  0]LogD3D11RHI:     Description : NVIDIA GeForce RTX 3050 Ti Laptop GPU
[2025.05.28-11.35.34:675][  0]LogD3D11RHI:     VendorId    : 10de
[2025.05.28-11.35.34:675][  0]LogD3D11RHI:     DeviceId    : 25a0
[2025.05.28-11.35.34:675][  0]LogD3D11RHI:     SubSysId    : 132e1462
[2025.05.28-11.35.34:675][  0]LogD3D11RHI:     Revision    : 00a1
[2025.05.28-11.35.34:675][  0]LogD3D11RHI:     DedicatedVideoMemory : 4157603840 bytes
[2025.05.28-11.35.34:675][  0]LogD3D11RHI:     DedicatedSystemMemory : 0 bytes
[2025.05.28-11.35.34:675][  0]LogD3D11RHI:     SharedSystemMemory : 17023457280 bytes
[2025.05.28-11.35.34:675][  0]LogD3D11RHI:     AdapterLuid : 0 58710
[2025.05.28-11.35.34:792][  0]LogD3D11RHI: RHI has support for 64 bit atomics
[2025.05.28-11.35.34:792][  0]LogD3D11RHI: Async texture creation enabled
[2025.05.28-11.35.34:792][  0]LogD3D11RHI: Array index from any shader is supported
[2025.05.28-11.35.34:816][  0]LogD3D11RHI: GPU Timing Frequency: 1000.000000 (Debug: 2 2)
[2025.05.28-11.35.34:849][  0]LogRHI: GeForceNow SDK initialized: 1
[2025.05.28-11.35.35:235][  0]LogTargetPlatformManager: Display: Loaded TargetPlatform 'AllDesktop'
[2025.05.28-11.35.35:260][  0]LogTargetPlatformManager: Display: Loaded TargetPlatform 'Android'
[2025.05.28-11.35.35:260][  0]LogTargetPlatformManager: Display: Loaded TargetPlatform 'Android_ASTC'
[2025.05.28-11.35.35:260][  0]LogTargetPlatformManager: Display: Loaded TargetPlatform 'Android_DXT'
[2025.05.28-11.35.35:260][  0]LogTargetPlatformManager: Display: Loaded TargetPlatform 'Android_ETC2'
[2025.05.28-11.35.35:260][  0]LogTargetPlatformManager: Display: Loaded TargetPlatform 'AndroidClient'
[2025.05.28-11.35.35:260][  0]LogTargetPlatformManager: Display: Loaded TargetPlatform 'Android_ASTCClient'
[2025.05.28-11.35.35:260][  0]LogTargetPlatformManager: Display: Loaded TargetPlatform 'Android_DXTClient'
[2025.05.28-11.35.35:260][  0]LogTargetPlatformManager: Display: Loaded TargetPlatform 'Android_ETC2Client'
[2025.05.28-11.35.35:260][  0]LogTargetPlatformManager: Display: Loaded TargetPlatform 'Android_Multi'
[2025.05.28-11.35.35:260][  0]LogTargetPlatformManager: Display: Loaded TargetPlatform 'Android_MultiClient'
[2025.05.28-11.35.35:279][  0]LogTargetPlatformManager: Display: Loaded TargetPlatform 'IOSClient'
[2025.05.28-11.35.35:279][  0]LogTargetPlatformManager: Display: Loaded TargetPlatform 'IOS'
[2025.05.28-11.35.35:290][  0]LogTargetPlatformManager: Display: Loaded TargetPlatform 'Linux'
[2025.05.28-11.35.35:295][  0]LogTargetPlatformManager: Display: Loaded TargetPlatform 'LinuxNoEditor'
[2025.05.28-11.35.35:299][  0]LogTargetPlatformManager: Display: Loaded TargetPlatform 'LinuxClient'
[2025.05.28-11.35.35:304][  0]LogTargetPlatformManager: Display: Loaded TargetPlatform 'LinuxServer'
[2025.05.28-11.35.35:314][  0]LogTargetPlatformManager: Display: Loaded TargetPlatform 'LinuxAArch64NoEditor'
[2025.05.28-11.35.35:319][  0]LogTargetPlatformManager: Display: Loaded TargetPlatform 'LinuxAArch64Client'
[2025.05.28-11.35.35:323][  0]LogTargetPlatformManager: Display: Loaded TargetPlatform 'LinuxAArch64Server'
[2025.05.28-11.35.35:355][  0]LogTargetPlatformManager: Display: Loaded TargetPlatform 'Lumin'
[2025.05.28-11.35.35:355][  0]LogTargetPlatformManager: Display: Loaded TargetPlatform 'LuminClient'
[2025.05.28-11.35.35:365][  0]LogTargetPlatformManager: Display: Loaded TargetPlatform 'MacNoEditor'
[2025.05.28-11.35.35:370][  0]LogTargetPlatformManager: Display: Loaded TargetPlatform 'Mac'
[2025.05.28-11.35.35:375][  0]LogTargetPlatformManager: Display: Loaded TargetPlatform 'MacClient'
[2025.05.28-11.35.35:380][  0]LogTargetPlatformManager: Display: Loaded TargetPlatform 'MacServer'
[2025.05.28-11.35.35:391][  0]LogTargetPlatformManager: Display: Loaded TargetPlatform 'TVOSClient'
[2025.05.28-11.35.35:391][  0]LogTargetPlatformManager: Display: Loaded TargetPlatform 'TVOS'
[2025.05.28-11.35.35:400][  0]LogTargetPlatformManager: Display: Loaded TargetPlatform 'WindowsNoEditor'
[2025.05.28-11.35.35:406][  0]LogTargetPlatformManager: Display: Loaded TargetPlatform 'Windows'
[2025.05.28-11.35.35:411][  0]LogTargetPlatformManager: Display: Loaded TargetPlatform 'WindowsClient'
[2025.05.28-11.35.35:415][  0]LogTargetPlatformManager: Display: Loaded TargetPlatform 'WindowsServer'
[2025.05.28-11.35.35:415][  0]LogTargetPlatformManager: Display: Building Assets For Windows
[2025.05.28-11.35.35:423][  0]LogAudioDebug: Display: Lib vorbis DLL was dynamically loaded.
[2025.05.28-11.35.35:456][  0]LogTextureFormatOodle: Display: Oodle Texture 2.9.0 init RDO Off
[2025.05.28-11.35.35:491][  0]LogRendererCore: Ray tracing is disabled. Reason: r.RayTracing=0.
[2025.05.28-11.35.35:491][  0]LogShaderCompilers: Guid format shader working directory is -16 characters bigger than the processId version (../../../../../../Users/sasha/Documents/GitHub/unreal_project/Intermediate/Shaders/WorkingDirectory/14156/).
[2025.05.28-11.35.35:491][  0]LogShaderCompilers: Cleaned the shader compiler working directory 'C:/Users/sasha/AppData/Local/Temp/UnrealShaderWorkingDir/9516CE044D2D55E589B82DB02FCE3A33/'.
[2025.05.28-11.35.35:491][  0]LogXGEController: Cannot use XGE Controller as Incredibuild is not installed on this machine.
[2025.05.28-11.35.35:491][  0]LogShaderCompilers: Cannot use XGE Shader Compiler as Incredibuild is not installed on this machine.
[2025.05.28-11.35.35:492][  0]LogShaderCompilers: Display: Using Local Shader Compiler.
[2025.05.28-11.35.36:354][  0]LogDerivedDataCache: Display: Max Cache Size: 512 MB
[2025.05.28-11.35.36:438][  0]LogDerivedDataCache: Loaded boot cache 0.08s 151MB C:/Users/sasha/AppData/Local/UnrealEngine/4.27/DerivedDataCache/Boot.ddc.
[2025.05.28-11.35.36:438][  0]LogDerivedDataCache: Display: Loaded Boot cache: C:/Users/sasha/AppData/Local/UnrealEngine/4.27/DerivedDataCache/Boot.ddc
[2025.05.28-11.35.36:438][  0]LogDerivedDataCache: FDerivedDataBackendGraph:  Pak pak cache file ../../../../../../Users/sasha/Documents/GitHub/unreal_project/DerivedDataCache/DDC.ddp not found, will not use a pak cache.
[2025.05.28-11.35.36:438][  0]LogDerivedDataCache: Unable to find inner node Pak for hierarchical cache Hierarchy.
[2025.05.28-11.35.36:439][  0]LogDerivedDataCache: FDerivedDataBackendGraph:  CompressedPak pak cache file ../../../../../../Users/sasha/Documents/GitHub/unreal_project/DerivedDataCache/Compressed.ddp not found, will not use a pak cache.
[2025.05.28-11.35.36:439][  0]LogDerivedDataCache: Unable to find inner node CompressedPak for hierarchical cache Hierarchy.
[2025.05.28-11.35.36:456][  0]LogDerivedDataCache: Display: Pak cache opened for reading ../../../Engine/DerivedDataCache/Compressed.ddp.
[2025.05.28-11.35.36:456][  0]LogDerivedDataCache: FDerivedDataBackendGraph:  EnterprisePak pak cache file ../../../Enterprise/DerivedDataCache/Compressed.ddp not found, will not use a pak cache.
[2025.05.28-11.35.36:456][  0]LogDerivedDataCache: Unable to find inner node EnterprisePak for hierarchical cache Hierarchy.
[2025.05.28-11.35.36:469][  0]LogDerivedDataCache: Speed tests for C:/Users/sasha/AppData/Local/UnrealEngine/Common/DerivedDataCache took 0.01 seconds
[2025.05.28-11.35.36:469][  0]LogDerivedDataCache: Display: Performance to C:/Users/sasha/AppData/Local/UnrealEngine/Common/DerivedDataCache: Latency=0.02ms. RandomReadSpeed=784.41MBs, RandomWriteSpeed=86.28MBs. Assigned SpeedClass 'Local'
[2025.05.28-11.35.36:470][  0]LogDerivedDataCache: Using Local data cache path C:/Users/sasha/AppData/Local/UnrealEngine/Common/DerivedDataCache: Writable
[2025.05.28-11.35.36:470][  0]LogDerivedDataCache: Shared data cache path not found in *engine.ini, will not use an Shared cache.
[2025.05.28-11.35.36:470][  0]LogDerivedDataCache: Unable to find inner node Shared for hierarchical cache Hierarchy.
[2025.05.28-11.35.36:534][  0]LogSlate: Using FreeType 2.10.0
[2025.05.28-11.35.36:534][  0]LogSlate: SlateFontServices - WITH_FREETYPE: 1, WITH_HARFBUZZ: 1
[2025.05.28-11.35.36:564][  0]LogHMD: Optional extension XR_VARJO_quad_views is not available
[2025.05.28-11.35.36:600][  0]LogHMD: Failed to create an OpenXR instance, result is XR_ERROR_RUNTIME_FAILURE. Please check if you have an OpenXR runtime installed. The following extensions were enabled:
[2025.05.28-11.35.36:600][  0]LogHMD: - XR_KHR_D3D11_enable
[2025.05.28-11.35.36:600][  0]LogHMD: - XR_KHR_D3D12_enable
[2025.05.28-11.35.36:600][  0]LogHMD: - XR_KHR_opengl_enable
[2025.05.28-11.35.36:600][  0]LogHMD: - XR_KHR_vulkan_enable
[2025.05.28-11.35.36:600][  0]LogHMD: - XR_KHR_composition_layer_depth
[2025.05.28-11.35.36:600][  0]LogHMD: - XR_KHR_visibility_mask
[2025.05.28-11.35.36:600][  0]LogHMD: - XR_EXT_hand_tracking
[2025.05.28-11.35.36:600][  0]LogHMD: - XR_EXT_eye_gaze_interaction
[2025.05.28-11.35.36:636][  0]LogAssetRegistry: FAssetRegistry took 0.0037 seconds to start up
[2025.05.28-11.35.36:941][  0]LogInit: Selected Device Profile: [Windows]
[2025.05.28-11.35.36:941][  0]LogInit: Active device profile: [0000019343C59D00][0000019340E97040 49] Windows
[2025.05.28-11.35.36:941][  0]LogInit: Profiles: [0000019343C59D00][0000019340E97040 49] Windows, [0000019343C17600][0000019340E9B180 49] WindowsNoEditor, [0000019343C5BE00][000001933700D300 49] WindowsServer, [0000019343C14500][0000019337011480 49] WindowsClient, [0000019343C58600][0000019337015600 49] IOS, [0000019343C16400][0000019337019780 49] iPadAir, [0000019343C5AD00][0000019340161900 49] iPadAir2, [0000019343BC9300][0000019340169BC0 49] IPadPro, [0000019343BC9400][0000019340165C00 49] iPadAir3, [0000019343C5A600][000001934016C200 49] iPadAir4, [0000019343BCAD00][0000019340170380 49] iPadMini2, [0000019343C58100][0000019340174500 49] iPadMini3, [0000019343BC9E00][000001933FAC8680 49] iPadMini4, [0000019343C5A000][000001933FACC800 49] iPadMini5, [0000019343BFCE00][000001933FAD4AC0 49] iPhone6, [0000019343BFCF00][000001933FAD0B00 49] iPodTouch6, [0000019343C15D00][000001933FADCDC0 49] iPhone7, [0000019343C16F00][000001933FAD8E00 49] iPodTouch7, [0000019343BFC200][0000019337008F40 49] iPhone5S, [0000019343BCBC00][000001933FAE1080 49] iPhone6Plus, [0000019343BFEE00][000001933FAE51C0 49] iPhone6S, [0000019343BC9B00][000001933FAE9300 49] iPhone6SPlus, [0000019343C15800][000001933FAF1480 49] iPhone7Plus, [0000019343BCA400][000001933FAF5600 49] iPhoneSE, [0000019343C17400][000001933FAF9780 49] iPhone8, [0000019343BC8600][000001933FAFD900 49] iPhone8Plus, [0000019343C14700][000001933FB01A80 49] iPhoneX, [0000019343BC8E00][000001933FB05C00 49] iPhoneXS, [0000019343C16300][000001933FB08200 49] iPhoneXSMax, [0000019343BCBD00][000001933FB0C380 49] iPhoneXR, [0000019343C16A00][000001933FB10500 49] iPhone11, [0000019343BCB600][000001933FB14680 49] iPhone11Pro, [0000019343C16D00][000001933FB18800 49] iPhone11ProMax, [0000019343BCB700][000001933FB1C980 49] iPhoneSE2, [0000019343C16E00][000001933FB20B00 49] iPhone12Mini, [0000019343BC9C00][000001933FB24C80 49] iPhone12, [0000019343C15B00][000001933FB28E00 49] iPhone12Pro, [0000019343BC9000][000001933FB2CF80 49] iPhone12ProMax, [0000019343C15700][000001933FB31100 49] iPadPro105, [0000019343BC9F00][000001933FAED240 49] iPadPro129, [0000019343C16200][000001933FB35380 49] iPadPro97, [0000019343BC8B00][000001933FB394C0 49] iPadPro2_129, [0000019343C16900][000001933FB41640 49] iPad5, [0000019343BCBB00][000001933FB457C0 49] iPad6, [0000019343C14A00][000001933FB49940 49] iPad7, [0000019343BC9D00][000001933FB4DAC0 49] iPad8, [0000019343C15E00][000001933FB500C0 49] iPadPro11, [0000019343BCAA00][000001933FB54240 49] iPadPro2_11, [0000019343C17A00][000001933FB583C0 49] iPadPro3_129, [0000019343BCA900][000001933FB5C540 49] iPadPro4_129, [0000019343C17300][000001933FB606C0 49] AppleTV, [0000019343BCB100][000001933FB64840 49] AppleTV4K, [0000019343C17E00][00000193419FA9C0 49] TVOS, [0000019343BC8200][00000193419FEB40 49] Mac, [0000019343C15000][0000019341A02CC0 49] MacClient, [0000019343BCB000][0000019341A06E40 49] MacNoEditor, [0000019343C14900][0000019341A0AFC0 49] MacServer, [0000019343BCB200][0000019341A0F140 49] Linux, [0000019343C15C00][0000019341A132C0 49] LinuxAArch64, [0000019343BCB900][000001933FB3D400 49] LinuxNoEditor, [0000019343C17900][0000019341A17540 49] LinuxAArch64NoEditor, [0000019343BCA000][0000019341A1B680 49] LinuxClient, [0000019343C16700][0000019341A1F7C0 49] LinuxAArch64Client, [0000019343BC8C00][0000019341A27940 49] LinuxServer, [0000019343C17500][0000019341A2BAC0 49] LinuxAArch64Server, [0000019343BCBA00][0000019341A2E0C0 49] Android, [0000019343C17C00][0000019341A3A240 49] Android_Low, [0000019343BC8700][0000019341A423C0 49] Android_Mid, [0000019343C14D00][0000019341A46540 49] Android_High, [0000019343BCB800][0000019341A4A6C0 49] Android_Default, [0000019343C59300][0000019341A5E840 49] Android_Adreno4xx, [0000019343BFF700][0000019341A629C0 49] Android_Adreno5xx_Low, [0000019343C58C00][0000019341A6EB40 49] Android_Adreno5xx, [0000019343BFF400][0000019341462CC0 49] Android_Adreno6xx, [0000019343C5A300][0000019341476E40 49] Android_Adreno6xx_Vulkan, [0000019343BFCC00][00000193414C2FC0 49] Android_Mali_T6xx, [0000019343C5B200][0000019341517140 49] Android_Mali_T7xx, [0000019343BFF500][00000193415BF2C0 49] Android_Mali_T8xx, [0000019343C59000][000001934166F440 49] Android_Mali_G71, [0000019343BFC100][0000019341A23580 49] Android_Mali_G72, [0000019343C58B00][00000193416736C0 49] Android_Mali_G72_Vulkan, [0000019343BFC700][0000019341677800 49] Android_Mali_G76, [0000019343C5B700][0000019341687940 49] Android_Mali_G76_Vulkan, [0000019343BFF900][0000019341693AC0 49] Android_Mali_G77, [0000019343C5A900][00000193416960C0 49] Android_Mali_G77_Vulkan, [0000019343BFD100][000001934129C240 49] Android_Mali_G78, [0000019343C5A500][00000193412A03C0 49] Android_Mali_G78_Vulkan, [0000019343BFC600][00000193412A8540 49] Android_Mali_G710, [0000019343C59A00][00000193414826C0 49] Android_Mali_G710_Vulkan, [0000019343BFC900][00000193414BE840 49] Android_Vulkan_SM5, [0000019343C5B400][00000193417709C0 49] Android_PowerVR_G6xxx, [0000019343BFEC00][0000019341774B40 49] Android_PowerVR_GT7xxx, [0000019343C59F00][0000019341778CC0 49] Android_PowerVR_GE8xxx, [0000019343BFE600][000001933FC30E40 49] Android_PowerVR_GM9xxx, [0000019343C5AC00][000001933FC34FC0 49] Android_PowerVR_GM9xxx_Vulkan, [0000019343BC8A00][0000019341431140 49] Android_TegraK1, [0000019343C58900][00000193414352C0 49] Android_Unknown_Vulkan, [0000019343BC8500][00000193415B9440 49] Lumin, [0000019343C5A700][00000193414395C0 49] Lumin_Desktop, [0000019343BC8900][0000019341843740 49] HoloLens, 
[2025.05.28-11.35.37:106][  0]LogMeshReduction: Using QuadricMeshReduction for automatic static mesh reduction
[2025.05.28-11.35.37:106][  0]LogMeshReduction: Using SimplygonMeshReduction for automatic skeletal mesh reduction
[2025.05.28-11.35.37:106][  0]LogMeshReduction: Using ProxyLODMeshReduction for automatic mesh merging
[2025.05.28-11.35.37:106][  0]LogMeshReduction: No distributed automatic mesh merging module available
[2025.05.28-11.35.37:107][  0]LogMeshMerging: No distributed automatic mesh merging module available
[2025.05.28-11.35.37:124][  0]LogNetVersion: MyProject 1.0.0, NetCL: 17155196, EngineNetVer: 17, GameNetVer: 0 (Checksum: 3629800737)
[2025.05.28-11.35.37:638][  0]LogTexture: Default maximum texture size for cubemaps generated from long-lat sources has been changed from 512 to unlimited. In order to preserve old behaiour for '/Engine/MapTemplates/Sky/DaylightAmbientCubemap.DaylightAmbientCubemap', its maximum texture size has been explicitly set to 512.
[2025.05.28-11.35.37:717][  0]LogUObjectArray: 17011 objects as part of root set at end of initial load.
[2025.05.28-11.35.37:717][  0]LogUObjectAllocator: 4257152 out of 0 bytes used by permanent object pool.
[2025.05.28-11.35.37:717][  0]LogUObjectArray: CloseDisregardForGC: 0/0 objects in disregard for GC pool
[2025.05.28-11.35.38:052][  0]LogNiagaraDebuggerClient: Niagara Debugger Client Initialized | Session: 1C560B154436598D08FFECBA7CDCECE3 | Instance: 0B2F3D1646DE74FDB1BC8C8B97B2EBE2 (ALEXF-14156).
[2025.05.28-11.35.38:208][  0]LogPython: Using Python 3.7.7
[2025.05.28-11.35.38:742][  0]LogTcpMessaging: Initializing TcpMessaging bridge
[2025.05.28-11.35.38:747][  0]LogUdpMessaging: Initializing bridge on interface 0.0.0.0:0 to multicast group 230.0.0.1:6666.
[2025.05.28-11.35.38:937][  0]SourceControl: Source control is disabled
[2025.05.28-11.35.38:937][  0]SourceControl: Source control is disabled
[2025.05.28-11.35.38:986][  0]SourceControl: Source control is disabled
[2025.05.28-11.35.38:997][  0]SourceControl: Source control is disabled
[2025.05.28-11.35.39:000][  0]SourceControl: Source control is disabled
[2025.05.28-11.35.39:010][  0]LogUProjectInfo: Found projects:
[2025.05.28-11.35.39:052][  0]LogVSAccessor: Display: Unable to create Visual Studio setup instance: 80040154
[2025.05.28-11.35.39:053][  0]LogVSAccessor: Display: Unable to create Visual Studio setup instance: 80040154
[2025.05.28-11.35.39:054][  0]LogVSAccessor: Display: Unable to create Visual Studio setup instance: 80040154
[2025.05.28-11.35.39:185][  0]LogOpenImageDenoise: OIDN starting up
[2025.05.28-11.35.39:223][  0]LogAndroidPermission: UAndroidPermissionCallbackProxy::GetInstance
[2025.05.28-11.35.39:249][  0]LogAudioCaptureCore: Display: No Audio Capture implementations found. Audio input will be silent.
[2025.05.28-11.35.39:249][  0]LogAudioCaptureCore: Display: No Audio Capture implementations found. Audio input will be silent.
[2025.05.28-11.35.39:424][  0]LogCollectionManager: Loaded 0 collections in 0.002924 seconds
[2025.05.28-11.35.39:497][  0]LogFileCache: Scanning file cache for directory 'C:/Users/sasha/Documents/GitHub/unreal_project/Saved/Collections/' took 0.00s
[2025.05.28-11.35.39:497][  0]LogFileCache: Scanning file cache for directory 'C:/Users/sasha/Documents/GitHub/unreal_project/Content/Developers/sasha/Collections/' took 0.00s
[2025.05.28-11.35.39:497][  0]LogFileCache: Scanning file cache for directory 'C:/Users/sasha/Documents/GitHub/unreal_project/Content/Collections/' took 0.00s
[2025.05.28-11.35.39:497][  0]LogEngine: Initializing Engine...
[2025.05.28-11.35.39:531][  0]LogHMD: Optional extension XR_VARJO_quad_views is not available
[2025.05.28-11.35.39:564][  0]LogHMD: Failed to create an OpenXR instance, result is XR_ERROR_RUNTIME_FAILURE. Please check if you have an OpenXR runtime installed. The following extensions were enabled:
[2025.05.28-11.35.39:564][  0]LogHMD: - XR_KHR_D3D11_enable
[2025.05.28-11.35.39:564][  0]LogHMD: - XR_KHR_D3D12_enable
[2025.05.28-11.35.39:564][  0]LogHMD: - XR_KHR_opengl_enable
[2025.05.28-11.35.39:564][  0]LogHMD: - XR_KHR_vulkan_enable
[2025.05.28-11.35.39:564][  0]LogHMD: - XR_KHR_composition_layer_depth
[2025.05.28-11.35.39:564][  0]LogHMD: - XR_KHR_visibility_mask
[2025.05.28-11.35.39:564][  0]LogHMD: - XR_EXT_hand_tracking
[2025.05.28-11.35.39:564][  0]LogHMD: - XR_EXT_eye_gaze_interaction
[2025.05.28-11.35.39:565][  0]LogMagicLeap: Warning: VR disabled because ZI is not enabled.  To enable, in the editor, Edit -> Project Settings -> Plugins -> Magic Leap Plugin -> Enable Zero Iteration
[2025.05.28-11.35.39:566][  0]LogStats: UGameplayTagsManager::InitializeManager -  0.000 s
[2025.05.28-11.35.39:768][  0]LogInit: Initializing FReadOnlyCVARCache
[2025.05.28-11.35.39:781][  0]LogAIModule: Creating AISystem for world Untitled
[2025.05.28-11.35.39:782][  0]LogAudio: Display: Initializing Audio Device Manager...
[2025.05.28-11.35.39:786][  0]LogAudio: Display: Loading Default Audio Settings Objects...
[2025.05.28-11.35.39:787][  0]LogAudio: Display: No default SoundConcurrencyObject specified (or failed to load).
[2025.05.28-11.35.39:787][  0]LogAudio: Display: Audio Device Manager Initialized
[2025.05.28-11.35.39:787][  0]LogAudio: Display: Creating Audio Device:                 Id: 1, Scope: Shared, Realtime: True
[2025.05.28-11.35.39:787][  0]LogAudioMixer: Display: Audio Mixer Platform Settings:
[2025.05.28-11.35.39:787][  0]LogAudioMixer: Display: 	Sample Rate:						  48000
[2025.05.28-11.35.39:787][  0]LogAudioMixer: Display: 	Callback Buffer Frame Size Requested: 1024
[2025.05.28-11.35.39:787][  0]LogAudioMixer: Display: 	Callback Buffer Frame Size To Use:	  1024
[2025.05.28-11.35.39:787][  0]LogAudioMixer: Display: 	Number of buffers to queue:			  1
[2025.05.28-11.35.39:787][  0]LogAudioMixer: Display: 	Max Channels (voices):				  0
[2025.05.28-11.35.39:787][  0]LogAudioMixer: Display: 	Number of Async Source Workers:		  4
[2025.05.28-11.35.39:787][  0]LogAudio: Display: AudioDevice MaxSources: 32
[2025.05.28-11.35.39:787][  0]LogAudio: Display: Audio Spatialization Plugin: Resonance Audio is external send: 1
[2025.05.28-11.35.39:787][  0]LogAudio: Display: Audio Reverb Plugin: Resonance Audio
[2025.05.28-11.35.39:787][  0]LogAudio: Display: Audio Occlusion Plugin: None (built-in).
[2025.05.28-11.35.39:787][  0]LogAudioMixer: Display: Initializing audio mixer.
[2025.05.28-11.35.39:843][  0]LogAudioMixer: Display: 0: FrontLeft
[2025.05.28-11.35.39:843][  0]LogAudioMixer: Display: 1: FrontRight
[2025.05.28-11.35.39:996][  0]LogAudioMixer: Display: Using Audio Device Динамики (Realtek(R) Audio)
[2025.05.28-11.35.39:999][  0]LogAudioMixer: Display: Initializing Sound Submixes...
[2025.05.28-11.35.40:002][  0]LogAudioMixer: Display: Creating Master Submix 'MasterSubmixDefault'
[2025.05.28-11.35.40:002][  0]LogAudioMixer: Display: Creating Master Submix 'MasterReverbSubmixDefault'
[2025.05.28-11.35.40:003][  0]LogAudioMixer: Display: Creating Master Submix 'MasterEQSubmixDefault'
[2025.05.28-11.35.40:006][  0]LogAudioMixer: FMixerPlatformXAudio2::StartAudioStream() called
[2025.05.28-11.35.40:007][  0]LogAudioMixer: Display: Output buffers initialized: Frames=1024, Channels=2, Samples=2048
[2025.05.28-11.35.40:008][  0]LogAudioMixer: Display: Starting AudioMixerPlatformInterface::RunInternal()
[2025.05.28-11.35.40:008][  0]LogAudioMixer: Display: FMixerPlatformXAudio2::SubmitBuffer() called for the first time
[2025.05.28-11.35.40:008][  0]LogInit: FAudioDevice initialized.
[2025.05.28-11.35.40:008][  0]LogAudio: Display: Audio Device (ID: 1) registered with world 'Untitled'.
[2025.05.28-11.35.40:008][  0]LogNetVersion: Set ProjectVersion to 1.0.0.0. Version Checksum will be recalculated on next use.
[2025.05.28-11.35.40:107][  0]LogDerivedDataCache: Saved boot cache 0.10s 151MB C:/Users/sasha/AppData/Local/UnrealEngine/4.27/DerivedDataCache/Boot.ddc.
[2025.05.28-11.35.40:111][  0]LogInit: Texture streaming: Enabled
[2025.05.28-11.35.40:125][  0]LogAnalytics: Display: [UEEditor.Rocket.Release] APIServer = https://datarouter.ol.epicgames.com/. AppVersion = 4.27.2-18319896+++UE4+Release-4.27
[2025.05.28-11.35.40:129][  0]LogEngineSessionManager: EngineSessionManager initialized
[2025.05.28-11.35.40:129][  0]LogEditorSessionSummary: Verbose: Initializing EditorSessionSummaryWriter for editor session tracking
[2025.05.28-11.35.40:131][  0]LogEditorSessionSummary: EditorSessionSummaryWriter initialized
[2025.05.28-11.35.40:162][  0]LogInit: Transaction tracking system initialized
[2025.05.28-11.35.40:187][  0]BlueprintLog: New page: Editor Load
[2025.05.28-11.35.40:253][  0]LocalizationService: Localization service is disabled
[2025.05.28-11.35.40:282][  0]TimingProfiler: Initialize
[2025.05.28-11.35.40:282][  0]TimingProfiler: OnSessionChanged
[2025.05.28-11.35.40:283][  0]LoadingProfiler: Initialize
[2025.05.28-11.35.40:283][  0]LoadingProfiler: OnSessionChanged
[2025.05.28-11.35.40:283][  0]NetworkingProfiler: Initialize
[2025.05.28-11.35.40:283][  0]NetworkingProfiler: OnSessionChanged
[2025.05.28-11.35.40:283][  0]MemoryProfiler: Initialize
[2025.05.28-11.35.40:283][  0]MemoryProfiler: OnSessionChanged
[2025.05.28-11.35.40:357][  0]LogVSAccessor: Display: Unable to create Visual Studio setup instance: 80040154
[2025.05.28-11.35.40:358][  0]LogVSAccessor: Display: Unable to create Visual Studio setup instance: 80040154
[2025.05.28-11.35.40:359][  0]LogVSAccessor: Display: Unable to create Visual Studio setup instance: 80040154
[2025.05.28-11.35.40:508][  0]LogCook: Display: CookSettings for Memory: MemoryMaxUsedVirtual 0MiB, MemoryMaxUsedPhysical 16384MiB, MemoryMinFreeVirtual 0MiB, MemoryMinFreePhysical 1024MiB
[2025.05.28-11.35.40:508][  0]LogCook: Display: Mobile HDR setting 0
[2025.05.28-11.35.40:765][  0]LogFileCache: Scanning file cache for directory 'C:/Users/sasha/Documents/GitHub/unreal_project/Content/' took 0.01s
[2025.05.28-11.35.40:765][  0]LogInit: Display: Engine is initialized. Leaving FEngineLoop::Init()
[2025.05.28-11.35.40:769][  0]SourceControl: Source control is disabled
[2025.05.28-11.35.40:769][  0]LogUnrealEdMisc: Loading editor; pre map load, took 8.330
[2025.05.28-11.35.40:769][  0]Cmd: MAP LOAD FILE="../../../../../../Users/sasha/Documents/GitHub/unreal_project/Content/VRTemplate/Maps/VRTemplateMap.umap" TEMPLATE=0 SHOWPROGRESS=1 FEATURELEVEL=3
[2025.05.28-11.35.40:770][  0]LightingResults: New page: Lighting Build
[2025.05.28-11.35.40:772][  0]LogWorld: UWorld::CleanupWorld for Untitled, bSessionEnded=true, bCleanupResources=true
[2025.05.28-11.35.40:772][  0]LogSlate: InvalidateAllWidgets triggered.  All widgets were invalidated
[2025.05.28-11.35.40:772][  0]MapCheck: New page: Map Check
[2025.05.28-11.35.40:772][  0]LightingResults: New page: Lighting Build
[2025.05.28-11.35.40:779][  0]LogAudio: Display: Audio Device unregistered from world 'None'.
[2025.05.28-11.35.40:785][  0]LogUObjectHash: Compacting FUObjectHashTables data took   1.22ms
[2025.05.28-11.35.42:221][  0]LogAudio: Display: Audio Device (ID: 1) registered with world 'VRTemplateMap'.
[2025.05.28-11.35.42:222][  0]LogAIModule: Creating AISystem for world VRTemplateMap
[2025.05.28-11.35.42:279][  0]LogEditorServer: Finished looking for orphan Actors (0.000 secs)
[2025.05.28-11.35.42:297][  0]LogUObjectHash: Compacting FUObjectHashTables data took   1.28ms
[2025.05.28-11.35.42:297][  0]Cmd: MAP CHECKDEP NOCLEARLOG
[2025.05.28-11.35.42:297][  0]MapCheck: Map check complete: 0 Error(s), 0 Warning(s), took 0,194ms to complete.
[2025.05.28-11.35.42:297][  0]LogFileHelpers: Loading map 'VRTemplateMap' took 1.528
[2025.05.28-11.35.42:299][  0]LogUnrealEdMisc: Total Editor Startup Time, took 9.860
[2025.05.28-11.35.42:429][  0]LogSlate: Updating window title bar state: overlay mode, drag disabled, window buttons hidden, title bar hidden
[2025.05.28-11.35.42:437][  0]LogSlate: Updating window title bar state: overlay mode, drag disabled, window buttons hidden, title bar hidden
[2025.05.28-11.35.42:445][  0]LogSlate: Updating window title bar state: overlay mode, drag disabled, window buttons hidden, title bar hidden
[2025.05.28-11.35.42:452][  0]LogSlate: Updating window title bar state: overlay mode, drag disabled, window buttons hidden, title bar hidden
[2025.05.28-11.35.42:482][  0]LogNativeClassHierarchy: Verbose: Native class hierarchy populated in 0.0113 seconds. Added 3809 classes and 916 folders.
[2025.05.28-11.35.42:489][  0]LogNativeClassHierarchy: Verbose: Native class hierarchy updated for 'WidgetCarousel' in 0.0004 seconds. Added 0 classes and 0 folders.
[2025.05.28-11.35.42:496][  0]LogPakFile: PakFile PrimaryIndexSize=187
[2025.05.28-11.35.42:496][  0]LogPakFile: PakFile PathHashIndexSize=101
[2025.05.28-11.35.42:496][  0]LogPakFile: PakFile FullDirectoryIndexSize=148
[2025.05.28-11.35.42:496][  0]LogShaderLibrary: Display: ShaderCodeLibraryPakFileMountedCallback: PakFile 'C:/Program Files/Epic Games/UE_4.27/FeaturePacks/FP_FirstPerson.upack' (chunk index -1, root 'root:/') mounted
[2025.05.28-11.35.42:496][  0]LogShaderLibrary: Display: ShaderCodeLibraryPakFileMountedCallback: pending pak file info (ChunkID:-1 Root:root:/ File:C:/Program Files/Epic Games/UE_4.27/FeaturePacks/FP_FirstPerson.upack)
[2025.05.28-11.35.42:497][  0]LogPakFile: OnPakFileMounted2Time == 0.000290
[2025.05.28-11.35.42:499][  0]LogPakFile: PakFile PrimaryIndexSize=189
[2025.05.28-11.35.42:499][  0]LogPakFile: PakFile PathHashIndexSize=101
[2025.05.28-11.35.42:499][  0]LogPakFile: PakFile FullDirectoryIndexSize=152
[2025.05.28-11.35.42:499][  0]LogShaderLibrary: Display: ShaderCodeLibraryPakFileMountedCallback: PakFile 'C:/Program Files/Epic Games/UE_4.27/FeaturePacks/FP_FirstPersonBP.upack' (chunk index -1, root 'root:/') mounted
[2025.05.28-11.35.42:499][  0]LogShaderLibrary: Display: ShaderCodeLibraryPakFileMountedCallback: pending pak file info (ChunkID:-1 Root:root:/ File:C:/Program Files/Epic Games/UE_4.27/FeaturePacks/FP_FirstPersonBP.upack)
[2025.05.28-11.35.42:499][  0]LogPakFile: OnPakFileMounted2Time == 0.000050
[2025.05.28-11.35.42:501][  0]LogPakFile: PakFile PrimaryIndexSize=191
[2025.05.28-11.35.42:501][  0]LogPakFile: PakFile PathHashIndexSize=101
[2025.05.28-11.35.42:501][  0]LogPakFile: PakFile FullDirectoryIndexSize=160
[2025.05.28-11.35.42:501][  0]LogShaderLibrary: Display: ShaderCodeLibraryPakFileMountedCallback: PakFile 'C:/Program Files/Epic Games/UE_4.27/FeaturePacks/MobileStarterContent.upack' (chunk index -1, root 'root:/') mounted
[2025.05.28-11.35.42:501][  0]LogShaderLibrary: Display: ShaderCodeLibraryPakFileMountedCallback: pending pak file info (ChunkID:-1 Root:root:/ File:C:/Program Files/Epic Games/UE_4.27/FeaturePacks/MobileStarterContent.upack)
[2025.05.28-11.35.42:501][  0]LogPakFile: OnPakFileMounted2Time == 0.000035
[2025.05.28-11.35.42:502][  0]LogPakFile: PakFile PrimaryIndexSize=185
[2025.05.28-11.35.42:502][  0]LogPakFile: PakFile PathHashIndexSize=101
[2025.05.28-11.35.42:502][  0]LogPakFile: PakFile FullDirectoryIndexSize=148
[2025.05.28-11.35.42:502][  0]LogShaderLibrary: Display: ShaderCodeLibraryPakFileMountedCallback: PakFile 'C:/Program Files/Epic Games/UE_4.27/FeaturePacks/StarterContent.upack' (chunk index -1, root 'root:/') mounted
[2025.05.28-11.35.42:502][  0]LogShaderLibrary: Display: ShaderCodeLibraryPakFileMountedCallback: pending pak file info (ChunkID:-1 Root:root:/ File:C:/Program Files/Epic Games/UE_4.27/FeaturePacks/StarterContent.upack)
[2025.05.28-11.35.42:502][  0]LogPakFile: OnPakFileMounted2Time == 0.000043
[2025.05.28-11.35.42:504][  0]LogPakFile: PakFile PrimaryIndexSize=190
[2025.05.28-11.35.42:504][  0]LogPakFile: PakFile PathHashIndexSize=101
[2025.05.28-11.35.42:504][  0]LogPakFile: PakFile FullDirectoryIndexSize=154
[2025.05.28-11.35.42:504][  0]LogShaderLibrary: Display: ShaderCodeLibraryPakFileMountedCallback: PakFile 'C:/Program Files/Epic Games/UE_4.27/FeaturePacks/TP_2DSideScroller.upack' (chunk index -1, root 'root:/') mounted
[2025.05.28-11.35.42:504][  0]LogShaderLibrary: Display: ShaderCodeLibraryPakFileMountedCallback: pending pak file info (ChunkID:-1 Root:root:/ File:C:/Program Files/Epic Games/UE_4.27/FeaturePacks/TP_2DSideScroller.upack)
[2025.05.28-11.35.42:504][  0]LogPakFile: OnPakFileMounted2Time == 0.000055
[2025.05.28-11.35.42:506][  0]LogPakFile: PakFile PrimaryIndexSize=192
[2025.05.28-11.35.42:506][  0]LogPakFile: PakFile PathHashIndexSize=101
[2025.05.28-11.35.42:506][  0]LogPakFile: PakFile FullDirectoryIndexSize=158
[2025.05.28-11.35.42:506][  0]LogShaderLibrary: Display: ShaderCodeLibraryPakFileMountedCallback: PakFile 'C:/Program Files/Epic Games/UE_4.27/FeaturePacks/TP_2DSideScrollerBP.upack' (chunk index -1, root 'root:/') mounted
[2025.05.28-11.35.42:506][  0]LogShaderLibrary: Display: ShaderCodeLibraryPakFileMountedCallback: pending pak file info (ChunkID:-1 Root:root:/ File:C:/Program Files/Epic Games/UE_4.27/FeaturePacks/TP_2DSideScrollerBP.upack)
[2025.05.28-11.35.42:506][  0]LogPakFile: OnPakFileMounted2Time == 0.000037
[2025.05.28-11.35.42:507][  0]LogPakFile: PakFile PrimaryIndexSize=182
[2025.05.28-11.35.42:507][  0]LogPakFile: PakFile PathHashIndexSize=101
[2025.05.28-11.35.42:507][  0]LogPakFile: PakFile FullDirectoryIndexSize=138
[2025.05.28-11.35.42:507][  0]LogShaderLibrary: Display: ShaderCodeLibraryPakFileMountedCallback: PakFile 'C:/Program Files/Epic Games/UE_4.27/FeaturePacks/TP_Flying.upack' (chunk index -1, root 'root:/') mounted
[2025.05.28-11.35.42:507][  0]LogShaderLibrary: Display: ShaderCodeLibraryPakFileMountedCallback: pending pak file info (ChunkID:-1 Root:root:/ File:C:/Program Files/Epic Games/UE_4.27/FeaturePacks/TP_Flying.upack)
[2025.05.28-11.35.42:507][  0]LogPakFile: OnPakFileMounted2Time == 0.000034
[2025.05.28-11.35.42:508][  0]LogPakFile: PakFile PrimaryIndexSize=184
[2025.05.28-11.35.42:508][  0]LogPakFile: PakFile PathHashIndexSize=101
[2025.05.28-11.35.42:508][  0]LogPakFile: PakFile FullDirectoryIndexSize=142
[2025.05.28-11.35.42:508][  0]LogShaderLibrary: Display: ShaderCodeLibraryPakFileMountedCallback: PakFile 'C:/Program Files/Epic Games/UE_4.27/FeaturePacks/TP_FlyingBP.upack' (chunk index -1, root 'root:/') mounted
[2025.05.28-11.35.42:508][  0]LogShaderLibrary: Display: ShaderCodeLibraryPakFileMountedCallback: pending pak file info (ChunkID:-1 Root:root:/ File:C:/Program Files/Epic Games/UE_4.27/FeaturePacks/TP_FlyingBP.upack)
[2025.05.28-11.35.42:508][  0]LogPakFile: OnPakFileMounted2Time == 0.000036
[2025.05.28-11.35.42:509][  0]LogPakFile: PakFile PrimaryIndexSize=188
[2025.05.28-11.35.42:509][  0]LogPakFile: PakFile PathHashIndexSize=101
[2025.05.28-11.35.42:509][  0]LogPakFile: PakFile FullDirectoryIndexSize=150
[2025.05.28-11.35.42:509][  0]LogShaderLibrary: Display: ShaderCodeLibraryPakFileMountedCallback: PakFile 'C:/Program Files/Epic Games/UE_4.27/FeaturePacks/TP_HandheldARBP.upack' (chunk index -1, root 'root:/') mounted
[2025.05.28-11.35.42:509][  0]LogShaderLibrary: Display: ShaderCodeLibraryPakFileMountedCallback: pending pak file info (ChunkID:-1 Root:root:/ File:C:/Program Files/Epic Games/UE_4.27/FeaturePacks/TP_HandheldARBP.upack)
[2025.05.28-11.35.42:509][  0]LogPakFile: OnPakFileMounted2Time == 0.000045
[2025.05.28-11.35.42:512][  0]LogPakFile: PakFile PrimaryIndexSize=182
[2025.05.28-11.35.42:512][  0]LogPakFile: PakFile PathHashIndexSize=101
[2025.05.28-11.35.42:512][  0]LogPakFile: PakFile FullDirectoryIndexSize=138
[2025.05.28-11.35.42:512][  0]LogShaderLibrary: Display: ShaderCodeLibraryPakFileMountedCallback: PakFile 'C:/Program Files/Epic Games/UE_4.27/FeaturePacks/TP_Puzzle.upack' (chunk index -1, root 'root:/') mounted
[2025.05.28-11.35.42:512][  0]LogShaderLibrary: Display: ShaderCodeLibraryPakFileMountedCallback: pending pak file info (ChunkID:-1 Root:root:/ File:C:/Program Files/Epic Games/UE_4.27/FeaturePacks/TP_Puzzle.upack)
[2025.05.28-11.35.42:512][  0]LogPakFile: OnPakFileMounted2Time == 0.000039
[2025.05.28-11.35.42:514][  0]LogPakFile: PakFile PrimaryIndexSize=184
[2025.05.28-11.35.42:514][  0]LogPakFile: PakFile PathHashIndexSize=101
[2025.05.28-11.35.42:514][  0]LogPakFile: PakFile FullDirectoryIndexSize=142
[2025.05.28-11.35.42:514][  0]LogShaderLibrary: Display: ShaderCodeLibraryPakFileMountedCallback: PakFile 'C:/Program Files/Epic Games/UE_4.27/FeaturePacks/TP_PuzzleBP.upack' (chunk index -1, root 'root:/') mounted
[2025.05.28-11.35.42:514][  0]LogShaderLibrary: Display: ShaderCodeLibraryPakFileMountedCallback: pending pak file info (ChunkID:-1 Root:root:/ File:C:/Program Files/Epic Games/UE_4.27/FeaturePacks/TP_PuzzleBP.upack)
[2025.05.28-11.35.42:514][  0]LogPakFile: OnPakFileMounted2Time == 0.000037
[2025.05.28-11.35.42:515][  0]LogPakFile: PakFile PrimaryIndexSize=183
[2025.05.28-11.35.42:515][  0]LogPakFile: PakFile PathHashIndexSize=101
[2025.05.28-11.35.42:515][  0]LogPakFile: PakFile FullDirectoryIndexSize=140
[2025.05.28-11.35.42:515][  0]LogShaderLibrary: Display: ShaderCodeLibraryPakFileMountedCallback: PakFile 'C:/Program Files/Epic Games/UE_4.27/FeaturePacks/TP_Rolling.upack' (chunk index -1, root 'root:/') mounted
[2025.05.28-11.35.42:515][  0]LogShaderLibrary: Display: ShaderCodeLibraryPakFileMountedCallback: pending pak file info (ChunkID:-1 Root:root:/ File:C:/Program Files/Epic Games/UE_4.27/FeaturePacks/TP_Rolling.upack)
[2025.05.28-11.35.42:515][  0]LogPakFile: OnPakFileMounted2Time == 0.000040
[2025.05.28-11.35.42:516][  0]LogPakFile: PakFile PrimaryIndexSize=185
[2025.05.28-11.35.42:516][  0]LogPakFile: PakFile PathHashIndexSize=101
[2025.05.28-11.35.42:516][  0]LogPakFile: PakFile FullDirectoryIndexSize=144
[2025.05.28-11.35.42:516][  0]LogShaderLibrary: Display: ShaderCodeLibraryPakFileMountedCallback: PakFile 'C:/Program Files/Epic Games/UE_4.27/FeaturePacks/TP_RollingBP.upack' (chunk index -1, root 'root:/') mounted
[2025.05.28-11.35.42:516][  0]LogShaderLibrary: Display: ShaderCodeLibraryPakFileMountedCallback: pending pak file info (ChunkID:-1 Root:root:/ File:C:/Program Files/Epic Games/UE_4.27/FeaturePacks/TP_RollingBP.upack)
[2025.05.28-11.35.42:516][  0]LogPakFile: OnPakFileMounted2Time == 0.000035
[2025.05.28-11.35.42:517][  0]LogPakFile: PakFile PrimaryIndexSize=188
[2025.05.28-11.35.42:517][  0]LogPakFile: PakFile PathHashIndexSize=101
[2025.05.28-11.35.42:517][  0]LogPakFile: PakFile FullDirectoryIndexSize=150
[2025.05.28-11.35.42:517][  0]LogShaderLibrary: Display: ShaderCodeLibraryPakFileMountedCallback: PakFile 'C:/Program Files/Epic Games/UE_4.27/FeaturePacks/TP_SideScroller.upack' (chunk index -1, root 'root:/') mounted
[2025.05.28-11.35.42:517][  0]LogShaderLibrary: Display: ShaderCodeLibraryPakFileMountedCallback: pending pak file info (ChunkID:-1 Root:root:/ File:C:/Program Files/Epic Games/UE_4.27/FeaturePacks/TP_SideScroller.upack)
[2025.05.28-11.35.42:517][  0]LogPakFile: OnPakFileMounted2Time == 0.000043
[2025.05.28-11.35.42:518][  0]LogPakFile: PakFile PrimaryIndexSize=190
[2025.05.28-11.35.42:518][  0]LogPakFile: PakFile PathHashIndexSize=101
[2025.05.28-11.35.42:518][  0]LogPakFile: PakFile FullDirectoryIndexSize=154
[2025.05.28-11.35.42:518][  0]LogShaderLibrary: Display: ShaderCodeLibraryPakFileMountedCallback: PakFile 'C:/Program Files/Epic Games/UE_4.27/FeaturePacks/TP_SideScrollerBP.upack' (chunk index -1, root 'root:/') mounted
[2025.05.28-11.35.42:519][  0]LogShaderLibrary: Display: ShaderCodeLibraryPakFileMountedCallback: pending pak file info (ChunkID:-1 Root:root:/ File:C:/Program Files/Epic Games/UE_4.27/FeaturePacks/TP_SideScrollerBP.upack)
[2025.05.28-11.35.42:519][  0]LogPakFile: OnPakFileMounted2Time == 0.000039
[2025.05.28-11.35.42:520][  0]LogPakFile: PakFile PrimaryIndexSize=187
[2025.05.28-11.35.42:520][  0]LogPakFile: PakFile PathHashIndexSize=101
[2025.05.28-11.35.42:520][  0]LogPakFile: PakFile FullDirectoryIndexSize=148
[2025.05.28-11.35.42:520][  0]LogShaderLibrary: Display: ShaderCodeLibraryPakFileMountedCallback: PakFile 'C:/Program Files/Epic Games/UE_4.27/FeaturePacks/TP_ThirdPerson.upack' (chunk index -1, root 'root:/') mounted
[2025.05.28-11.35.42:520][  0]LogShaderLibrary: Display: ShaderCodeLibraryPakFileMountedCallback: pending pak file info (ChunkID:-1 Root:root:/ File:C:/Program Files/Epic Games/UE_4.27/FeaturePacks/TP_ThirdPerson.upack)
[2025.05.28-11.35.42:520][  0]LogPakFile: OnPakFileMounted2Time == 0.000035
[2025.05.28-11.35.42:521][  0]LogPakFile: PakFile PrimaryIndexSize=189
[2025.05.28-11.35.42:521][  0]LogPakFile: PakFile PathHashIndexSize=101
[2025.05.28-11.35.42:521][  0]LogPakFile: PakFile FullDirectoryIndexSize=152
[2025.05.28-11.35.42:521][  0]LogShaderLibrary: Display: ShaderCodeLibraryPakFileMountedCallback: PakFile 'C:/Program Files/Epic Games/UE_4.27/FeaturePacks/TP_ThirdPersonBP.upack' (chunk index -1, root 'root:/') mounted
[2025.05.28-11.35.42:521][  0]LogShaderLibrary: Display: ShaderCodeLibraryPakFileMountedCallback: pending pak file info (ChunkID:-1 Root:root:/ File:C:/Program Files/Epic Games/UE_4.27/FeaturePacks/TP_ThirdPersonBP.upack)
[2025.05.28-11.35.42:521][  0]LogPakFile: OnPakFileMounted2Time == 0.000036
[2025.05.28-11.35.42:523][  0]LogPakFile: PakFile PrimaryIndexSize=183
[2025.05.28-11.35.42:523][  0]LogPakFile: PakFile PathHashIndexSize=101
[2025.05.28-11.35.42:523][  0]LogPakFile: PakFile FullDirectoryIndexSize=140
[2025.05.28-11.35.42:523][  0]LogShaderLibrary: Display: ShaderCodeLibraryPakFileMountedCallback: PakFile 'C:/Program Files/Epic Games/UE_4.27/FeaturePacks/TP_TopDown.upack' (chunk index -1, root 'root:/') mounted
[2025.05.28-11.35.42:523][  0]LogShaderLibrary: Display: ShaderCodeLibraryPakFileMountedCallback: pending pak file info (ChunkID:-1 Root:root:/ File:C:/Program Files/Epic Games/UE_4.27/FeaturePacks/TP_TopDown.upack)
[2025.05.28-11.35.42:523][  0]LogPakFile: OnPakFileMounted2Time == 0.000046
[2025.05.28-11.35.42:524][  0]LogPakFile: PakFile PrimaryIndexSize=185
[2025.05.28-11.35.42:524][  0]LogPakFile: PakFile PathHashIndexSize=101
[2025.05.28-11.35.42:524][  0]LogPakFile: PakFile FullDirectoryIndexSize=144
[2025.05.28-11.35.42:524][  0]LogShaderLibrary: Display: ShaderCodeLibraryPakFileMountedCallback: PakFile 'C:/Program Files/Epic Games/UE_4.27/FeaturePacks/TP_TopDownBP.upack' (chunk index -1, root 'root:/') mounted
[2025.05.28-11.35.42:524][  0]LogShaderLibrary: Display: ShaderCodeLibraryPakFileMountedCallback: pending pak file info (ChunkID:-1 Root:root:/ File:C:/Program Files/Epic Games/UE_4.27/FeaturePacks/TP_TopDownBP.upack)
[2025.05.28-11.35.42:524][  0]LogPakFile: OnPakFileMounted2Time == 0.000039
[2025.05.28-11.35.42:525][  0]LogPakFile: PakFile PrimaryIndexSize=185
[2025.05.28-11.35.42:525][  0]LogPakFile: PakFile PathHashIndexSize=101
[2025.05.28-11.35.42:525][  0]LogPakFile: PakFile FullDirectoryIndexSize=144
[2025.05.28-11.35.42:525][  0]LogShaderLibrary: Display: ShaderCodeLibraryPakFileMountedCallback: PakFile 'C:/Program Files/Epic Games/UE_4.27/FeaturePacks/TP_TwinStick.upack' (chunk index -1, root 'root:/') mounted
[2025.05.28-11.35.42:525][  0]LogShaderLibrary: Display: ShaderCodeLibraryPakFileMountedCallback: pending pak file info (ChunkID:-1 Root:root:/ File:C:/Program Files/Epic Games/UE_4.27/FeaturePacks/TP_TwinStick.upack)
[2025.05.28-11.35.42:525][  0]LogPakFile: OnPakFileMounted2Time == 0.000050
[2025.05.28-11.35.42:527][  0]LogPakFile: PakFile PrimaryIndexSize=187
[2025.05.28-11.35.42:527][  0]LogPakFile: PakFile PathHashIndexSize=101
[2025.05.28-11.35.42:527][  0]LogPakFile: PakFile FullDirectoryIndexSize=148
[2025.05.28-11.35.42:527][  0]LogShaderLibrary: Display: ShaderCodeLibraryPakFileMountedCallback: PakFile 'C:/Program Files/Epic Games/UE_4.27/FeaturePacks/TP_TwinStickBP.upack' (chunk index -1, root 'root:/') mounted
[2025.05.28-11.35.42:527][  0]LogShaderLibrary: Display: ShaderCodeLibraryPakFileMountedCallback: pending pak file info (ChunkID:-1 Root:root:/ File:C:/Program Files/Epic Games/UE_4.27/FeaturePacks/TP_TwinStickBP.upack)
[2025.05.28-11.35.42:527][  0]LogPakFile: OnPakFileMounted2Time == 0.000050
[2025.05.28-11.35.42:528][  0]LogPakFile: PakFile PrimaryIndexSize=183
[2025.05.28-11.35.42:528][  0]LogPakFile: PakFile PathHashIndexSize=101
[2025.05.28-11.35.42:529][  0]LogPakFile: PakFile FullDirectoryIndexSize=140
[2025.05.28-11.35.42:529][  0]LogShaderLibrary: Display: ShaderCodeLibraryPakFileMountedCallback: PakFile 'C:/Program Files/Epic Games/UE_4.27/FeaturePacks/TP_Vehicle.upack' (chunk index -1, root 'root:/') mounted
[2025.05.28-11.35.42:529][  0]LogShaderLibrary: Display: ShaderCodeLibraryPakFileMountedCallback: pending pak file info (ChunkID:-1 Root:root:/ File:C:/Program Files/Epic Games/UE_4.27/FeaturePacks/TP_Vehicle.upack)
[2025.05.28-11.35.42:529][  0]LogPakFile: OnPakFileMounted2Time == 0.000043
[2025.05.28-11.35.42:530][  0]LogPakFile: PakFile PrimaryIndexSize=186
[2025.05.28-11.35.42:530][  0]LogPakFile: PakFile PathHashIndexSize=101
[2025.05.28-11.35.42:530][  0]LogPakFile: PakFile FullDirectoryIndexSize=146
[2025.05.28-11.35.42:530][  0]LogShaderLibrary: Display: ShaderCodeLibraryPakFileMountedCallback: PakFile 'C:/Program Files/Epic Games/UE_4.27/FeaturePacks/TP_VehicleAdv.upack' (chunk index -1, root 'root:/') mounted
[2025.05.28-11.35.42:530][  0]LogShaderLibrary: Display: ShaderCodeLibraryPakFileMountedCallback: pending pak file info (ChunkID:-1 Root:root:/ File:C:/Program Files/Epic Games/UE_4.27/FeaturePacks/TP_VehicleAdv.upack)
[2025.05.28-11.35.42:530][  0]LogPakFile: OnPakFileMounted2Time == 0.000040
[2025.05.28-11.35.42:532][  0]LogPakFile: PakFile PrimaryIndexSize=188
[2025.05.28-11.35.42:532][  0]LogPakFile: PakFile PathHashIndexSize=101
[2025.05.28-11.35.42:532][  0]LogPakFile: PakFile FullDirectoryIndexSize=150
[2025.05.28-11.35.42:532][  0]LogShaderLibrary: Display: ShaderCodeLibraryPakFileMountedCallback: PakFile 'C:/Program Files/Epic Games/UE_4.27/FeaturePacks/TP_VehicleAdvBP.upack' (chunk index -1, root 'root:/') mounted
[2025.05.28-11.35.42:532][  0]LogShaderLibrary: Display: ShaderCodeLibraryPakFileMountedCallback: pending pak file info (ChunkID:-1 Root:root:/ File:C:/Program Files/Epic Games/UE_4.27/FeaturePacks/TP_VehicleAdvBP.upack)
[2025.05.28-11.35.42:532][  0]LogPakFile: OnPakFileMounted2Time == 0.000054
[2025.05.28-11.35.42:533][  0]LogPakFile: PakFile PrimaryIndexSize=185
[2025.05.28-11.35.42:533][  0]LogPakFile: PakFile PathHashIndexSize=101
[2025.05.28-11.35.42:533][  0]LogPakFile: PakFile FullDirectoryIndexSize=144
[2025.05.28-11.35.42:533][  0]LogShaderLibrary: Display: ShaderCodeLibraryPakFileMountedCallback: PakFile 'C:/Program Files/Epic Games/UE_4.27/FeaturePacks/TP_VehicleBP.upack' (chunk index -1, root 'root:/') mounted
[2025.05.28-11.35.42:533][  0]LogShaderLibrary: Display: ShaderCodeLibraryPakFileMountedCallback: pending pak file info (ChunkID:-1 Root:root:/ File:C:/Program Files/Epic Games/UE_4.27/FeaturePacks/TP_VehicleBP.upack)
[2025.05.28-11.35.42:533][  0]LogPakFile: OnPakFileMounted2Time == 0.000040
[2025.05.28-11.35.42:534][  0]LogPakFile: PakFile PrimaryIndexSize=192
[2025.05.28-11.35.42:535][  0]LogPakFile: PakFile PathHashIndexSize=101
[2025.05.28-11.35.42:535][  0]LogPakFile: PakFile FullDirectoryIndexSize=158
[2025.05.28-11.35.42:535][  0]LogShaderLibrary: Display: ShaderCodeLibraryPakFileMountedCallback: PakFile 'C:/Program Files/Epic Games/UE_4.27/FeaturePacks/TP_VirtualRealityBP.upack' (chunk index -1, root 'root:/') mounted
[2025.05.28-11.35.42:535][  0]LogShaderLibrary: Display: ShaderCodeLibraryPakFileMountedCallback: pending pak file info (ChunkID:-1 Root:root:/ File:C:/Program Files/Epic Games/UE_4.27/FeaturePacks/TP_VirtualRealityBP.upack)
[2025.05.28-11.35.42:535][  0]LogPakFile: OnPakFileMounted2Time == 0.000037
[2025.05.28-11.35.42:715][  0]LogNativeClassHierarchy: Verbose: Native class hierarchy updated for 'AddContentDialog' in 0.0004 seconds. Added 0 classes and 0 folders.
[2025.05.28-11.35.42:720][  0]LogNativeClassHierarchy: Verbose: Native class hierarchy updated for 'SceneOutliner' in 0.0004 seconds. Added 2 classes and 0 folders.
[2025.05.28-11.35.42:807][  0]LogSlate: Took 0.000260 seconds to synchronously load lazily loaded font '../../../Engine/Content/Slate/Fonts/Roboto-Regular.ttf' (155K)
[2025.05.28-11.35.42:810][  0]LogSlate: Took 0.000838 seconds to synchronously load lazily loaded font '../../../Engine/Content/Editor/Slate/Fonts/FontAwesome.ttf' (139K)
[2025.05.28-11.35.42:813][  0]LogSlate: Took 0.000384 seconds to synchronously load lazily loaded font '../../../Engine/Content/Slate/Fonts/Roboto-Bold.ttf' (160K)
[2025.05.28-11.35.42:987][  0]LogRenderer: Reallocating scene render targets to support 964x428 Format 9 NumSamples 4 (Frame:1).
[2025.05.28-11.35.43:166][  0]LogNativeClassHierarchy: Verbose: Native class hierarchy updated for 'HierarchicalLODOutliner' in 0.0004 seconds. Added 0 classes and 0 folders.
[2025.05.28-11.35.43:166][  0]LogLoad: (Engine Initialization) Total time: 10.73 seconds
[2025.05.28-11.35.43:166][  0]LogLoad: (Engine Initialization) Total Blueprint compile time: 0.00 seconds
[2025.05.28-11.35.43:234][  0]LogAssetRegistry: Asset discovery search completed in 6.5994 seconds
[2025.05.28-11.35.43:243][  0]LogCollectionManager: Fixed up redirectors for 0 collections in 0.000005 seconds (updated 0 objects)
[2025.05.28-11.35.43:246][  0]LogContentStreaming: Texture pool size now 600 MB
[2025.05.28-11.35.43:323][  1]LogResonanceAudio: Display: Resonance Audio Listener is initialized
[2025.05.28-11.35.43:353][  2]LogSlate: Took 0.001289 seconds to synchronously load lazily loaded font '../../../Engine/Content/Slate/Fonts/Roboto-Light.ttf' (167K)
[2025.05.28-11.35.43:406][  3]LogSlate: New Slate User Created.  User Index 8, Is Virtual User: 1
[2025.05.28-11.35.43:406][  3]LogSlate: Slate User Registered.  User Index 8, Is Virtual User: 1
[2025.05.28-11.36.50:798][ 25]LogHttp: Warning: 000001936B0DB900: invalid HTTP response code received. URL: https://datarouter.ol.epicgames.com/datarouter/api/v1/public/data?SessionID=%7B1ADDE270-47C2-2441-0649-9998114C988D%7D&AppID=UEEditor.Rocket.Release&AppVersion=4.27.2-18319896%2B%2B%2BUE4%2BRelease-4.27&UserID=8f81e17f46360d0d130dba9b6452456c%7C047f60e4029c4fa180fd4031df82706c%7C82fea602-2be7-42e1-a651-dfe5ff9bb82e&AppEnvironment=datacollector-binary&UploadType=eteventstream, HTTP code: 0, content length: 0, actual payload size: 0
[2025.05.28-11.36.50:798][ 25]LogHttp: Warning: 000001936B0DB900: request failed, libcurl error: 6 (Couldn't resolve host name)
[2025.05.28-11.36.50:798][ 25]LogHttp: Warning: 000001936B0DB900: libcurl info message cache 0 (Could not resolve host: datarouter.ol.epicgames.com)
[2025.05.28-11.36.50:798][ 25]LogHttp: Warning: 000001936B0DB900: libcurl info message cache 1 (Closing connection 0)
[2025.05.28-11.36.50:831][ 26]LogHttp: Warning: Retry exhausted on https://datarouter.ol.epicgames.com/datarouter/api/v1/public/data?SessionID=%7B1ADDE270-47C2-2441-0649-9998114C988D%7D&AppID=UEEditor.Rocket.Release&AppVersion=4.27.2-18319896%2B%2B%2BUE4%2BRelease-4.27&UserID=8f81e17f46360d0d130dba9b6452456c%7C047f60e4029c4fa180fd4031df82706c%7C82fea602-2be7-42e1-a651-dfe5ff9bb82e&AppEnvironment=datacollector-binary&UploadType=eteventstream
[2025.05.28-11.37.09:264][578]LogEditorViewport: Clicking on Actor (LMB): StaticMeshActor (Wall_400x304)
[2025.05.28-11.37.10:179][603]LogEditorViewport: Clicking on Actor (LMB): StaticMeshActor (TemplateFloor)
[2025.05.28-11.37.29:922][100]LogSlate: Took 0.000295 seconds to synchronously load lazily loaded font '../../../Engine/Content/Slate/Fonts/Roboto-Light.ttf' (167K)
[2025.05.28-11.37.29:980][100]LogAssetEditorSubsystem: Opening Asset editor for Blueprint /Game/Andrey/Inventory/BP_Inventory.BP_Inventory
[2025.05.28-11.37.30:337][100]LogNativeClassHierarchy: Verbose: Native class hierarchy updated for 'BlueprintGraph' in 0.0006 seconds. Added 126 classes and 0 folders.
[2025.05.28-11.37.31:310][100]LogSlate: Took 0.000304 seconds to synchronously load lazily loaded font '../../../Engine/Content/Slate/Fonts/Roboto-BoldCondensed.ttf' (158K)
[2025.05.28-11.37.31:375][101]LogSlate: Took 0.000847 seconds to synchronously load lazily loaded font '../../../Engine/Content/Slate/Fonts/Roboto-Italic.ttf' (157K)
[2025.05.28-11.37.43:698][250]LogSlate: Window 'BP_Inventory' being destroyed
[2025.05.28-11.37.45:593][281]LogSlate: Window 'BP_Inventory' being destroyed
[2025.05.28-11.37.49:492][363]LogTemp: Repeating last play command: Simulate
[2025.05.28-11.37.49:504][363]LogPlayLevel: PlayLevel: No blueprints needed recompiling
[2025.05.28-11.37.49:507][363]PIE: New page: SIE session: VRTemplateMap (28 мая 2025 г., 17:37:49)
[2025.05.28-11.37.49:510][363]LogOnline: OSS: Creating online subsystem instance for: NULL
[2025.05.28-11.37.49:512][363]LogOnline: OSS: TryLoadSubsystemAndSetDefault: Loaded subsystem for module [NULL]
[2025.05.28-11.37.49:512][363]LogPlayLevel: Creating play world package: /Game/VRTemplate/Maps/UEDPIE_0_VRTemplateMap
[2025.05.28-11.37.49:522][363]LogPlayLevel: PIE: StaticDuplicateObject took: (0.009776s)
[2025.05.28-11.37.49:523][363]LogAIModule: Creating AISystem for world VRTemplateMap
[2025.05.28-11.37.49:523][363]LogPlayLevel: PIE: World Init took: (0.001246s)
[2025.05.28-11.37.49:523][363]LogPlayLevel: PIE: Created PIE world by copying editor world from /Game/VRTemplate/Maps/VRTemplateMap.VRTemplateMap to /Game/VRTemplate/Maps/UEDPIE_0_VRTemplateMap.VRTemplateMap (0.011410s)
[2025.05.28-11.37.49:554][363]LogUObjectHash: Compacting FUObjectHashTables data took   2.37ms
[2025.05.28-11.37.49:555][363]LogAudio: Display: Creating Audio Device:                 Id: 2, Scope: Unique, Realtime: True
[2025.05.28-11.37.49:555][363]LogAudioMixer: Display: Audio Mixer Platform Settings:
[2025.05.28-11.37.49:556][363]LogAudioMixer: Display: 	Sample Rate:						  48000
[2025.05.28-11.37.49:556][363]LogAudioMixer: Display: 	Callback Buffer Frame Size Requested: 1024
[2025.05.28-11.37.49:556][363]LogAudioMixer: Display: 	Callback Buffer Frame Size To Use:	  1024
[2025.05.28-11.37.49:556][363]LogAudioMixer: Display: 	Number of buffers to queue:			  1
[2025.05.28-11.37.49:556][363]LogAudioMixer: Display: 	Max Channels (voices):				  0
[2025.05.28-11.37.49:556][363]LogAudioMixer: Display: 	Number of Async Source Workers:		  4
[2025.05.28-11.37.49:556][363]LogAudio: Display: AudioDevice MaxSources: 32
[2025.05.28-11.37.49:556][363]LogAudio: Display: Audio Spatialization Plugin: Resonance Audio is external send: 1
[2025.05.28-11.37.49:556][363]LogAudio: Display: Audio Reverb Plugin: Resonance Audio
[2025.05.28-11.37.49:556][363]LogAudio: Display: Audio Occlusion Plugin: None (built-in).
[2025.05.28-11.37.49:556][363]LogAudioMixer: Display: Initializing audio mixer.
[2025.05.28-11.37.49:566][363]LogAudioMixer: Display: 0: FrontLeft
[2025.05.28-11.37.49:566][363]LogAudioMixer: Display: 1: FrontRight
[2025.05.28-11.37.49:608][363]LogAudioMixer: Display: Using Audio Device Динамики (Realtek(R) Audio)
[2025.05.28-11.37.49:609][363]LogAudioMixer: Display: Initializing Sound Submixes...
[2025.05.28-11.37.49:609][363]LogAudioMixer: Display: Creating Master Submix 'MasterSubmixDefault'
[2025.05.28-11.37.49:609][363]LogAudioMixer: Display: Creating Master Submix 'MasterReverbSubmixDefault'
[2025.05.28-11.37.49:609][363]LogAudioMixer: Display: Creating Master Submix 'MasterEQSubmixDefault'
[2025.05.28-11.37.49:609][363]LogAudioMixer: FMixerPlatformXAudio2::StartAudioStream() called
[2025.05.28-11.37.49:609][363]LogAudioMixer: Display: Output buffers initialized: Frames=1024, Channels=2, Samples=2048
[2025.05.28-11.37.49:611][363]LogAudioMixer: Display: Starting AudioMixerPlatformInterface::RunInternal()
[2025.05.28-11.37.49:611][363]LogAudioMixer: Display: FMixerPlatformXAudio2::SubmitBuffer() called for the first time
[2025.05.28-11.37.49:611][363]LogInit: FAudioDevice initialized.
[2025.05.28-11.37.49:611][363]LogAudio: Display: Audio Device (ID: 2) registered with world 'VRTemplateMap'.
[2025.05.28-11.37.49:622][363]LogLoad: Game class is 'VRGameMode_C'
[2025.05.28-11.37.49:628][363]LogWorld: Bringing World /Game/VRTemplate/Maps/UEDPIE_0_VRTemplateMap.VRTemplateMap up for play (max tick rate 60) at 2025.05.28-14.37.49
[2025.05.28-11.37.49:629][363]LogWorld: Bringing up level for play took: 0.004433
[2025.05.28-11.37.49:629][363]LogOnline: OSS: Creating online subsystem instance for: :Context_6
[2025.05.28-11.37.49:631][363]LogSpawn: Warning: SpawnActor failed because no class was specified
[2025.05.28-11.37.49:634][363]LogNativeClassHierarchy: Verbose: Native class hierarchy updated for 'MovieSceneCapture' in 0.0004 seconds. Added 20 classes and 0 folders.
[2025.05.28-11.37.49:638][363]PIE: Server logged in
[2025.05.28-11.37.49:639][363]PIE: Play in editor total start time 0,137 seconds.
[2025.05.28-11.37.49:675][363]LogResonanceAudio: Display: Resonance Audio Listener is initialized
[2025.05.28-11.37.50:599][379]LogHttp: Warning: 00000193887A5D00: invalid HTTP response code received. URL: https://datarouter.ol.epicgames.com/datarouter/api/v1/public/data?SessionID=%7B1ADDE270-47C2-2441-0649-9998114C988D%7D&AppID=UEEditor.Rocket.Release&AppVersion=4.27.2-18319896%2B%2B%2BUE4%2BRelease-4.27&UserID=8f81e17f46360d0d130dba9b6452456c%7C047f60e4029c4fa180fd4031df82706c%7C82fea602-2be7-42e1-a651-dfe5ff9bb82e&AppEnvironment=datacollector-binary&UploadType=eteventstream, HTTP code: 0, content length: 0, actual payload size: 0
[2025.05.28-11.37.50:599][379]LogHttp: Warning: 00000193887A5D00: request failed, libcurl error: 6 (Couldn't resolve host name)
[2025.05.28-11.37.50:599][379]LogHttp: Warning: 00000193887A5D00: libcurl info message cache 0 (Could not resolve host: datarouter.ol.epicgames.com)
[2025.05.28-11.37.50:599][379]LogHttp: Warning: 00000193887A5D00: libcurl info message cache 1 (Closing connection 1)
[2025.05.28-11.37.50:629][380]LogHttp: Warning: Retry exhausted on https://datarouter.ol.epicgames.com/datarouter/api/v1/public/data?SessionID=%7B1ADDE270-47C2-2441-0649-9998114C988D%7D&AppID=UEEditor.Rocket.Release&AppVersion=4.27.2-18319896%2B%2B%2BUE4%2BRelease-4.27&UserID=8f81e17f46360d0d130dba9b6452456c%7C047f60e4029c4fa180fd4031df82706c%7C82fea602-2be7-42e1-a651-dfe5ff9bb82e&AppEnvironment=datacollector-binary&UploadType=eteventstream
[2025.05.28-11.38.01:895][652]LogSlate: Updating window title bar state: overlay mode, drag disabled, window buttons hidden, title bar hidden
[2025.05.28-11.38.01:895][652]LogWorld: BeginTearingDown for /Game/VRTemplate/Maps/UEDPIE_0_VRTemplateMap
[2025.05.28-11.38.01:895][652]LogWorld: UWorld::CleanupWorld for VRTemplateMap, bSessionEnded=true, bCleanupResources=true
[2025.05.28-11.38.01:896][652]LogSlate: InvalidateAllWidgets triggered.  All widgets were invalidated
[2025.05.28-11.38.01:950][652]LogPlayLevel: Display: Shutting down PIE online subsystems
[2025.05.28-11.38.01:970][652]LogSlate: InvalidateAllWidgets triggered.  All widgets were invalidated
[2025.05.28-11.38.02:005][652]LogAudio: Display: Audio Device unregistered from world 'None'.
[2025.05.28-11.38.02:006][652]LogResonanceAudio: Display: Resonance Audio Listener is shutdown
[2025.05.28-11.38.02:006][652]LogAudioMixer: FMixerPlatformXAudio2::StopAudioStream() called
[2025.05.28-11.38.02:007][652]LogAudioMixer: FMixerPlatformXAudio2::StopAudioStream() called
[2025.05.28-11.38.02:009][652]LogSlate: Updating window title bar state: overlay mode, drag disabled, window buttons hidden, title bar hidden
[2025.05.28-11.38.02:032][652]LogUObjectHash: Compacting FUObjectHashTables data took   3.59ms
[2025.05.28-11.38.02:074][653]LogPlayLevel: Display: Destroying online subsystem :Context_6
[2025.05.28-11.38.15:581][ 36]LogAssetEditorSubsystem: Opening Asset editor for WidgetBlueprint /Game/Andrey/Inventory/Inventory_WD.Inventory_WD
[2025.05.28-11.38.19:699][117]LogWorld: UWorld::CleanupWorld for World_6, bSessionEnded=true, bCleanupResources=true
[2025.05.28-11.38.19:699][117]LogSlate: InvalidateAllWidgets triggered.  All widgets were invalidated
[2025.05.28-11.38.19:709][117]LogWorld: UWorld::CleanupWorld for World_5, bSessionEnded=true, bCleanupResources=true
[2025.05.28-11.38.19:709][117]LogSlate: InvalidateAllWidgets triggered.  All widgets were invalidated
[2025.05.28-11.38.28:623][270]LogAssetEditorSubsystem: Opening Asset editor for Blueprint /Game/Andrey/Menu/BP_Menu.BP_menu
[2025.05.28-11.38.35:910][426]LogWorld: UWorld::CleanupWorld for World_8, bSessionEnded=true, bCleanupResources=true
[2025.05.28-11.38.35:911][426]LogSlate: InvalidateAllWidgets triggered.  All widgets were invalidated
[2025.05.28-11.38.41:135][514]LogAssetEditorSubsystem: Opening Asset editor for Blueprint /Game/Andrey/Menu/BP_test_menu.BP_test_menu
[2025.05.28-11.38.44:892][585]LogWorld: UWorld::CleanupWorld for World_9, bSessionEnded=true, bCleanupResources=true
[2025.05.28-11.38.44:892][585]LogSlate: InvalidateAllWidgets triggered.  All widgets were invalidated
[2025.05.28-11.38.47:620][642]LogAssetEditorSubsystem: Opening Asset editor for WidgetBlueprint /Game/Andrey/Menu/WD_Menu.WD_Menu
[2025.05.28-11.38.49:209][675]LogHttp: Warning: 000001939F904800: invalid HTTP response code received. URL: https://datarouter.ol.epicgames.com/datarouter/api/v1/public/data?SessionID=%7B1ADDE270-47C2-2441-0649-9998114C988D%7D&AppID=UEEditor.Rocket.Release&AppVersion=4.27.2-18319896%2B%2B%2BUE4%2BRelease-4.27&UserID=8f81e17f46360d0d130dba9b6452456c%7C047f60e4029c4fa180fd4031df82706c%7C82fea602-2be7-42e1-a651-dfe5ff9bb82e&AppEnvironment=datacollector-binary&UploadType=eteventstream, HTTP code: 0, content length: 0, actual payload size: 0
[2025.05.28-11.38.49:209][675]LogHttp: Warning: 000001939F904800: request failed, libcurl error: 6 (Couldn't resolve host name)
[2025.05.28-11.38.49:209][675]LogHttp: Warning: 000001939F904800: libcurl info message cache 0 (Could not resolve host: datarouter.ol.epicgames.com)
[2025.05.28-11.38.49:209][675]LogHttp: Warning: 000001939F904800: libcurl info message cache 1 (Closing connection 2)
[2025.05.28-11.38.49:243][676]LogHttp: Warning: Retry exhausted on https://datarouter.ol.epicgames.com/datarouter/api/v1/public/data?SessionID=%7B1ADDE270-47C2-2441-0649-9998114C988D%7D&AppID=UEEditor.Rocket.Release&AppVersion=4.27.2-18319896%2B%2B%2BUE4%2BRelease-4.27&UserID=8f81e17f46360d0d130dba9b6452456c%7C047f60e4029c4fa180fd4031df82706c%7C82fea602-2be7-42e1-a651-dfe5ff9bb82e&AppEnvironment=datacollector-binary&UploadType=eteventstream
[2025.05.28-11.39.02:404][ 37]LogWorld: UWorld::CleanupWorld for World_13, bSessionEnded=true, bCleanupResources=true
[2025.05.28-11.39.02:404][ 37]LogSlate: InvalidateAllWidgets triggered.  All widgets were invalidated
[2025.05.28-11.39.02:414][ 37]LogWorld: UWorld::CleanupWorld for World_12, bSessionEnded=true, bCleanupResources=true
[2025.05.28-11.39.02:414][ 37]LogSlate: InvalidateAllWidgets triggered.  All widgets were invalidated
[2025.05.28-11.39.04:743][ 86]LogRenderer: Reallocating scene render targets to support 964x528 Format 9 NumSamples 4 (Frame:1).
[2025.05.28-11.39.13:073][313]LogActorComponent: UnregisterComponent: (/Engine/Transient.EditorFloorComp) Not registered. Aborting.
[2025.05.28-11.39.13:073][313]LogWorld: UWorld::CleanupWorld for World_4, bSessionEnded=true, bCleanupResources=true
[2025.05.28-11.39.13:073][313]LogSlate: InvalidateAllWidgets triggered.  All widgets were invalidated
[2025.05.28-11.39.14:866][350]LogAssetEditorSubsystem: Opening Asset editor for Blueprint /Game/Andrey/Menu/BP_test_menu.BP_test_menu
[2025.05.28-11.39.47:542][226]LogHttp: Warning: 000001939EF53900: invalid HTTP response code received. URL: https://datarouter.ol.epicgames.com/datarouter/api/v1/public/data?SessionID=%7B1ADDE270-47C2-2441-0649-9998114C988D%7D&AppID=UEEditor.Rocket.Release&AppVersion=4.27.2-18319896%2B%2B%2BUE4%2BRelease-4.27&UserID=8f81e17f46360d0d130dba9b6452456c%7C047f60e4029c4fa180fd4031df82706c%7C82fea602-2be7-42e1-a651-dfe5ff9bb82e&AppEnvironment=datacollector-binary&UploadType=eteventstream, HTTP code: 0, content length: 0, actual payload size: 0
[2025.05.28-11.39.47:543][226]LogHttp: Warning: 000001939EF53900: request failed, libcurl error: 6 (Couldn't resolve host name)
[2025.05.28-11.39.47:543][226]LogHttp: Warning: 000001939EF53900: libcurl info message cache 0 (Could not resolve host: datarouter.ol.epicgames.com)
[2025.05.28-11.39.47:543][226]LogHttp: Warning: 000001939EF53900: libcurl info message cache 1 (Closing connection 3)
[2025.05.28-11.39.47:543][226]LogHttp: Warning: Retry exhausted on https://datarouter.ol.epicgames.com/datarouter/api/v1/public/data?SessionID=%7B1ADDE270-47C2-2441-0649-9998114C988D%7D&AppID=UEEditor.Rocket.Release&AppVersion=4.27.2-18319896%2B%2B%2BUE4%2BRelease-4.27&UserID=8f81e17f46360d0d130dba9b6452456c%7C047f60e4029c4fa180fd4031df82706c%7C82fea602-2be7-42e1-a651-dfe5ff9bb82e&AppEnvironment=datacollector-binary&UploadType=eteventstream
[2025.05.28-11.40.06:349][673]LogWorld: UWorld::CleanupWorld for World_14, bSessionEnded=true, bCleanupResources=true
[2025.05.28-11.40.06:349][673]LogSlate: InvalidateAllWidgets triggered.  All widgets were invalidated
[2025.05.28-11.40.08:709][719]LogAssetEditorSubsystem: Opening Asset editor for Blueprint /Game/Andrey/Menu/BP_test_menu_2.BP_test_menu_2
[2025.05.28-11.40.19:691][938]LogWorld: UWorld::CleanupWorld for World_15, bSessionEnded=true, bCleanupResources=true
[2025.05.28-11.40.19:691][938]LogSlate: InvalidateAllWidgets triggered.  All widgets were invalidated
[2025.05.28-11.40.21:752][998]LogEditorViewport: Clicking on Actor (LMB): BP_menu_C (BP_menu2)
[2025.05.28-11.40.34:109][235]LogAssetEditorSubsystem: Opening Asset editor for Blueprint /Game/Andrey/Menu/BP_Menu.BP_menu
[2025.05.28-11.40.49:557][548]LogHttp: Warning: 00000193AAB92400: invalid HTTP response code received. URL: https://datarouter.ol.epicgames.com/datarouter/api/v1/public/data?SessionID=%7B1ADDE270-47C2-2441-0649-9998114C988D%7D&AppID=UEEditor.Rocket.Release&AppVersion=4.27.2-18319896%2B%2B%2BUE4%2BRelease-4.27&UserID=8f81e17f46360d0d130dba9b6452456c%7C047f60e4029c4fa180fd4031df82706c%7C82fea602-2be7-42e1-a651-dfe5ff9bb82e&AppEnvironment=datacollector-binary&UploadType=eteventstream, HTTP code: 0, content length: 0, actual payload size: 0
[2025.05.28-11.40.49:557][548]LogHttp: Warning: 00000193AAB92400: request failed, libcurl error: 6 (Couldn't resolve host name)
[2025.05.28-11.40.49:557][548]LogHttp: Warning: 00000193AAB92400: libcurl info message cache 0 (Could not resolve host: datarouter.ol.epicgames.com)
[2025.05.28-11.40.49:557][548]LogHttp: Warning: 00000193AAB92400: libcurl info message cache 1 (Closing connection 4)
[2025.05.28-11.40.49:557][548]LogHttp: Warning: Retry exhausted on https://datarouter.ol.epicgames.com/datarouter/api/v1/public/data?SessionID=%7B1ADDE270-47C2-2441-0649-9998114C988D%7D&AppID=UEEditor.Rocket.Release&AppVersion=4.27.2-18319896%2B%2B%2BUE4%2BRelease-4.27&UserID=8f81e17f46360d0d130dba9b6452456c%7C047f60e4029c4fa180fd4031df82706c%7C82fea602-2be7-42e1-a651-dfe5ff9bb82e&AppEnvironment=datacollector-binary&UploadType=eteventstream
[2025.05.28-11.41.13:249][220]BlueprintLog: New page: Compile BP_menu
[2025.05.28-11.41.13:429][220]LogUObjectHash: Compacting FUObjectHashTables data took   6.37ms
[2025.05.28-11.41.13:461][220]LogSlate: Took 0.001293 seconds to synchronously load lazily loaded font '../../../Engine/Content/Slate/Fonts/DroidSansMono.ttf' (77K)
[2025.05.28-11.41.14:454][236]Cmd: OBJ SAVEPACKAGE PACKAGE="/Game/Andrey/Menu/BP_Menu" FILE="../../../../../../Users/sasha/Documents/GitHub/unreal_project/Content/Andrey/Menu/BP_Menu.uasset" SILENT=true
[2025.05.28-11.41.14:461][236]LogSavePackage: Moving '../../../../../../Users/sasha/Documents/GitHub/unreal_project/Saved/BP_Menu73C2E027478EB075B620E7B8BF07D7E8.tmp' to '../../../../../../Users/sasha/Documents/GitHub/unreal_project/Content/Andrey/Menu/BP_Menu.uasset'
[2025.05.28-11.41.14:568][236]AssetCheck: New page: Asset Save: BP_menu
[2025.05.28-11.41.14:568][236]LogContentValidation: Display: Validating Blueprint /Game/Andrey/Menu/BP_Menu.BP_menu
[2025.05.28-11.41.15:293][248]LogWorld: UWorld::CleanupWorld for World_16, bSessionEnded=true, bCleanupResources=true
[2025.05.28-11.41.15:293][248]LogSlate: InvalidateAllWidgets triggered.  All widgets were invalidated
[2025.05.28-11.41.23:319][419]LogTemp: Repeating last play command: Simulate
[2025.05.28-11.41.23:327][419]LogPlayLevel: PlayLevel: No blueprints needed recompiling
[2025.05.28-11.41.23:327][419]PIE: New page: SIE session: VRTemplateMap (28 мая 2025 г., 17:41:23)
[2025.05.28-11.41.23:327][419]LogPlayLevel: Creating play world package: /Game/VRTemplate/Maps/UEDPIE_0_VRTemplateMap
[2025.05.28-11.41.23:337][419]LogPlayLevel: PIE: StaticDuplicateObject took: (0.009901s)
[2025.05.28-11.41.23:338][419]LogAIModule: Creating AISystem for world VRTemplateMap
[2025.05.28-11.41.23:338][419]LogPlayLevel: PIE: World Init took: (0.001171s)
[2025.05.28-11.41.23:338][419]LogPlayLevel: PIE: Created PIE world by copying editor world from /Game/VRTemplate/Maps/VRTemplateMap.VRTemplateMap to /Game/VRTemplate/Maps/UEDPIE_0_VRTemplateMap.VRTemplateMap (0.011219s)
[2025.05.28-11.41.23:422][419]LogUObjectHash: Compacting FUObjectHashTables data took   4.68ms
[2025.05.28-11.41.23:425][419]LogAudio: Display: Creating Audio Device:                 Id: 3, Scope: Unique, Realtime: True
[2025.05.28-11.41.23:425][419]LogAudioMixer: Display: Audio Mixer Platform Settings:
[2025.05.28-11.41.23:425][419]LogAudioMixer: Display: 	Sample Rate:						  48000
[2025.05.28-11.41.23:425][419]LogAudioMixer: Display: 	Callback Buffer Frame Size Requested: 1024
[2025.05.28-11.41.23:425][419]LogAudioMixer: Display: 	Callback Buffer Frame Size To Use:	  1024
[2025.05.28-11.41.23:425][419]LogAudioMixer: Display: 	Number of buffers to queue:			  1
[2025.05.28-11.41.23:425][419]LogAudioMixer: Display: 	Max Channels (voices):				  0
[2025.05.28-11.41.23:425][419]LogAudioMixer: Display: 	Number of Async Source Workers:		  4
[2025.05.28-11.41.23:425][419]LogAudio: Display: AudioDevice MaxSources: 32
[2025.05.28-11.41.23:426][419]LogAudio: Display: Audio Spatialization Plugin: Resonance Audio is external send: 1
[2025.05.28-11.41.23:426][419]LogAudio: Display: Audio Reverb Plugin: Resonance Audio
[2025.05.28-11.41.23:426][419]LogAudio: Display: Audio Occlusion Plugin: None (built-in).
[2025.05.28-11.41.23:426][419]LogAudioMixer: Display: Initializing audio mixer.
[2025.05.28-11.41.23:435][419]LogAudioMixer: Display: 0: FrontLeft
[2025.05.28-11.41.23:435][419]LogAudioMixer: Display: 1: FrontRight
[2025.05.28-11.41.23:478][419]LogAudioMixer: Display: Using Audio Device Динамики (Realtek(R) Audio)
[2025.05.28-11.41.23:478][419]LogAudioMixer: Display: Initializing Sound Submixes...
[2025.05.28-11.41.23:478][419]LogAudioMixer: Display: Creating Master Submix 'MasterSubmixDefault'
[2025.05.28-11.41.23:478][419]LogAudioMixer: Display: Creating Master Submix 'MasterReverbSubmixDefault'
[2025.05.28-11.41.23:480][419]LogAudioMixer: Display: Creating Master Submix 'MasterEQSubmixDefault'
[2025.05.28-11.41.23:480][419]LogAudioMixer: FMixerPlatformXAudio2::StartAudioStream() called
[2025.05.28-11.41.23:480][419]LogAudioMixer: Display: Output buffers initialized: Frames=1024, Channels=2, Samples=2048
[2025.05.28-11.41.23:481][419]LogAudioMixer: Display: Starting AudioMixerPlatformInterface::RunInternal()
[2025.05.28-11.41.23:481][419]LogAudioMixer: Display: FMixerPlatformXAudio2::SubmitBuffer() called for the first time
[2025.05.28-11.41.23:481][419]LogInit: FAudioDevice initialized.
[2025.05.28-11.41.23:481][419]LogAudio: Display: Audio Device (ID: 3) registered with world 'VRTemplateMap'.
[2025.05.28-11.41.23:492][419]LogLoad: Game class is 'VRGameMode_C'
[2025.05.28-11.41.23:496][419]LogWorld: Bringing World /Game/VRTemplate/Maps/UEDPIE_0_VRTemplateMap.VRTemplateMap up for play (max tick rate 60) at 2025.05.28-14.41.23
[2025.05.28-11.41.23:497][419]LogWorld: Bringing up level for play took: 0.003484
[2025.05.28-11.41.23:497][419]LogOnline: OSS: Creating online subsystem instance for: :Context_19
[2025.05.28-11.41.23:499][419]LogSpawn: Warning: SpawnActor failed because no class was specified
[2025.05.28-11.41.23:501][419]PIE: Server logged in
[2025.05.28-11.41.23:502][419]PIE: Play in editor total start time 0,177 seconds.
[2025.05.28-11.41.23:547][420]LogResonanceAudio: Display: Resonance Audio Listener is initialized
[2025.05.28-11.41.25:844][477]LogSlate: Updating window title bar state: overlay mode, drag disabled, window buttons hidden, title bar hidden
[2025.05.28-11.41.25:844][477]LogWorld: BeginTearingDown for /Game/VRTemplate/Maps/UEDPIE_0_VRTemplateMap
[2025.05.28-11.41.25:844][477]LogWorld: UWorld::CleanupWorld for VRTemplateMap, bSessionEnded=true, bCleanupResources=true
[2025.05.28-11.41.25:845][477]LogSlate: InvalidateAllWidgets triggered.  All widgets were invalidated
[2025.05.28-11.41.25:894][477]LogPlayLevel: Display: Shutting down PIE online subsystems
[2025.05.28-11.41.25:904][477]LogSlate: InvalidateAllWidgets triggered.  All widgets were invalidated
[2025.05.28-11.41.25:927][477]LogAudio: Display: Audio Device unregistered from world 'None'.
[2025.05.28-11.41.25:928][477]LogResonanceAudio: Display: Resonance Audio Listener is shutdown
[2025.05.28-11.41.25:928][477]LogAudioMixer: FMixerPlatformXAudio2::StopAudioStream() called
[2025.05.28-11.41.25:929][477]LogAudioMixer: FMixerPlatformXAudio2::StopAudioStream() called
[2025.05.28-11.41.25:932][477]LogSlate: Updating window title bar state: overlay mode, drag disabled, window buttons hidden, title bar hidden
[2025.05.28-11.41.25:938][477]LogUObjectHash: Compacting FUObjectHashTables data took   3.06ms
[2025.05.28-11.41.25:970][478]LogPlayLevel: Display: Destroying online subsystem :Context_19
[2025.05.28-11.41.35:225][648]LogUObjectHash: Compacting FUObjectHashTables data took   2.32ms
[2025.05.28-11.41.37:980][648]LogSlate: Window 'Save Content' being destroyed
[2025.05.28-11.41.38:071][648]LogUObjectHash: Compacting FUObjectHashTables data took   0.63ms
[2025.05.28-11.41.38:118][648]LogSavePackage: Moving '../../../../../../Users/sasha/Documents/GitHub/unreal_project/Saved/VRTemplateMap2D1D6EC64727C14CBA407B976E87679B.tmp' to '../../../../../../Users/sasha/Documents/GitHub/unreal_project/Content/VRTemplate/Maps/VRTemplateMap.umap'
[2025.05.28-11.41.38:139][648]LogFileHelpers: Saving map 'VRTemplateMap' took 0.095
[2025.05.28-11.41.38:314][648]LogAssetEditorSubsystem: Opening Asset editor for World /Game/StarterContent/Maps/Minimal_Default.Minimal_Default
[2025.05.28-11.41.38:314][648]Cmd: MAP LOAD FILE="../../../../../../Users/sasha/Documents/GitHub/unreal_project/Content/StarterContent/Maps/Minimal_Default.umap" TEMPLATE=0 SHOWPROGRESS=1 FEATURELEVEL=3
[2025.05.28-11.41.38:314][648]LightingResults: New page: Lighting Build
[2025.05.28-11.41.38:314][648]LoadErrors: New page: Loading map: Minimal_Default.umap
[2025.05.28-11.41.38:318][648]LogWorld: UWorld::CleanupWorld for VRTemplateMap, bSessionEnded=true, bCleanupResources=true
[2025.05.28-11.41.38:318][648]LogSlate: InvalidateAllWidgets triggered.  All widgets were invalidated
[2025.05.28-11.41.38:318][648]MapCheck: New page: Map Check
[2025.05.28-11.41.38:318][648]LightingResults: New page: Lighting Build
[2025.05.28-11.41.38:341][648]LogAudio: Display: Audio Device unregistered from world 'None'.
[2025.05.28-11.41.38:352][648]LogUObjectHash: Compacting FUObjectHashTables data took   3.18ms
[2025.05.28-11.41.38:352][648]LogAudio: Display: Audio Device (ID: 1) registered with world 'Minimal_Default'.
[2025.05.28-11.41.38:360][648]LogEditorServer: Finished looking for orphan Actors (0.000 secs)
[2025.05.28-11.41.38:360][648]LogAIModule: Creating AISystem for world Minimal_Default
[2025.05.28-11.41.38:386][648]LogUObjectHash: Compacting FUObjectHashTables data took   2.19ms
[2025.05.28-11.41.38:404][648]Cmd: MAP CHECKDEP NOCLEARLOG
[2025.05.28-11.41.38:404][648]MapCheck: Map check complete: 0 Error(s), 0 Warning(s), took 0,137ms to complete.
[2025.05.28-11.41.38:405][648]LogFileHelpers: Loading map 'Minimal_Default' took 0.090
[2025.05.28-11.41.38:454][648]AssetCheck: New page: Asset Save: VRTemplateMap
[2025.05.28-11.41.38:454][648]LogContentValidation: Display: Validating World /Game/VRTemplate/Maps/VRTemplateMap.VRTemplateMap
[2025.05.28-11.41.40:173][696]LogTemp: Repeating last play command: Simulate
[2025.05.28-11.41.40:182][696]LogPlayLevel: PlayLevel: No blueprints needed recompiling
[2025.05.28-11.41.40:182][696]PIE: New page: SIE session: Minimal_Default (28 мая 2025 г., 17:41:40)
[2025.05.28-11.41.40:182][696]LogPlayLevel: Creating play world package: /Game/StarterContent/Maps/UEDPIE_0_Minimal_Default
[2025.05.28-11.41.40:187][696]LogPlayLevel: PIE: StaticDuplicateObject took: (0.005151s)
[2025.05.28-11.41.40:188][696]LogAIModule: Creating AISystem for world Minimal_Default
[2025.05.28-11.41.40:188][696]LogPlayLevel: PIE: World Init took: (0.001318s)
[2025.05.28-11.41.40:188][696]LogPlayLevel: PIE: Created PIE world by copying editor world from /Game/StarterContent/Maps/Minimal_Default.Minimal_Default to /Game/StarterContent/Maps/UEDPIE_0_Minimal_Default.Minimal_Default (0.006627s)
[2025.05.28-11.41.40:246][696]LogUObjectHash: Compacting FUObjectHashTables data took   2.52ms
[2025.05.28-11.41.40:247][696]LogAudio: Display: Creating Audio Device:                 Id: 4, Scope: Unique, Realtime: True
[2025.05.28-11.41.40:248][696]LogAudioMixer: Display: Audio Mixer Platform Settings:
[2025.05.28-11.41.40:248][696]LogAudioMixer: Display: 	Sample Rate:						  48000
[2025.05.28-11.41.40:248][696]LogAudioMixer: Display: 	Callback Buffer Frame Size Requested: 1024
[2025.05.28-11.41.40:248][696]LogAudioMixer: Display: 	Callback Buffer Frame Size To Use:	  1024
[2025.05.28-11.41.40:248][696]LogAudioMixer: Display: 	Number of buffers to queue:			  1
[2025.05.28-11.41.40:248][696]LogAudioMixer: Display: 	Max Channels (voices):				  0
[2025.05.28-11.41.40:248][696]LogAudioMixer: Display: 	Number of Async Source Workers:		  4
[2025.05.28-11.41.40:248][696]LogAudio: Display: AudioDevice MaxSources: 32
[2025.05.28-11.41.40:248][696]LogAudio: Display: Audio Spatialization Plugin: Resonance Audio is external send: 1
[2025.05.28-11.41.40:248][696]LogAudio: Display: Audio Reverb Plugin: Resonance Audio
[2025.05.28-11.41.40:248][696]LogAudio: Display: Audio Occlusion Plugin: None (built-in).
[2025.05.28-11.41.40:248][696]LogAudioMixer: Display: Initializing audio mixer.
[2025.05.28-11.41.40:256][696]LogAudioMixer: Display: 0: FrontLeft
[2025.05.28-11.41.40:256][696]LogAudioMixer: Display: 1: FrontRight
[2025.05.28-11.41.40:298][696]LogAudioMixer: Display: Using Audio Device Динамики (Realtek(R) Audio)
[2025.05.28-11.41.40:299][696]LogAudioMixer: Display: Initializing Sound Submixes...
[2025.05.28-11.41.40:299][696]LogAudioMixer: Display: Creating Master Submix 'MasterSubmixDefault'
[2025.05.28-11.41.40:299][696]LogAudioMixer: Display: Creating Master Submix 'MasterReverbSubmixDefault'
[2025.05.28-11.41.40:299][696]LogAudioMixer: Display: Creating Master Submix 'MasterEQSubmixDefault'
[2025.05.28-11.41.40:299][696]LogAudioMixer: FMixerPlatformXAudio2::StartAudioStream() called
[2025.05.28-11.41.40:299][696]LogAudioMixer: Display: Output buffers initialized: Frames=1024, Channels=2, Samples=2048
[2025.05.28-11.41.40:300][696]LogAudioMixer: Display: Starting AudioMixerPlatformInterface::RunInternal()
[2025.05.28-11.41.40:300][696]LogAudioMixer: Display: FMixerPlatformXAudio2::SubmitBuffer() called for the first time
[2025.05.28-11.41.40:300][696]LogInit: FAudioDevice initialized.
[2025.05.28-11.41.40:300][696]LogAudio: Display: Audio Device (ID: 4) registered with world 'Minimal_Default'.
[2025.05.28-11.41.40:307][696]LogLoad: Game class is 'VRGameMode_C'
[2025.05.28-11.41.40:308][696]LogWorld: Bringing World /Game/StarterContent/Maps/UEDPIE_0_Minimal_Default.Minimal_Default up for play (max tick rate 60) at 2025.05.28-14.41.40
[2025.05.28-11.41.40:308][696]LogWorld: Bringing up level for play took: 0.001095
[2025.05.28-11.41.40:309][696]LogOnline: OSS: Creating online subsystem instance for: :Context_20
[2025.05.28-11.41.40:311][696]LogSpawn: Warning: SpawnActor failed because no class was specified
[2025.05.28-11.41.40:312][696]PIE: Server logged in
[2025.05.28-11.41.40:313][696]PIE: Play in editor total start time 0,133 seconds.
[2025.05.28-11.41.40:328][696]LogResonanceAudio: Display: Resonance Audio Listener is initialized
[2025.05.28-11.41.43:209][780]LogEditorViewport: Clicking on Actor (LMB): VRPawn_C (VRPawn)
[2025.05.28-11.41.50:252][991]LogHttp: Warning: 00000193BC7CC100: invalid HTTP response code received. URL: https://datarouter.ol.epicgames.com/datarouter/api/v1/public/data?SessionID=%7B1ADDE270-47C2-2441-0649-9998114C988D%7D&AppID=UEEditor.Rocket.Release&AppVersion=4.27.2-18319896%2B%2B%2BUE4%2BRelease-4.27&UserID=8f81e17f46360d0d130dba9b6452456c%7C047f60e4029c4fa180fd4031df82706c%7C82fea602-2be7-42e1-a651-dfe5ff9bb82e&AppEnvironment=datacollector-binary&UploadType=eteventstream, HTTP code: 0, content length: 0, actual payload size: 0
[2025.05.28-11.41.50:252][991]LogHttp: Warning: 00000193BC7CC100: request failed, libcurl error: 6 (Couldn't resolve host name)
[2025.05.28-11.41.50:252][991]LogHttp: Warning: 00000193BC7CC100: libcurl info message cache 0 (Could not resolve host: datarouter.ol.epicgames.com)
[2025.05.28-11.41.50:252][991]LogHttp: Warning: 00000193BC7CC100: libcurl info message cache 1 (Closing connection 5)
[2025.05.28-11.41.50:286][992]LogHttp: Warning: Retry exhausted on https://datarouter.ol.epicgames.com/datarouter/api/v1/public/data?SessionID=%7B1ADDE270-47C2-2441-0649-9998114C988D%7D&AppID=UEEditor.Rocket.Release&AppVersion=4.27.2-18319896%2B%2B%2BUE4%2BRelease-4.27&UserID=8f81e17f46360d0d130dba9b6452456c%7C047f60e4029c4fa180fd4031df82706c%7C82fea602-2be7-42e1-a651-dfe5ff9bb82e&AppEnvironment=datacollector-binary&UploadType=eteventstream
[2025.05.28-11.41.52:253][ 51]LogNet: Browse: /Game/VRTemplate/Maps/VRTemplateMap
[2025.05.28-11.41.52:253][ 51]LogLoad: LoadMap: /Game/VRTemplate/Maps/VRTemplateMap
[2025.05.28-11.41.52:253][ 51]LogWorld: BeginTearingDown for /Game/StarterContent/Maps/UEDPIE_0_Minimal_Default
[2025.05.28-11.41.52:254][ 51]LogWorld: UWorld::CleanupWorld for Minimal_Default, bSessionEnded=true, bCleanupResources=true
[2025.05.28-11.41.52:254][ 51]LogSlate: InvalidateAllWidgets triggered.  All widgets were invalidated
[2025.05.28-11.41.52:303][ 51]LogAudio: Display: Audio Device unregistered from world 'None'.
[2025.05.28-11.41.52:308][ 51]LogUObjectHash: Compacting FUObjectHashTables data took   2.35ms
[2025.05.28-11.41.52:311][ 51]LogPlayLevel: Creating play world package: /Game/VRTemplate/Maps/UEDPIE_0_VRTemplateMap
[2025.05.28-11.41.52:319][ 51]LogPlayLevel: PIE: StaticDuplicateObject took: (0.008830s)
[2025.05.28-11.41.52:320][ 51]LogAIModule: Creating AISystem for world VRTemplateMap
[2025.05.28-11.41.52:321][ 51]LogPlayLevel: PIE: World Init took: (0.001154s)
[2025.05.28-11.41.52:321][ 51]LogPlayLevel: PIE: Created PIE world by copying editor world from /Game/VRTemplate/Maps/VRTemplateMap.VRTemplateMap to /Game/VRTemplate/Maps/UEDPIE_0_VRTemplateMap.VRTemplateMap (0.010143s)
[2025.05.28-11.41.52:321][ 51]LogAudio: Display: Audio Device (ID: 4) registered with world 'VRTemplateMap'.
[2025.05.28-11.41.52:321][ 51]LogLoad: Game class is 'VRGameMode_C'
[2025.05.28-11.41.52:325][ 51]LogWorld: Bringing World /Game/VRTemplate/Maps/UEDPIE_0_VRTemplateMap.VRTemplateMap up for play (max tick rate 60) at 2025.05.28-14.41.52
[2025.05.28-11.41.52:325][ 51]LogWorld: Bringing up level for play took: 0.003011
[2025.05.28-11.41.52:326][ 51]LogSpawn: Warning: SpawnActor failed because no class was specified
[2025.05.28-11.41.52:328][ 51]LogSpawn: Warning: SpawnActor failed because of collision at the spawn location [X=-100.000 Y=0.000 Z=0.000] for [VRPawn_C]
[2025.05.28-11.41.52:328][ 51]LogGameMode: Warning: SpawnDefaultPawnAtTransform: Couldn't spawn Pawn of type VRPawn_C at Rotation: Pitch 0.000000 Yaw 0.000000 Roll 0.000000
Translation: -100.000000 0.000000 0.000000
Scale3D: 1.000000 1.000000 1.000000

[2025.05.28-11.41.52:330][ 51]LogLoad: Took 0.077265 seconds to LoadMap(/Game/VRTemplate/Maps/UEDPIE_0_VRTemplateMap)
[2025.05.28-11.42.24:878][869]LogWindowsTextInputMethodSystem: Display: IME system deactivated.
[2025.05.28-11.42.24:878][869]LogWindowsTextInputMethodSystem: Display: IME system deactivated.
[2025.05.28-11.42.39:505][213]LogSpawn: Warning: SpawnActor failed because of collision at the spawn location [X=-100.000 Y=0.000 Z=0.000] for [VRPawn_C]
[2025.05.28-11.42.39:505][213]LogGameMode: Warning: SpawnDefaultPawnAtTransform: Couldn't spawn Pawn of type VRPawn_C at Rotation: Pitch 0.000000 Yaw 0.000000 Roll 0.000000
Translation: -100.000000 0.000000 0.000000
Scale3D: 1.000000 1.000000 1.000000

[2025.05.28-11.42.50:336][461]LogHttp: Warning: 00000193BBDCAB00: invalid HTTP response code received. URL: https://datarouter.ol.epicgames.com/datarouter/api/v1/public/data?SessionID=%7B1ADDE270-47C2-2441-0649-9998114C988D%7D&AppID=UEEditor.Rocket.Release&AppVersion=4.27.2-18319896%2B%2B%2BUE4%2BRelease-4.27&UserID=8f81e17f46360d0d130dba9b6452456c%7C047f60e4029c4fa180fd4031df82706c%7C82fea602-2be7-42e1-a651-dfe5ff9bb82e&AppEnvironment=datacollector-binary&UploadType=eteventstream, HTTP code: 0, content length: 0, actual payload size: 0
[2025.05.28-11.42.50:336][461]LogHttp: Warning: 00000193BBDCAB00: request failed, libcurl error: 6 (Couldn't resolve host name)
[2025.05.28-11.42.50:336][461]LogHttp: Warning: 00000193BBDCAB00: libcurl info message cache 0 (Could not resolve host: datarouter.ol.epicgames.com)
[2025.05.28-11.42.50:336][461]LogHttp: Warning: 00000193BBDCAB00: libcurl info message cache 1 (Closing connection 6)
[2025.05.28-11.42.50:369][462]LogHttp: Warning: Retry exhausted on https://datarouter.ol.epicgames.com/datarouter/api/v1/public/data?SessionID=%7B1ADDE270-47C2-2441-0649-9998114C988D%7D&AppID=UEEditor.Rocket.Release&AppVersion=4.27.2-18319896%2B%2B%2BUE4%2BRelease-4.27&UserID=8f81e17f46360d0d130dba9b6452456c%7C047f60e4029c4fa180fd4031df82706c%7C82fea602-2be7-42e1-a651-dfe5ff9bb82e&AppEnvironment=datacollector-binary&UploadType=eteventstream
[2025.05.28-11.43.10:006][982]LogEditorViewport: Clicking on Actor (LMB): BP_Sky_Sphere_C (SkySpherePC2)
[2025.05.28-11.43.10:516][997]LogEditorViewport: Clicking on Actor (LMB): BP_Sky_Sphere_C (SkySpherePC2)
[2025.05.28-11.43.26:351][472]LogEditorViewport: Clicking on Actor (LMB): BP_Sky_Sphere_C (SkySpherePC2)
[2025.05.28-11.43.26:685][482]LogEditorViewport: Clicking on Actor (LMB): BP_Sky_Sphere_C (SkySpherePC2)
[2025.05.28-11.43.27:019][492]LogEditorViewport: Clicking on Actor (LMB): BP_Sky_Sphere_C (SkySpherePC2)
[2025.05.28-11.43.27:253][499]LogEditorViewport: Clicking on Actor (LMB): BP_Sky_Sphere_C (SkySpherePC2)
[2025.05.28-11.43.27:553][508]LogEditorViewport: Clicking on Actor (LMB): BP_Sky_Sphere_C (SkySpherePC2)
[2025.05.28-11.43.28:125][525]LogEditorViewport: Clicking on Actor (LMB): BP_Sky_Sphere_C (SkySpherePC2)
[2025.05.28-11.43.39:423][787]LogSlate: Updating window title bar state: overlay mode, drag disabled, window buttons hidden, title bar hidden
[2025.05.28-11.43.39:423][787]LogWorld: BeginTearingDown for /Game/VRTemplate/Maps/UEDPIE_0_VRTemplateMap
[2025.05.28-11.43.39:424][787]LogWorld: UWorld::CleanupWorld for VRTemplateMap, bSessionEnded=true, bCleanupResources=true
[2025.05.28-11.43.39:424][787]LogSlate: InvalidateAllWidgets triggered.  All widgets were invalidated
[2025.05.28-11.43.39:465][787]LogPlayLevel: Display: Shutting down PIE online subsystems
[2025.05.28-11.43.39:469][787]LogSlate: InvalidateAllWidgets triggered.  All widgets were invalidated
[2025.05.28-11.43.39:491][787]LogAudio: Display: Audio Device unregistered from world 'None'.
[2025.05.28-11.43.39:491][787]LogResonanceAudio: Display: Resonance Audio Listener is shutdown
[2025.05.28-11.43.39:491][787]LogAudioMixer: FMixerPlatformXAudio2::StopAudioStream() called
[2025.05.28-11.43.39:493][787]LogAudioMixer: FMixerPlatformXAudio2::StopAudioStream() called
[2025.05.28-11.43.39:494][787]LogSlate: Updating window title bar state: overlay mode, drag disabled, window buttons hidden, title bar hidden
[2025.05.28-11.43.39:500][787]LogUObjectHash: Compacting FUObjectHashTables data took   2.72ms
[2025.05.28-11.43.39:525][788]LogPlayLevel: Display: Destroying online subsystem :Context_20
[2025.05.28-11.43.43:664][910]LogEditorViewport: Clicking on Actor (LMB): BP_WidgetHolder_C (BP_WidgetHolder)
[2025.05.28-11.43.46:268][989]LogHttp: Warning: 00000193ABF0B900: invalid HTTP response code received. URL: https://datarouter.ol.epicgames.com/datarouter/api/v1/public/data?SessionID=%7B1ADDE270-47C2-2441-0649-9998114C988D%7D&AppID=UEEditor.Rocket.Release&AppVersion=4.27.2-18319896%2B%2B%2BUE4%2BRelease-4.27&UserID=8f81e17f46360d0d130dba9b6452456c%7C047f60e4029c4fa180fd4031df82706c%7C82fea602-2be7-42e1-a651-dfe5ff9bb82e&AppEnvironment=datacollector-binary&UploadType=eteventstream, HTTP code: 0, content length: 0, actual payload size: 0
[2025.05.28-11.43.46:268][989]LogHttp: Warning: 00000193ABF0B900: request failed, libcurl error: 6 (Couldn't resolve host name)
[2025.05.28-11.43.46:268][989]LogHttp: Warning: 00000193ABF0B900: libcurl info message cache 0 (Could not resolve host: datarouter.ol.epicgames.com)
[2025.05.28-11.43.46:268][989]LogHttp: Warning: 00000193ABF0B900: libcurl info message cache 1 (Closing connection 7)
[2025.05.28-11.43.46:300][990]LogHttp: Warning: Retry exhausted on https://datarouter.ol.epicgames.com/datarouter/api/v1/public/data?SessionID=%7B1ADDE270-47C2-2441-0649-9998114C988D%7D&AppID=UEEditor.Rocket.Release&AppVersion=4.27.2-18319896%2B%2B%2BUE4%2BRelease-4.27&UserID=8f81e17f46360d0d130dba9b6452456c%7C047f60e4029c4fa180fd4031df82706c%7C82fea602-2be7-42e1-a651-dfe5ff9bb82e&AppEnvironment=datacollector-binary&UploadType=eteventstream
[2025.05.28-11.43.46:573][997]LogEditorViewport: Clicking on Actor (LMB): BP_Sky_Sphere_C (BP_Sky_Sphere)
[2025.05.28-11.43.47:249][ 17]LogEditorViewport: Clicking on Actor (LMB): BP_Sky_Sphere_C (BP_Sky_Sphere)
[2025.05.28-11.44.00:735][346]LogUObjectHash: Compacting FUObjectHashTables data took   2.10ms
[2025.05.28-11.44.00:845][346]LogAssetEditorSubsystem: Opening Asset editor for World /Game/VRTemplate/Maps/VRTemplateMap.VRTemplateMap
[2025.05.28-11.44.00:845][346]Cmd: MAP LOAD FILE="../../../../../../Users/sasha/Documents/GitHub/unreal_project/Content/VRTemplate/Maps/VRTemplateMap.umap" TEMPLATE=0 SHOWPROGRESS=1 FEATURELEVEL=3
[2025.05.28-11.44.00:845][346]LightingResults: New page: Lighting Build
[2025.05.28-11.44.00:845][346]LoadErrors: New page: Loading map: VRTemplateMap.umap
[2025.05.28-11.44.00:848][346]LogWorld: UWorld::CleanupWorld for Minimal_Default, bSessionEnded=true, bCleanupResources=true
[2025.05.28-11.44.00:850][346]LogSlate: InvalidateAllWidgets triggered.  All widgets were invalidated
[2025.05.28-11.44.00:850][346]MapCheck: New page: Map Check
[2025.05.28-11.44.00:850][346]LightingResults: New page: Lighting Build
[2025.05.28-11.44.00:872][346]LogAudio: Display: Audio Device unregistered from world 'None'.
[2025.05.28-11.44.00:883][346]LogUObjectHash: Compacting FUObjectHashTables data took   2.43ms
[2025.05.28-11.44.00:884][346]LogAudio: Display: Audio Device (ID: 1) registered with world 'VRTemplateMap'.
[2025.05.28-11.44.00:909][346]LogEditorServer: Finished looking for orphan Actors (0.000 secs)
[2025.05.28-11.44.00:909][346]LogAIModule: Creating AISystem for world VRTemplateMap
[2025.05.28-11.44.00:938][346]LogUObjectHash: Compacting FUObjectHashTables data took   2.06ms
[2025.05.28-11.44.00:953][346]Cmd: MAP CHECKDEP NOCLEARLOG
[2025.05.28-11.44.00:953][346]MapCheck: Map check complete: 0 Error(s), 0 Warning(s), took 0,124ms to complete.
[2025.05.28-11.44.00:953][346]LogFileHelpers: Loading map 'VRTemplateMap' took 0.108
[2025.05.28-11.44.07:846][550]LogEditorViewport: Clicking on Actor (LMB): PlayerStart (Player Start)
[2025.05.28-11.44.49:236][843]LogHttp: Warning: 00000193BAA7B900: invalid HTTP response code received. URL: https://datarouter.ol.epicgames.com/datarouter/api/v1/public/data?SessionID=%7B1ADDE270-47C2-2441-0649-9998114C988D%7D&AppID=UEEditor.Rocket.Release&AppVersion=4.27.2-18319896%2B%2B%2BUE4%2BRelease-4.27&UserID=8f81e17f46360d0d130dba9b6452456c%7C047f60e4029c4fa180fd4031df82706c%7C82fea602-2be7-42e1-a651-dfe5ff9bb82e&AppEnvironment=datacollector-binary&UploadType=eteventstream, HTTP code: 0, content length: 0, actual payload size: 0
[2025.05.28-11.44.49:236][843]LogHttp: Warning: 00000193BAA7B900: request failed, libcurl error: 6 (Couldn't resolve host name)
[2025.05.28-11.44.49:236][843]LogHttp: Warning: 00000193BAA7B900: libcurl info message cache 0 (Could not resolve host: datarouter.ol.epicgames.com)
[2025.05.28-11.44.49:236][843]LogHttp: Warning: 00000193BAA7B900: libcurl info message cache 1 (Closing connection 8)
[2025.05.28-11.44.49:248][844]LogHttp: Warning: Retry exhausted on https://datarouter.ol.epicgames.com/datarouter/api/v1/public/data?SessionID=%7B1ADDE270-47C2-2441-0649-9998114C988D%7D&AppID=UEEditor.Rocket.Release&AppVersion=4.27.2-18319896%2B%2B%2BUE4%2BRelease-4.27&UserID=8f81e17f46360d0d130dba9b6452456c%7C047f60e4029c4fa180fd4031df82706c%7C82fea602-2be7-42e1-a651-dfe5ff9bb82e&AppEnvironment=datacollector-binary&UploadType=eteventstream
[2025.05.28-11.44.58:812][470]LogEditorViewport: Clicking on Actor (LMB): BP_Sky_Sphere_C (SkySpherePC2)
[2025.05.28-11.45.02:037][679]LogTemp: Repeating last play command: Simulate
[2025.05.28-11.45.02:045][679]LogPlayLevel: PlayLevel: No blueprints needed recompiling
[2025.05.28-11.45.02:045][679]PIE: New page: SIE session: VRTemplateMap (28 мая 2025 г., 17:45:02)
[2025.05.28-11.45.02:045][679]LogPlayLevel: Creating play world package: /Game/VRTemplate/Maps/UEDPIE_0_VRTemplateMap
[2025.05.28-11.45.02:058][679]LogPlayLevel: PIE: StaticDuplicateObject took: (0.012028s)
[2025.05.28-11.45.02:059][679]LogAIModule: Creating AISystem for world VRTemplateMap
[2025.05.28-11.45.02:059][679]LogPlayLevel: PIE: World Init took: (0.001198s)
[2025.05.28-11.45.02:059][679]LogPlayLevel: PIE: Created PIE world by copying editor world from /Game/VRTemplate/Maps/VRTemplateMap.VRTemplateMap to /Game/VRTemplate/Maps/UEDPIE_0_VRTemplateMap.VRTemplateMap (0.013449s)
[2025.05.28-11.45.02:089][679]LogUObjectHash: Compacting FUObjectHashTables data took   2.49ms
[2025.05.28-11.45.02:096][679]LogAudio: Display: Creating Audio Device:                 Id: 5, Scope: Unique, Realtime: True
[2025.05.28-11.45.02:097][679]LogAudioMixer: Display: Audio Mixer Platform Settings:
[2025.05.28-11.45.02:097][679]LogAudioMixer: Display: 	Sample Rate:						  48000
[2025.05.28-11.45.02:097][679]LogAudioMixer: Display: 	Callback Buffer Frame Size Requested: 1024
[2025.05.28-11.45.02:097][679]LogAudioMixer: Display: 	Callback Buffer Frame Size To Use:	  1024
[2025.05.28-11.45.02:097][679]LogAudioMixer: Display: 	Number of buffers to queue:			  1
[2025.05.28-11.45.02:097][679]LogAudioMixer: Display: 	Max Channels (voices):				  0
[2025.05.28-11.45.02:097][679]LogAudioMixer: Display: 	Number of Async Source Workers:		  4
[2025.05.28-11.45.02:097][679]LogAudio: Display: AudioDevice MaxSources: 32
[2025.05.28-11.45.02:097][679]LogAudio: Display: Audio Spatialization Plugin: Resonance Audio is external send: 1
[2025.05.28-11.45.02:097][679]LogAudio: Display: Audio Reverb Plugin: Resonance Audio
[2025.05.28-11.45.02:097][679]LogAudio: Display: Audio Occlusion Plugin: None (built-in).
[2025.05.28-11.45.02:097][679]LogAudioMixer: Display: Initializing audio mixer.
[2025.05.28-11.45.02:107][679]LogAudioMixer: Display: 0: FrontLeft
[2025.05.28-11.45.02:107][679]LogAudioMixer: Display: 1: FrontRight
[2025.05.28-11.45.02:152][679]LogAudioMixer: Display: Using Audio Device Динамики (Realtek(R) Audio)
[2025.05.28-11.45.02:153][679]LogAudioMixer: Display: Initializing Sound Submixes...
[2025.05.28-11.45.02:153][679]LogAudioMixer: Display: Creating Master Submix 'MasterSubmixDefault'
[2025.05.28-11.45.02:153][679]LogAudioMixer: Display: Creating Master Submix 'MasterReverbSubmixDefault'
[2025.05.28-11.45.02:153][679]LogAudioMixer: Display: Creating Master Submix 'MasterEQSubmixDefault'
[2025.05.28-11.45.02:153][679]LogAudioMixer: FMixerPlatformXAudio2::StartAudioStream() called
[2025.05.28-11.45.02:153][679]LogAudioMixer: Display: Output buffers initialized: Frames=1024, Channels=2, Samples=2048
[2025.05.28-11.45.02:155][679]LogAudioMixer: Display: Starting AudioMixerPlatformInterface::RunInternal()
[2025.05.28-11.45.02:155][679]LogAudioMixer: Display: FMixerPlatformXAudio2::SubmitBuffer() called for the first time
[2025.05.28-11.45.02:155][679]LogInit: FAudioDevice initialized.
[2025.05.28-11.45.02:155][679]LogAudio: Display: Audio Device (ID: 5) registered with world 'VRTemplateMap'.
[2025.05.28-11.45.02:164][679]LogLoad: Game class is 'VRGameMode_C'
[2025.05.28-11.45.02:168][679]LogWorld: Bringing World /Game/VRTemplate/Maps/UEDPIE_0_VRTemplateMap.VRTemplateMap up for play (max tick rate 0) at 2025.05.28-14.45.02
[2025.05.28-11.45.02:169][679]LogWorld: Bringing up level for play took: 0.004259
[2025.05.28-11.45.02:169][679]LogOnline: OSS: Creating online subsystem instance for: :Context_21
[2025.05.28-11.45.02:172][679]LogSpawn: Warning: SpawnActor failed because no class was specified
[2025.05.28-11.45.02:174][679]PIE: Server logged in
[2025.05.28-11.45.02:175][679]PIE: Play in editor total start time 0,131 seconds.
[2025.05.28-11.45.02:196][679]LogResonanceAudio: Display: Resonance Audio Listener is initialized
[2025.05.28-11.45.04:443][809]LogEditorViewport: Clicking on Actor (LMB): VRPawn_C (VRPawn)
[2025.05.28-11.45.05:405][854]LogEditorViewport: Clicking on Actor (LMB): BP_Sky_Sphere_C (SkySpherePC2)
[2025.05.28-11.45.06:354][902]LogEditorViewport: Clicking on Actor (LMB): VRPawn_C (VRPawn)
[2025.05.28-11.45.46:337][ 80]LogHttp: Warning: 00000193BC1E4100: invalid HTTP response code received. URL: https://datarouter.ol.epicgames.com/datarouter/api/v1/public/data?SessionID=%7B1ADDE270-47C2-2441-0649-9998114C988D%7D&AppID=UEEditor.Rocket.Release&AppVersion=4.27.2-18319896%2B%2B%2BUE4%2BRelease-4.27&UserID=8f81e17f46360d0d130dba9b6452456c%7C047f60e4029c4fa180fd4031df82706c%7C82fea602-2be7-42e1-a651-dfe5ff9bb82e&AppEnvironment=datacollector-binary&UploadType=eteventstream, HTTP code: 0, content length: 0, actual payload size: 0
[2025.05.28-11.45.46:337][ 80]LogHttp: Warning: 00000193BC1E4100: request failed, libcurl error: 6 (Couldn't resolve host name)
[2025.05.28-11.45.46:337][ 80]LogHttp: Warning: 00000193BC1E4100: libcurl info message cache 0 (Could not resolve host: datarouter.ol.epicgames.com)
[2025.05.28-11.45.46:337][ 80]LogHttp: Warning: 00000193BC1E4100: libcurl info message cache 1 (Closing connection 9)
[2025.05.28-11.45.46:337][ 80]LogHttp: Warning: Retry exhausted on https://datarouter.ol.epicgames.com/datarouter/api/v1/public/data?SessionID=%7B1ADDE270-47C2-2441-0649-9998114C988D%7D&AppID=UEEditor.Rocket.Release&AppVersion=4.27.2-18319896%2B%2B%2BUE4%2BRelease-4.27&UserID=8f81e17f46360d0d130dba9b6452456c%7C047f60e4029c4fa180fd4031df82706c%7C82fea602-2be7-42e1-a651-dfe5ff9bb82e&AppEnvironment=datacollector-binary&UploadType=eteventstream
[2025.05.28-11.45.51:389][375]LogSpawn: Warning: SpawnActor failed because of collision at the spawn location [X=-100.000 Y=0.000 Z=0.000] for [VRPawn_C]
[2025.05.28-11.45.51:389][375]LogGameMode: Warning: SpawnDefaultPawnAtTransform: Couldn't spawn Pawn of type VRPawn_C at Rotation: Pitch 0.000000 Yaw 0.000000 Roll 0.000000
Translation: -100.000000 0.000000 0.000000
Scale3D: 1.000000 1.000000 1.000000

[2025.05.28-11.45.57:491][825]LogSpawn: Warning: SpawnActor failed because of collision at the spawn location [X=-100.000 Y=0.000 Z=0.000] for [VRPawn_C]
[2025.05.28-11.45.57:492][825]LogGameMode: Warning: SpawnDefaultPawnAtTransform: Couldn't spawn Pawn of type VRPawn_C at Rotation: Pitch 0.000000 Yaw 0.000000 Roll 0.000000
Translation: -100.000000 0.000000 0.000000
Scale3D: 1.000000 1.000000 1.000000

[2025.05.28-11.45.58:949][927]LogSpawn: Warning: SpawnActor failed because of collision at the spawn location [X=-100.000 Y=0.000 Z=0.000] for [VRPawn_C]
[2025.05.28-11.45.58:949][927]LogGameMode: Warning: SpawnDefaultPawnAtTransform: Couldn't spawn Pawn of type VRPawn_C at Rotation: Pitch 0.000000 Yaw 0.000000 Roll 0.000000
Translation: -100.000000 0.000000 0.000000
Scale3D: 1.000000 1.000000 1.000000

[2025.05.28-11.46.12:151][808]LogEditorViewport: Clicking on Actor (LMB): VRPawn_C (VRPawn)
[2025.05.28-11.46.18:363][185]LogSpawn: Warning: SpawnActor failed because of collision at the spawn location [X=-100.000 Y=0.000 Z=0.000] for [VRPawn_C]
[2025.05.28-11.46.18:363][185]LogGameMode: Warning: SpawnDefaultPawnAtTransform: Couldn't spawn Pawn of type VRPawn_C at Rotation: Pitch 0.000000 Yaw 0.000000 Roll 0.000000
Translation: -100.000000 0.000000 0.000000
Scale3D: 1.000000 1.000000 1.000000

[2025.05.28-11.46.34:770][241]LogEditorViewport: Clicking on Actor (LMB): VRPawn_C (VRPawn)
[2025.05.28-11.46.50:547][ 75]LogHttp: Warning: 000001939D89AB00: invalid HTTP response code received. URL: https://datarouter.ol.epicgames.com/datarouter/api/v1/public/data?SessionID=%7B1ADDE270-47C2-2441-0649-9998114C988D%7D&AppID=UEEditor.Rocket.Release&AppVersion=4.27.2-18319896%2B%2B%2BUE4%2BRelease-4.27&UserID=8f81e17f46360d0d130dba9b6452456c%7C047f60e4029c4fa180fd4031df82706c%7C82fea602-2be7-42e1-a651-dfe5ff9bb82e&AppEnvironment=datacollector-binary&UploadType=eteventstream, HTTP code: 0, content length: 0, actual payload size: 0
[2025.05.28-11.46.50:547][ 75]LogHttp: Warning: 000001939D89AB00: request failed, libcurl error: 6 (Couldn't resolve host name)
[2025.05.28-11.46.50:547][ 75]LogHttp: Warning: 000001939D89AB00: libcurl info message cache 0 (Could not resolve host: datarouter.ol.epicgames.com)
[2025.05.28-11.46.50:547][ 75]LogHttp: Warning: 000001939D89AB00: libcurl info message cache 1 (Closing connection 10)
[2025.05.28-11.46.50:566][ 76]LogHttp: Warning: Retry exhausted on https://datarouter.ol.epicgames.com/datarouter/api/v1/public/data?SessionID=%7B1ADDE270-47C2-2441-0649-9998114C988D%7D&AppID=UEEditor.Rocket.Release&AppVersion=4.27.2-18319896%2B%2B%2BUE4%2BRelease-4.27&UserID=8f81e17f46360d0d130dba9b6452456c%7C047f60e4029c4fa180fd4031df82706c%7C82fea602-2be7-42e1-a651-dfe5ff9bb82e&AppEnvironment=datacollector-binary&UploadType=eteventstream
[2025.05.28-11.46.53:226][237]LogEditorViewport: Clicking on Actor (LMB): BP_Sky_Sphere_C (SkySpherePC2)
[2025.05.28-11.46.57:459][516]LogSpawn: Warning: SpawnActor failed because of collision at the spawn location [X=-100.000 Y=0.000 Z=0.000] for [VRPawn_C]
[2025.05.28-11.46.57:459][516]LogGameMode: Warning: SpawnDefaultPawnAtTransform: Couldn't spawn Pawn of type VRPawn_C at Rotation: Pitch 0.000000 Yaw 0.000000 Roll 0.000000
Translation: -100.000000 0.000000 0.000000
Scale3D: 1.000000 1.000000 1.000000

[2025.05.28-11.47.15:939][674]LogEditorViewport: Clicking on Actor (LMB): VRPawn_C (VRPawn)
[2025.05.28-11.47.20:762][937]LogSlate: Updating window title bar state: overlay mode, drag disabled, window buttons hidden, title bar hidden
[2025.05.28-11.47.20:762][937]LogWorld: BeginTearingDown for /Game/VRTemplate/Maps/UEDPIE_0_VRTemplateMap
[2025.05.28-11.47.20:763][937]LogWorld: UWorld::CleanupWorld for VRTemplateMap, bSessionEnded=true, bCleanupResources=true
[2025.05.28-11.47.20:763][937]LogSlate: InvalidateAllWidgets triggered.  All widgets were invalidated
[2025.05.28-11.47.20:777][937]LogPlayLevel: Display: Shutting down PIE online subsystems
[2025.05.28-11.47.20:787][937]LogSlate: InvalidateAllWidgets triggered.  All widgets were invalidated
[2025.05.28-11.47.20:810][937]LogAudio: Display: Audio Device unregistered from world 'None'.
[2025.05.28-11.47.20:811][937]LogResonanceAudio: Display: Resonance Audio Listener is shutdown
[2025.05.28-11.47.20:811][937]LogAudioMixer: FMixerPlatformXAudio2::StopAudioStream() called
[2025.05.28-11.47.20:814][937]LogAudioMixer: FMixerPlatformXAudio2::StopAudioStream() called
[2025.05.28-11.47.20:817][937]LogSlate: Updating window title bar state: overlay mode, drag disabled, window buttons hidden, title bar hidden
[2025.05.28-11.47.20:822][937]LogUObjectHash: Compacting FUObjectHashTables data took   3.35ms
[2025.05.28-11.47.20:867][938]LogPlayLevel: Display: Destroying online subsystem :Context_21
[2025.05.28-11.47.22:054][992]LogAssetEditorSubsystem: Opening Asset editor for Blueprint /Game/VRTemplate/Blueprints/VRPawn.VRPawn
[2025.05.28-11.47.49:226][920]LogHttp: Warning: 0000019396900100: invalid HTTP response code received. URL: https://datarouter.ol.epicgames.com/datarouter/api/v1/public/data?SessionID=%7B1ADDE270-47C2-2441-0649-9998114C988D%7D&AppID=UEEditor.Rocket.Release&AppVersion=4.27.2-18319896%2B%2B%2BUE4%2BRelease-4.27&UserID=8f81e17f46360d0d130dba9b6452456c%7C047f60e4029c4fa180fd4031df82706c%7C82fea602-2be7-42e1-a651-dfe5ff9bb82e&AppEnvironment=datacollector-binary&UploadType=eteventstream, HTTP code: 0, content length: 0, actual payload size: 0
[2025.05.28-11.47.49:226][920]LogHttp: Warning: 0000019396900100: request failed, libcurl error: 6 (Couldn't resolve host name)
[2025.05.28-11.47.49:226][920]LogHttp: Warning: 0000019396900100: libcurl info message cache 0 (Could not resolve host: datarouter.ol.epicgames.com)
[2025.05.28-11.47.49:226][920]LogHttp: Warning: 0000019396900100: libcurl info message cache 1 (Closing connection 11)
[2025.05.28-11.47.49:226][920]LogHttp: Warning: Retry exhausted on https://datarouter.ol.epicgames.com/datarouter/api/v1/public/data?SessionID=%7B1ADDE270-47C2-2441-0649-9998114C988D%7D&AppID=UEEditor.Rocket.Release&AppVersion=4.27.2-18319896%2B%2B%2BUE4%2BRelease-4.27&UserID=8f81e17f46360d0d130dba9b6452456c%7C047f60e4029c4fa180fd4031df82706c%7C82fea602-2be7-42e1-a651-dfe5ff9bb82e&AppEnvironment=datacollector-binary&UploadType=eteventstream
[2025.05.28-11.48.03:490][425]LogRenderer: Reallocating scene render targets to support 964x532 Format 9 NumSamples 4 (Frame:1).
[2025.05.28-11.48.06:395][486]LogSlate: Window 'VRPawn' being destroyed
[2025.05.28-11.48.06:480][486]LogWorld: UWorld::CleanupWorld for World_17, bSessionEnded=true, bCleanupResources=true
[2025.05.28-11.48.06:480][486]LogSlate: InvalidateAllWidgets triggered.  All widgets were invalidated
[2025.05.28-11.48.49:446][789]LogHttp: Warning: 000001939DEA8F00: invalid HTTP response code received. URL: https://datarouter.ol.epicgames.com/datarouter/api/v1/public/data?SessionID=%7B1ADDE270-47C2-2441-0649-9998114C988D%7D&AppID=UEEditor.Rocket.Release&AppVersion=4.27.2-18319896%2B%2B%2BUE4%2BRelease-4.27&UserID=8f81e17f46360d0d130dba9b6452456c%7C047f60e4029c4fa180fd4031df82706c%7C82fea602-2be7-42e1-a651-dfe5ff9bb82e&AppEnvironment=datacollector-binary&UploadType=eteventstream, HTTP code: 0, content length: 0, actual payload size: 0
[2025.05.28-11.48.49:447][789]LogHttp: Warning: 000001939DEA8F00: request failed, libcurl error: 6 (Couldn't resolve host name)
[2025.05.28-11.48.49:447][789]LogHttp: Warning: 000001939DEA8F00: libcurl info message cache 0 (Could not resolve host: datarouter.ol.epicgames.com)
[2025.05.28-11.48.49:447][789]LogHttp: Warning: 000001939DEA8F00: libcurl info message cache 1 (Closing connection 12)
[2025.05.28-11.48.49:456][790]LogHttp: Warning: Retry exhausted on https://datarouter.ol.epicgames.com/datarouter/api/v1/public/data?SessionID=%7B1ADDE270-47C2-2441-0649-9998114C988D%7D&AppID=UEEditor.Rocket.Release&AppVersion=4.27.2-18319896%2B%2B%2BUE4%2BRelease-4.27&UserID=8f81e17f46360d0d130dba9b6452456c%7C047f60e4029c4fa180fd4031df82706c%7C82fea602-2be7-42e1-a651-dfe5ff9bb82e&AppEnvironment=datacollector-binary&UploadType=eteventstream
[2025.05.28-11.48.50:257][833]LogTemp: Repeating last play command: Simulate
[2025.05.28-11.48.50:266][833]LogPlayLevel: PlayLevel: No blueprints needed recompiling
[2025.05.28-11.48.50:266][833]PIE: New page: SIE session: VRTemplateMap (28 мая 2025 г., 17:48:50)
[2025.05.28-11.48.50:267][833]LogPlayLevel: Creating play world package: /Game/VRTemplate/Maps/UEDPIE_0_VRTemplateMap
[2025.05.28-11.48.50:279][833]LogPlayLevel: PIE: StaticDuplicateObject took: (0.012797s)
[2025.05.28-11.48.50:280][833]LogAIModule: Creating AISystem for world VRTemplateMap
[2025.05.28-11.48.50:280][833]LogPlayLevel: PIE: World Init took: (0.001343s)
[2025.05.28-11.48.50:280][833]LogPlayLevel: PIE: Created PIE world by copying editor world from /Game/VRTemplate/Maps/VRTemplateMap.VRTemplateMap to /Game/VRTemplate/Maps/UEDPIE_0_VRTemplateMap.VRTemplateMap (0.014339s)
[2025.05.28-11.48.50:315][833]LogUObjectHash: Compacting FUObjectHashTables data took   2.37ms
[2025.05.28-11.48.50:329][833]LogAudio: Display: Creating Audio Device:                 Id: 6, Scope: Unique, Realtime: True
[2025.05.28-11.48.50:329][833]LogAudioMixer: Display: Audio Mixer Platform Settings:
[2025.05.28-11.48.50:329][833]LogAudioMixer: Display: 	Sample Rate:						  48000
[2025.05.28-11.48.50:329][833]LogAudioMixer: Display: 	Callback Buffer Frame Size Requested: 1024
[2025.05.28-11.48.50:329][833]LogAudioMixer: Display: 	Callback Buffer Frame Size To Use:	  1024
[2025.05.28-11.48.50:329][833]LogAudioMixer: Display: 	Number of buffers to queue:			  1
[2025.05.28-11.48.50:329][833]LogAudioMixer: Display: 	Max Channels (voices):				  0
[2025.05.28-11.48.50:329][833]LogAudioMixer: Display: 	Number of Async Source Workers:		  4
[2025.05.28-11.48.50:329][833]LogAudio: Display: AudioDevice MaxSources: 32
[2025.05.28-11.48.50:329][833]LogAudio: Display: Audio Spatialization Plugin: Resonance Audio is external send: 1
[2025.05.28-11.48.50:329][833]LogAudio: Display: Audio Reverb Plugin: Resonance Audio
[2025.05.28-11.48.50:329][833]LogAudio: Display: Audio Occlusion Plugin: None (built-in).
[2025.05.28-11.48.50:329][833]LogAudioMixer: Display: Initializing audio mixer.
[2025.05.28-11.48.50:338][833]LogAudioMixer: Display: 0: FrontLeft
[2025.05.28-11.48.50:338][833]LogAudioMixer: Display: 1: FrontRight
[2025.05.28-11.48.50:387][833]LogAudioMixer: Display: Using Audio Device Динамики (Realtek(R) Audio)
[2025.05.28-11.48.50:387][833]LogAudioMixer: Display: Initializing Sound Submixes...
[2025.05.28-11.48.50:387][833]LogAudioMixer: Display: Creating Master Submix 'MasterSubmixDefault'
[2025.05.28-11.48.50:387][833]LogAudioMixer: Display: Creating Master Submix 'MasterReverbSubmixDefault'
[2025.05.28-11.48.50:388][833]LogAudioMixer: Display: Creating Master Submix 'MasterEQSubmixDefault'
[2025.05.28-11.48.50:388][833]LogAudioMixer: FMixerPlatformXAudio2::StartAudioStream() called
[2025.05.28-11.48.50:388][833]LogAudioMixer: Display: Output buffers initialized: Frames=1024, Channels=2, Samples=2048
[2025.05.28-11.48.50:388][833]LogAudioMixer: Display: Starting AudioMixerPlatformInterface::RunInternal()
[2025.05.28-11.48.50:389][833]LogAudioMixer: Display: FMixerPlatformXAudio2::SubmitBuffer() called for the first time
[2025.05.28-11.48.50:389][833]LogInit: FAudioDevice initialized.
[2025.05.28-11.48.50:389][833]LogAudio: Display: Audio Device (ID: 6) registered with world 'VRTemplateMap'.
[2025.05.28-11.48.50:401][833]LogLoad: Game class is 'VRGameMode_C'
[2025.05.28-11.48.50:406][833]LogWorld: Bringing World /Game/VRTemplate/Maps/UEDPIE_0_VRTemplateMap.VRTemplateMap up for play (max tick rate 0) at 2025.05.28-14.48.50
[2025.05.28-11.48.50:407][833]LogWorld: Bringing up level for play took: 0.004059
[2025.05.28-11.48.50:407][833]LogOnline: OSS: Creating online subsystem instance for: :Context_23
[2025.05.28-11.48.50:409][833]LogSpawn: Warning: SpawnActor failed because no class was specified
[2025.05.28-11.48.50:411][833]PIE: Server logged in
[2025.05.28-11.48.50:412][833]PIE: Play in editor total start time 0,148 seconds.
[2025.05.28-11.48.50:438][833]LogResonanceAudio: Display: Resonance Audio Listener is initialized
[2025.05.28-11.48.51:702][893]LogEditorViewport: Clicking on Actor (LMB): BP_menu_C (BP_menu2)
[2025.05.28-11.49.02:100][540]LogRenderer: Reallocating scene render targets to support 964x540 Format 9 NumSamples 4 (Frame:927).
[2025.05.28-11.49.02:144][541]LogRenderer: Reallocating scene render targets to support 964x548 Format 9 NumSamples 4 (Frame:929).
[2025.05.28-11.49.02:312][553]LogRenderer: Reallocating scene render targets to support 964x552 Format 9 NumSamples 4 (Frame:933).
[2025.05.28-11.49.02:345][554]LogRenderer: Reallocating scene render targets to support 964x564 Format 9 NumSamples 4 (Frame:935).
[2025.05.28-11.49.02:382][555]LogRenderer: Reallocating scene render targets to support 964x572 Format 9 NumSamples 4 (Frame:937).
[2025.05.28-11.49.02:422][556]LogRenderer: Reallocating scene render targets to support 964x584 Format 9 NumSamples 4 (Frame:939).
[2025.05.28-11.49.02:460][557]LogRenderer: Reallocating scene render targets to support 964x592 Format 9 NumSamples 4 (Frame:941).
[2025.05.28-11.49.02:504][558]LogRenderer: Reallocating scene render targets to support 964x604 Format 9 NumSamples 4 (Frame:943).
[2025.05.28-11.49.02:618][562]LogRenderer: Reallocating scene render targets to support 964x608 Format 9 NumSamples 4 (Frame:949).
[2025.05.28-11.49.02:654][563]LogRenderer: Reallocating scene render targets to support 964x616 Format 9 NumSamples 4 (Frame:951).
[2025.05.28-11.49.02:691][564]LogRenderer: Reallocating scene render targets to support 964x628 Format 9 NumSamples 4 (Frame:953).
[2025.05.28-11.49.02:729][565]LogRenderer: Reallocating scene render targets to support 964x636 Format 9 NumSamples 4 (Frame:955).
[2025.05.28-11.49.02:884][574]LogRenderer: Reallocating scene render targets to support 964x644 Format 9 NumSamples 4 (Frame:961).
[2025.05.28-11.49.02:925][575]LogRenderer: Reallocating scene render targets to support 964x656 Format 9 NumSamples 4 (Frame:963).
[2025.05.28-11.49.02:961][576]LogRenderer: Reallocating scene render targets to support 964x660 Format 9 NumSamples 4 (Frame:965).
[2025.05.28-11.49.03:221][594]LogRenderer: Reallocating scene render targets to support 964x664 Format 9 NumSamples 4 (Frame:971).
[2025.05.28-11.49.03:293][596]LogRenderer: Reallocating scene render targets to support 964x668 Format 9 NumSamples 4 (Frame:975).
[2025.05.28-11.49.03:361][598]LogRenderer: Reallocating scene render targets to support 964x672 Format 9 NumSamples 4 (Frame:979).
[2025.05.28-11.49.50:200][342]LogHttp: Warning: 00000193BC8C7900: invalid HTTP response code received. URL: https://datarouter.ol.epicgames.com/datarouter/api/v1/public/data?SessionID=%7B1ADDE270-47C2-2441-0649-9998114C988D%7D&AppID=UEEditor.Rocket.Release&AppVersion=4.27.2-18319896%2B%2B%2BUE4%2BRelease-4.27&UserID=8f81e17f46360d0d130dba9b6452456c%7C047f60e4029c4fa180fd4031df82706c%7C82fea602-2be7-42e1-a651-dfe5ff9bb82e&AppEnvironment=datacollector-binary&UploadType=eteventstream, HTTP code: 0, content length: 0, actual payload size: 0
[2025.05.28-11.49.50:200][342]LogHttp: Warning: 00000193BC8C7900: request failed, libcurl error: 6 (Couldn't resolve host name)
[2025.05.28-11.49.50:200][342]LogHttp: Warning: 00000193BC8C7900: libcurl info message cache 0 (Could not resolve host: datarouter.ol.epicgames.com)
[2025.05.28-11.49.50:200][342]LogHttp: Warning: 00000193BC8C7900: libcurl info message cache 1 (Closing connection 13)
[2025.05.28-11.49.50:200][342]LogHttp: Warning: Retry exhausted on https://datarouter.ol.epicgames.com/datarouter/api/v1/public/data?SessionID=%7B1ADDE270-47C2-2441-0649-9998114C988D%7D&AppID=UEEditor.Rocket.Release&AppVersion=4.27.2-18319896%2B%2B%2BUE4%2BRelease-4.27&UserID=8f81e17f46360d0d130dba9b6452456c%7C047f60e4029c4fa180fd4031df82706c%7C82fea602-2be7-42e1-a651-dfe5ff9bb82e&AppEnvironment=datacollector-binary&UploadType=eteventstream
[2025.05.28-11.50.50:272][ 14]LogHttp: Warning: 00000193BB5F1600: invalid HTTP response code received. URL: https://datarouter.ol.epicgames.com/datarouter/api/v1/public/data?SessionID=%7B1ADDE270-47C2-2441-0649-9998114C988D%7D&AppID=UEEditor.Rocket.Release&AppVersion=4.27.2-18319896%2B%2B%2BUE4%2BRelease-4.27&UserID=8f81e17f46360d0d130dba9b6452456c%7C047f60e4029c4fa180fd4031df82706c%7C82fea602-2be7-42e1-a651-dfe5ff9bb82e&AppEnvironment=datacollector-binary&UploadType=eteventstream, HTTP code: 0, content length: 0, actual payload size: 0
[2025.05.28-11.50.50:272][ 14]LogHttp: Warning: 00000193BB5F1600: request failed, libcurl error: 6 (Couldn't resolve host name)
[2025.05.28-11.50.50:272][ 14]LogHttp: Warning: 00000193BB5F1600: libcurl info message cache 0 (Could not resolve host: datarouter.ol.epicgames.com)
[2025.05.28-11.50.50:272][ 14]LogHttp: Warning: 00000193BB5F1600: libcurl info message cache 1 (Closing connection 14)
[2025.05.28-11.50.50:272][ 14]LogHttp: Warning: Retry exhausted on https://datarouter.ol.epicgames.com/datarouter/api/v1/public/data?SessionID=%7B1ADDE270-47C2-2441-0649-9998114C988D%7D&AppID=UEEditor.Rocket.Release&AppVersion=4.27.2-18319896%2B%2B%2BUE4%2BRelease-4.27&UserID=8f81e17f46360d0d130dba9b6452456c%7C047f60e4029c4fa180fd4031df82706c%7C82fea602-2be7-42e1-a651-dfe5ff9bb82e&AppEnvironment=datacollector-binary&UploadType=eteventstream
[2025.05.28-11.51.32:182][595]LogSlate: Updating window title bar state: overlay mode, drag disabled, window buttons hidden, title bar hidden
[2025.05.28-11.51.32:182][595]LogWorld: BeginTearingDown for /Game/VRTemplate/Maps/UEDPIE_0_VRTemplateMap
[2025.05.28-11.51.32:184][595]LogWorld: UWorld::CleanupWorld for VRTemplateMap, bSessionEnded=true, bCleanupResources=true
[2025.05.28-11.51.32:184][595]LogSlate: InvalidateAllWidgets triggered.  All widgets were invalidated
[2025.05.28-11.51.32:195][595]LogPlayLevel: Display: Shutting down PIE online subsystems
[2025.05.28-11.51.32:205][595]LogSlate: InvalidateAllWidgets triggered.  All widgets were invalidated
[2025.05.28-11.51.32:229][595]LogAudio: Display: Audio Device unregistered from world 'None'.
[2025.05.28-11.51.32:230][595]LogResonanceAudio: Display: Resonance Audio Listener is shutdown
[2025.05.28-11.51.32:230][595]LogAudioMixer: FMixerPlatformXAudio2::StopAudioStream() called
[2025.05.28-11.51.32:231][595]LogAudioMixer: FMixerPlatformXAudio2::StopAudioStream() called
[2025.05.28-11.51.32:234][595]LogSlate: Updating window title bar state: overlay mode, drag disabled, window buttons hidden, title bar hidden
[2025.05.28-11.51.32:240][595]LogUObjectHash: Compacting FUObjectHashTables data took   2.68ms
[2025.05.28-11.51.32:274][596]LogPlayLevel: Display: Destroying online subsystem :Context_23
[2025.05.28-11.51.50:366][587]LogHttp: Warning: 00000193B3BF3200: invalid HTTP response code received. URL: https://datarouter.ol.epicgames.com/datarouter/api/v1/public/data?SessionID=%7B1ADDE270-47C2-2441-0649-9998114C988D%7D&AppID=UEEditor.Rocket.Release&AppVersion=4.27.2-18319896%2B%2B%2BUE4%2BRelease-4.27&UserID=8f81e17f46360d0d130dba9b6452456c%7C047f60e4029c4fa180fd4031df82706c%7C82fea602-2be7-42e1-a651-dfe5ff9bb82e&AppEnvironment=datacollector-binary&UploadType=eteventstream, HTTP code: 0, content length: 0, actual payload size: 0
[2025.05.28-11.51.50:366][587]LogHttp: Warning: 00000193B3BF3200: request failed, libcurl error: 6 (Couldn't resolve host name)
[2025.05.28-11.51.50:366][587]LogHttp: Warning: 00000193B3BF3200: libcurl info message cache 0 (Could not resolve host: datarouter.ol.epicgames.com)
[2025.05.28-11.51.50:366][587]LogHttp: Warning: 00000193B3BF3200: libcurl info message cache 1 (Closing connection 15)
[2025.05.28-11.51.50:380][588]LogHttp: Warning: Retry exhausted on https://datarouter.ol.epicgames.com/datarouter/api/v1/public/data?SessionID=%7B1ADDE270-47C2-2441-0649-9998114C988D%7D&AppID=UEEditor.Rocket.Release&AppVersion=4.27.2-18319896%2B%2B%2BUE4%2BRelease-4.27&UserID=8f81e17f46360d0d130dba9b6452456c%7C047f60e4029c4fa180fd4031df82706c%7C82fea602-2be7-42e1-a651-dfe5ff9bb82e&AppEnvironment=datacollector-binary&UploadType=eteventstream
[2025.05.28-11.52.50:248][990]LogHttp: Warning: 0000019393296400: invalid HTTP response code received. URL: https://datarouter.ol.epicgames.com/datarouter/api/v1/public/data?SessionID=%7B1ADDE270-47C2-2441-0649-9998114C988D%7D&AppID=UEEditor.Rocket.Release&AppVersion=4.27.2-18319896%2B%2B%2BUE4%2BRelease-4.27&UserID=8f81e17f46360d0d130dba9b6452456c%7C047f60e4029c4fa180fd4031df82706c%7C82fea602-2be7-42e1-a651-dfe5ff9bb82e&AppEnvironment=datacollector-binary&UploadType=eteventstream, HTTP code: 0, content length: 0, actual payload size: 0
[2025.05.28-11.52.50:248][990]LogHttp: Warning: 0000019393296400: request failed, libcurl error: 6 (Couldn't resolve host name)
[2025.05.28-11.52.50:248][990]LogHttp: Warning: 0000019393296400: libcurl info message cache 0 (Could not resolve host: datarouter.ol.epicgames.com)
[2025.05.28-11.52.50:248][990]LogHttp: Warning: 0000019393296400: libcurl info message cache 1 (Closing connection 16)
[2025.05.28-11.52.50:248][990]LogHttp: Warning: Retry exhausted on https://datarouter.ol.epicgames.com/datarouter/api/v1/public/data?SessionID=%7B1ADDE270-47C2-2441-0649-9998114C988D%7D&AppID=UEEditor.Rocket.Release&AppVersion=4.27.2-18319896%2B%2B%2BUE4%2BRelease-4.27&UserID=8f81e17f46360d0d130dba9b6452456c%7C047f60e4029c4fa180fd4031df82706c%7C82fea602-2be7-42e1-a651-dfe5ff9bb82e&AppEnvironment=datacollector-binary&UploadType=eteventstream
[2025.05.28-11.53.20:366][786]LogTemp: Repeating last play command: Simulate
[2025.05.28-11.53.20:374][786]LogPlayLevel: PlayLevel: No blueprints needed recompiling
[2025.05.28-11.53.20:374][786]PIE: New page: SIE session: VRTemplateMap (28 мая 2025 г., 17:53:20)
[2025.05.28-11.53.20:374][786]LogPlayLevel: Creating play world package: /Game/VRTemplate/Maps/UEDPIE_0_VRTemplateMap
[2025.05.28-11.53.20:387][786]LogPlayLevel: PIE: StaticDuplicateObject took: (0.012239s)
[2025.05.28-11.53.20:388][786]LogAIModule: Creating AISystem for world VRTemplateMap
[2025.05.28-11.53.20:389][786]LogPlayLevel: PIE: World Init took: (0.001407s)
[2025.05.28-11.53.20:389][786]LogPlayLevel: PIE: Created PIE world by copying editor world from /Game/VRTemplate/Maps/VRTemplateMap.VRTemplateMap to /Game/VRTemplate/Maps/UEDPIE_0_VRTemplateMap.VRTemplateMap (0.013827s)
[2025.05.28-11.53.20:420][786]LogUObjectHash: Compacting FUObjectHashTables data took   2.82ms
[2025.05.28-11.53.20:443][786]LogAudio: Display: Creating Audio Device:                 Id: 7, Scope: Unique, Realtime: True
[2025.05.28-11.53.20:443][786]LogAudioMixer: Display: Audio Mixer Platform Settings:
[2025.05.28-11.53.20:443][786]LogAudioMixer: Display: 	Sample Rate:						  48000
[2025.05.28-11.53.20:443][786]LogAudioMixer: Display: 	Callback Buffer Frame Size Requested: 1024
[2025.05.28-11.53.20:443][786]LogAudioMixer: Display: 	Callback Buffer Frame Size To Use:	  1024
[2025.05.28-11.53.20:443][786]LogAudioMixer: Display: 	Number of buffers to queue:			  1
[2025.05.28-11.53.20:443][786]LogAudioMixer: Display: 	Max Channels (voices):				  0
[2025.05.28-11.53.20:443][786]LogAudioMixer: Display: 	Number of Async Source Workers:		  4
[2025.05.28-11.53.20:443][786]LogAudio: Display: AudioDevice MaxSources: 32
[2025.05.28-11.53.20:444][786]LogAudio: Display: Audio Spatialization Plugin: Resonance Audio is external send: 1
[2025.05.28-11.53.20:444][786]LogAudio: Display: Audio Reverb Plugin: Resonance Audio
[2025.05.28-11.53.20:444][786]LogAudio: Display: Audio Occlusion Plugin: None (built-in).
[2025.05.28-11.53.20:444][786]LogAudioMixer: Display: Initializing audio mixer.
[2025.05.28-11.53.20:452][786]LogAudioMixer: Display: 0: FrontLeft
[2025.05.28-11.53.20:452][786]LogAudioMixer: Display: 1: FrontRight
[2025.05.28-11.53.20:498][786]LogAudioMixer: Display: Using Audio Device Динамики (Realtek(R) Audio)
[2025.05.28-11.53.20:498][786]LogAudioMixer: Display: Initializing Sound Submixes...
[2025.05.28-11.53.20:498][786]LogAudioMixer: Display: Creating Master Submix 'MasterSubmixDefault'
[2025.05.28-11.53.20:498][786]LogAudioMixer: Display: Creating Master Submix 'MasterReverbSubmixDefault'
[2025.05.28-11.53.20:499][786]LogAudioMixer: Display: Creating Master Submix 'MasterEQSubmixDefault'
[2025.05.28-11.53.20:499][786]LogAudioMixer: FMixerPlatformXAudio2::StartAudioStream() called
[2025.05.28-11.53.20:499][786]LogAudioMixer: Display: Output buffers initialized: Frames=1024, Channels=2, Samples=2048
[2025.05.28-11.53.20:500][786]LogAudioMixer: Display: Starting AudioMixerPlatformInterface::RunInternal()
[2025.05.28-11.53.20:500][786]LogAudioMixer: Display: FMixerPlatformXAudio2::SubmitBuffer() called for the first time
[2025.05.28-11.53.20:500][786]LogInit: FAudioDevice initialized.
[2025.05.28-11.53.20:500][786]LogAudio: Display: Audio Device (ID: 7) registered with world 'VRTemplateMap'.
[2025.05.28-11.53.20:511][786]LogLoad: Game class is 'VRGameMode_C'
[2025.05.28-11.53.20:516][786]LogWorld: Bringing World /Game/VRTemplate/Maps/UEDPIE_0_VRTemplateMap.VRTemplateMap up for play (max tick rate 0) at 2025.05.28-14.53.20
[2025.05.28-11.53.20:516][786]LogWorld: Bringing up level for play took: 0.004321
[2025.05.28-11.53.20:516][786]LogOnline: OSS: Creating online subsystem instance for: :Context_31
[2025.05.28-11.53.20:518][786]LogSpawn: Warning: SpawnActor failed because no class was specified
[2025.05.28-11.53.20:521][786]PIE: Server logged in
[2025.05.28-11.53.20:522][786]PIE: Play in editor total start time 0,149 seconds.
[2025.05.28-11.53.20:544][786]LogResonanceAudio: Display: Resonance Audio Listener is initialized
[2025.05.28-11.53.50:560][627]LogHttp: Warning: 00000193854AF900: invalid HTTP response code received. URL: https://datarouter.ol.epicgames.com/datarouter/api/v1/public/data?SessionID=%7B1ADDE270-47C2-2441-0649-9998114C988D%7D&AppID=UEEditor.Rocket.Release&AppVersion=4.27.2-18319896%2B%2B%2BUE4%2BRelease-4.27&UserID=8f81e17f46360d0d130dba9b6452456c%7C047f60e4029c4fa180fd4031df82706c%7C82fea602-2be7-42e1-a651-dfe5ff9bb82e&AppEnvironment=datacollector-binary&UploadType=eteventstream, HTTP code: 0, content length: 0, actual payload size: 0
[2025.05.28-11.53.50:560][627]LogHttp: Warning: 00000193854AF900: request failed, libcurl error: 6 (Couldn't resolve host name)
[2025.05.28-11.53.50:560][627]LogHttp: Warning: 00000193854AF900: libcurl info message cache 0 (Could not resolve host: datarouter.ol.epicgames.com)
[2025.05.28-11.53.50:560][627]LogHttp: Warning: 00000193854AF900: libcurl info message cache 1 (Closing connection 17)
[2025.05.28-11.53.50:567][628]LogHttp: Warning: Retry exhausted on https://datarouter.ol.epicgames.com/datarouter/api/v1/public/data?SessionID=%7B1ADDE270-47C2-2441-0649-9998114C988D%7D&AppID=UEEditor.Rocket.Release&AppVersion=4.27.2-18319896%2B%2B%2BUE4%2BRelease-4.27&UserID=8f81e17f46360d0d130dba9b6452456c%7C047f60e4029c4fa180fd4031df82706c%7C82fea602-2be7-42e1-a651-dfe5ff9bb82e&AppEnvironment=datacollector-binary&UploadType=eteventstream
[2025.05.28-11.54.19:872][456]LogSlate: Updating window title bar state: overlay mode, drag disabled, window buttons hidden, title bar hidden
[2025.05.28-11.54.19:872][456]LogWorld: BeginTearingDown for /Game/VRTemplate/Maps/UEDPIE_0_VRTemplateMap
[2025.05.28-11.54.19:874][456]LogWorld: UWorld::CleanupWorld for VRTemplateMap, bSessionEnded=true, bCleanupResources=true
[2025.05.28-11.54.19:874][456]LogSlate: InvalidateAllWidgets triggered.  All widgets were invalidated
[2025.05.28-11.54.19:882][456]LogPlayLevel: Display: Shutting down PIE online subsystems
[2025.05.28-11.54.19:893][456]LogSlate: InvalidateAllWidgets triggered.  All widgets were invalidated
[2025.05.28-11.54.19:918][456]LogAudio: Display: Audio Device unregistered from world 'None'.
[2025.05.28-11.54.19:918][456]LogResonanceAudio: Display: Resonance Audio Listener is shutdown
[2025.05.28-11.54.19:918][456]LogAudioMixer: FMixerPlatformXAudio2::StopAudioStream() called
[2025.05.28-11.54.19:920][456]LogAudioMixer: FMixerPlatformXAudio2::StopAudioStream() called
[2025.05.28-11.54.19:922][456]LogSlate: Updating window title bar state: overlay mode, drag disabled, window buttons hidden, title bar hidden
[2025.05.28-11.54.19:927][456]LogUObjectHash: Compacting FUObjectHashTables data took   2.38ms
[2025.05.28-11.54.19:966][457]LogPlayLevel: Display: Destroying online subsystem :Context_31
[2025.05.28-11.54.47:567][158]LogHttp: Warning: 00000193BAC69600: invalid HTTP response code received. URL: https://datarouter.ol.epicgames.com/datarouter/api/v1/public/data?SessionID=%7B1ADDE270-47C2-2441-0649-9998114C988D%7D&AppID=UEEditor.Rocket.Release&AppVersion=4.27.2-18319896%2B%2B%2BUE4%2BRelease-4.27&UserID=8f81e17f46360d0d130dba9b6452456c%7C047f60e4029c4fa180fd4031df82706c%7C82fea602-2be7-42e1-a651-dfe5ff9bb82e&AppEnvironment=datacollector-binary&UploadType=eteventstream, HTTP code: 0, content length: 0, actual payload size: 0
[2025.05.28-11.54.47:567][158]LogHttp: Warning: 00000193BAC69600: request failed, libcurl error: 6 (Couldn't resolve host name)
[2025.05.28-11.54.47:567][158]LogHttp: Warning: 00000193BAC69600: libcurl info message cache 0 (Could not resolve host: datarouter.ol.epicgames.com)
[2025.05.28-11.54.47:567][158]LogHttp: Warning: 00000193BAC69600: libcurl info message cache 1 (Closing connection 18)
[2025.05.28-11.54.47:568][158]LogHttp: Warning: Retry exhausted on https://datarouter.ol.epicgames.com/datarouter/api/v1/public/data?SessionID=%7B1ADDE270-47C2-2441-0649-9998114C988D%7D&AppID=UEEditor.Rocket.Release&AppVersion=4.27.2-18319896%2B%2B%2BUE4%2BRelease-4.27&UserID=8f81e17f46360d0d130dba9b6452456c%7C047f60e4029c4fa180fd4031df82706c%7C82fea602-2be7-42e1-a651-dfe5ff9bb82e&AppEnvironment=datacollector-binary&UploadType=eteventstream
[2025.05.28-11.55.50:644][939]LogHttp: Warning: 00000193814C6400: invalid HTTP response code received. URL: https://datarouter.ol.epicgames.com/datarouter/api/v1/public/data?SessionID=%7B1ADDE270-47C2-2441-0649-9998114C988D%7D&AppID=UEEditor.Rocket.Release&AppVersion=4.27.2-18319896%2B%2B%2BUE4%2BRelease-4.27&UserID=8f81e17f46360d0d130dba9b6452456c%7C047f60e4029c4fa180fd4031df82706c%7C82fea602-2be7-42e1-a651-dfe5ff9bb82e&AppEnvironment=datacollector-binary&UploadType=eteventstream, HTTP code: 0, content length: 0, actual payload size: 0
[2025.05.28-11.55.50:644][939]LogHttp: Warning: 00000193814C6400: request failed, libcurl error: 6 (Couldn't resolve host name)
[2025.05.28-11.55.50:644][939]LogHttp: Warning: 00000193814C6400: libcurl info message cache 0 (Could not resolve host: datarouter.ol.epicgames.com)
[2025.05.28-11.55.50:644][939]LogHttp: Warning: 00000193814C6400: libcurl info message cache 1 (Closing connection 19)
[2025.05.28-11.55.50:656][940]LogHttp: Warning: Retry exhausted on https://datarouter.ol.epicgames.com/datarouter/api/v1/public/data?SessionID=%7B1ADDE270-47C2-2441-0649-9998114C988D%7D&AppID=UEEditor.Rocket.Release&AppVersion=4.27.2-18319896%2B%2B%2BUE4%2BRelease-4.27&UserID=8f81e17f46360d0d130dba9b6452456c%7C047f60e4029c4fa180fd4031df82706c%7C82fea602-2be7-42e1-a651-dfe5ff9bb82e&AppEnvironment=datacollector-binary&UploadType=eteventstream
[2025.05.28-11.55.52:566][ 49]LogEditorViewport: Clicking on Actor (LMB): PlayerStart (Player Start)
[2025.05.28-11.56.01:540][631]LogTemp: Repeating last play command: Simulate
[2025.05.28-11.56.01:549][631]LogPlayLevel: PlayLevel: No blueprints needed recompiling
[2025.05.28-11.56.01:549][631]PIE: New page: SIE session: VRTemplateMap (28 мая 2025 г., 17:56:01)
[2025.05.28-11.56.01:550][631]LogPlayLevel: Creating play world package: /Game/VRTemplate/Maps/UEDPIE_0_VRTemplateMap
[2025.05.28-11.56.01:561][631]LogPlayLevel: PIE: StaticDuplicateObject took: (0.012218s)
[2025.05.28-11.56.01:563][631]LogAIModule: Creating AISystem for world VRTemplateMap
[2025.05.28-11.56.01:563][631]LogPlayLevel: PIE: World Init took: (0.001360s)
[2025.05.28-11.56.01:563][631]LogPlayLevel: PIE: Created PIE world by copying editor world from /Game/VRTemplate/Maps/VRTemplateMap.VRTemplateMap to /Game/VRTemplate/Maps/UEDPIE_0_VRTemplateMap.VRTemplateMap (0.013758s)
[2025.05.28-11.56.01:591][631]LogUObjectHash: Compacting FUObjectHashTables data took   2.31ms
[2025.05.28-11.56.01:610][631]LogAudio: Display: Creating Audio Device:                 Id: 8, Scope: Unique, Realtime: True
[2025.05.28-11.56.01:610][631]LogAudioMixer: Display: Audio Mixer Platform Settings:
[2025.05.28-11.56.01:610][631]LogAudioMixer: Display: 	Sample Rate:						  48000
[2025.05.28-11.56.01:610][631]LogAudioMixer: Display: 	Callback Buffer Frame Size Requested: 1024
[2025.05.28-11.56.01:610][631]LogAudioMixer: Display: 	Callback Buffer Frame Size To Use:	  1024
[2025.05.28-11.56.01:610][631]LogAudioMixer: Display: 	Number of buffers to queue:			  1
[2025.05.28-11.56.01:610][631]LogAudioMixer: Display: 	Max Channels (voices):				  0
[2025.05.28-11.56.01:610][631]LogAudioMixer: Display: 	Number of Async Source Workers:		  4
[2025.05.28-11.56.01:610][631]LogAudio: Display: AudioDevice MaxSources: 32
[2025.05.28-11.56.01:611][631]LogAudio: Display: Audio Spatialization Plugin: Resonance Audio is external send: 1
[2025.05.28-11.56.01:611][631]LogAudio: Display: Audio Reverb Plugin: Resonance Audio
[2025.05.28-11.56.01:611][631]LogAudio: Display: Audio Occlusion Plugin: None (built-in).
[2025.05.28-11.56.01:611][631]LogAudioMixer: Display: Initializing audio mixer.
[2025.05.28-11.56.01:620][631]LogAudioMixer: Display: 0: FrontLeft
[2025.05.28-11.56.01:620][631]LogAudioMixer: Display: 1: FrontRight
[2025.05.28-11.56.01:665][631]LogAudioMixer: Display: Using Audio Device Динамики (Realtek(R) Audio)
[2025.05.28-11.56.01:666][631]LogAudioMixer: Display: Initializing Sound Submixes...
[2025.05.28-11.56.01:666][631]LogAudioMixer: Display: Creating Master Submix 'MasterSubmixDefault'
[2025.05.28-11.56.01:666][631]LogAudioMixer: Display: Creating Master Submix 'MasterReverbSubmixDefault'
[2025.05.28-11.56.01:666][631]LogAudioMixer: Display: Creating Master Submix 'MasterEQSubmixDefault'
[2025.05.28-11.56.01:666][631]LogAudioMixer: FMixerPlatformXAudio2::StartAudioStream() called
[2025.05.28-11.56.01:666][631]LogAudioMixer: Display: Output buffers initialized: Frames=1024, Channels=2, Samples=2048
[2025.05.28-11.56.01:668][631]LogAudioMixer: Display: Starting AudioMixerPlatformInterface::RunInternal()
[2025.05.28-11.56.01:668][631]LogAudioMixer: Display: FMixerPlatformXAudio2::SubmitBuffer() called for the first time
[2025.05.28-11.56.01:668][631]LogInit: FAudioDevice initialized.
[2025.05.28-11.56.01:668][631]LogAudio: Display: Audio Device (ID: 8) registered with world 'VRTemplateMap'.
[2025.05.28-11.56.01:678][631]LogLoad: Game class is 'VRGameMode_C'
[2025.05.28-11.56.01:682][631]LogWorld: Bringing World /Game/VRTemplate/Maps/UEDPIE_0_VRTemplateMap.VRTemplateMap up for play (max tick rate 0) at 2025.05.28-14.56.01
[2025.05.28-11.56.01:683][631]LogWorld: Bringing up level for play took: 0.004353
[2025.05.28-11.56.01:683][631]LogOnline: OSS: Creating online subsystem instance for: :Context_32
[2025.05.28-11.56.01:686][631]LogSpawn: Warning: SpawnActor failed because no class was specified
[2025.05.28-11.56.01:688][631]PIE: Server logged in
[2025.05.28-11.56.01:690][631]PIE: Play in editor total start time 0,142 seconds.
[2025.05.28-11.56.01:716][631]LogResonanceAudio: Display: Resonance Audio Listener is initialized
[2025.05.28-11.56.07:273][ 38]LogSpawn: Warning: SpawnActor failed because of collision at the spawn location [X=-100.000 Y=0.000 Z=0.000] for [VRPawn_C]
[2025.05.28-11.56.07:274][ 38]LogGameMode: Warning: SpawnDefaultPawnAtTransform: Couldn't spawn Pawn of type VRPawn_C at Rotation: Pitch 0.000000 Yaw 0.000000 Roll 0.000000
Translation: -100.000000 0.000000 0.000000
Scale3D: 1.000000 1.000000 1.000000

[2025.05.28-11.56.12:136][340]Cmd: DELETE
[2025.05.28-11.56.12:136][340]Cmd: ACTOR DELETE
[2025.05.28-11.56.12:147][340]LogEditorActor: Deleted Actor: PlayerStart
[2025.05.28-11.56.12:177][340]LogUObjectHash: Compacting FUObjectHashTables data took   2.39ms
[2025.05.28-11.56.12:180][340]LogEditorActor: Deleted 1 Actors (0.041 secs)
[2025.05.28-11.56.13:933][454]LogSlate: Updating window title bar state: overlay mode, drag disabled, window buttons hidden, title bar hidden
[2025.05.28-11.56.13:933][454]LogWorld: BeginTearingDown for /Game/VRTemplate/Maps/UEDPIE_0_VRTemplateMap
[2025.05.28-11.56.13:933][454]LogWorld: UWorld::CleanupWorld for VRTemplateMap, bSessionEnded=true, bCleanupResources=true
[2025.05.28-11.56.13:934][454]LogSlate: InvalidateAllWidgets triggered.  All widgets were invalidated
[2025.05.28-11.56.13:942][454]LogPlayLevel: Display: Shutting down PIE online subsystems
[2025.05.28-11.56.13:947][454]LogSlate: InvalidateAllWidgets triggered.  All widgets were invalidated
[2025.05.28-11.56.13:972][454]LogAudio: Display: Audio Device unregistered from world 'None'.
[2025.05.28-11.56.13:973][454]LogResonanceAudio: Display: Resonance Audio Listener is shutdown
[2025.05.28-11.56.13:973][454]LogAudioMixer: FMixerPlatformXAudio2::StopAudioStream() called
[2025.05.28-11.56.13:974][454]LogAudioMixer: FMixerPlatformXAudio2::StopAudioStream() called
[2025.05.28-11.56.13:977][454]LogSlate: Updating window title bar state: overlay mode, drag disabled, window buttons hidden, title bar hidden
[2025.05.28-11.56.13:982][454]LogUObjectHash: Compacting FUObjectHashTables data took   2.64ms
[2025.05.28-11.56.14:010][455]LogPlayLevel: Display: Destroying online subsystem :Context_32
[2025.05.28-11.56.16:538][605]LogTemp: Repeating last play command: Simulate
[2025.05.28-11.56.16:546][605]LogPlayLevel: PlayLevel: No blueprints needed recompiling
[2025.05.28-11.56.16:546][605]PIE: New page: SIE session: VRTemplateMap (28 мая 2025 г., 17:56:16)
[2025.05.28-11.56.16:546][605]LogPlayLevel: Creating play world package: /Game/VRTemplate/Maps/UEDPIE_0_VRTemplateMap
[2025.05.28-11.56.16:559][605]LogPlayLevel: PIE: StaticDuplicateObject took: (0.012285s)
[2025.05.28-11.56.16:560][605]LogAIModule: Creating AISystem for world VRTemplateMap
[2025.05.28-11.56.16:561][605]LogPlayLevel: PIE: World Init took: (0.001188s)
[2025.05.28-11.56.16:561][605]LogPlayLevel: PIE: Created PIE world by copying editor world from /Game/VRTemplate/Maps/VRTemplateMap.VRTemplateMap to /Game/VRTemplate/Maps/UEDPIE_0_VRTemplateMap.VRTemplateMap (0.013655s)
[2025.05.28-11.56.16:589][605]LogUObjectHash: Compacting FUObjectHashTables data took   2.48ms
[2025.05.28-11.56.16:591][605]LogAudio: Display: Creating Audio Device:                 Id: 9, Scope: Unique, Realtime: True
[2025.05.28-11.56.16:591][605]LogAudioMixer: Display: Audio Mixer Platform Settings:
[2025.05.28-11.56.16:591][605]LogAudioMixer: Display: 	Sample Rate:						  48000
[2025.05.28-11.56.16:591][605]LogAudioMixer: Display: 	Callback Buffer Frame Size Requested: 1024
[2025.05.28-11.56.16:591][605]LogAudioMixer: Display: 	Callback Buffer Frame Size To Use:	  1024
[2025.05.28-11.56.16:591][605]LogAudioMixer: Display: 	Number of buffers to queue:			  1
[2025.05.28-11.56.16:591][605]LogAudioMixer: Display: 	Max Channels (voices):				  0
[2025.05.28-11.56.16:591][605]LogAudioMixer: Display: 	Number of Async Source Workers:		  4
[2025.05.28-11.56.16:591][605]LogAudio: Display: AudioDevice MaxSources: 32
[2025.05.28-11.56.16:591][605]LogAudio: Display: Audio Spatialization Plugin: Resonance Audio is external send: 1
[2025.05.28-11.56.16:591][605]LogAudio: Display: Audio Reverb Plugin: Resonance Audio
[2025.05.28-11.56.16:591][605]LogAudio: Display: Audio Occlusion Plugin: None (built-in).
[2025.05.28-11.56.16:591][605]LogAudioMixer: Display: Initializing audio mixer.
[2025.05.28-11.56.16:601][605]LogAudioMixer: Display: 0: FrontLeft
[2025.05.28-11.56.16:601][605]LogAudioMixer: Display: 1: FrontRight
[2025.05.28-11.56.16:645][605]LogAudioMixer: Display: Using Audio Device Динамики (Realtek(R) Audio)
[2025.05.28-11.56.16:645][605]LogAudioMixer: Display: Initializing Sound Submixes...
[2025.05.28-11.56.16:645][605]LogAudioMixer: Display: Creating Master Submix 'MasterSubmixDefault'
[2025.05.28-11.56.16:645][605]LogAudioMixer: Display: Creating Master Submix 'MasterReverbSubmixDefault'
[2025.05.28-11.56.16:647][605]LogAudioMixer: Display: Creating Master Submix 'MasterEQSubmixDefault'
[2025.05.28-11.56.16:647][605]LogAudioMixer: FMixerPlatformXAudio2::StartAudioStream() called
[2025.05.28-11.56.16:647][605]LogAudioMixer: Display: Output buffers initialized: Frames=1024, Channels=2, Samples=2048
[2025.05.28-11.56.16:648][605]LogAudioMixer: Display: Starting AudioMixerPlatformInterface::RunInternal()
[2025.05.28-11.56.16:648][605]LogAudioMixer: Display: FMixerPlatformXAudio2::SubmitBuffer() called for the first time
[2025.05.28-11.56.16:648][605]LogInit: FAudioDevice initialized.
[2025.05.28-11.56.16:648][605]LogAudio: Display: Audio Device (ID: 9) registered with world 'VRTemplateMap'.
[2025.05.28-11.56.16:657][605]LogLoad: Game class is 'VRGameMode_C'
[2025.05.28-11.56.16:662][605]LogWorld: Bringing World /Game/VRTemplate/Maps/UEDPIE_0_VRTemplateMap.VRTemplateMap up for play (max tick rate 0) at 2025.05.28-14.56.16
[2025.05.28-11.56.16:662][605]LogWorld: Bringing up level for play took: 0.003930
[2025.05.28-11.56.16:662][605]LogOnline: OSS: Creating online subsystem instance for: :Context_33
[2025.05.28-11.56.16:664][605]LogSpawn: Warning: SpawnActor failed because no class was specified
[2025.05.28-11.56.16:667][605]PIE: Server logged in
[2025.05.28-11.56.16:668][605]PIE: Play in editor total start time 0,123 seconds.
[2025.05.28-11.56.16:684][605]LogResonanceAudio: Display: Resonance Audio Listener is initialized
[2025.05.28-11.56.18:462][722]LogSlate: Updating window title bar state: overlay mode, drag disabled, window buttons hidden, title bar hidden
[2025.05.28-11.56.18:462][722]LogWorld: BeginTearingDown for /Game/VRTemplate/Maps/UEDPIE_0_VRTemplateMap
[2025.05.28-11.56.18:462][722]LogWorld: UWorld::CleanupWorld for VRTemplateMap, bSessionEnded=true, bCleanupResources=true
[2025.05.28-11.56.18:463][722]LogSlate: InvalidateAllWidgets triggered.  All widgets were invalidated
[2025.05.28-11.56.18:474][722]LogPlayLevel: Display: Shutting down PIE online subsystems
[2025.05.28-11.56.18:479][722]LogSlate: InvalidateAllWidgets triggered.  All widgets were invalidated
[2025.05.28-11.56.18:502][722]LogSlate: Updating window title bar state: overlay mode, drag disabled, window buttons hidden, title bar hidden
[2025.05.28-11.56.18:502][722]LogResonanceAudio: Display: Resonance Audio Listener is shutdown
[2025.05.28-11.56.18:502][722]LogAudioMixer: FMixerPlatformXAudio2::StopAudioStream() called
[2025.05.28-11.56.18:504][722]LogAudioMixer: FMixerPlatformXAudio2::StopAudioStream() called
[2025.05.28-11.56.18:515][722]LogUObjectHash: Compacting FUObjectHashTables data took   2.34ms
[2025.05.28-11.56.18:543][723]LogPlayLevel: Display: Destroying online subsystem :Context_33
[2025.05.28-11.56.19:573][796]LogEditorViewport: Clicking on Actor (LMB): PlayerStart (Player Start)
[2025.05.28-11.56.22:151][978]Cmd: DELETE
[2025.05.28-11.56.22:151][978]Cmd: ACTOR DELETE
[2025.05.28-11.56.22:153][978]LogEditorActor: Deleted Actor: PlayerStart
[2025.05.28-11.56.22:180][978]LogUObjectHash: Compacting FUObjectHashTables data took   2.28ms
[2025.05.28-11.56.22:184][978]LogEditorActor: Deleted 1 Actors (0.032 secs)
[2025.05.28-11.56.24:453][131]LogTemp: Repeating last play command: Simulate
[2025.05.28-11.56.24:461][131]LogPlayLevel: PlayLevel: No blueprints needed recompiling
[2025.05.28-11.56.24:461][131]PIE: New page: SIE session: VRTemplateMap (28 мая 2025 г., 17:56:24)
[2025.05.28-11.56.24:462][131]LogPlayLevel: Creating play world package: /Game/VRTemplate/Maps/UEDPIE_0_VRTemplateMap
[2025.05.28-11.56.24:474][131]LogPlayLevel: PIE: StaticDuplicateObject took: (0.012176s)
[2025.05.28-11.56.24:475][131]LogAIModule: Creating AISystem for world VRTemplateMap
[2025.05.28-11.56.24:475][131]LogPlayLevel: PIE: World Init took: (0.001102s)
[2025.05.28-11.56.24:475][131]LogPlayLevel: PIE: Created PIE world by copying editor world from /Game/VRTemplate/Maps/VRTemplateMap.VRTemplateMap to /Game/VRTemplate/Maps/UEDPIE_0_VRTemplateMap.VRTemplateMap (0.013459s)
[2025.05.28-11.56.24:505][131]LogUObjectHash: Compacting FUObjectHashTables data took   2.35ms
[2025.05.28-11.56.24:506][131]LogAudio: Display: Creating Audio Device:                 Id: 10, Scope: Unique, Realtime: True
[2025.05.28-11.56.24:506][131]LogAudioMixer: Display: Audio Mixer Platform Settings:
[2025.05.28-11.56.24:506][131]LogAudioMixer: Display: 	Sample Rate:						  48000
[2025.05.28-11.56.24:506][131]LogAudioMixer: Display: 	Callback Buffer Frame Size Requested: 1024
[2025.05.28-11.56.24:506][131]LogAudioMixer: Display: 	Callback Buffer Frame Size To Use:	  1024
[2025.05.28-11.56.24:506][131]LogAudioMixer: Display: 	Number of buffers to queue:			  1
[2025.05.28-11.56.24:506][131]LogAudioMixer: Display: 	Max Channels (voices):				  0
[2025.05.28-11.56.24:506][131]LogAudioMixer: Display: 	Number of Async Source Workers:		  4
[2025.05.28-11.56.24:506][131]LogAudio: Display: AudioDevice MaxSources: 32
[2025.05.28-11.56.24:506][131]LogAudio: Display: Audio Spatialization Plugin: Resonance Audio is external send: 1
[2025.05.28-11.56.24:506][131]LogAudio: Display: Audio Reverb Plugin: Resonance Audio
[2025.05.28-11.56.24:506][131]LogAudio: Display: Audio Occlusion Plugin: None (built-in).
[2025.05.28-11.56.24:506][131]LogAudioMixer: Display: Initializing audio mixer.
[2025.05.28-11.56.24:515][131]LogAudioMixer: Display: 0: FrontLeft
[2025.05.28-11.56.24:515][131]LogAudioMixer: Display: 1: FrontRight
[2025.05.28-11.56.24:559][131]LogAudioMixer: Display: Using Audio Device Динамики (Realtek(R) Audio)
[2025.05.28-11.56.24:559][131]LogAudioMixer: Display: Initializing Sound Submixes...
[2025.05.28-11.56.24:559][131]LogAudioMixer: Display: Creating Master Submix 'MasterSubmixDefault'
[2025.05.28-11.56.24:559][131]LogAudioMixer: Display: Creating Master Submix 'MasterReverbSubmixDefault'
[2025.05.28-11.56.24:560][131]LogAudioMixer: Display: Creating Master Submix 'MasterEQSubmixDefault'
[2025.05.28-11.56.24:560][131]LogAudioMixer: FMixerPlatformXAudio2::StartAudioStream() called
[2025.05.28-11.56.24:560][131]LogAudioMixer: Display: Output buffers initialized: Frames=1024, Channels=2, Samples=2048
[2025.05.28-11.56.24:562][131]LogAudioMixer: Display: Starting AudioMixerPlatformInterface::RunInternal()
[2025.05.28-11.56.24:562][131]LogAudioMixer: Display: FMixerPlatformXAudio2::SubmitBuffer() called for the first time
[2025.05.28-11.56.24:562][131]LogInit: FAudioDevice initialized.
[2025.05.28-11.56.24:562][131]LogAudio: Display: Audio Device (ID: 10) registered with world 'VRTemplateMap'.
[2025.05.28-11.56.24:575][131]LogLoad: Game class is 'VRGameMode_C'
[2025.05.28-11.56.24:579][131]LogWorld: Bringing World /Game/VRTemplate/Maps/UEDPIE_0_VRTemplateMap.VRTemplateMap up for play (max tick rate 0) at 2025.05.28-14.56.24
[2025.05.28-11.56.24:580][131]LogWorld: Bringing up level for play took: 0.003981
[2025.05.28-11.56.24:580][131]LogOnline: OSS: Creating online subsystem instance for: :Context_34
[2025.05.28-11.56.24:582][131]LogGameMode: FindPlayerStart: PATHS NOT DEFINED or NO PLAYERSTART with positive rating
[2025.05.28-11.56.24:582][131]LogSpawn: Warning: SpawnActor failed because no class was specified
[2025.05.28-11.56.24:585][131]PIE: Server logged in
[2025.05.28-11.56.24:585][131]PIE: Play in editor total start time 0,126 seconds.
[2025.05.28-11.56.24:598][131]LogResonanceAudio: Display: Resonance Audio Listener is initialized
[2025.05.28-11.56.25:774][212]LogEditorViewport: Clicking on Actor (LMB): BP_Sky_Sphere_C (SkySpherePC2)
[2025.05.28-11.56.48:102][613]LogSlate: Updating window title bar state: overlay mode, drag disabled, window buttons hidden, title bar hidden
[2025.05.28-11.56.48:102][613]LogWorld: BeginTearingDown for /Game/VRTemplate/Maps/UEDPIE_0_VRTemplateMap
[2025.05.28-11.56.48:102][613]LogWorld: UWorld::CleanupWorld for VRTemplateMap, bSessionEnded=true, bCleanupResources=true
[2025.05.28-11.56.48:103][613]LogSlate: InvalidateAllWidgets triggered.  All widgets were invalidated
[2025.05.28-11.56.48:109][613]LogPlayLevel: Display: Shutting down PIE online subsystems
[2025.05.28-11.56.48:118][613]LogSlate: InvalidateAllWidgets triggered.  All widgets were invalidated
[2025.05.28-11.56.48:137][613]LogSlate: Updating window title bar state: overlay mode, drag disabled, window buttons hidden, title bar hidden
[2025.05.28-11.56.48:137][613]LogResonanceAudio: Display: Resonance Audio Listener is shutdown
[2025.05.28-11.56.48:137][613]LogAudioMixer: FMixerPlatformXAudio2::StopAudioStream() called
[2025.05.28-11.56.48:139][613]LogAudioMixer: FMixerPlatformXAudio2::StopAudioStream() called
[2025.05.28-11.56.48:147][613]LogUObjectHash: Compacting FUObjectHashTables data took   1.93ms
[2025.05.28-11.56.48:177][614]LogPlayLevel: Display: Destroying online subsystem :Context_34
[2025.05.28-11.56.49:197][700]LogHttp: Warning: 0000019387EEE400: invalid HTTP response code received. URL: https://datarouter.ol.epicgames.com/datarouter/api/v1/public/data?SessionID=%7B1ADDE270-47C2-2441-0649-9998114C988D%7D&AppID=UEEditor.Rocket.Release&AppVersion=4.27.2-18319896%2B%2B%2BUE4%2BRelease-4.27&UserID=8f81e17f46360d0d130dba9b6452456c%7C047f60e4029c4fa180fd4031df82706c%7C82fea602-2be7-42e1-a651-dfe5ff9bb82e&AppEnvironment=datacollector-binary&UploadType=eteventstream, HTTP code: 0, content length: 0, actual payload size: 0
[2025.05.28-11.56.49:198][700]LogHttp: Warning: 0000019387EEE400: request failed, libcurl error: 6 (Couldn't resolve host name)
[2025.05.28-11.56.49:198][700]LogHttp: Warning: 0000019387EEE400: libcurl info message cache 0 (Could not resolve host: datarouter.ol.epicgames.com)
[2025.05.28-11.56.49:198][700]LogHttp: Warning: 0000019387EEE400: libcurl info message cache 1 (Closing connection 20)
[2025.05.28-11.56.49:198][700]LogHttp: Warning: Retry exhausted on https://datarouter.ol.epicgames.com/datarouter/api/v1/public/data?SessionID=%7B1ADDE270-47C2-2441-0649-9998114C988D%7D&AppID=UEEditor.Rocket.Release&AppVersion=4.27.2-18319896%2B%2B%2BUE4%2BRelease-4.27&UserID=8f81e17f46360d0d130dba9b6452456c%7C047f60e4029c4fa180fd4031df82706c%7C82fea602-2be7-42e1-a651-dfe5ff9bb82e&AppEnvironment=datacollector-binary&UploadType=eteventstream
[2025.05.28-11.56.57:519][340]Cmd: TRANSACTION UNDO
[2025.05.28-11.56.57:519][340]LogEditorTransaction: Undo Delete Actors
[2025.05.28-11.57.49:675][303]LogHttp: Warning: 00000193BA90D600: invalid HTTP response code received. URL: https://datarouter.ol.epicgames.com/datarouter/api/v1/public/data?SessionID=%7B1ADDE270-47C2-2441-0649-9998114C988D%7D&AppID=UEEditor.Rocket.Release&AppVersion=4.27.2-18319896%2B%2B%2BUE4%2BRelease-4.27&UserID=8f81e17f46360d0d130dba9b6452456c%7C047f60e4029c4fa180fd4031df82706c%7C82fea602-2be7-42e1-a651-dfe5ff9bb82e&AppEnvironment=datacollector-binary&UploadType=eteventstream, HTTP code: 0, content length: 0, actual payload size: 0
[2025.05.28-11.57.49:676][303]LogHttp: Warning: 00000193BA90D600: request failed, libcurl error: 6 (Couldn't resolve host name)
[2025.05.28-11.57.49:676][303]LogHttp: Warning: 00000193BA90D600: libcurl info message cache 0 (Could not resolve host: datarouter.ol.epicgames.com)
[2025.05.28-11.57.49:676][303]LogHttp: Warning: 00000193BA90D600: libcurl info message cache 1 (Closing connection 21)
[2025.05.28-11.57.49:684][304]LogHttp: Warning: Retry exhausted on https://datarouter.ol.epicgames.com/datarouter/api/v1/public/data?SessionID=%7B1ADDE270-47C2-2441-0649-9998114C988D%7D&AppID=UEEditor.Rocket.Release&AppVersion=4.27.2-18319896%2B%2B%2BUE4%2BRelease-4.27&UserID=8f81e17f46360d0d130dba9b6452456c%7C047f60e4029c4fa180fd4031df82706c%7C82fea602-2be7-42e1-a651-dfe5ff9bb82e&AppEnvironment=datacollector-binary&UploadType=eteventstream
[2025.05.28-11.58.22:939][434]Cmd: DELETE
[2025.05.28-11.58.22:939][434]Cmd: ACTOR DELETE
[2025.05.28-11.58.22:946][434]LogEditorActor: Deleted Actor: VRPawn_C
[2025.05.28-11.58.22:984][434]LogUObjectHash: Compacting FUObjectHashTables data took   2.19ms
[2025.05.28-11.58.23:004][434]LogEditorActor: Deleted 1 Actors (0.063 secs)
[2025.05.28-11.58.31:869][430]LogUObjectHash: Compacting FUObjectHashTables data took   0.62ms
[2025.05.28-11.58.31:906][430]LogSavePackage: Moving '../../../../../../Users/sasha/Documents/GitHub/unreal_project/Saved/VRTemplateMapB17015B94E98113FF1ED6C9ADFC414BE.tmp' to '../../../../../../Users/sasha/Documents/GitHub/unreal_project/Content/VRTemplate/Maps/VRTemplateMap.umap'
[2025.05.28-11.58.32:071][430]LogSavePackage: Moving '../../../../../../Users/sasha/Documents/GitHub/unreal_project/Saved/VRTemplateMap_BuiltData3A7C41AD44A2B887CA54768BD85DB654.tmp' to '../../../../../../Users/sasha/Documents/GitHub/unreal_project/Content/VRTemplate/Maps/VRTemplateMap_BuiltData.uasset'
[2025.05.28-11.58.32:088][430]AssetCheck: New page: Asset Save: multiple assets
[2025.05.28-11.58.32:088][430]LogContentValidation: Display: Validating World /Game/VRTemplate/Maps/VRTemplateMap.VRTemplateMap
[2025.05.28-11.58.32:088][430]LogContentValidation: Display: Validating MapBuildDataRegistry /Game/VRTemplate/Maps/VRTemplateMap_BuiltData.VRTemplateMap_BuiltData
[2025.05.28-11.58.47:549][965]LogHttp: Warning: 000001938739DD00: invalid HTTP response code received. URL: https://datarouter.ol.epicgames.com/datarouter/api/v1/public/data?SessionID=%7B1ADDE270-47C2-2441-0649-9998114C988D%7D&AppID=UEEditor.Rocket.Release&AppVersion=4.27.2-18319896%2B%2B%2BUE4%2BRelease-4.27&UserID=8f81e17f46360d0d130dba9b6452456c%7C047f60e4029c4fa180fd4031df82706c%7C82fea602-2be7-42e1-a651-dfe5ff9bb82e&AppEnvironment=datacollector-binary&UploadType=eteventstream, HTTP code: 0, content length: 0, actual payload size: 0
[2025.05.28-11.58.47:549][965]LogHttp: Warning: 000001938739DD00: request failed, libcurl error: 6 (Couldn't resolve host name)
[2025.05.28-11.58.47:550][965]LogHttp: Warning: 000001938739DD00: libcurl info message cache 0 (Could not resolve host: datarouter.ol.epicgames.com)
[2025.05.28-11.58.47:550][965]LogHttp: Warning: 000001938739DD00: libcurl info message cache 1 (Closing connection 22)
[2025.05.28-11.58.47:559][966]LogHttp: Warning: Retry exhausted on https://datarouter.ol.epicgames.com/datarouter/api/v1/public/data?SessionID=%7B1ADDE270-47C2-2441-0649-9998114C988D%7D&AppID=UEEditor.Rocket.Release&AppVersion=4.27.2-18319896%2B%2B%2BUE4%2BRelease-4.27&UserID=8f81e17f46360d0d130dba9b6452456c%7C047f60e4029c4fa180fd4031df82706c%7C82fea602-2be7-42e1-a651-dfe5ff9bb82e&AppEnvironment=datacollector-binary&UploadType=eteventstream
[2025.05.28-11.58.47:688][977]LogTemp: Repeating last play command: Simulate
[2025.05.28-11.58.47:695][977]LogPlayLevel: PlayLevel: No blueprints needed recompiling
[2025.05.28-11.58.47:696][977]PIE: New page: SIE session: VRTemplateMap (28 мая 2025 г., 17:58:47)
[2025.05.28-11.58.47:696][977]LogPlayLevel: Creating play world package: /Game/VRTemplate/Maps/UEDPIE_0_VRTemplateMap
[2025.05.28-11.58.47:706][977]LogPlayLevel: PIE: StaticDuplicateObject took: (0.010293s)
[2025.05.28-11.58.47:707][977]LogAIModule: Creating AISystem for world VRTemplateMap
[2025.05.28-11.58.47:707][977]LogPlayLevel: PIE: World Init took: (0.001135s)
[2025.05.28-11.58.47:707][977]LogPlayLevel: PIE: Created PIE world by copying editor world from /Game/VRTemplate/Maps/VRTemplateMap.VRTemplateMap to /Game/VRTemplate/Maps/UEDPIE_0_VRTemplateMap.VRTemplateMap (0.011591s)
[2025.05.28-11.58.47:733][977]LogUObjectHash: Compacting FUObjectHashTables data took   2.33ms
[2025.05.28-11.58.47:737][977]LogAudio: Display: Creating Audio Device:                 Id: 11, Scope: Unique, Realtime: True
[2025.05.28-11.58.47:737][977]LogAudioMixer: Display: Audio Mixer Platform Settings:
[2025.05.28-11.58.47:738][977]LogAudioMixer: Display: 	Sample Rate:						  48000
[2025.05.28-11.58.47:738][977]LogAudioMixer: Display: 	Callback Buffer Frame Size Requested: 1024
[2025.05.28-11.58.47:738][977]LogAudioMixer: Display: 	Callback Buffer Frame Size To Use:	  1024
[2025.05.28-11.58.47:738][977]LogAudioMixer: Display: 	Number of buffers to queue:			  1
[2025.05.28-11.58.47:738][977]LogAudioMixer: Display: 	Max Channels (voices):				  0
[2025.05.28-11.58.47:738][977]LogAudioMixer: Display: 	Number of Async Source Workers:		  4
[2025.05.28-11.58.47:738][977]LogAudio: Display: AudioDevice MaxSources: 32
[2025.05.28-11.58.47:738][977]LogAudio: Display: Audio Spatialization Plugin: Resonance Audio is external send: 1
[2025.05.28-11.58.47:738][977]LogAudio: Display: Audio Reverb Plugin: Resonance Audio
[2025.05.28-11.58.47:738][977]LogAudio: Display: Audio Occlusion Plugin: None (built-in).
[2025.05.28-11.58.47:738][977]LogAudioMixer: Display: Initializing audio mixer.
[2025.05.28-11.58.47:746][977]LogAudioMixer: Display: 0: FrontLeft
[2025.05.28-11.58.47:746][977]LogAudioMixer: Display: 1: FrontRight
[2025.05.28-11.58.47:786][977]LogAudioMixer: Display: Using Audio Device Динамики (Realtek(R) Audio)
[2025.05.28-11.58.47:786][977]LogAudioMixer: Display: Initializing Sound Submixes...
[2025.05.28-11.58.47:786][977]LogAudioMixer: Display: Creating Master Submix 'MasterSubmixDefault'
[2025.05.28-11.58.47:786][977]LogAudioMixer: Display: Creating Master Submix 'MasterReverbSubmixDefault'
[2025.05.28-11.58.47:787][977]LogAudioMixer: Display: Creating Master Submix 'MasterEQSubmixDefault'
[2025.05.28-11.58.47:787][977]LogAudioMixer: FMixerPlatformXAudio2::StartAudioStream() called
[2025.05.28-11.58.47:787][977]LogAudioMixer: Display: Output buffers initialized: Frames=1024, Channels=2, Samples=2048
[2025.05.28-11.58.47:788][977]LogAudioMixer: Display: Starting AudioMixerPlatformInterface::RunInternal()
[2025.05.28-11.58.47:788][977]LogAudioMixer: Display: FMixerPlatformXAudio2::SubmitBuffer() called for the first time
[2025.05.28-11.58.47:788][977]LogInit: FAudioDevice initialized.
[2025.05.28-11.58.47:788][977]LogAudio: Display: Audio Device (ID: 11) registered with world 'VRTemplateMap'.
[2025.05.28-11.58.47:797][977]LogLoad: Game class is 'VRGameMode_C'
[2025.05.28-11.58.47:800][977]LogWorld: Bringing World /Game/VRTemplate/Maps/UEDPIE_0_VRTemplateMap.VRTemplateMap up for play (max tick rate 0) at 2025.05.28-14.58.47
[2025.05.28-11.58.47:801][977]LogWorld: Bringing up level for play took: 0.003254
[2025.05.28-11.58.47:801][977]LogOnline: OSS: Creating online subsystem instance for: :Context_35
[2025.05.28-11.58.47:803][977]LogSpawn: Warning: SpawnActor failed because no class was specified
[2025.05.28-11.58.47:805][977]PIE: Server logged in
[2025.05.28-11.58.47:806][977]PIE: Play in editor total start time 0,112 seconds.
[2025.05.28-11.58.47:818][977]LogResonanceAudio: Display: Resonance Audio Listener is initialized
[2025.05.28-11.58.49:852][134]LogEditorViewport: Clicking on Actor (LMB): BP_HC-SR04_C (BP_HC-SR04)
[2025.05.28-11.58.59:486][900]LogEditorViewport: Clicking on Actor (LMB): StaticMeshActor (TemplateFloor)
[2025.05.28-11.58.59:992][932]LogEditorViewport: Clicking on Actor (LMB): BP_Motor_Holder_C (BP_Motor_Holder3)
[2025.05.28-11.59.02:651][127]LogSlate: Updating window title bar state: overlay mode, drag disabled, window buttons hidden, title bar hidden
[2025.05.28-11.59.02:651][127]LogWorld: BeginTearingDown for /Game/VRTemplate/Maps/UEDPIE_0_VRTemplateMap
[2025.05.28-11.59.02:652][127]LogWorld: UWorld::CleanupWorld for VRTemplateMap, bSessionEnded=true, bCleanupResources=true
[2025.05.28-11.59.02:652][127]LogSlate: InvalidateAllWidgets triggered.  All widgets were invalidated
[2025.05.28-11.59.02:664][127]LogPlayLevel: Display: Shutting down PIE online subsystems
[2025.05.28-11.59.02:668][127]LogSlate: InvalidateAllWidgets triggered.  All widgets were invalidated
[2025.05.28-11.59.02:691][127]LogSlate: Updating window title bar state: overlay mode, drag disabled, window buttons hidden, title bar hidden
[2025.05.28-11.59.02:692][127]LogResonanceAudio: Display: Resonance Audio Listener is shutdown
[2025.05.28-11.59.02:692][127]LogAudioMixer: FMixerPlatformXAudio2::StopAudioStream() called
[2025.05.28-11.59.02:694][127]LogAudioMixer: FMixerPlatformXAudio2::StopAudioStream() called
[2025.05.28-11.59.02:700][127]LogUObjectHash: Compacting FUObjectHashTables data took   2.58ms
[2025.05.28-11.59.02:730][128]LogPlayLevel: Display: Destroying online subsystem :Context_35
[2025.05.28-11.59.26:242][ 45]LogEditorViewport: Clicking on Actor (LMB): StaticMeshActor (TemplateFloor)
[2025.05.28-11.59.49:257][588]LogHttp: Warning: 00000193BA3CAB00: invalid HTTP response code received. URL: https://datarouter.ol.epicgames.com/datarouter/api/v1/public/data?SessionID=%7B1ADDE270-47C2-2441-0649-9998114C988D%7D&AppID=UEEditor.Rocket.Release&AppVersion=4.27.2-18319896%2B%2B%2BUE4%2BRelease-4.27&UserID=8f81e17f46360d0d130dba9b6452456c%7C047f60e4029c4fa180fd4031df82706c%7C82fea602-2be7-42e1-a651-dfe5ff9bb82e&AppEnvironment=datacollector-binary&UploadType=eteventstream, HTTP code: 0, content length: 0, actual payload size: 0
[2025.05.28-11.59.49:257][588]LogHttp: Warning: 00000193BA3CAB00: request failed, libcurl error: 6 (Couldn't resolve host name)
[2025.05.28-11.59.49:257][588]LogHttp: Warning: 00000193BA3CAB00: libcurl info message cache 0 (Could not resolve host: datarouter.ol.epicgames.com)
[2025.05.28-11.59.49:258][588]LogHttp: Warning: 00000193BA3CAB00: libcurl info message cache 1 (Closing connection 23)
[2025.05.28-11.59.49:258][588]LogHttp: Warning: Retry exhausted on https://datarouter.ol.epicgames.com/datarouter/api/v1/public/data?SessionID=%7B1ADDE270-47C2-2441-0649-9998114C988D%7D&AppID=UEEditor.Rocket.Release&AppVersion=4.27.2-18319896%2B%2B%2BUE4%2BRelease-4.27&UserID=8f81e17f46360d0d130dba9b6452456c%7C047f60e4029c4fa180fd4031df82706c%7C82fea602-2be7-42e1-a651-dfe5ff9bb82e&AppEnvironment=datacollector-binary&UploadType=eteventstream
[2025.05.28-12.00.10:041][649]LogUObjectHash: Compacting FUObjectHashTables data took   2.08ms
[2025.05.28-12.00.10:104][649]LogSlate: Window 'MyProject - Unreal Editor' being destroyed
[2025.05.28-12.00.10:220][650]Cmd: QUIT_EDITOR
[2025.05.28-12.00.10:220][650]LogCore: Engine exit requested (reason: UUnrealEdEngine::CloseEditor())
[2025.05.28-12.00.10:224][650]LogCore: Engine exit requested (reason: EngineExit() was called; note: exit was already requested)
[2025.05.28-12.00.10:770][650]LogAudio: Display: Beginning Audio Device Manager Shutdown (Module: AudioMixerXAudio2)...
[2025.05.28-12.00.10:770][650]LogAudio: Display: Destroying 1 Remaining Audio Device(s)...
[2025.05.28-12.00.10:770][650]LogAudio: Display: Audio Device unregistered from world 'VRTemplateMap'.
[2025.05.28-12.00.10:770][650]LogResonanceAudio: Display: Resonance Audio Listener is shutdown
[2025.05.28-12.00.10:770][650]LogAudioMixer: FMixerPlatformXAudio2::StopAudioStream() called
[2025.05.28-12.00.10:771][650]LogAudioMixer: FMixerPlatformXAudio2::StopAudioStream() called
[2025.05.28-12.00.10:802][650]LogAudio: Display: Audio Device Manager Shutdown
[2025.05.28-12.00.10:802][650]LogWindowsTextInputMethodSystem: Display: IME system deactivated.
[2025.05.28-12.00.10:807][650]LogExit: Preparing to exit.
[2025.05.28-12.00.11:603][650]LogUObjectHash: Compacting FUObjectHashTables data took   2.36ms
[2025.05.28-12.00.11:693][650]LogWorld: UWorld::CleanupWorld for World_0, bSessionEnded=true, bCleanupResources=true
[2025.05.28-12.00.11:696][650]LogWorld: UWorld::CleanupWorld for World_1, bSessionEnded=true, bCleanupResources=true
[2025.05.28-12.00.11:698][650]LogWorld: UWorld::CleanupWorld for World_7, bSessionEnded=true, bCleanupResources=true
[2025.05.28-12.00.11:700][650]LogWorld: UWorld::CleanupWorld for World_10, bSessionEnded=true, bCleanupResources=true
[2025.05.28-12.00.11:701][650]LogWorld: UWorld::CleanupWorld for World_11, bSessionEnded=true, bCleanupResources=true
[2025.05.28-12.00.11:704][650]LogWorld: UWorld::CleanupWorld for World_18, bSessionEnded=true, bCleanupResources=true
[2025.05.28-12.00.11:706][650]LogWorld: UWorld::CleanupWorld for World_19, bSessionEnded=true, bCleanupResources=true
[2025.05.28-12.00.11:707][650]LogWorld: UWorld::CleanupWorld for World_20, bSessionEnded=true, bCleanupResources=true
[2025.05.28-12.00.11:709][650]LogWorld: UWorld::CleanupWorld for World_21, bSessionEnded=true, bCleanupResources=true
[2025.05.28-12.00.11:711][650]LogWorld: UWorld::CleanupWorld for World_22, bSessionEnded=true, bCleanupResources=true
[2025.05.28-12.00.11:713][650]LogWorld: UWorld::CleanupWorld for World_23, bSessionEnded=true, bCleanupResources=true
[2025.05.28-12.00.11:714][650]LogWorld: UWorld::CleanupWorld for World_24, bSessionEnded=true, bCleanupResources=true
[2025.05.28-12.00.11:717][650]LogWorld: UWorld::CleanupWorld for World_3, bSessionEnded=true, bCleanupResources=true
[2025.05.28-12.00.11:719][650]LogWorld: UWorld::CleanupWorld for World_2, bSessionEnded=true, bCleanupResources=true
[2025.05.28-12.00.11:771][650]LogDemo: Cleaned up 0 splitscreen connections with owner deletion
[2025.05.28-12.00.11:779][650]LogWorld: UWorld::CleanupWorld for None, bSessionEnded=true, bCleanupResources=true
[2025.05.28-12.00.11:779][650]LogExit: Editor shut down
[2025.05.28-12.00.11:779][650]LogExit: Transaction tracking system shut down
[2025.05.28-12.00.11:994][650]LogExit: Object subsystem successfully closed.
[2025.05.28-12.00.12:018][650]LogShaderCompilers: Display: === FShaderJobCache stats ===
[2025.05.28-12.00.12:018][650]LogShaderCompilers: Display: Total job queries 0, among them cache hits 0 (0.00%)
[2025.05.28-12.00.12:018][650]LogShaderCompilers: Display: Tracking 0 distinct input hashes that result in 0 distinct outputs (0.00%)
[2025.05.28-12.00.12:018][650]LogShaderCompilers: Display: RAM used: 0.00 MB (0.00 GB) of 1638.40 MB (1.60 GB) budget. Usage: 0.00%
[2025.05.28-12.00.12:018][650]LogShaderCompilers: Display: ================================================
[2025.05.28-12.00.12:030][650]LogShaderCompilers: Display: Shaders left to compile 0
[2025.05.28-12.00.12:050][650]LogModuleManager: Shutting down and abandoning module SequencerWidgets (868)
[2025.05.28-12.00.12:050][650]LogModuleManager: Shutting down and abandoning module MovieSceneCapture (866)
[2025.05.28-12.00.12:050][650]LogModuleManager: Shutting down and abandoning module Voice (864)
[2025.05.28-12.00.12:050][650]LogModuleManager: Shutting down and abandoning module BlueprintGraph (862)
[2025.05.28-12.00.12:050][650]LogModuleManager: Shutting down and abandoning module HierarchicalLODOutliner (860)
[2025.05.28-12.00.12:050][650]LogModuleManager: Shutting down and abandoning module SceneOutliner (858)
[2025.05.28-12.00.12:050][650]LogModuleManager: Shutting down and abandoning module AddContentDialog (856)
[2025.05.28-12.00.12:051][650]LogModuleManager: Shutting down and abandoning module WidgetCarousel (855)
[2025.05.28-12.00.12:051][650]LogModuleManager: Shutting down and abandoning module EditorWidgets (852)
[2025.05.28-12.00.12:051][650]LogModuleManager: Shutting down and abandoning module StatsViewer (850)
[2025.05.28-12.00.12:051][650]LogModuleManager: Shutting down and abandoning module PIEPreviewDeviceProfileSelector (848)
[2025.05.28-12.00.12:051][650]LogModuleManager: Shutting down and abandoning module SequenceRecorderSections (846)
[2025.05.28-12.00.12:051][650]LogModuleManager: Shutting down and abandoning module AutomationWorker (844)
[2025.05.28-12.00.12:051][650]LogModuleManager: Shutting down and abandoning module ResonanceAudioEditor (842)
[2025.05.28-12.00.12:051][650]LogModuleManager: Shutting down and abandoning module TakeRecorderSources (840)
[2025.05.28-12.00.12:051][650]LogModuleManager: Shutting down and abandoning module TakeRecorder (839)
[2025.05.28-12.00.12:051][650]LogModuleManager: Shutting down and abandoning module TakeTrackRecorders (836)
[2025.05.28-12.00.12:051][650]LogModuleManager: Shutting down and abandoning module TakesCore (834)
[2025.05.28-12.00.12:051][650]LogModuleManager: Shutting down and abandoning module OpenXRInput (832)
[2025.05.28-12.00.12:051][650]LogModuleManager: Shutting down and abandoning module GooglePADEditor (830)
[2025.05.28-12.00.12:051][650]LogModuleManager: Shutting down and abandoning module AudioCaptureEditor (828)
[2025.05.28-12.00.12:051][650]LogModuleManager: Shutting down and abandoning module WmfMediaFactory (826)
[2025.05.28-12.00.12:051][650]LogModuleManager: Shutting down and abandoning module WmfMediaEditor (824)
[2025.05.28-12.00.12:051][650]LogModuleManager: Shutting down and abandoning module WebMMediaFactory (822)
[2025.05.28-12.00.12:051][650]LogModuleManager: Shutting down and abandoning module WebMMediaEditor (820)
[2025.05.28-12.00.12:051][650]LogModuleManager: Shutting down and abandoning module WebMMedia (818)
[2025.05.28-12.00.12:051][650]LogModuleManager: Shutting down and abandoning module MediaPlayerEditor (816)
[2025.05.28-12.00.12:051][650]LogModuleManager: Shutting down and abandoning module MediaCompositingEditor (814)
[2025.05.28-12.00.12:051][650]LogModuleManager: Shutting down and abandoning module SequenceRecorder (813)
[2025.05.28-12.00.12:051][650]LogModuleManager: Shutting down and abandoning module OpenExrWrapper (810)
[2025.05.28-12.00.12:051][650]LogModuleManager: Shutting down and abandoning module ImgMediaFactory (808)
[2025.05.28-12.00.12:051][650]LogModuleManager: Shutting down and abandoning module ImgMediaEditor (806)
[2025.05.28-12.00.12:051][650]LogModuleManager: Shutting down and abandoning module AvfMediaFactory (804)
[2025.05.28-12.00.12:051][650]LogModuleManager: Shutting down and abandoning module AvfMediaEditor (802)
[2025.05.28-12.00.12:051][650]LogModuleManager: Shutting down and abandoning module AndroidMediaFactory (800)
[2025.05.28-12.00.12:051][650]LogModuleManager: Shutting down and abandoning module AndroidMediaEditor (798)
[2025.05.28-12.00.12:051][650]LogModuleManager: Shutting down and abandoning module MagicLeapMediaCodecFactory (796)
[2025.05.28-12.00.12:051][650]LogModuleManager: Shutting down and abandoning module MagicLeapMediaFactory (794)
[2025.05.28-12.00.12:051][650]LogModuleManager: Shutting down and abandoning module MagicLeapMediaEditor (792)
[2025.05.28-12.00.12:051][650]LogModuleManager: Shutting down and abandoning module PlanarCut (790)
[2025.05.28-12.00.12:051][650]LogModuleManager: Shutting down and abandoning module TemplateSequenceEditor (788)
[2025.05.28-12.00.12:051][650]LogModuleManager: Shutting down and abandoning module MatineeToLevelSequence (786)
[2025.05.28-12.00.12:051][650]LogModuleManager: Shutting down and abandoning module LevelSequenceEditor (784)
[2025.05.28-12.00.12:051][650]LogModuleManager: Shutting down and abandoning module ActorSequenceEditor (782)
[2025.05.28-12.00.12:051][650]LogModuleManager: Shutting down and abandoning module CharacterAI (780)
[2025.05.28-12.00.12:051][650]LogModuleManager: Shutting down and abandoning module TextureAlignMode (778)
[2025.05.28-12.00.12:051][650]LogModuleManager: Shutting down and abandoning module BspMode (776)
[2025.05.28-12.00.12:051][650]LogModuleManager: Shutting down and abandoning module GeometryMode (774)
[2025.05.28-12.00.12:051][650]LogModuleManager: Shutting down and abandoning module CameraShakePreviewer (772)
[2025.05.28-12.00.12:051][650]LogModuleManager: Shutting down and abandoning module SmartSnapping (770)
[2025.05.28-12.00.12:051][650]LogModuleManager: Shutting down and abandoning module SessionServices (768)
[2025.05.28-12.00.12:052][650]LogModuleManager: Shutting down and abandoning module MeshPaint (766)
[2025.05.28-12.00.12:052][650]LogModuleManager: Shutting down and abandoning module VirtualTexturingEditor (764)
[2025.05.28-12.00.12:052][650]LogModuleManager: Shutting down and abandoning module FoliageEdit (762)
[2025.05.28-12.00.12:052][650]LogModuleManager: Shutting down and abandoning module LandscapeEditor (760)
[2025.05.28-12.00.12:052][650]LogModuleManager: Shutting down and abandoning module MeshPaintMode (758)
[2025.05.28-12.00.12:052][650]LogModuleManager: Shutting down and abandoning module SceneDepthPickerMode (756)
[2025.05.28-12.00.12:052][650]LogModuleManager: Shutting down and abandoning module ActorPickerMode (754)
[2025.05.28-12.00.12:052][650]LogModuleManager: Shutting down and abandoning module PlacementMode (752)
[2025.05.28-12.00.12:052][650]LogModuleManager: Shutting down and abandoning module ViewportSnapping (750)
[2025.05.28-12.00.12:052][650]LogModuleManager: Shutting down and abandoning module ViewportInteraction (748)
[2025.05.28-12.00.12:052][650]LogModuleManager: Shutting down and abandoning module ClothPainter (746)
[2025.05.28-12.00.12:052][650]LogModuleManager: Shutting down and abandoning module SkeletalMeshEditor (745)
[2025.05.28-12.00.12:052][650]LogModuleManager: Shutting down and abandoning module LogVisualizer (742)
[2025.05.28-12.00.12:052][650]LogModuleManager: Shutting down and abandoning module IntroTutorials (740)
[2025.05.28-12.00.12:052][650]LogModuleManager: Shutting down and abandoning module GameProjectGeneration (739)
[2025.05.28-12.00.12:052][650]LogModuleManager: Shutting down and abandoning module LuminPlatformEditor (736)
[2025.05.28-12.00.12:052][650]LogModuleManager: Shutting down and abandoning module IOSPlatformEditor (734)
[2025.05.28-12.00.12:052][650]LogModuleManager: Shutting down and abandoning module AndroidPlatformEditor (732)
[2025.05.28-12.00.12:052][650]LogModuleManager: Shutting down and abandoning module AndroidDeviceDetection (731)
[2025.05.28-12.00.12:188][650]LogModuleManager: Shutting down and abandoning module WindowsPlatformEditor (728)
[2025.05.28-12.00.12:188][650]LogModuleManager: Shutting down and abandoning module LuminRuntimeSettings (726)
[2025.05.28-12.00.12:188][650]LogModuleManager: Shutting down and abandoning module IOSRuntimeSettings (724)
[2025.05.28-12.00.12:188][650]LogModuleManager: Shutting down and abandoning module AndroidRuntimeSettings (722)
[2025.05.28-12.00.12:188][650]LogModuleManager: Shutting down and abandoning module TraceInsights (720)
[2025.05.28-12.00.12:188][650]MemoryProfiler: Shutdown
[2025.05.28-12.00.12:188][650]NetworkingProfiler: Shutdown
[2025.05.28-12.00.12:188][650]LoadingProfiler: Shutdown
[2025.05.28-12.00.12:189][650]TimingProfiler: Shutdown
[2025.05.28-12.00.12:189][650]LogModuleManager: Shutting down and abandoning module TraceServices (719)
[2025.05.28-12.00.12:189][650]LogModuleManager: Shutting down and abandoning module EditorInteractiveToolsFramework (716)
[2025.05.28-12.00.12:189][650]LogModuleManager: Shutting down and abandoning module TimeManagementEditor (714)
[2025.05.28-12.00.12:189][650]LogModuleManager: Shutting down and abandoning module InputBindingEditor (712)
[2025.05.28-12.00.12:189][650]LogModuleManager: Shutting down and abandoning module MergeActors (710)
[2025.05.28-12.00.12:189][650]LogModuleManager: Shutting down and abandoning module LocalizationDashboard (708)
[2025.05.28-12.00.12:189][650]LogModuleManager: Shutting down and abandoning module LocalizationService (707)
[2025.05.28-12.00.12:189][650]LogModuleManager: Shutting down and abandoning module HardwareTargeting (704)
[2025.05.28-12.00.12:189][650]LogModuleManager: Shutting down and abandoning module DeviceProfileEditor (702)
[2025.05.28-12.00.12:189][650]LogModuleManager: Shutting down and abandoning module UndoHistory (700)
[2025.05.28-12.00.12:189][650]LogModuleManager: Shutting down and abandoning module XmlParser (698)
[2025.05.28-12.00.12:189][650]LogModuleManager: Shutting down and abandoning module Blutility (696)
[2025.05.28-12.00.12:189][650]LogModuleManager: Shutting down and abandoning module ProjectSettingsViewer (694)
[2025.05.28-12.00.12:189][650]LogModuleManager: Shutting down and abandoning module ProjectTargetPlatformEditor (693)
[2025.05.28-12.00.12:189][650]LogModuleManager: Shutting down and abandoning module EditorSettingsViewer (690)
[2025.05.28-12.00.12:189][650]LogModuleManager: Shutting down and abandoning module InternationalizationSettings (689)
[2025.05.28-12.00.12:189][650]LogModuleManager: Shutting down and abandoning module SettingsEditor (686)
[2025.05.28-12.00.12:189][650]LogModuleManager: Shutting down and abandoning module ProjectLauncher (684)
[2025.05.28-12.00.12:189][650]LogModuleManager: Shutting down and abandoning module SessionFrontend (682)
[2025.05.28-12.00.12:189][650]LogModuleManager: Shutting down and abandoning module ProfilerClient (680)
[2025.05.28-12.00.12:189][650]LogModuleManager: Shutting down and abandoning module DeviceManager (678)
[2025.05.28-12.00.12:189][650]LogModuleManager: Shutting down and abandoning module TargetDeviceServices (677)
[2025.05.28-12.00.12:222][650]LogModuleManager: Shutting down and abandoning module AutomationController (674)
[2025.05.28-12.00.12:222][650]LogModuleManager: Shutting down and abandoning module AutomationWindow (672)
[2025.05.28-12.00.12:222][650]LogModuleManager: Shutting down and abandoning module Layers (670)
[2025.05.28-12.00.12:222][650]LogModuleManager: Shutting down and abandoning module ComponentVisualizers (668)
[2025.05.28-12.00.12:222][650]LogModuleManager: Shutting down and abandoning module DetailCustomizations (666)
[2025.05.28-12.00.12:222][650]LogModuleManager: Shutting down and abandoning module PackagesDialog (664)
[2025.05.28-12.00.12:222][650]LogModuleManager: Shutting down and abandoning module AnimationBlueprintEditor (662)
[2025.05.28-12.00.12:222][650]LogModuleManager: Shutting down and abandoning module Persona (660)
[2025.05.28-12.00.12:222][650]LogModuleManager: Shutting down and abandoning module AdvancedPreviewScene (659)
[2025.05.28-12.00.12:222][650]LogModuleManager: Shutting down and abandoning module AnimGraph (657)
[2025.05.28-12.00.12:222][650]LogModuleManager: Shutting down and abandoning module Kismet (654)
[2025.05.28-12.00.12:228][650]LogModuleManager: Shutting down and abandoning module KismetWidgets (653)
[2025.05.28-12.00.12:228][650]LogModuleManager: Shutting down and abandoning module GraphEditor (650)
[2025.05.28-12.00.12:228][650]LogModuleManager: Shutting down and abandoning module StructViewer (648)
[2025.05.28-12.00.12:228][650]LogModuleManager: Shutting down and abandoning module ClassViewer (646)
[2025.05.28-12.00.12:228][650]LogModuleManager: Shutting down and abandoning module Toolbox (644)
[2025.05.28-12.00.12:228][650]LogModuleManager: Shutting down and abandoning module ModuleUI (642)
[2025.05.28-12.00.12:228][650]LogModuleManager: Shutting down and abandoning module OutputLog (640)
[2025.05.28-12.00.12:228][650]LogModuleManager: Shutting down and abandoning module GammaUI (638)
[2025.05.28-12.00.12:228][650]LogModuleManager: Shutting down and abandoning module Documentation (636)
[2025.05.28-12.00.12:228][650]LogModuleManager: Shutting down and abandoning module LiveCoding (634)
[2025.05.28-12.00.12:228][650]LogModuleManager: Shutting down and abandoning module LevelSequence (632)
[2025.05.28-12.00.12:229][650]LogModuleManager: Shutting down and abandoning module MovieSceneTracks (630)
[2025.05.28-12.00.12:229][650]LogModuleManager: Shutting down and abandoning module MovieScene (628)
[2025.05.28-12.00.12:229][650]LogModuleManager: Shutting down and abandoning module StreamingPauseRendering (626)
[2025.05.28-12.00.12:229][650]LogModuleManager: Shutting down and abandoning module LauncherPlatform (624)
[2025.05.28-12.00.12:229][650]LogModuleManager: Shutting down and abandoning module AnalyticsET (622)
[2025.05.28-12.00.12:229][650]LogModuleManager: Shutting down and abandoning module PortalServices (620)
[2025.05.28-12.00.12:229][650]LogModuleManager: Shutting down and abandoning module PortalRpc (618)
[2025.05.28-12.00.12:229][650]LogModuleManager: Shutting down and abandoning module MessagingRpc (616)
[2025.05.28-12.00.12:229][650]LogModuleManager: Shutting down and abandoning module AudioMixerXAudio2 (614)
[2025.05.28-12.00.12:229][650]LogModuleManager: Shutting down and abandoning module AudioMixerCore (613)
[2025.05.28-12.00.12:229][650]LogModuleManager: Shutting down and abandoning module AIModule (610)
[2025.05.28-12.00.12:229][650]LogModuleManager: Shutting down and abandoning module GameplayDebugger (609)
[2025.05.28-12.00.12:229][650]LogModuleManager: Shutting down and abandoning module AITestSuite (607)
[2025.05.28-12.00.12:229][650]LogModuleManager: Shutting down and abandoning module NavigationSystem (605)
[2025.05.28-12.00.12:229][650]LogModuleManager: Shutting down and abandoning module ImageWriteQueue (602)
[2025.05.28-12.00.12:233][650]LogModuleManager: Shutting down and abandoning module ProfilerService (600)
[2025.05.28-12.00.12:346][650]LogModuleManager: Shutting down and abandoning module TaskGraph (598)
[2025.05.28-12.00.12:346][650]LogModuleManager: Shutting down and abandoning module AudioSynesthesiaEditor (596)
[2025.05.28-12.00.12:346][650]LogModuleManager: Shutting down and abandoning module ContentBrowserClassDataSource (594)
[2025.05.28-12.00.12:346][650]LogModuleManager: Shutting down and abandoning module ContentBrowserFileDataSource (592)
[2025.05.28-12.00.12:346][650]LogModuleManager: Shutting down and abandoning module ContentBrowserAssetDataSource (590)
[2025.05.28-12.00.12:346][650]LogModuleManager: Shutting down and abandoning module CollectionManager (589)
[2025.05.28-12.00.12:346][650]LogModuleManager: Shutting down and abandoning module SynthesisEditor (586)
[2025.05.28-12.00.12:346][650]LogModuleManager: Shutting down and abandoning module Synthesis (584)
[2025.05.28-12.00.12:346][650]LogModuleManager: Shutting down and abandoning module ResonanceAudio (582)
[2025.05.28-12.00.12:346][650]LogModuleManager: Shutting down and abandoning module ProceduralMeshComponentEditor (580)
[2025.05.28-12.00.12:346][650]LogModuleManager: Shutting down and abandoning module ProceduralMeshComponent (578)
[2025.05.28-12.00.12:346][650]LogModuleManager: Shutting down and abandoning module TakeSequencer (576)
[2025.05.28-12.00.12:346][650]LogModuleManager: Shutting down and abandoning module TakeMovieScene (574)
[2025.05.28-12.00.12:346][650]LogModuleManager: Shutting down and abandoning module OpenXREditor (572)
[2025.05.28-12.00.12:346][650]LogModuleManager: Shutting down and abandoning module MobilePatchingUtils (570)
[2025.05.28-12.00.12:346][650]LogModuleManager: Shutting down and abandoning module GooglePAD (568)
[2025.05.28-12.00.12:346][650]LogModuleManager: Shutting down and abandoning module ScreenshotTools (566)
[2025.05.28-12.00.12:346][650]LogModuleManager: Shutting down and abandoning module EditableMesh (564)
[2025.05.28-12.00.12:346][650]LogModuleManager: Shutting down and abandoning module CustomMeshComponent (562)
[2025.05.28-12.00.12:346][650]LogModuleManager: Shutting down and abandoning module CableComponent (560)
[2025.05.28-12.00.12:346][650]LogModuleManager: Shutting down and abandoning module AudioCapture (558)
[2025.05.28-12.00.12:346][650]LogModuleManager: Shutting down and abandoning module AudioCaptureRtAudio (557)
[2025.05.28-12.00.12:346][650]LogModuleManager: Shutting down and abandoning module AssetTags (554)
[2025.05.28-12.00.12:346][650]LogModuleManager: Shutting down and abandoning module ArchVisCharacter (552)
[2025.05.28-12.00.12:346][650]LogModuleManager: Shutting down and abandoning module AppleImageUtilsBlueprintSupport (550)
[2025.05.28-12.00.12:346][650]LogModuleManager: Shutting down and abandoning module AppleImageUtils (548)
[2025.05.28-12.00.12:346][650]LogModuleManager: Shutting down and abandoning module AndroidPermission (546)
[2025.05.28-12.00.12:346][650]LogModuleManager: Shutting down and abandoning module ActorLayerUtilitiesEditor (544)
[2025.05.28-12.00.12:346][650]LogModuleManager: Shutting down and abandoning module ActorLayerUtilities (542)
[2025.05.28-12.00.12:346][650]LogModuleManager: Shutting down and abandoning module MediaCompositing (540)
[2025.05.28-12.00.12:346][650]LogModuleManager: Shutting down and abandoning module ImgMedia (538)
[2025.05.28-12.00.12:346][650]LogModuleManager: Shutting down and abandoning module MagicLeapSharedWorld (536)
[2025.05.28-12.00.12:346][650]LogModuleManager: Shutting down and abandoning module MagicLeapLightEstimation (534)
[2025.05.28-12.00.12:346][650]LogModuleManager: Shutting down and abandoning module OpenImageDenoise (532)
[2025.05.28-12.00.12:346][650]LogOpenImageDenoise: OIDN shutting down
[2025.05.28-12.00.12:346][650]LogModuleManager: Shutting down and abandoning module MotoSynthEditor (530)
[2025.05.28-12.00.12:346][650]LogModuleManager: Shutting down and abandoning module MotoSynth (528)
[2025.05.28-12.00.12:346][650]LogModuleManager: Shutting down and abandoning module MagicLeapHelperVulkan (526)
[2025.05.28-12.00.12:346][650]LogModuleManager: Shutting down and abandoning module MagicLeapHelperOpenGL (524)
[2025.05.28-12.00.12:346][650]LogModuleManager: Shutting down and abandoning module MagicLeapAudio (522)
[2025.05.28-12.00.12:346][650]LogModuleManager: Shutting down and abandoning module MeshConversion (520)
[2025.05.28-12.00.12:346][650]LogModuleManager: Shutting down and abandoning module DynamicMesh (518)
[2025.05.28-12.00.12:346][650]LogModuleManager: Shutting down and abandoning module GeometryAlgorithms (516)
[2025.05.28-12.00.12:346][650]LogModuleManager: Shutting down and abandoning module GeometricObjects (514)
[2025.05.28-12.00.12:346][650]LogModuleManager: Shutting down and abandoning module GeometryCollectionTracks (512)
[2025.05.28-12.00.12:346][650]LogModuleManager: Shutting down and abandoning module GeometryCollectionSequencer (511)
[2025.05.28-12.00.12:346][650]LogModuleManager: Shutting down and abandoning module GeometryCollectionEditor (508)
[2025.05.28-12.00.12:346][650]LogModuleManager: Shutting down and abandoning module GeometryCacheTracks (506)
[2025.05.28-12.00.12:346][650]LogModuleManager: Shutting down and abandoning module GeometryCacheStreamer (504)
[2025.05.28-12.00.12:346][650]LogModuleManager: Shutting down and abandoning module GeometryCacheSequencer (502)
[2025.05.28-12.00.12:346][650]LogModuleManager: Shutting down and abandoning module TemplateSequence (500)
[2025.05.28-12.00.12:346][650]LogModuleManager: Shutting down and abandoning module ChaosSolverEditor (498)
[2025.05.28-12.00.12:346][650]LogModuleManager: Shutting down and abandoning module VariantManagerContentEditor (496)
[2025.05.28-12.00.12:346][650]LogModuleManager: Shutting down and abandoning module ChaosNiagara (494)
[2025.05.28-12.00.12:346][650]LogModuleManager: Shutting down and abandoning module FractureEditor (492)
[2025.05.28-12.00.12:346][650]LogModuleManager: Shutting down and abandoning module FieldSystemEngine (491)
[2025.05.28-12.00.12:346][650]LogModuleManager: Shutting down and abandoning module ChaosClothEditor (488)
[2025.05.28-12.00.12:346][650]LogModuleManager: Shutting down and abandoning module DatasmithContentEditor (486)
[2025.05.28-12.00.12:347][650]LogModuleManager: Shutting down and abandoning module VisualStudioSourceCodeAccess (484)
[2025.05.28-12.00.12:347][650]LogModuleManager: Shutting down and abandoning module BackChannel (482)
[2025.05.28-12.00.12:347][650]LogModuleManager: Shutting down and abandoning module AutomationUtilsEditor (480)
[2025.05.28-12.00.12:347][650]LogModuleManager: Shutting down and abandoning module AutomationUtils (478)
[2025.05.28-12.00.12:347][650]LogModuleManager: Shutting down and abandoning module AlembicImporter (476)
[2025.05.28-12.00.12:347][650]LogModuleManager: Shutting down and abandoning module AlembicLibrary (475)
[2025.05.28-12.00.12:347][650]LogModuleManager: Shutting down and abandoning module GeometryCache (474)
[2025.05.28-12.00.12:347][650]LogModuleManager: Shutting down and abandoning module GeometryCacheEd (473)
[2025.05.28-12.00.12:347][650]LogModuleManager: Shutting down and abandoning module VisualStudioCodeSourceCodeAccess (468)
[2025.05.28-12.00.12:347][650]LogModuleManager: Shutting down and abandoning module UObjectPlugin (466)
[2025.05.28-12.00.12:347][650]LogModuleManager: Shutting down and abandoning module RiderSourceCodeAccess (464)
[2025.05.28-12.00.12:347][650]LogModuleManager: Shutting down and abandoning module SubversionSourceControl (462)
[2025.05.28-12.00.12:347][650]LogModuleManager: Shutting down and abandoning module PluginUtils (460)
[2025.05.28-12.00.12:347][650]LogModuleManager: Shutting down and abandoning module PlasticSourceControl (458)
[2025.05.28-12.00.12:347][650]LogModuleManager: Shutting down and abandoning module NiagaraEditorWidgets (456)
[2025.05.28-12.00.12:347][650]LogModuleManager: Shutting down and abandoning module PerforceSourceControl (454)
[2025.05.28-12.00.12:347][650]LogModuleManager: Shutting down and abandoning module SpeedTreeImporter (452)
[2025.05.28-12.00.12:347][650]LogModuleManager: Shutting down and abandoning module CLionSourceCodeAccess (450)
[2025.05.28-12.00.12:347][650]LogModuleManager: Shutting down and abandoning module GitSourceControl (448)
[2025.05.28-12.00.12:347][650]LogModuleManager: Shutting down and abandoning module SourceControl (447)
[2025.05.28-12.00.12:347][650]LogModuleManager: Shutting down and abandoning module AnimationSharingEd (444)
[2025.05.28-12.00.12:347][650]LogModuleManager: Shutting down and abandoning module PluginBrowser (442)
[2025.05.28-12.00.12:347][650]LogModuleManager: Shutting down and abandoning module MaterialAnalyzer (440)
[2025.05.28-12.00.12:347][650]LogModuleManager: Shutting down and abandoning module MobileLauncherProfileWizard (438)
[2025.05.28-12.00.12:347][650]LogModuleManager: Shutting down and abandoning module CurveEditorTools (436)
[2025.05.28-12.00.12:347][650]LogModuleManager: Shutting down and abandoning module CryptoKeysOpenSSL (434)
[2025.05.28-12.00.12:347][650]LogModuleManager: Shutting down and abandoning module CryptoKeys (432)
[2025.05.28-12.00.12:347][650]LogModuleManager: Shutting down and abandoning module OodleNetworkHandlerComponent (430)
[2025.05.28-12.00.12:347][650]LogModuleManager: Shutting down and abandoning module PaperTiledImporter (428)
[2025.05.28-12.00.12:347][650]LogModuleManager: Shutting down and abandoning module PaperSpriteSheetImporter (426)
[2025.05.28-12.00.12:347][650]LogModuleManager: Shutting down and abandoning module Paper2DEditor (424)
[2025.05.28-12.00.12:347][650]LogModuleManager: Shutting down and abandoning module LightPropagationVolumeEditor (422)
[2025.05.28-12.00.12:347][650]LogModuleManager: Shutting down and abandoning module LiveLinkSequencer (420)
[2025.05.28-12.00.12:347][650]LogModuleManager: Shutting down and abandoning module LiveLinkMovieScene (418)
[2025.05.28-12.00.12:347][650]LogModuleManager: Shutting down and abandoning module LiveLinkGraphNode (416)
[2025.05.28-12.00.12:347][650]LogModuleManager: Shutting down and abandoning module LiveLinkEditor (414)
[2025.05.28-12.00.12:347][650]LogModuleManager: Shutting down and abandoning module LiveLinkComponents (412)
[2025.05.28-12.00.12:347][650]LogModuleManager: Shutting down and abandoning module LiveLink (410)
[2025.05.28-12.00.12:675][650]LogModuleManager: Shutting down and abandoning module MeshPaintingToolset (408)
[2025.05.28-12.00.12:675][650]LogModuleManager: Shutting down and abandoning module MeshPaintEditorMode (406)
[2025.05.28-12.00.12:676][650]LogModuleManager: Shutting down and abandoning module EnvironmentQueryEditor (404)
[2025.05.28-12.00.12:676][650]LogModuleManager: Shutting down and abandoning module RuntimePhysXCooking (402)
[2025.05.28-12.00.12:676][650]LogModuleManager: Shutting down and abandoning module SoundFields (400)
[2025.05.28-12.00.12:676][650]LogModuleManager: Shutting down and abandoning module SignificanceManager (398)
[2025.05.28-12.00.12:676][650]LogModuleManager: Shutting down and abandoning module PropertyAccessEditor (396)
[2025.05.28-12.00.12:676][650]LogModuleManager: Shutting down and abandoning module PhysXVehiclesEditor (394)
[2025.05.28-12.00.12:676][650]LogModuleManager: Shutting down and abandoning module LocationServicesBPLibrary (390)
[2025.05.28-12.00.12:676][650]LogModuleManager: Shutting down and abandoning module AudioSynesthesia (388)
[2025.05.28-12.00.12:676][650]LogModuleManager: Shutting down and abandoning module AudioSynesthesiaCore (386)
[2025.05.28-12.00.12:676][650]LogModuleManager: Shutting down and abandoning module UdpMessaging (384)
[2025.05.28-12.00.12:776][650]LogModuleManager: Shutting down and abandoning module TcpMessaging (382)
[2025.05.28-12.00.12:876][650]LogModuleManager: Shutting down and abandoning module ImgMediaEngine (380)
[2025.05.28-12.00.12:876][650]LogModuleManager: Shutting down and abandoning module MagicLeapARPin (378)
[2025.05.28-12.00.12:876][650]LogModuleManager: Shutting down and abandoning module PythonScriptPlugin (376)
[2025.05.28-12.00.12:876][650]LogModuleManager: Shutting down and abandoning module MagicLeapHandMeshing (374)
[2025.05.28-12.00.12:876][650]LogModuleManager: Shutting down and abandoning module MagicLeapSecureStorage (372)
[2025.05.28-12.00.12:876][650]LogModuleManager: Shutting down and abandoning module MagicLeapPrivileges (370)
[2025.05.28-12.00.12:876][650]LogModuleManager: Shutting down and abandoning module MagicLeapPlanes (368)
[2025.05.28-12.00.12:876][650]LogMagicLeapPlanes: Planes tracker already destroyed.
[2025.05.28-12.00.12:876][650]LogModuleManager: Shutting down and abandoning module MagicLeapImageTracker (366)
[2025.05.28-12.00.12:876][650]LogModuleManager: Shutting down and abandoning module MagicLeapIdentity (364)
[2025.05.28-12.00.12:876][650]LogModuleManager: Shutting down and abandoning module MagicLeapHandTracking (362)
[2025.05.28-12.00.12:876][650]LogModuleManager: Shutting down and abandoning module MagicLeapEyeTracker (360)
[2025.05.28-12.00.12:876][650]LogModuleManager: Shutting down and abandoning module MagicLeapController (358)
[2025.05.28-12.00.12:876][650]LogModuleManager: Shutting down and abandoning module MagicLeapARPinImpl (356)
[2025.05.28-12.00.12:876][650]LogModuleManager: Shutting down and abandoning module MagicLeapAR (354)
[2025.05.28-12.00.12:876][650]LogModuleManager: Shutting down and abandoning module ActorSequence (352)
[2025.05.28-12.00.12:876][650]LogModuleManager: Shutting down and abandoning module PropertyAccessNode (350)
[2025.05.28-12.00.12:876][650]LogModuleManager: Shutting down and abandoning module NiagaraAnimNotifies (348)
[2025.05.28-12.00.12:876][650]LogModuleManager: Shutting down and abandoning module Niagara (346)
[2025.05.28-12.00.12:876][650]LogModuleManager: Shutting down and abandoning module SignalProcessing (345)
[2025.05.28-12.00.12:876][650]LogModuleManager: Shutting down and abandoning module NiagaraEditor (343)
[2025.05.28-12.00.12:876][650]LogModuleManager: Shutting down and abandoning module NiagaraCore (340)
[2025.05.28-12.00.12:876][650]LogModuleManager: Shutting down and abandoning module AnimationSharing (338)
[2025.05.28-12.00.12:876][650]LogModuleManager: Shutting down and abandoning module FacialAnimationEditor (336)
[2025.05.28-12.00.12:876][650]LogModuleManager: Shutting down and abandoning module FacialAnimation (334)
[2025.05.28-12.00.12:876][650]LogModuleManager: Shutting down and abandoning module GameplayTagsEditor (332)
[2025.05.28-12.00.12:876][650]LogModuleManager: Shutting down and abandoning module DataValidation (330)
[2025.05.28-12.00.12:876][650]LogModuleManager: Shutting down and abandoning module AssetManagerEditor (328)
[2025.05.28-12.00.12:876][650]LogModuleManager: Shutting down and abandoning module LevelEditor (327)
[2025.05.28-12.00.12:877][650]LogModuleManager: Shutting down and abandoning module PixelInspectorModule (326)
[2025.05.28-12.00.12:877][650]LogModuleManager: Shutting down and abandoning module CommonMenuExtensions (324)
[2025.05.28-12.00.12:877][650]LogModuleManager: Shutting down and abandoning module MainFrame (322)
[2025.05.28-12.00.12:877][650]LogModuleManager: Shutting down and abandoning module HotReload (321)
[2025.05.28-12.00.12:877][650]LogModuleManager: Shutting down and abandoning module ToolMenus (317)
[2025.05.28-12.00.12:877][650]LogModuleManager: Shutting down and abandoning module ContentBrowser (315)
[2025.05.28-12.00.12:877][650]LogModuleManager: Shutting down and abandoning module ContentBrowserData (314)
[2025.05.28-12.00.12:877][650]LogModuleManager: Shutting down and abandoning module TreeMap (311)
[2025.05.28-12.00.12:877][650]LogModuleManager: Shutting down and abandoning module GameplayCameras (308)
[2025.05.28-12.00.12:877][650]LogModuleManager: Shutting down and abandoning module Paper2D (306)
[2025.05.28-12.00.12:878][650]LogModuleManager: Shutting down and abandoning module LightPropagationVolumeRuntime (304)
[2025.05.28-12.00.12:878][650]LogModuleManager: Shutting down and abandoning module WindowsMoviePlayer (302)
[2025.05.28-12.00.12:879][650]LogModuleManager: Shutting down and abandoning module WebMMoviePlayer (300)
[2025.05.28-12.00.12:879][650]LogModuleManager: Shutting down and abandoning module NetworkReplayStreaming (298)
[2025.05.28-12.00.12:879][650]LogModuleManager: Shutting down and abandoning module PacketHandler (296)
[2025.05.28-12.00.12:879][650]LogModuleManager: Shutting down and abandoning module ClothingSystemEditor (294)
[2025.05.28-12.00.12:879][650]LogModuleManager: Shutting down and abandoning module ClothingSystemRuntimeNv (292)
[2025.05.28-12.00.12:879][650]LogModuleManager: Shutting down and abandoning module MediaAssets (290)
[2025.05.28-12.00.12:879][650]LogModuleManager: Shutting down and abandoning module Overlay (288)
[2025.05.28-12.00.12:879][650]LogModuleManager: Shutting down and abandoning module OverlayEditor (287)
[2025.05.28-12.00.12:879][650]LogModuleManager: Shutting down and abandoning module VREditor (284)
[2025.05.28-12.00.12:879][650]LogModuleManager: Shutting down and abandoning module StringTableEditor (282)
[2025.05.28-12.00.12:879][650]LogModuleManager: Shutting down and abandoning module GameplayTasksEditor (280)
[2025.05.28-12.00.12:879][650]LogModuleManager: Shutting down and abandoning module BehaviorTreeEditor (278)
[2025.05.28-12.00.12:879][650]LogModuleManager: Shutting down and abandoning module FunctionalTesting (276)
[2025.05.28-12.00.12:879][650]LogModuleManager: Shutting down and abandoning module CollisionAnalyzer (274)
[2025.05.28-12.00.12:879][650]LogModuleManager: Shutting down and abandoning module WorkspaceMenuStructure (273)
[2025.05.28-12.00.12:879][650]LogModuleManager: Shutting down and abandoning module UMG (270)
[2025.05.28-12.00.12:879][650]LogModuleManager: Shutting down and abandoning module UMGEditor (269)
[2025.05.28-12.00.12:879][650]LogModuleManager: Shutting down and abandoning module MessageLog (267)
[2025.05.28-12.00.12:879][650]LogModuleManager: Shutting down and abandoning module SlateReflector (262)
[2025.05.28-12.00.12:879][650]LogModuleManager: Shutting down and abandoning module Slate (260)
[2025.05.28-12.00.12:879][650]LogModuleManager: Shutting down and abandoning module SlateCore (258)
[2025.05.28-12.00.12:879][650]LogModuleManager: Shutting down and abandoning module LandscapeEditorUtilities (256)
[2025.05.28-12.00.12:879][650]LogModuleManager: Shutting down and abandoning module UnrealEd (254)
[2025.05.28-12.00.12:879][650]LogModuleManager: Shutting down and abandoning module MRMesh (252)
[2025.05.28-12.00.12:879][650]LogModuleManager: Shutting down and abandoning module SourceCodeAccess (250)
[2025.05.28-12.00.12:879][650]LogModuleManager: Shutting down and abandoning module HeadMountedDisplay (248)
[2025.05.28-12.00.12:879][650]LogModuleManager: Shutting down and abandoning module XAudio2 (246)
[2025.05.28-12.00.12:879][650]LogModuleManager: Shutting down and abandoning module Networking (244)
[2025.05.28-12.00.12:879][650]LogModuleManager: Shutting down and abandoning module Core (242)
[2025.05.28-12.00.12:879][650]LogModuleManager: Shutting down and abandoning module MaterialEditor (240)
[2025.05.28-12.00.12:879][650]LogModuleManager: Shutting down and abandoning module MovieSceneTools (238)
[2025.05.28-12.00.12:881][650]LogModuleManager: Shutting down and abandoning module CurveEditor (237)
[2025.05.28-12.00.12:881][650]LogModuleManager: Shutting down and abandoning module Sequencer (235)
[2025.05.28-12.00.12:881][650]LogModuleManager: Shutting down and abandoning module EditorStyle (234)
[2025.05.28-12.00.12:881][650]LogModuleManager: Shutting down and abandoning module KismetCompiler (230)
[2025.05.28-12.00.12:881][650]LogModuleManager: Shutting down and abandoning module MeshBuilder (228)
[2025.05.28-12.00.12:881][650]LogModuleManager: Shutting down and abandoning module MeshUtilities (226)
[2025.05.28-12.00.12:881][650]LogModuleManager: Shutting down and abandoning module MeshMergeUtilities (225)
[2025.05.28-12.00.12:881][650]LogModuleManager: Shutting down and abandoning module MeshReductionInterface (224)
[2025.05.28-12.00.12:881][650]LogModuleManager: Shutting down and abandoning module MeshBoneReduction (223)
[2025.05.28-12.00.12:881][650]LogModuleManager: Shutting down and abandoning module SkeletalMeshReduction (221)
[2025.05.28-12.00.12:881][650]LogModuleManager: Shutting down and abandoning module ProxyLODMeshReduction (219)
[2025.05.28-12.00.12:881][650]LogModuleManager: Shutting down and abandoning module QuadricMeshReduction (217)
[2025.05.28-12.00.12:881][650]LogModuleManager: Shutting down and abandoning module MaterialBaking (213)
[2025.05.28-12.00.12:881][650]LogModuleManager: Shutting down and abandoning module NullInstallBundleManager (208)
[2025.05.28-12.00.12:881][650]LogModuleManager: Shutting down and abandoning module DerivedDataCache (206)
[2025.05.28-12.00.12:881][650]LogModuleManager: Shutting down and abandoning module TargetPlatform (204)
[2025.05.28-12.00.12:881][650]LogModuleManager: Shutting down and abandoning module VulkanShaderFormat (203)
[2025.05.28-12.00.12:882][650]LogModuleManager: Shutting down and abandoning module ShaderFormatVectorVM (201)
[2025.05.28-12.00.12:882][650]LogModuleManager: Shutting down and abandoning module ShaderFormatOpenGL (199)
[2025.05.28-12.00.12:882][650]LogModuleManager: Shutting down and abandoning module ShaderFormatD3D (197)
[2025.05.28-12.00.12:882][650]LogModuleManager: Shutting down and abandoning module MetalShaderFormat (195)
[2025.05.28-12.00.12:882][650]LogModuleManager: Shutting down and abandoning module TextureFormatOodle (193)
[2025.05.28-12.00.12:882][650]LogModuleManager: Shutting down and abandoning module TextureFormatUncompressed (191)
[2025.05.28-12.00.12:882][650]LogModuleManager: Shutting down and abandoning module TextureFormatPVR (189)
[2025.05.28-12.00.12:882][650]LogModuleManager: Shutting down and abandoning module TextureFormatETC2 (187)
[2025.05.28-12.00.12:882][650]LogModuleManager: Shutting down and abandoning module TextureFormatDXT (185)
[2025.05.28-12.00.12:882][650]LogModuleManager: Shutting down and abandoning module TextureFormatIntelISPCTexComp (183)
[2025.05.28-12.00.12:882][650]LogModuleManager: Shutting down and abandoning module TextureFormatASTC (181)
[2025.05.28-12.00.12:882][650]LogModuleManager: Shutting down and abandoning module ImageWrapper (180)
[2025.05.28-12.00.12:882][650]LogModuleManager: Shutting down and abandoning module AudioFormatOpus (177)
[2025.05.28-12.00.12:882][650]LogModuleManager: Shutting down and abandoning module AudioFormatOgg (175)
[2025.05.28-12.00.12:882][650]LogModuleManager: Shutting down and abandoning module AudioFormatADPCM (173)
[2025.05.28-12.00.12:882][650]LogModuleManager: Shutting down and abandoning module WindowsServerTargetPlatform (171)
[2025.05.28-12.00.12:882][650]LogModuleManager: Shutting down and abandoning module WindowsClientTargetPlatform (169)
[2025.05.28-12.00.12:882][650]LogModuleManager: Shutting down and abandoning module WindowsTargetPlatform (167)
[2025.05.28-12.00.12:882][650]LogModuleManager: Shutting down and abandoning module WindowsNoEditorTargetPlatform (165)
[2025.05.28-12.00.12:882][650]LogModuleManager: Shutting down and abandoning module TVOSTargetPlatform (163)
[2025.05.28-12.00.12:882][650]LogModuleManager: Shutting down and abandoning module MacServerTargetPlatform (161)
[2025.05.28-12.00.12:882][650]LogModuleManager: Shutting down and abandoning module MacClientTargetPlatform (159)
[2025.05.28-12.00.12:882][650]LogModuleManager: Shutting down and abandoning module MacTargetPlatform (157)
[2025.05.28-12.00.12:882][650]LogModuleManager: Shutting down and abandoning module MacNoEditorTargetPlatform (155)
[2025.05.28-12.00.12:882][650]LogModuleManager: Shutting down and abandoning module LuminTargetPlatform (153)
[2025.05.28-12.00.12:883][650]LogModuleManager: Shutting down and abandoning module LinuxAArch64ServerTargetPlatform (151)
[2025.05.28-12.00.12:883][650]LogModuleManager: Shutting down and abandoning module LinuxAArch64ClientTargetPlatform (149)
[2025.05.28-12.00.12:883][650]LogModuleManager: Shutting down and abandoning module LinuxAArch64NoEditorTargetPlatform (147)
[2025.05.28-12.00.12:883][650]LogModuleManager: Shutting down and abandoning module LinuxServerTargetPlatform (145)
[2025.05.28-12.00.12:883][650]LogModuleManager: Shutting down and abandoning module LinuxClientTargetPlatform (143)
[2025.05.28-12.00.12:883][650]LogModuleManager: Shutting down and abandoning module LinuxNoEditorTargetPlatform (141)
[2025.05.28-12.00.12:883][650]LogModuleManager: Shutting down and abandoning module LinuxTargetPlatform (139)
[2025.05.28-12.00.12:883][650]LogModuleManager: Shutting down and abandoning module Messaging (137)
[2025.05.28-12.00.12:883][650]LogModuleManager: Shutting down and abandoning module IOSTargetPlatform (135)
[2025.05.28-12.00.12:883][650]LogModuleManager: Shutting down and abandoning module AndroidTargetPlatform (133)
[2025.05.28-12.00.12:885][650]LogModuleManager: Shutting down and abandoning module AllDesktopTargetPlatform (131)
[2025.05.28-12.00.12:885][650]LogModuleManager: Shutting down and abandoning module D3D11RHI (128)
[2025.05.28-12.00.12:885][650]LogModuleManager: Shutting down and abandoning module InputCore (126)
[2025.05.28-12.00.12:886][650]LogModuleManager: Shutting down and abandoning module Settings (124)
[2025.05.28-12.00.12:886][650]LogModuleManager: Shutting down and abandoning module DirectoryWatcher (122)
[2025.05.28-12.00.12:886][650]LogModuleManager: Shutting down and abandoning module PhysXCooking (120)
[2025.05.28-12.00.12:886][650]LogModuleManager: Shutting down and abandoning module Chaos (118)
[2025.05.28-12.00.12:886][650]LogModuleManager: Shutting down and abandoning module WindowsPlatformFeatures (116)
[2025.05.28-12.00.12:886][650]LogModuleManager: Shutting down and abandoning module GameplayMediaEncoder (115)
[2025.05.28-12.00.12:886][650]LogModuleManager: Shutting down and abandoning module AVEncoder (114)
[2025.05.28-12.00.12:886][650]LogModuleManager: Shutting down and abandoning module OculusOpenXRHMD (110)
[2025.05.28-12.00.12:886][650]LogModuleManager: Shutting down and abandoning module AISupportModule (108)
[2025.05.28-12.00.12:886][650]LogModuleManager: Shutting down and abandoning module OpenXRHandTracking (106)
[2025.05.28-12.00.12:886][650]LogSlate: Slate User Destroyed.  User Index 0, Is Virtual User: 0
[2025.05.28-12.00.12:886][650]LogSlate: Slate User Destroyed.  User Index 8, Is Virtual User: 1
[2025.05.28-12.00.12:886][650]LogModuleManager: Shutting down and abandoning module OpenXREyeTracker (104)
[2025.05.28-12.00.12:886][650]LogModuleManager: Shutting down and abandoning module OpenXRAR (102)
[2025.05.28-12.00.12:886][650]LogModuleManager: Shutting down and abandoning module AugmentedReality (101)
[2025.05.28-12.00.12:886][650]LogModuleManager: Shutting down and abandoning module OpenXRHMD (98)
[2025.05.28-12.00.12:886][650]LogModuleManager: Shutting down and abandoning module ExampleDeviceProfileSelector (96)
[2025.05.28-12.00.12:886][650]LogModuleManager: Shutting down and abandoning module ChunkDownloader (94)
[2025.05.28-12.00.12:886][650]LogModuleManager: Shutting down and abandoning module LauncherChunkInstaller (92)
[2025.05.28-12.00.12:886][650]LogModuleManager: Shutting down and abandoning module WmfMedia (90)
[2025.05.28-12.00.12:888][650]LogModuleManager: Shutting down and abandoning module Media (89)
[2025.05.28-12.00.12:889][650]LogModuleManager: Shutting down and abandoning module MediaInfo (88)
[2025.05.28-12.00.12:889][650]LogModuleManager: Shutting down and abandoning module ExrReaderGpu (84)
[2025.05.28-12.00.12:889][650]LogModuleManager: Shutting down and abandoning module MLSDK (82)
[2025.05.28-12.00.12:889][650]LogModuleManager: Shutting down and abandoning module OnlineBlueprintSupport (80)
[2025.05.28-12.00.12:889][650]LogModuleManager: Shutting down and abandoning module OnlineSubsystem (76)
[2025.05.28-12.00.12:890][650]LogModuleManager: Shutting down and abandoning module XMPP (71)
[2025.05.28-12.00.12:890][650]LogModuleManager: Shutting down and abandoning module WebSockets (70)
[2025.05.28-12.00.12:919][650]LogModuleManager: Shutting down and abandoning module HTTP (67)
[2025.05.28-12.00.12:919][650]LogHttp: Display: Http module shutting down, but needs to wait on 1 outstanding Http requests:
[2025.05.28-12.00.12:919][650]LogHttp: Display: 	verb=[POST] url=[https://datarouter.ol.epicgames.com/datarouter/api/v1/public/data?SessionID=%7B1ADDE270-47C2-2441-0649-9998114C988D%7D&AppID=UEEditor.Rocket.Release&AppVersion=4.27.2-18319896%2B%2B%2BUE4%2BRelease-4.27&UserID=8f81e17f46360d0d130dba9b6452456c%7C047f60e4029c4fa180fd4031df82706c%7C82fea602-2be7-42e1-a651-dfe5ff9bb82e&AppEnvironment=datacollector-binary&UploadType=eteventstream] refs=[1] status=Processing
[2025.05.28-12.00.12:919][650]LogHttp: Display: cleaning up 1 outstanding Http requests.
[2025.05.28-12.00.12:919][650]LogHttp: Display: Sleeping 0.500s to wait for 1 outstanding Http requests.
[2025.05.28-12.00.13:421][650]LogHttp: Display: Sleeping 0.500s to wait for 1 outstanding Http requests.
[2025.05.28-12.00.13:921][650]LogHttp: Display: Sleeping 0.500s to wait for 1 outstanding Http requests.
[2025.05.28-12.00.14:422][650]LogHttp: Display: Sleeping 0.500s to wait for 1 outstanding Http requests.
[2025.05.28-12.00.14:923][650]LogHttp: Display: Sleeping 0.500s to wait for 1 outstanding Http requests.
[2025.05.28-12.00.15:423][650]LogHttp: Display: Sleeping 0.500s to wait for 1 outstanding Http requests.
[2025.05.28-12.00.15:924][650]LogHttp: Display: Sleeping 0.500s to wait for 1 outstanding Http requests.
[2025.05.28-12.00.16:424][650]LogHttp: Display: Sleeping 0.500s to wait for 1 outstanding Http requests.
[2025.05.28-12.00.16:925][650]LogHttp: Display: Sleeping 0.500s to wait for 1 outstanding Http requests.
[2025.05.28-12.00.17:426][650]LogHttp: Display: Sleeping 0.500s to wait for 1 outstanding Http requests.
[2025.05.28-12.00.17:927][650]LogHttp: Display: Sleeping 0.500s to wait for 1 outstanding Http requests.
[2025.05.28-12.00.18:428][650]LogHttp: Display: Sleeping 0.500s to wait for 1 outstanding Http requests.
[2025.05.28-12.00.18:929][650]LogHttp: Display: Sleeping 0.500s to wait for 1 outstanding Http requests.
[2025.05.28-12.00.19:429][650]LogHttp: Display: Sleeping 0.500s to wait for 1 outstanding Http requests.
[2025.05.28-12.00.19:930][650]LogHttp: Display: Sleeping 0.500s to wait for 1 outstanding Http requests.
[2025.05.28-12.00.20:431][650]LogHttp: Display: Sleeping 0.500s to wait for 1 outstanding Http requests.
[2025.05.28-12.00.20:931][650]LogHttp: Warning: 00000193BAC83900: invalid HTTP response code received. URL: https://datarouter.ol.epicgames.com/datarouter/api/v1/public/data?SessionID=%7B1ADDE270-47C2-2441-0649-9998114C988D%7D&AppID=UEEditor.Rocket.Release&AppVersion=4.27.2-18319896%2B%2B%2BUE4%2BRelease-4.27&UserID=8f81e17f46360d0d130dba9b6452456c%7C047f60e4029c4fa180fd4031df82706c%7C82fea602-2be7-42e1-a651-dfe5ff9bb82e&AppEnvironment=datacollector-binary&UploadType=eteventstream, HTTP code: 0, content length: 0, actual payload size: 0
[2025.05.28-12.00.20:931][650]LogHttp: Warning: 00000193BAC83900: request failed, libcurl error: 6 (Couldn't resolve host name)
[2025.05.28-12.00.20:931][650]LogHttp: Warning: 00000193BAC83900: libcurl info message cache 0 (Could not resolve host: datarouter.ol.epicgames.com)
[2025.05.28-12.00.20:931][650]LogHttp: Warning: 00000193BAC83900: libcurl info message cache 1 (Closing connection 24)
[2025.05.28-12.00.20:953][650]LogModuleManager: Shutting down and abandoning module SSL (66)
[2025.05.28-12.00.20:953][650]LogModuleManager: Shutting down and abandoning module MagicLeap (62)
[2025.05.28-12.00.20:953][650]LogModuleManager: Shutting down and abandoning module VariantManagerContent (60)
[2025.05.28-12.00.20:953][650]LogModuleManager: Shutting down and abandoning module ChaosCloth (58)
[2025.05.28-12.00.20:953][650]LogModuleManager: Shutting down and abandoning module DatasmithContent (56)
[2025.05.28-12.00.20:955][650]LogModuleManager: Shutting down and abandoning module NiagaraVertexFactories (54)
[2025.05.28-12.00.20:955][650]LogModuleManager: Shutting down and abandoning module NiagaraShader (52)
[2025.05.28-12.00.20:955][650]LogModuleManager: Shutting down and abandoning module PixWinPlugin (50)
[2025.05.28-12.00.20:955][650]LogModuleManager: Shutting down and abandoning module DesktopPlatform (48)
[2025.05.28-12.00.20:955][650]LogModuleManager: Shutting down and abandoning module PythonScriptPluginPreload (46)
[2025.05.28-12.00.20:955][650]LogModuleManager: Shutting down and abandoning module PlatformCryptoOpenSSL (44)
[2025.05.28-12.00.20:955][650]LogModuleManager: Shutting down and abandoning module PlatformCryptoTypes (42)
[2025.05.28-12.00.20:955][650]LogModuleManager: Shutting down and abandoning module PlatformCrypto (40)
[2025.05.28-12.00.20:955][650]LogModuleManager: Shutting down and abandoning module OodleDataCompressionFormat (38)
[2025.05.28-12.00.20:955][650]LogModuleManager: Shutting down and abandoning module XGEController (36)
[2025.05.28-12.00.20:955][650]LogModuleManager: Shutting down and abandoning module AnimationModifiers (34)
[2025.05.28-12.00.20:955][650]LogModuleManager: Shutting down and abandoning module AudioEditor (32)
[2025.05.28-12.00.20:955][650]LogModuleManager: Shutting down and abandoning module PropertyEditor (31)
[2025.05.28-12.00.20:955][650]LogModuleManager: Shutting down and abandoning module TextureCompressor (28)
[2025.05.28-12.00.20:955][650]LogModuleManager: Shutting down and abandoning module RenderCore (26)
[2025.05.28-12.00.20:955][650]LogModuleManager: Shutting down and abandoning module Landscape (24)
[2025.05.28-12.00.20:955][650]LogModuleManager: Shutting down and abandoning module SlateRHIRenderer (22)
[2025.05.28-12.00.20:957][650]LogModuleManager: Shutting down and abandoning module AnimGraphRuntime (20)
[2025.05.28-12.00.20:957][650]LogModuleManager: Shutting down and abandoning module Renderer (18)
[2025.05.28-12.00.20:957][650]LogModuleManager: Shutting down and abandoning module Engine (16)
[2025.05.28-12.00.20:957][650]LogModuleManager: Shutting down and abandoning module CoreUObject (14)
[2025.05.28-12.00.20:957][650]LogModuleManager: Shutting down and abandoning module NetworkFile (12)
[2025.05.28-12.00.20:957][650]LogModuleManager: Shutting down and abandoning module CookedIterativeFile (10)
[2025.05.28-12.00.20:957][650]LogModuleManager: Shutting down and abandoning module StreamingFile (8)
[2025.05.28-12.00.20:957][650]LogModuleManager: Shutting down and abandoning module SandboxFile (6)
[2025.05.28-12.00.20:957][650]LogModuleManager: Shutting down and abandoning module PakFile (4)
[2025.05.28-12.00.20:957][650]LogModuleManager: Shutting down and abandoning module RSA (3)
[2025.05.28-12.00.20:957][650]LogContentStreaming: Display: There are 1 unreleased StreamingManagers
[2025.05.28-12.00.20:976][650]LogD3D11RHI: Shutdown
[2025.05.28-12.00.20:976][650]LogD3D11RHI: CleanupD3DDevice
[2025.05.28-12.00.20:979][650]LogExit: Exiting.
[2025.05.28-12.00.20:991][650]Log file closed, 05/28/25 15:00:20
