Log file open, 05/24/25 12:35:52
LogWindows: Failed to load 'aqProf.dll' (GetLastError=126)
LogWindows: File 'aqProf.dll' does not exist
LogWindows: Failed to load 'VtuneApi.dll' (GetLastError=126)
LogWindows: File 'VtuneApi.dll' does not exist
LogWindows: Failed to load 'VtuneApi32e.dll' (GetLastError=126)
LogWindows: File 'VtuneApi32e.dll' does not exist
LogConsoleResponse: Display: Failed to find resolution value strings in scalability ini. Falling back to default.
LogConsoleResponse: Display: Failed to find resolution value strings in scalability ini. Falling back to default.
LogInit: Display: Running engine for game: MyProject
LogPlatformFile: Not using cached read wrapper
LogTaskGraph: Started task graph with 5 named threads and 47 total threads with 3 sets of task threads.
LogStats: Stats thread started at 0.232087
LogICUInternationalization: ICU TimeZone Detection - Raw Offset: +3:00, Platform Override: ''
LogInit: Display: Loading text-based GConfig....
LogPluginManager: Mounting plugin MeshPainting
LogPluginManager: Mounting plugin XGEController
LogPluginManager: Mounting plugin Paper2D
LogPluginManager: Mounting plugin EnvironmentQueryEditor
LogPluginManager: Mounting plugin AISupport
LogPluginManager: Mounting plugin LightPropagationVolume
LogPluginManager: Mounting plugin LiveLink
LogPluginManager: Mounting plugin GameplayCameras
LogPluginManager: Mounting plugin OodleData
LogPluginManager: Mounting plugin CameraShakePreviewer
LogPluginManager: Mounting plugin OodleNetwork
LogPluginManager: Mounting plugin DatasmithContent
LogPluginManager: Mounting plugin AssetManagerEditor
LogPluginManager: Mounting plugin VariantManagerContent
LogPluginManager: Mounting plugin CryptoKeys
LogPluginManager: Mounting plugin CurveEditorTools
LogPluginManager: Mounting plugin DataValidation
LogPluginManager: Mounting plugin FacialAnimation
LogPluginManager: Mounting plugin MacGraphicsSwitching
LogPluginManager: Mounting plugin MaterialAnalyzer
LogPluginManager: Mounting plugin PluginBrowser
LogPluginManager: Mounting plugin GameplayTagsEditor
LogPluginManager: Mounting plugin SpeedTreeImporter
LogPluginManager: Mounting plugin MobileLauncherProfileWizard
LogPluginManager: Mounting plugin AlembicImporter
LogPluginManager: Mounting plugin BackChannel
LogPluginManager: Mounting plugin AutomationUtils
LogPluginManager: Mounting plugin ChaosCloth
LogPluginManager: Mounting plugin ChaosEditor
LogPluginManager: Mounting plugin ChaosClothEditor
LogPluginManager: Mounting plugin ChaosNiagara
LogPluginManager: Mounting plugin ChaosSolverPlugin
LogPluginManager: Mounting plugin GeometryMode
LogPluginManager: Mounting plugin CharacterAI
LogPluginManager: Mounting plugin GeometryCache
LogPluginManager: Mounting plugin GeometryProcessing
LogPluginManager: Mounting plugin MotoSynth
LogPluginManager: Mounting plugin OpenImageDenoise
LogPluginManager: Mounting plugin PlanarCut
LogPluginManager: Mounting plugin PlatformCrypto
LogPluginManager: Mounting plugin PythonScriptPlugin
LogPluginManager: Mounting plugin ProxyLODPlugin
LogPluginManager: Mounting plugin GeometryCollectionPlugin
LogPluginManager: Mounting plugin SkeletalReduction
LogPluginManager: Mounting plugin LuminPlatformFeatures
LogPluginManager: Mounting plugin MagicLeap
LogPluginManager: Mounting plugin MagicLeapLightEstimation
LogPluginManager: Mounting plugin MagicLeapPassableWorld
LogPluginManager: Mounting plugin MLSDK
LogPluginManager: Mounting plugin Niagara
LogPluginManager: Mounting plugin AndroidMedia
LogPluginManager: Mounting plugin AvfMedia
LogPluginManager: Mounting plugin ImgMedia
LogPluginManager: Mounting plugin MediaCompositing
LogPluginManager: Mounting plugin MagicLeapMedia
LogPluginManager: Mounting plugin MediaPlayerEditor
LogPluginManager: Mounting plugin WmfMedia
LogPluginManager: Mounting plugin TcpMessaging
LogPluginManager: Mounting plugin UdpMessaging
LogPluginManager: Mounting plugin ActorSequence
LogPluginManager: Mounting plugin WebMMedia
LogPluginManager: Mounting plugin LevelSequenceEditor
LogPluginManager: Mounting plugin MatineeToLevelSequence
LogPluginManager: Mounting plugin TemplateSequence
LogPluginManager: Mounting plugin OnlineSubsystem
LogPluginManager: Mounting plugin LauncherChunkInstaller
LogPluginManager: Mounting plugin OnlineSubsystemUtils
LogPluginManager: Mounting plugin ActorLayerUtilities
LogPluginManager: Mounting plugin AndroidMoviePlayer
LogPluginManager: Mounting plugin OnlineSubsystemNull
LogPluginManager: Mounting plugin AndroidPermission
LogPluginManager: Mounting plugin AndroidDeviceProfileSelector
LogPluginManager: Mounting plugin AppleImageUtils
LogPluginManager: Mounting plugin AppleMoviePlayer
LogPluginManager: Mounting plugin ArchVisCharacter
LogPluginManager: Mounting plugin AssetTags
LogPluginManager: Mounting plugin AudioCapture
LogPluginManager: Mounting plugin CableComponent
LogPluginManager: Mounting plugin AudioSynesthesia
LogPluginManager: Mounting plugin CustomMeshComponent
LogPluginManager: Mounting plugin ChunkDownloader
LogPluginManager: Mounting plugin ExampleDeviceProfileSelector
LogPluginManager: Mounting plugin GoogleCloudMessaging
LogPluginManager: Mounting plugin GooglePAD
LogPluginManager: Mounting plugin ScreenshotTools
LogPluginManager: Mounting plugin EditableMesh
LogPluginManager: Mounting plugin IOSDeviceProfileSelector
LogPluginManager: Mounting plugin LinuxDeviceProfileSelector
LogPluginManager: Mounting plugin LocationServicesBPLibrary
LogPluginManager: Mounting plugin MobilePatchingUtils
LogPluginManager: Mounting plugin OpenXR
LogPluginManager: Mounting plugin OpenXREyeTracker
LogPluginManager: Mounting plugin OpenXRHandTracking
LogPluginManager: Mounting plugin PhysXVehicles
LogPluginManager: Mounting plugin PostSplashScreen
LogPluginManager: Mounting plugin ProceduralMeshComponent
LogPluginManager: Mounting plugin PropertyAccessEditor
LogPluginManager: Mounting plugin ResonanceAudio
LogPluginManager: Mounting plugin RuntimePhysXCooking
LogPluginManager: Mounting plugin SignificanceManager
LogPluginManager: Mounting plugin SoundFields
LogPluginManager: Mounting plugin Synthesis
LogPluginManager: Mounting plugin WebMMoviePlayer
LogPluginManager: Mounting plugin WindowsMoviePlayer
LogPluginManager: Mounting plugin Takes
LogPluginManager: Mounting plugin AnimationSharing
LogPluginManager: Mounting plugin CLionSourceCodeAccess
LogPluginManager: Mounting plugin CodeLiteSourceCodeAccess
LogPluginManager: Mounting plugin GitSourceControl
LogPluginManager: Mounting plugin KDevelopSourceCodeAccess
LogPluginManager: Mounting plugin NullSourceCodeAccess
LogPluginManager: Mounting plugin PerforceSourceControl
LogPluginManager: Mounting plugin PixWinPlugin
LogPluginManager: Mounting plugin PlasticSourceControl
LogPluginManager: Mounting plugin PluginUtils
LogPluginManager: Mounting plugin PropertyAccessNode
LogPluginManager: Mounting plugin SubversionSourceControl
LogPluginManager: Mounting plugin TextureFormatOodle
LogPluginManager: Mounting plugin RiderSourceCodeAccess
LogPluginManager: Mounting plugin UObjectPlugin
LogPluginManager: Mounting plugin VisualStudioCodeSourceCodeAccess
LogPluginManager: Mounting plugin VisualStudioSourceCodeAccess
LogPluginManager: Mounting plugin XCodeSourceCodeAccess
LogPluginManager: Mounting plugin ContentBrowserAssetDataSource
LogPluginManager: Mounting plugin ContentBrowserClassDataSource
LogPluginManager: Mounting plugin ContentBrowserFileDataSource
LogPluginManager: Mounting plugin OnlineSubsystemGooglePlay
LogPluginManager: Mounting plugin OnlineSubsystemIOS
LogPluginManager: Mounting plugin OculusOpenXR
LogInit: Using libcurl 7.55.1-DEV
LogInit:  - built for x86_64-pc-win32
LogInit:  - supports SSL with OpenSSL/1.1.1
LogInit:  - supports HTTP deflate (compression) using libz 1.2.8
LogInit:  - other features:
LogInit:      CURL_VERSION_SSL
LogInit:      CURL_VERSION_LIBZ
LogInit:      CURL_VERSION_IPV6
LogInit:      CURL_VERSION_ASYNCHDNS
LogInit:      CURL_VERSION_LARGEFILE
LogInit:      CURL_VERSION_IDN
LogInit:  CurlRequestOptions (configurable via config and command line):
LogInit:  - bVerifyPeer = true  - Libcurl will verify peer certificate
LogInit:  - bUseHttpProxy = false  - Libcurl will NOT use HTTP proxy
LogInit:  - bDontReuseConnections = false  - Libcurl will reuse connections
LogInit:  - MaxHostConnections = 16  - Libcurl will limit the number of connections to a host
LogInit:  - LocalHostAddr = Default
LogInit:  - BufferSize = 65536
LogOnline: OSS: Creating online subsystem instance for: NULL
LogInit: WinSock: version 1.1 (2.2), MaxSocks=32767, MaxUdp=65467
LogOnline: OSS: TryLoadSubsystemAndSetDefault: Loaded subsystem for module [NULL]
PixWinPlugin: PIX capture plugin failed to initialize! Check that the process is launched from PIX.
LogInit: Build: ++UE4+Release-4.27-CL-18319896
LogInit: Engine Version: 4.27.2-18319896+++UE4+Release-4.27
LogInit: Compatible Engine Version: 4.27.0-17155196+++UE4+Release-4.27
LogInit: Net CL: 17155196
LogInit: OS: Windows 10 (Release 2009) (), CPU: 11th Gen Intel(R) Core(TM) i7-11800H @ 2.30GHz, GPU: Intel(R) UHD Graphics
LogInit: Compiled (64-bit): Nov 30 2021 07:12:08
LogInit: Compiled with Visual C++: 19.24.28315.00
LogInit: Build Configuration: Development
LogInit: Branch Name: ++UE4+Release-4.27
LogInit: Command Line: 
LogInit: Base Directory: C:/Program Files/Epic Games/UE_4.27/Engine/Binaries/Win64/
LogInit: Allocator: TBB
LogInit: Installed Engine Build: 1
LogDevObjectVersion: Number of dev versions registered: 29
LogDevObjectVersion:   Dev-Blueprints (B0D832E4-1F89-4F0D-ACCF-7EB736FD4AA2): 10
LogDevObjectVersion:   Dev-Build (E1C64328-A22C-4D53-A36C-8E866417BD8C): 0
LogDevObjectVersion:   Dev-Core (375EC13C-06E4-48FB-B500-84F0262A717E): 4
LogDevObjectVersion:   Dev-Editor (E4B068ED-F494-42E9-A231-DA0B2E46BB41): 40
LogDevObjectVersion:   Dev-Framework (CFFC743F-43B0-4480-9391-14DF171D2073): 37
LogDevObjectVersion:   Dev-Mobile (B02B49B5-BB20-44E9-A304-32B752E40360): 3
LogDevObjectVersion:   Dev-Networking (A4E4105C-59A1-49B5-A7C5-40C4547EDFEE): 0
LogDevObjectVersion:   Dev-Online (39C831C9-5AE6-47DC-9A44-9C173E1C8E7C): 0
LogDevObjectVersion:   Dev-Physics (78F01B33-EBEA-4F98-B9B4-84EACCB95AA2): 14
LogDevObjectVersion:   Dev-Platform (6631380F-2D4D-43E0-8009-CF276956A95A): 0
LogDevObjectVersion:   Dev-Rendering (12F88B9F-8875-4AFC-A67C-D90C383ABD29): 45
LogDevObjectVersion:   Dev-Sequencer (7B5AE74C-D270-4C10-A958-57980B212A5A): 13
LogDevObjectVersion:   Dev-VR (D7296918-1DD6-4BDD-9DE2-64A83CC13884): 3
LogDevObjectVersion:   Dev-LoadTimes (C2A15278-BFE7-4AFE-6C17-90FF531DF755): 1
LogDevObjectVersion:   Private-Geometry (6EACA3D4-40EC-4CC1-B786-8BED09428FC5): 3
LogDevObjectVersion:   Dev-AnimPhys (29E575DD-E0A3-4627-9D10-D276232CDCEA): 17
LogDevObjectVersion:   Dev-Anim (AF43A65D-7FD3-4947-9873-3E8ED9C1BB05): 15
LogDevObjectVersion:   Dev-ReflectionCapture (6B266CEC-1EC7-4B8F-A30B-E4D90942FC07): 1
LogDevObjectVersion:   Dev-Automation (0DF73D61-A23F-47EA-B727-89E90C41499A): 1
LogDevObjectVersion:   FortniteMain (601D1886-AC64-4F84-AA16-D3DE0DEAC7D6): 47
LogDevObjectVersion:   FortniteRelease (E7086368-6B23-4C58-8439-1B7016265E91): 1
LogDevObjectVersion:   Dev-Enterprise (9DFFBCD6-494F-0158-E221-12823C92A888): 10
LogDevObjectVersion:   Dev-Niagara (F2AED0AC-9AFE-416F-8664-AA7FFA26D6FC): 1
LogDevObjectVersion:   Dev-Destruction (174F1F0B-B4C6-45A5-B13F-2EE8D0FB917D): 10
LogDevObjectVersion:   Dev-Physics-Ext (35F94A83-E258-406C-A318-09F59610247C): 41
LogDevObjectVersion:   Dev-PhysicsMaterial-Chaos (B68FC16E-8B1B-42E2-B453-215C058844FE): 1
LogDevObjectVersion:   Dev-CineCamera (B2E18506-4273-CFC2-A54E-F4BB758BBA07): 1
LogDevObjectVersion:   Dev-VirtualProduction (64F58936-FD1B-42BA-BA96-7289D5D0FA4E): 1
LogDevObjectVersion:   Dev-MediaFramework (6F0ED827-A609-4895-9C91-998D90180EA4): 2
LogInit: Presizing for max 25165824 objects, including 0 objects not considered by GC, pre-allocating 0 bytes for permanent pool.
LogConfig: Applying CVar settings from Section [/Script/Engine.StreamingSettings] File [C:/Users/AlisaDI/Documents/MephiTasks/UnrealProject/Saved/Config/Windows/Engine.ini]
LogConfig: Setting CVar [[s.MinBulkDataSizeForAsyncLoading:131072]]
LogConfig: Setting CVar [[s.AsyncLoadingThreadEnabled:0]]
LogConfig: Setting CVar [[s.EventDrivenLoaderEnabled:1]]
LogConfig: Setting CVar [[s.WarnIfTimeLimitExceeded:0]]
LogConfig: Setting CVar [[s.TimeLimitExceededMultiplier:1.5]]
LogConfig: Setting CVar [[s.TimeLimitExceededMinTime:0.005]]
LogConfig: Setting CVar [[s.UseBackgroundLevelStreaming:1]]
LogConfig: Setting CVar [[s.PriorityAsyncLoadingExtraTime:15.0]]
LogConfig: Setting CVar [[s.LevelStreamingActorsUpdateTimeLimit:5.0]]
LogConfig: Setting CVar [[s.PriorityLevelStreamingActorsUpdateExtraTime:5.0]]
LogConfig: Setting CVar [[s.LevelStreamingComponentsRegistrationGranularity:10]]
LogConfig: Setting CVar [[s.UnregisterComponentsTimeLimit:1.0]]
LogConfig: Setting CVar [[s.LevelStreamingComponentsUnregistrationGranularity:5]]
LogConfig: Setting CVar [[s.FlushStreamingOnExit:1]]
LogInit: Object subsystem initialized
LogConfig: Setting CVar [[con.DebugEarlyDefault:1]]
LogConfig: Setting CVar [[r.setres:1280x720]]
[2025.05.24-09.35.53:211][  0]LogConfig: Setting CVar [[r.VSync:0]]
[2025.05.24-09.35.53:211][  0]LogConfig: Setting CVar [[r.RHICmdBypass:0]]
[2025.05.24-09.35.53:211][  0]LogConfig: Applying CVar settings from Section [/Script/Engine.RendererSettings] File [C:/Users/AlisaDI/Documents/MephiTasks/UnrealProject/Saved/Config/Windows/Engine.ini]
[2025.05.24-09.35.53:211][  0]LogConfig: Setting CVar [[r.GPUCrashDebugging:0]]
[2025.05.24-09.35.53:211][  0]LogConfig: Setting CVar [[r.Mobile.DisableVertexFog:1]]
[2025.05.24-09.35.53:211][  0]LogConfig: Setting CVar [[r.Shadow.CSM.MaxMobileCascades:2]]
[2025.05.24-09.35.53:211][  0]LogConfig: Setting CVar [[r.MobileMSAA:4]]
[2025.05.24-09.35.53:211][  0]LogConfig: Setting CVar [[r.Mobile.AllowDitheredLODTransition:0]]
[2025.05.24-09.35.53:211][  0]LogConfig: Setting CVar [[r.Mobile.AllowSoftwareOcclusion:0]]
[2025.05.24-09.35.53:211][  0]LogConfig: Setting CVar [[r.Mobile.VirtualTextures:0]]
[2025.05.24-09.35.53:211][  0]LogConfig: Setting CVar [[r.DiscardUnusedQuality:0]]
[2025.05.24-09.35.53:211][  0]LogConfig: Setting CVar [[r.AllowOcclusionQueries:1]]
[2025.05.24-09.35.53:211][  0]LogConfig: Setting CVar [[r.MinScreenRadiusForLights:0.030000]]
[2025.05.24-09.35.53:211][  0]LogConfig: Setting CVar [[r.MinScreenRadiusForDepthPrepass:0.030000]]
[2025.05.24-09.35.53:211][  0]LogConfig: Setting CVar [[r.MinScreenRadiusForCSMDepth:0.010000]]
[2025.05.24-09.35.53:211][  0]LogConfig: Setting CVar [[r.PrecomputedVisibilityWarning:0]]
[2025.05.24-09.35.53:211][  0]LogConfig: Setting CVar [[r.TextureStreaming:1]]
[2025.05.24-09.35.53:211][  0]LogConfig: Setting CVar [[Compat.UseDXT5NormalMaps:0]]
[2025.05.24-09.35.53:211][  0]LogConfig: Setting CVar [[r.VirtualTextures:0]]
[2025.05.24-09.35.53:211][  0]LogConfig: Setting CVar [[r.VirtualTexturedLightmaps:0]]
[2025.05.24-09.35.53:211][  0]LogConfig: Setting CVar [[r.VT.TileSize:128]]
[2025.05.24-09.35.53:211][  0]LogConfig: Setting CVar [[r.VT.TileBorderSize:4]]
[2025.05.24-09.35.53:211][  0]LogConfig: Setting CVar [[r.vt.FeedbackFactor:16]]
[2025.05.24-09.35.53:211][  0]LogConfig: Setting CVar [[r.VT.EnableCompressZlib:1]]
[2025.05.24-09.35.53:211][  0]LogConfig: Setting CVar [[r.VT.EnableCompressCrunch:0]]
[2025.05.24-09.35.53:211][  0]LogConfig: Setting CVar [[r.ClearCoatNormal:0]]
[2025.05.24-09.35.53:211][  0]LogConfig: Setting CVar [[r.ReflectionCaptureResolution:128]]
[2025.05.24-09.35.53:211][  0]LogConfig: Setting CVar [[r.Mobile.ReflectionCaptureCompression:0]]
[2025.05.24-09.35.53:211][  0]LogConfig: Setting CVar [[r.ReflectionEnvironmentLightmapMixBasedOnRoughness:1]]
[2025.05.24-09.35.53:211][  0]LogConfig: Setting CVar [[r.ForwardShading:1]]
[2025.05.24-09.35.53:211][  0]LogConfig: Setting CVar [[r.VertexFoggingForOpaque:1]]
[2025.05.24-09.35.53:211][  0]LogConfig: Setting CVar [[r.AllowStaticLighting:1]]
[2025.05.24-09.35.53:211][  0]LogConfig: Setting CVar [[r.NormalMapsForStaticLighting:0]]
[2025.05.24-09.35.53:211][  0]LogConfig: Setting CVar [[r.GenerateMeshDistanceFields:0]]
[2025.05.24-09.35.53:213][  0]LogConfig: Setting CVar [[r.DistanceFieldBuild.EightBit:0]]
[2025.05.24-09.35.53:213][  0]LogConfig: Setting CVar [[r.GenerateLandscapeGIData:0]]
[2025.05.24-09.35.53:213][  0]LogConfig: Setting CVar [[r.DistanceFieldBuild.Compress:0]]
[2025.05.24-09.35.53:213][  0]LogConfig: Setting CVar [[r.TessellationAdaptivePixelsPerTriangle:48.000000]]
[2025.05.24-09.35.53:213][  0]LogConfig: Setting CVar [[r.SeparateTranslucency:0]]
[2025.05.24-09.35.53:213][  0]LogConfig: Setting CVar [[r.TranslucentSortPolicy:0]]
[2025.05.24-09.35.53:213][  0]LogConfig: Setting CVar [[r.CustomDepth:1]]
[2025.05.24-09.35.53:213][  0]LogConfig: Setting CVar [[r.CustomDepthTemporalAAJitter:1]]
[2025.05.24-09.35.53:213][  0]LogConfig: Setting CVar [[r.PostProcessing.PropagateAlpha:0]]
[2025.05.24-09.35.53:213][  0]LogConfig: Setting CVar [[r.DefaultFeature.Bloom:0]]
[2025.05.24-09.35.53:213][  0]LogConfig: Setting CVar [[r.DefaultFeature.AmbientOcclusion:0]]
[2025.05.24-09.35.53:213][  0]LogConfig: Setting CVar [[r.DefaultFeature.AmbientOcclusionStaticFraction:1]]
[2025.05.24-09.35.53:213][  0]LogConfig: Setting CVar [[r.DefaultFeature.AutoExposure:0]]
[2025.05.24-09.35.53:213][  0]LogConfig: Setting CVar [[r.DefaultFeature.AutoExposure.Method:0]]
[2025.05.24-09.35.53:213][  0]LogConfig: Setting CVar [[r.DefaultFeature.AutoExposure.Bias:1.000000]]
[2025.05.24-09.35.53:213][  0]LogConfig: Setting CVar [[r.DefaultFeature.AutoExposure.ExtendDefaultLuminanceRange:1]]
[2025.05.24-09.35.53:213][  0]LogConfig: Setting CVar [[r.UsePreExposure:1]]
[2025.05.24-09.35.53:213][  0]LogConfig: Setting CVar [[r.EyeAdaptation.EditorOnly:0]]
[2025.05.24-09.35.53:213][  0]LogConfig: Setting CVar [[r.DefaultFeature.MotionBlur:0]]
[2025.05.24-09.35.53:213][  0]LogConfig: Setting CVar [[r.DefaultFeature.LensFlare:0]]
[2025.05.24-09.35.53:213][  0]LogConfig: Setting CVar [[r.TemporalAA.Upsampling:0]]
[2025.05.24-09.35.53:213][  0]LogConfig: Setting CVar [[r.SSGI.Enable:0]]
[2025.05.24-09.35.53:213][  0]LogConfig: Setting CVar [[r.DefaultFeature.AntiAliasing:3]]
[2025.05.24-09.35.53:213][  0]LogConfig: Setting CVar [[r.DefaultFeature.LightUnits:1]]
[2025.05.24-09.35.53:213][  0]LogConfig: Setting CVar [[r.DefaultBackBufferPixelFormat:4]]
[2025.05.24-09.35.53:213][  0]LogConfig: Setting CVar [[r.Shadow.UnbuiltPreviewInGame:1]]
[2025.05.24-09.35.53:213][  0]LogConfig: Setting CVar [[r.StencilForLODDither:0]]
[2025.05.24-09.35.53:213][  0]LogConfig: Setting CVar [[r.EarlyZPass:3]]
[2025.05.24-09.35.53:213][  0]LogConfig: Setting CVar [[r.EarlyZPassOnlyMaterialMasking:0]]
[2025.05.24-09.35.53:213][  0]LogConfig: Setting CVar [[r.DBuffer:1]]
[2025.05.24-09.35.53:213][  0]LogConfig: Setting CVar [[r.ClearSceneMethod:1]]
[2025.05.24-09.35.53:213][  0]LogConfig: Setting CVar [[r.BasePassOutputsVelocity:0]]
[2025.05.24-09.35.53:213][  0]LogConfig: Setting CVar [[r.VertexDeformationOutputsVelocity:0]]
[2025.05.24-09.35.53:213][  0]LogConfig: Setting CVar [[r.SelectiveBasePassOutputs:0]]
[2025.05.24-09.35.53:213][  0]LogConfig: Setting CVar [[fx.GPUSimulationTextureSizeX:1024]]
[2025.05.24-09.35.53:213][  0]LogConfig: Setting CVar [[fx.GPUSimulationTextureSizeY:1024]]
[2025.05.24-09.35.53:213][  0]LogConfig: Setting CVar [[r.AllowGlobalClipPlane:0]]
[2025.05.24-09.35.53:213][  0]LogConfig: Setting CVar [[r.GBufferFormat:1]]
[2025.05.24-09.35.53:213][  0]LogConfig: Setting CVar [[r.MorphTarget.Mode:1]]
[2025.05.24-09.35.53:213][  0]LogConfig: Setting CVar [[vr.InstancedStereo:1]]
[2025.05.24-09.35.53:213][  0]LogConfig: Setting CVar [[r.MobileHDR:0]]
[2025.05.24-09.35.53:213][  0]LogConfig: Setting CVar [[vr.MobileMultiView:1]]
[2025.05.24-09.35.53:213][  0]LogConfig: Setting CVar [[r.Mobile.UseHWsRGBEncoding:1]]
[2025.05.24-09.35.53:213][  0]LogConfig: Setting CVar [[vr.RoundRobinOcclusion:0]]
[2025.05.24-09.35.53:213][  0]LogConfig: Setting CVar [[vr.ODSCapture:0]]
[2025.05.24-09.35.53:213][  0]LogConfig: Setting CVar [[r.MeshStreaming:0]]
[2025.05.24-09.35.53:213][  0]LogConfig: Setting CVar [[r.WireframeCullThreshold:5.000000]]
[2025.05.24-09.35.53:213][  0]LogConfig: Setting CVar [[r.RayTracing:0]]
[2025.05.24-09.35.53:213][  0]LogConfig: Setting CVar [[r.RayTracing.UseTextureLod:0]]
[2025.05.24-09.35.53:213][  0]LogConfig: Setting CVar [[r.SupportStationarySkylight:1]]
[2025.05.24-09.35.53:213][  0]LogConfig: Setting CVar [[r.SupportLowQualityLightmaps:1]]
[2025.05.24-09.35.53:213][  0]LogConfig: Setting CVar [[r.SupportPointLightWholeSceneShadows:1]]
[2025.05.24-09.35.53:213][  0]LogConfig: Setting CVar [[r.SupportAtmosphericFog:1]]
[2025.05.24-09.35.53:213][  0]LogConfig: Setting CVar [[r.SupportSkyAtmosphere:1]]
[2025.05.24-09.35.53:213][  0]LogConfig: Setting CVar [[r.SupportSkyAtmosphereAffectsHeightFog:0]]
[2025.05.24-09.35.53:213][  0]LogConfig: Setting CVar [[r.SkinCache.CompileShaders:0]]
[2025.05.24-09.35.53:213][  0]LogConfig: Setting CVar [[r.SkinCache.DefaultBehavior:1]]
[2025.05.24-09.35.53:213][  0]LogConfig: Setting CVar [[r.SkinCache.SceneMemoryLimitInMB:128.000000]]
[2025.05.24-09.35.53:213][  0]LogConfig: Setting CVar [[r.Mobile.EnableStaticAndCSMShadowReceivers:1]]
[2025.05.24-09.35.53:213][  0]LogConfig: Setting CVar [[r.Mobile.EnableMovableLightCSMShaderCulling:1]]
[2025.05.24-09.35.53:213][  0]LogConfig: Setting CVar [[r.Mobile.AllowDistanceFieldShadows:1]]
[2025.05.24-09.35.53:213][  0]LogConfig: Setting CVar [[r.Mobile.AllowMovableDirectionalLights:1]]
[2025.05.24-09.35.53:213][  0]LogConfig: Setting CVar [[r.MobileNumDynamicPointLights:4]]
[2025.05.24-09.35.53:213][  0]LogConfig: Setting CVar [[r.MobileDynamicPointLightsUseStaticBranch:1]]
[2025.05.24-09.35.53:213][  0]LogConfig: Setting CVar [[r.Mobile.EnableMovableSpotlights:0]]
[2025.05.24-09.35.53:213][  0]LogConfig: Setting CVar [[r.Mobile.EnableMovableSpotlightsShadow:0]]
[2025.05.24-09.35.53:213][  0]LogConfig: Setting CVar [[r.GPUSkin.Support16BitBoneIndex:0]]
[2025.05.24-09.35.53:213][  0]LogConfig: Setting CVar [[r.GPUSkin.Limit2BoneInfluences:0]]
[2025.05.24-09.35.53:213][  0]LogConfig: Setting CVar [[r.SupportDepthOnlyIndexBuffers:1]]
[2025.05.24-09.35.53:213][  0]LogConfig: Setting CVar [[r.SupportReversedIndexBuffers:1]]
[2025.05.24-09.35.53:213][  0]LogConfig: Setting CVar [[r.LightPropagationVolume:0]]
[2025.05.24-09.35.53:213][  0]LogConfig: Setting CVar [[r.Mobile.AmbientOcclusion:0]]
[2025.05.24-09.35.53:213][  0]LogConfig: Setting CVar [[r.GPUSkin.UnlimitedBoneInfluences:0]]
[2025.05.24-09.35.53:213][  0]LogConfig: Setting CVar [[r.GPUSkin.UnlimitedBoneInfluencesThreshold:8]]
[2025.05.24-09.35.53:213][  0]LogConfig: Setting CVar [[r.Mobile.PlanarReflectionMode:0]]
[2025.05.24-09.35.53:213][  0]LogConfig: Setting CVar [[r.Mobile.SupportGPUScene:1]]
[2025.05.24-09.35.53:213][  0]LogConfig: Applying CVar settings from Section [/Script/Engine.RendererOverrideSettings] File [C:/Users/AlisaDI/Documents/MephiTasks/UnrealProject/Saved/Config/Windows/Engine.ini]
[2025.05.24-09.35.53:213][  0]LogConfig: Applying CVar settings from Section [/Script/Engine.StreamingSettings] File [C:/Users/AlisaDI/Documents/MephiTasks/UnrealProject/Saved/Config/Windows/Engine.ini]
[2025.05.24-09.35.53:213][  0]LogConfig: Setting CVar [[s.MinBulkDataSizeForAsyncLoading:131072]]
[2025.05.24-09.35.53:213][  0]LogConfig: Setting CVar [[s.AsyncLoadingThreadEnabled:0]]
[2025.05.24-09.35.53:213][  0]LogConfig: Setting CVar [[s.EventDrivenLoaderEnabled:1]]
[2025.05.24-09.35.53:213][  0]LogConfig: Setting CVar [[s.WarnIfTimeLimitExceeded:0]]
[2025.05.24-09.35.53:213][  0]LogConfig: Setting CVar [[s.TimeLimitExceededMultiplier:1.5]]
[2025.05.24-09.35.53:213][  0]LogConfig: Setting CVar [[s.TimeLimitExceededMinTime:0.005]]
[2025.05.24-09.35.53:213][  0]LogConfig: Setting CVar [[s.UseBackgroundLevelStreaming:1]]
[2025.05.24-09.35.53:213][  0]LogConfig: Setting CVar [[s.PriorityAsyncLoadingExtraTime:15.0]]
[2025.05.24-09.35.53:213][  0]LogConfig: Setting CVar [[s.LevelStreamingActorsUpdateTimeLimit:5.0]]
[2025.05.24-09.35.53:213][  0]LogConfig: Setting CVar [[s.PriorityLevelStreamingActorsUpdateExtraTime:5.0]]
[2025.05.24-09.35.53:213][  0]LogConfig: Setting CVar [[s.LevelStreamingComponentsRegistrationGranularity:10]]
[2025.05.24-09.35.53:213][  0]LogConfig: Setting CVar [[s.UnregisterComponentsTimeLimit:1.0]]
[2025.05.24-09.35.53:214][  0]LogConfig: Setting CVar [[s.LevelStreamingComponentsUnregistrationGranularity:5]]
[2025.05.24-09.35.53:214][  0]LogConfig: Setting CVar [[s.FlushStreamingOnExit:1]]
[2025.05.24-09.35.53:214][  0]LogConfig: Applying CVar settings from Section [/Script/Engine.GarbageCollectionSettings] File [C:/Users/AlisaDI/Documents/MephiTasks/UnrealProject/Saved/Config/Windows/Engine.ini]
[2025.05.24-09.35.53:214][  0]LogConfig: Setting CVar [[gc.MaxObjectsNotConsideredByGC:1]]
[2025.05.24-09.35.53:214][  0]LogConfig: Setting CVar [[gc.SizeOfPermanentObjectPool:0]]
[2025.05.24-09.35.53:214][  0]LogConfig: Setting CVar [[gc.FlushStreamingOnGC:0]]
[2025.05.24-09.35.53:214][  0]LogConfig: Setting CVar [[gc.NumRetriesBeforeForcingGC:10]]
[2025.05.24-09.35.53:214][  0]LogConfig: Setting CVar [[gc.AllowParallelGC:1]]
[2025.05.24-09.35.53:214][  0]LogConfig: Setting CVar [[gc.TimeBetweenPurgingPendingKillObjects:61.1]]
[2025.05.24-09.35.53:214][  0]LogConfig: Setting CVar [[gc.MaxObjectsInEditor:25165824]]
[2025.05.24-09.35.53:214][  0]LogConfig: Setting CVar [[gc.IncrementalBeginDestroyEnabled:1]]
[2025.05.24-09.35.53:214][  0]LogConfig: Setting CVar [[gc.CreateGCClusters:1]]
[2025.05.24-09.35.53:214][  0]LogConfig: Setting CVar [[gc.MinGCClusterSize:5]]
[2025.05.24-09.35.53:214][  0]LogConfig: Setting CVar [[gc.ActorClusteringEnabled:0]]
[2025.05.24-09.35.53:214][  0]LogConfig: Setting CVar [[gc.BlueprintClusteringEnabled:0]]
[2025.05.24-09.35.53:214][  0]LogConfig: Setting CVar [[gc.UseDisregardForGCOnDedicatedServers:0]]
[2025.05.24-09.35.53:214][  0]LogConfig: Setting CVar [[gc.MultithreadedDestructionEnabled:1]]
[2025.05.24-09.35.53:214][  0]LogConfig: Applying CVar settings from Section [/Script/Engine.NetworkSettings] File [C:/Users/AlisaDI/Documents/MephiTasks/UnrealProject/Saved/Config/Windows/Engine.ini]
[2025.05.24-09.35.53:214][  0]LogConfig: Applying CVar settings from Section [/Script/UnrealEd.CookerSettings] File [C:/Users/AlisaDI/Documents/MephiTasks/UnrealProject/Saved/Config/Windows/Engine.ini]
[2025.05.24-09.35.53:245][  0]LogConfig: Applying CVar settings from Section [ViewDistanceQuality@3] File [C:/Users/AlisaDI/Documents/MephiTasks/UnrealProject/Saved/Config/Windows/Scalability.ini]
[2025.05.24-09.35.53:245][  0]LogConfig: Setting CVar [[r.SkeletalMeshLODBias:0]]
[2025.05.24-09.35.53:245][  0]LogConfig: Setting CVar [[r.ViewDistanceScale:1.0]]
[2025.05.24-09.35.53:245][  0]LogConfig: Applying CVar settings from Section [AntiAliasingQuality@3] File [C:/Users/AlisaDI/Documents/MephiTasks/UnrealProject/Saved/Config/Windows/Scalability.ini]
[2025.05.24-09.35.53:245][  0]LogConfig: Setting CVar [[r.PostProcessAAQuality:4]]
[2025.05.24-09.35.53:245][  0]LogConfig: Applying CVar settings from Section [ShadowQuality@3] File [C:/Users/AlisaDI/Documents/MephiTasks/UnrealProject/Saved/Config/Windows/Scalability.ini]
[2025.05.24-09.35.53:245][  0]LogConfig: Setting CVar [[r.LightFunctionQuality:1]]
[2025.05.24-09.35.53:245][  0]LogConfig: Setting CVar [[r.ShadowQuality:5]]
[2025.05.24-09.35.53:245][  0]LogConfig: Setting CVar [[r.Shadow.CSM.MaxCascades:10]]
[2025.05.24-09.35.53:245][  0]LogConfig: Setting CVar [[r.Shadow.MaxResolution:2048]]
[2025.05.24-09.35.53:245][  0]LogConfig: Setting CVar [[r.Shadow.MaxCSMResolution:2048]]
[2025.05.24-09.35.53:245][  0]LogConfig: Setting CVar [[r.Shadow.RadiusThreshold:0.01]]
[2025.05.24-09.35.53:245][  0]LogConfig: Setting CVar [[r.Shadow.DistanceScale:1.0]]
[2025.05.24-09.35.53:245][  0]LogConfig: Setting CVar [[r.Shadow.CSM.TransitionScale:1.0]]
[2025.05.24-09.35.53:245][  0]LogConfig: Setting CVar [[r.Shadow.PreShadowResolutionFactor:1.0]]
[2025.05.24-09.35.53:245][  0]LogConfig: Setting CVar [[r.DistanceFieldShadowing:1]]
[2025.05.24-09.35.53:245][  0]LogConfig: Setting CVar [[r.DistanceFieldAO:1]]
[2025.05.24-09.35.53:245][  0]LogConfig: Setting CVar [[r.AOQuality:2]]
[2025.05.24-09.35.53:245][  0]LogConfig: Setting CVar [[r.VolumetricFog:1]]
[2025.05.24-09.35.53:245][  0]LogConfig: Setting CVar [[r.VolumetricFog.GridPixelSize:8]]
[2025.05.24-09.35.53:245][  0]LogConfig: Setting CVar [[r.VolumetricFog.GridSizeZ:128]]
[2025.05.24-09.35.53:245][  0]LogConfig: Setting CVar [[r.VolumetricFog.HistoryMissSupersampleCount:4]]
[2025.05.24-09.35.53:245][  0]LogConfig: Setting CVar [[r.LightMaxDrawDistanceScale:1]]
[2025.05.24-09.35.53:245][  0]LogConfig: Setting CVar [[r.CapsuleShadows:1]]
[2025.05.24-09.35.53:245][  0]LogConfig: Applying CVar settings from Section [PostProcessQuality@3] File [C:/Users/AlisaDI/Documents/MephiTasks/UnrealProject/Saved/Config/Windows/Scalability.ini]
[2025.05.24-09.35.53:245][  0]LogConfig: Setting CVar [[r.MotionBlurQuality:4]]
[2025.05.24-09.35.53:245][  0]LogConfig: Setting CVar [[r.AmbientOcclusionMipLevelFactor:0.4]]
[2025.05.24-09.35.53:245][  0]LogConfig: Setting CVar [[r.AmbientOcclusionMaxQuality:100]]
[2025.05.24-09.35.53:245][  0]LogConfig: Setting CVar [[r.AmbientOcclusionLevels:-1]]
[2025.05.24-09.35.53:245][  0]LogConfig: Setting CVar [[r.AmbientOcclusionRadiusScale:1.0]]
[2025.05.24-09.35.53:245][  0]LogConfig: Setting CVar [[r.DepthOfFieldQuality:2]]
[2025.05.24-09.35.53:245][  0]LogConfig: Setting CVar [[r.RenderTargetPoolMin:400]]
[2025.05.24-09.35.53:245][  0]LogConfig: Setting CVar [[r.LensFlareQuality:2]]
[2025.05.24-09.35.53:245][  0]LogConfig: Setting CVar [[r.SceneColorFringeQuality:1]]
[2025.05.24-09.35.53:245][  0]LogConfig: Setting CVar [[r.EyeAdaptationQuality:2]]
[2025.05.24-09.35.53:245][  0]LogConfig: Setting CVar [[r.BloomQuality:5]]
[2025.05.24-09.35.53:245][  0]LogConfig: Setting CVar [[r.FastBlurThreshold:100]]
[2025.05.24-09.35.53:245][  0]LogConfig: Setting CVar [[r.Upscale.Quality:3]]
[2025.05.24-09.35.53:245][  0]LogConfig: Setting CVar [[r.Tonemapper.GrainQuantization:1]]
[2025.05.24-09.35.53:245][  0]LogConfig: Setting CVar [[r.LightShaftQuality:1]]
[2025.05.24-09.35.53:245][  0]LogConfig: Setting CVar [[r.Filter.SizeScale:1]]
[2025.05.24-09.35.53:245][  0]LogConfig: Setting CVar [[r.Tonemapper.Quality:5]]
[2025.05.24-09.35.53:245][  0]LogConfig: Setting CVar [[r.DOF.Gather.AccumulatorQuality:1        ; higher gathering accumulator quality]]
[2025.05.24-09.35.53:245][  0]LogConfig: Setting CVar [[r.DOF.Gather.PostfilterMethod:1          ; Median3x3 postfilering method]]
[2025.05.24-09.35.53:245][  0]LogConfig: Setting CVar [[r.DOF.Gather.EnableBokehSettings:0       ; no bokeh simulation when gathering]]
[2025.05.24-09.35.53:245][  0]LogConfig: Setting CVar [[r.DOF.Gather.RingCount:4                 ; medium number of samples when gathering]]
[2025.05.24-09.35.53:245][  0]LogConfig: Setting CVar [[r.DOF.Scatter.ForegroundCompositing:1    ; additive foreground scattering]]
[2025.05.24-09.35.53:245][  0]LogConfig: Setting CVar [[r.DOF.Scatter.BackgroundCompositing:2    ; additive background scattering]]
[2025.05.24-09.35.53:245][  0]LogConfig: Setting CVar [[r.DOF.Scatter.EnableBokehSettings:1      ; bokeh simulation when scattering]]
[2025.05.24-09.35.53:245][  0]LogConfig: Setting CVar [[r.DOF.Scatter.MaxSpriteRatio:0.1         ; only a maximum of 10% of scattered bokeh]]
[2025.05.24-09.35.53:245][  0]LogConfig: Setting CVar [[r.DOF.Recombine.Quality:1                ; cheap slight out of focus]]
[2025.05.24-09.35.53:245][  0]LogConfig: Setting CVar [[r.DOF.Recombine.EnableBokehSettings:0    ; no bokeh simulation on slight out of focus]]
[2025.05.24-09.35.53:245][  0]LogConfig: Setting CVar [[r.DOF.TemporalAAQuality:1                ; more stable temporal accumulation]]
[2025.05.24-09.35.53:245][  0]LogConfig: Setting CVar [[r.DOF.Kernel.MaxForegroundRadius:0.025]]
[2025.05.24-09.35.53:245][  0]LogConfig: Setting CVar [[r.DOF.Kernel.MaxBackgroundRadius:0.025]]
[2025.05.24-09.35.53:245][  0]LogConfig: Applying CVar settings from Section [TextureQuality@3] File [C:/Users/AlisaDI/Documents/MephiTasks/UnrealProject/Saved/Config/Windows/Scalability.ini]
[2025.05.24-09.35.53:245][  0]LogConfig: Setting CVar [[r.Streaming.MipBias:0]]
[2025.05.24-09.35.53:245][  0]LogConfig: Setting CVar [[r.Streaming.AmortizeCPUToGPUCopy:0]]
[2025.05.24-09.35.53:245][  0]LogConfig: Setting CVar [[r.Streaming.MaxNumTexturesToStreamPerFrame:0]]
[2025.05.24-09.35.53:245][  0]LogConfig: Setting CVar [[r.Streaming.Boost:1]]
[2025.05.24-09.35.53:245][  0]LogConfig: Setting CVar [[r.MaxAnisotropy:8]]
[2025.05.24-09.35.53:245][  0]LogConfig: Setting CVar [[r.VT.MaxAnisotropy:8]]
[2025.05.24-09.35.53:245][  0]LogConfig: Setting CVar [[r.Streaming.LimitPoolSizeToVRAM:0]]
[2025.05.24-09.35.53:245][  0]LogConfig: Setting CVar [[r.Streaming.PoolSize:1000]]
[2025.05.24-09.35.53:245][  0]LogConfig: Setting CVar [[r.Streaming.MaxEffectiveScreenSize:0]]
[2025.05.24-09.35.53:245][  0]LogConfig: Applying CVar settings from Section [EffectsQuality@3] File [C:/Users/AlisaDI/Documents/MephiTasks/UnrealProject/Saved/Config/Windows/Scalability.ini]
[2025.05.24-09.35.53:245][  0]LogConfig: Setting CVar [[r.TranslucencyLightingVolumeDim:64]]
[2025.05.24-09.35.53:245][  0]LogConfig: Setting CVar [[r.RefractionQuality:2]]
[2025.05.24-09.35.53:245][  0]LogConfig: Setting CVar [[r.SSR.Quality:3]]
[2025.05.24-09.35.53:245][  0]LogConfig: Setting CVar [[r.SSR.HalfResSceneColor:0]]
[2025.05.24-09.35.53:245][  0]LogConfig: Setting CVar [[r.SceneColorFormat:4]]
[2025.05.24-09.35.53:245][  0]LogConfig: Setting CVar [[r.DetailMode:2]]
[2025.05.24-09.35.53:245][  0]LogConfig: Setting CVar [[r.TranslucencyVolumeBlur:1]]
[2025.05.24-09.35.53:245][  0]LogConfig: Setting CVar [[r.MaterialQualityLevel:1 ; High quality]]
[2025.05.24-09.35.53:245][  0]LogConfig: Setting CVar [[r.AnisotropicMaterials:1]]
[2025.05.24-09.35.53:245][  0]LogConfig: Setting CVar [[r.SSS.Scale:1]]
[2025.05.24-09.35.53:245][  0]LogConfig: Setting CVar [[r.SSS.SampleSet:2]]
[2025.05.24-09.35.53:245][  0]LogConfig: Setting CVar [[r.SSS.Quality:1]]
[2025.05.24-09.35.53:245][  0]LogConfig: Setting CVar [[r.SSS.HalfRes:0]]
[2025.05.24-09.35.53:245][  0]LogConfig: Setting CVar [[r.SSGI.Quality:3]]
[2025.05.24-09.35.53:245][  0]LogConfig: Setting CVar [[r.EmitterSpawnRateScale:1.0]]
[2025.05.24-09.35.53:245][  0]LogConfig: Setting CVar [[r.ParticleLightQuality:2]]
[2025.05.24-09.35.53:245][  0]LogConfig: Setting CVar [[r.SkyAtmosphere.AerialPerspectiveLUT.FastApplyOnOpaque:1 ; Always have FastSkyLUT 1 in this case to avoid wrong sky]]
[2025.05.24-09.35.53:245][  0]LogConfig: Setting CVar [[r.SkyAtmosphere.AerialPerspectiveLUT.SampleCountMaxPerSlice:4]]
[2025.05.24-09.35.53:245][  0]LogConfig: Setting CVar [[r.SkyAtmosphere.AerialPerspectiveLUT.DepthResolution:16.0]]
[2025.05.24-09.35.53:245][  0]LogConfig: Setting CVar [[r.SkyAtmosphere.FastSkyLUT:1]]
[2025.05.24-09.35.53:245][  0]LogConfig: Setting CVar [[r.SkyAtmosphere.FastSkyLUT.SampleCountMin:4.0]]
[2025.05.24-09.35.53:245][  0]LogConfig: Setting CVar [[r.SkyAtmosphere.FastSkyLUT.SampleCountMax:128.0]]
[2025.05.24-09.35.53:245][  0]LogConfig: Setting CVar [[r.SkyAtmosphere.SampleCountMin:4.0]]
[2025.05.24-09.35.53:245][  0]LogConfig: Setting CVar [[r.SkyAtmosphere.SampleCountMax:128.0]]
[2025.05.24-09.35.53:245][  0]LogConfig: Setting CVar [[r.SkyAtmosphere.TransmittanceLUT.UseSmallFormat:0]]
[2025.05.24-09.35.53:245][  0]LogConfig: Setting CVar [[r.SkyAtmosphere.TransmittanceLUT.SampleCount:10.0]]
[2025.05.24-09.35.53:245][  0]LogConfig: Setting CVar [[r.SkyAtmosphere.MultiScatteringLUT.SampleCount:15.0]]
[2025.05.24-09.35.53:245][  0]LogConfig: Setting CVar [[r.SkyLight.RealTimeReflectionCapture:1]]
[2025.05.24-09.35.53:245][  0]LogConfig: Applying CVar settings from Section [FoliageQuality@3] File [C:/Users/AlisaDI/Documents/MephiTasks/UnrealProject/Saved/Config/Windows/Scalability.ini]
[2025.05.24-09.35.53:245][  0]LogConfig: Setting CVar [[foliage.DensityScale:1.0]]
[2025.05.24-09.35.53:245][  0]LogConfig: Setting CVar [[grass.DensityScale:1.0]]
[2025.05.24-09.35.53:245][  0]LogConfig: Applying CVar settings from Section [ShadingQuality@3] File [C:/Users/AlisaDI/Documents/MephiTasks/UnrealProject/Saved/Config/Windows/Scalability.ini]
[2025.05.24-09.35.53:245][  0]LogConfig: Setting CVar [[r.HairStrands.SkyLighting.IntegrationType:2]]
[2025.05.24-09.35.53:245][  0]LogConfig: Setting CVar [[r.HairStrands.SkyAO.SampleCount:4]]
[2025.05.24-09.35.53:245][  0]LogConfig: Setting CVar [[r.HairStrands.Visibility.MSAA.SamplePerPixel:4]]
[2025.05.24-09.35.53:245][  0]LogInit: Selected Device Profile: [Windows]
[2025.05.24-09.35.53:245][  0]LogInit: Applying CVar settings loaded from the selected device profile: [Windows]
[2025.05.24-09.35.53:245][  0]LogHAL: Display: Platform has ~ 32 GB [34046742528 / 34359738368 / 32], which maps to Largest [LargestMinGB=32, LargerMinGB=12, DefaultMinGB=8, SmallerMinGB=6, SmallestMinGB=0)
[2025.05.24-09.35.53:245][  0]LogInit: Going up to parent DeviceProfile []
[2025.05.24-09.35.53:245][  0]LogConfig: Applying CVar settings from Section [ViewDistanceQuality@3] File [C:/Users/AlisaDI/Documents/MephiTasks/UnrealProject/Saved/Config/Windows/Scalability.ini]
[2025.05.24-09.35.53:245][  0]LogConfig: Setting CVar [[r.SkeletalMeshLODBias:0]]
[2025.05.24-09.35.53:245][  0]LogConfig: Setting CVar [[r.ViewDistanceScale:1.0]]
[2025.05.24-09.35.53:245][  0]LogConfig: Applying CVar settings from Section [AntiAliasingQuality@3] File [C:/Users/AlisaDI/Documents/MephiTasks/UnrealProject/Saved/Config/Windows/Scalability.ini]
[2025.05.24-09.35.53:245][  0]LogConfig: Setting CVar [[r.PostProcessAAQuality:4]]
[2025.05.24-09.35.53:245][  0]LogConfig: Applying CVar settings from Section [ShadowQuality@3] File [C:/Users/AlisaDI/Documents/MephiTasks/UnrealProject/Saved/Config/Windows/Scalability.ini]
[2025.05.24-09.35.53:245][  0]LogConfig: Setting CVar [[r.LightFunctionQuality:1]]
[2025.05.24-09.35.53:245][  0]LogConfig: Setting CVar [[r.ShadowQuality:5]]
[2025.05.24-09.35.53:245][  0]LogConfig: Setting CVar [[r.Shadow.CSM.MaxCascades:10]]
[2025.05.24-09.35.53:245][  0]LogConfig: Setting CVar [[r.Shadow.MaxResolution:2048]]
[2025.05.24-09.35.53:245][  0]LogConfig: Setting CVar [[r.Shadow.MaxCSMResolution:2048]]
[2025.05.24-09.35.53:245][  0]LogConfig: Setting CVar [[r.Shadow.RadiusThreshold:0.01]]
[2025.05.24-09.35.53:245][  0]LogConfig: Setting CVar [[r.Shadow.DistanceScale:1.0]]
[2025.05.24-09.35.53:245][  0]LogConfig: Setting CVar [[r.Shadow.CSM.TransitionScale:1.0]]
[2025.05.24-09.35.53:245][  0]LogConfig: Setting CVar [[r.Shadow.PreShadowResolutionFactor:1.0]]
[2025.05.24-09.35.53:245][  0]LogConfig: Setting CVar [[r.DistanceFieldShadowing:1]]
[2025.05.24-09.35.53:245][  0]LogConfig: Setting CVar [[r.DistanceFieldAO:1]]
[2025.05.24-09.35.53:245][  0]LogConfig: Setting CVar [[r.AOQuality:2]]
[2025.05.24-09.35.53:245][  0]LogConfig: Setting CVar [[r.VolumetricFog:1]]
[2025.05.24-09.35.53:245][  0]LogConfig: Setting CVar [[r.VolumetricFog.GridPixelSize:8]]
[2025.05.24-09.35.53:245][  0]LogConfig: Setting CVar [[r.VolumetricFog.GridSizeZ:128]]
[2025.05.24-09.35.53:245][  0]LogConfig: Setting CVar [[r.VolumetricFog.HistoryMissSupersampleCount:4]]
[2025.05.24-09.35.53:245][  0]LogConfig: Setting CVar [[r.LightMaxDrawDistanceScale:1]]
[2025.05.24-09.35.53:245][  0]LogConfig: Setting CVar [[r.CapsuleShadows:1]]
[2025.05.24-09.35.53:245][  0]LogConfig: Applying CVar settings from Section [PostProcessQuality@3] File [C:/Users/AlisaDI/Documents/MephiTasks/UnrealProject/Saved/Config/Windows/Scalability.ini]
[2025.05.24-09.35.53:245][  0]LogConfig: Setting CVar [[r.MotionBlurQuality:4]]
[2025.05.24-09.35.53:245][  0]LogConfig: Setting CVar [[r.AmbientOcclusionMipLevelFactor:0.4]]
[2025.05.24-09.35.53:245][  0]LogConfig: Setting CVar [[r.AmbientOcclusionMaxQuality:100]]
[2025.05.24-09.35.53:245][  0]LogConfig: Setting CVar [[r.AmbientOcclusionLevels:-1]]
[2025.05.24-09.35.53:245][  0]LogConfig: Setting CVar [[r.AmbientOcclusionRadiusScale:1.0]]
[2025.05.24-09.35.53:245][  0]LogConfig: Setting CVar [[r.DepthOfFieldQuality:2]]
[2025.05.24-09.35.53:245][  0]LogConfig: Setting CVar [[r.RenderTargetPoolMin:400]]
[2025.05.24-09.35.53:245][  0]LogConfig: Setting CVar [[r.LensFlareQuality:2]]
[2025.05.24-09.35.53:245][  0]LogConfig: Setting CVar [[r.SceneColorFringeQuality:1]]
[2025.05.24-09.35.53:245][  0]LogConfig: Setting CVar [[r.EyeAdaptationQuality:2]]
[2025.05.24-09.35.53:245][  0]LogConfig: Setting CVar [[r.BloomQuality:5]]
[2025.05.24-09.35.53:245][  0]LogConfig: Setting CVar [[r.FastBlurThreshold:100]]
[2025.05.24-09.35.53:245][  0]LogConfig: Setting CVar [[r.Upscale.Quality:3]]
[2025.05.24-09.35.53:245][  0]LogConfig: Setting CVar [[r.Tonemapper.GrainQuantization:1]]
[2025.05.24-09.35.53:245][  0]LogConfig: Setting CVar [[r.LightShaftQuality:1]]
[2025.05.24-09.35.53:245][  0]LogConfig: Setting CVar [[r.Filter.SizeScale:1]]
[2025.05.24-09.35.53:245][  0]LogConfig: Setting CVar [[r.Tonemapper.Quality:5]]
[2025.05.24-09.35.53:245][  0]LogConfig: Setting CVar [[r.DOF.Gather.AccumulatorQuality:1        ; higher gathering accumulator quality]]
[2025.05.24-09.35.53:245][  0]LogConfig: Setting CVar [[r.DOF.Gather.PostfilterMethod:1          ; Median3x3 postfilering method]]
[2025.05.24-09.35.53:245][  0]LogConfig: Setting CVar [[r.DOF.Gather.EnableBokehSettings:0       ; no bokeh simulation when gathering]]
[2025.05.24-09.35.53:246][  0]LogConfig: Setting CVar [[r.DOF.Gather.RingCount:4                 ; medium number of samples when gathering]]
[2025.05.24-09.35.53:246][  0]LogConfig: Setting CVar [[r.DOF.Scatter.ForegroundCompositing:1    ; additive foreground scattering]]
[2025.05.24-09.35.53:246][  0]LogConfig: Setting CVar [[r.DOF.Scatter.BackgroundCompositing:2    ; additive background scattering]]
[2025.05.24-09.35.53:246][  0]LogConfig: Setting CVar [[r.DOF.Scatter.EnableBokehSettings:1      ; bokeh simulation when scattering]]
[2025.05.24-09.35.53:246][  0]LogConfig: Setting CVar [[r.DOF.Scatter.MaxSpriteRatio:0.1         ; only a maximum of 10% of scattered bokeh]]
[2025.05.24-09.35.53:246][  0]LogConfig: Setting CVar [[r.DOF.Recombine.Quality:1                ; cheap slight out of focus]]
[2025.05.24-09.35.53:246][  0]LogConfig: Setting CVar [[r.DOF.Recombine.EnableBokehSettings:0    ; no bokeh simulation on slight out of focus]]
[2025.05.24-09.35.53:246][  0]LogConfig: Setting CVar [[r.DOF.TemporalAAQuality:1                ; more stable temporal accumulation]]
[2025.05.24-09.35.53:246][  0]LogConfig: Setting CVar [[r.DOF.Kernel.MaxForegroundRadius:0.025]]
[2025.05.24-09.35.53:246][  0]LogConfig: Setting CVar [[r.DOF.Kernel.MaxBackgroundRadius:0.025]]
[2025.05.24-09.35.53:246][  0]LogConfig: Applying CVar settings from Section [TextureQuality@3] File [C:/Users/AlisaDI/Documents/MephiTasks/UnrealProject/Saved/Config/Windows/Scalability.ini]
[2025.05.24-09.35.53:246][  0]LogConfig: Setting CVar [[r.Streaming.MipBias:0]]
[2025.05.24-09.35.53:246][  0]LogConfig: Setting CVar [[r.Streaming.AmortizeCPUToGPUCopy:0]]
[2025.05.24-09.35.53:246][  0]LogConfig: Setting CVar [[r.Streaming.MaxNumTexturesToStreamPerFrame:0]]
[2025.05.24-09.35.53:246][  0]LogConfig: Setting CVar [[r.Streaming.Boost:1]]
[2025.05.24-09.35.53:246][  0]LogConfig: Setting CVar [[r.MaxAnisotropy:8]]
[2025.05.24-09.35.53:246][  0]LogConfig: Setting CVar [[r.VT.MaxAnisotropy:8]]
[2025.05.24-09.35.53:246][  0]LogConfig: Setting CVar [[r.Streaming.LimitPoolSizeToVRAM:0]]
[2025.05.24-09.35.53:246][  0]LogConfig: Setting CVar [[r.Streaming.PoolSize:1000]]
[2025.05.24-09.35.53:246][  0]LogConfig: Setting CVar [[r.Streaming.MaxEffectiveScreenSize:0]]
[2025.05.24-09.35.53:246][  0]LogConfig: Applying CVar settings from Section [EffectsQuality@3] File [C:/Users/AlisaDI/Documents/MephiTasks/UnrealProject/Saved/Config/Windows/Scalability.ini]
[2025.05.24-09.35.53:246][  0]LogConfig: Setting CVar [[r.TranslucencyLightingVolumeDim:64]]
[2025.05.24-09.35.53:246][  0]LogConfig: Setting CVar [[r.RefractionQuality:2]]
[2025.05.24-09.35.53:246][  0]LogConfig: Setting CVar [[r.SSR.Quality:3]]
[2025.05.24-09.35.53:246][  0]LogConfig: Setting CVar [[r.SSR.HalfResSceneColor:0]]
[2025.05.24-09.35.53:246][  0]LogConfig: Setting CVar [[r.SceneColorFormat:4]]
[2025.05.24-09.35.53:246][  0]LogConfig: Setting CVar [[r.DetailMode:2]]
[2025.05.24-09.35.53:246][  0]LogConfig: Setting CVar [[r.TranslucencyVolumeBlur:1]]
[2025.05.24-09.35.53:246][  0]LogConfig: Setting CVar [[r.MaterialQualityLevel:1 ; High quality]]
[2025.05.24-09.35.53:246][  0]LogConfig: Setting CVar [[r.AnisotropicMaterials:1]]
[2025.05.24-09.35.53:246][  0]LogConfig: Setting CVar [[r.SSS.Scale:1]]
[2025.05.24-09.35.53:246][  0]LogConfig: Setting CVar [[r.SSS.SampleSet:2]]
[2025.05.24-09.35.53:246][  0]LogConfig: Setting CVar [[r.SSS.Quality:1]]
[2025.05.24-09.35.53:246][  0]LogConfig: Setting CVar [[r.SSS.HalfRes:0]]
[2025.05.24-09.35.53:246][  0]LogConfig: Setting CVar [[r.SSGI.Quality:3]]
[2025.05.24-09.35.53:246][  0]LogConfig: Setting CVar [[r.EmitterSpawnRateScale:1.0]]
[2025.05.24-09.35.53:246][  0]LogConfig: Setting CVar [[r.ParticleLightQuality:2]]
[2025.05.24-09.35.53:246][  0]LogConfig: Setting CVar [[r.SkyAtmosphere.AerialPerspectiveLUT.FastApplyOnOpaque:1 ; Always have FastSkyLUT 1 in this case to avoid wrong sky]]
[2025.05.24-09.35.53:246][  0]LogConfig: Setting CVar [[r.SkyAtmosphere.AerialPerspectiveLUT.SampleCountMaxPerSlice:4]]
[2025.05.24-09.35.53:246][  0]LogConfig: Setting CVar [[r.SkyAtmosphere.AerialPerspectiveLUT.DepthResolution:16.0]]
[2025.05.24-09.35.53:246][  0]LogConfig: Setting CVar [[r.SkyAtmosphere.FastSkyLUT:1]]
[2025.05.24-09.35.53:246][  0]LogConfig: Setting CVar [[r.SkyAtmosphere.FastSkyLUT.SampleCountMin:4.0]]
[2025.05.24-09.35.53:246][  0]LogConfig: Setting CVar [[r.SkyAtmosphere.FastSkyLUT.SampleCountMax:128.0]]
[2025.05.24-09.35.53:246][  0]LogConfig: Setting CVar [[r.SkyAtmosphere.SampleCountMin:4.0]]
[2025.05.24-09.35.53:246][  0]LogConfig: Setting CVar [[r.SkyAtmosphere.SampleCountMax:128.0]]
[2025.05.24-09.35.53:246][  0]LogConfig: Setting CVar [[r.SkyAtmosphere.TransmittanceLUT.UseSmallFormat:0]]
[2025.05.24-09.35.53:246][  0]LogConfig: Setting CVar [[r.SkyAtmosphere.TransmittanceLUT.SampleCount:10.0]]
[2025.05.24-09.35.53:246][  0]LogConfig: Setting CVar [[r.SkyAtmosphere.MultiScatteringLUT.SampleCount:15.0]]
[2025.05.24-09.35.53:246][  0]LogConfig: Setting CVar [[r.SkyLight.RealTimeReflectionCapture:1]]
[2025.05.24-09.35.53:246][  0]LogConfig: Applying CVar settings from Section [FoliageQuality@3] File [C:/Users/AlisaDI/Documents/MephiTasks/UnrealProject/Saved/Config/Windows/Scalability.ini]
[2025.05.24-09.35.53:246][  0]LogConfig: Setting CVar [[foliage.DensityScale:1.0]]
[2025.05.24-09.35.53:246][  0]LogConfig: Setting CVar [[grass.DensityScale:1.0]]
[2025.05.24-09.35.53:246][  0]LogConfig: Applying CVar settings from Section [ShadingQuality@3] File [C:/Users/AlisaDI/Documents/MephiTasks/UnrealProject/Saved/Config/Windows/Scalability.ini]
[2025.05.24-09.35.53:246][  0]LogConfig: Setting CVar [[r.HairStrands.SkyLighting.IntegrationType:2]]
[2025.05.24-09.35.53:246][  0]LogConfig: Setting CVar [[r.HairStrands.SkyAO.SampleCount:4]]
[2025.05.24-09.35.53:246][  0]LogConfig: Setting CVar [[r.HairStrands.Visibility.MSAA.SamplePerPixel:4]]
[2025.05.24-09.35.53:246][  0]LogConfig: Applying CVar settings from Section [Startup] File [../../../Engine/Config/ConsoleVariables.ini]
[2025.05.24-09.35.53:246][  0]LogConfig: Setting CVar [[net.UseAdaptiveNetUpdateFrequency:0]]
[2025.05.24-09.35.53:246][  0]LogConfig: Setting CVar [[p.chaos.AllowCreatePhysxBodies:1]]
[2025.05.24-09.35.53:246][  0]LogConfig: Setting CVar [[fx.SkipVectorVMBackendOptimizations:1]]
[2025.05.24-09.35.53:246][  0]LogConfig: Applying CVar settings from Section [ConsoleVariables] File [C:/Users/AlisaDI/Documents/MephiTasks/UnrealProject/Saved/Config/Windows/Engine.ini]
[2025.05.24-09.35.53:246][  0]LogConfig: Applying CVar settings from Section [ConsoleVariables] File [C:/Users/AlisaDI/Documents/MephiTasks/UnrealProject/Saved/Config/Windows/Editor.ini]
[2025.05.24-09.35.53:247][  0]LogInit: Computer: DESKTOP-N5SQRU4
[2025.05.24-09.35.53:247][  0]LogInit: User: AlisaDI
[2025.05.24-09.35.53:247][  0]LogInit: CPU Page size=4096, Cores=8
[2025.05.24-09.35.53:247][  0]LogInit: High frequency timer resolution =10.000000 MHz
[2025.05.24-09.35.53:247][  0]LogMemory: Memory total: Physical=31.7GB (32GB approx)
[2025.05.24-09.35.53:247][  0]LogMemory: Platform Memory Stats for Windows
[2025.05.24-09.35.53:247][  0]LogMemory: Process Physical Memory: 148.22 MB used, 148.22 MB peak
[2025.05.24-09.35.53:247][  0]LogMemory: Process Virtual Memory: 131.84 MB used, 131.84 MB peak
[2025.05.24-09.35.53:247][  0]LogMemory: Physical Memory: 12833.53 MB used,  19635.98 MB free, 32469.50 MB total
[2025.05.24-09.35.53:247][  0]LogMemory: Virtual Memory: 134207344.00 MB used,  10382.04 MB free, 134217728.00 MB total
[2025.05.24-09.35.53:251][  0]LogWindows: WindowsPlatformFeatures enabled
[2025.05.24-09.35.53:284][  0]LogInit: Physics initialised using underlying interface: PhysX
[2025.05.24-09.35.53:284][  0]LogInit: Using OS detected language (ru-RU).
[2025.05.24-09.35.53:284][  0]LogInit: Using OS detected locale (ru-RU).
[2025.05.24-09.35.53:286][  0]LogTextLocalizationManager: No specific localization for 'ru-RU' exists, so the 'ru' localization will be used.
[2025.05.24-09.35.53:286][  0]LogTextLocalizationResource: LocRes '../../../Engine/Content/Localization/Editor/ru/Editor.locres' could not be opened for reading!
[2025.05.24-09.35.53:286][  0]LogTextLocalizationResource: LocRes '../../../Engine/Content/Localization/EditorTutorials/ru/EditorTutorials.locres' could not be opened for reading!
[2025.05.24-09.35.53:286][  0]LogTextLocalizationResource: LocRes '../../../Engine/Content/Localization/Keywords/ru/Keywords.locres' could not be opened for reading!
[2025.05.24-09.35.53:286][  0]LogTextLocalizationResource: LocRes '../../../Engine/Content/Localization/Category/ru/Category.locres' could not be opened for reading!
[2025.05.24-09.35.53:286][  0]LogTextLocalizationResource: LocRes '../../../Engine/Content/Localization/ToolTips/ru/ToolTips.locres' could not be opened for reading!
[2025.05.24-09.35.53:286][  0]LogTextLocalizationResource: LocRes '../../../Engine/Content/Localization/PropertyNames/ru/PropertyNames.locres' could not be opened for reading!
[2025.05.24-09.35.53:287][  0]LogTextLocalizationResource: LocRes '../../../Engine/Content/Localization/Engine/ru/Engine.locres' could not be opened for reading!
[2025.05.24-09.35.53:287][  0]LogInit: Setting process to per monitor DPI aware
[2025.05.24-09.35.53:302][  0]LogWindowsTextInputMethodSystem: Display: IME system deactivated.
[2025.05.24-09.35.53:318][  0]LogSlate: New Slate User Created.  User Index 0, Is Virtual User: 0
[2025.05.24-09.35.53:318][  0]LogSlate: Slate User Registered.  User Index 0, Is Virtual User: 0
[2025.05.24-09.35.53:440][  0]LogD3D11RHI: Loaded GFSDK_Aftermath_Lib.x64.dll
[2025.05.24-09.35.53:453][  0]LogHMD: Failed to enumerate extensions. Please check that you have a valid OpenXR runtime installed.
[2025.05.24-09.35.53:453][  0]LogD3D11RHI: D3D11 min allowed feature level: 11_0
[2025.05.24-09.35.53:453][  0]LogD3D11RHI: D3D11 max allowed feature level: 11_0
[2025.05.24-09.35.53:453][  0]LogD3D11RHI: D3D11 adapters:
[2025.05.24-09.35.53:611][  0]LogD3D11RHI:    0. 'NVIDIA GeForce RTX 3050 Laptop GPU' (Feature Level 11_0)
[2025.05.24-09.35.53:611][  0]LogD3D11RHI:       3964/0/16234 MB DedicatedVideo/DedicatedSystem/SharedSystem, Outputs:1, VendorId:0x10de
[2025.05.24-09.35.53:646][  0]LogD3D11RHI:    1. 'Intel(R) UHD Graphics' (Feature Level 11_0)
[2025.05.24-09.35.53:646][  0]LogD3D11RHI:       128/0/16234 MB DedicatedVideo/DedicatedSystem/SharedSystem, Outputs:0, VendorId:0x8086
[2025.05.24-09.35.53:648][  0]LogD3D11RHI:    2. 'Microsoft Basic Render Driver' (Feature Level 11_0)
[2025.05.24-09.35.53:648][  0]LogD3D11RHI:       0/0/16234 MB DedicatedVideo/DedicatedSystem/SharedSystem, Outputs:0, VendorId:0x1414
[2025.05.24-09.35.53:648][  0]LogD3D11RHI: Chosen D3D11 Adapter:
[2025.05.24-09.35.53:648][  0]LogD3D11RHI:     Description : NVIDIA GeForce RTX 3050 Laptop GPU
[2025.05.24-09.35.53:648][  0]LogD3D11RHI:     VendorId    : 10de
[2025.05.24-09.35.53:648][  0]LogD3D11RHI:     DeviceId    : 25a2
[2025.05.24-09.35.53:648][  0]LogD3D11RHI:     SubSysId    : 12eb1462
[2025.05.24-09.35.53:649][  0]LogD3D11RHI:     Revision    : 00a1
[2025.05.24-09.35.53:649][  0]LogD3D11RHI:     DedicatedVideoMemory : 4156555264 bytes
[2025.05.24-09.35.53:649][  0]LogD3D11RHI:     DedicatedSystemMemory : 0 bytes
[2025.05.24-09.35.53:649][  0]LogD3D11RHI:     SharedSystemMemory : 17023371264 bytes
[2025.05.24-09.35.53:649][  0]LogD3D11RHI:     AdapterLuid : 0 71625
[2025.05.24-09.35.53:655][  0]LogD3D11RHI: Creating new Direct3DDevice
[2025.05.24-09.35.53:655][  0]LogD3D11RHI:     GPU DeviceId: 0x25a2 (for the marketing name, search the web for "GPU Device Id")
[2025.05.24-09.35.53:655][  0]LogWindows: EnumDisplayDevices:
[2025.05.24-09.35.53:655][  0]LogWindows:    0. 'Intel(R) UHD Graphics' (P:1 D:1)
[2025.05.24-09.35.53:655][  0]LogWindows:    1. 'Intel(R) UHD Graphics' (P:0 D:0)
[2025.05.24-09.35.53:655][  0]LogWindows:    2. 'Intel(R) UHD Graphics' (P:0 D:0)
[2025.05.24-09.35.53:656][  0]LogWindows:    3. 'Intel(R) UHD Graphics' (P:0 D:0)
[2025.05.24-09.35.53:656][  0]LogWindows: DebugString: PrimaryIsNotTheChoosenAdapter PrimaryIsNotTheChoosenAdapter PrimaryIsNotTheChoosenAdapter PrimaryIsNotTheChoosenAdapter FoundDriverCount:0 
[2025.05.24-09.35.53:656][  0]LogD3D11RHI:     Adapter Name: NVIDIA GeForce RTX 3050 Laptop GPU
[2025.05.24-09.35.53:656][  0]LogD3D11RHI:   Driver Version: Unknown (internal:Unknown, unified:Unknown)
[2025.05.24-09.35.53:656][  0]LogD3D11RHI:      Driver Date: Unknown
[2025.05.24-09.35.53:656][  0]LogRHI: Texture pool is 2774 MB (70% of 3964 MB)
[2025.05.24-09.35.53:656][  0]LogD3D11RHI: Creating D3DDevice using adapter:
[2025.05.24-09.35.53:656][  0]LogD3D11RHI:     Description : NVIDIA GeForce RTX 3050 Laptop GPU
[2025.05.24-09.35.53:656][  0]LogD3D11RHI:     VendorId    : 10de
[2025.05.24-09.35.53:656][  0]LogD3D11RHI:     DeviceId    : 25a2
[2025.05.24-09.35.53:656][  0]LogD3D11RHI:     SubSysId    : 12eb1462
[2025.05.24-09.35.53:656][  0]LogD3D11RHI:     Revision    : 00a1
[2025.05.24-09.35.53:656][  0]LogD3D11RHI:     DedicatedVideoMemory : 4156555264 bytes
[2025.05.24-09.35.53:656][  0]LogD3D11RHI:     DedicatedSystemMemory : 0 bytes
[2025.05.24-09.35.53:656][  0]LogD3D11RHI:     SharedSystemMemory : 17023371264 bytes
[2025.05.24-09.35.53:656][  0]LogD3D11RHI:     AdapterLuid : 0 71625
[2025.05.24-09.35.53:767][  0]LogD3D11RHI: RHI has support for 64 bit atomics
[2025.05.24-09.35.53:767][  0]LogD3D11RHI: Async texture creation enabled
[2025.05.24-09.35.53:767][  0]LogD3D11RHI: Array index from any shader is supported
[2025.05.24-09.35.53:785][  0]LogD3D11RHI: GPU Timing Frequency: 1000.000000 (Debug: 2 2)
[2025.05.24-09.35.53:815][  0]LogRHI: GeForceNow SDK initialized: 1
[2025.05.24-09.35.56:148][  0]LogTargetPlatformManager: Display: Loaded TargetPlatform 'AllDesktop'
[2025.05.24-09.35.56:166][  0]LogTargetPlatformManager: Display: Loaded TargetPlatform 'Android'
[2025.05.24-09.35.56:166][  0]LogTargetPlatformManager: Display: Loaded TargetPlatform 'Android_ASTC'
[2025.05.24-09.35.56:166][  0]LogTargetPlatformManager: Display: Loaded TargetPlatform 'Android_DXT'
[2025.05.24-09.35.56:166][  0]LogTargetPlatformManager: Display: Loaded TargetPlatform 'Android_ETC2'
[2025.05.24-09.35.56:166][  0]LogTargetPlatformManager: Display: Loaded TargetPlatform 'AndroidClient'
[2025.05.24-09.35.56:166][  0]LogTargetPlatformManager: Display: Loaded TargetPlatform 'Android_ASTCClient'
[2025.05.24-09.35.56:166][  0]LogTargetPlatformManager: Display: Loaded TargetPlatform 'Android_DXTClient'
[2025.05.24-09.35.56:166][  0]LogTargetPlatformManager: Display: Loaded TargetPlatform 'Android_ETC2Client'
[2025.05.24-09.35.56:166][  0]LogTargetPlatformManager: Display: Loaded TargetPlatform 'Android_Multi'
[2025.05.24-09.35.56:166][  0]LogTargetPlatformManager: Display: Loaded TargetPlatform 'Android_MultiClient'
[2025.05.24-09.35.56:181][  0]LogTargetPlatformManager: Display: Loaded TargetPlatform 'IOSClient'
[2025.05.24-09.35.56:181][  0]LogTargetPlatformManager: Display: Loaded TargetPlatform 'IOS'
[2025.05.24-09.35.56:190][  0]LogTargetPlatformManager: Display: Loaded TargetPlatform 'Linux'
[2025.05.24-09.35.56:193][  0]LogTargetPlatformManager: Display: Loaded TargetPlatform 'LinuxNoEditor'
[2025.05.24-09.35.56:197][  0]LogTargetPlatformManager: Display: Loaded TargetPlatform 'LinuxClient'
[2025.05.24-09.35.56:201][  0]LogTargetPlatformManager: Display: Loaded TargetPlatform 'LinuxServer'
[2025.05.24-09.35.56:211][  0]LogTargetPlatformManager: Display: Loaded TargetPlatform 'LinuxAArch64NoEditor'
[2025.05.24-09.35.56:215][  0]LogTargetPlatformManager: Display: Loaded TargetPlatform 'LinuxAArch64Client'
[2025.05.24-09.35.56:219][  0]LogTargetPlatformManager: Display: Loaded TargetPlatform 'LinuxAArch64Server'
[2025.05.24-09.35.56:241][  0]LogTargetPlatformManager: Display: Loaded TargetPlatform 'Lumin'
[2025.05.24-09.35.56:241][  0]LogTargetPlatformManager: Display: Loaded TargetPlatform 'LuminClient'
[2025.05.24-09.35.56:248][  0]LogTargetPlatformManager: Display: Loaded TargetPlatform 'MacNoEditor'
[2025.05.24-09.35.56:251][  0]LogTargetPlatformManager: Display: Loaded TargetPlatform 'Mac'
[2025.05.24-09.35.56:254][  0]LogTargetPlatformManager: Display: Loaded TargetPlatform 'MacClient'
[2025.05.24-09.35.56:258][  0]LogTargetPlatformManager: Display: Loaded TargetPlatform 'MacServer'
[2025.05.24-09.35.56:266][  0]LogTargetPlatformManager: Display: Loaded TargetPlatform 'TVOSClient'
[2025.05.24-09.35.56:266][  0]LogTargetPlatformManager: Display: Loaded TargetPlatform 'TVOS'
[2025.05.24-09.35.56:273][  0]LogTargetPlatformManager: Display: Loaded TargetPlatform 'WindowsNoEditor'
[2025.05.24-09.35.56:277][  0]LogTargetPlatformManager: Display: Loaded TargetPlatform 'Windows'
[2025.05.24-09.35.56:280][  0]LogTargetPlatformManager: Display: Loaded TargetPlatform 'WindowsClient'
[2025.05.24-09.35.56:283][  0]LogTargetPlatformManager: Display: Loaded TargetPlatform 'WindowsServer'
[2025.05.24-09.35.56:283][  0]LogTargetPlatformManager: Display: Building Assets For Windows
[2025.05.24-09.35.56:289][  0]LogAudioDebug: Display: Lib vorbis DLL was dynamically loaded.
[2025.05.24-09.35.56:313][  0]LogTextureFormatOodle: Display: Oodle Texture 2.9.0 init RDO Off
[2025.05.24-09.35.56:337][  0]LogRendererCore: Ray tracing is disabled. Reason: r.RayTracing=0.
[2025.05.24-09.35.56:337][  0]LogShaderCompilers: Guid format shader working directory is -19 characters bigger than the processId version (../../../../../../Users/AlisaDI/Documents/MephiTasks/UnrealProject/Intermediate/Shaders/WorkingDirectory/15204/).
[2025.05.24-09.35.56:337][  0]LogShaderCompilers: Cleaned the shader compiler working directory 'C:/Users/AlisaDI/AppData/Local/Temp/UnrealShaderWorkingDir/F27EBE1F4EA7C3707B8D72AB6F2BEAE1/'.
[2025.05.24-09.35.56:337][  0]LogXGEController: Cannot use XGE Controller as Incredibuild is not installed on this machine.
[2025.05.24-09.35.56:337][  0]LogShaderCompilers: Cannot use XGE Shader Compiler as Incredibuild is not installed on this machine.
[2025.05.24-09.35.56:337][  0]LogShaderCompilers: Display: Using Local Shader Compiler.
[2025.05.24-09.35.57:020][  0]LogDerivedDataCache: Display: Max Cache Size: 512 MB
[2025.05.24-09.35.57:079][  0]LogDerivedDataCache: Loaded boot cache 0.06s 122MB C:/Users/AlisaDI/AppData/Local/UnrealEngine/4.27/DerivedDataCache/Boot.ddc.
[2025.05.24-09.35.57:079][  0]LogDerivedDataCache: Display: Loaded Boot cache: C:/Users/AlisaDI/AppData/Local/UnrealEngine/4.27/DerivedDataCache/Boot.ddc
[2025.05.24-09.35.57:079][  0]LogDerivedDataCache: FDerivedDataBackendGraph:  Pak pak cache file ../../../../../../Users/AlisaDI/Documents/MephiTasks/UnrealProject/DerivedDataCache/DDC.ddp not found, will not use a pak cache.
[2025.05.24-09.35.57:079][  0]LogDerivedDataCache: Unable to find inner node Pak for hierarchical cache Hierarchy.
[2025.05.24-09.35.57:079][  0]LogDerivedDataCache: FDerivedDataBackendGraph:  CompressedPak pak cache file ../../../../../../Users/AlisaDI/Documents/MephiTasks/UnrealProject/DerivedDataCache/Compressed.ddp not found, will not use a pak cache.
[2025.05.24-09.35.57:079][  0]LogDerivedDataCache: Unable to find inner node CompressedPak for hierarchical cache Hierarchy.
[2025.05.24-09.35.57:094][  0]LogDerivedDataCache: Display: Pak cache opened for reading ../../../Engine/DerivedDataCache/Compressed.ddp.
[2025.05.24-09.35.57:094][  0]LogDerivedDataCache: FDerivedDataBackendGraph:  EnterprisePak pak cache file ../../../Enterprise/DerivedDataCache/Compressed.ddp not found, will not use a pak cache.
[2025.05.24-09.35.57:094][  0]LogDerivedDataCache: Unable to find inner node EnterprisePak for hierarchical cache Hierarchy.
[2025.05.24-09.35.57:101][  0]LogDerivedDataCache: Speed tests for C:/Users/AlisaDI/AppData/Local/UnrealEngine/Common/DerivedDataCache took 0.01 seconds
[2025.05.24-09.35.57:101][  0]LogDerivedDataCache: Display: Performance to C:/Users/AlisaDI/AppData/Local/UnrealEngine/Common/DerivedDataCache: Latency=0.02ms. RandomReadSpeed=1529.85MBs, RandomWriteSpeed=150.35MBs. Assigned SpeedClass 'Local'
[2025.05.24-09.35.57:103][  0]LogDerivedDataCache: Using Local data cache path C:/Users/AlisaDI/AppData/Local/UnrealEngine/Common/DerivedDataCache: Writable
[2025.05.24-09.35.57:103][  0]LogDerivedDataCache: Shared data cache path not found in *engine.ini, will not use an Shared cache.
[2025.05.24-09.35.57:103][  0]LogDerivedDataCache: Unable to find inner node Shared for hierarchical cache Hierarchy.
[2025.05.24-09.35.57:162][  0]LogSlate: Using FreeType 2.10.0
[2025.05.24-09.35.57:162][  0]LogSlate: SlateFontServices - WITH_FREETYPE: 1, WITH_HARFBUZZ: 1
[2025.05.24-09.35.57:163][  0]LogHMD: Failed to enumerate extensions. Please check that you have a valid OpenXR runtime installed.
[2025.05.24-09.35.57:191][  0]LogAssetRegistry: FAssetRegistry took 0.0027 seconds to start up
[2025.05.24-09.35.57:424][  0]LogInit: Selected Device Profile: [Windows]
[2025.05.24-09.35.57:424][  0]LogInit: Active device profile: [000002B1464ADE00][000002B146EA53C0 49] Windows
[2025.05.24-09.35.57:424][  0]LogInit: Profiles: [000002B1464ADE00][000002B146EA53C0 49] Windows, [000002B146463800][000002B146EB5540 49] WindowsNoEditor, [000002B1464ADC00][000002B146EB96C0 49] WindowsServer, [000002B146460300][000002B146EC1840 49] WindowsClient, [000002B1464AC400][000002B146EC59C0 49] IOS, [000002B146463F00][000002B146EC9B40 49] iPadAir, [000002B1464AD400][000002B146ECC140 49] iPadAir2, [000002B14635D500][000002B146ED8400 49] IPadPro, [000002B14635D600][000002B146ED0440 49] iPadAir3, [000002B1464AF800][000002B1436B65C0 49] iPadAir4, [000002B14635F000][000002B144708740 49] iPadMini2, [000002B1464ACC00][000002B1447188C0 49] iPadMini3, [000002B14635DE00][000002B14471CA40 49] iPadMini4, [000002B1464AE800][000002B144720BC0 49] iPadMini5, [000002B14636CE00][000002B144728E80 49] iPhone6, [000002B14636CF00][000002B144724EC0 49] iPodTouch6, [000002B146463400][000002B14472D100 49] iPhone7, [000002B146463D00][000002B146EA9140 49] iPodTouch7, [000002B14636C200][000002B144731280 49] iPhone5S, [000002B14635FF00][000002B1447353C0 49] iPhone6Plus, [000002B14636EE00][000002B146FC7540 49] iPhone6S, [000002B14635D200][000002B146FCB6C0 49] iPhone6SPlus, [000002B146461600][000002B14251F840 49] iPhone7Plus, [000002B14635E500][000002B1419819C0 49] iPhoneSE, [000002B146462700][000002B14198DB40 49] iPhone8, [000002B14635C600][000002B142522140 49] iPhone8Plus, [000002B146460E00][000002B14252A2C0 49] iPhoneX, [000002B14635CD00][000002B14252E440 49] iPhoneXS, [000002B146463B00][000002B1417DA5C0 49] iPhoneXSMax, [000002B14635CF00][000002B142536740 49] iPhoneXR, [000002B146462E00][000002B146C908C0 49] iPhone11, [000002B14635F900][000002B146CCCA40 49] iPhone11Pro, [000002B146460200][000002B146DF6BC0 49] iPhone11ProMax, [000002B14635F800][000002B146E18D40 49] iPhoneSE2, [000002B146462200][000002B146E1CEC0 49] iPhone12Mini, [000002B14635C300][000002B146E25040 49] iPhone12, [000002B146463300][000002B144739180 49] iPhone12Pro, [000002B14635C200][000002B146E292C0 49] iPhone12ProMax, [000002B146461F00][000002B146E2D400 49] iPadPro105, [000002B14635DF00][000002B146E31540 49] iPadPro129, [000002B146460800][000002B146E396C0 49] iPadPro97, [000002B14635C900][000002B146E3D840 49] iPadPro2_129, [000002B146462B00][000002B146E419C0 49] iPad5, [000002B14635FC00][000002B1418F5B40 49] iPad6, [000002B146460500][000002B1418F8140 49] iPad7, [000002B14635D100][000002B1418FC2C0 49] iPad8, [000002B146462100][000002B141900440 49] iPadPro11, [000002B14635C500][000002B1419045C0 49] iPadPro2_11, [000002B146461400][000002B141908740 49] iPadPro3_129, [000002B14635E800][000002B14190C8C0 49] iPadPro4_129, [000002B146461B00][000002B141910A40 49] AppleTV, [000002B14635F600][000002B141914BC0 49] AppleTV4K, [000002B146463A00][000002B146E80D40 49] TVOS, [000002B14635E600][000002B146E84EC0 49] Mac, [000002B146461800][000002B146E89040 49] MacClient, [000002B14635FE00][000002B146E8D1C0 49] MacNoEditor, [000002B146460100][000002B146E91340 49] MacServer, [000002B14635C800][000002B146E35480 49] Linux, [000002B146460C00][000002B146E955C0 49] LinuxAArch64, [000002B14635EB00][000002B146E99700 49] LinuxNoEditor, [000002B146460F00][000002B146EA1880 49] LinuxAArch64NoEditor, [000002B14635DA00][000002B141919A00 49] LinuxClient, [000002B146460B00][000002B141921B80 49] LinuxAArch64Client, [000002B14635EF00][000002B1424FE180 49] LinuxServer, [000002B146461000][000002B142502300 49] LinuxAArch64Server, [000002B14635DD00][000002B142506480 49] Android, [000002B146463200][000002B14250A600 49] Android_Low, [000002B14635C700][000002B14250E780 49] Android_Mid, [000002B146463500][000002B142512900 49] Android_High, [000002B14635E200][000002B146EDCA80 49] Android_Default, [000002B1464AE600][000002B14191CC00 49] Android_Adreno4xx, [000002B14636FB00][000002B142516D80 49] Android_Adreno5xx_Low, [000002B1464AC800][000002B14251AF00 49] Android_Adreno5xx, [000002B14636F400][000002B141931080 49] Android_Adreno6xx, [000002B1464AE900][000002B141935200 49] Android_Adreno6xx_Vulkan, [000002B14636CC00][000002B142527380 49] Android_Mali_T6xx, [000002B1464AF100][000002B141989500 49] Android_Mali_T7xx, [000002B14636F500][000002B146E9D640 49] Android_Mali_T8xx, [000002B1464AD100][000002B141985780 49] Android_Mali_G71, [000002B14636C100][000002B1472FD8C0 49] Android_Mali_G72, [000002B1464AC700][000002B146ED5A40 49] Android_Mali_G72_Vulkan, [000002B14636CD00][000002B146E21BC0 49] Android_Mali_G76, [000002B1464AFA00][000002B1419381C0 49] Android_Mali_G76_Vulkan, [000002B14636F900][000002B14193C340 49] Android_Mali_G77, [000002B1464AF000][000002B1419404C0 49] Android_Mali_G77_Vulkan, [000002B14636EC00][000002B146BAC640 49] Android_Mali_G78, [000002B1464AEC00][000002B146BB07C0 49] Android_Mali_G78_Vulkan, [000002B14636E300][000002B146BB4940 49] Android_Mali_G710, [000002B1464AE000][000002B146BB8AC0 49] Android_Mali_G710_Vulkan, [000002B14636CA00][000002B146BBCC40 49] Android_Vulkan_SM5, [000002B1464AF500][000002B146BC0DC0 49] Android_PowerVR_G6xxx, [000002B14636D200][000002B146BC4F40 49] Android_PowerVR_GT7xxx, [000002B1464AC200][000002B146BC90C0 49] Android_PowerVR_GE8xxx, [000002B14636CB00][000002B146BCD240 49] Android_PowerVR_GM9xxx, [000002B1464AE300][000002B146BD13C0 49] Android_PowerVR_GM9xxx_Vulkan, [000002B14635EE00][000002B146BD5540 49] Android_TegraK1, [000002B1464AD500][000002B146BD96C0 49] Android_Unknown_Vulkan, [000002B14635EA00][000002B1472F9800 49] Lumin, [000002B1464AD200][000002B146BDD940 49] Lumin_Desktop, [000002B14635D900][000002B146BE1A80 49] HoloLens, 
[2025.05.24-09.35.57:531][  0]LogMeshReduction: Using QuadricMeshReduction for automatic static mesh reduction
[2025.05.24-09.35.57:531][  0]LogMeshReduction: Using SimplygonMeshReduction for automatic skeletal mesh reduction
[2025.05.24-09.35.57:531][  0]LogMeshReduction: Using ProxyLODMeshReduction for automatic mesh merging
[2025.05.24-09.35.57:531][  0]LogMeshReduction: No distributed automatic mesh merging module available
[2025.05.24-09.35.57:531][  0]LogMeshMerging: No distributed automatic mesh merging module available
[2025.05.24-09.35.57:545][  0]LogNetVersion: MyProject 1.0.0, NetCL: 17155196, EngineNetVer: 17, GameNetVer: 0 (Checksum: 3629800737)
[2025.05.24-09.35.57:906][  0]LogTexture: Default maximum texture size for cubemaps generated from long-lat sources has been changed from 512 to unlimited. In order to preserve old behaiour for '/Engine/MapTemplates/Sky/DaylightAmbientCubemap.DaylightAmbientCubemap', its maximum texture size has been explicitly set to 512.
[2025.05.24-09.35.57:968][  0]LogUObjectArray: 17012 objects as part of root set at end of initial load.
[2025.05.24-09.35.57:968][  0]LogUObjectAllocator: 4257360 out of 0 bytes used by permanent object pool.
[2025.05.24-09.35.57:968][  0]LogUObjectArray: CloseDisregardForGC: 0/0 objects in disregard for GC pool
[2025.05.24-09.35.58:157][  0]LogPython: Using Python 3.7.7
[2025.05.24-09.35.58:634][  0]LogNiagaraDebuggerClient: Niagara Debugger Client Initialized | Session: 5C5F987A4EA87D1463318EA50569775A | Instance: 15111C184360A64032268C82B69C3258 (DESKTOP-N5SQRU4-15204).
[2025.05.24-09.35.58:677][  0]LogTcpMessaging: Initializing TcpMessaging bridge
[2025.05.24-09.35.58:681][  0]LogUdpMessaging: Initializing bridge on interface 0.0.0.0:0 to multicast group 230.0.0.1:6666.
[2025.05.24-09.35.58:938][  0]LogOpenImageDenoise: OIDN starting up
[2025.05.24-09.35.58:981][  0]LogAndroidPermission: UAndroidPermissionCallbackProxy::GetInstance
[2025.05.24-09.35.58:997][  0]LogAudioCaptureCore: Display: No Audio Capture implementations found. Audio input will be silent.
[2025.05.24-09.35.58:997][  0]LogAudioCaptureCore: Display: No Audio Capture implementations found. Audio input will be silent.
[2025.05.24-09.35.59:109][  0]SourceControl: Source control is disabled
[2025.05.24-09.35.59:109][  0]SourceControl: Source control is disabled
[2025.05.24-09.35.59:112][  0]SourceControl: Source control is disabled
[2025.05.24-09.35.59:113][  0]SourceControl: Source control is disabled
[2025.05.24-09.35.59:116][  0]SourceControl: Source control is disabled
[2025.05.24-09.35.59:123][  0]LogUProjectInfo: Found projects:
[2025.05.24-09.35.59:129][  0]LogVSAccessor: Display: Unable to create Visual Studio setup instance: 80040154
[2025.05.24-09.35.59:129][  0]LogVSAccessor: Display: Unable to create Visual Studio setup instance: 80040154
[2025.05.24-09.35.59:130][  0]LogVSAccessor: Display: Unable to create Visual Studio setup instance: 80040154
[2025.05.24-09.35.59:136][  0]LogCollectionManager: Loaded 0 collections in 0.001574 seconds
[2025.05.24-09.35.59:188][  0]LogFileCache: Scanning file cache for directory 'C:/Users/AlisaDI/Documents/MephiTasks/UnrealProject/Saved/Collections/' took 0.00s
[2025.05.24-09.35.59:188][  0]LogFileCache: Scanning file cache for directory 'C:/Users/AlisaDI/Documents/MephiTasks/UnrealProject/Content/Developers/AlisaDI/Collections/' took 0.00s
[2025.05.24-09.35.59:188][  0]LogFileCache: Scanning file cache for directory 'C:/Users/AlisaDI/Documents/MephiTasks/UnrealProject/Content/Collections/' took 0.00s
[2025.05.24-09.35.59:188][  0]LogEngine: Initializing Engine...
[2025.05.24-09.35.59:189][  0]LogHMD: Failed to enumerate extensions. Please check that you have a valid OpenXR runtime installed.
[2025.05.24-09.35.59:189][  0]LogMagicLeap: Warning: VR disabled because ZI is not enabled.  To enable, in the editor, Edit -> Project Settings -> Plugins -> Magic Leap Plugin -> Enable Zero Iteration
[2025.05.24-09.35.59:190][  0]LogStats: UGameplayTagsManager::InitializeManager -  0.000 s
[2025.05.24-09.35.59:324][  0]LogInit: Initializing FReadOnlyCVARCache
[2025.05.24-09.35.59:334][  0]LogAIModule: Creating AISystem for world Untitled
[2025.05.24-09.35.59:338][  0]LogAudio: Display: Initializing Audio Device Manager...
[2025.05.24-09.35.59:342][  0]LogAudio: Display: Loading Default Audio Settings Objects...
[2025.05.24-09.35.59:343][  0]LogAudio: Display: No default SoundConcurrencyObject specified (or failed to load).
[2025.05.24-09.35.59:343][  0]LogAudio: Display: Audio Device Manager Initialized
[2025.05.24-09.35.59:343][  0]LogAudio: Display: Creating Audio Device:                 Id: 1, Scope: Shared, Realtime: True
[2025.05.24-09.35.59:343][  0]LogAudioMixer: Display: Audio Mixer Platform Settings:
[2025.05.24-09.35.59:343][  0]LogAudioMixer: Display: 	Sample Rate:						  48000
[2025.05.24-09.35.59:343][  0]LogAudioMixer: Display: 	Callback Buffer Frame Size Requested: 1024
[2025.05.24-09.35.59:343][  0]LogAudioMixer: Display: 	Callback Buffer Frame Size To Use:	  1024
[2025.05.24-09.35.59:343][  0]LogAudioMixer: Display: 	Number of buffers to queue:			  1
[2025.05.24-09.35.59:343][  0]LogAudioMixer: Display: 	Max Channels (voices):				  0
[2025.05.24-09.35.59:343][  0]LogAudioMixer: Display: 	Number of Async Source Workers:		  4
[2025.05.24-09.35.59:343][  0]LogAudio: Display: AudioDevice MaxSources: 32
[2025.05.24-09.35.59:343][  0]LogAudio: Display: Audio Spatialization Plugin: Resonance Audio is external send: 1
[2025.05.24-09.35.59:343][  0]LogAudio: Display: Audio Reverb Plugin: Resonance Audio
[2025.05.24-09.35.59:343][  0]LogAudio: Display: Audio Occlusion Plugin: None (built-in).
[2025.05.24-09.35.59:343][  0]LogAudioMixer: Display: Initializing audio mixer.
[2025.05.24-09.35.59:356][  0]LogAudioMixer: Display: 0: FrontLeft
[2025.05.24-09.35.59:356][  0]LogAudioMixer: Display: 1: FrontRight
[2025.05.24-09.35.59:399][  0]LogAudioMixer: Display: Using Audio Device Динамики (Realtek(R) Audio)
[2025.05.24-09.35.59:403][  0]LogAudioMixer: Display: Initializing Sound Submixes...
[2025.05.24-09.35.59:405][  0]LogAudioMixer: Display: Creating Master Submix 'MasterSubmixDefault'
[2025.05.24-09.35.59:405][  0]LogAudioMixer: Display: Creating Master Submix 'MasterReverbSubmixDefault'
[2025.05.24-09.35.59:406][  0]LogAudioMixer: Display: Creating Master Submix 'MasterEQSubmixDefault'
[2025.05.24-09.35.59:406][  0]LogAudioMixer: FMixerPlatformXAudio2::StartAudioStream() called
[2025.05.24-09.35.59:406][  0]LogAudioMixer: Display: Output buffers initialized: Frames=1024, Channels=2, Samples=2048
[2025.05.24-09.35.59:408][  0]LogAudioMixer: Display: Starting AudioMixerPlatformInterface::RunInternal()
[2025.05.24-09.35.59:408][  0]LogAudioMixer: Display: FMixerPlatformXAudio2::SubmitBuffer() called for the first time
[2025.05.24-09.35.59:408][  0]LogInit: FAudioDevice initialized.
[2025.05.24-09.35.59:408][  0]LogAudio: Display: Audio Device (ID: 1) registered with world 'Untitled'.
[2025.05.24-09.35.59:408][  0]LogNetVersion: Set ProjectVersion to 1.0.0.0. Version Checksum will be recalculated on next use.
[2025.05.24-09.35.59:475][  0]LogDerivedDataCache: Saved boot cache 0.07s 122MB C:/Users/AlisaDI/AppData/Local/UnrealEngine/4.27/DerivedDataCache/Boot.ddc.
[2025.05.24-09.35.59:479][  0]LogInit: Texture streaming: Enabled
[2025.05.24-09.35.59:491][  0]LogAnalytics: Display: [UEEditor.Rocket.Release] APIServer = https://datarouter.ol.epicgames.com/. AppVersion = 4.27.2-18319896+++UE4+Release-4.27
[2025.05.24-09.35.59:494][  0]LogEngineSessionManager: EngineSessionManager initialized
[2025.05.24-09.35.59:494][  0]LogEditorSessionSummary: Verbose: Initializing EditorSessionSummaryWriter for editor session tracking
[2025.05.24-09.35.59:496][  0]LogEditorSessionSummary: EditorSessionSummaryWriter initialized
[2025.05.24-09.35.59:524][  0]LogInit: Transaction tracking system initialized
[2025.05.24-09.35.59:543][  0]BlueprintLog: New page: Editor Load
[2025.05.24-09.35.59:592][  0]LocalizationService: Localization service is disabled
[2025.05.24-09.35.59:609][  0]TimingProfiler: Initialize
[2025.05.24-09.35.59:609][  0]TimingProfiler: OnSessionChanged
[2025.05.24-09.35.59:609][  0]LoadingProfiler: Initialize
[2025.05.24-09.35.59:609][  0]LoadingProfiler: OnSessionChanged
[2025.05.24-09.35.59:609][  0]NetworkingProfiler: Initialize
[2025.05.24-09.35.59:609][  0]NetworkingProfiler: OnSessionChanged
[2025.05.24-09.35.59:609][  0]MemoryProfiler: Initialize
[2025.05.24-09.35.59:609][  0]MemoryProfiler: OnSessionChanged
[2025.05.24-09.35.59:660][  0]LogVSAccessor: Display: Unable to create Visual Studio setup instance: 80040154
[2025.05.24-09.35.59:661][  0]LogVSAccessor: Display: Unable to create Visual Studio setup instance: 80040154
[2025.05.24-09.35.59:661][  0]LogVSAccessor: Display: Unable to create Visual Studio setup instance: 80040154
[2025.05.24-09.35.59:754][  0]LogCook: Display: CookSettings for Memory: MemoryMaxUsedVirtual 0MiB, MemoryMaxUsedPhysical 16384MiB, MemoryMinFreeVirtual 0MiB, MemoryMinFreePhysical 1024MiB
[2025.05.24-09.35.59:754][  0]LogCook: Display: Mobile HDR setting 0
[2025.05.24-09.35.59:922][  0]LogFileCache: Scanning file cache for directory 'C:/Users/AlisaDI/Documents/MephiTasks/UnrealProject/Content/' took 0.00s
[2025.05.24-09.35.59:922][  0]LogInit: Display: Engine is initialized. Leaving FEngineLoop::Init()
[2025.05.24-09.35.59:924][  0]SourceControl: Source control is disabled
[2025.05.24-09.35.59:924][  0]LogUnrealEdMisc: Loading editor; pre map load, took 7.865
[2025.05.24-09.35.59:924][  0]Cmd: MAP LOAD FILE="../../../../../../Users/AlisaDI/Documents/MephiTasks/UnrealProject/Content/VRTemplate/Maps/VRTemplateMap.umap" TEMPLATE=0 SHOWPROGRESS=1 FEATURELEVEL=3
[2025.05.24-09.35.59:924][  0]LightingResults: New page: Lighting Build
[2025.05.24-09.35.59:925][  0]LogWorld: UWorld::CleanupWorld for Untitled, bSessionEnded=true, bCleanupResources=true
[2025.05.24-09.35.59:926][  0]LogSlate: InvalidateAllWidgets triggered.  All widgets were invalidated
[2025.05.24-09.35.59:926][  0]MapCheck: New page: Map Check
[2025.05.24-09.35.59:926][  0]LightingResults: New page: Lighting Build
[2025.05.24-09.35.59:933][  0]LogAudio: Display: Audio Device unregistered from world 'None'.
[2025.05.24-09.35.59:936][  0]LogUObjectHash: Compacting FUObjectHashTables data took   0.82ms
[2025.05.24-09.36.00:512][  0]LogAudio: Display: Audio Device (ID: 1) registered with world 'VRTemplateMap'.
[2025.05.24-09.36.00:513][  0]LogAIModule: Creating AISystem for world VRTemplateMap
[2025.05.24-09.36.00:527][  0]LogEditorServer: Finished looking for orphan Actors (0.000 secs)
[2025.05.24-09.36.00:540][  0]LogUObjectHash: Compacting FUObjectHashTables data took   1.10ms
[2025.05.24-09.36.00:540][  0]Cmd: MAP CHECKDEP NOCLEARLOG
[2025.05.24-09.36.00:540][  0]MapCheck: Map check complete: 0 Error(s), 0 Warning(s), took 0,148ms to complete.
[2025.05.24-09.36.00:540][  0]LogFileHelpers: Loading map 'VRTemplateMap' took 0.617
[2025.05.24-09.36.00:542][  0]LogUnrealEdMisc: Total Editor Startup Time, took 8.484
[2025.05.24-09.36.00:639][  0]LogSlate: Updating window title bar state: overlay mode, drag disabled, window buttons hidden, title bar hidden
[2025.05.24-09.36.00:644][  0]LogSlate: Updating window title bar state: overlay mode, drag disabled, window buttons hidden, title bar hidden
[2025.05.24-09.36.00:649][  0]LogSlate: Updating window title bar state: overlay mode, drag disabled, window buttons hidden, title bar hidden
[2025.05.24-09.36.00:654][  0]LogSlate: Updating window title bar state: overlay mode, drag disabled, window buttons hidden, title bar hidden
[2025.05.24-09.36.00:666][  0]LogNativeClassHierarchy: Verbose: Native class hierarchy populated in 0.0086 seconds. Added 3809 classes and 916 folders.
[2025.05.24-09.36.00:668][  0]LogNativeClassHierarchy: Verbose: Native class hierarchy updated for 'WidgetCarousel' in 0.0002 seconds. Added 0 classes and 0 folders.
[2025.05.24-09.36.00:669][  0]LogPakFile: PakFile PrimaryIndexSize=187
[2025.05.24-09.36.00:669][  0]LogPakFile: PakFile PathHashIndexSize=101
[2025.05.24-09.36.00:669][  0]LogPakFile: PakFile FullDirectoryIndexSize=148
[2025.05.24-09.36.00:669][  0]LogShaderLibrary: Display: ShaderCodeLibraryPakFileMountedCallback: PakFile 'C:/Program Files/Epic Games/UE_4.27/FeaturePacks/FP_FirstPerson.upack' (chunk index -1, root 'root:/') mounted
[2025.05.24-09.36.00:669][  0]LogShaderLibrary: Display: ShaderCodeLibraryPakFileMountedCallback: pending pak file info (ChunkID:-1 Root:root:/ File:C:/Program Files/Epic Games/UE_4.27/FeaturePacks/FP_FirstPerson.upack)
[2025.05.24-09.36.00:669][  0]LogPakFile: OnPakFileMounted2Time == 0.000051
[2025.05.24-09.36.00:669][  0]LogPakFile: PakFile PrimaryIndexSize=189
[2025.05.24-09.36.00:670][  0]LogPakFile: PakFile PathHashIndexSize=101
[2025.05.24-09.36.00:670][  0]LogPakFile: PakFile FullDirectoryIndexSize=152
[2025.05.24-09.36.00:670][  0]LogShaderLibrary: Display: ShaderCodeLibraryPakFileMountedCallback: PakFile 'C:/Program Files/Epic Games/UE_4.27/FeaturePacks/FP_FirstPersonBP.upack' (chunk index -1, root 'root:/') mounted
[2025.05.24-09.36.00:670][  0]LogShaderLibrary: Display: ShaderCodeLibraryPakFileMountedCallback: pending pak file info (ChunkID:-1 Root:root:/ File:C:/Program Files/Epic Games/UE_4.27/FeaturePacks/FP_FirstPersonBP.upack)
[2025.05.24-09.36.00:670][  0]LogPakFile: OnPakFileMounted2Time == 0.000030
[2025.05.24-09.36.00:670][  0]LogPakFile: PakFile PrimaryIndexSize=191
[2025.05.24-09.36.00:670][  0]LogPakFile: PakFile PathHashIndexSize=101
[2025.05.24-09.36.00:670][  0]LogPakFile: PakFile FullDirectoryIndexSize=160
[2025.05.24-09.36.00:670][  0]LogShaderLibrary: Display: ShaderCodeLibraryPakFileMountedCallback: PakFile 'C:/Program Files/Epic Games/UE_4.27/FeaturePacks/MobileStarterContent.upack' (chunk index -1, root 'root:/') mounted
[2025.05.24-09.36.00:670][  0]LogShaderLibrary: Display: ShaderCodeLibraryPakFileMountedCallback: pending pak file info (ChunkID:-1 Root:root:/ File:C:/Program Files/Epic Games/UE_4.27/FeaturePacks/MobileStarterContent.upack)
[2025.05.24-09.36.00:670][  0]LogPakFile: OnPakFileMounted2Time == 0.000028
[2025.05.24-09.36.00:670][  0]LogPakFile: PakFile PrimaryIndexSize=185
[2025.05.24-09.36.00:670][  0]LogPakFile: PakFile PathHashIndexSize=101
[2025.05.24-09.36.00:670][  0]LogPakFile: PakFile FullDirectoryIndexSize=148
[2025.05.24-09.36.00:670][  0]LogShaderLibrary: Display: ShaderCodeLibraryPakFileMountedCallback: PakFile 'C:/Program Files/Epic Games/UE_4.27/FeaturePacks/StarterContent.upack' (chunk index -1, root 'root:/') mounted
[2025.05.24-09.36.00:670][  0]LogShaderLibrary: Display: ShaderCodeLibraryPakFileMountedCallback: pending pak file info (ChunkID:-1 Root:root:/ File:C:/Program Files/Epic Games/UE_4.27/FeaturePacks/StarterContent.upack)
[2025.05.24-09.36.00:670][  0]LogPakFile: OnPakFileMounted2Time == 0.000026
[2025.05.24-09.36.00:671][  0]LogPakFile: PakFile PrimaryIndexSize=190
[2025.05.24-09.36.00:671][  0]LogPakFile: PakFile PathHashIndexSize=101
[2025.05.24-09.36.00:671][  0]LogPakFile: PakFile FullDirectoryIndexSize=154
[2025.05.24-09.36.00:671][  0]LogShaderLibrary: Display: ShaderCodeLibraryPakFileMountedCallback: PakFile 'C:/Program Files/Epic Games/UE_4.27/FeaturePacks/TP_2DSideScroller.upack' (chunk index -1, root 'root:/') mounted
[2025.05.24-09.36.00:671][  0]LogShaderLibrary: Display: ShaderCodeLibraryPakFileMountedCallback: pending pak file info (ChunkID:-1 Root:root:/ File:C:/Program Files/Epic Games/UE_4.27/FeaturePacks/TP_2DSideScroller.upack)
[2025.05.24-09.36.00:671][  0]LogPakFile: OnPakFileMounted2Time == 0.000025
[2025.05.24-09.36.00:671][  0]LogPakFile: PakFile PrimaryIndexSize=192
[2025.05.24-09.36.00:671][  0]LogPakFile: PakFile PathHashIndexSize=101
[2025.05.24-09.36.00:671][  0]LogPakFile: PakFile FullDirectoryIndexSize=158
[2025.05.24-09.36.00:671][  0]LogShaderLibrary: Display: ShaderCodeLibraryPakFileMountedCallback: PakFile 'C:/Program Files/Epic Games/UE_4.27/FeaturePacks/TP_2DSideScrollerBP.upack' (chunk index -1, root 'root:/') mounted
[2025.05.24-09.36.00:671][  0]LogShaderLibrary: Display: ShaderCodeLibraryPakFileMountedCallback: pending pak file info (ChunkID:-1 Root:root:/ File:C:/Program Files/Epic Games/UE_4.27/FeaturePacks/TP_2DSideScrollerBP.upack)
[2025.05.24-09.36.00:671][  0]LogPakFile: OnPakFileMounted2Time == 0.000024
[2025.05.24-09.36.00:671][  0]LogPakFile: PakFile PrimaryIndexSize=182
[2025.05.24-09.36.00:671][  0]LogPakFile: PakFile PathHashIndexSize=101
[2025.05.24-09.36.00:671][  0]LogPakFile: PakFile FullDirectoryIndexSize=138
[2025.05.24-09.36.00:671][  0]LogShaderLibrary: Display: ShaderCodeLibraryPakFileMountedCallback: PakFile 'C:/Program Files/Epic Games/UE_4.27/FeaturePacks/TP_Flying.upack' (chunk index -1, root 'root:/') mounted
[2025.05.24-09.36.00:671][  0]LogShaderLibrary: Display: ShaderCodeLibraryPakFileMountedCallback: pending pak file info (ChunkID:-1 Root:root:/ File:C:/Program Files/Epic Games/UE_4.27/FeaturePacks/TP_Flying.upack)
[2025.05.24-09.36.00:671][  0]LogPakFile: OnPakFileMounted2Time == 0.000024
[2025.05.24-09.36.00:672][  0]LogPakFile: PakFile PrimaryIndexSize=184
[2025.05.24-09.36.00:672][  0]LogPakFile: PakFile PathHashIndexSize=101
[2025.05.24-09.36.00:672][  0]LogPakFile: PakFile FullDirectoryIndexSize=142
[2025.05.24-09.36.00:672][  0]LogShaderLibrary: Display: ShaderCodeLibraryPakFileMountedCallback: PakFile 'C:/Program Files/Epic Games/UE_4.27/FeaturePacks/TP_FlyingBP.upack' (chunk index -1, root 'root:/') mounted
[2025.05.24-09.36.00:672][  0]LogShaderLibrary: Display: ShaderCodeLibraryPakFileMountedCallback: pending pak file info (ChunkID:-1 Root:root:/ File:C:/Program Files/Epic Games/UE_4.27/FeaturePacks/TP_FlyingBP.upack)
[2025.05.24-09.36.00:672][  0]LogPakFile: OnPakFileMounted2Time == 0.000025
[2025.05.24-09.36.00:672][  0]LogPakFile: PakFile PrimaryIndexSize=188
[2025.05.24-09.36.00:672][  0]LogPakFile: PakFile PathHashIndexSize=101
[2025.05.24-09.36.00:672][  0]LogPakFile: PakFile FullDirectoryIndexSize=150
[2025.05.24-09.36.00:672][  0]LogShaderLibrary: Display: ShaderCodeLibraryPakFileMountedCallback: PakFile 'C:/Program Files/Epic Games/UE_4.27/FeaturePacks/TP_HandheldARBP.upack' (chunk index -1, root 'root:/') mounted
[2025.05.24-09.36.00:672][  0]LogShaderLibrary: Display: ShaderCodeLibraryPakFileMountedCallback: pending pak file info (ChunkID:-1 Root:root:/ File:C:/Program Files/Epic Games/UE_4.27/FeaturePacks/TP_HandheldARBP.upack)
[2025.05.24-09.36.00:672][  0]LogPakFile: OnPakFileMounted2Time == 0.000090
[2025.05.24-09.36.00:673][  0]LogPakFile: PakFile PrimaryIndexSize=182
[2025.05.24-09.36.00:673][  0]LogPakFile: PakFile PathHashIndexSize=101
[2025.05.24-09.36.00:673][  0]LogPakFile: PakFile FullDirectoryIndexSize=138
[2025.05.24-09.36.00:673][  0]LogShaderLibrary: Display: ShaderCodeLibraryPakFileMountedCallback: PakFile 'C:/Program Files/Epic Games/UE_4.27/FeaturePacks/TP_Puzzle.upack' (chunk index -1, root 'root:/') mounted
[2025.05.24-09.36.00:673][  0]LogShaderLibrary: Display: ShaderCodeLibraryPakFileMountedCallback: pending pak file info (ChunkID:-1 Root:root:/ File:C:/Program Files/Epic Games/UE_4.27/FeaturePacks/TP_Puzzle.upack)
[2025.05.24-09.36.00:673][  0]LogPakFile: OnPakFileMounted2Time == 0.000030
[2025.05.24-09.36.00:673][  0]LogPakFile: PakFile PrimaryIndexSize=184
[2025.05.24-09.36.00:673][  0]LogPakFile: PakFile PathHashIndexSize=101
[2025.05.24-09.36.00:673][  0]LogPakFile: PakFile FullDirectoryIndexSize=142
[2025.05.24-09.36.00:673][  0]LogShaderLibrary: Display: ShaderCodeLibraryPakFileMountedCallback: PakFile 'C:/Program Files/Epic Games/UE_4.27/FeaturePacks/TP_PuzzleBP.upack' (chunk index -1, root 'root:/') mounted
[2025.05.24-09.36.00:673][  0]LogShaderLibrary: Display: ShaderCodeLibraryPakFileMountedCallback: pending pak file info (ChunkID:-1 Root:root:/ File:C:/Program Files/Epic Games/UE_4.27/FeaturePacks/TP_PuzzleBP.upack)
[2025.05.24-09.36.00:673][  0]LogPakFile: OnPakFileMounted2Time == 0.000033
[2025.05.24-09.36.00:674][  0]LogPakFile: PakFile PrimaryIndexSize=183
[2025.05.24-09.36.00:674][  0]LogPakFile: PakFile PathHashIndexSize=101
[2025.05.24-09.36.00:674][  0]LogPakFile: PakFile FullDirectoryIndexSize=140
[2025.05.24-09.36.00:674][  0]LogShaderLibrary: Display: ShaderCodeLibraryPakFileMountedCallback: PakFile 'C:/Program Files/Epic Games/UE_4.27/FeaturePacks/TP_Rolling.upack' (chunk index -1, root 'root:/') mounted
[2025.05.24-09.36.00:674][  0]LogShaderLibrary: Display: ShaderCodeLibraryPakFileMountedCallback: pending pak file info (ChunkID:-1 Root:root:/ File:C:/Program Files/Epic Games/UE_4.27/FeaturePacks/TP_Rolling.upack)
[2025.05.24-09.36.00:674][  0]LogPakFile: OnPakFileMounted2Time == 0.000030
[2025.05.24-09.36.00:674][  0]LogPakFile: PakFile PrimaryIndexSize=185
[2025.05.24-09.36.00:674][  0]LogPakFile: PakFile PathHashIndexSize=101
[2025.05.24-09.36.00:674][  0]LogPakFile: PakFile FullDirectoryIndexSize=144
[2025.05.24-09.36.00:674][  0]LogShaderLibrary: Display: ShaderCodeLibraryPakFileMountedCallback: PakFile 'C:/Program Files/Epic Games/UE_4.27/FeaturePacks/TP_RollingBP.upack' (chunk index -1, root 'root:/') mounted
[2025.05.24-09.36.00:674][  0]LogShaderLibrary: Display: ShaderCodeLibraryPakFileMountedCallback: pending pak file info (ChunkID:-1 Root:root:/ File:C:/Program Files/Epic Games/UE_4.27/FeaturePacks/TP_RollingBP.upack)
[2025.05.24-09.36.00:674][  0]LogPakFile: OnPakFileMounted2Time == 0.000025
[2025.05.24-09.36.00:674][  0]LogPakFile: PakFile PrimaryIndexSize=188
[2025.05.24-09.36.00:674][  0]LogPakFile: PakFile PathHashIndexSize=101
[2025.05.24-09.36.00:674][  0]LogPakFile: PakFile FullDirectoryIndexSize=150
[2025.05.24-09.36.00:674][  0]LogShaderLibrary: Display: ShaderCodeLibraryPakFileMountedCallback: PakFile 'C:/Program Files/Epic Games/UE_4.27/FeaturePacks/TP_SideScroller.upack' (chunk index -1, root 'root:/') mounted
[2025.05.24-09.36.00:674][  0]LogShaderLibrary: Display: ShaderCodeLibraryPakFileMountedCallback: pending pak file info (ChunkID:-1 Root:root:/ File:C:/Program Files/Epic Games/UE_4.27/FeaturePacks/TP_SideScroller.upack)
[2025.05.24-09.36.00:674][  0]LogPakFile: OnPakFileMounted2Time == 0.000026
[2025.05.24-09.36.00:675][  0]LogPakFile: PakFile PrimaryIndexSize=190
[2025.05.24-09.36.00:675][  0]LogPakFile: PakFile PathHashIndexSize=101
[2025.05.24-09.36.00:675][  0]LogPakFile: PakFile FullDirectoryIndexSize=154
[2025.05.24-09.36.00:675][  0]LogShaderLibrary: Display: ShaderCodeLibraryPakFileMountedCallback: PakFile 'C:/Program Files/Epic Games/UE_4.27/FeaturePacks/TP_SideScrollerBP.upack' (chunk index -1, root 'root:/') mounted
[2025.05.24-09.36.00:675][  0]LogShaderLibrary: Display: ShaderCodeLibraryPakFileMountedCallback: pending pak file info (ChunkID:-1 Root:root:/ File:C:/Program Files/Epic Games/UE_4.27/FeaturePacks/TP_SideScrollerBP.upack)
[2025.05.24-09.36.00:675][  0]LogPakFile: OnPakFileMounted2Time == 0.000026
[2025.05.24-09.36.00:675][  0]LogPakFile: PakFile PrimaryIndexSize=187
[2025.05.24-09.36.00:675][  0]LogPakFile: PakFile PathHashIndexSize=101
[2025.05.24-09.36.00:675][  0]LogPakFile: PakFile FullDirectoryIndexSize=148
[2025.05.24-09.36.00:675][  0]LogShaderLibrary: Display: ShaderCodeLibraryPakFileMountedCallback: PakFile 'C:/Program Files/Epic Games/UE_4.27/FeaturePacks/TP_ThirdPerson.upack' (chunk index -1, root 'root:/') mounted
[2025.05.24-09.36.00:675][  0]LogShaderLibrary: Display: ShaderCodeLibraryPakFileMountedCallback: pending pak file info (ChunkID:-1 Root:root:/ File:C:/Program Files/Epic Games/UE_4.27/FeaturePacks/TP_ThirdPerson.upack)
[2025.05.24-09.36.00:675][  0]LogPakFile: OnPakFileMounted2Time == 0.000024
[2025.05.24-09.36.00:675][  0]LogPakFile: PakFile PrimaryIndexSize=189
[2025.05.24-09.36.00:676][  0]LogPakFile: PakFile PathHashIndexSize=101
[2025.05.24-09.36.00:676][  0]LogPakFile: PakFile FullDirectoryIndexSize=152
[2025.05.24-09.36.00:676][  0]LogShaderLibrary: Display: ShaderCodeLibraryPakFileMountedCallback: PakFile 'C:/Program Files/Epic Games/UE_4.27/FeaturePacks/TP_ThirdPersonBP.upack' (chunk index -1, root 'root:/') mounted
[2025.05.24-09.36.00:676][  0]LogShaderLibrary: Display: ShaderCodeLibraryPakFileMountedCallback: pending pak file info (ChunkID:-1 Root:root:/ File:C:/Program Files/Epic Games/UE_4.27/FeaturePacks/TP_ThirdPersonBP.upack)
[2025.05.24-09.36.00:676][  0]LogPakFile: OnPakFileMounted2Time == 0.000025
[2025.05.24-09.36.00:676][  0]LogPakFile: PakFile PrimaryIndexSize=183
[2025.05.24-09.36.00:676][  0]LogPakFile: PakFile PathHashIndexSize=101
[2025.05.24-09.36.00:676][  0]LogPakFile: PakFile FullDirectoryIndexSize=140
[2025.05.24-09.36.00:676][  0]LogShaderLibrary: Display: ShaderCodeLibraryPakFileMountedCallback: PakFile 'C:/Program Files/Epic Games/UE_4.27/FeaturePacks/TP_TopDown.upack' (chunk index -1, root 'root:/') mounted
[2025.05.24-09.36.00:676][  0]LogShaderLibrary: Display: ShaderCodeLibraryPakFileMountedCallback: pending pak file info (ChunkID:-1 Root:root:/ File:C:/Program Files/Epic Games/UE_4.27/FeaturePacks/TP_TopDown.upack)
[2025.05.24-09.36.00:676][  0]LogPakFile: OnPakFileMounted2Time == 0.000034
[2025.05.24-09.36.00:676][  0]LogPakFile: PakFile PrimaryIndexSize=185
[2025.05.24-09.36.00:676][  0]LogPakFile: PakFile PathHashIndexSize=101
[2025.05.24-09.36.00:676][  0]LogPakFile: PakFile FullDirectoryIndexSize=144
[2025.05.24-09.36.00:676][  0]LogShaderLibrary: Display: ShaderCodeLibraryPakFileMountedCallback: PakFile 'C:/Program Files/Epic Games/UE_4.27/FeaturePacks/TP_TopDownBP.upack' (chunk index -1, root 'root:/') mounted
[2025.05.24-09.36.00:676][  0]LogShaderLibrary: Display: ShaderCodeLibraryPakFileMountedCallback: pending pak file info (ChunkID:-1 Root:root:/ File:C:/Program Files/Epic Games/UE_4.27/FeaturePacks/TP_TopDownBP.upack)
[2025.05.24-09.36.00:676][  0]LogPakFile: OnPakFileMounted2Time == 0.000028
[2025.05.24-09.36.00:677][  0]LogPakFile: PakFile PrimaryIndexSize=185
[2025.05.24-09.36.00:677][  0]LogPakFile: PakFile PathHashIndexSize=101
[2025.05.24-09.36.00:677][  0]LogPakFile: PakFile FullDirectoryIndexSize=144
[2025.05.24-09.36.00:677][  0]LogShaderLibrary: Display: ShaderCodeLibraryPakFileMountedCallback: PakFile 'C:/Program Files/Epic Games/UE_4.27/FeaturePacks/TP_TwinStick.upack' (chunk index -1, root 'root:/') mounted
[2025.05.24-09.36.00:677][  0]LogShaderLibrary: Display: ShaderCodeLibraryPakFileMountedCallback: pending pak file info (ChunkID:-1 Root:root:/ File:C:/Program Files/Epic Games/UE_4.27/FeaturePacks/TP_TwinStick.upack)
[2025.05.24-09.36.00:677][  0]LogPakFile: OnPakFileMounted2Time == 0.000028
[2025.05.24-09.36.00:677][  0]LogPakFile: PakFile PrimaryIndexSize=187
[2025.05.24-09.36.00:677][  0]LogPakFile: PakFile PathHashIndexSize=101
[2025.05.24-09.36.00:677][  0]LogPakFile: PakFile FullDirectoryIndexSize=148
[2025.05.24-09.36.00:677][  0]LogShaderLibrary: Display: ShaderCodeLibraryPakFileMountedCallback: PakFile 'C:/Program Files/Epic Games/UE_4.27/FeaturePacks/TP_TwinStickBP.upack' (chunk index -1, root 'root:/') mounted
[2025.05.24-09.36.00:677][  0]LogShaderLibrary: Display: ShaderCodeLibraryPakFileMountedCallback: pending pak file info (ChunkID:-1 Root:root:/ File:C:/Program Files/Epic Games/UE_4.27/FeaturePacks/TP_TwinStickBP.upack)
[2025.05.24-09.36.00:677][  0]LogPakFile: OnPakFileMounted2Time == 0.000026
[2025.05.24-09.36.00:677][  0]LogPakFile: PakFile PrimaryIndexSize=183
[2025.05.24-09.36.00:677][  0]LogPakFile: PakFile PathHashIndexSize=101
[2025.05.24-09.36.00:677][  0]LogPakFile: PakFile FullDirectoryIndexSize=140
[2025.05.24-09.36.00:677][  0]LogShaderLibrary: Display: ShaderCodeLibraryPakFileMountedCallback: PakFile 'C:/Program Files/Epic Games/UE_4.27/FeaturePacks/TP_Vehicle.upack' (chunk index -1, root 'root:/') mounted
[2025.05.24-09.36.00:677][  0]LogShaderLibrary: Display: ShaderCodeLibraryPakFileMountedCallback: pending pak file info (ChunkID:-1 Root:root:/ File:C:/Program Files/Epic Games/UE_4.27/FeaturePacks/TP_Vehicle.upack)
[2025.05.24-09.36.00:678][  0]LogPakFile: OnPakFileMounted2Time == 0.000039
[2025.05.24-09.36.00:678][  0]LogPakFile: PakFile PrimaryIndexSize=186
[2025.05.24-09.36.00:678][  0]LogPakFile: PakFile PathHashIndexSize=101
[2025.05.24-09.36.00:678][  0]LogPakFile: PakFile FullDirectoryIndexSize=146
[2025.05.24-09.36.00:678][  0]LogShaderLibrary: Display: ShaderCodeLibraryPakFileMountedCallback: PakFile 'C:/Program Files/Epic Games/UE_4.27/FeaturePacks/TP_VehicleAdv.upack' (chunk index -1, root 'root:/') mounted
[2025.05.24-09.36.00:678][  0]LogShaderLibrary: Display: ShaderCodeLibraryPakFileMountedCallback: pending pak file info (ChunkID:-1 Root:root:/ File:C:/Program Files/Epic Games/UE_4.27/FeaturePacks/TP_VehicleAdv.upack)
[2025.05.24-09.36.00:678][  0]LogPakFile: OnPakFileMounted2Time == 0.000037
[2025.05.24-09.36.00:678][  0]LogPakFile: PakFile PrimaryIndexSize=188
[2025.05.24-09.36.00:678][  0]LogPakFile: PakFile PathHashIndexSize=101
[2025.05.24-09.36.00:678][  0]LogPakFile: PakFile FullDirectoryIndexSize=150
[2025.05.24-09.36.00:678][  0]LogShaderLibrary: Display: ShaderCodeLibraryPakFileMountedCallback: PakFile 'C:/Program Files/Epic Games/UE_4.27/FeaturePacks/TP_VehicleAdvBP.upack' (chunk index -1, root 'root:/') mounted
[2025.05.24-09.36.00:678][  0]LogShaderLibrary: Display: ShaderCodeLibraryPakFileMountedCallback: pending pak file info (ChunkID:-1 Root:root:/ File:C:/Program Files/Epic Games/UE_4.27/FeaturePacks/TP_VehicleAdvBP.upack)
[2025.05.24-09.36.00:678][  0]LogPakFile: OnPakFileMounted2Time == 0.000026
[2025.05.24-09.36.00:679][  0]LogPakFile: PakFile PrimaryIndexSize=185
[2025.05.24-09.36.00:679][  0]LogPakFile: PakFile PathHashIndexSize=101
[2025.05.24-09.36.00:679][  0]LogPakFile: PakFile FullDirectoryIndexSize=144
[2025.05.24-09.36.00:679][  0]LogShaderLibrary: Display: ShaderCodeLibraryPakFileMountedCallback: PakFile 'C:/Program Files/Epic Games/UE_4.27/FeaturePacks/TP_VehicleBP.upack' (chunk index -1, root 'root:/') mounted
[2025.05.24-09.36.00:679][  0]LogShaderLibrary: Display: ShaderCodeLibraryPakFileMountedCallback: pending pak file info (ChunkID:-1 Root:root:/ File:C:/Program Files/Epic Games/UE_4.27/FeaturePacks/TP_VehicleBP.upack)
[2025.05.24-09.36.00:679][  0]LogPakFile: OnPakFileMounted2Time == 0.000027
[2025.05.24-09.36.00:679][  0]LogPakFile: PakFile PrimaryIndexSize=192
[2025.05.24-09.36.00:679][  0]LogPakFile: PakFile PathHashIndexSize=101
[2025.05.24-09.36.00:679][  0]LogPakFile: PakFile FullDirectoryIndexSize=158
[2025.05.24-09.36.00:679][  0]LogShaderLibrary: Display: ShaderCodeLibraryPakFileMountedCallback: PakFile 'C:/Program Files/Epic Games/UE_4.27/FeaturePacks/TP_VirtualRealityBP.upack' (chunk index -1, root 'root:/') mounted
[2025.05.24-09.36.00:679][  0]LogShaderLibrary: Display: ShaderCodeLibraryPakFileMountedCallback: pending pak file info (ChunkID:-1 Root:root:/ File:C:/Program Files/Epic Games/UE_4.27/FeaturePacks/TP_VirtualRealityBP.upack)
[2025.05.24-09.36.00:679][  0]LogPakFile: OnPakFileMounted2Time == 0.000027
[2025.05.24-09.36.00:715][  0]LogNativeClassHierarchy: Verbose: Native class hierarchy updated for 'AddContentDialog' in 0.0003 seconds. Added 0 classes and 0 folders.
[2025.05.24-09.36.00:716][  0]LogNativeClassHierarchy: Verbose: Native class hierarchy updated for 'SceneOutliner' in 0.0002 seconds. Added 2 classes and 0 folders.
[2025.05.24-09.36.00:847][  0]LogSlate: Took 0.000232 seconds to synchronously load lazily loaded font '../../../Engine/Content/Slate/Fonts/Roboto-Regular.ttf' (155K)
[2025.05.24-09.36.00:849][  0]LogSlate: Took 0.000163 seconds to synchronously load lazily loaded font '../../../Engine/Content/Editor/Slate/Fonts/FontAwesome.ttf' (139K)
[2025.05.24-09.36.00:850][  0]LogSlate: Took 0.000163 seconds to synchronously load lazily loaded font '../../../Engine/Content/Slate/Fonts/Roboto-Bold.ttf' (160K)
[2025.05.24-09.36.00:931][  0]LogRenderer: Reallocating scene render targets to support 1208x488 Format 10 NumSamples 4 (Frame:1).
[2025.05.24-09.36.01:011][  0]LogNativeClassHierarchy: Verbose: Native class hierarchy updated for 'HierarchicalLODOutliner' in 0.0003 seconds. Added 0 classes and 0 folders.
[2025.05.24-09.36.01:011][  0]LogLoad: (Engine Initialization) Total time: 8.95 seconds
[2025.05.24-09.36.01:011][  0]LogLoad: (Engine Initialization) Total Blueprint compile time: 0.00 seconds
[2025.05.24-09.36.01:070][  0]LogAssetRegistry: Asset discovery search completed in 3.8805 seconds
[2025.05.24-09.36.01:075][  0]LogCollectionManager: Fixed up redirectors for 0 collections in 0.000005 seconds (updated 0 objects)
[2025.05.24-09.36.01:086][  0]LogResonanceAudio: Display: Resonance Audio Listener is initialized
[2025.05.24-09.36.01:087][  0]LogContentStreaming: Texture pool size now 1000 MB
[2025.05.24-09.36.01:181][  3]LogSlate: Took 0.000151 seconds to synchronously load lazily loaded font '../../../Engine/Content/Slate/Fonts/Roboto-Light.ttf' (167K)
[2025.05.24-09.36.09:195][480]LogUObjectHash: Compacting FUObjectHashTables data took   0.96ms
[2025.05.24-09.36.10:412][480]LogSlate: Window 'Delete Assets' being destroyed
[2025.05.24-09.36.10:462][480]LogUObjectGlobals: Force Deleting 10 Package(s):
	Asset Name: /Game/Andrey_/M_Text.M_Text
	Asset Name: /Game/Andrey_/MI_Text.MI_Text
	Asset Name: /Game/Andrey_/BP_Printer.BP_Printer
	Asset Name: /Game/Andrey_/Inventory/Object/PickupbleObj.PickupbleObj
	Asset Name: /Game/Andrey_/Inventory/Object/Box1.Box1
	Asset Name: /Game/Andrey_/Inventory/Object/Sphere.Sphere
	Asset Name: /Game/Andrey_/Inventory/Textures/1.1
	Asset Name: /Game/Andrey_/Inventory/Widget/Inventory.Inventory
	Asset Name: /Game/Andrey_/Inventory/Widget/Slot.Slot
	Asset Name: /Game/Andrey_/Menu/BP_Menu.BP_Menu
[2025.05.24-09.36.10:467][480]LogSlate: Took 0.000145 seconds to synchronously load lazily loaded font '../../../Engine/Content/Slate/Fonts/Roboto-Light.ttf' (167K)
[2025.05.24-09.36.11:173][480]LogUObjectHash: Compacting FUObjectHashTables data took   0.92ms
[2025.05.24-09.36.11:225][480]LogOutputDevice: Warning: 

Script Stack (0 frames):

[2025.05.24-09.36.11:294][480]LogStats: FPlatformStackWalk::StackWalkAndDump -  0.070 s
[2025.05.24-09.36.11:294][480]LogOutputDevice: Error: === Handled ensure: ===
[2025.05.24-09.36.11:294][480]LogOutputDevice: Error: 
[2025.05.24-09.36.11:294][480]LogOutputDevice: Error: Ensure condition failed: CurObject != nullptr [File:D:/Build/++UE4/Sync/Engine/Source/Editor/UnrealEd/Private/ObjectTools.cpp] [Line: 3143]
[2025.05.24-09.36.11:294][480]LogOutputDevice: Error: 
[2025.05.24-09.36.11:295][480]LogOutputDevice: Error: Stack: 
[2025.05.24-09.36.11:295][480]LogOutputDevice: Error: [Callstack] 0x00007ff8bcf3e819 UE4Editor-UnrealEd.dll!UnknownFunction []
[2025.05.24-09.36.11:295][480]LogOutputDevice: Error: [Callstack] 0x00007ff8bc80520b UE4Editor-UnrealEd.dll!UnknownFunction []
[2025.05.24-09.36.11:295][480]LogOutputDevice: Error: [Callstack] 0x00007ff8bbf4b269 UE4Editor-UnrealEd.dll!UnknownFunction []
[2025.05.24-09.36.11:295][480]LogOutputDevice: Error: [Callstack] 0x00007ff8bc230dde UE4Editor-UnrealEd.dll!UnknownFunction []
[2025.05.24-09.36.11:295][480]LogOutputDevice: Error: [Callstack] 0x00007ff8bc227e97 UE4Editor-UnrealEd.dll!UnknownFunction []
[2025.05.24-09.36.11:295][480]LogOutputDevice: Error: [Callstack] 0x00007ff8c859a6fe UE4Editor-Slate.dll!UnknownFunction []
[2025.05.24-09.36.11:295][480]LogOutputDevice: Error: [Callstack] 0x00007ff8c85b280e UE4Editor-Slate.dll!UnknownFunction []
[2025.05.24-09.36.11:295][480]LogOutputDevice: Error: [Callstack] 0x00007ff8c840421e UE4Editor-Slate.dll!UnknownFunction []
[2025.05.24-09.36.11:295][480]LogOutputDevice: Error: [Callstack] 0x00007ff8c847e104 UE4Editor-Slate.dll!UnknownFunction []
[2025.05.24-09.36.11:295][480]LogOutputDevice: Error: [Callstack] 0x00007ff8c8467097 UE4Editor-Slate.dll!UnknownFunction []
[2025.05.24-09.36.11:295][480]LogOutputDevice: Error: [Callstack] 0x00007ff8c8459b62 UE4Editor-Slate.dll!UnknownFunction []
[2025.05.24-09.36.11:295][480]LogOutputDevice: Error: [Callstack] 0x00007ff8f7aac025 UE4Editor-ApplicationCore.dll!UnknownFunction []
[2025.05.24-09.36.11:295][480]LogOutputDevice: Error: [Callstack] 0x00007ff8f7a992b7 UE4Editor-ApplicationCore.dll!UnknownFunction []
[2025.05.24-09.36.11:295][480]LogOutputDevice: Error: [Callstack] 0x00007ff8f7aae465 UE4Editor-ApplicationCore.dll!UnknownFunction []
[2025.05.24-09.36.11:295][480]LogOutputDevice: Error: [Callstack] 0x00007ff8f7a94410 UE4Editor-ApplicationCore.dll!UnknownFunction []
[2025.05.24-09.36.11:295][480]LogOutputDevice: Error: [Callstack] 0x00007ff94709ef5c USER32.dll!UnknownFunction []
[2025.05.24-09.36.11:295][480]LogOutputDevice: Error: [Callstack] 0x00007ff94709e684 USER32.dll!UnknownFunction []
[2025.05.24-09.36.11:295][480]LogOutputDevice: Error: [Callstack] 0x00007ff8f7aafb79 UE4Editor-ApplicationCore.dll!UnknownFunction []
[2025.05.24-09.36.11:295][480]LogOutputDevice: Error: [Callstack] 0x00007ff8c848865a UE4Editor-Slate.dll!UnknownFunction []
[2025.05.24-09.36.11:295][480]LogOutputDevice: Error: [Callstack] 0x00007ff8c8426b09 UE4Editor-Slate.dll!UnknownFunction []
[2025.05.24-09.36.11:295][480]LogOutputDevice: Error: [Callstack] 0x00007ff8bc2c3e9e UE4Editor-UnrealEd.dll!UnknownFunction []
[2025.05.24-09.36.11:295][480]LogOutputDevice: Error: [Callstack] 0x00007ff8bc7f8de2 UE4Editor-UnrealEd.dll!UnknownFunction []
[2025.05.24-09.36.11:295][480]LogOutputDevice: Error: [Callstack] 0x00007ff8b580c618 UE4Editor-AssetTools.dll!UnknownFunction []
[2025.05.24-09.36.11:295][480]LogOutputDevice: Error: [Callstack] 0x00007ff8666e2d69 UE4Editor-ContentBrowserAssetDataSource.dll!UnknownFunction []
[2025.05.24-09.36.11:295][480]LogOutputDevice: Error: [Callstack] 0x00007ff8666e2f6e UE4Editor-ContentBrowserAssetDataSource.dll!UnknownFunction []
[2025.05.24-09.36.11:295][480]LogOutputDevice: Error: [Callstack] 0x00007ff8666d23a7 UE4Editor-ContentBrowserAssetDataSource.dll!UnknownFunction []
[2025.05.24-09.36.11:295][480]LogOutputDevice: Error: [Callstack] 0x00007ff8b60a2173 UE4Editor-ContentBrowser.dll!UnknownFunction []
[2025.05.24-09.36.11:295][480]LogOutputDevice: Error: [Callstack] 0x00007ff8b609b7f2 UE4Editor-ContentBrowser.dll!UnknownFunction []
[2025.05.24-09.36.11:295][480]LogOutputDevice: Error: [Callstack] 0x00007ff8b611b6d2 UE4Editor-ContentBrowser.dll!UnknownFunction []
[2025.05.24-09.36.11:295][480]LogOutputDevice: Error: [Callstack] 0x00007ff8b609ea17 UE4Editor-ContentBrowser.dll!UnknownFunction []
[2025.05.24-09.36.11:295][480]LogOutputDevice: Error: [Callstack] 0x00007ff8c859a6fe UE4Editor-Slate.dll!UnknownFunction []
[2025.05.24-09.36.11:295][480]LogOutputDevice: Error: [Callstack] 0x00007ff8c85b280e UE4Editor-Slate.dll!UnknownFunction []
[2025.05.24-09.36.11:295][480]LogOutputDevice: Error: [Callstack] 0x00007ff8c840421e UE4Editor-Slate.dll!UnknownFunction []
[2025.05.24-09.36.11:295][480]LogOutputDevice: Error: [Callstack] 0x00007ff8c847e104 UE4Editor-Slate.dll!UnknownFunction []
[2025.05.24-09.36.11:295][480]LogOutputDevice: Error: [Callstack] 0x00007ff8c8467097 UE4Editor-Slate.dll!UnknownFunction []
[2025.05.24-09.36.11:295][480]LogOutputDevice: Error: [Callstack] 0x00007ff8c8459b62 UE4Editor-Slate.dll!UnknownFunction []
[2025.05.24-09.36.11:295][480]LogOutputDevice: Error: [Callstack] 0x00007ff8f7aac025 UE4Editor-ApplicationCore.dll!UnknownFunction []
[2025.05.24-09.36.11:295][480]LogOutputDevice: Error: [Callstack] 0x00007ff8f7a992b7 UE4Editor-ApplicationCore.dll!UnknownFunction []
[2025.05.24-09.36.11:295][480]LogOutputDevice: Error: [Callstack] 0x00007ff8f7aae465 UE4Editor-ApplicationCore.dll!UnknownFunction []
[2025.05.24-09.36.11:295][480]LogOutputDevice: Error: [Callstack] 0x00007ff8f7a94410 UE4Editor-ApplicationCore.dll!UnknownFunction []
[2025.05.24-09.36.11:295][480]LogOutputDevice: Error: [Callstack] 0x00007ff94709ef5c USER32.dll!UnknownFunction []
[2025.05.24-09.36.11:295][480]LogOutputDevice: Error: [Callstack] 0x00007ff94709e684 USER32.dll!UnknownFunction []
[2025.05.24-09.36.11:295][480]LogOutputDevice: Error: [Callstack] 0x00007ff8f7aafcd4 UE4Editor-ApplicationCore.dll!UnknownFunction []
[2025.05.24-09.36.11:295][480]LogOutputDevice: Error: [Callstack] 0x00007ff77a507621 UE4Editor.exe!UnknownFunction []
[2025.05.24-09.36.11:295][480]LogOutputDevice: Error: [Callstack] 0x00007ff77a520fcc UE4Editor.exe!UnknownFunction []
[2025.05.24-09.36.11:295][480]LogOutputDevice: Error: [Callstack] 0x00007ff77a5210ba UE4Editor.exe!UnknownFunction []
[2025.05.24-09.36.11:295][480]LogOutputDevice: Error: [Callstack] 0x00007ff77a5240dd UE4Editor.exe!UnknownFunction []
[2025.05.24-09.36.11:295][480]LogOutputDevice: Error: [Callstack] 0x00007ff77a535984 UE4Editor.exe!UnknownFunction []
[2025.05.24-09.36.11:295][480]LogOutputDevice: Error: [Callstack] 0x00007ff77a53853a UE4Editor.exe!UnknownFunction []
[2025.05.24-09.36.11:295][480]LogOutputDevice: Error: [Callstack] 0x00007ff945917374 KERNEL32.DLL!UnknownFunction []
[2025.05.24-09.36.11:295][480]LogOutputDevice: Error: [Callstack] 0x00007ff94763cc91 ntdll.dll!UnknownFunction []
[2025.05.24-09.36.11:295][480]LogOutputDevice: Error: 
[2025.05.24-09.36.11:302][480]LogStats:                SubmitErrorReport -  0.000 s
[2025.05.24-09.36.12:570][480]LogStats:                    SendNewReport -  1.269 s
[2025.05.24-09.36.12:571][480]LogStats:             FDebug::EnsureFailed -  1.346 s
[2025.05.24-09.36.12:651][480]LogUObjectHash: Compacting FUObjectHashTables data took   0.92ms
[2025.05.24-09.36.12:658][480]LogUObjectHash: Compacting FUObjectHashTables data took   0.39ms
[2025.05.24-09.36.12:666][480]LogUObjectHash: Compacting FUObjectHashTables data took   0.36ms
[2025.05.24-09.36.12:673][480]LogUObjectHash: Compacting FUObjectHashTables data took   0.35ms
[2025.05.24-09.36.12:681][480]LogUObjectHash: Compacting FUObjectHashTables data took   0.34ms
[2025.05.24-09.36.12:689][480]LogUObjectHash: Compacting FUObjectHashTables data took   0.35ms
[2025.05.24-09.36.12:696][480]LogUObjectHash: Compacting FUObjectHashTables data took   0.31ms
[2025.05.24-09.36.12:703][480]LogUObjectHash: Compacting FUObjectHashTables data took   0.40ms
[2025.05.24-09.36.12:709][480]LogUObjectHash: Compacting FUObjectHashTables data took   0.41ms
[2025.05.24-09.36.12:716][480]LogUObjectHash: Compacting FUObjectHashTables data took   0.40ms
[2025.05.24-09.36.12:724][480]LogUObjectHash: Compacting FUObjectHashTables data took   0.96ms
[2025.05.24-09.36.12:731][480]LogUObjectHash: Compacting FUObjectHashTables data took   0.39ms
[2025.05.24-09.36.21:544][  4]LogContentBrowser: Attempting asset rename: Andrey_Contex -> Andrey_Contex
[2025.05.24-09.36.27:286][348]LogWindowsTextInputMethodSystem: Display: IME system deactivated.
[2025.05.24-09.36.27:286][348]LogWindowsTextInputMethodSystem: Display: IME system deactivated.
[2025.05.24-09.36.31:852][622]LogContentBrowser: Attempting asset rename: Andrey_Contex -> Andrey
[2025.05.24-09.36.31:904][622]Cmd: OBJ SAVEPACKAGE PACKAGE="/Game/Andrey/BP_Printer" FILE="../../../../../../Users/AlisaDI/Documents/MephiTasks/UnrealProject/Content/Andrey/BP_Printer.uasset" SILENT=true
[2025.05.24-09.36.31:905][622]LogSavePackage: Moving '../../../../../../Users/AlisaDI/Documents/MephiTasks/UnrealProject/Saved/BP_PrinterC1287FA14E2E01B621CBECBD7D51C022.tmp' to '../../../../../../Users/AlisaDI/Documents/MephiTasks/UnrealProject/Content/Andrey/BP_Printer.uasset'
[2025.05.24-09.36.31:906][622]Cmd: OBJ SAVEPACKAGE PACKAGE="/Game/Andrey_Contex/BP_Printer" FILE="../../../../../../Users/AlisaDI/Documents/MephiTasks/UnrealProject/Content/Andrey_Contex/BP_Printer.uasset" SILENT=true
[2025.05.24-09.36.31:907][622]LogSavePackage: Moving '../../../../../../Users/AlisaDI/Documents/MephiTasks/UnrealProject/Saved/BP_Printer5C9B734F4487AE855A75DF8A46D4DB4A.tmp' to '../../../../../../Users/AlisaDI/Documents/MephiTasks/UnrealProject/Content/Andrey_Contex/BP_Printer.uasset'
[2025.05.24-09.36.31:908][622]Cmd: OBJ SAVEPACKAGE PACKAGE="/Game/Andrey/BP_Printer_C" FILE="../../../../../../Users/AlisaDI/Documents/MephiTasks/UnrealProject/Content/Andrey/BP_Printer_C.uasset" SILENT=true
[2025.05.24-09.36.31:908][622]LogSavePackage: Moving '../../../../../../Users/AlisaDI/Documents/MephiTasks/UnrealProject/Saved/BP_Printer_C0775A5A044A6FFF5EBF2DBBDD96DD3CC.tmp' to '../../../../../../Users/AlisaDI/Documents/MephiTasks/UnrealProject/Content/Andrey/BP_Printer_C.uasset'
[2025.05.24-09.36.31:909][622]Cmd: OBJ SAVEPACKAGE PACKAGE="/Game/Andrey/Default__BP_Printer_C" FILE="../../../../../../Users/AlisaDI/Documents/MephiTasks/UnrealProject/Content/Andrey/Default__BP_Printer_C.uasset" SILENT=true
[2025.05.24-09.36.31:910][622]LogSavePackage: Moving '../../../../../../Users/AlisaDI/Documents/MephiTasks/UnrealProject/Saved/Default__BP_Printer_C4DB53B7F4084162E5875BD9B6398D1DF.tmp' to '../../../../../../Users/AlisaDI/Documents/MephiTasks/UnrealProject/Content/Andrey/Default__BP_Printer_C.uasset'
[2025.05.24-09.36.31:911][622]Cmd: OBJ SAVEPACKAGE PACKAGE="/Game/Andrey/Inventory/Object/Box1" FILE="../../../../../../Users/AlisaDI/Documents/MephiTasks/UnrealProject/Content/Andrey/Inventory/Object/Box1.uasset" SILENT=true
[2025.05.24-09.36.31:912][622]LogSavePackage: Moving '../../../../../../Users/AlisaDI/Documents/MephiTasks/UnrealProject/Saved/Box1BF13B4AC4FD61ADB104FFFACD98676E4.tmp' to '../../../../../../Users/AlisaDI/Documents/MephiTasks/UnrealProject/Content/Andrey/Inventory/Object/Box1.uasset'
[2025.05.24-09.36.31:914][622]LogSavePackage: Moving '../../../../../../Users/AlisaDI/Documents/MephiTasks/UnrealProject/Saved/Box168DCF46647CC4445D78D03AC84BBEA60.tmp' to '../../../../../../Users/AlisaDI/Documents/MephiTasks/UnrealProject/Content/Andrey_Contex/Inventory/Object/Box1.uasset'
[2025.05.24-09.36.31:916][622]Cmd: OBJ SAVEPACKAGE PACKAGE="/Game/Andrey/Inventory/Object/Box1_C" FILE="../../../../../../Users/AlisaDI/Documents/MephiTasks/UnrealProject/Content/Andrey/Inventory/Object/Box1_C.uasset" SILENT=true
[2025.05.24-09.36.31:917][622]LogSavePackage: Moving '../../../../../../Users/AlisaDI/Documents/MephiTasks/UnrealProject/Saved/Box1_C382630924B0A60192EC424ACD92022A7.tmp' to '../../../../../../Users/AlisaDI/Documents/MephiTasks/UnrealProject/Content/Andrey/Inventory/Object/Box1_C.uasset'
[2025.05.24-09.36.31:919][622]LogSavePackage: Moving '../../../../../../Users/AlisaDI/Documents/MephiTasks/UnrealProject/Saved/Default__Box1_C02AA00AF42DC86FE1C0BC396E2D46FFE.tmp' to '../../../../../../Users/AlisaDI/Documents/MephiTasks/UnrealProject/Content/Andrey/Inventory/Object/Default__Box1_C.uasset'
[2025.05.24-09.36.31:921][622]LogSavePackage: Moving '../../../../../../Users/AlisaDI/Documents/MephiTasks/UnrealProject/Saved/Default__PickupbleObj_C85E632334FB39EAF399BCBA27321DAFD.tmp' to '../../../../../../Users/AlisaDI/Documents/MephiTasks/UnrealProject/Content/Andrey/Inventory/Object/Default__PickupbleObj_C.uasset'
[2025.05.24-09.36.31:923][622]LogSavePackage: Moving '../../../../../../Users/AlisaDI/Documents/MephiTasks/UnrealProject/Saved/PickupbleObj2A69EBD34EAB295DA887B2B7CACEBE4F.tmp' to '../../../../../../Users/AlisaDI/Documents/MephiTasks/UnrealProject/Content/Andrey_Contex/Inventory/Object/PickupbleObj.uasset'
[2025.05.24-09.36.31:926][622]LogSavePackage: Moving '../../../../../../Users/AlisaDI/Documents/MephiTasks/UnrealProject/Saved/PickupbleObj56E24814435BFC3458A893B1238F6219.tmp' to '../../../../../../Users/AlisaDI/Documents/MephiTasks/UnrealProject/Content/Andrey/Inventory/Object/PickupbleObj.uasset'
[2025.05.24-09.36.31:928][622]LogSavePackage: Moving '../../../../../../Users/AlisaDI/Documents/MephiTasks/UnrealProject/Saved/PickupbleObj_C09A3ABF74601D2F8EBE510835434211F.tmp' to '../../../../../../Users/AlisaDI/Documents/MephiTasks/UnrealProject/Content/Andrey/Inventory/Object/PickupbleObj_C.uasset'
[2025.05.24-09.36.31:930][622]LogSavePackage: Moving '../../../../../../Users/AlisaDI/Documents/MephiTasks/UnrealProject/Saved/Default__Sphere_CEC4E7D23482B4780AC1C8CAB3AA0D095.tmp' to '../../../../../../Users/AlisaDI/Documents/MephiTasks/UnrealProject/Content/Andrey/Inventory/Object/Default__Sphere_C.uasset'
[2025.05.24-09.36.31:932][622]LogSavePackage: Moving '../../../../../../Users/AlisaDI/Documents/MephiTasks/UnrealProject/Saved/Sphere860EF54F4D22B1E8A5E0089F3ED76433.tmp' to '../../../../../../Users/AlisaDI/Documents/MephiTasks/UnrealProject/Content/Andrey_Contex/Inventory/Object/Sphere.uasset'
[2025.05.24-09.36.31:934][622]Cmd: OBJ SAVEPACKAGE PACKAGE="/Game/Andrey/Inventory/Object/Sphere" FILE="../../../../../../Users/AlisaDI/Documents/MephiTasks/UnrealProject/Content/Andrey/Inventory/Object/Sphere.uasset" SILENT=true
[2025.05.24-09.36.31:934][622]LogSavePackage: Moving '../../../../../../Users/AlisaDI/Documents/MephiTasks/UnrealProject/Saved/Sphere4095258841511B1C14165883A7C00190.tmp' to '../../../../../../Users/AlisaDI/Documents/MephiTasks/UnrealProject/Content/Andrey/Inventory/Object/Sphere.uasset'
[2025.05.24-09.36.31:935][622]Cmd: OBJ SAVEPACKAGE PACKAGE="/Game/Andrey/Inventory/Object/Sphere_C" FILE="../../../../../../Users/AlisaDI/Documents/MephiTasks/UnrealProject/Content/Andrey/Inventory/Object/Sphere_C.uasset" SILENT=true
[2025.05.24-09.36.31:937][622]LogSavePackage: Moving '../../../../../../Users/AlisaDI/Documents/MephiTasks/UnrealProject/Saved/Sphere_CA44C12934FAA4AE160384B95FB287FDE.tmp' to '../../../../../../Users/AlisaDI/Documents/MephiTasks/UnrealProject/Content/Andrey/Inventory/Object/Sphere_C.uasset'
[2025.05.24-09.36.32:002][622]AssetCheck: New page: Asset Save: multiple assets
[2025.05.24-09.36.32:002][622]LogContentValidation: Display: Validating ObjectRedirector /Game/Andrey_Contex/Inventory/Object/Sphere.Sphere_C
[2025.05.24-09.36.32:002][622]LogContentValidation: Display: Validating ObjectRedirector /Game/Andrey_Contex/Inventory/Object/Sphere.Sphere
[2025.05.24-09.36.32:002][622]LogContentValidation: Display: Validating ObjectRedirector /Game/Andrey_Contex/Inventory/Object/PickupbleObj.PickupbleObj_C
[2025.05.24-09.36.32:002][622]LogContentValidation: Display: Validating ObjectRedirector /Game/Andrey_Contex/Inventory/Object/PickupbleObj.PickupbleObj
[2025.05.24-09.36.32:002][622]LogContentValidation: Display: Validating ObjectRedirector /Game/Andrey_Contex/Inventory/Object/Box1.Default__Box1_C
[2025.05.24-09.36.32:002][622]LogContentValidation: Display: Validating ObjectRedirector /Game/Andrey_Contex/Inventory/Object/Box1.Box1_C
[2025.05.24-09.36.32:002][622]LogContentValidation: Display: Validating ObjectRedirector /Game/Andrey_Contex/BP_Printer.Default__BP_Printer_C
[2025.05.24-09.36.32:002][622]LogContentValidation: Display: Validating ObjectRedirector /Game/Andrey_Contex/BP_Printer.BP_Printer_C
[2025.05.24-09.36.37:191][930]LogUObjectHash: Compacting FUObjectHashTables data took   0.85ms
[2025.05.24-09.36.38:076][930]LogSlate: Window 'Delete Assets' being destroyed
[2025.05.24-09.36.38:086][930]LogUObjectGlobals: Force Deleting 8 Package(s):
	Asset Name: /Game/Andrey_Contex/Inventory/Object/Sphere.Sphere_C
	Asset Name: /Game/Andrey_Contex/Inventory/Object/Sphere.Sphere
	Asset Name: /Game/Andrey_Contex/Inventory/Object/PickupbleObj.PickupbleObj_C
	Asset Name: /Game/Andrey_Contex/Inventory/Object/PickupbleObj.PickupbleObj
	Asset Name: /Game/Andrey_Contex/Inventory/Object/Box1.Default__Box1_C
	Asset Name: /Game/Andrey_Contex/Inventory/Object/Box1.Box1_C
	Asset Name: /Game/Andrey_Contex/BP_Printer.Default__BP_Printer_C
	Asset Name: /Game/Andrey_Contex/BP_Printer.BP_Printer_C
[2025.05.24-09.36.38:321][930]LogUObjectHash: Compacting FUObjectHashTables data took   0.72ms
[2025.05.24-09.36.43:373][230]LogUObjectGlobals: Warning: Failed to find object 'Object /Game/Andrey_Contex/BP_Printer.Default__BP_Printer_C'
[2025.05.24-09.36.43:374][230]LogUObjectGlobals: Warning: Failed to find object 'Object /Game/Andrey_Contex/Inventory/Object/Sphere.Sphere_C'
[2025.05.24-09.36.43:374][230]LogUObjectGlobals: Warning: Failed to find object 'Object /Game/Andrey_Contex/Inventory/Object/Box1.Box1_C'
[2025.05.24-09.36.43:375][230]LogUObjectGlobals: Warning: Failed to find object 'Object /Game/Andrey_Contex/Inventory/Object/PickupbleObj.PickupbleObj'
[2025.05.24-09.36.43:383][230]LoadErrors: Error: /Game/Andrey_Contex/BP_Printer  : Failed import for ObjectRedirector /Game/Andrey/BP_Printer_C.BP_Printer_C Referenced by export ObjectRedirector /Game/Andrey_Contex/BP_Printer.BP_Printer_C
[2025.05.24-09.36.43:383][230]LoadErrors: Error: /Game/Andrey_Contex/BP_Printer  : Failed import for ObjectRedirector /Game/Andrey/Default__BP_Printer_C.Default__BP_Printer_C Referenced by export ObjectRedirector /Game/Andrey_Contex/BP_Printer.Default__BP_Printer_C
[2025.05.24-09.36.43:383][230]LoadErrors: Error: /Game/Andrey_Contex/Inventory/Object/Sphere  : Failed import for ObjectRedirector /Game/Andrey/Inventory/Object/Sphere.Sphere Referenced by export ObjectRedirector /Game/Andrey_Contex/Inventory/Object/Sphere.Sphere
[2025.05.24-09.36.43:383][230]LoadErrors: Error: /Game/Andrey_Contex/Inventory/Object/Sphere  : Failed import for ObjectRedirector /Game/Andrey/Inventory/Object/Sphere_C.Sphere_C Referenced by export ObjectRedirector /Game/Andrey_Contex/Inventory/Object/Sphere.Sphere_C
[2025.05.24-09.36.43:383][230]LoadErrors: Error: /Game/Andrey_Contex/Inventory/Object/Box1  : Failed import for ObjectRedirector /Game/Andrey/Inventory/Object/Box1_C.Box1_C Referenced by export ObjectRedirector /Game/Andrey_Contex/Inventory/Object/Box1.Box1_C
[2025.05.24-09.36.43:383][230]LoadErrors: Error: /Game/Andrey_Contex/Inventory/Object/Box1  : Failed import for ObjectRedirector /Game/Andrey/Inventory/Object/Default__Box1_C.Default__Box1_C Referenced by export ObjectRedirector /Game/Andrey_Contex/Inventory/Object/Box1.Default__Box1_C
[2025.05.24-09.36.43:383][230]LoadErrors: Error: /Game/Andrey_Contex/Inventory/Object/PickupbleObj  : Failed import for ObjectRedirector /Game/Andrey/Inventory/Object/PickupbleObj.PickupbleObj Referenced by export ObjectRedirector /Game/Andrey_Contex/Inventory/Object/PickupbleObj.PickupbleObj
[2025.05.24-09.36.43:383][230]LoadErrors: Error: /Game/Andrey_Contex/Inventory/Object/PickupbleObj  : Failed import for ObjectRedirector /Game/Andrey/Inventory/Object/PickupbleObj_C.PickupbleObj_C Referenced by export ObjectRedirector /Game/Andrey_Contex/Inventory/Object/PickupbleObj.PickupbleObj_C
[2025.05.24-09.36.46:066][380]LogSlate: Took 0.000206 seconds to synchronously load lazily loaded font '../../../Engine/Content/Slate/Fonts/DroidSansMono.ttf' (77K)
[2025.05.24-09.36.50:772][663]LogSlate: Window 'Message Log' being destroyed
[2025.05.24-09.36.50:778][663]LogSlate: Window 'Message Log' being destroyed
[2025.05.24-09.37.04:252][459]LogContentBrowser: Attempting asset rename: Andrey_Contex -> Andrey4343_Contex
[2025.05.24-09.37.06:858][615]LogUObjectHash: Compacting FUObjectHashTables data took   0.52ms
[2025.05.24-09.37.07:996][615]LogSlate: Window 'Save Content' being destroyed
[2025.05.24-09.37.08:064][615]LogSlate: Window 'MyProject - Unreal Editor' being destroyed
[2025.05.24-09.37.08:193][616]Cmd: QUIT_EDITOR
[2025.05.24-09.37.08:193][616]LogCore: Engine exit requested (reason: UUnrealEdEngine::CloseEditor())
[2025.05.24-09.37.08:195][616]LogCore: Engine exit requested (reason: EngineExit() was called; note: exit was already requested)
[2025.05.24-09.37.08:197][616]LogAudio: Display: Beginning Audio Device Manager Shutdown (Module: AudioMixerXAudio2)...
[2025.05.24-09.37.08:197][616]LogAudio: Display: Destroying 1 Remaining Audio Device(s)...
[2025.05.24-09.37.08:197][616]LogAudio: Display: Audio Device unregistered from world 'VRTemplateMap'.
[2025.05.24-09.37.08:197][616]LogResonanceAudio: Display: Resonance Audio Listener is shutdown
[2025.05.24-09.37.08:197][616]LogAudioMixer: FMixerPlatformXAudio2::StopAudioStream() called
[2025.05.24-09.37.08:199][616]LogAudioMixer: FMixerPlatformXAudio2::StopAudioStream() called
[2025.05.24-09.37.08:216][616]LogAudio: Display: Audio Device Manager Shutdown
[2025.05.24-09.37.08:217][616]LogWindowsTextInputMethodSystem: Display: IME system deactivated.
[2025.05.24-09.37.08:223][616]LogExit: Preparing to exit.
[2025.05.24-09.37.08:733][616]LogUObjectHash: Compacting FUObjectHashTables data took   1.01ms
[2025.05.24-09.37.08:921][616]LogWorld: UWorld::CleanupWorld for World_1, bSessionEnded=true, bCleanupResources=true
[2025.05.24-09.37.08:922][616]LogWorld: UWorld::CleanupWorld for World_0, bSessionEnded=true, bCleanupResources=true
[2025.05.24-09.37.08:934][616]LogDemo: Cleaned up 0 splitscreen connections with owner deletion
[2025.05.24-09.37.08:940][616]LogWorld: UWorld::CleanupWorld for None, bSessionEnded=true, bCleanupResources=true
[2025.05.24-09.37.08:940][616]LogExit: Editor shut down
[2025.05.24-09.37.08:941][616]LogExit: Transaction tracking system shut down
[2025.05.24-09.37.09:205][616]LogExit: Object subsystem successfully closed.
[2025.05.24-09.37.09:232][616]LogShaderCompilers: Display: === FShaderJobCache stats ===
[2025.05.24-09.37.09:232][616]LogShaderCompilers: Display: Total job queries 0, among them cache hits 0 (0.00%)
[2025.05.24-09.37.09:232][616]LogShaderCompilers: Display: Tracking 0 distinct input hashes that result in 0 distinct outputs (0.00%)
[2025.05.24-09.37.09:232][616]LogShaderCompilers: Display: RAM used: 0.00 MB (0.00 GB) of 1638.40 MB (1.60 GB) budget. Usage: 0.00%
[2025.05.24-09.37.09:232][616]LogShaderCompilers: Display: ================================================
[2025.05.24-09.37.09:247][616]LogShaderCompilers: Display: Shaders left to compile 0
[2025.05.24-09.37.09:273][616]LogModuleManager: Shutting down and abandoning module HierarchicalLODOutliner (860)
[2025.05.24-09.37.09:274][616]LogModuleManager: Shutting down and abandoning module SceneOutliner (858)
[2025.05.24-09.37.09:274][616]LogModuleManager: Shutting down and abandoning module AddContentDialog (856)
[2025.05.24-09.37.09:274][616]LogModuleManager: Shutting down and abandoning module WidgetCarousel (855)
[2025.05.24-09.37.09:274][616]LogModuleManager: Shutting down and abandoning module EditorWidgets (852)
[2025.05.24-09.37.09:274][616]LogModuleManager: Shutting down and abandoning module StatsViewer (850)
[2025.05.24-09.37.09:274][616]LogModuleManager: Shutting down and abandoning module PIEPreviewDeviceProfileSelector (848)
[2025.05.24-09.37.09:274][616]LogModuleManager: Shutting down and abandoning module SequenceRecorderSections (846)
[2025.05.24-09.37.09:274][616]LogModuleManager: Shutting down and abandoning module AutomationWorker (844)
[2025.05.24-09.37.09:274][616]LogModuleManager: Shutting down and abandoning module TakeRecorderSources (842)
[2025.05.24-09.37.09:274][616]LogModuleManager: Shutting down and abandoning module TakeRecorder (841)
[2025.05.24-09.37.09:274][616]LogModuleManager: Shutting down and abandoning module TakeTrackRecorders (838)
[2025.05.24-09.37.09:274][616]LogModuleManager: Shutting down and abandoning module TakesCore (836)
[2025.05.24-09.37.09:274][616]LogModuleManager: Shutting down and abandoning module ResonanceAudioEditor (834)
[2025.05.24-09.37.09:274][616]LogModuleManager: Shutting down and abandoning module OpenXRInput (832)
[2025.05.24-09.37.09:274][616]LogModuleManager: Shutting down and abandoning module GooglePADEditor (830)
[2025.05.24-09.37.09:274][616]LogModuleManager: Shutting down and abandoning module AudioCaptureEditor (828)
[2025.05.24-09.37.09:274][616]LogModuleManager: Shutting down and abandoning module TemplateSequenceEditor (826)
[2025.05.24-09.37.09:274][616]LogModuleManager: Shutting down and abandoning module MatineeToLevelSequence (824)
[2025.05.24-09.37.09:274][616]LogModuleManager: Shutting down and abandoning module LevelSequenceEditor (822)
[2025.05.24-09.37.09:274][616]LogModuleManager: Shutting down and abandoning module WebMMediaFactory (820)
[2025.05.24-09.37.09:274][616]LogModuleManager: Shutting down and abandoning module WebMMediaEditor (818)
[2025.05.24-09.37.09:274][616]LogModuleManager: Shutting down and abandoning module WebMMedia (816)
[2025.05.24-09.37.09:274][616]LogModuleManager: Shutting down and abandoning module ActorSequenceEditor (814)
[2025.05.24-09.37.09:274][616]LogModuleManager: Shutting down and abandoning module WmfMediaFactory (812)
[2025.05.24-09.37.09:274][616]LogModuleManager: Shutting down and abandoning module WmfMediaEditor (810)
[2025.05.24-09.37.09:274][616]LogModuleManager: Shutting down and abandoning module MediaPlayerEditor (808)
[2025.05.24-09.37.09:274][616]LogModuleManager: Shutting down and abandoning module MagicLeapMediaCodecFactory (806)
[2025.05.24-09.37.09:274][616]LogModuleManager: Shutting down and abandoning module MagicLeapMediaFactory (804)
[2025.05.24-09.37.09:274][616]LogModuleManager: Shutting down and abandoning module MagicLeapMediaEditor (802)
[2025.05.24-09.37.09:274][616]LogModuleManager: Shutting down and abandoning module MediaCompositingEditor (800)
[2025.05.24-09.37.09:275][616]LogModuleManager: Shutting down and abandoning module SequenceRecorder (799)
[2025.05.24-09.37.09:275][616]LogModuleManager: Shutting down and abandoning module OpenExrWrapper (796)
[2025.05.24-09.37.09:275][616]LogModuleManager: Shutting down and abandoning module ImgMediaFactory (794)
[2025.05.24-09.37.09:275][616]LogModuleManager: Shutting down and abandoning module ImgMediaEditor (792)
[2025.05.24-09.37.09:275][616]LogModuleManager: Shutting down and abandoning module AvfMediaFactory (790)
[2025.05.24-09.37.09:275][616]LogModuleManager: Shutting down and abandoning module AvfMediaEditor (788)
[2025.05.24-09.37.09:275][616]LogModuleManager: Shutting down and abandoning module AndroidMediaFactory (786)
[2025.05.24-09.37.09:275][616]LogModuleManager: Shutting down and abandoning module AndroidMediaEditor (784)
[2025.05.24-09.37.09:275][616]LogModuleManager: Shutting down and abandoning module PlanarCut (782)
[2025.05.24-09.37.09:275][616]LogModuleManager: Shutting down and abandoning module CharacterAI (780)
[2025.05.24-09.37.09:275][616]LogModuleManager: Shutting down and abandoning module TextureAlignMode (778)
[2025.05.24-09.37.09:275][616]LogModuleManager: Shutting down and abandoning module BspMode (776)
[2025.05.24-09.37.09:275][616]LogModuleManager: Shutting down and abandoning module GeometryMode (774)
[2025.05.24-09.37.09:275][616]LogModuleManager: Shutting down and abandoning module CameraShakePreviewer (772)
[2025.05.24-09.37.09:275][616]LogModuleManager: Shutting down and abandoning module SmartSnapping (770)
[2025.05.24-09.37.09:275][616]LogModuleManager: Shutting down and abandoning module SessionServices (768)
[2025.05.24-09.37.09:275][616]LogModuleManager: Shutting down and abandoning module MeshPaint (766)
[2025.05.24-09.37.09:275][616]LogModuleManager: Shutting down and abandoning module VirtualTexturingEditor (764)
[2025.05.24-09.37.09:275][616]LogModuleManager: Shutting down and abandoning module FoliageEdit (762)
[2025.05.24-09.37.09:275][616]LogModuleManager: Shutting down and abandoning module LandscapeEditor (760)
[2025.05.24-09.37.09:275][616]LogModuleManager: Shutting down and abandoning module MeshPaintMode (758)
[2025.05.24-09.37.09:275][616]LogModuleManager: Shutting down and abandoning module SceneDepthPickerMode (756)
[2025.05.24-09.37.09:275][616]LogModuleManager: Shutting down and abandoning module ActorPickerMode (754)
[2025.05.24-09.37.09:275][616]LogModuleManager: Shutting down and abandoning module PlacementMode (752)
[2025.05.24-09.37.09:275][616]LogModuleManager: Shutting down and abandoning module ViewportSnapping (750)
[2025.05.24-09.37.09:275][616]LogModuleManager: Shutting down and abandoning module ViewportInteraction (748)
[2025.05.24-09.37.09:275][616]LogModuleManager: Shutting down and abandoning module ClothPainter (746)
[2025.05.24-09.37.09:275][616]LogModuleManager: Shutting down and abandoning module SkeletalMeshEditor (745)
[2025.05.24-09.37.09:275][616]LogModuleManager: Shutting down and abandoning module LogVisualizer (742)
[2025.05.24-09.37.09:275][616]LogModuleManager: Shutting down and abandoning module IntroTutorials (740)
[2025.05.24-09.37.09:275][616]LogModuleManager: Shutting down and abandoning module GameProjectGeneration (739)
[2025.05.24-09.37.09:275][616]LogModuleManager: Shutting down and abandoning module LuminPlatformEditor (736)
[2025.05.24-09.37.09:275][616]LogModuleManager: Shutting down and abandoning module IOSPlatformEditor (734)
[2025.05.24-09.37.09:275][616]LogModuleManager: Shutting down and abandoning module AndroidPlatformEditor (732)
[2025.05.24-09.37.09:275][616]LogModuleManager: Shutting down and abandoning module AndroidDeviceDetection (731)
[2025.05.24-09.37.09:685][616]LogModuleManager: Shutting down and abandoning module WindowsPlatformEditor (728)
[2025.05.24-09.37.09:685][616]LogModuleManager: Shutting down and abandoning module LuminRuntimeSettings (726)
[2025.05.24-09.37.09:685][616]LogModuleManager: Shutting down and abandoning module IOSRuntimeSettings (724)
[2025.05.24-09.37.09:685][616]LogModuleManager: Shutting down and abandoning module AndroidRuntimeSettings (722)
[2025.05.24-09.37.09:685][616]LogModuleManager: Shutting down and abandoning module TraceInsights (720)
[2025.05.24-09.37.09:685][616]MemoryProfiler: Shutdown
[2025.05.24-09.37.09:686][616]NetworkingProfiler: Shutdown
[2025.05.24-09.37.09:686][616]LoadingProfiler: Shutdown
[2025.05.24-09.37.09:686][616]TimingProfiler: Shutdown
[2025.05.24-09.37.09:686][616]LogModuleManager: Shutting down and abandoning module TraceServices (719)
[2025.05.24-09.37.09:686][616]LogModuleManager: Shutting down and abandoning module EditorInteractiveToolsFramework (716)
[2025.05.24-09.37.09:686][616]LogModuleManager: Shutting down and abandoning module TimeManagementEditor (714)
[2025.05.24-09.37.09:686][616]LogModuleManager: Shutting down and abandoning module InputBindingEditor (712)
[2025.05.24-09.37.09:686][616]LogModuleManager: Shutting down and abandoning module MergeActors (710)
[2025.05.24-09.37.09:686][616]LogModuleManager: Shutting down and abandoning module LocalizationDashboard (708)
[2025.05.24-09.37.09:686][616]LogModuleManager: Shutting down and abandoning module LocalizationService (707)
[2025.05.24-09.37.09:686][616]LogModuleManager: Shutting down and abandoning module HardwareTargeting (704)
[2025.05.24-09.37.09:686][616]LogModuleManager: Shutting down and abandoning module DeviceProfileEditor (702)
[2025.05.24-09.37.09:686][616]LogModuleManager: Shutting down and abandoning module UndoHistory (700)
[2025.05.24-09.37.09:686][616]LogModuleManager: Shutting down and abandoning module XmlParser (698)
[2025.05.24-09.37.09:686][616]LogModuleManager: Shutting down and abandoning module Blutility (696)
[2025.05.24-09.37.09:686][616]LogModuleManager: Shutting down and abandoning module ProjectSettingsViewer (694)
[2025.05.24-09.37.09:686][616]LogModuleManager: Shutting down and abandoning module ProjectTargetPlatformEditor (693)
[2025.05.24-09.37.09:686][616]LogModuleManager: Shutting down and abandoning module EditorSettingsViewer (690)
[2025.05.24-09.37.09:686][616]LogModuleManager: Shutting down and abandoning module InternationalizationSettings (689)
[2025.05.24-09.37.09:686][616]LogModuleManager: Shutting down and abandoning module SettingsEditor (686)
[2025.05.24-09.37.09:686][616]LogModuleManager: Shutting down and abandoning module ProjectLauncher (684)
[2025.05.24-09.37.09:686][616]LogModuleManager: Shutting down and abandoning module SessionFrontend (682)
[2025.05.24-09.37.09:686][616]LogModuleManager: Shutting down and abandoning module ProfilerClient (680)
[2025.05.24-09.37.09:686][616]LogModuleManager: Shutting down and abandoning module DeviceManager (678)
[2025.05.24-09.37.09:686][616]LogModuleManager: Shutting down and abandoning module TargetDeviceServices (677)
[2025.05.24-09.37.09:719][616]LogModuleManager: Shutting down and abandoning module AutomationController (674)
[2025.05.24-09.37.09:719][616]LogModuleManager: Shutting down and abandoning module AutomationWindow (672)
[2025.05.24-09.37.09:719][616]LogModuleManager: Shutting down and abandoning module Layers (670)
[2025.05.24-09.37.09:719][616]LogModuleManager: Shutting down and abandoning module ComponentVisualizers (668)
[2025.05.24-09.37.09:719][616]LogModuleManager: Shutting down and abandoning module DetailCustomizations (666)
[2025.05.24-09.37.09:719][616]LogModuleManager: Shutting down and abandoning module PackagesDialog (664)
[2025.05.24-09.37.09:719][616]LogModuleManager: Shutting down and abandoning module AnimationBlueprintEditor (662)
[2025.05.24-09.37.09:719][616]LogModuleManager: Shutting down and abandoning module Persona (660)
[2025.05.24-09.37.09:719][616]LogModuleManager: Shutting down and abandoning module AdvancedPreviewScene (659)
[2025.05.24-09.37.09:719][616]LogModuleManager: Shutting down and abandoning module AnimGraph (657)
[2025.05.24-09.37.09:719][616]LogModuleManager: Shutting down and abandoning module Kismet (654)
[2025.05.24-09.37.09:721][616]LogModuleManager: Shutting down and abandoning module KismetWidgets (653)
[2025.05.24-09.37.09:721][616]LogModuleManager: Shutting down and abandoning module GraphEditor (650)
[2025.05.24-09.37.09:721][616]LogModuleManager: Shutting down and abandoning module StructViewer (648)
[2025.05.24-09.37.09:721][616]LogModuleManager: Shutting down and abandoning module ClassViewer (646)
[2025.05.24-09.37.09:721][616]LogModuleManager: Shutting down and abandoning module Toolbox (644)
[2025.05.24-09.37.09:721][616]LogModuleManager: Shutting down and abandoning module ModuleUI (642)
[2025.05.24-09.37.09:721][616]LogModuleManager: Shutting down and abandoning module OutputLog (640)
[2025.05.24-09.37.09:721][616]LogModuleManager: Shutting down and abandoning module GammaUI (638)
[2025.05.24-09.37.09:721][616]LogModuleManager: Shutting down and abandoning module Documentation (636)
[2025.05.24-09.37.09:721][616]LogModuleManager: Shutting down and abandoning module LiveCoding (634)
[2025.05.24-09.37.09:721][616]LogModuleManager: Shutting down and abandoning module LevelSequence (632)
[2025.05.24-09.37.09:721][616]LogModuleManager: Shutting down and abandoning module MovieSceneTracks (630)
[2025.05.24-09.37.09:721][616]LogModuleManager: Shutting down and abandoning module MovieScene (628)
[2025.05.24-09.37.09:721][616]LogModuleManager: Shutting down and abandoning module StreamingPauseRendering (626)
[2025.05.24-09.37.09:721][616]LogModuleManager: Shutting down and abandoning module LauncherPlatform (624)
[2025.05.24-09.37.09:721][616]LogModuleManager: Shutting down and abandoning module AnalyticsET (622)
[2025.05.24-09.37.09:721][616]LogModuleManager: Shutting down and abandoning module PortalServices (620)
[2025.05.24-09.37.09:721][616]LogModuleManager: Shutting down and abandoning module PortalRpc (618)
[2025.05.24-09.37.09:721][616]LogModuleManager: Shutting down and abandoning module MessagingRpc (616)
[2025.05.24-09.37.09:721][616]LogModuleManager: Shutting down and abandoning module AudioMixerXAudio2 (614)
[2025.05.24-09.37.09:721][616]LogModuleManager: Shutting down and abandoning module AudioMixerCore (613)
[2025.05.24-09.37.09:721][616]LogModuleManager: Shutting down and abandoning module AIModule (610)
[2025.05.24-09.37.09:721][616]LogModuleManager: Shutting down and abandoning module GameplayDebugger (609)
[2025.05.24-09.37.09:722][616]LogModuleManager: Shutting down and abandoning module AITestSuite (607)
[2025.05.24-09.37.09:722][616]LogModuleManager: Shutting down and abandoning module NavigationSystem (605)
[2025.05.24-09.37.09:722][616]LogModuleManager: Shutting down and abandoning module ImageWriteQueue (602)
[2025.05.24-09.37.09:729][616]LogModuleManager: Shutting down and abandoning module ProfilerService (600)
[2025.05.24-09.37.09:928][616]LogModuleManager: Shutting down and abandoning module TaskGraph (598)
[2025.05.24-09.37.09:928][616]LogModuleManager: Shutting down and abandoning module AudioSynesthesiaEditor (596)
[2025.05.24-09.37.09:928][616]LogModuleManager: Shutting down and abandoning module ContentBrowserFileDataSource (594)
[2025.05.24-09.37.09:928][616]LogModuleManager: Shutting down and abandoning module ContentBrowserClassDataSource (592)
[2025.05.24-09.37.09:928][616]LogModuleManager: Shutting down and abandoning module ContentBrowserAssetDataSource (590)
[2025.05.24-09.37.09:928][616]LogModuleManager: Shutting down and abandoning module CollectionManager (589)
[2025.05.24-09.37.09:928][616]LogModuleManager: Shutting down and abandoning module VisualStudioSourceCodeAccess (586)
[2025.05.24-09.37.09:928][616]LogModuleManager: Shutting down and abandoning module VisualStudioCodeSourceCodeAccess (584)
[2025.05.24-09.37.09:928][616]LogModuleManager: Shutting down and abandoning module UObjectPlugin (582)
[2025.05.24-09.37.09:928][616]LogModuleManager: Shutting down and abandoning module RiderSourceCodeAccess (580)
[2025.05.24-09.37.09:928][616]LogModuleManager: Shutting down and abandoning module SubversionSourceControl (578)
[2025.05.24-09.37.09:928][616]LogModuleManager: Shutting down and abandoning module PluginUtils (576)
[2025.05.24-09.37.09:928][616]LogModuleManager: Shutting down and abandoning module PlasticSourceControl (574)
[2025.05.24-09.37.09:928][616]LogModuleManager: Shutting down and abandoning module PerforceSourceControl (572)
[2025.05.24-09.37.09:928][616]LogModuleManager: Shutting down and abandoning module GitSourceControl (570)
[2025.05.24-09.37.09:928][616]LogModuleManager: Shutting down and abandoning module SourceControl (569)
[2025.05.24-09.37.09:928][616]LogModuleManager: Shutting down and abandoning module CLionSourceCodeAccess (566)
[2025.05.24-09.37.09:928][616]LogModuleManager: Shutting down and abandoning module AnimationSharingEd (564)
[2025.05.24-09.37.09:928][616]LogModuleManager: Shutting down and abandoning module TakeSequencer (562)
[2025.05.24-09.37.09:929][616]LogModuleManager: Shutting down and abandoning module TakeMovieScene (560)
[2025.05.24-09.37.09:929][616]LogModuleManager: Shutting down and abandoning module SynthesisEditor (558)
[2025.05.24-09.37.09:929][616]LogModuleManager: Shutting down and abandoning module Synthesis (556)
[2025.05.24-09.37.09:929][616]LogModuleManager: Shutting down and abandoning module ResonanceAudio (554)
[2025.05.24-09.37.09:929][616]LogModuleManager: Shutting down and abandoning module ProceduralMeshComponentEditor (552)
[2025.05.24-09.37.09:929][616]LogModuleManager: Shutting down and abandoning module ProceduralMeshComponent (550)
[2025.05.24-09.37.09:929][616]LogModuleManager: Shutting down and abandoning module OpenXREditor (548)
[2025.05.24-09.37.09:929][616]LogModuleManager: Shutting down and abandoning module MobilePatchingUtils (546)
[2025.05.24-09.37.09:929][616]LogModuleManager: Shutting down and abandoning module EditableMesh (544)
[2025.05.24-09.37.09:929][616]LogModuleManager: Shutting down and abandoning module ScreenshotTools (542)
[2025.05.24-09.37.09:929][616]LogModuleManager: Shutting down and abandoning module GooglePAD (540)
[2025.05.24-09.37.09:929][616]LogModuleManager: Shutting down and abandoning module CustomMeshComponent (538)
[2025.05.24-09.37.09:929][616]LogModuleManager: Shutting down and abandoning module CableComponent (536)
[2025.05.24-09.37.09:929][616]LogModuleManager: Shutting down and abandoning module AudioCapture (534)
[2025.05.24-09.37.09:929][616]LogModuleManager: Shutting down and abandoning module AudioCaptureRtAudio (533)
[2025.05.24-09.37.09:929][616]LogModuleManager: Shutting down and abandoning module AssetTags (530)
[2025.05.24-09.37.09:929][616]LogModuleManager: Shutting down and abandoning module ArchVisCharacter (528)
[2025.05.24-09.37.09:929][616]LogModuleManager: Shutting down and abandoning module AppleImageUtilsBlueprintSupport (526)
[2025.05.24-09.37.09:929][616]LogModuleManager: Shutting down and abandoning module AppleImageUtils (524)
[2025.05.24-09.37.09:929][616]LogModuleManager: Shutting down and abandoning module AndroidPermission (522)
[2025.05.24-09.37.09:929][616]LogModuleManager: Shutting down and abandoning module ActorLayerUtilitiesEditor (520)
[2025.05.24-09.37.09:929][616]LogModuleManager: Shutting down and abandoning module ActorLayerUtilities (518)
[2025.05.24-09.37.09:929][616]LogModuleManager: Shutting down and abandoning module TemplateSequence (516)
[2025.05.24-09.37.09:929][616]LogModuleManager: Shutting down and abandoning module MediaCompositing (514)
[2025.05.24-09.37.09:929][616]LogModuleManager: Shutting down and abandoning module ImgMedia (512)
[2025.05.24-09.37.09:929][616]LogModuleManager: Shutting down and abandoning module NiagaraEditorWidgets (510)
[2025.05.24-09.37.09:929][616]LogModuleManager: Shutting down and abandoning module MagicLeapSharedWorld (508)
[2025.05.24-09.37.09:929][616]LogModuleManager: Shutting down and abandoning module MagicLeapLightEstimation (506)
[2025.05.24-09.37.09:929][616]LogModuleManager: Shutting down and abandoning module MagicLeapHelperVulkan (504)
[2025.05.24-09.37.09:929][616]LogModuleManager: Shutting down and abandoning module MagicLeapHelperOpenGL (502)
[2025.05.24-09.37.09:929][616]LogModuleManager: Shutting down and abandoning module MagicLeapAudio (500)
[2025.05.24-09.37.09:929][616]LogModuleManager: Shutting down and abandoning module GeometryCollectionTracks (498)
[2025.05.24-09.37.09:929][616]LogModuleManager: Shutting down and abandoning module GeometryCollectionSequencer (497)
[2025.05.24-09.37.09:929][616]LogModuleManager: Shutting down and abandoning module GeometryCollectionEditor (494)
[2025.05.24-09.37.09:929][616]LogModuleManager: Shutting down and abandoning module OpenImageDenoise (492)
[2025.05.24-09.37.09:929][616]LogOpenImageDenoise: OIDN shutting down
[2025.05.24-09.37.09:929][616]LogModuleManager: Shutting down and abandoning module MotoSynthEditor (490)
[2025.05.24-09.37.09:929][616]LogModuleManager: Shutting down and abandoning module MotoSynth (488)
[2025.05.24-09.37.09:929][616]LogModuleManager: Shutting down and abandoning module MeshConversion (486)
[2025.05.24-09.37.09:929][616]LogModuleManager: Shutting down and abandoning module DynamicMesh (484)
[2025.05.24-09.37.09:929][616]LogModuleManager: Shutting down and abandoning module GeometryAlgorithms (482)
[2025.05.24-09.37.09:929][616]LogModuleManager: Shutting down and abandoning module GeometricObjects (480)
[2025.05.24-09.37.09:929][616]LogModuleManager: Shutting down and abandoning module GeometryCacheTracks (478)
[2025.05.24-09.37.09:929][616]LogModuleManager: Shutting down and abandoning module GeometryCacheStreamer (476)
[2025.05.24-09.37.09:929][616]LogModuleManager: Shutting down and abandoning module GeometryCacheSequencer (474)
[2025.05.24-09.37.09:929][616]LogModuleManager: Shutting down and abandoning module ChaosSolverEditor (472)
[2025.05.24-09.37.09:929][616]LogModuleManager: Shutting down and abandoning module ChaosNiagara (470)
[2025.05.24-09.37.09:929][616]LogModuleManager: Shutting down and abandoning module ChaosClothEditor (468)
[2025.05.24-09.37.09:929][616]LogModuleManager: Shutting down and abandoning module FractureEditor (466)
[2025.05.24-09.37.09:929][616]LogModuleManager: Shutting down and abandoning module FieldSystemEngine (465)
[2025.05.24-09.37.09:929][616]LogModuleManager: Shutting down and abandoning module AutomationUtilsEditor (462)
[2025.05.24-09.37.09:929][616]LogModuleManager: Shutting down and abandoning module AutomationUtils (460)
[2025.05.24-09.37.09:929][616]LogModuleManager: Shutting down and abandoning module BackChannel (458)
[2025.05.24-09.37.09:929][616]LogModuleManager: Shutting down and abandoning module AlembicImporter (456)
[2025.05.24-09.37.09:929][616]LogModuleManager: Shutting down and abandoning module AlembicLibrary (455)
[2025.05.24-09.37.09:929][616]LogModuleManager: Shutting down and abandoning module GeometryCache (454)
[2025.05.24-09.37.09:929][616]LogModuleManager: Shutting down and abandoning module GeometryCacheEd (453)
[2025.05.24-09.37.09:929][616]LogModuleManager: Shutting down and abandoning module MobileLauncherProfileWizard (448)
[2025.05.24-09.37.09:929][616]LogModuleManager: Shutting down and abandoning module SpeedTreeImporter (446)
[2025.05.24-09.37.09:929][616]LogModuleManager: Shutting down and abandoning module PluginBrowser (444)
[2025.05.24-09.37.09:929][616]LogModuleManager: Shutting down and abandoning module MaterialAnalyzer (442)
[2025.05.24-09.37.09:929][616]LogModuleManager: Shutting down and abandoning module CurveEditorTools (440)
[2025.05.24-09.37.09:930][616]LogModuleManager: Shutting down and abandoning module CryptoKeysOpenSSL (438)
[2025.05.24-09.37.09:930][616]LogModuleManager: Shutting down and abandoning module CryptoKeys (436)
[2025.05.24-09.37.09:930][616]LogModuleManager: Shutting down and abandoning module VariantManagerContentEditor (434)
[2025.05.24-09.37.09:930][616]LogModuleManager: Shutting down and abandoning module DatasmithContentEditor (432)
[2025.05.24-09.37.09:930][616]LogModuleManager: Shutting down and abandoning module OodleNetworkHandlerComponent (430)
[2025.05.24-09.37.09:930][616]LogModuleManager: Shutting down and abandoning module LiveLinkSequencer (428)
[2025.05.24-09.37.09:930][616]LogModuleManager: Shutting down and abandoning module LiveLinkMovieScene (426)
[2025.05.24-09.37.09:930][616]LogModuleManager: Shutting down and abandoning module LiveLinkGraphNode (424)
[2025.05.24-09.37.09:930][616]LogModuleManager: Shutting down and abandoning module LiveLinkEditor (422)
[2025.05.24-09.37.09:930][616]LogModuleManager: Shutting down and abandoning module LiveLinkComponents (420)
[2025.05.24-09.37.09:930][616]LogModuleManager: Shutting down and abandoning module LiveLink (418)
[2025.05.24-09.37.10:787][616]LogModuleManager: Shutting down and abandoning module LightPropagationVolumeEditor (416)
[2025.05.24-09.37.10:787][616]LogModuleManager: Shutting down and abandoning module PaperTiledImporter (414)
[2025.05.24-09.37.10:787][616]LogModuleManager: Shutting down and abandoning module PaperSpriteSheetImporter (412)
[2025.05.24-09.37.10:787][616]LogModuleManager: Shutting down and abandoning module Paper2DEditor (410)
[2025.05.24-09.37.10:787][616]LogModuleManager: Shutting down and abandoning module MeshPaintingToolset (408)
[2025.05.24-09.37.10:787][616]LogModuleManager: Shutting down and abandoning module MeshPaintEditorMode (406)
[2025.05.24-09.37.10:787][616]LogModuleManager: Shutting down and abandoning module PropertyAccessNode (404)
[2025.05.24-09.37.10:787][616]LogModuleManager: Shutting down and abandoning module AnimationSharing (402)
[2025.05.24-09.37.10:787][616]LogModuleManager: Shutting down and abandoning module SoundFields (400)
[2025.05.24-09.37.10:787][616]LogModuleManager: Shutting down and abandoning module SignificanceManager (398)
[2025.05.24-09.37.10:787][616]LogModuleManager: Shutting down and abandoning module RuntimePhysXCooking (396)
[2025.05.24-09.37.10:787][616]LogModuleManager: Shutting down and abandoning module PropertyAccessEditor (394)
[2025.05.24-09.37.10:787][616]LogModuleManager: Shutting down and abandoning module PhysXVehiclesEditor (392)
[2025.05.24-09.37.10:787][616]LogModuleManager: Shutting down and abandoning module LocationServicesBPLibrary (388)
[2025.05.24-09.37.10:787][616]LogModuleManager: Shutting down and abandoning module AudioSynesthesia (386)
[2025.05.24-09.37.10:787][616]LogModuleManager: Shutting down and abandoning module AudioSynesthesiaCore (384)
[2025.05.24-09.37.10:787][616]LogModuleManager: Shutting down and abandoning module ActorSequence (382)
[2025.05.24-09.37.10:787][616]LogModuleManager: Shutting down and abandoning module UdpMessaging (380)
[2025.05.24-09.37.10:889][616]LogModuleManager: Shutting down and abandoning module TcpMessaging (378)
[2025.05.24-09.37.10:989][616]LogModuleManager: Shutting down and abandoning module ImgMediaEngine (376)
[2025.05.24-09.37.10:989][616]LogModuleManager: Shutting down and abandoning module NiagaraAnimNotifies (374)
[2025.05.24-09.37.10:989][616]LogModuleManager: Shutting down and abandoning module Niagara (372)
[2025.05.24-09.37.10:989][616]LogModuleManager: Shutting down and abandoning module SignalProcessing (371)
[2025.05.24-09.37.10:989][616]LogModuleManager: Shutting down and abandoning module NiagaraEditor (369)
[2025.05.24-09.37.10:989][616]LogModuleManager: Shutting down and abandoning module NiagaraCore (366)
[2025.05.24-09.37.10:989][616]LogModuleManager: Shutting down and abandoning module MagicLeapARPin (364)
[2025.05.24-09.37.10:989][616]LogModuleManager: Shutting down and abandoning module MagicLeapHandMeshing (362)
[2025.05.24-09.37.10:990][616]LogModuleManager: Shutting down and abandoning module MagicLeapSecureStorage (360)
[2025.05.24-09.37.10:990][616]LogModuleManager: Shutting down and abandoning module MagicLeapPrivileges (358)
[2025.05.24-09.37.10:990][616]LogModuleManager: Shutting down and abandoning module MagicLeapPlanes (356)
[2025.05.24-09.37.10:990][616]LogMagicLeapPlanes: Planes tracker already destroyed.
[2025.05.24-09.37.10:990][616]LogModuleManager: Shutting down and abandoning module MagicLeapImageTracker (354)
[2025.05.24-09.37.10:990][616]LogModuleManager: Shutting down and abandoning module MagicLeapIdentity (352)
[2025.05.24-09.37.10:990][616]LogModuleManager: Shutting down and abandoning module MagicLeapHandTracking (350)
[2025.05.24-09.37.10:990][616]LogModuleManager: Shutting down and abandoning module MagicLeapEyeTracker (348)
[2025.05.24-09.37.10:990][616]LogModuleManager: Shutting down and abandoning module MagicLeapController (346)
[2025.05.24-09.37.10:990][616]LogModuleManager: Shutting down and abandoning module MagicLeapARPinImpl (344)
[2025.05.24-09.37.10:990][616]LogModuleManager: Shutting down and abandoning module MagicLeapAR (342)
[2025.05.24-09.37.10:990][616]LogModuleManager: Shutting down and abandoning module PythonScriptPlugin (340)
[2025.05.24-09.37.10:990][616]LogModuleManager: Shutting down and abandoning module GameplayTagsEditor (338)
[2025.05.24-09.37.10:990][616]LogModuleManager: Shutting down and abandoning module FacialAnimationEditor (336)
[2025.05.24-09.37.10:990][616]LogModuleManager: Shutting down and abandoning module FacialAnimation (334)
[2025.05.24-09.37.10:990][616]LogModuleManager: Shutting down and abandoning module DataValidation (332)
[2025.05.24-09.37.10:991][616]LogModuleManager: Shutting down and abandoning module AssetManagerEditor (330)
[2025.05.24-09.37.10:991][616]LogModuleManager: Shutting down and abandoning module LevelEditor (329)
[2025.05.24-09.37.10:997][616]LogModuleManager: Shutting down and abandoning module PixelInspectorModule (328)
[2025.05.24-09.37.10:997][616]LogModuleManager: Shutting down and abandoning module CommonMenuExtensions (326)
[2025.05.24-09.37.10:997][616]LogModuleManager: Shutting down and abandoning module MainFrame (324)
[2025.05.24-09.37.10:997][616]LogModuleManager: Shutting down and abandoning module HotReload (323)
[2025.05.24-09.37.11:000][616]LogModuleManager: Shutting down and abandoning module ToolMenus (319)
[2025.05.24-09.37.11:000][616]LogModuleManager: Shutting down and abandoning module ContentBrowser (317)
[2025.05.24-09.37.11:000][616]LogModuleManager: Shutting down and abandoning module ContentBrowserData (316)
[2025.05.24-09.37.11:000][616]LogModuleManager: Shutting down and abandoning module TreeMap (313)
[2025.05.24-09.37.11:000][616]LogModuleManager: Shutting down and abandoning module GameplayCameras (310)
[2025.05.24-09.37.11:000][616]LogModuleManager: Shutting down and abandoning module LightPropagationVolumeRuntime (308)
[2025.05.24-09.37.11:000][616]LogModuleManager: Shutting down and abandoning module EnvironmentQueryEditor (306)
[2025.05.24-09.37.11:000][616]LogModuleManager: Shutting down and abandoning module Paper2D (304)
[2025.05.24-09.37.11:000][616]LogModuleManager: Shutting down and abandoning module WindowsMoviePlayer (302)
[2025.05.24-09.37.11:001][616]LogModuleManager: Shutting down and abandoning module WebMMoviePlayer (300)
[2025.05.24-09.37.11:002][616]LogModuleManager: Shutting down and abandoning module NetworkReplayStreaming (298)
[2025.05.24-09.37.11:002][616]LogModuleManager: Shutting down and abandoning module PacketHandler (296)
[2025.05.24-09.37.11:002][616]LogModuleManager: Shutting down and abandoning module ClothingSystemEditor (294)
[2025.05.24-09.37.11:002][616]LogModuleManager: Shutting down and abandoning module ClothingSystemRuntimeNv (292)
[2025.05.24-09.37.11:002][616]LogModuleManager: Shutting down and abandoning module MediaAssets (290)
[2025.05.24-09.37.11:002][616]LogModuleManager: Shutting down and abandoning module Overlay (288)
[2025.05.24-09.37.11:002][616]LogModuleManager: Shutting down and abandoning module OverlayEditor (287)
[2025.05.24-09.37.11:002][616]LogModuleManager: Shutting down and abandoning module VREditor (284)
[2025.05.24-09.37.11:002][616]LogModuleManager: Shutting down and abandoning module StringTableEditor (282)
[2025.05.24-09.37.11:002][616]LogModuleManager: Shutting down and abandoning module GameplayTasksEditor (280)
[2025.05.24-09.37.11:002][616]LogModuleManager: Shutting down and abandoning module BehaviorTreeEditor (278)
[2025.05.24-09.37.11:002][616]LogModuleManager: Shutting down and abandoning module FunctionalTesting (276)
[2025.05.24-09.37.11:002][616]LogModuleManager: Shutting down and abandoning module CollisionAnalyzer (274)
[2025.05.24-09.37.11:002][616]LogModuleManager: Shutting down and abandoning module WorkspaceMenuStructure (273)
[2025.05.24-09.37.11:002][616]LogModuleManager: Shutting down and abandoning module UMG (270)
[2025.05.24-09.37.11:002][616]LogModuleManager: Shutting down and abandoning module UMGEditor (269)
[2025.05.24-09.37.11:002][616]LogModuleManager: Shutting down and abandoning module MessageLog (267)
[2025.05.24-09.37.11:002][616]LogModuleManager: Shutting down and abandoning module SlateReflector (262)
[2025.05.24-09.37.11:003][616]LogModuleManager: Shutting down and abandoning module Slate (260)
[2025.05.24-09.37.11:003][616]LogModuleManager: Shutting down and abandoning module SlateCore (258)
[2025.05.24-09.37.11:005][616]LogModuleManager: Shutting down and abandoning module LandscapeEditorUtilities (256)
[2025.05.24-09.37.11:006][616]LogModuleManager: Shutting down and abandoning module UnrealEd (254)
[2025.05.24-09.37.11:006][616]LogModuleManager: Shutting down and abandoning module MRMesh (252)
[2025.05.24-09.37.11:006][616]LogModuleManager: Shutting down and abandoning module SourceCodeAccess (250)
[2025.05.24-09.37.11:006][616]LogModuleManager: Shutting down and abandoning module HeadMountedDisplay (248)
[2025.05.24-09.37.11:006][616]LogModuleManager: Shutting down and abandoning module XAudio2 (246)
[2025.05.24-09.37.11:006][616]LogModuleManager: Shutting down and abandoning module Networking (244)
[2025.05.24-09.37.11:006][616]LogModuleManager: Shutting down and abandoning module Core (242)
[2025.05.24-09.37.11:006][616]LogModuleManager: Shutting down and abandoning module MaterialEditor (240)
[2025.05.24-09.37.11:006][616]LogModuleManager: Shutting down and abandoning module MovieSceneTools (238)
[2025.05.24-09.37.11:007][616]LogModuleManager: Shutting down and abandoning module CurveEditor (237)
[2025.05.24-09.37.11:007][616]LogModuleManager: Shutting down and abandoning module Sequencer (235)
[2025.05.24-09.37.11:008][616]LogModuleManager: Shutting down and abandoning module EditorStyle (234)
[2025.05.24-09.37.11:011][616]LogModuleManager: Shutting down and abandoning module KismetCompiler (230)
[2025.05.24-09.37.11:011][616]LogModuleManager: Shutting down and abandoning module MeshBuilder (228)
[2025.05.24-09.37.11:011][616]LogModuleManager: Shutting down and abandoning module MeshUtilities (226)
[2025.05.24-09.37.11:011][616]LogModuleManager: Shutting down and abandoning module MeshMergeUtilities (225)
[2025.05.24-09.37.11:013][616]LogModuleManager: Shutting down and abandoning module MeshReductionInterface (224)
[2025.05.24-09.37.11:013][616]LogModuleManager: Shutting down and abandoning module MeshBoneReduction (223)
[2025.05.24-09.37.11:014][616]LogModuleManager: Shutting down and abandoning module SkeletalMeshReduction (221)
[2025.05.24-09.37.11:014][616]LogModuleManager: Shutting down and abandoning module ProxyLODMeshReduction (219)
[2025.05.24-09.37.11:014][616]LogModuleManager: Shutting down and abandoning module QuadricMeshReduction (217)
[2025.05.24-09.37.11:014][616]LogModuleManager: Shutting down and abandoning module MaterialBaking (213)
[2025.05.24-09.37.11:014][616]LogModuleManager: Shutting down and abandoning module NullInstallBundleManager (208)
[2025.05.24-09.37.11:014][616]LogModuleManager: Shutting down and abandoning module DerivedDataCache (206)
[2025.05.24-09.37.11:014][616]LogModuleManager: Shutting down and abandoning module TargetPlatform (204)
[2025.05.24-09.37.11:014][616]LogModuleManager: Shutting down and abandoning module VulkanShaderFormat (203)
[2025.05.24-09.37.11:015][616]LogModuleManager: Shutting down and abandoning module ShaderFormatVectorVM (201)
[2025.05.24-09.37.11:015][616]LogModuleManager: Shutting down and abandoning module ShaderFormatOpenGL (199)
[2025.05.24-09.37.11:015][616]LogModuleManager: Shutting down and abandoning module ShaderFormatD3D (197)
[2025.05.24-09.37.11:015][616]LogModuleManager: Shutting down and abandoning module MetalShaderFormat (195)
[2025.05.24-09.37.11:015][616]LogModuleManager: Shutting down and abandoning module TextureFormatOodle (193)
[2025.05.24-09.37.11:015][616]LogModuleManager: Shutting down and abandoning module TextureFormatUncompressed (191)
[2025.05.24-09.37.11:015][616]LogModuleManager: Shutting down and abandoning module TextureFormatPVR (189)
[2025.05.24-09.37.11:015][616]LogModuleManager: Shutting down and abandoning module TextureFormatETC2 (187)
[2025.05.24-09.37.11:015][616]LogModuleManager: Shutting down and abandoning module TextureFormatDXT (185)
[2025.05.24-09.37.11:015][616]LogModuleManager: Shutting down and abandoning module TextureFormatIntelISPCTexComp (183)
[2025.05.24-09.37.11:015][616]LogModuleManager: Shutting down and abandoning module TextureFormatASTC (181)
[2025.05.24-09.37.11:015][616]LogModuleManager: Shutting down and abandoning module ImageWrapper (180)
[2025.05.24-09.37.11:015][616]LogModuleManager: Shutting down and abandoning module AudioFormatOpus (177)
[2025.05.24-09.37.11:015][616]LogModuleManager: Shutting down and abandoning module AudioFormatOgg (175)
[2025.05.24-09.37.11:015][616]LogModuleManager: Shutting down and abandoning module AudioFormatADPCM (173)
[2025.05.24-09.37.11:015][616]LogModuleManager: Shutting down and abandoning module WindowsServerTargetPlatform (171)
[2025.05.24-09.37.11:015][616]LogModuleManager: Shutting down and abandoning module WindowsClientTargetPlatform (169)
[2025.05.24-09.37.11:015][616]LogModuleManager: Shutting down and abandoning module WindowsTargetPlatform (167)
[2025.05.24-09.37.11:015][616]LogModuleManager: Shutting down and abandoning module WindowsNoEditorTargetPlatform (165)
[2025.05.24-09.37.11:015][616]LogModuleManager: Shutting down and abandoning module TVOSTargetPlatform (163)
[2025.05.24-09.37.11:017][616]LogModuleManager: Shutting down and abandoning module MacServerTargetPlatform (161)
[2025.05.24-09.37.11:018][616]LogModuleManager: Shutting down and abandoning module MacClientTargetPlatform (159)
[2025.05.24-09.37.11:018][616]LogModuleManager: Shutting down and abandoning module MacTargetPlatform (157)
[2025.05.24-09.37.11:018][616]LogModuleManager: Shutting down and abandoning module MacNoEditorTargetPlatform (155)
[2025.05.24-09.37.11:018][616]LogModuleManager: Shutting down and abandoning module LuminTargetPlatform (153)
[2025.05.24-09.37.11:020][616]LogModuleManager: Shutting down and abandoning module LinuxAArch64ServerTargetPlatform (151)
[2025.05.24-09.37.11:020][616]LogModuleManager: Shutting down and abandoning module LinuxAArch64ClientTargetPlatform (149)
[2025.05.24-09.37.11:020][616]LogModuleManager: Shutting down and abandoning module LinuxAArch64NoEditorTargetPlatform (147)
[2025.05.24-09.37.11:020][616]LogModuleManager: Shutting down and abandoning module LinuxServerTargetPlatform (145)
[2025.05.24-09.37.11:020][616]LogModuleManager: Shutting down and abandoning module LinuxClientTargetPlatform (143)
[2025.05.24-09.37.11:020][616]LogModuleManager: Shutting down and abandoning module LinuxNoEditorTargetPlatform (141)
[2025.05.24-09.37.11:021][616]LogModuleManager: Shutting down and abandoning module LinuxTargetPlatform (139)
[2025.05.24-09.37.11:021][616]LogModuleManager: Shutting down and abandoning module Messaging (137)
[2025.05.24-09.37.11:021][616]LogModuleManager: Shutting down and abandoning module IOSTargetPlatform (135)
[2025.05.24-09.37.11:023][616]LogModuleManager: Shutting down and abandoning module AndroidTargetPlatform (133)
[2025.05.24-09.37.11:037][616]LogModuleManager: Shutting down and abandoning module AllDesktopTargetPlatform (131)
[2025.05.24-09.37.11:037][616]LogModuleManager: Shutting down and abandoning module D3D11RHI (128)
[2025.05.24-09.37.11:037][616]LogModuleManager: Shutting down and abandoning module InputCore (126)
[2025.05.24-09.37.11:037][616]LogModuleManager: Shutting down and abandoning module Settings (124)
[2025.05.24-09.37.11:037][616]LogModuleManager: Shutting down and abandoning module DirectoryWatcher (122)
[2025.05.24-09.37.11:037][616]LogModuleManager: Shutting down and abandoning module PhysXCooking (120)
[2025.05.24-09.37.11:037][616]LogModuleManager: Shutting down and abandoning module Chaos (118)
[2025.05.24-09.37.11:037][616]LogModuleManager: Shutting down and abandoning module WindowsPlatformFeatures (116)
[2025.05.24-09.37.11:037][616]LogModuleManager: Shutting down and abandoning module GameplayMediaEncoder (115)
[2025.05.24-09.37.11:037][616]LogModuleManager: Shutting down and abandoning module AVEncoder (114)
[2025.05.24-09.37.11:037][616]LogModuleManager: Shutting down and abandoning module OculusOpenXRHMD (110)
[2025.05.24-09.37.11:037][616]LogModuleManager: Shutting down and abandoning module PixWinPlugin (108)
[2025.05.24-09.37.11:037][616]LogModuleManager: Shutting down and abandoning module OpenXRHandTracking (106)
[2025.05.24-09.37.11:039][616]LogSlate: Slate User Destroyed.  User Index 0, Is Virtual User: 0
[2025.05.24-09.37.11:041][616]LogModuleManager: Shutting down and abandoning module OpenXREyeTracker (104)
[2025.05.24-09.37.11:041][616]LogModuleManager: Shutting down and abandoning module OpenXRAR (102)
[2025.05.24-09.37.11:041][616]LogModuleManager: Shutting down and abandoning module AugmentedReality (101)
[2025.05.24-09.37.11:042][616]LogModuleManager: Shutting down and abandoning module OpenXRHMD (98)
[2025.05.24-09.37.11:042][616]LogModuleManager: Shutting down and abandoning module ExampleDeviceProfileSelector (96)
[2025.05.24-09.37.11:042][616]LogModuleManager: Shutting down and abandoning module ChunkDownloader (94)
[2025.05.24-09.37.11:042][616]LogModuleManager: Shutting down and abandoning module OnlineBlueprintSupport (92)
[2025.05.24-09.37.11:042][616]LogModuleManager: Shutting down and abandoning module LauncherChunkInstaller (88)
[2025.05.24-09.37.11:042][616]LogModuleManager: Shutting down and abandoning module OnlineSubsystem (86)
[2025.05.24-09.37.11:044][616]LogModuleManager: Shutting down and abandoning module XMPP (81)
[2025.05.24-09.37.11:046][616]LogModuleManager: Shutting down and abandoning module WebSockets (80)
[2025.05.24-09.37.11:068][616]LogModuleManager: Shutting down and abandoning module HTTP (77)
[2025.05.24-09.37.11:068][616]LogHttp: Display: Http module shutting down, but needs to wait on 1 outstanding Http requests:
[2025.05.24-09.37.11:069][616]LogHttp: Display: 	verb=[POST] url=[https://datarouter.ol.epicgames.com/datarouter/api/v1/public/data?SessionID=%7B29132500-4BC4-BF2D-DB20-6286531B89A6%7D&AppID=UEEditor.Rocket.Release&AppVersion=4.27.2-18319896%2B%2B%2BUE4%2BRelease-4.27&UserID=a98fe3f4478cfa571d32e6bbe1223fe9%7C8d32778956cb44dfb34b73f885e41c5d%7Cabf14a6e-5bf6-4b84-b532-19c2061b8481&AppEnvironment=datacollector-binary&UploadType=eteventstream] refs=[1] status=Processing
[2025.05.24-09.37.11:069][616]LogHttp: Display: cleaning up 1 outstanding Http requests.
[2025.05.24-09.37.11:097][616]LogModuleManager: Shutting down and abandoning module SSL (76)
[2025.05.24-09.37.11:110][616]LogModuleManager: Shutting down and abandoning module WmfMedia (72)
[2025.05.24-09.37.11:123][616]LogModuleManager: Shutting down and abandoning module Media (71)
[2025.05.24-09.37.11:126][616]LogModuleManager: Shutting down and abandoning module MediaInfo (70)
[2025.05.24-09.37.11:128][616]LogModuleManager: Shutting down and abandoning module ExrReaderGpu (66)
[2025.05.24-09.37.11:128][616]LogModuleManager: Shutting down and abandoning module NiagaraVertexFactories (64)
[2025.05.24-09.37.11:128][616]LogModuleManager: Shutting down and abandoning module NiagaraShader (62)
[2025.05.24-09.37.11:128][616]LogModuleManager: Shutting down and abandoning module MLSDK (60)
[2025.05.24-09.37.11:128][616]LogModuleManager: Shutting down and abandoning module MagicLeap (58)
[2025.05.24-09.37.11:128][616]LogModuleManager: Shutting down and abandoning module ChaosCloth (56)
[2025.05.24-09.37.11:128][616]LogModuleManager: Shutting down and abandoning module VariantManagerContent (54)
[2025.05.24-09.37.11:128][616]LogModuleManager: Shutting down and abandoning module DatasmithContent (52)
[2025.05.24-09.37.11:134][616]LogModuleManager: Shutting down and abandoning module AISupportModule (50)
[2025.05.24-09.37.11:134][616]LogModuleManager: Shutting down and abandoning module DesktopPlatform (48)
[2025.05.24-09.37.11:134][616]LogModuleManager: Shutting down and abandoning module PythonScriptPluginPreload (46)
[2025.05.24-09.37.11:134][616]LogModuleManager: Shutting down and abandoning module PlatformCryptoOpenSSL (44)
[2025.05.24-09.37.11:134][616]LogModuleManager: Shutting down and abandoning module PlatformCryptoTypes (42)
[2025.05.24-09.37.11:134][616]LogModuleManager: Shutting down and abandoning module PlatformCrypto (40)
[2025.05.24-09.37.11:134][616]LogModuleManager: Shutting down and abandoning module OodleDataCompressionFormat (38)
[2025.05.24-09.37.11:134][616]LogModuleManager: Shutting down and abandoning module XGEController (36)
[2025.05.24-09.37.11:134][616]LogModuleManager: Shutting down and abandoning module AnimationModifiers (34)
[2025.05.24-09.37.11:134][616]LogModuleManager: Shutting down and abandoning module AudioEditor (32)
[2025.05.24-09.37.11:135][616]LogModuleManager: Shutting down and abandoning module PropertyEditor (31)
[2025.05.24-09.37.11:135][616]LogModuleManager: Shutting down and abandoning module TextureCompressor (28)
[2025.05.24-09.37.11:136][616]LogModuleManager: Shutting down and abandoning module RenderCore (26)
[2025.05.24-09.37.11:136][616]LogModuleManager: Shutting down and abandoning module Landscape (24)
[2025.05.24-09.37.11:136][616]LogModuleManager: Shutting down and abandoning module SlateRHIRenderer (22)
[2025.05.24-09.37.11:145][616]LogModuleManager: Shutting down and abandoning module AnimGraphRuntime (20)
[2025.05.24-09.37.11:145][616]LogModuleManager: Shutting down and abandoning module Renderer (18)
[2025.05.24-09.37.11:146][616]LogModuleManager: Shutting down and abandoning module Engine (16)
[2025.05.24-09.37.11:146][616]LogModuleManager: Shutting down and abandoning module CoreUObject (14)
[2025.05.24-09.37.11:146][616]LogModuleManager: Shutting down and abandoning module NetworkFile (12)
[2025.05.24-09.37.11:146][616]LogModuleManager: Shutting down and abandoning module CookedIterativeFile (10)
[2025.05.24-09.37.11:146][616]LogModuleManager: Shutting down and abandoning module StreamingFile (8)
[2025.05.24-09.37.11:146][616]LogModuleManager: Shutting down and abandoning module SandboxFile (6)
[2025.05.24-09.37.11:146][616]LogModuleManager: Shutting down and abandoning module PakFile (4)
[2025.05.24-09.37.11:146][616]LogModuleManager: Shutting down and abandoning module RSA (3)
[2025.05.24-09.37.11:638][616]LogContentStreaming: Display: There are 1 unreleased StreamingManagers
[2025.05.24-09.37.11:664][616]LogD3D11RHI: Shutdown
[2025.05.24-09.37.11:664][616]LogD3D11RHI: CleanupD3DDevice
[2025.05.24-09.37.11:666][616]LogExit: Exiting.
[2025.05.24-09.37.11:671][616]Log file closed, 05/24/25 12:37:11
