Log file open, 05/26/25 13:45:09
LogWindows: Failed to load 'aqProf.dll' (GetLastError=126)
LogWindows: File 'aqProf.dll' does not exist
LogWindows: Failed to load 'VtuneApi.dll' (GetLastError=126)
LogWindows: File 'VtuneApi.dll' does not exist
LogWindows: Failed to load 'VtuneApi32e.dll' (GetLastError=126)
LogWindows: File 'VtuneApi32e.dll' does not exist
LogConsoleResponse: Display: Failed to find resolution value strings in scalability ini. Falling back to default.
LogConsoleResponse: Display: Failed to find resolution value strings in scalability ini. Falling back to default.
LogInit: Display: Running engine for game: MyProject
LogPlatformFile: Not using cached read wrapper
LogTaskGraph: Started task graph with 5 named threads and 35 total threads with 3 sets of task threads.
LogStats: Stats thread started at 0.271252
LogICUInternationalization: ICU TimeZone Detection - Raw Offset: +3:00, Platform Override: ''
LogInit: Display: Loading text-based GConfig....
LogPluginManager: Mounting plugin MeshPainting
LogPluginManager: Mounting plugin XGEController
LogPluginManager: Mounting plugin Paper2D
LogPluginManager: Mounting plugin LiveLink
LogPluginManager: Mounting plugin AISupport
LogPluginManager: Mounting plugin EnvironmentQueryEditor
LogPluginManager: Mounting plugin LightPropagationVolume
LogPluginManager: Mounting plugin OodleNetwork
LogPluginManager: Mounting plugin OodleData
LogPluginManager: Mounting plugin DataValidation
LogPluginManager: Mounting plugin AssetManagerEditor
LogPluginManager: Mounting plugin CurveEditorTools
LogPluginManager: Mounting plugin GameplayTagsEditor
LogPluginManager: Mounting plugin FacialAnimation
LogPluginManager: Mounting plugin CryptoKeys
LogPluginManager: Mounting plugin GeometryMode
LogPluginManager: Mounting plugin MacGraphicsSwitching
LogPluginManager: Mounting plugin MobileLauncherProfileWizard
LogPluginManager: Mounting plugin MaterialAnalyzer
LogPluginManager: Mounting plugin DatasmithContent
LogPluginManager: Mounting plugin VariantManagerContent
LogPluginManager: Mounting plugin AlembicImporter
LogPluginManager: Mounting plugin AutomationUtils
LogPluginManager: Mounting plugin BackChannel
LogPluginManager: Mounting plugin ChaosClothEditor
LogPluginManager: Mounting plugin ChaosCloth
LogPluginManager: Mounting plugin ChaosEditor
LogPluginManager: Mounting plugin ChaosNiagara
LogPluginManager: Mounting plugin ChaosSolverPlugin
LogPluginManager: Mounting plugin CharacterAI
LogPluginManager: Mounting plugin GameplayCameras
LogPluginManager: Mounting plugin CameraShakePreviewer
LogPluginManager: Mounting plugin GeometryCache
LogPluginManager: Mounting plugin GeometryCollectionPlugin
LogPluginManager: Mounting plugin GeometryProcessing
LogPluginManager: Mounting plugin MotoSynth
LogPluginManager: Mounting plugin PlanarCut
LogPluginManager: Mounting plugin OpenImageDenoise
LogPluginManager: Mounting plugin PlatformCrypto
LogPluginManager: Mounting plugin ProxyLODPlugin
LogPluginManager: Mounting plugin PythonScriptPlugin
LogPluginManager: Mounting plugin AnimationSharing
LogPluginManager: Mounting plugin CLionSourceCodeAccess
LogPluginManager: Mounting plugin CodeLiteSourceCodeAccess
LogPluginManager: Mounting plugin GitSourceControl
LogPluginManager: Mounting plugin NullSourceCodeAccess
LogPluginManager: Mounting plugin KDevelopSourceCodeAccess
LogPluginManager: Mounting plugin PixWinPlugin
LogPluginManager: Mounting plugin PerforceSourceControl
LogPluginManager: Mounting plugin PlasticSourceControl
LogPluginManager: Mounting plugin PluginUtils
LogPluginManager: Mounting plugin PropertyAccessNode
LogPluginManager: Mounting plugin RiderSourceCodeAccess
LogPluginManager: Mounting plugin SubversionSourceControl
LogPluginManager: Mounting plugin TextureFormatOodle
LogPluginManager: Mounting plugin UObjectPlugin
LogPluginManager: Mounting plugin VisualStudioSourceCodeAccess
LogPluginManager: Mounting plugin VisualStudioCodeSourceCodeAccess
LogPluginManager: Mounting plugin XCodeSourceCodeAccess
LogPluginManager: Mounting plugin SkeletalReduction
LogPluginManager: Mounting plugin Niagara
LogPluginManager: Mounting plugin AndroidMedia
LogPluginManager: Mounting plugin AvfMedia
LogPluginManager: Mounting plugin UdpMessaging
LogPluginManager: Mounting plugin TcpMessaging
LogPluginManager: Mounting plugin ImgMedia
LogPluginManager: Mounting plugin MediaCompositing
LogPluginManager: Mounting plugin MediaPlayerEditor
LogPluginManager: Mounting plugin WebMMedia
LogPluginManager: Mounting plugin LuminPlatformFeatures
LogPluginManager: Mounting plugin WmfMedia
LogPluginManager: Mounting plugin MagicLeap
LogPluginManager: Mounting plugin MagicLeapLightEstimation
LogPluginManager: Mounting plugin MagicLeapPassableWorld
LogPluginManager: Mounting plugin MagicLeapMedia
LogPluginManager: Mounting plugin MLSDK
LogPluginManager: Mounting plugin ActorSequence
LogPluginManager: Mounting plugin MatineeToLevelSequence
LogPluginManager: Mounting plugin LevelSequenceEditor
LogPluginManager: Mounting plugin TemplateSequence
LogPluginManager: Mounting plugin OnlineSubsystem
LogPluginManager: Mounting plugin OnlineSubsystemNull
LogPluginManager: Mounting plugin OnlineSubsystemUtils
LogPluginManager: Mounting plugin ActorLayerUtilities
LogPluginManager: Mounting plugin AndroidPermission
LogPluginManager: Mounting plugin AndroidDeviceProfileSelector
LogPluginManager: Mounting plugin AndroidMoviePlayer
LogPluginManager: Mounting plugin AppleMoviePlayer
LogPluginManager: Mounting plugin AppleImageUtils
LogPluginManager: Mounting plugin ArchVisCharacter
LogPluginManager: Mounting plugin AssetTags
LogPluginManager: Mounting plugin AudioCapture
LogPluginManager: Mounting plugin AudioSynesthesia
LogPluginManager: Mounting plugin CableComponent
LogPluginManager: Mounting plugin CustomMeshComponent
LogPluginManager: Mounting plugin ChunkDownloader
LogPluginManager: Mounting plugin EditableMesh
LogPluginManager: Mounting plugin ExampleDeviceProfileSelector
LogPluginManager: Mounting plugin GoogleCloudMessaging
LogPluginManager: Mounting plugin GooglePAD
LogPluginManager: Mounting plugin IOSDeviceProfileSelector
LogPluginManager: Mounting plugin LocationServicesBPLibrary
LogPluginManager: Mounting plugin LinuxDeviceProfileSelector
LogPluginManager: Mounting plugin MobilePatchingUtils
LogPluginManager: Mounting plugin OpenXR
LogPluginManager: Mounting plugin OpenXREyeTracker
LogPluginManager: Mounting plugin OpenXRHandTracking
LogPluginManager: Mounting plugin LauncherChunkInstaller
LogPluginManager: Mounting plugin ScreenshotTools
LogPluginManager: Mounting plugin PhysXVehicles
LogPluginManager: Mounting plugin PostSplashScreen
LogPluginManager: Mounting plugin ProceduralMeshComponent
LogPluginManager: Mounting plugin RuntimePhysXCooking
LogPluginManager: Mounting plugin ResonanceAudio
LogPluginManager: Mounting plugin SoundFields
LogPluginManager: Mounting plugin PropertyAccessEditor
LogPluginManager: Mounting plugin SignificanceManager
LogPluginManager: Mounting plugin Synthesis
LogPluginManager: Mounting plugin Takes
LogPluginManager: Mounting plugin WebMMoviePlayer
LogPluginManager: Mounting plugin WindowsMoviePlayer
LogPluginManager: Mounting plugin PluginBrowser
LogPluginManager: Mounting plugin SpeedTreeImporter
LogPluginManager: Mounting plugin ContentBrowserAssetDataSource
LogPluginManager: Mounting plugin ContentBrowserClassDataSource
LogPluginManager: Mounting plugin ContentBrowserFileDataSource
LogPluginManager: Mounting plugin OnlineSubsystemGooglePlay
LogPluginManager: Mounting plugin OnlineSubsystemIOS
LogPluginManager: Mounting plugin OculusOpenXR
PixWinPlugin: PIX capture plugin failed to initialize! Check that the process is launched from PIX.
LogInit: Using libcurl 7.55.1-DEV
LogInit:  - built for x86_64-pc-win32
LogInit:  - supports SSL with OpenSSL/1.1.1
LogInit:  - supports HTTP deflate (compression) using libz 1.2.8
LogInit:  - other features:
LogInit:      CURL_VERSION_SSL
LogInit:      CURL_VERSION_LIBZ
LogInit:      CURL_VERSION_IPV6
LogInit:      CURL_VERSION_ASYNCHDNS
LogInit:      CURL_VERSION_LARGEFILE
LogInit:      CURL_VERSION_IDN
LogInit:  CurlRequestOptions (configurable via config and command line):
LogInit:  - bVerifyPeer = true  - Libcurl will verify peer certificate
LogInit:  - bUseHttpProxy = false  - Libcurl will NOT use HTTP proxy
LogInit:  - bDontReuseConnections = false  - Libcurl will reuse connections
LogInit:  - MaxHostConnections = 16  - Libcurl will limit the number of connections to a host
LogInit:  - LocalHostAddr = Default
LogInit:  - BufferSize = 65536
LogOnline: OSS: Creating online subsystem instance for: NULL
LogInit: WinSock: version 1.1 (2.2), MaxSocks=32767, MaxUdp=65467
LogOnline: OSS: TryLoadSubsystemAndSetDefault: Loaded subsystem for module [NULL]
LogInit: Build: ++UE4+Release-4.27-CL-18319896
LogInit: Engine Version: 4.27.2-18319896+++UE4+Release-4.27
LogInit: Compatible Engine Version: 4.27.0-17155196+++UE4+Release-4.27
LogInit: Net CL: 17155196
LogInit: OS: Windows 10 (Release 2009) (), CPU: 11th Gen Intel(R) Core(TM) i5-11400H @ 2.70GHz, GPU: Intel(R) UHD Graphics
LogInit: Compiled (64-bit): Nov 30 2021 07:12:08
LogInit: Compiled with Visual C++: 19.24.28315.00
LogInit: Build Configuration: Development
LogInit: Branch Name: ++UE4+Release-4.27
LogInit: Command Line: 
LogInit: Base Directory: C:/Program Files/Epic Games/UE_4.27/Engine/Binaries/Win64/
LogInit: Allocator: TBB
LogInit: Installed Engine Build: 1
LogDevObjectVersion: Number of dev versions registered: 29
LogDevObjectVersion:   Dev-Blueprints (B0D832E4-1F89-4F0D-ACCF-7EB736FD4AA2): 10
LogDevObjectVersion:   Dev-Build (E1C64328-A22C-4D53-A36C-8E866417BD8C): 0
LogDevObjectVersion:   Dev-Core (375EC13C-06E4-48FB-B500-84F0262A717E): 4
LogDevObjectVersion:   Dev-Editor (E4B068ED-F494-42E9-A231-DA0B2E46BB41): 40
LogDevObjectVersion:   Dev-Framework (CFFC743F-43B0-4480-9391-14DF171D2073): 37
LogDevObjectVersion:   Dev-Mobile (B02B49B5-BB20-44E9-A304-32B752E40360): 3
LogDevObjectVersion:   Dev-Networking (A4E4105C-59A1-49B5-A7C5-40C4547EDFEE): 0
LogDevObjectVersion:   Dev-Online (39C831C9-5AE6-47DC-9A44-9C173E1C8E7C): 0
LogDevObjectVersion:   Dev-Physics (78F01B33-EBEA-4F98-B9B4-84EACCB95AA2): 14
LogDevObjectVersion:   Dev-Platform (6631380F-2D4D-43E0-8009-CF276956A95A): 0
LogDevObjectVersion:   Dev-Rendering (12F88B9F-8875-4AFC-A67C-D90C383ABD29): 45
LogDevObjectVersion:   Dev-Sequencer (7B5AE74C-D270-4C10-A958-57980B212A5A): 13
LogDevObjectVersion:   Dev-VR (D7296918-1DD6-4BDD-9DE2-64A83CC13884): 3
LogDevObjectVersion:   Dev-LoadTimes (C2A15278-BFE7-4AFE-6C17-90FF531DF755): 1
LogDevObjectVersion:   Private-Geometry (6EACA3D4-40EC-4CC1-B786-8BED09428FC5): 3
LogDevObjectVersion:   Dev-AnimPhys (29E575DD-E0A3-4627-9D10-D276232CDCEA): 17
LogDevObjectVersion:   Dev-Anim (AF43A65D-7FD3-4947-9873-3E8ED9C1BB05): 15
LogDevObjectVersion:   Dev-ReflectionCapture (6B266CEC-1EC7-4B8F-A30B-E4D90942FC07): 1
LogDevObjectVersion:   Dev-Automation (0DF73D61-A23F-47EA-B727-89E90C41499A): 1
LogDevObjectVersion:   FortniteMain (601D1886-AC64-4F84-AA16-D3DE0DEAC7D6): 47
LogDevObjectVersion:   FortniteRelease (E7086368-6B23-4C58-8439-1B7016265E91): 1
LogDevObjectVersion:   Dev-Enterprise (9DFFBCD6-494F-0158-E221-12823C92A888): 10
LogDevObjectVersion:   Dev-Niagara (F2AED0AC-9AFE-416F-8664-AA7FFA26D6FC): 1
LogDevObjectVersion:   Dev-Destruction (174F1F0B-B4C6-45A5-B13F-2EE8D0FB917D): 10
LogDevObjectVersion:   Dev-Physics-Ext (35F94A83-E258-406C-A318-09F59610247C): 41
LogDevObjectVersion:   Dev-PhysicsMaterial-Chaos (B68FC16E-8B1B-42E2-B453-215C058844FE): 1
LogDevObjectVersion:   Dev-CineCamera (B2E18506-4273-CFC2-A54E-F4BB758BBA07): 1
LogDevObjectVersion:   Dev-VirtualProduction (64F58936-FD1B-42BA-BA96-7289D5D0FA4E): 1
LogDevObjectVersion:   Dev-MediaFramework (6F0ED827-A609-4895-9C91-998D90180EA4): 2
LogInit: Presizing for max 25165824 objects, including 0 objects not considered by GC, pre-allocating 0 bytes for permanent pool.
LogConfig: Applying CVar settings from Section [/Script/Engine.StreamingSettings] File [C:/Users/sasha/Documents/GitHub/unreal_project/Saved/Config/Windows/Engine.ini]
LogConfig: Setting CVar [[s.MinBulkDataSizeForAsyncLoading:131072]]
LogConfig: Setting CVar [[s.AsyncLoadingThreadEnabled:0]]
LogConfig: Setting CVar [[s.EventDrivenLoaderEnabled:1]]
LogConfig: Setting CVar [[s.WarnIfTimeLimitExceeded:0]]
LogConfig: Setting CVar [[s.TimeLimitExceededMultiplier:1.5]]
LogConfig: Setting CVar [[s.TimeLimitExceededMinTime:0.005]]
LogConfig: Setting CVar [[s.UseBackgroundLevelStreaming:1]]
LogConfig: Setting CVar [[s.PriorityAsyncLoadingExtraTime:15.0]]
LogConfig: Setting CVar [[s.LevelStreamingActorsUpdateTimeLimit:5.0]]
LogConfig: Setting CVar [[s.PriorityLevelStreamingActorsUpdateExtraTime:5.0]]
LogConfig: Setting CVar [[s.LevelStreamingComponentsRegistrationGranularity:10]]
LogConfig: Setting CVar [[s.UnregisterComponentsTimeLimit:1.0]]
LogConfig: Setting CVar [[s.LevelStreamingComponentsUnregistrationGranularity:5]]
LogConfig: Setting CVar [[s.FlushStreamingOnExit:1]]
LogInit: Object subsystem initialized
LogConfig: Setting CVar [[con.DebugEarlyDefault:1]]
LogConfig: Setting CVar [[r.setres:1280x720]]
[2025.05.26-10.45.09:883][  0]LogConfig: Setting CVar [[r.VSync:0]]
[2025.05.26-10.45.09:883][  0]LogConfig: Setting CVar [[r.RHICmdBypass:0]]
[2025.05.26-10.45.09:883][  0]LogConfig: Applying CVar settings from Section [/Script/Engine.RendererSettings] File [C:/Users/sasha/Documents/GitHub/unreal_project/Saved/Config/Windows/Engine.ini]
[2025.05.26-10.45.09:883][  0]LogConfig: Setting CVar [[r.GPUCrashDebugging:0]]
[2025.05.26-10.45.09:883][  0]LogConfig: Setting CVar [[r.Mobile.DisableVertexFog:1]]
[2025.05.26-10.45.09:883][  0]LogConfig: Setting CVar [[r.Shadow.CSM.MaxMobileCascades:2]]
[2025.05.26-10.45.09:883][  0]LogConfig: Setting CVar [[r.MobileMSAA:4]]
[2025.05.26-10.45.09:883][  0]LogConfig: Setting CVar [[r.Mobile.AllowDitheredLODTransition:0]]
[2025.05.26-10.45.09:883][  0]LogConfig: Setting CVar [[r.Mobile.AllowSoftwareOcclusion:0]]
[2025.05.26-10.45.09:883][  0]LogConfig: Setting CVar [[r.Mobile.VirtualTextures:0]]
[2025.05.26-10.45.09:883][  0]LogConfig: Setting CVar [[r.DiscardUnusedQuality:0]]
[2025.05.26-10.45.09:884][  0]LogConfig: Setting CVar [[r.AllowOcclusionQueries:1]]
[2025.05.26-10.45.09:884][  0]LogConfig: Setting CVar [[r.MinScreenRadiusForLights:0.030000]]
[2025.05.26-10.45.09:884][  0]LogConfig: Setting CVar [[r.MinScreenRadiusForDepthPrepass:0.030000]]
[2025.05.26-10.45.09:884][  0]LogConfig: Setting CVar [[r.MinScreenRadiusForCSMDepth:0.010000]]
[2025.05.26-10.45.09:884][  0]LogConfig: Setting CVar [[r.PrecomputedVisibilityWarning:0]]
[2025.05.26-10.45.09:884][  0]LogConfig: Setting CVar [[r.TextureStreaming:1]]
[2025.05.26-10.45.09:884][  0]LogConfig: Setting CVar [[Compat.UseDXT5NormalMaps:0]]
[2025.05.26-10.45.09:884][  0]LogConfig: Setting CVar [[r.VirtualTextures:0]]
[2025.05.26-10.45.09:884][  0]LogConfig: Setting CVar [[r.VirtualTexturedLightmaps:0]]
[2025.05.26-10.45.09:884][  0]LogConfig: Setting CVar [[r.VT.TileSize:128]]
[2025.05.26-10.45.09:884][  0]LogConfig: Setting CVar [[r.VT.TileBorderSize:4]]
[2025.05.26-10.45.09:884][  0]LogConfig: Setting CVar [[r.vt.FeedbackFactor:16]]
[2025.05.26-10.45.09:884][  0]LogConfig: Setting CVar [[r.VT.EnableCompressZlib:1]]
[2025.05.26-10.45.09:884][  0]LogConfig: Setting CVar [[r.VT.EnableCompressCrunch:0]]
[2025.05.26-10.45.09:884][  0]LogConfig: Setting CVar [[r.ClearCoatNormal:0]]
[2025.05.26-10.45.09:884][  0]LogConfig: Setting CVar [[r.ReflectionCaptureResolution:128]]
[2025.05.26-10.45.09:884][  0]LogConfig: Setting CVar [[r.Mobile.ReflectionCaptureCompression:0]]
[2025.05.26-10.45.09:884][  0]LogConfig: Setting CVar [[r.ReflectionEnvironmentLightmapMixBasedOnRoughness:1]]
[2025.05.26-10.45.09:884][  0]LogConfig: Setting CVar [[r.ForwardShading:1]]
[2025.05.26-10.45.09:884][  0]LogConfig: Setting CVar [[r.VertexFoggingForOpaque:1]]
[2025.05.26-10.45.09:884][  0]LogConfig: Setting CVar [[r.AllowStaticLighting:1]]
[2025.05.26-10.45.09:884][  0]LogConfig: Setting CVar [[r.NormalMapsForStaticLighting:0]]
[2025.05.26-10.45.09:884][  0]LogConfig: Setting CVar [[r.GenerateMeshDistanceFields:0]]
[2025.05.26-10.45.09:884][  0]LogConfig: Setting CVar [[r.DistanceFieldBuild.EightBit:0]]
[2025.05.26-10.45.09:884][  0]LogConfig: Setting CVar [[r.GenerateLandscapeGIData:0]]
[2025.05.26-10.45.09:884][  0]LogConfig: Setting CVar [[r.DistanceFieldBuild.Compress:0]]
[2025.05.26-10.45.09:884][  0]LogConfig: Setting CVar [[r.TessellationAdaptivePixelsPerTriangle:48.000000]]
[2025.05.26-10.45.09:884][  0]LogConfig: Setting CVar [[r.SeparateTranslucency:0]]
[2025.05.26-10.45.09:884][  0]LogConfig: Setting CVar [[r.TranslucentSortPolicy:0]]
[2025.05.26-10.45.09:884][  0]LogConfig: Setting CVar [[r.CustomDepth:1]]
[2025.05.26-10.45.09:884][  0]LogConfig: Setting CVar [[r.CustomDepthTemporalAAJitter:1]]
[2025.05.26-10.45.09:884][  0]LogConfig: Setting CVar [[r.PostProcessing.PropagateAlpha:0]]
[2025.05.26-10.45.09:884][  0]LogConfig: Setting CVar [[r.DefaultFeature.Bloom:0]]
[2025.05.26-10.45.09:884][  0]LogConfig: Setting CVar [[r.DefaultFeature.AmbientOcclusion:0]]
[2025.05.26-10.45.09:884][  0]LogConfig: Setting CVar [[r.DefaultFeature.AmbientOcclusionStaticFraction:1]]
[2025.05.26-10.45.09:884][  0]LogConfig: Setting CVar [[r.DefaultFeature.AutoExposure:0]]
[2025.05.26-10.45.09:884][  0]LogConfig: Setting CVar [[r.DefaultFeature.AutoExposure.Method:0]]
[2025.05.26-10.45.09:884][  0]LogConfig: Setting CVar [[r.DefaultFeature.AutoExposure.Bias:1.000000]]
[2025.05.26-10.45.09:884][  0]LogConfig: Setting CVar [[r.DefaultFeature.AutoExposure.ExtendDefaultLuminanceRange:1]]
[2025.05.26-10.45.09:884][  0]LogConfig: Setting CVar [[r.UsePreExposure:1]]
[2025.05.26-10.45.09:884][  0]LogConfig: Setting CVar [[r.EyeAdaptation.EditorOnly:0]]
[2025.05.26-10.45.09:884][  0]LogConfig: Setting CVar [[r.DefaultFeature.MotionBlur:0]]
[2025.05.26-10.45.09:884][  0]LogConfig: Setting CVar [[r.DefaultFeature.LensFlare:0]]
[2025.05.26-10.45.09:884][  0]LogConfig: Setting CVar [[r.TemporalAA.Upsampling:0]]
[2025.05.26-10.45.09:884][  0]LogConfig: Setting CVar [[r.SSGI.Enable:0]]
[2025.05.26-10.45.09:884][  0]LogConfig: Setting CVar [[r.DefaultFeature.AntiAliasing:3]]
[2025.05.26-10.45.09:884][  0]LogConfig: Setting CVar [[r.DefaultFeature.LightUnits:1]]
[2025.05.26-10.45.09:884][  0]LogConfig: Setting CVar [[r.DefaultBackBufferPixelFormat:4]]
[2025.05.26-10.45.09:884][  0]LogConfig: Setting CVar [[r.Shadow.UnbuiltPreviewInGame:1]]
[2025.05.26-10.45.09:884][  0]LogConfig: Setting CVar [[r.StencilForLODDither:0]]
[2025.05.26-10.45.09:884][  0]LogConfig: Setting CVar [[r.EarlyZPass:3]]
[2025.05.26-10.45.09:884][  0]LogConfig: Setting CVar [[r.EarlyZPassOnlyMaterialMasking:0]]
[2025.05.26-10.45.09:884][  0]LogConfig: Setting CVar [[r.DBuffer:1]]
[2025.05.26-10.45.09:884][  0]LogConfig: Setting CVar [[r.ClearSceneMethod:1]]
[2025.05.26-10.45.09:884][  0]LogConfig: Setting CVar [[r.BasePassOutputsVelocity:0]]
[2025.05.26-10.45.09:884][  0]LogConfig: Setting CVar [[r.VertexDeformationOutputsVelocity:0]]
[2025.05.26-10.45.09:884][  0]LogConfig: Setting CVar [[r.SelectiveBasePassOutputs:0]]
[2025.05.26-10.45.09:884][  0]LogConfig: Setting CVar [[fx.GPUSimulationTextureSizeX:1024]]
[2025.05.26-10.45.09:884][  0]LogConfig: Setting CVar [[fx.GPUSimulationTextureSizeY:1024]]
[2025.05.26-10.45.09:884][  0]LogConfig: Setting CVar [[r.AllowGlobalClipPlane:0]]
[2025.05.26-10.45.09:884][  0]LogConfig: Setting CVar [[r.GBufferFormat:1]]
[2025.05.26-10.45.09:884][  0]LogConfig: Setting CVar [[r.MorphTarget.Mode:1]]
[2025.05.26-10.45.09:884][  0]LogConfig: Setting CVar [[vr.InstancedStereo:1]]
[2025.05.26-10.45.09:884][  0]LogConfig: Setting CVar [[r.MobileHDR:0]]
[2025.05.26-10.45.09:884][  0]LogConfig: Setting CVar [[vr.MobileMultiView:1]]
[2025.05.26-10.45.09:884][  0]LogConfig: Setting CVar [[r.Mobile.UseHWsRGBEncoding:1]]
[2025.05.26-10.45.09:884][  0]LogConfig: Setting CVar [[vr.RoundRobinOcclusion:0]]
[2025.05.26-10.45.09:884][  0]LogConfig: Setting CVar [[vr.ODSCapture:0]]
[2025.05.26-10.45.09:884][  0]LogConfig: Setting CVar [[r.MeshStreaming:0]]
[2025.05.26-10.45.09:884][  0]LogConfig: Setting CVar [[r.WireframeCullThreshold:5.000000]]
[2025.05.26-10.45.09:884][  0]LogConfig: Setting CVar [[r.RayTracing:0]]
[2025.05.26-10.45.09:884][  0]LogConfig: Setting CVar [[r.RayTracing.UseTextureLod:0]]
[2025.05.26-10.45.09:884][  0]LogConfig: Setting CVar [[r.SupportStationarySkylight:1]]
[2025.05.26-10.45.09:884][  0]LogConfig: Setting CVar [[r.SupportLowQualityLightmaps:1]]
[2025.05.26-10.45.09:884][  0]LogConfig: Setting CVar [[r.SupportPointLightWholeSceneShadows:1]]
[2025.05.26-10.45.09:884][  0]LogConfig: Setting CVar [[r.SupportAtmosphericFog:1]]
[2025.05.26-10.45.09:884][  0]LogConfig: Setting CVar [[r.SupportSkyAtmosphere:1]]
[2025.05.26-10.45.09:885][  0]LogConfig: Setting CVar [[r.SupportSkyAtmosphereAffectsHeightFog:0]]
[2025.05.26-10.45.09:885][  0]LogConfig: Setting CVar [[r.SkinCache.CompileShaders:0]]
[2025.05.26-10.45.09:885][  0]LogConfig: Setting CVar [[r.SkinCache.DefaultBehavior:1]]
[2025.05.26-10.45.09:885][  0]LogConfig: Setting CVar [[r.SkinCache.SceneMemoryLimitInMB:128.000000]]
[2025.05.26-10.45.09:885][  0]LogConfig: Setting CVar [[r.Mobile.EnableStaticAndCSMShadowReceivers:1]]
[2025.05.26-10.45.09:885][  0]LogConfig: Setting CVar [[r.Mobile.EnableMovableLightCSMShaderCulling:1]]
[2025.05.26-10.45.09:885][  0]LogConfig: Setting CVar [[r.Mobile.AllowDistanceFieldShadows:1]]
[2025.05.26-10.45.09:885][  0]LogConfig: Setting CVar [[r.Mobile.AllowMovableDirectionalLights:1]]
[2025.05.26-10.45.09:885][  0]LogConfig: Setting CVar [[r.MobileNumDynamicPointLights:4]]
[2025.05.26-10.45.09:885][  0]LogConfig: Setting CVar [[r.MobileDynamicPointLightsUseStaticBranch:1]]
[2025.05.26-10.45.09:885][  0]LogConfig: Setting CVar [[r.Mobile.EnableMovableSpotlights:0]]
[2025.05.26-10.45.09:885][  0]LogConfig: Setting CVar [[r.Mobile.EnableMovableSpotlightsShadow:0]]
[2025.05.26-10.45.09:885][  0]LogConfig: Setting CVar [[r.GPUSkin.Support16BitBoneIndex:0]]
[2025.05.26-10.45.09:885][  0]LogConfig: Setting CVar [[r.GPUSkin.Limit2BoneInfluences:0]]
[2025.05.26-10.45.09:885][  0]LogConfig: Setting CVar [[r.SupportDepthOnlyIndexBuffers:1]]
[2025.05.26-10.45.09:885][  0]LogConfig: Setting CVar [[r.SupportReversedIndexBuffers:1]]
[2025.05.26-10.45.09:885][  0]LogConfig: Setting CVar [[r.LightPropagationVolume:0]]
[2025.05.26-10.45.09:885][  0]LogConfig: Setting CVar [[r.Mobile.AmbientOcclusion:0]]
[2025.05.26-10.45.09:885][  0]LogConfig: Setting CVar [[r.GPUSkin.UnlimitedBoneInfluences:0]]
[2025.05.26-10.45.09:885][  0]LogConfig: Setting CVar [[r.GPUSkin.UnlimitedBoneInfluencesThreshold:8]]
[2025.05.26-10.45.09:885][  0]LogConfig: Setting CVar [[r.Mobile.PlanarReflectionMode:0]]
[2025.05.26-10.45.09:885][  0]LogConfig: Setting CVar [[r.Mobile.SupportGPUScene:1]]
[2025.05.26-10.45.09:885][  0]LogConfig: Applying CVar settings from Section [/Script/Engine.RendererOverrideSettings] File [C:/Users/sasha/Documents/GitHub/unreal_project/Saved/Config/Windows/Engine.ini]
[2025.05.26-10.45.09:885][  0]LogConfig: Applying CVar settings from Section [/Script/Engine.StreamingSettings] File [C:/Users/sasha/Documents/GitHub/unreal_project/Saved/Config/Windows/Engine.ini]
[2025.05.26-10.45.09:885][  0]LogConfig: Setting CVar [[s.MinBulkDataSizeForAsyncLoading:131072]]
[2025.05.26-10.45.09:885][  0]LogConfig: Setting CVar [[s.AsyncLoadingThreadEnabled:0]]
[2025.05.26-10.45.09:885][  0]LogConfig: Setting CVar [[s.EventDrivenLoaderEnabled:1]]
[2025.05.26-10.45.09:885][  0]LogConfig: Setting CVar [[s.WarnIfTimeLimitExceeded:0]]
[2025.05.26-10.45.09:885][  0]LogConfig: Setting CVar [[s.TimeLimitExceededMultiplier:1.5]]
[2025.05.26-10.45.09:885][  0]LogConfig: Setting CVar [[s.TimeLimitExceededMinTime:0.005]]
[2025.05.26-10.45.09:885][  0]LogConfig: Setting CVar [[s.UseBackgroundLevelStreaming:1]]
[2025.05.26-10.45.09:885][  0]LogConfig: Setting CVar [[s.PriorityAsyncLoadingExtraTime:15.0]]
[2025.05.26-10.45.09:885][  0]LogConfig: Setting CVar [[s.LevelStreamingActorsUpdateTimeLimit:5.0]]
[2025.05.26-10.45.09:885][  0]LogConfig: Setting CVar [[s.PriorityLevelStreamingActorsUpdateExtraTime:5.0]]
[2025.05.26-10.45.09:885][  0]LogConfig: Setting CVar [[s.LevelStreamingComponentsRegistrationGranularity:10]]
[2025.05.26-10.45.09:885][  0]LogConfig: Setting CVar [[s.UnregisterComponentsTimeLimit:1.0]]
[2025.05.26-10.45.09:885][  0]LogConfig: Setting CVar [[s.LevelStreamingComponentsUnregistrationGranularity:5]]
[2025.05.26-10.45.09:885][  0]LogConfig: Setting CVar [[s.FlushStreamingOnExit:1]]
[2025.05.26-10.45.09:885][  0]LogConfig: Applying CVar settings from Section [/Script/Engine.GarbageCollectionSettings] File [C:/Users/sasha/Documents/GitHub/unreal_project/Saved/Config/Windows/Engine.ini]
[2025.05.26-10.45.09:885][  0]LogConfig: Setting CVar [[gc.MaxObjectsNotConsideredByGC:1]]
[2025.05.26-10.45.09:885][  0]LogConfig: Setting CVar [[gc.SizeOfPermanentObjectPool:0]]
[2025.05.26-10.45.09:885][  0]LogConfig: Setting CVar [[gc.FlushStreamingOnGC:0]]
[2025.05.26-10.45.09:885][  0]LogConfig: Setting CVar [[gc.NumRetriesBeforeForcingGC:10]]
[2025.05.26-10.45.09:885][  0]LogConfig: Setting CVar [[gc.AllowParallelGC:1]]
[2025.05.26-10.45.09:885][  0]LogConfig: Setting CVar [[gc.TimeBetweenPurgingPendingKillObjects:61.1]]
[2025.05.26-10.45.09:885][  0]LogConfig: Setting CVar [[gc.MaxObjectsInEditor:25165824]]
[2025.05.26-10.45.09:885][  0]LogConfig: Setting CVar [[gc.IncrementalBeginDestroyEnabled:1]]
[2025.05.26-10.45.09:885][  0]LogConfig: Setting CVar [[gc.CreateGCClusters:1]]
[2025.05.26-10.45.09:885][  0]LogConfig: Setting CVar [[gc.MinGCClusterSize:5]]
[2025.05.26-10.45.09:885][  0]LogConfig: Setting CVar [[gc.ActorClusteringEnabled:0]]
[2025.05.26-10.45.09:885][  0]LogConfig: Setting CVar [[gc.BlueprintClusteringEnabled:0]]
[2025.05.26-10.45.09:885][  0]LogConfig: Setting CVar [[gc.UseDisregardForGCOnDedicatedServers:0]]
[2025.05.26-10.45.09:885][  0]LogConfig: Setting CVar [[gc.MultithreadedDestructionEnabled:1]]
[2025.05.26-10.45.09:885][  0]LogConfig: Applying CVar settings from Section [/Script/Engine.NetworkSettings] File [C:/Users/sasha/Documents/GitHub/unreal_project/Saved/Config/Windows/Engine.ini]
[2025.05.26-10.45.09:885][  0]LogConfig: Applying CVar settings from Section [/Script/UnrealEd.CookerSettings] File [C:/Users/sasha/Documents/GitHub/unreal_project/Saved/Config/Windows/Engine.ini]
[2025.05.26-10.45.09:913][  0]LogConfig: Applying CVar settings from Section [ViewDistanceQuality@3] File [C:/Users/sasha/Documents/GitHub/unreal_project/Saved/Config/Windows/Scalability.ini]
[2025.05.26-10.45.09:913][  0]LogConfig: Setting CVar [[r.SkeletalMeshLODBias:0]]
[2025.05.26-10.45.09:913][  0]LogConfig: Setting CVar [[r.ViewDistanceScale:1.0]]
[2025.05.26-10.45.09:913][  0]LogConfig: Applying CVar settings from Section [AntiAliasingQuality@3] File [C:/Users/sasha/Documents/GitHub/unreal_project/Saved/Config/Windows/Scalability.ini]
[2025.05.26-10.45.09:913][  0]LogConfig: Setting CVar [[r.PostProcessAAQuality:4]]
[2025.05.26-10.45.09:913][  0]LogConfig: Applying CVar settings from Section [ShadowQuality@3] File [C:/Users/sasha/Documents/GitHub/unreal_project/Saved/Config/Windows/Scalability.ini]
[2025.05.26-10.45.09:913][  0]LogConfig: Setting CVar [[r.LightFunctionQuality:1]]
[2025.05.26-10.45.09:913][  0]LogConfig: Setting CVar [[r.ShadowQuality:5]]
[2025.05.26-10.45.09:913][  0]LogConfig: Setting CVar [[r.Shadow.CSM.MaxCascades:10]]
[2025.05.26-10.45.09:913][  0]LogConfig: Setting CVar [[r.Shadow.MaxResolution:2048]]
[2025.05.26-10.45.09:913][  0]LogConfig: Setting CVar [[r.Shadow.MaxCSMResolution:2048]]
[2025.05.26-10.45.09:913][  0]LogConfig: Setting CVar [[r.Shadow.RadiusThreshold:0.01]]
[2025.05.26-10.45.09:913][  0]LogConfig: Setting CVar [[r.Shadow.DistanceScale:1.0]]
[2025.05.26-10.45.09:913][  0]LogConfig: Setting CVar [[r.Shadow.CSM.TransitionScale:1.0]]
[2025.05.26-10.45.09:913][  0]LogConfig: Setting CVar [[r.Shadow.PreShadowResolutionFactor:1.0]]
[2025.05.26-10.45.09:913][  0]LogConfig: Setting CVar [[r.DistanceFieldShadowing:1]]
[2025.05.26-10.45.09:913][  0]LogConfig: Setting CVar [[r.DistanceFieldAO:1]]
[2025.05.26-10.45.09:913][  0]LogConfig: Setting CVar [[r.AOQuality:2]]
[2025.05.26-10.45.09:913][  0]LogConfig: Setting CVar [[r.VolumetricFog:1]]
[2025.05.26-10.45.09:913][  0]LogConfig: Setting CVar [[r.VolumetricFog.GridPixelSize:8]]
[2025.05.26-10.45.09:913][  0]LogConfig: Setting CVar [[r.VolumetricFog.GridSizeZ:128]]
[2025.05.26-10.45.09:913][  0]LogConfig: Setting CVar [[r.VolumetricFog.HistoryMissSupersampleCount:4]]
[2025.05.26-10.45.09:913][  0]LogConfig: Setting CVar [[r.LightMaxDrawDistanceScale:1]]
[2025.05.26-10.45.09:913][  0]LogConfig: Setting CVar [[r.CapsuleShadows:1]]
[2025.05.26-10.45.09:913][  0]LogConfig: Applying CVar settings from Section [PostProcessQuality@3] File [C:/Users/sasha/Documents/GitHub/unreal_project/Saved/Config/Windows/Scalability.ini]
[2025.05.26-10.45.09:913][  0]LogConfig: Setting CVar [[r.MotionBlurQuality:4]]
[2025.05.26-10.45.09:913][  0]LogConfig: Setting CVar [[r.AmbientOcclusionMipLevelFactor:0.4]]
[2025.05.26-10.45.09:913][  0]LogConfig: Setting CVar [[r.AmbientOcclusionMaxQuality:100]]
[2025.05.26-10.45.09:913][  0]LogConfig: Setting CVar [[r.AmbientOcclusionLevels:-1]]
[2025.05.26-10.45.09:913][  0]LogConfig: Setting CVar [[r.AmbientOcclusionRadiusScale:1.0]]
[2025.05.26-10.45.09:913][  0]LogConfig: Setting CVar [[r.DepthOfFieldQuality:2]]
[2025.05.26-10.45.09:913][  0]LogConfig: Setting CVar [[r.RenderTargetPoolMin:400]]
[2025.05.26-10.45.09:913][  0]LogConfig: Setting CVar [[r.LensFlareQuality:2]]
[2025.05.26-10.45.09:913][  0]LogConfig: Setting CVar [[r.SceneColorFringeQuality:1]]
[2025.05.26-10.45.09:913][  0]LogConfig: Setting CVar [[r.EyeAdaptationQuality:2]]
[2025.05.26-10.45.09:913][  0]LogConfig: Setting CVar [[r.BloomQuality:5]]
[2025.05.26-10.45.09:913][  0]LogConfig: Setting CVar [[r.FastBlurThreshold:100]]
[2025.05.26-10.45.09:913][  0]LogConfig: Setting CVar [[r.Upscale.Quality:3]]
[2025.05.26-10.45.09:913][  0]LogConfig: Setting CVar [[r.Tonemapper.GrainQuantization:1]]
[2025.05.26-10.45.09:913][  0]LogConfig: Setting CVar [[r.LightShaftQuality:1]]
[2025.05.26-10.45.09:913][  0]LogConfig: Setting CVar [[r.Filter.SizeScale:1]]
[2025.05.26-10.45.09:913][  0]LogConfig: Setting CVar [[r.Tonemapper.Quality:5]]
[2025.05.26-10.45.09:913][  0]LogConfig: Setting CVar [[r.DOF.Gather.AccumulatorQuality:1        ; higher gathering accumulator quality]]
[2025.05.26-10.45.09:913][  0]LogConfig: Setting CVar [[r.DOF.Gather.PostfilterMethod:1          ; Median3x3 postfilering method]]
[2025.05.26-10.45.09:914][  0]LogConfig: Setting CVar [[r.DOF.Gather.EnableBokehSettings:0       ; no bokeh simulation when gathering]]
[2025.05.26-10.45.09:914][  0]LogConfig: Setting CVar [[r.DOF.Gather.RingCount:4                 ; medium number of samples when gathering]]
[2025.05.26-10.45.09:914][  0]LogConfig: Setting CVar [[r.DOF.Scatter.ForegroundCompositing:1    ; additive foreground scattering]]
[2025.05.26-10.45.09:914][  0]LogConfig: Setting CVar [[r.DOF.Scatter.BackgroundCompositing:2    ; additive background scattering]]
[2025.05.26-10.45.09:914][  0]LogConfig: Setting CVar [[r.DOF.Scatter.EnableBokehSettings:1      ; bokeh simulation when scattering]]
[2025.05.26-10.45.09:914][  0]LogConfig: Setting CVar [[r.DOF.Scatter.MaxSpriteRatio:0.1         ; only a maximum of 10% of scattered bokeh]]
[2025.05.26-10.45.09:914][  0]LogConfig: Setting CVar [[r.DOF.Recombine.Quality:1                ; cheap slight out of focus]]
[2025.05.26-10.45.09:914][  0]LogConfig: Setting CVar [[r.DOF.Recombine.EnableBokehSettings:0    ; no bokeh simulation on slight out of focus]]
[2025.05.26-10.45.09:914][  0]LogConfig: Setting CVar [[r.DOF.TemporalAAQuality:1                ; more stable temporal accumulation]]
[2025.05.26-10.45.09:914][  0]LogConfig: Setting CVar [[r.DOF.Kernel.MaxForegroundRadius:0.025]]
[2025.05.26-10.45.09:914][  0]LogConfig: Setting CVar [[r.DOF.Kernel.MaxBackgroundRadius:0.025]]
[2025.05.26-10.45.09:914][  0]LogConfig: Applying CVar settings from Section [TextureQuality@3] File [C:/Users/sasha/Documents/GitHub/unreal_project/Saved/Config/Windows/Scalability.ini]
[2025.05.26-10.45.09:914][  0]LogConfig: Setting CVar [[r.Streaming.MipBias:0]]
[2025.05.26-10.45.09:914][  0]LogConfig: Setting CVar [[r.Streaming.AmortizeCPUToGPUCopy:0]]
[2025.05.26-10.45.09:914][  0]LogConfig: Setting CVar [[r.Streaming.MaxNumTexturesToStreamPerFrame:0]]
[2025.05.26-10.45.09:914][  0]LogConfig: Setting CVar [[r.Streaming.Boost:1]]
[2025.05.26-10.45.09:914][  0]LogConfig: Setting CVar [[r.MaxAnisotropy:8]]
[2025.05.26-10.45.09:914][  0]LogConfig: Setting CVar [[r.VT.MaxAnisotropy:8]]
[2025.05.26-10.45.09:914][  0]LogConfig: Setting CVar [[r.Streaming.LimitPoolSizeToVRAM:0]]
[2025.05.26-10.45.09:914][  0]LogConfig: Setting CVar [[r.Streaming.PoolSize:1000]]
[2025.05.26-10.45.09:914][  0]LogConfig: Setting CVar [[r.Streaming.MaxEffectiveScreenSize:0]]
[2025.05.26-10.45.09:914][  0]LogConfig: Applying CVar settings from Section [EffectsQuality@3] File [C:/Users/sasha/Documents/GitHub/unreal_project/Saved/Config/Windows/Scalability.ini]
[2025.05.26-10.45.09:914][  0]LogConfig: Setting CVar [[r.TranslucencyLightingVolumeDim:64]]
[2025.05.26-10.45.09:914][  0]LogConfig: Setting CVar [[r.RefractionQuality:2]]
[2025.05.26-10.45.09:914][  0]LogConfig: Setting CVar [[r.SSR.Quality:3]]
[2025.05.26-10.45.09:914][  0]LogConfig: Setting CVar [[r.SSR.HalfResSceneColor:0]]
[2025.05.26-10.45.09:914][  0]LogConfig: Setting CVar [[r.SceneColorFormat:4]]
[2025.05.26-10.45.09:914][  0]LogConfig: Setting CVar [[r.DetailMode:2]]
[2025.05.26-10.45.09:914][  0]LogConfig: Setting CVar [[r.TranslucencyVolumeBlur:1]]
[2025.05.26-10.45.09:914][  0]LogConfig: Setting CVar [[r.MaterialQualityLevel:1 ; High quality]]
[2025.05.26-10.45.09:914][  0]LogConfig: Setting CVar [[r.AnisotropicMaterials:1]]
[2025.05.26-10.45.09:914][  0]LogConfig: Setting CVar [[r.SSS.Scale:1]]
[2025.05.26-10.45.09:914][  0]LogConfig: Setting CVar [[r.SSS.SampleSet:2]]
[2025.05.26-10.45.09:914][  0]LogConfig: Setting CVar [[r.SSS.Quality:1]]
[2025.05.26-10.45.09:914][  0]LogConfig: Setting CVar [[r.SSS.HalfRes:0]]
[2025.05.26-10.45.09:914][  0]LogConfig: Setting CVar [[r.SSGI.Quality:3]]
[2025.05.26-10.45.09:914][  0]LogConfig: Setting CVar [[r.EmitterSpawnRateScale:1.0]]
[2025.05.26-10.45.09:914][  0]LogConfig: Setting CVar [[r.ParticleLightQuality:2]]
[2025.05.26-10.45.09:914][  0]LogConfig: Setting CVar [[r.SkyAtmosphere.AerialPerspectiveLUT.FastApplyOnOpaque:1 ; Always have FastSkyLUT 1 in this case to avoid wrong sky]]
[2025.05.26-10.45.09:914][  0]LogConfig: Setting CVar [[r.SkyAtmosphere.AerialPerspectiveLUT.SampleCountMaxPerSlice:4]]
[2025.05.26-10.45.09:914][  0]LogConfig: Setting CVar [[r.SkyAtmosphere.AerialPerspectiveLUT.DepthResolution:16.0]]
[2025.05.26-10.45.09:914][  0]LogConfig: Setting CVar [[r.SkyAtmosphere.FastSkyLUT:1]]
[2025.05.26-10.45.09:914][  0]LogConfig: Setting CVar [[r.SkyAtmosphere.FastSkyLUT.SampleCountMin:4.0]]
[2025.05.26-10.45.09:914][  0]LogConfig: Setting CVar [[r.SkyAtmosphere.FastSkyLUT.SampleCountMax:128.0]]
[2025.05.26-10.45.09:914][  0]LogConfig: Setting CVar [[r.SkyAtmosphere.SampleCountMin:4.0]]
[2025.05.26-10.45.09:914][  0]LogConfig: Setting CVar [[r.SkyAtmosphere.SampleCountMax:128.0]]
[2025.05.26-10.45.09:914][  0]LogConfig: Setting CVar [[r.SkyAtmosphere.TransmittanceLUT.UseSmallFormat:0]]
[2025.05.26-10.45.09:914][  0]LogConfig: Setting CVar [[r.SkyAtmosphere.TransmittanceLUT.SampleCount:10.0]]
[2025.05.26-10.45.09:914][  0]LogConfig: Setting CVar [[r.SkyAtmosphere.MultiScatteringLUT.SampleCount:15.0]]
[2025.05.26-10.45.09:914][  0]LogConfig: Setting CVar [[r.SkyLight.RealTimeReflectionCapture:1]]
[2025.05.26-10.45.09:914][  0]LogConfig: Applying CVar settings from Section [FoliageQuality@3] File [C:/Users/sasha/Documents/GitHub/unreal_project/Saved/Config/Windows/Scalability.ini]
[2025.05.26-10.45.09:914][  0]LogConfig: Setting CVar [[foliage.DensityScale:1.0]]
[2025.05.26-10.45.09:914][  0]LogConfig: Setting CVar [[grass.DensityScale:1.0]]
[2025.05.26-10.45.09:914][  0]LogConfig: Applying CVar settings from Section [ShadingQuality@3] File [C:/Users/sasha/Documents/GitHub/unreal_project/Saved/Config/Windows/Scalability.ini]
[2025.05.26-10.45.09:914][  0]LogConfig: Setting CVar [[r.HairStrands.SkyLighting.IntegrationType:2]]
[2025.05.26-10.45.09:914][  0]LogConfig: Setting CVar [[r.HairStrands.SkyAO.SampleCount:4]]
[2025.05.26-10.45.09:914][  0]LogConfig: Setting CVar [[r.HairStrands.Visibility.MSAA.SamplePerPixel:4]]
[2025.05.26-10.45.09:914][  0]LogInit: Selected Device Profile: [Windows]
[2025.05.26-10.45.09:914][  0]LogInit: Applying CVar settings loaded from the selected device profile: [Windows]
[2025.05.26-10.45.09:914][  0]LogHAL: Display: Platform has ~ 32 GB [34046914560 / 34359738368 / 32], which maps to Largest [LargestMinGB=32, LargerMinGB=12, DefaultMinGB=8, SmallerMinGB=6, SmallestMinGB=0)
[2025.05.26-10.45.09:914][  0]LogInit: Going up to parent DeviceProfile []
[2025.05.26-10.45.09:914][  0]LogConfig: Applying CVar settings from Section [ViewDistanceQuality@1] File [C:/Users/sasha/Documents/GitHub/unreal_project/Saved/Config/Windows/Scalability.ini]
[2025.05.26-10.45.09:914][  0]LogConfig: Setting CVar [[r.SkeletalMeshLODBias:1]]
[2025.05.26-10.45.09:914][  0]LogConfig: Setting CVar [[r.ViewDistanceScale:0.6]]
[2025.05.26-10.45.09:914][  0]LogConfig: Applying CVar settings from Section [AntiAliasingQuality@1] File [C:/Users/sasha/Documents/GitHub/unreal_project/Saved/Config/Windows/Scalability.ini]
[2025.05.26-10.45.09:914][  0]LogConfig: Setting CVar [[r.PostProcessAAQuality:2]]
[2025.05.26-10.45.09:914][  0]LogConfig: Applying CVar settings from Section [ShadowQuality@1] File [C:/Users/sasha/Documents/GitHub/unreal_project/Saved/Config/Windows/Scalability.ini]
[2025.05.26-10.45.09:914][  0]LogConfig: Setting CVar [[r.LightFunctionQuality:1]]
[2025.05.26-10.45.09:914][  0]LogConfig: Setting CVar [[r.ShadowQuality:3]]
[2025.05.26-10.45.09:914][  0]LogConfig: Setting CVar [[r.Shadow.CSM.MaxCascades:1]]
[2025.05.26-10.45.09:914][  0]LogConfig: Setting CVar [[r.Shadow.MaxResolution:1024]]
[2025.05.26-10.45.09:914][  0]LogConfig: Setting CVar [[r.Shadow.MaxCSMResolution:1024]]
[2025.05.26-10.45.09:914][  0]LogConfig: Setting CVar [[r.Shadow.RadiusThreshold:0.05]]
[2025.05.26-10.45.09:914][  0]LogConfig: Setting CVar [[r.Shadow.DistanceScale:0.7]]
[2025.05.26-10.45.09:914][  0]LogConfig: Setting CVar [[r.Shadow.CSM.TransitionScale:0.25]]
[2025.05.26-10.45.09:914][  0]LogConfig: Setting CVar [[r.Shadow.PreShadowResolutionFactor:0.5]]
[2025.05.26-10.45.09:914][  0]LogConfig: Setting CVar [[r.DistanceFieldShadowing:0]]
[2025.05.26-10.45.09:914][  0]LogConfig: Setting CVar [[r.DistanceFieldAO:0]]
[2025.05.26-10.45.09:914][  0]LogConfig: Setting CVar [[r.VolumetricFog:0]]
[2025.05.26-10.45.09:914][  0]LogConfig: Setting CVar [[r.LightMaxDrawDistanceScale:.5]]
[2025.05.26-10.45.09:915][  0]LogConfig: Setting CVar [[r.CapsuleShadows:1]]
[2025.05.26-10.45.09:915][  0]LogConfig: Applying CVar settings from Section [PostProcessQuality@1] File [C:/Users/sasha/Documents/GitHub/unreal_project/Saved/Config/Windows/Scalability.ini]
[2025.05.26-10.45.09:915][  0]LogConfig: Setting CVar [[r.MotionBlurQuality:3]]
[2025.05.26-10.45.09:915][  0]LogConfig: Setting CVar [[r.AmbientOcclusionMipLevelFactor:1.0]]
[2025.05.26-10.45.09:915][  0]LogConfig: Setting CVar [[r.AmbientOcclusionMaxQuality:60]]
[2025.05.26-10.45.09:915][  0]LogConfig: Setting CVar [[r.AmbientOcclusionLevels:-1]]
[2025.05.26-10.45.09:915][  0]LogConfig: Setting CVar [[r.AmbientOcclusionRadiusScale:1.5]]
[2025.05.26-10.45.09:915][  0]LogConfig: Setting CVar [[r.DepthOfFieldQuality:1]]
[2025.05.26-10.45.09:915][  0]LogConfig: Setting CVar [[r.RenderTargetPoolMin:350]]
[2025.05.26-10.45.09:915][  0]LogConfig: Setting CVar [[r.LensFlareQuality:0]]
[2025.05.26-10.45.09:915][  0]LogConfig: Setting CVar [[r.SceneColorFringeQuality:0]]
[2025.05.26-10.45.09:915][  0]LogConfig: Setting CVar [[r.EyeAdaptationQuality:2]]
[2025.05.26-10.45.09:915][  0]LogConfig: Setting CVar [[r.BloomQuality:4]]
[2025.05.26-10.45.09:915][  0]LogConfig: Setting CVar [[r.FastBlurThreshold:2]]
[2025.05.26-10.45.09:915][  0]LogConfig: Setting CVar [[r.Upscale.Quality:2]]
[2025.05.26-10.45.09:915][  0]LogConfig: Setting CVar [[r.Tonemapper.GrainQuantization:0]]
[2025.05.26-10.45.09:915][  0]LogConfig: Setting CVar [[r.LightShaftQuality:0]]
[2025.05.26-10.45.09:915][  0]LogConfig: Setting CVar [[r.Filter.SizeScale:0.7]]
[2025.05.26-10.45.09:915][  0]LogConfig: Setting CVar [[r.Tonemapper.Quality:2]]
[2025.05.26-10.45.09:915][  0]LogConfig: Setting CVar [[r.DOF.Gather.AccumulatorQuality:0        ; lower gathering accumulator quality]]
[2025.05.26-10.45.09:915][  0]LogConfig: Setting CVar [[r.DOF.Gather.PostfilterMethod:2          ; Max3x3 postfilering method]]
[2025.05.26-10.45.09:915][  0]LogConfig: Setting CVar [[r.DOF.Gather.EnableBokehSettings:0       ; no bokeh simulation when gathering]]
[2025.05.26-10.45.09:915][  0]LogConfig: Setting CVar [[r.DOF.Gather.RingCount:3                 ; low number of samples when gathering]]
[2025.05.26-10.45.09:915][  0]LogConfig: Setting CVar [[r.DOF.Scatter.ForegroundCompositing:0    ; no foreground scattering]]
[2025.05.26-10.45.09:915][  0]LogConfig: Setting CVar [[r.DOF.Scatter.BackgroundCompositing:0    ; no foreground scattering]]
[2025.05.26-10.45.09:915][  0]LogConfig: Setting CVar [[r.DOF.Recombine.Quality:0                ; no slight out of focus]]
[2025.05.26-10.45.09:915][  0]LogConfig: Setting CVar [[r.DOF.TemporalAAQuality:0                ; faster temporal accumulation]]
[2025.05.26-10.45.09:915][  0]LogConfig: Setting CVar [[r.DOF.Kernel.MaxForegroundRadius:0.006   ; required because low gathering and no scattering and not looking great at 1080p]]
[2025.05.26-10.45.09:915][  0]LogConfig: Setting CVar [[r.DOF.Kernel.MaxBackgroundRadius:0.006   ; required because low gathering and no scattering and not looking great at 1080p]]
[2025.05.26-10.45.09:915][  0]LogConfig: Applying CVar settings from Section [TextureQuality@1] File [C:/Users/sasha/Documents/GitHub/unreal_project/Saved/Config/Windows/Scalability.ini]
[2025.05.26-10.45.09:915][  0]LogConfig: Setting CVar [[r.Streaming.MipBias:1]]
[2025.05.26-10.45.09:915][  0]LogConfig: Setting CVar [[r.Streaming.AmortizeCPUToGPUCopy:0]]
[2025.05.26-10.45.09:915][  0]LogConfig: Setting CVar [[r.Streaming.MaxNumTexturesToStreamPerFrame:0]]
[2025.05.26-10.45.09:915][  0]LogConfig: Setting CVar [[r.Streaming.Boost:1]]
[2025.05.26-10.45.09:915][  0]LogConfig: Setting CVar [[r.MaxAnisotropy:2]]
[2025.05.26-10.45.09:915][  0]LogConfig: Setting CVar [[r.VT.MaxAnisotropy:4]]
[2025.05.26-10.45.09:915][  0]LogConfig: Setting CVar [[r.Streaming.LimitPoolSizeToVRAM:1]]
[2025.05.26-10.45.09:915][  0]LogConfig: Setting CVar [[r.Streaming.PoolSize:600]]
[2025.05.26-10.45.09:915][  0]LogConfig: Setting CVar [[r.Streaming.MaxEffectiveScreenSize:0]]
[2025.05.26-10.45.09:915][  0]LogConfig: Applying CVar settings from Section [EffectsQuality@1] File [C:/Users/sasha/Documents/GitHub/unreal_project/Saved/Config/Windows/Scalability.ini]
[2025.05.26-10.45.09:915][  0]LogConfig: Setting CVar [[r.TranslucencyLightingVolumeDim:32]]
[2025.05.26-10.45.09:915][  0]LogConfig: Setting CVar [[r.RefractionQuality:0]]
[2025.05.26-10.45.09:915][  0]LogConfig: Setting CVar [[r.SSR.Quality:0]]
[2025.05.26-10.45.09:915][  0]LogConfig: Setting CVar [[r.SSR.HalfResSceneColor:1]]
[2025.05.26-10.45.09:915][  0]LogConfig: Setting CVar [[r.SceneColorFormat:3]]
[2025.05.26-10.45.09:915][  0]LogConfig: Setting CVar [[r.DetailMode:1]]
[2025.05.26-10.45.09:915][  0]LogConfig: Setting CVar [[r.TranslucencyVolumeBlur:0]]
[2025.05.26-10.45.09:915][  0]LogConfig: Setting CVar [[r.MaterialQualityLevel:2 ; Medium quality]]
[2025.05.26-10.45.09:915][  0]LogConfig: Setting CVar [[r.AnisotropicMaterials:0]]
[2025.05.26-10.45.09:915][  0]LogConfig: Setting CVar [[r.SSS.Scale:0.75]]
[2025.05.26-10.45.09:915][  0]LogConfig: Setting CVar [[r.SSS.SampleSet:0]]
[2025.05.26-10.45.09:915][  0]LogConfig: Setting CVar [[r.SSS.Quality:0]]
[2025.05.26-10.45.09:915][  0]LogConfig: Setting CVar [[r.SSS.HalfRes:1]]
[2025.05.26-10.45.09:915][  0]LogConfig: Setting CVar [[r.SSGI.Quality:1]]
[2025.05.26-10.45.09:915][  0]LogConfig: Setting CVar [[r.EmitterSpawnRateScale:0.25]]
[2025.05.26-10.45.09:915][  0]LogConfig: Setting CVar [[r.ParticleLightQuality:0]]
[2025.05.26-10.45.09:915][  0]LogConfig: Setting CVar [[r.SkyAtmosphere.AerialPerspectiveLUT.FastApplyOnOpaque:1 ; Always have FastSkyLUT 1 in this case to avoid wrong sky]]
[2025.05.26-10.45.09:915][  0]LogConfig: Setting CVar [[r.SkyAtmosphere.AerialPerspectiveLUT.SampleCountMaxPerSlice:1]]
[2025.05.26-10.45.09:915][  0]LogConfig: Setting CVar [[r.SkyAtmosphere.AerialPerspectiveLUT.DepthResolution:16.0]]
[2025.05.26-10.45.09:915][  0]LogConfig: Setting CVar [[r.SkyAtmosphere.FastSkyLUT:1]]
[2025.05.26-10.45.09:915][  0]LogConfig: Setting CVar [[r.SkyAtmosphere.FastSkyLUT.SampleCountMin:4.0]]
[2025.05.26-10.45.09:915][  0]LogConfig: Setting CVar [[r.SkyAtmosphere.FastSkyLUT.SampleCountMax:32.0]]
[2025.05.26-10.45.09:915][  0]LogConfig: Setting CVar [[r.SkyAtmosphere.SampleCountMin:4.0]]
[2025.05.26-10.45.09:915][  0]LogConfig: Setting CVar [[r.SkyAtmosphere.SampleCountMax:32.0]]
[2025.05.26-10.45.09:915][  0]LogConfig: Setting CVar [[r.SkyAtmosphere.TransmittanceLUT.UseSmallFormat:0]]
[2025.05.26-10.45.09:915][  0]LogConfig: Setting CVar [[r.SkyAtmosphere.TransmittanceLUT.SampleCount:10.0]]
[2025.05.26-10.45.09:915][  0]LogConfig: Setting CVar [[r.SkyAtmosphere.MultiScatteringLUT.SampleCount:15.0]]
[2025.05.26-10.45.09:915][  0]LogConfig: Setting CVar [[r.SkyLight.RealTimeReflectionCapture:0]]
[2025.05.26-10.45.09:915][  0]LogConfig: Applying CVar settings from Section [FoliageQuality@1] File [C:/Users/sasha/Documents/GitHub/unreal_project/Saved/Config/Windows/Scalability.ini]
[2025.05.26-10.45.09:915][  0]LogConfig: Setting CVar [[foliage.DensityScale:0.4]]
[2025.05.26-10.45.09:915][  0]LogConfig: Setting CVar [[grass.DensityScale:0.4]]
[2025.05.26-10.45.09:915][  0]LogConfig: Applying CVar settings from Section [ShadingQuality@1] File [C:/Users/sasha/Documents/GitHub/unreal_project/Saved/Config/Windows/Scalability.ini]
[2025.05.26-10.45.09:915][  0]LogConfig: Setting CVar [[r.HairStrands.SkyLighting.IntegrationType:2]]
[2025.05.26-10.45.09:915][  0]LogConfig: Setting CVar [[r.HairStrands.SkyAO.SampleCount:4]]
[2025.05.26-10.45.09:915][  0]LogConfig: Setting CVar [[r.HairStrands.Visibility.MSAA.SamplePerPixel:1]]
[2025.05.26-10.45.09:915][  0]LogConfig: Applying CVar settings from Section [Startup] File [../../../Engine/Config/ConsoleVariables.ini]
[2025.05.26-10.45.09:916][  0]LogConfig: Setting CVar [[net.UseAdaptiveNetUpdateFrequency:0]]
[2025.05.26-10.45.09:916][  0]LogConfig: Setting CVar [[p.chaos.AllowCreatePhysxBodies:1]]
[2025.05.26-10.45.09:916][  0]LogConfig: Setting CVar [[fx.SkipVectorVMBackendOptimizations:1]]
[2025.05.26-10.45.09:916][  0]LogConfig: Applying CVar settings from Section [ConsoleVariables] File [C:/Users/sasha/Documents/GitHub/unreal_project/Saved/Config/Windows/Engine.ini]
[2025.05.26-10.45.09:916][  0]LogConfig: Applying CVar settings from Section [ConsoleVariables] File [C:/Users/sasha/Documents/GitHub/unreal_project/Saved/Config/Windows/Editor.ini]
[2025.05.26-10.45.09:916][  0]LogInit: Computer: ALEXF
[2025.05.26-10.45.09:916][  0]LogInit: User: sasha
[2025.05.26-10.45.09:916][  0]LogInit: CPU Page size=4096, Cores=6
[2025.05.26-10.45.09:916][  0]LogInit: High frequency timer resolution =10.000000 MHz
[2025.05.26-10.45.09:916][  0]LogMemory: Memory total: Physical=31.7GB (32GB approx)
[2025.05.26-10.45.09:916][  0]LogMemory: Platform Memory Stats for Windows
[2025.05.26-10.45.09:916][  0]LogMemory: Process Physical Memory: 147.97 MB used, 147.97 MB peak
[2025.05.26-10.45.09:916][  0]LogMemory: Process Virtual Memory: 130.09 MB used, 130.09 MB peak
[2025.05.26-10.45.09:916][  0]LogMemory: Physical Memory: 12671.99 MB used,  19797.68 MB free, 32469.67 MB total
[2025.05.26-10.45.09:916][  0]LogMemory: Virtual Memory: 134195496.00 MB used,  22234.26 MB free, 134217728.00 MB total
[2025.05.26-10.45.09:954][  0]LogWindows: WindowsPlatformFeatures enabled
[2025.05.26-10.45.09:998][  0]LogInit: Physics initialised using underlying interface: PhysX
[2025.05.26-10.45.09:999][  0]LogInit: Using OS detected language (ru-RU).
[2025.05.26-10.45.09:999][  0]LogInit: Using OS detected locale (ru-RU).
[2025.05.26-10.45.10:002][  0]LogTextLocalizationManager: No specific localization for 'ru-RU' exists, so the 'ru' localization will be used.
[2025.05.26-10.45.10:002][  0]LogTextLocalizationResource: LocRes '../../../Engine/Content/Localization/Editor/ru/Editor.locres' could not be opened for reading!
[2025.05.26-10.45.10:002][  0]LogTextLocalizationResource: LocRes '../../../Engine/Content/Localization/EditorTutorials/ru/EditorTutorials.locres' could not be opened for reading!
[2025.05.26-10.45.10:002][  0]LogTextLocalizationResource: LocRes '../../../Engine/Content/Localization/Keywords/ru/Keywords.locres' could not be opened for reading!
[2025.05.26-10.45.10:002][  0]LogTextLocalizationResource: LocRes '../../../Engine/Content/Localization/Category/ru/Category.locres' could not be opened for reading!
[2025.05.26-10.45.10:003][  0]LogTextLocalizationResource: LocRes '../../../Engine/Content/Localization/ToolTips/ru/ToolTips.locres' could not be opened for reading!
[2025.05.26-10.45.10:003][  0]LogTextLocalizationResource: LocRes '../../../Engine/Content/Localization/PropertyNames/ru/PropertyNames.locres' could not be opened for reading!
[2025.05.26-10.45.10:003][  0]LogTextLocalizationResource: LocRes '../../../Engine/Content/Localization/Engine/ru/Engine.locres' could not be opened for reading!
[2025.05.26-10.45.10:004][  0]LogInit: Setting process to per monitor DPI aware
[2025.05.26-10.45.10:024][  0]LogWindowsTextInputMethodSystem: Display: IME system deactivated.
[2025.05.26-10.45.10:042][  0]LogSlate: New Slate User Created.  User Index 0, Is Virtual User: 0
[2025.05.26-10.45.10:042][  0]LogSlate: Slate User Registered.  User Index 0, Is Virtual User: 0
[2025.05.26-10.45.10:183][  0]LogD3D11RHI: Loaded GFSDK_Aftermath_Lib.x64.dll
[2025.05.26-10.45.10:260][  0]LogHMD: Optional extension XR_VARJO_quad_views is not available
[2025.05.26-10.45.10:286][  0]LogHMD: Failed to create an OpenXR instance, result is XR_ERROR_RUNTIME_FAILURE. Please check if you have an OpenXR runtime installed. The following extensions were enabled:
[2025.05.26-10.45.10:286][  0]LogHMD: - XR_KHR_D3D11_enable
[2025.05.26-10.45.10:286][  0]LogHMD: - XR_KHR_D3D12_enable
[2025.05.26-10.45.10:286][  0]LogHMD: - XR_KHR_opengl_enable
[2025.05.26-10.45.10:286][  0]LogHMD: - XR_KHR_vulkan_enable
[2025.05.26-10.45.10:286][  0]LogHMD: - XR_KHR_composition_layer_depth
[2025.05.26-10.45.10:286][  0]LogHMD: - XR_KHR_visibility_mask
[2025.05.26-10.45.10:286][  0]LogHMD: - XR_EXT_hand_tracking
[2025.05.26-10.45.10:286][  0]LogHMD: - XR_EXT_eye_gaze_interaction
[2025.05.26-10.45.10:286][  0]LogD3D11RHI: D3D11 min allowed feature level: 11_0
[2025.05.26-10.45.10:286][  0]LogD3D11RHI: D3D11 max allowed feature level: 11_0
[2025.05.26-10.45.10:286][  0]LogD3D11RHI: D3D11 adapters:
[2025.05.26-10.45.10:438][  0]LogD3D11RHI:    0. 'NVIDIA GeForce RTX 3050 Ti Laptop GPU' (Feature Level 11_0)
[2025.05.26-10.45.10:438][  0]LogD3D11RHI:       3965/0/16234 MB DedicatedVideo/DedicatedSystem/SharedSystem, Outputs:1, VendorId:0x10de
[2025.05.26-10.45.10:468][  0]LogD3D11RHI:    1. 'Intel(R) UHD Graphics' (Feature Level 11_0)
[2025.05.26-10.45.10:468][  0]LogD3D11RHI:       128/0/16234 MB DedicatedVideo/DedicatedSystem/SharedSystem, Outputs:0, VendorId:0x8086
[2025.05.26-10.45.10:471][  0]LogD3D11RHI:    2. 'Microsoft Basic Render Driver' (Feature Level 11_0)
[2025.05.26-10.45.10:471][  0]LogD3D11RHI:       0/0/16234 MB DedicatedVideo/DedicatedSystem/SharedSystem, Outputs:0, VendorId:0x1414
[2025.05.26-10.45.10:471][  0]LogD3D11RHI: Chosen D3D11 Adapter:
[2025.05.26-10.45.10:471][  0]LogD3D11RHI:     Description : NVIDIA GeForce RTX 3050 Ti Laptop GPU
[2025.05.26-10.45.10:471][  0]LogD3D11RHI:     VendorId    : 10de
[2025.05.26-10.45.10:471][  0]LogD3D11RHI:     DeviceId    : 25a0
[2025.05.26-10.45.10:471][  0]LogD3D11RHI:     SubSysId    : 132e1462
[2025.05.26-10.45.10:471][  0]LogD3D11RHI:     Revision    : 00a1
[2025.05.26-10.45.10:471][  0]LogD3D11RHI:     DedicatedVideoMemory : 4157603840 bytes
[2025.05.26-10.45.10:471][  0]LogD3D11RHI:     DedicatedSystemMemory : 0 bytes
[2025.05.26-10.45.10:471][  0]LogD3D11RHI:     SharedSystemMemory : 17023457280 bytes
[2025.05.26-10.45.10:471][  0]LogD3D11RHI:     AdapterLuid : 0 62585
[2025.05.26-10.45.10:475][  0]LogD3D11RHI: Creating new Direct3DDevice
[2025.05.26-10.45.10:475][  0]LogD3D11RHI:     GPU DeviceId: 0x25a0 (for the marketing name, search the web for "GPU Device Id")
[2025.05.26-10.45.10:475][  0]LogWindows: EnumDisplayDevices:
[2025.05.26-10.45.10:475][  0]LogWindows:    0. 'Intel(R) UHD Graphics' (P:1 D:1)
[2025.05.26-10.45.10:475][  0]LogWindows:    1. 'Intel(R) UHD Graphics' (P:0 D:0)
[2025.05.26-10.45.10:477][  0]LogWindows:    2. 'Intel(R) UHD Graphics' (P:0 D:0)
[2025.05.26-10.45.10:477][  0]LogWindows:    3. 'Intel(R) UHD Graphics' (P:0 D:0)
[2025.05.26-10.45.10:477][  0]LogWindows: DebugString: PrimaryIsNotTheChoosenAdapter PrimaryIsNotTheChoosenAdapter PrimaryIsNotTheChoosenAdapter PrimaryIsNotTheChoosenAdapter FoundDriverCount:0 
[2025.05.26-10.45.10:477][  0]LogD3D11RHI:     Adapter Name: NVIDIA GeForce RTX 3050 Ti Laptop GPU
[2025.05.26-10.45.10:477][  0]LogD3D11RHI:   Driver Version: Unknown (internal:Unknown, unified:Unknown)
[2025.05.26-10.45.10:477][  0]LogD3D11RHI:      Driver Date: Unknown
[2025.05.26-10.45.10:477][  0]LogRHI: Texture pool is 2775 MB (70% of 3965 MB)
[2025.05.26-10.45.10:477][  0]LogD3D11RHI: Creating D3DDevice using adapter:
[2025.05.26-10.45.10:477][  0]LogD3D11RHI:     Description : NVIDIA GeForce RTX 3050 Ti Laptop GPU
[2025.05.26-10.45.10:477][  0]LogD3D11RHI:     VendorId    : 10de
[2025.05.26-10.45.10:477][  0]LogD3D11RHI:     DeviceId    : 25a0
[2025.05.26-10.45.10:477][  0]LogD3D11RHI:     SubSysId    : 132e1462
[2025.05.26-10.45.10:477][  0]LogD3D11RHI:     Revision    : 00a1
[2025.05.26-10.45.10:477][  0]LogD3D11RHI:     DedicatedVideoMemory : 4157603840 bytes
[2025.05.26-10.45.10:477][  0]LogD3D11RHI:     DedicatedSystemMemory : 0 bytes
[2025.05.26-10.45.10:477][  0]LogD3D11RHI:     SharedSystemMemory : 17023457280 bytes
[2025.05.26-10.45.10:477][  0]LogD3D11RHI:     AdapterLuid : 0 62585
[2025.05.26-10.45.10:563][  0]LogD3D11RHI: RHI has support for 64 bit atomics
[2025.05.26-10.45.10:564][  0]LogD3D11RHI: Async texture creation enabled
[2025.05.26-10.45.10:564][  0]LogD3D11RHI: Array index from any shader is supported
[2025.05.26-10.45.10:586][  0]LogD3D11RHI: GPU Timing Frequency: 1000.000000 (Debug: 2 2)
[2025.05.26-10.45.10:619][  0]LogRHI: GeForceNow SDK initialized: 1
[2025.05.26-10.45.10:951][  0]LogTargetPlatformManager: Display: Loaded TargetPlatform 'AllDesktop'
[2025.05.26-10.45.10:970][  0]LogTargetPlatformManager: Display: Loaded TargetPlatform 'Android'
[2025.05.26-10.45.10:970][  0]LogTargetPlatformManager: Display: Loaded TargetPlatform 'Android_ASTC'
[2025.05.26-10.45.10:970][  0]LogTargetPlatformManager: Display: Loaded TargetPlatform 'Android_DXT'
[2025.05.26-10.45.10:970][  0]LogTargetPlatformManager: Display: Loaded TargetPlatform 'Android_ETC2'
[2025.05.26-10.45.10:970][  0]LogTargetPlatformManager: Display: Loaded TargetPlatform 'AndroidClient'
[2025.05.26-10.45.10:970][  0]LogTargetPlatformManager: Display: Loaded TargetPlatform 'Android_ASTCClient'
[2025.05.26-10.45.10:970][  0]LogTargetPlatformManager: Display: Loaded TargetPlatform 'Android_DXTClient'
[2025.05.26-10.45.10:970][  0]LogTargetPlatformManager: Display: Loaded TargetPlatform 'Android_ETC2Client'
[2025.05.26-10.45.10:971][  0]LogTargetPlatformManager: Display: Loaded TargetPlatform 'Android_Multi'
[2025.05.26-10.45.10:971][  0]LogTargetPlatformManager: Display: Loaded TargetPlatform 'Android_MultiClient'
[2025.05.26-10.45.10:990][  0]LogTargetPlatformManager: Display: Loaded TargetPlatform 'IOSClient'
[2025.05.26-10.45.10:990][  0]LogTargetPlatformManager: Display: Loaded TargetPlatform 'IOS'
[2025.05.26-10.45.10:999][  0]LogTargetPlatformManager: Display: Loaded TargetPlatform 'Linux'
[2025.05.26-10.45.11:003][  0]LogTargetPlatformManager: Display: Loaded TargetPlatform 'LinuxNoEditor'
[2025.05.26-10.45.11:008][  0]LogTargetPlatformManager: Display: Loaded TargetPlatform 'LinuxClient'
[2025.05.26-10.45.11:014][  0]LogTargetPlatformManager: Display: Loaded TargetPlatform 'LinuxServer'
[2025.05.26-10.45.11:023][  0]LogTargetPlatformManager: Display: Loaded TargetPlatform 'LinuxAArch64NoEditor'
[2025.05.26-10.45.11:027][  0]LogTargetPlatformManager: Display: Loaded TargetPlatform 'LinuxAArch64Client'
[2025.05.26-10.45.11:031][  0]LogTargetPlatformManager: Display: Loaded TargetPlatform 'LinuxAArch64Server'
[2025.05.26-10.45.11:054][  0]LogTargetPlatformManager: Display: Loaded TargetPlatform 'Lumin'
[2025.05.26-10.45.11:054][  0]LogTargetPlatformManager: Display: Loaded TargetPlatform 'LuminClient'
[2025.05.26-10.45.11:062][  0]LogTargetPlatformManager: Display: Loaded TargetPlatform 'MacNoEditor'
[2025.05.26-10.45.11:065][  0]LogTargetPlatformManager: Display: Loaded TargetPlatform 'Mac'
[2025.05.26-10.45.11:069][  0]LogTargetPlatformManager: Display: Loaded TargetPlatform 'MacClient'
[2025.05.26-10.45.11:074][  0]LogTargetPlatformManager: Display: Loaded TargetPlatform 'MacServer'
[2025.05.26-10.45.11:083][  0]LogTargetPlatformManager: Display: Loaded TargetPlatform 'TVOSClient'
[2025.05.26-10.45.11:083][  0]LogTargetPlatformManager: Display: Loaded TargetPlatform 'TVOS'
[2025.05.26-10.45.11:091][  0]LogTargetPlatformManager: Display: Loaded TargetPlatform 'WindowsNoEditor'
[2025.05.26-10.45.11:095][  0]LogTargetPlatformManager: Display: Loaded TargetPlatform 'Windows'
[2025.05.26-10.45.11:099][  0]LogTargetPlatformManager: Display: Loaded TargetPlatform 'WindowsClient'
[2025.05.26-10.45.11:103][  0]LogTargetPlatformManager: Display: Loaded TargetPlatform 'WindowsServer'
[2025.05.26-10.45.11:103][  0]LogTargetPlatformManager: Display: Building Assets For Windows
[2025.05.26-10.45.11:110][  0]LogAudioDebug: Display: Lib vorbis DLL was dynamically loaded.
[2025.05.26-10.45.11:138][  0]LogTextureFormatOodle: Display: Oodle Texture 2.9.0 init RDO Off
[2025.05.26-10.45.11:166][  0]LogRendererCore: Ray tracing is disabled. Reason: r.RayTracing=0.
[2025.05.26-10.45.11:166][  0]LogShaderCompilers: Guid format shader working directory is -15 characters bigger than the processId version (../../../../../../Users/sasha/Documents/GitHub/unreal_project/Intermediate/Shaders/WorkingDirectory/8124/).
[2025.05.26-10.45.11:166][  0]LogShaderCompilers: Cleaned the shader compiler working directory 'C:/Users/sasha/AppData/Local/Temp/UnrealShaderWorkingDir/41FAFCCC40986DDCA5FEE2841676EE09/'.
[2025.05.26-10.45.11:166][  0]LogXGEController: Cannot use XGE Controller as Incredibuild is not installed on this machine.
[2025.05.26-10.45.11:166][  0]LogShaderCompilers: Cannot use XGE Shader Compiler as Incredibuild is not installed on this machine.
[2025.05.26-10.45.11:166][  0]LogShaderCompilers: Display: Using Local Shader Compiler.
[2025.05.26-10.45.11:904][  0]LogDerivedDataCache: Display: Max Cache Size: 512 MB
[2025.05.26-10.45.11:967][  0]LogDerivedDataCache: Loaded boot cache 0.06s 120MB C:/Users/sasha/AppData/Local/UnrealEngine/4.27/DerivedDataCache/Boot.ddc.
[2025.05.26-10.45.11:967][  0]LogDerivedDataCache: Display: Loaded Boot cache: C:/Users/sasha/AppData/Local/UnrealEngine/4.27/DerivedDataCache/Boot.ddc
[2025.05.26-10.45.11:967][  0]LogDerivedDataCache: FDerivedDataBackendGraph:  Pak pak cache file ../../../../../../Users/sasha/Documents/GitHub/unreal_project/DerivedDataCache/DDC.ddp not found, will not use a pak cache.
[2025.05.26-10.45.11:967][  0]LogDerivedDataCache: Unable to find inner node Pak for hierarchical cache Hierarchy.
[2025.05.26-10.45.11:967][  0]LogDerivedDataCache: FDerivedDataBackendGraph:  CompressedPak pak cache file ../../../../../../Users/sasha/Documents/GitHub/unreal_project/DerivedDataCache/Compressed.ddp not found, will not use a pak cache.
[2025.05.26-10.45.11:967][  0]LogDerivedDataCache: Unable to find inner node CompressedPak for hierarchical cache Hierarchy.
[2025.05.26-10.45.11:983][  0]LogDerivedDataCache: Display: Pak cache opened for reading ../../../Engine/DerivedDataCache/Compressed.ddp.
[2025.05.26-10.45.11:983][  0]LogDerivedDataCache: FDerivedDataBackendGraph:  EnterprisePak pak cache file ../../../Enterprise/DerivedDataCache/Compressed.ddp not found, will not use a pak cache.
[2025.05.26-10.45.11:983][  0]LogDerivedDataCache: Unable to find inner node EnterprisePak for hierarchical cache Hierarchy.
[2025.05.26-10.45.11:992][  0]LogDerivedDataCache: Speed tests for C:/Users/sasha/AppData/Local/UnrealEngine/Common/DerivedDataCache took 0.01 seconds
[2025.05.26-10.45.11:992][  0]LogDerivedDataCache: Display: Performance to C:/Users/sasha/AppData/Local/UnrealEngine/Common/DerivedDataCache: Latency=0.02ms. RandomReadSpeed=893.24MBs, RandomWriteSpeed=127.00MBs. Assigned SpeedClass 'Local'
[2025.05.26-10.45.11:992][  0]LogDerivedDataCache: Using Local data cache path C:/Users/sasha/AppData/Local/UnrealEngine/Common/DerivedDataCache: Writable
[2025.05.26-10.45.11:992][  0]LogDerivedDataCache: Shared data cache path not found in *engine.ini, will not use an Shared cache.
[2025.05.26-10.45.11:992][  0]LogDerivedDataCache: Unable to find inner node Shared for hierarchical cache Hierarchy.
[2025.05.26-10.45.12:044][  0]LogSlate: Using FreeType 2.10.0
[2025.05.26-10.45.12:044][  0]LogSlate: SlateFontServices - WITH_FREETYPE: 1, WITH_HARFBUZZ: 1
[2025.05.26-10.45.12:070][  0]LogHMD: Optional extension XR_VARJO_quad_views is not available
[2025.05.26-10.45.12:102][  0]LogHMD: Failed to create an OpenXR instance, result is XR_ERROR_RUNTIME_FAILURE. Please check if you have an OpenXR runtime installed. The following extensions were enabled:
[2025.05.26-10.45.12:102][  0]LogHMD: - XR_KHR_D3D11_enable
[2025.05.26-10.45.12:102][  0]LogHMD: - XR_KHR_D3D12_enable
[2025.05.26-10.45.12:102][  0]LogHMD: - XR_KHR_opengl_enable
[2025.05.26-10.45.12:102][  0]LogHMD: - XR_KHR_vulkan_enable
[2025.05.26-10.45.12:102][  0]LogHMD: - XR_KHR_composition_layer_depth
[2025.05.26-10.45.12:102][  0]LogHMD: - XR_KHR_visibility_mask
[2025.05.26-10.45.12:102][  0]LogHMD: - XR_EXT_hand_tracking
[2025.05.26-10.45.12:102][  0]LogHMD: - XR_EXT_eye_gaze_interaction
[2025.05.26-10.45.12:128][  0]LogAssetRegistry: FAssetRegistry took 0.0036 seconds to start up
[2025.05.26-10.45.12:361][  0]LogInit: Selected Device Profile: [Windows]
[2025.05.26-10.45.12:361][  0]LogInit: Active device profile: [00000193EE2C1D00][00000193EEA6ACC0 49] Windows
[2025.05.26-10.45.12:361][  0]LogInit: Profiles: [00000193EE2C1D00][00000193EEA6ACC0 49] Windows, [00000193EE293600][00000193EC65AE00 49] WindowsNoEditor, [00000193EE2C3E00][00000193E9004F40 49] WindowsServer, [00000193EE290500][00000193E9009080 49] WindowsClient, [00000193EE2C0600][00000193E900D1C0 49] IOS, [00000193EE292400][00000193E1399340 49] iPadAir, [00000193EE2C2D00][00000193E139D4C0 49] iPadAir2, [00000193EE22D300][00000193E13A5780 49] IPadPro, [00000193EE22D400][00000193E13A17C0 49] iPadAir3, [00000193EE2C2600][00000193E13A9940 49] iPadAir4, [00000193EE22ED00][00000193E13ADAC0 49] iPadMini2, [00000193EE2C0100][00000193E13B00C0 49] iPadMini3, [00000193EE22DE00][00000193E13B4240 49] iPadMini4, [00000193EE2C2000][00000193EC37E3C0 49] iPadMini5, [00000193EE258E00][00000193EC386680 49] iPhone6, [00000193EE258F00][00000193EC3826C0 49] iPodTouch6, [00000193EE291D00][00000193EC38E980 49] iPhone7, [00000193EE292F00][00000193EC38A9C0 49] iPodTouch7, [00000193EE258200][00000193EC392B40 49] iPhone5S, [00000193EE22FC00][00000193EC396CC0 49] iPhone6Plus, [00000193EE25AE00][00000193EC39AE40 49] iPhone6S, [00000193EE22DB00][00000193E1394F80 49] iPhone6SPlus, [00000193EE291800][00000193EC39F0C0 49] iPhone7Plus, [00000193EE22E400][00000193EC3A3200 49] iPhoneSE, [00000193EE293400][00000193EC3A7340 49] iPhone8, [00000193EE22C600][00000193EC3AF4C0 49] iPhone8Plus, [00000193EE290700][00000193EC3B3640 49] iPhoneX, [00000193EE22CE00][00000193EC4017C0 49] iPhoneXS, [00000193EE292300][00000193EC405940 49] iPhoneXSMax, [00000193EE22FD00][00000193EC409AC0 49] iPhoneXR, [00000193EE292A00][00000193EC40C0C0 49] iPhone11, [00000193EE22F600][00000193EC410240 49] iPhone11Pro, [00000193EE292D00][00000193EC4143C0 49] iPhone11ProMax, [00000193EE22F700][00000193EC418540 49] iPhoneSE2, [00000193EE292E00][00000193EC41C6C0 49] iPhone12Mini, [00000193EE22DC00][00000193EC420840 49] iPhone12, [00000193EE291B00][00000193EC4249C0 49] iPhone12Pro, [00000193EE22D000][00000193EC428B40 49] iPhone12ProMax, [00000193EE291700][00000193EC42CCC0 49] iPadPro105, [00000193EE22DF00][00000193EC430E40 49] iPadPro129, [00000193EE292200][00000193EC434FC0 49] iPadPro97, [00000193EE22CB00][00000193EC439140 49] iPadPro2_129, [00000193EE292900][00000193EC3AB280 49] iPad5, [00000193EE22FB00][00000193EC43D3C0 49] iPad6, [00000193EE290A00][00000193EC441500 49] iPad7, [00000193EE22DD00][00000193EC449680 49] iPad8, [00000193EE291E00][00000193EC44D800 49] iPadPro11, [00000193EE22EA00][00000193EC451980 49] iPadPro2_11, [00000193EE293A00][00000193EC455B00 49] iPadPro3_129, [00000193EE22E900][00000193EC458100 49] iPadPro4_129, [00000193EE293300][00000193EC45C280 49] AppleTV, [00000193EE22F100][00000193EC460400 49] AppleTV4K, [00000193EE293E00][00000193EC464580 49] TVOS, [00000193EE22C200][00000193EC468700 49] Mac, [00000193EE291000][00000193EC46C880 49] MacClient, [00000193EE22F000][00000193EC470A00 49] MacNoEditor, [00000193EE290900][00000193EC474B80 49] MacServer, [00000193EE22F200][00000193EC478D00 49] Linux, [00000193EE291C00][00000193EC47CE80 49] LinuxAArch64, [00000193EE22F900][00000193EC481000 49] LinuxNoEditor, [00000193EE293900][00000193EC485180 49] LinuxAArch64NoEditor, [00000193EE22E000][00000193EC489300 49] LinuxClient, [00000193EE292700][00000193EC445440 49] LinuxAArch64Client, [00000193EE22CC00][00000193EC48D580 49] LinuxServer, [00000193EE293500][00000193EC4916C0 49] LinuxAArch64Server, [00000193EE22FA00][00000193EC499840 49] Android, [00000193EE293C00][00000193EC49D9C0 49] Android_Low, [00000193EE22C700][00000193EC4A1B40 49] Android_Mid, [00000193EE290D00][00000193EC4A4140 49] Android_High, [00000193EE22F800][00000193EC4A82C0 49] Android_Default, [00000193EE2C1300][00000193EC4AC440 49] Android_Adreno4xx, [00000193EE25B700][00000193EC4B05C0 49] Android_Adreno5xx_Low, [00000193EE2C0C00][00000193EC4B4740 49] Android_Adreno5xx, [00000193EE25B400][00000193EC4B88C0 49] Android_Adreno6xx, [00000193EE2C2300][00000193EC4BCA40 49] Android_Adreno6xx_Vulkan, [00000193EE258C00][00000193EC4C0BC0 49] Android_Mali_T6xx, [00000193EE2C3200][00000193EEA80D40 49] Android_Mali_T7xx, [00000193EE25B500][00000193EEA84EC0 49] Android_Mali_T8xx, [00000193EE2C1000][00000193EEA89040 49] Android_Mali_G71, [00000193EE258100][00000193EEA8D1C0 49] Android_Mali_G72, [00000193EE2C0B00][00000193EEA91340 49] Android_Mali_G72_Vulkan, [00000193EE258700][00000193EEA954C0 49] Android_Mali_G76, [00000193EE2C3700][00000193EC495600 49] Android_Mali_G76_Vulkan, [00000193EE25B900][00000193EEA99740 49] Android_Mali_G77, [00000193EE2C2900][00000193EEA9D880 49] Android_Mali_G77_Vulkan, [00000193EE259100][00000193EEAA19C0 49] Android_Mali_G78, [00000193EE2C2500][00000193EEAA9B40 49] Android_Mali_G78_Vulkan, [00000193EE258600][00000193EEAAC140 49] Android_Mali_G710, [00000193EE2C1A00][00000193EEAB02C0 49] Android_Mali_G710_Vulkan, [00000193EE258900][00000193EEAB4440 49] Android_Vulkan_SM5, [00000193EE2C3400][00000193EEAB85C0 49] Android_PowerVR_G6xxx, [00000193EE25AC00][00000193EEABC740 49] Android_PowerVR_GT7xxx, [00000193EE2C1F00][00000193EEAC08C0 49] Android_PowerVR_GE8xxx, [00000193EE25A600][00000193EEAC4A40 49] Android_PowerVR_GM9xxx, [00000193EE2C2C00][00000193EEAC8BC0 49] Android_PowerVR_GM9xxx_Vulkan, [00000193EE22CA00][00000193EEACCD40 49] Android_TegraK1, [00000193EE2C0900][00000193EEAD0EC0 49] Android_Unknown_Vulkan, [00000193EE22C500][00000193EEAD5040 49] Lumin, [00000193EE2C2700][00000193EEAD91C0 49] Lumin_Desktop, [00000193EE22C900][00000193EEADD340 49] HoloLens, 
[2025.05.26-10.45.12:506][  0]LogMeshReduction: Using QuadricMeshReduction for automatic static mesh reduction
[2025.05.26-10.45.12:506][  0]LogMeshReduction: Using SimplygonMeshReduction for automatic skeletal mesh reduction
[2025.05.26-10.45.12:506][  0]LogMeshReduction: Using ProxyLODMeshReduction for automatic mesh merging
[2025.05.26-10.45.12:506][  0]LogMeshReduction: No distributed automatic mesh merging module available
[2025.05.26-10.45.12:506][  0]LogMeshMerging: No distributed automatic mesh merging module available
[2025.05.26-10.45.12:521][  0]LogNetVersion: MyProject 1.0.0, NetCL: 17155196, EngineNetVer: 17, GameNetVer: 0 (Checksum: 3629800737)
[2025.05.26-10.45.12:917][  0]LogTexture: Default maximum texture size for cubemaps generated from long-lat sources has been changed from 512 to unlimited. In order to preserve old behaiour for '/Engine/MapTemplates/Sky/DaylightAmbientCubemap.DaylightAmbientCubemap', its maximum texture size has been explicitly set to 512.
[2025.05.26-10.45.12:975][  0]LogUObjectArray: 17011 objects as part of root set at end of initial load.
[2025.05.26-10.45.12:975][  0]LogUObjectAllocator: 4257152 out of 0 bytes used by permanent object pool.
[2025.05.26-10.45.12:975][  0]LogUObjectArray: CloseDisregardForGC: 0/0 objects in disregard for GC pool
[2025.05.26-10.45.13:242][  0]LogPython: Using Python 3.7.7
[2025.05.26-10.45.13:682][  0]LogNiagaraDebuggerClient: Niagara Debugger Client Initialized | Session: 7AD5C895417C4800B051D2BCCADC9636 | Instance: 2884C8CD425C57935ADDDAAF58FC053E (ALEXF-8124).
[2025.05.26-10.45.13:733][  0]LogUdpMessaging: Initializing bridge on interface 0.0.0.0:0 to multicast group 230.0.0.1:6666.
[2025.05.26-10.45.13:743][  0]LogTcpMessaging: Initializing TcpMessaging bridge
[2025.05.26-10.45.14:118][  0]LogOpenImageDenoise: OIDN starting up
[2025.05.26-10.45.14:131][  0]SourceControl: Source control is disabled
[2025.05.26-10.45.14:131][  0]SourceControl: Source control is disabled
[2025.05.26-10.45.14:134][  0]SourceControl: Source control is disabled
[2025.05.26-10.45.14:136][  0]SourceControl: Source control is disabled
[2025.05.26-10.45.14:145][  0]SourceControl: Source control is disabled
[2025.05.26-10.45.14:150][  0]LogUProjectInfo: Found projects:
[2025.05.26-10.45.14:154][  0]LogVSAccessor: Display: Unable to create Visual Studio setup instance: 80040154
[2025.05.26-10.45.14:155][  0]LogVSAccessor: Display: Unable to create Visual Studio setup instance: 80040154
[2025.05.26-10.45.14:156][  0]LogVSAccessor: Display: Unable to create Visual Studio setup instance: 80040154
[2025.05.26-10.45.14:204][  0]LogAndroidPermission: UAndroidPermissionCallbackProxy::GetInstance
[2025.05.26-10.45.14:225][  0]LogAudioCaptureCore: Display: No Audio Capture implementations found. Audio input will be silent.
[2025.05.26-10.45.14:225][  0]LogAudioCaptureCore: Display: No Audio Capture implementations found. Audio input will be silent.
[2025.05.26-10.45.14:399][  0]LogCollectionManager: Loaded 0 collections in 0.001722 seconds
[2025.05.26-10.45.14:465][  0]LogFileCache: Scanning file cache for directory 'C:/Users/sasha/Documents/GitHub/unreal_project/Saved/Collections/' took 0.00s
[2025.05.26-10.45.14:465][  0]LogFileCache: Scanning file cache for directory 'C:/Users/sasha/Documents/GitHub/unreal_project/Content/Developers/sasha/Collections/' took 0.00s
[2025.05.26-10.45.14:465][  0]LogFileCache: Scanning file cache for directory 'C:/Users/sasha/Documents/GitHub/unreal_project/Content/Collections/' took 0.00s
[2025.05.26-10.45.14:465][  0]LogEngine: Initializing Engine...
[2025.05.26-10.45.14:490][  0]LogHMD: Optional extension XR_VARJO_quad_views is not available
[2025.05.26-10.45.14:515][  0]LogHMD: Failed to create an OpenXR instance, result is XR_ERROR_RUNTIME_FAILURE. Please check if you have an OpenXR runtime installed. The following extensions were enabled:
[2025.05.26-10.45.14:515][  0]LogHMD: - XR_KHR_D3D11_enable
[2025.05.26-10.45.14:515][  0]LogHMD: - XR_KHR_D3D12_enable
[2025.05.26-10.45.14:515][  0]LogHMD: - XR_KHR_opengl_enable
[2025.05.26-10.45.14:515][  0]LogHMD: - XR_KHR_vulkan_enable
[2025.05.26-10.45.14:515][  0]LogHMD: - XR_KHR_composition_layer_depth
[2025.05.26-10.45.14:515][  0]LogHMD: - XR_KHR_visibility_mask
[2025.05.26-10.45.14:515][  0]LogHMD: - XR_EXT_hand_tracking
[2025.05.26-10.45.14:515][  0]LogHMD: - XR_EXT_eye_gaze_interaction
[2025.05.26-10.45.14:515][  0]LogMagicLeap: Warning: VR disabled because ZI is not enabled.  To enable, in the editor, Edit -> Project Settings -> Plugins -> Magic Leap Plugin -> Enable Zero Iteration
[2025.05.26-10.45.14:516][  0]LogStats: UGameplayTagsManager::InitializeManager -  0.000 s
[2025.05.26-10.45.14:706][  0]LogInit: Initializing FReadOnlyCVARCache
[2025.05.26-10.45.14:717][  0]LogAIModule: Creating AISystem for world Untitled
[2025.05.26-10.45.14:719][  0]LogAudio: Display: Initializing Audio Device Manager...
[2025.05.26-10.45.14:724][  0]LogAudio: Display: Loading Default Audio Settings Objects...
[2025.05.26-10.45.14:724][  0]LogAudio: Display: No default SoundConcurrencyObject specified (or failed to load).
[2025.05.26-10.45.14:725][  0]LogAudio: Display: Audio Device Manager Initialized
[2025.05.26-10.45.14:725][  0]LogAudio: Display: Creating Audio Device:                 Id: 1, Scope: Shared, Realtime: True
[2025.05.26-10.45.14:725][  0]LogAudioMixer: Display: Audio Mixer Platform Settings:
[2025.05.26-10.45.14:725][  0]LogAudioMixer: Display: 	Sample Rate:						  48000
[2025.05.26-10.45.14:725][  0]LogAudioMixer: Display: 	Callback Buffer Frame Size Requested: 1024
[2025.05.26-10.45.14:725][  0]LogAudioMixer: Display: 	Callback Buffer Frame Size To Use:	  1024
[2025.05.26-10.45.14:725][  0]LogAudioMixer: Display: 	Number of buffers to queue:			  1
[2025.05.26-10.45.14:725][  0]LogAudioMixer: Display: 	Max Channels (voices):				  0
[2025.05.26-10.45.14:725][  0]LogAudioMixer: Display: 	Number of Async Source Workers:		  4
[2025.05.26-10.45.14:725][  0]LogAudio: Display: AudioDevice MaxSources: 32
[2025.05.26-10.45.14:725][  0]LogAudio: Display: Audio Spatialization Plugin: Resonance Audio is external send: 1
[2025.05.26-10.45.14:725][  0]LogAudio: Display: Audio Reverb Plugin: Resonance Audio
[2025.05.26-10.45.14:726][  0]LogAudio: Display: Audio Occlusion Plugin: None (built-in).
[2025.05.26-10.45.14:726][  0]LogAudioMixer: Display: Initializing audio mixer.
[2025.05.26-10.45.14:766][  0]LogAudioMixer: Display: 0: FrontLeft
[2025.05.26-10.45.14:766][  0]LogAudioMixer: Display: 1: FrontRight
[2025.05.26-10.45.14:805][  0]LogAudioMixer: Display: Using Audio Device Динамики (Realtek(R) Audio)
[2025.05.26-10.45.14:806][  0]LogAudioMixer: Display: Initializing Sound Submixes...
[2025.05.26-10.45.14:808][  0]LogAudioMixer: Display: Creating Master Submix 'MasterSubmixDefault'
[2025.05.26-10.45.14:808][  0]LogAudioMixer: Display: Creating Master Submix 'MasterReverbSubmixDefault'
[2025.05.26-10.45.14:809][  0]LogAudioMixer: Display: Creating Master Submix 'MasterEQSubmixDefault'
[2025.05.26-10.45.14:810][  0]LogAudioMixer: FMixerPlatformXAudio2::StartAudioStream() called
[2025.05.26-10.45.14:810][  0]LogAudioMixer: Display: Output buffers initialized: Frames=1024, Channels=2, Samples=2048
[2025.05.26-10.45.14:811][  0]LogAudioMixer: Display: Starting AudioMixerPlatformInterface::RunInternal()
[2025.05.26-10.45.14:811][  0]LogAudioMixer: Display: FMixerPlatformXAudio2::SubmitBuffer() called for the first time
[2025.05.26-10.45.14:811][  0]LogInit: FAudioDevice initialized.
[2025.05.26-10.45.14:811][  0]LogAudio: Display: Audio Device (ID: 1) registered with world 'Untitled'.
[2025.05.26-10.45.14:811][  0]LogNetVersion: Set ProjectVersion to 1.0.0.0. Version Checksum will be recalculated on next use.
[2025.05.26-10.45.14:882][  0]LogDerivedDataCache: Saved boot cache 0.07s 148MB C:/Users/sasha/AppData/Local/UnrealEngine/4.27/DerivedDataCache/Boot.ddc.
[2025.05.26-10.45.14:885][  0]LogInit: Texture streaming: Enabled
[2025.05.26-10.45.14:896][  0]LogAnalytics: Display: [UEEditor.Rocket.Release] APIServer = https://datarouter.ol.epicgames.com/. AppVersion = 4.27.2-18319896+++UE4+Release-4.27
[2025.05.26-10.45.14:900][  0]LogEngineSessionManager: EngineSessionManager initialized
[2025.05.26-10.45.14:900][  0]LogEditorSessionSummary: Verbose: Initializing EditorSessionSummaryWriter for editor session tracking
[2025.05.26-10.45.14:901][  0]LogEditorSessionSummary: EditorSessionSummaryWriter initialized
[2025.05.26-10.45.14:925][  0]LogInit: Transaction tracking system initialized
[2025.05.26-10.45.14:945][  0]BlueprintLog: New page: Editor Load
[2025.05.26-10.45.14:999][  0]LocalizationService: Localization service is disabled
[2025.05.26-10.45.15:020][  0]TimingProfiler: Initialize
[2025.05.26-10.45.15:020][  0]TimingProfiler: OnSessionChanged
[2025.05.26-10.45.15:020][  0]LoadingProfiler: Initialize
[2025.05.26-10.45.15:020][  0]LoadingProfiler: OnSessionChanged
[2025.05.26-10.45.15:021][  0]NetworkingProfiler: Initialize
[2025.05.26-10.45.15:021][  0]NetworkingProfiler: OnSessionChanged
[2025.05.26-10.45.15:021][  0]MemoryProfiler: Initialize
[2025.05.26-10.45.15:021][  0]MemoryProfiler: OnSessionChanged
[2025.05.26-10.45.15:082][  0]LogVSAccessor: Display: Unable to create Visual Studio setup instance: 80040154
[2025.05.26-10.45.15:083][  0]LogVSAccessor: Display: Unable to create Visual Studio setup instance: 80040154
[2025.05.26-10.45.15:084][  0]LogVSAccessor: Display: Unable to create Visual Studio setup instance: 80040154
[2025.05.26-10.45.15:173][  0]LogCook: Display: CookSettings for Memory: MemoryMaxUsedVirtual 0MiB, MemoryMaxUsedPhysical 16384MiB, MemoryMinFreeVirtual 0MiB, MemoryMinFreePhysical 1024MiB
[2025.05.26-10.45.15:173][  0]LogCook: Display: Mobile HDR setting 0
[2025.05.26-10.45.15:367][  0]LogFileCache: Scanning file cache for directory 'C:/Users/sasha/Documents/GitHub/unreal_project/Content/' took 0.01s
[2025.05.26-10.45.15:367][  0]LogInit: Display: Engine is initialized. Leaving FEngineLoop::Init()
[2025.05.26-10.45.15:370][  0]SourceControl: Source control is disabled
[2025.05.26-10.45.15:370][  0]LogUnrealEdMisc: Loading editor; pre map load, took 6.629
[2025.05.26-10.45.15:371][  0]Cmd: MAP LOAD FILE="../../../../../../Users/sasha/Documents/GitHub/unreal_project/Content/VRTemplate/Maps/VRTemplateMap.umap" TEMPLATE=0 SHOWPROGRESS=1 FEATURELEVEL=3
[2025.05.26-10.45.15:371][  0]LightingResults: New page: Lighting Build
[2025.05.26-10.45.15:372][  0]LogWorld: UWorld::CleanupWorld for Untitled, bSessionEnded=true, bCleanupResources=true
[2025.05.26-10.45.15:372][  0]LogSlate: InvalidateAllWidgets triggered.  All widgets were invalidated
[2025.05.26-10.45.15:373][  0]MapCheck: New page: Map Check
[2025.05.26-10.45.15:373][  0]LightingResults: New page: Lighting Build
[2025.05.26-10.45.15:378][  0]LogAudio: Display: Audio Device unregistered from world 'None'.
[2025.05.26-10.45.15:381][  0]LogUObjectHash: Compacting FUObjectHashTables data took   0.63ms
[2025.05.26-10.45.16:286][  0]LogAudio: Display: Audio Device (ID: 1) registered with world 'VRTemplateMap'.
[2025.05.26-10.45.16:287][  0]LogAIModule: Creating AISystem for world VRTemplateMap
[2025.05.26-10.45.16:321][  0]LogEditorServer: Finished looking for orphan Actors (0.000 secs)
[2025.05.26-10.45.16:336][  0]LogUObjectHash: Compacting FUObjectHashTables data took   1.16ms
[2025.05.26-10.45.16:336][  0]Cmd: MAP CHECKDEP NOCLEARLOG
[2025.05.26-10.45.16:337][  0]MapCheck: Map check complete: 0 Error(s), 0 Warning(s), took 0,176ms to complete.
[2025.05.26-10.45.16:337][  0]LogFileHelpers: Loading map 'VRTemplateMap' took 0.966
[2025.05.26-10.45.16:338][  0]LogUnrealEdMisc: Total Editor Startup Time, took 7.597
[2025.05.26-10.45.16:482][  0]LogSlate: Updating window title bar state: overlay mode, drag disabled, window buttons hidden, title bar hidden
[2025.05.26-10.45.16:487][  0]LogSlate: Updating window title bar state: overlay mode, drag disabled, window buttons hidden, title bar hidden
[2025.05.26-10.45.16:493][  0]LogSlate: Updating window title bar state: overlay mode, drag disabled, window buttons hidden, title bar hidden
[2025.05.26-10.45.16:498][  0]LogSlate: Updating window title bar state: overlay mode, drag disabled, window buttons hidden, title bar hidden
[2025.05.26-10.45.16:511][  0]LogNativeClassHierarchy: Verbose: Native class hierarchy populated in 0.0091 seconds. Added 3809 classes and 916 folders.
[2025.05.26-10.45.16:514][  0]LogNativeClassHierarchy: Verbose: Native class hierarchy updated for 'WidgetCarousel' in 0.0002 seconds. Added 0 classes and 0 folders.
[2025.05.26-10.45.16:515][  0]LogPakFile: PakFile PrimaryIndexSize=187
[2025.05.26-10.45.16:515][  0]LogPakFile: PakFile PathHashIndexSize=101
[2025.05.26-10.45.16:515][  0]LogPakFile: PakFile FullDirectoryIndexSize=148
[2025.05.26-10.45.16:515][  0]LogShaderLibrary: Display: ShaderCodeLibraryPakFileMountedCallback: PakFile 'C:/Program Files/Epic Games/UE_4.27/FeaturePacks/FP_FirstPerson.upack' (chunk index -1, root 'root:/') mounted
[2025.05.26-10.45.16:515][  0]LogShaderLibrary: Display: ShaderCodeLibraryPakFileMountedCallback: pending pak file info (ChunkID:-1 Root:root:/ File:C:/Program Files/Epic Games/UE_4.27/FeaturePacks/FP_FirstPerson.upack)
[2025.05.26-10.45.16:515][  0]LogPakFile: OnPakFileMounted2Time == 0.000047
[2025.05.26-10.45.16:516][  0]LogPakFile: PakFile PrimaryIndexSize=189
[2025.05.26-10.45.16:516][  0]LogPakFile: PakFile PathHashIndexSize=101
[2025.05.26-10.45.16:516][  0]LogPakFile: PakFile FullDirectoryIndexSize=152
[2025.05.26-10.45.16:516][  0]LogShaderLibrary: Display: ShaderCodeLibraryPakFileMountedCallback: PakFile 'C:/Program Files/Epic Games/UE_4.27/FeaturePacks/FP_FirstPersonBP.upack' (chunk index -1, root 'root:/') mounted
[2025.05.26-10.45.16:516][  0]LogShaderLibrary: Display: ShaderCodeLibraryPakFileMountedCallback: pending pak file info (ChunkID:-1 Root:root:/ File:C:/Program Files/Epic Games/UE_4.27/FeaturePacks/FP_FirstPersonBP.upack)
[2025.05.26-10.45.16:516][  0]LogPakFile: OnPakFileMounted2Time == 0.000047
[2025.05.26-10.45.16:516][  0]LogPakFile: PakFile PrimaryIndexSize=191
[2025.05.26-10.45.16:516][  0]LogPakFile: PakFile PathHashIndexSize=101
[2025.05.26-10.45.16:516][  0]LogPakFile: PakFile FullDirectoryIndexSize=160
[2025.05.26-10.45.16:516][  0]LogShaderLibrary: Display: ShaderCodeLibraryPakFileMountedCallback: PakFile 'C:/Program Files/Epic Games/UE_4.27/FeaturePacks/MobileStarterContent.upack' (chunk index -1, root 'root:/') mounted
[2025.05.26-10.45.16:516][  0]LogShaderLibrary: Display: ShaderCodeLibraryPakFileMountedCallback: pending pak file info (ChunkID:-1 Root:root:/ File:C:/Program Files/Epic Games/UE_4.27/FeaturePacks/MobileStarterContent.upack)
[2025.05.26-10.45.16:516][  0]LogPakFile: OnPakFileMounted2Time == 0.000035
[2025.05.26-10.45.16:517][  0]LogPakFile: PakFile PrimaryIndexSize=185
[2025.05.26-10.45.16:517][  0]LogPakFile: PakFile PathHashIndexSize=101
[2025.05.26-10.45.16:517][  0]LogPakFile: PakFile FullDirectoryIndexSize=148
[2025.05.26-10.45.16:517][  0]LogShaderLibrary: Display: ShaderCodeLibraryPakFileMountedCallback: PakFile 'C:/Program Files/Epic Games/UE_4.27/FeaturePacks/StarterContent.upack' (chunk index -1, root 'root:/') mounted
[2025.05.26-10.45.16:517][  0]LogShaderLibrary: Display: ShaderCodeLibraryPakFileMountedCallback: pending pak file info (ChunkID:-1 Root:root:/ File:C:/Program Files/Epic Games/UE_4.27/FeaturePacks/StarterContent.upack)
[2025.05.26-10.45.16:517][  0]LogPakFile: OnPakFileMounted2Time == 0.000032
[2025.05.26-10.45.16:517][  0]LogPakFile: PakFile PrimaryIndexSize=190
[2025.05.26-10.45.16:517][  0]LogPakFile: PakFile PathHashIndexSize=101
[2025.05.26-10.45.16:517][  0]LogPakFile: PakFile FullDirectoryIndexSize=154
[2025.05.26-10.45.16:517][  0]LogShaderLibrary: Display: ShaderCodeLibraryPakFileMountedCallback: PakFile 'C:/Program Files/Epic Games/UE_4.27/FeaturePacks/TP_2DSideScroller.upack' (chunk index -1, root 'root:/') mounted
[2025.05.26-10.45.16:517][  0]LogShaderLibrary: Display: ShaderCodeLibraryPakFileMountedCallback: pending pak file info (ChunkID:-1 Root:root:/ File:C:/Program Files/Epic Games/UE_4.27/FeaturePacks/TP_2DSideScroller.upack)
[2025.05.26-10.45.16:517][  0]LogPakFile: OnPakFileMounted2Time == 0.000028
[2025.05.26-10.45.16:518][  0]LogPakFile: PakFile PrimaryIndexSize=192
[2025.05.26-10.45.16:518][  0]LogPakFile: PakFile PathHashIndexSize=101
[2025.05.26-10.45.16:518][  0]LogPakFile: PakFile FullDirectoryIndexSize=158
[2025.05.26-10.45.16:518][  0]LogShaderLibrary: Display: ShaderCodeLibraryPakFileMountedCallback: PakFile 'C:/Program Files/Epic Games/UE_4.27/FeaturePacks/TP_2DSideScrollerBP.upack' (chunk index -1, root 'root:/') mounted
[2025.05.26-10.45.16:518][  0]LogShaderLibrary: Display: ShaderCodeLibraryPakFileMountedCallback: pending pak file info (ChunkID:-1 Root:root:/ File:C:/Program Files/Epic Games/UE_4.27/FeaturePacks/TP_2DSideScrollerBP.upack)
[2025.05.26-10.45.16:518][  0]LogPakFile: OnPakFileMounted2Time == 0.000027
[2025.05.26-10.45.16:518][  0]LogPakFile: PakFile PrimaryIndexSize=182
[2025.05.26-10.45.16:518][  0]LogPakFile: PakFile PathHashIndexSize=101
[2025.05.26-10.45.16:518][  0]LogPakFile: PakFile FullDirectoryIndexSize=138
[2025.05.26-10.45.16:518][  0]LogShaderLibrary: Display: ShaderCodeLibraryPakFileMountedCallback: PakFile 'C:/Program Files/Epic Games/UE_4.27/FeaturePacks/TP_Flying.upack' (chunk index -1, root 'root:/') mounted
[2025.05.26-10.45.16:518][  0]LogShaderLibrary: Display: ShaderCodeLibraryPakFileMountedCallback: pending pak file info (ChunkID:-1 Root:root:/ File:C:/Program Files/Epic Games/UE_4.27/FeaturePacks/TP_Flying.upack)
[2025.05.26-10.45.16:518][  0]LogPakFile: OnPakFileMounted2Time == 0.000027
[2025.05.26-10.45.16:519][  0]LogPakFile: PakFile PrimaryIndexSize=184
[2025.05.26-10.45.16:519][  0]LogPakFile: PakFile PathHashIndexSize=101
[2025.05.26-10.45.16:519][  0]LogPakFile: PakFile FullDirectoryIndexSize=142
[2025.05.26-10.45.16:519][  0]LogShaderLibrary: Display: ShaderCodeLibraryPakFileMountedCallback: PakFile 'C:/Program Files/Epic Games/UE_4.27/FeaturePacks/TP_FlyingBP.upack' (chunk index -1, root 'root:/') mounted
[2025.05.26-10.45.16:519][  0]LogShaderLibrary: Display: ShaderCodeLibraryPakFileMountedCallback: pending pak file info (ChunkID:-1 Root:root:/ File:C:/Program Files/Epic Games/UE_4.27/FeaturePacks/TP_FlyingBP.upack)
[2025.05.26-10.45.16:519][  0]LogPakFile: OnPakFileMounted2Time == 0.000030
[2025.05.26-10.45.16:519][  0]LogPakFile: PakFile PrimaryIndexSize=188
[2025.05.26-10.45.16:519][  0]LogPakFile: PakFile PathHashIndexSize=101
[2025.05.26-10.45.16:519][  0]LogPakFile: PakFile FullDirectoryIndexSize=150
[2025.05.26-10.45.16:519][  0]LogShaderLibrary: Display: ShaderCodeLibraryPakFileMountedCallback: PakFile 'C:/Program Files/Epic Games/UE_4.27/FeaturePacks/TP_HandheldARBP.upack' (chunk index -1, root 'root:/') mounted
[2025.05.26-10.45.16:519][  0]LogShaderLibrary: Display: ShaderCodeLibraryPakFileMountedCallback: pending pak file info (ChunkID:-1 Root:root:/ File:C:/Program Files/Epic Games/UE_4.27/FeaturePacks/TP_HandheldARBP.upack)
[2025.05.26-10.45.16:519][  0]LogPakFile: OnPakFileMounted2Time == 0.000031
[2025.05.26-10.45.16:520][  0]LogPakFile: PakFile PrimaryIndexSize=182
[2025.05.26-10.45.16:520][  0]LogPakFile: PakFile PathHashIndexSize=101
[2025.05.26-10.45.16:520][  0]LogPakFile: PakFile FullDirectoryIndexSize=138
[2025.05.26-10.45.16:520][  0]LogShaderLibrary: Display: ShaderCodeLibraryPakFileMountedCallback: PakFile 'C:/Program Files/Epic Games/UE_4.27/FeaturePacks/TP_Puzzle.upack' (chunk index -1, root 'root:/') mounted
[2025.05.26-10.45.16:520][  0]LogShaderLibrary: Display: ShaderCodeLibraryPakFileMountedCallback: pending pak file info (ChunkID:-1 Root:root:/ File:C:/Program Files/Epic Games/UE_4.27/FeaturePacks/TP_Puzzle.upack)
[2025.05.26-10.45.16:520][  0]LogPakFile: OnPakFileMounted2Time == 0.000038
[2025.05.26-10.45.16:520][  0]LogPakFile: PakFile PrimaryIndexSize=184
[2025.05.26-10.45.16:520][  0]LogPakFile: PakFile PathHashIndexSize=101
[2025.05.26-10.45.16:520][  0]LogPakFile: PakFile FullDirectoryIndexSize=142
[2025.05.26-10.45.16:520][  0]LogShaderLibrary: Display: ShaderCodeLibraryPakFileMountedCallback: PakFile 'C:/Program Files/Epic Games/UE_4.27/FeaturePacks/TP_PuzzleBP.upack' (chunk index -1, root 'root:/') mounted
[2025.05.26-10.45.16:520][  0]LogShaderLibrary: Display: ShaderCodeLibraryPakFileMountedCallback: pending pak file info (ChunkID:-1 Root:root:/ File:C:/Program Files/Epic Games/UE_4.27/FeaturePacks/TP_PuzzleBP.upack)
[2025.05.26-10.45.16:520][  0]LogPakFile: OnPakFileMounted2Time == 0.000029
[2025.05.26-10.45.16:521][  0]LogPakFile: PakFile PrimaryIndexSize=183
[2025.05.26-10.45.16:521][  0]LogPakFile: PakFile PathHashIndexSize=101
[2025.05.26-10.45.16:521][  0]LogPakFile: PakFile FullDirectoryIndexSize=140
[2025.05.26-10.45.16:521][  0]LogShaderLibrary: Display: ShaderCodeLibraryPakFileMountedCallback: PakFile 'C:/Program Files/Epic Games/UE_4.27/FeaturePacks/TP_Rolling.upack' (chunk index -1, root 'root:/') mounted
[2025.05.26-10.45.16:521][  0]LogShaderLibrary: Display: ShaderCodeLibraryPakFileMountedCallback: pending pak file info (ChunkID:-1 Root:root:/ File:C:/Program Files/Epic Games/UE_4.27/FeaturePacks/TP_Rolling.upack)
[2025.05.26-10.45.16:521][  0]LogPakFile: OnPakFileMounted2Time == 0.000029
[2025.05.26-10.45.16:521][  0]LogPakFile: PakFile PrimaryIndexSize=185
[2025.05.26-10.45.16:521][  0]LogPakFile: PakFile PathHashIndexSize=101
[2025.05.26-10.45.16:521][  0]LogPakFile: PakFile FullDirectoryIndexSize=144
[2025.05.26-10.45.16:521][  0]LogShaderLibrary: Display: ShaderCodeLibraryPakFileMountedCallback: PakFile 'C:/Program Files/Epic Games/UE_4.27/FeaturePacks/TP_RollingBP.upack' (chunk index -1, root 'root:/') mounted
[2025.05.26-10.45.16:521][  0]LogShaderLibrary: Display: ShaderCodeLibraryPakFileMountedCallback: pending pak file info (ChunkID:-1 Root:root:/ File:C:/Program Files/Epic Games/UE_4.27/FeaturePacks/TP_RollingBP.upack)
[2025.05.26-10.45.16:521][  0]LogPakFile: OnPakFileMounted2Time == 0.000026
[2025.05.26-10.45.16:522][  0]LogPakFile: PakFile PrimaryIndexSize=188
[2025.05.26-10.45.16:522][  0]LogPakFile: PakFile PathHashIndexSize=101
[2025.05.26-10.45.16:522][  0]LogPakFile: PakFile FullDirectoryIndexSize=150
[2025.05.26-10.45.16:522][  0]LogShaderLibrary: Display: ShaderCodeLibraryPakFileMountedCallback: PakFile 'C:/Program Files/Epic Games/UE_4.27/FeaturePacks/TP_SideScroller.upack' (chunk index -1, root 'root:/') mounted
[2025.05.26-10.45.16:522][  0]LogShaderLibrary: Display: ShaderCodeLibraryPakFileMountedCallback: pending pak file info (ChunkID:-1 Root:root:/ File:C:/Program Files/Epic Games/UE_4.27/FeaturePacks/TP_SideScroller.upack)
[2025.05.26-10.45.16:522][  0]LogPakFile: OnPakFileMounted2Time == 0.000027
[2025.05.26-10.45.16:522][  0]LogPakFile: PakFile PrimaryIndexSize=190
[2025.05.26-10.45.16:522][  0]LogPakFile: PakFile PathHashIndexSize=101
[2025.05.26-10.45.16:522][  0]LogPakFile: PakFile FullDirectoryIndexSize=154
[2025.05.26-10.45.16:522][  0]LogShaderLibrary: Display: ShaderCodeLibraryPakFileMountedCallback: PakFile 'C:/Program Files/Epic Games/UE_4.27/FeaturePacks/TP_SideScrollerBP.upack' (chunk index -1, root 'root:/') mounted
[2025.05.26-10.45.16:522][  0]LogShaderLibrary: Display: ShaderCodeLibraryPakFileMountedCallback: pending pak file info (ChunkID:-1 Root:root:/ File:C:/Program Files/Epic Games/UE_4.27/FeaturePacks/TP_SideScrollerBP.upack)
[2025.05.26-10.45.16:522][  0]LogPakFile: OnPakFileMounted2Time == 0.000027
[2025.05.26-10.45.16:522][  0]LogPakFile: PakFile PrimaryIndexSize=187
[2025.05.26-10.45.16:522][  0]LogPakFile: PakFile PathHashIndexSize=101
[2025.05.26-10.45.16:522][  0]LogPakFile: PakFile FullDirectoryIndexSize=148
[2025.05.26-10.45.16:522][  0]LogShaderLibrary: Display: ShaderCodeLibraryPakFileMountedCallback: PakFile 'C:/Program Files/Epic Games/UE_4.27/FeaturePacks/TP_ThirdPerson.upack' (chunk index -1, root 'root:/') mounted
[2025.05.26-10.45.16:523][  0]LogShaderLibrary: Display: ShaderCodeLibraryPakFileMountedCallback: pending pak file info (ChunkID:-1 Root:root:/ File:C:/Program Files/Epic Games/UE_4.27/FeaturePacks/TP_ThirdPerson.upack)
[2025.05.26-10.45.16:523][  0]LogPakFile: OnPakFileMounted2Time == 0.000028
[2025.05.26-10.45.16:523][  0]LogPakFile: PakFile PrimaryIndexSize=189
[2025.05.26-10.45.16:523][  0]LogPakFile: PakFile PathHashIndexSize=101
[2025.05.26-10.45.16:523][  0]LogPakFile: PakFile FullDirectoryIndexSize=152
[2025.05.26-10.45.16:523][  0]LogShaderLibrary: Display: ShaderCodeLibraryPakFileMountedCallback: PakFile 'C:/Program Files/Epic Games/UE_4.27/FeaturePacks/TP_ThirdPersonBP.upack' (chunk index -1, root 'root:/') mounted
[2025.05.26-10.45.16:523][  0]LogShaderLibrary: Display: ShaderCodeLibraryPakFileMountedCallback: pending pak file info (ChunkID:-1 Root:root:/ File:C:/Program Files/Epic Games/UE_4.27/FeaturePacks/TP_ThirdPersonBP.upack)
[2025.05.26-10.45.16:523][  0]LogPakFile: OnPakFileMounted2Time == 0.000024
[2025.05.26-10.45.16:523][  0]LogPakFile: PakFile PrimaryIndexSize=183
[2025.05.26-10.45.16:523][  0]LogPakFile: PakFile PathHashIndexSize=101
[2025.05.26-10.45.16:523][  0]LogPakFile: PakFile FullDirectoryIndexSize=140
[2025.05.26-10.45.16:523][  0]LogShaderLibrary: Display: ShaderCodeLibraryPakFileMountedCallback: PakFile 'C:/Program Files/Epic Games/UE_4.27/FeaturePacks/TP_TopDown.upack' (chunk index -1, root 'root:/') mounted
[2025.05.26-10.45.16:523][  0]LogShaderLibrary: Display: ShaderCodeLibraryPakFileMountedCallback: pending pak file info (ChunkID:-1 Root:root:/ File:C:/Program Files/Epic Games/UE_4.27/FeaturePacks/TP_TopDown.upack)
[2025.05.26-10.45.16:523][  0]LogPakFile: OnPakFileMounted2Time == 0.000031
[2025.05.26-10.45.16:524][  0]LogPakFile: PakFile PrimaryIndexSize=185
[2025.05.26-10.45.16:524][  0]LogPakFile: PakFile PathHashIndexSize=101
[2025.05.26-10.45.16:524][  0]LogPakFile: PakFile FullDirectoryIndexSize=144
[2025.05.26-10.45.16:524][  0]LogShaderLibrary: Display: ShaderCodeLibraryPakFileMountedCallback: PakFile 'C:/Program Files/Epic Games/UE_4.27/FeaturePacks/TP_TopDownBP.upack' (chunk index -1, root 'root:/') mounted
[2025.05.26-10.45.16:524][  0]LogShaderLibrary: Display: ShaderCodeLibraryPakFileMountedCallback: pending pak file info (ChunkID:-1 Root:root:/ File:C:/Program Files/Epic Games/UE_4.27/FeaturePacks/TP_TopDownBP.upack)
[2025.05.26-10.45.16:524][  0]LogPakFile: OnPakFileMounted2Time == 0.000029
[2025.05.26-10.45.16:524][  0]LogPakFile: PakFile PrimaryIndexSize=185
[2025.05.26-10.45.16:525][  0]LogPakFile: PakFile PathHashIndexSize=101
[2025.05.26-10.45.16:525][  0]LogPakFile: PakFile FullDirectoryIndexSize=144
[2025.05.26-10.45.16:525][  0]LogShaderLibrary: Display: ShaderCodeLibraryPakFileMountedCallback: PakFile 'C:/Program Files/Epic Games/UE_4.27/FeaturePacks/TP_TwinStick.upack' (chunk index -1, root 'root:/') mounted
[2025.05.26-10.45.16:525][  0]LogShaderLibrary: Display: ShaderCodeLibraryPakFileMountedCallback: pending pak file info (ChunkID:-1 Root:root:/ File:C:/Program Files/Epic Games/UE_4.27/FeaturePacks/TP_TwinStick.upack)
[2025.05.26-10.45.16:525][  0]LogPakFile: OnPakFileMounted2Time == 0.000095
[2025.05.26-10.45.16:525][  0]LogPakFile: PakFile PrimaryIndexSize=187
[2025.05.26-10.45.16:525][  0]LogPakFile: PakFile PathHashIndexSize=101
[2025.05.26-10.45.16:525][  0]LogPakFile: PakFile FullDirectoryIndexSize=148
[2025.05.26-10.45.16:525][  0]LogShaderLibrary: Display: ShaderCodeLibraryPakFileMountedCallback: PakFile 'C:/Program Files/Epic Games/UE_4.27/FeaturePacks/TP_TwinStickBP.upack' (chunk index -1, root 'root:/') mounted
[2025.05.26-10.45.16:525][  0]LogShaderLibrary: Display: ShaderCodeLibraryPakFileMountedCallback: pending pak file info (ChunkID:-1 Root:root:/ File:C:/Program Files/Epic Games/UE_4.27/FeaturePacks/TP_TwinStickBP.upack)
[2025.05.26-10.45.16:525][  0]LogPakFile: OnPakFileMounted2Time == 0.000035
[2025.05.26-10.45.16:526][  0]LogPakFile: PakFile PrimaryIndexSize=183
[2025.05.26-10.45.16:526][  0]LogPakFile: PakFile PathHashIndexSize=101
[2025.05.26-10.45.16:526][  0]LogPakFile: PakFile FullDirectoryIndexSize=140
[2025.05.26-10.45.16:526][  0]LogShaderLibrary: Display: ShaderCodeLibraryPakFileMountedCallback: PakFile 'C:/Program Files/Epic Games/UE_4.27/FeaturePacks/TP_Vehicle.upack' (chunk index -1, root 'root:/') mounted
[2025.05.26-10.45.16:526][  0]LogShaderLibrary: Display: ShaderCodeLibraryPakFileMountedCallback: pending pak file info (ChunkID:-1 Root:root:/ File:C:/Program Files/Epic Games/UE_4.27/FeaturePacks/TP_Vehicle.upack)
[2025.05.26-10.45.16:526][  0]LogPakFile: OnPakFileMounted2Time == 0.000036
[2025.05.26-10.45.16:526][  0]LogPakFile: PakFile PrimaryIndexSize=186
[2025.05.26-10.45.16:526][  0]LogPakFile: PakFile PathHashIndexSize=101
[2025.05.26-10.45.16:526][  0]LogPakFile: PakFile FullDirectoryIndexSize=146
[2025.05.26-10.45.16:526][  0]LogShaderLibrary: Display: ShaderCodeLibraryPakFileMountedCallback: PakFile 'C:/Program Files/Epic Games/UE_4.27/FeaturePacks/TP_VehicleAdv.upack' (chunk index -1, root 'root:/') mounted
[2025.05.26-10.45.16:526][  0]LogShaderLibrary: Display: ShaderCodeLibraryPakFileMountedCallback: pending pak file info (ChunkID:-1 Root:root:/ File:C:/Program Files/Epic Games/UE_4.27/FeaturePacks/TP_VehicleAdv.upack)
[2025.05.26-10.45.16:526][  0]LogPakFile: OnPakFileMounted2Time == 0.000034
[2025.05.26-10.45.16:526][  0]LogPakFile: PakFile PrimaryIndexSize=188
[2025.05.26-10.45.16:526][  0]LogPakFile: PakFile PathHashIndexSize=101
[2025.05.26-10.45.16:526][  0]LogPakFile: PakFile FullDirectoryIndexSize=150
[2025.05.26-10.45.16:526][  0]LogShaderLibrary: Display: ShaderCodeLibraryPakFileMountedCallback: PakFile 'C:/Program Files/Epic Games/UE_4.27/FeaturePacks/TP_VehicleAdvBP.upack' (chunk index -1, root 'root:/') mounted
[2025.05.26-10.45.16:526][  0]LogShaderLibrary: Display: ShaderCodeLibraryPakFileMountedCallback: pending pak file info (ChunkID:-1 Root:root:/ File:C:/Program Files/Epic Games/UE_4.27/FeaturePacks/TP_VehicleAdvBP.upack)
[2025.05.26-10.45.16:526][  0]LogPakFile: OnPakFileMounted2Time == 0.000027
[2025.05.26-10.45.16:528][  0]LogPakFile: PakFile PrimaryIndexSize=185
[2025.05.26-10.45.16:528][  0]LogPakFile: PakFile PathHashIndexSize=101
[2025.05.26-10.45.16:528][  0]LogPakFile: PakFile FullDirectoryIndexSize=144
[2025.05.26-10.45.16:528][  0]LogShaderLibrary: Display: ShaderCodeLibraryPakFileMountedCallback: PakFile 'C:/Program Files/Epic Games/UE_4.27/FeaturePacks/TP_VehicleBP.upack' (chunk index -1, root 'root:/') mounted
[2025.05.26-10.45.16:528][  0]LogShaderLibrary: Display: ShaderCodeLibraryPakFileMountedCallback: pending pak file info (ChunkID:-1 Root:root:/ File:C:/Program Files/Epic Games/UE_4.27/FeaturePacks/TP_VehicleBP.upack)
[2025.05.26-10.45.16:528][  0]LogPakFile: OnPakFileMounted2Time == 0.000028
[2025.05.26-10.45.16:528][  0]LogPakFile: PakFile PrimaryIndexSize=192
[2025.05.26-10.45.16:528][  0]LogPakFile: PakFile PathHashIndexSize=101
[2025.05.26-10.45.16:528][  0]LogPakFile: PakFile FullDirectoryIndexSize=158
[2025.05.26-10.45.16:528][  0]LogShaderLibrary: Display: ShaderCodeLibraryPakFileMountedCallback: PakFile 'C:/Program Files/Epic Games/UE_4.27/FeaturePacks/TP_VirtualRealityBP.upack' (chunk index -1, root 'root:/') mounted
[2025.05.26-10.45.16:528][  0]LogShaderLibrary: Display: ShaderCodeLibraryPakFileMountedCallback: pending pak file info (ChunkID:-1 Root:root:/ File:C:/Program Files/Epic Games/UE_4.27/FeaturePacks/TP_VirtualRealityBP.upack)
[2025.05.26-10.45.16:528][  0]LogPakFile: OnPakFileMounted2Time == 0.000028
[2025.05.26-10.45.16:576][  0]LogNativeClassHierarchy: Verbose: Native class hierarchy updated for 'AddContentDialog' in 0.0004 seconds. Added 0 classes and 0 folders.
[2025.05.26-10.45.16:578][  0]LogNativeClassHierarchy: Verbose: Native class hierarchy updated for 'SceneOutliner' in 0.0002 seconds. Added 2 classes and 0 folders.
[2025.05.26-10.45.16:641][  0]LogSlate: Took 0.000257 seconds to synchronously load lazily loaded font '../../../Engine/Content/Slate/Fonts/Roboto-Regular.ttf' (155K)
[2025.05.26-10.45.16:642][  0]LogSlate: Took 0.000179 seconds to synchronously load lazily loaded font '../../../Engine/Content/Editor/Slate/Fonts/FontAwesome.ttf' (139K)
[2025.05.26-10.45.16:645][  0]LogSlate: Took 0.000268 seconds to synchronously load lazily loaded font '../../../Engine/Content/Slate/Fonts/Roboto-Bold.ttf' (160K)
[2025.05.26-10.45.16:723][  0]LogRenderer: Reallocating scene render targets to support 964x428 Format 9 NumSamples 4 (Frame:1).
[2025.05.26-10.45.16:864][  0]LogNativeClassHierarchy: Verbose: Native class hierarchy updated for 'HierarchicalLODOutliner' in 0.0003 seconds. Added 0 classes and 0 folders.
[2025.05.26-10.45.16:864][  0]LogLoad: (Engine Initialization) Total time: 8.12 seconds
[2025.05.26-10.45.16:865][  0]LogLoad: (Engine Initialization) Total Blueprint compile time: 0.00 seconds
[2025.05.26-10.45.16:919][  0]LogAssetRegistry: Asset discovery search completed in 4.7934 seconds
[2025.05.26-10.45.16:926][  0]LogCollectionManager: Fixed up redirectors for 0 collections in 0.000004 seconds (updated 0 objects)
[2025.05.26-10.45.16:928][  0]LogContentStreaming: Texture pool size now 600 MB
[2025.05.26-10.45.16:968][  1]LogResonanceAudio: Display: Resonance Audio Listener is initialized
[2025.05.26-10.45.17:011][  3]LogSlate: Took 0.000261 seconds to synchronously load lazily loaded font '../../../Engine/Content/Slate/Fonts/Roboto-Light.ttf' (167K)
[2025.05.26-10.45.22:756][166]LogTemp: Repeating last play command: Simulate
[2025.05.26-10.45.22:764][166]LogPlayLevel: PlayLevel: No blueprints needed recompiling
[2025.05.26-10.45.22:764][166]PIE: New page: SIE session: VRTemplateMap (26 мая 2025 г., 16:45:22)
[2025.05.26-10.45.22:765][166]LogOnline: OSS: Creating online subsystem instance for: NULL
[2025.05.26-10.45.22:767][166]LogOnline: OSS: TryLoadSubsystemAndSetDefault: Loaded subsystem for module [NULL]
[2025.05.26-10.45.22:767][166]LogPlayLevel: Creating play world package: /Game/VRTemplate/Maps/UEDPIE_0_VRTemplateMap
[2025.05.26-10.45.22:775][166]LogPlayLevel: PIE: StaticDuplicateObject took: (0.007595s)
[2025.05.26-10.45.22:776][166]LogAIModule: Creating AISystem for world VRTemplateMap
[2025.05.26-10.45.22:776][166]LogPlayLevel: PIE: World Init took: (0.000991s)
[2025.05.26-10.45.22:776][166]LogPlayLevel: PIE: Created PIE world by copying editor world from /Game/VRTemplate/Maps/VRTemplateMap.VRTemplateMap to /Game/VRTemplate/Maps/UEDPIE_0_VRTemplateMap.VRTemplateMap (0.008727s)
[2025.05.26-10.45.22:785][166]LogUObjectHash: Compacting FUObjectHashTables data took   0.74ms
[2025.05.26-10.45.22:786][166]LogAudio: Display: Creating Audio Device:                 Id: 2, Scope: Unique, Realtime: True
[2025.05.26-10.45.22:786][166]LogAudioMixer: Display: Audio Mixer Platform Settings:
[2025.05.26-10.45.22:786][166]LogAudioMixer: Display: 	Sample Rate:						  48000
[2025.05.26-10.45.22:786][166]LogAudioMixer: Display: 	Callback Buffer Frame Size Requested: 1024
[2025.05.26-10.45.22:786][166]LogAudioMixer: Display: 	Callback Buffer Frame Size To Use:	  1024
[2025.05.26-10.45.22:786][166]LogAudioMixer: Display: 	Number of buffers to queue:			  1
[2025.05.26-10.45.22:786][166]LogAudioMixer: Display: 	Max Channels (voices):				  0
[2025.05.26-10.45.22:786][166]LogAudioMixer: Display: 	Number of Async Source Workers:		  4
[2025.05.26-10.45.22:786][166]LogAudio: Display: AudioDevice MaxSources: 32
[2025.05.26-10.45.22:787][166]LogAudio: Display: Audio Spatialization Plugin: Resonance Audio is external send: 1
[2025.05.26-10.45.22:787][166]LogAudio: Display: Audio Reverb Plugin: Resonance Audio
[2025.05.26-10.45.22:787][166]LogAudio: Display: Audio Occlusion Plugin: None (built-in).
[2025.05.26-10.45.22:787][166]LogAudioMixer: Display: Initializing audio mixer.
[2025.05.26-10.45.22:794][166]LogAudioMixer: Display: 0: FrontLeft
[2025.05.26-10.45.22:794][166]LogAudioMixer: Display: 1: FrontRight
[2025.05.26-10.45.22:831][166]LogAudioMixer: Display: Using Audio Device Динамики (Realtek(R) Audio)
[2025.05.26-10.45.22:831][166]LogAudioMixer: Display: Initializing Sound Submixes...
[2025.05.26-10.45.22:831][166]LogAudioMixer: Display: Creating Master Submix 'MasterSubmixDefault'
[2025.05.26-10.45.22:831][166]LogAudioMixer: Display: Creating Master Submix 'MasterReverbSubmixDefault'
[2025.05.26-10.45.22:832][166]LogAudioMixer: Display: Creating Master Submix 'MasterEQSubmixDefault'
[2025.05.26-10.45.22:832][166]LogAudioMixer: FMixerPlatformXAudio2::StartAudioStream() called
[2025.05.26-10.45.22:832][166]LogAudioMixer: Display: Output buffers initialized: Frames=1024, Channels=2, Samples=2048
[2025.05.26-10.45.22:832][166]LogAudioMixer: Display: Starting AudioMixerPlatformInterface::RunInternal()
[2025.05.26-10.45.22:833][166]LogAudioMixer: Display: FMixerPlatformXAudio2::SubmitBuffer() called for the first time
[2025.05.26-10.45.22:833][166]LogInit: FAudioDevice initialized.
[2025.05.26-10.45.22:833][166]LogAudio: Display: Audio Device (ID: 2) registered with world 'VRTemplateMap'.
[2025.05.26-10.45.22:842][166]LogLoad: Game class is 'VRGameMode_C'
[2025.05.26-10.45.22:845][166]LogWorld: Bringing World /Game/VRTemplate/Maps/UEDPIE_0_VRTemplateMap.VRTemplateMap up for play (max tick rate 60) at 2025.05.26-13.45.22
[2025.05.26-10.45.22:845][166]LogWorld: Bringing up level for play took: 0.002581
[2025.05.26-10.45.22:845][166]LogOnline: OSS: Creating online subsystem instance for: :Context_10
[2025.05.26-10.45.22:847][166]LogSpawn: Warning: SpawnActor failed because no class was specified
[2025.05.26-10.45.22:849][166]LogNativeClassHierarchy: Verbose: Native class hierarchy updated for 'MovieSceneCapture' in 0.0003 seconds. Added 20 classes and 0 folders.
[2025.05.26-10.45.22:851][166]PIE: Server logged in
[2025.05.26-10.45.22:852][166]PIE: Play in editor total start time 0,089 seconds.
[2025.05.26-10.45.22:864][166]LogResonanceAudio: Display: Resonance Audio Listener is initialized
[2025.05.26-10.45.26:301][267]LogEditorViewport: Clicking on Actor (LMB): BP_Motor_C (BP_Motor)
[2025.05.26-10.45.30:478][393]PIE: Warning: AttachTo: '/Game/VRTemplate/Maps/UEDPIE_0_VRTemplateMap.VRTemplateMap:PersistentLevel.BP_Motor_Holder4.DefaultSceneRoot' already attached to '/Game/VRTemplate/Maps/UEDPIE_0_VRTemplateMap.VRTemplateMap:PersistentLevel.BP_Motor_2.DefaultSceneRoot', would form cycle. Aborting.
[2025.05.26-10.45.30:478][393]PIE: Warning: AttachTo: '/Game/VRTemplate/Maps/UEDPIE_0_VRTemplateMap.VRTemplateMap:PersistentLevel.BP_Motor_Holder4.DefaultSceneRoot' already attached to '/Game/VRTemplate/Maps/UEDPIE_0_VRTemplateMap.VRTemplateMap:PersistentLevel.BP_Motor_2.DefaultSceneRoot', would form cycle. Aborting.
[2025.05.26-10.45.33:518][483]LogEditorViewport: Clicking on Actor (LMB): BP_Motor_Holder_C (BP_Motor_Holder4)
[2025.05.26-10.45.35:721][550]PIE: Warning: AttachTo: '/Game/VRTemplate/Maps/UEDPIE_0_VRTemplateMap.VRTemplateMap:PersistentLevel.BP_Motor_Holder4.DefaultSceneRoot' already attached to '/Game/VRTemplate/Maps/UEDPIE_0_VRTemplateMap.VRTemplateMap:PersistentLevel.BP_Motor_2.DefaultSceneRoot', would form cycle. Aborting.
[2025.05.26-10.45.37:511][596]LogSlate: Updating window title bar state: overlay mode, drag disabled, window buttons hidden, title bar hidden
[2025.05.26-10.45.37:511][596]LogWorld: BeginTearingDown for /Game/VRTemplate/Maps/UEDPIE_0_VRTemplateMap
[2025.05.26-10.45.37:511][596]LogWorld: UWorld::CleanupWorld for VRTemplateMap, bSessionEnded=true, bCleanupResources=true
[2025.05.26-10.45.37:512][596]LogSlate: InvalidateAllWidgets triggered.  All widgets were invalidated
[2025.05.26-10.45.37:563][596]LogPlayLevel: Display: Shutting down PIE online subsystems
[2025.05.26-10.45.37:570][596]LogSlate: InvalidateAllWidgets triggered.  All widgets were invalidated
[2025.05.26-10.45.37:575][596]LogAudio: Display: Audio Device unregistered from world 'None'.
[2025.05.26-10.45.37:577][596]LogResonanceAudio: Display: Resonance Audio Listener is shutdown
[2025.05.26-10.45.37:577][596]LogAudioMixer: FMixerPlatformXAudio2::StopAudioStream() called
[2025.05.26-10.45.37:578][596]LogAudioMixer: FMixerPlatformXAudio2::StopAudioStream() called
[2025.05.26-10.45.37:582][596]LogSlate: Updating window title bar state: overlay mode, drag disabled, window buttons hidden, title bar hidden
[2025.05.26-10.45.37:584][596]LogUObjectHash: Compacting FUObjectHashTables data took   0.89ms
[2025.05.26-10.45.37:681][596]LogSlate: Took 0.000259 seconds to synchronously load lazily loaded font '../../../Engine/Content/Slate/Fonts/DroidSansMono.ttf' (77K)
[2025.05.26-10.45.37:726][597]LogPlayLevel: Display: Destroying online subsystem :Context_10
[2025.05.26-10.46.39:503][283]LogSlate: Window 'Message Log' being destroyed
[2025.05.26-10.46.39:540][283]LogSlate: Window 'Message Log' being destroyed
[2025.05.26-10.49.00:113][447]LogSlate: Took 0.000226 seconds to synchronously load lazily loaded font '../../../Engine/Content/Slate/Fonts/Roboto-Light.ttf' (167K)
[2025.05.26-10.49.00:175][447]LogAssetEditorSubsystem: Opening Asset editor for Blueprint /Game/Andrey/Objects/BP_Motor_Holder.BP_Motor_Holder
[2025.05.26-10.49.00:340][447]LogNativeClassHierarchy: Verbose: Native class hierarchy updated for 'BlueprintGraph' in 0.0005 seconds. Added 126 classes and 0 folders.
[2025.05.26-10.49.01:092][447]LogSlate: Took 0.000265 seconds to synchronously load lazily loaded font '../../../Engine/Content/Slate/Fonts/Roboto-BoldCondensed.ttf' (158K)
[2025.05.26-10.49.01:127][448]LogSlate: Took 0.000269 seconds to synchronously load lazily loaded font '../../../Engine/Content/Slate/Fonts/Roboto-Italic.ttf' (157K)
[2025.05.26-10.49.02:367][490]LogRenderer: Reallocating scene render targets to support 964x528 Format 9 NumSamples 4 (Frame:1).
[2025.05.26-10.49.27:651][ 30]LogAssetEditorSubsystem: Opening Asset editor for Blueprint /Game/Sanya_Durex/BP_components/BP_Motor.BP_Motor
[2025.05.26-10.50.11:014][228]LogEditorViewport: Clicking on Actor (context menu): BP_Motor_C (BP_Motor)
[2025.05.26-10.50.47:428][ 13]BlueprintLog: New page: Compile BP_Motor
[2025.05.26-10.50.47:498][ 13]LogUObjectHash: Compacting FUObjectHashTables data took   2.76ms
[2025.05.26-10.50.50:128][ 75]LogTemp: Repeating last play command: Simulate
[2025.05.26-10.50.50:136][ 75]LogPlayLevel: PlayLevel: No blueprints needed recompiling
[2025.05.26-10.50.50:136][ 75]PIE: New page: SIE session: VRTemplateMap (26 мая 2025 г., 16:50:50)
[2025.05.26-10.50.50:136][ 75]LogPlayLevel: Creating play world package: /Game/VRTemplate/Maps/UEDPIE_0_VRTemplateMap
[2025.05.26-10.50.50:144][ 75]LogPlayLevel: PIE: StaticDuplicateObject took: (0.008286s)
[2025.05.26-10.50.50:145][ 75]LogAIModule: Creating AISystem for world VRTemplateMap
[2025.05.26-10.50.50:145][ 75]LogPlayLevel: PIE: World Init took: (0.000877s)
[2025.05.26-10.50.50:145][ 75]LogPlayLevel: PIE: Created PIE world by copying editor world from /Game/VRTemplate/Maps/VRTemplateMap.VRTemplateMap to /Game/VRTemplate/Maps/UEDPIE_0_VRTemplateMap.VRTemplateMap (0.009289s)
[2025.05.26-10.50.50:199][ 75]LogUObjectHash: Compacting FUObjectHashTables data took   2.03ms
[2025.05.26-10.50.50:200][ 75]LogAudio: Display: Creating Audio Device:                 Id: 3, Scope: Unique, Realtime: True
[2025.05.26-10.50.50:200][ 75]LogAudioMixer: Display: Audio Mixer Platform Settings:
[2025.05.26-10.50.50:200][ 75]LogAudioMixer: Display: 	Sample Rate:						  48000
[2025.05.26-10.50.50:200][ 75]LogAudioMixer: Display: 	Callback Buffer Frame Size Requested: 1024
[2025.05.26-10.50.50:200][ 75]LogAudioMixer: Display: 	Callback Buffer Frame Size To Use:	  1024
[2025.05.26-10.50.50:200][ 75]LogAudioMixer: Display: 	Number of buffers to queue:			  1
[2025.05.26-10.50.50:200][ 75]LogAudioMixer: Display: 	Max Channels (voices):				  0
[2025.05.26-10.50.50:200][ 75]LogAudioMixer: Display: 	Number of Async Source Workers:		  4
[2025.05.26-10.50.50:200][ 75]LogAudio: Display: AudioDevice MaxSources: 32
[2025.05.26-10.50.50:201][ 75]LogAudio: Display: Audio Spatialization Plugin: Resonance Audio is external send: 1
[2025.05.26-10.50.50:201][ 75]LogAudio: Display: Audio Reverb Plugin: Resonance Audio
[2025.05.26-10.50.50:201][ 75]LogAudio: Display: Audio Occlusion Plugin: None (built-in).
[2025.05.26-10.50.50:201][ 75]LogAudioMixer: Display: Initializing audio mixer.
[2025.05.26-10.50.50:208][ 75]LogAudioMixer: Display: 0: FrontLeft
[2025.05.26-10.50.50:208][ 75]LogAudioMixer: Display: 1: FrontRight
[2025.05.26-10.50.50:247][ 75]LogAudioMixer: Display: Using Audio Device Динамики (Realtek(R) Audio)
[2025.05.26-10.50.50:247][ 75]LogAudioMixer: Display: Initializing Sound Submixes...
[2025.05.26-10.50.50:247][ 75]LogAudioMixer: Display: Creating Master Submix 'MasterSubmixDefault'
[2025.05.26-10.50.50:247][ 75]LogAudioMixer: Display: Creating Master Submix 'MasterReverbSubmixDefault'
[2025.05.26-10.50.50:247][ 75]LogAudioMixer: Display: Creating Master Submix 'MasterEQSubmixDefault'
[2025.05.26-10.50.50:247][ 75]LogAudioMixer: FMixerPlatformXAudio2::StartAudioStream() called
[2025.05.26-10.50.50:248][ 75]LogAudioMixer: Display: Output buffers initialized: Frames=1024, Channels=2, Samples=2048
[2025.05.26-10.50.50:249][ 75]LogAudioMixer: Display: Starting AudioMixerPlatformInterface::RunInternal()
[2025.05.26-10.50.50:249][ 75]LogAudioMixer: Display: FMixerPlatformXAudio2::SubmitBuffer() called for the first time
[2025.05.26-10.50.50:249][ 75]LogInit: FAudioDevice initialized.
[2025.05.26-10.50.50:249][ 75]LogAudio: Display: Audio Device (ID: 3) registered with world 'VRTemplateMap'.
[2025.05.26-10.50.50:257][ 75]LogLoad: Game class is 'VRGameMode_C'
[2025.05.26-10.50.50:260][ 75]LogWorld: Bringing World /Game/VRTemplate/Maps/UEDPIE_0_VRTemplateMap.VRTemplateMap up for play (max tick rate 0) at 2025.05.26-13.50.50
[2025.05.26-10.50.50:260][ 75]LogWorld: Bringing up level for play took: 0.002632
[2025.05.26-10.50.50:260][ 75]LogOnline: OSS: Creating online subsystem instance for: :Context_22
[2025.05.26-10.50.50:262][ 75]LogSpawn: Warning: SpawnActor failed because no class was specified
[2025.05.26-10.50.50:265][ 75]PIE: Server logged in
[2025.05.26-10.50.50:265][ 75]PIE: Play in editor total start time 0,132 seconds.
[2025.05.26-10.50.50:281][ 75]LogResonanceAudio: Display: Resonance Audio Listener is initialized
[2025.05.26-10.50.51:767][117]LogEditorViewport: Clicking on Actor (LMB): BP_Motor_C (BP_Motor)
[2025.05.26-10.50.59:133][339]PIE: Warning: AttachTo: '/Game/VRTemplate/Maps/UEDPIE_0_VRTemplateMap.VRTemplateMap:PersistentLevel.BP_Motor_Holder4.DefaultSceneRoot' already attached to '/Game/VRTemplate/Maps/UEDPIE_0_VRTemplateMap.VRTemplateMap:PersistentLevel.BP_Motor_2.DefaultSceneRoot', would form cycle. Aborting.
[2025.05.26-10.50.59:133][339]PIE: Warning: AttachTo: '/Game/VRTemplate/Maps/UEDPIE_0_VRTemplateMap.VRTemplateMap:PersistentLevel.BP_Motor_Holder4.DefaultSceneRoot' already attached to '/Game/VRTemplate/Maps/UEDPIE_0_VRTemplateMap.VRTemplateMap:PersistentLevel.BP_Motor_2.DefaultSceneRoot', would form cycle. Aborting.
[2025.05.26-10.51.02:701][445]LogEditorViewport: Clicking on Actor (LMB): BP_Motor_Holder_C (BP_Motor_Holder4)
[2025.05.26-10.51.11:002][695]PIE: Warning: AttachTo: '/Game/VRTemplate/Maps/UEDPIE_0_VRTemplateMap.VRTemplateMap:PersistentLevel.BP_Motor_Holder4.DefaultSceneRoot' already attached to '/Game/VRTemplate/Maps/UEDPIE_0_VRTemplateMap.VRTemplateMap:PersistentLevel.BP_Motor_2.DefaultSceneRoot', would form cycle. Aborting.
[2025.05.26-10.51.11:002][695]PIE: Warning: AttachTo: '/Game/VRTemplate/Maps/UEDPIE_0_VRTemplateMap.VRTemplateMap:PersistentLevel.BP_Motor_Holder4.DefaultSceneRoot' already attached to '/Game/VRTemplate/Maps/UEDPIE_0_VRTemplateMap.VRTemplateMap:PersistentLevel.BP_Motor_2.DefaultSceneRoot', would form cycle. Aborting.
[2025.05.26-10.51.11:002][695]PIE: Warning: AttachTo: '/Game/VRTemplate/Maps/UEDPIE_0_VRTemplateMap.VRTemplateMap:PersistentLevel.BP_Motor_Holder4.DefaultSceneRoot' already attached to '/Game/VRTemplate/Maps/UEDPIE_0_VRTemplateMap.VRTemplateMap:PersistentLevel.BP_Motor_2.DefaultSceneRoot', would form cycle. Aborting.
[2025.05.26-10.51.11:035][696]PIE: Warning: AttachTo: '/Game/VRTemplate/Maps/UEDPIE_0_VRTemplateMap.VRTemplateMap:PersistentLevel.BP_Motor_Holder4.DefaultSceneRoot' already attached to '/Game/VRTemplate/Maps/UEDPIE_0_VRTemplateMap.VRTemplateMap:PersistentLevel.BP_Motor_2.DefaultSceneRoot', would form cycle. Aborting.
[2025.05.26-10.51.11:068][697]PIE: Warning: AttachTo: '/Game/VRTemplate/Maps/UEDPIE_0_VRTemplateMap.VRTemplateMap:PersistentLevel.BP_Motor_Holder4.DefaultSceneRoot' already attached to '/Game/VRTemplate/Maps/UEDPIE_0_VRTemplateMap.VRTemplateMap:PersistentLevel.BP_Motor_2.DefaultSceneRoot', would form cycle. Aborting.
[2025.05.26-10.51.11:201][701]PIE: Warning: AttachTo: '/Game/VRTemplate/Maps/UEDPIE_0_VRTemplateMap.VRTemplateMap:PersistentLevel.BP_Motor_Holder4.DefaultSceneRoot' already attached to '/Game/VRTemplate/Maps/UEDPIE_0_VRTemplateMap.VRTemplateMap:PersistentLevel.BP_Motor_2.DefaultSceneRoot', would form cycle. Aborting.
[2025.05.26-10.51.14:101][780]LogSlate: Updating window title bar state: overlay mode, drag disabled, window buttons hidden, title bar hidden
[2025.05.26-10.51.14:101][780]LogWorld: BeginTearingDown for /Game/VRTemplate/Maps/UEDPIE_0_VRTemplateMap
[2025.05.26-10.51.14:101][780]LogWorld: UWorld::CleanupWorld for VRTemplateMap, bSessionEnded=true, bCleanupResources=true
[2025.05.26-10.51.14:102][780]LogSlate: InvalidateAllWidgets triggered.  All widgets were invalidated
[2025.05.26-10.51.14:142][780]LogPlayLevel: Display: Shutting down PIE online subsystems
[2025.05.26-10.51.14:151][780]LogSlate: InvalidateAllWidgets triggered.  All widgets were invalidated
[2025.05.26-10.51.14:169][780]LogAudio: Display: Audio Device unregistered from world 'None'.
[2025.05.26-10.51.14:169][780]LogResonanceAudio: Display: Resonance Audio Listener is shutdown
[2025.05.26-10.51.14:169][780]LogAudioMixer: FMixerPlatformXAudio2::StopAudioStream() called
[2025.05.26-10.51.14:172][780]LogAudioMixer: FMixerPlatformXAudio2::StopAudioStream() called
[2025.05.26-10.51.14:174][780]LogSlate: Updating window title bar state: overlay mode, drag disabled, window buttons hidden, title bar hidden
[2025.05.26-10.51.14:178][780]LogUObjectHash: Compacting FUObjectHashTables data took   1.85ms
[2025.05.26-10.51.14:321][781]LogPlayLevel: Display: Destroying online subsystem :Context_22
[2025.05.26-10.51.16:434][817]LogSlate: Window 'Message Log' being destroyed
[2025.05.26-10.51.16:490][817]LogSlate: Window 'Message Log' being destroyed
[2025.05.26-10.51.20:573][909]LogEditorTransaction: Undo Remove Components
[2025.05.26-10.51.21:878][932]BlueprintLog: New page: Compile BP_Motor
[2025.05.26-10.51.21:948][932]LogUObjectHash: Compacting FUObjectHashTables data took   2.75ms
[2025.05.26-10.55.37:880][172]LogWindowsTextInputMethodSystem: Display: IME system deactivated.
[2025.05.26-10.55.37:880][172]LogWindowsTextInputMethodSystem: Display: IME system deactivated.
[2025.05.26-10.57.14:684][796]BlueprintLog: New page: Compile BP_Motor
[2025.05.26-10.57.14:755][796]LogUObjectHash: Compacting FUObjectHashTables data took   3.30ms
[2025.05.26-10.57.18:033][855]LogTemp: Repeating last play command: Simulate
[2025.05.26-10.57.18:041][855]LogPlayLevel: PlayLevel: No blueprints needed recompiling
[2025.05.26-10.57.18:041][855]PIE: New page: SIE session: VRTemplateMap (26 мая 2025 г., 16:57:18)
[2025.05.26-10.57.18:041][855]LogPlayLevel: Creating play world package: /Game/VRTemplate/Maps/UEDPIE_0_VRTemplateMap
[2025.05.26-10.57.18:050][855]LogPlayLevel: PIE: StaticDuplicateObject took: (0.008086s)
[2025.05.26-10.57.18:050][855]LogAIModule: Creating AISystem for world VRTemplateMap
[2025.05.26-10.57.18:051][855]LogPlayLevel: PIE: World Init took: (0.000958s)
[2025.05.26-10.57.18:051][855]LogPlayLevel: PIE: Created PIE world by copying editor world from /Game/VRTemplate/Maps/VRTemplateMap.VRTemplateMap to /Game/VRTemplate/Maps/UEDPIE_0_VRTemplateMap.VRTemplateMap (0.009176s)
[2025.05.26-10.57.18:105][855]LogUObjectHash: Compacting FUObjectHashTables data took   2.35ms
[2025.05.26-10.57.18:106][855]LogAudio: Display: Creating Audio Device:                 Id: 4, Scope: Unique, Realtime: True
[2025.05.26-10.57.18:106][855]LogAudioMixer: Display: Audio Mixer Platform Settings:
[2025.05.26-10.57.18:106][855]LogAudioMixer: Display: 	Sample Rate:						  48000
[2025.05.26-10.57.18:106][855]LogAudioMixer: Display: 	Callback Buffer Frame Size Requested: 1024
[2025.05.26-10.57.18:106][855]LogAudioMixer: Display: 	Callback Buffer Frame Size To Use:	  1024
[2025.05.26-10.57.18:106][855]LogAudioMixer: Display: 	Number of buffers to queue:			  1
[2025.05.26-10.57.18:106][855]LogAudioMixer: Display: 	Max Channels (voices):				  0
[2025.05.26-10.57.18:106][855]LogAudioMixer: Display: 	Number of Async Source Workers:		  4
[2025.05.26-10.57.18:106][855]LogAudio: Display: AudioDevice MaxSources: 32
[2025.05.26-10.57.18:106][855]LogAudio: Display: Audio Spatialization Plugin: Resonance Audio is external send: 1
[2025.05.26-10.57.18:106][855]LogAudio: Display: Audio Reverb Plugin: Resonance Audio
[2025.05.26-10.57.18:106][855]LogAudio: Display: Audio Occlusion Plugin: None (built-in).
[2025.05.26-10.57.18:106][855]LogAudioMixer: Display: Initializing audio mixer.
[2025.05.26-10.57.18:114][855]LogAudioMixer: Display: 0: FrontLeft
[2025.05.26-10.57.18:114][855]LogAudioMixer: Display: 1: FrontRight
[2025.05.26-10.57.18:152][855]LogAudioMixer: Display: Using Audio Device Динамики (Realtek(R) Audio)
[2025.05.26-10.57.18:152][855]LogAudioMixer: Display: Initializing Sound Submixes...
[2025.05.26-10.57.18:152][855]LogAudioMixer: Display: Creating Master Submix 'MasterSubmixDefault'
[2025.05.26-10.57.18:152][855]LogAudioMixer: Display: Creating Master Submix 'MasterReverbSubmixDefault'
[2025.05.26-10.57.18:153][855]LogAudioMixer: Display: Creating Master Submix 'MasterEQSubmixDefault'
[2025.05.26-10.57.18:153][855]LogAudioMixer: FMixerPlatformXAudio2::StartAudioStream() called
[2025.05.26-10.57.18:153][855]LogAudioMixer: Display: Output buffers initialized: Frames=1024, Channels=2, Samples=2048
[2025.05.26-10.57.18:154][855]LogAudioMixer: Display: Starting AudioMixerPlatformInterface::RunInternal()
[2025.05.26-10.57.18:154][855]LogAudioMixer: Display: FMixerPlatformXAudio2::SubmitBuffer() called for the first time
[2025.05.26-10.57.18:154][855]LogInit: FAudioDevice initialized.
[2025.05.26-10.57.18:154][855]LogAudio: Display: Audio Device (ID: 4) registered with world 'VRTemplateMap'.
[2025.05.26-10.57.18:161][855]LogLoad: Game class is 'VRGameMode_C'
[2025.05.26-10.57.18:164][855]LogWorld: Bringing World /Game/VRTemplate/Maps/UEDPIE_0_VRTemplateMap.VRTemplateMap up for play (max tick rate 0) at 2025.05.26-13.57.18
[2025.05.26-10.57.18:165][855]LogWorld: Bringing up level for play took: 0.002633
[2025.05.26-10.57.18:165][855]LogOnline: OSS: Creating online subsystem instance for: :Context_27
[2025.05.26-10.57.18:166][855]LogSpawn: Warning: SpawnActor failed because no class was specified
[2025.05.26-10.57.18:168][855]PIE: Server logged in
[2025.05.26-10.57.18:169][855]PIE: Play in editor total start time 0,13 seconds.
[2025.05.26-10.57.18:185][855]LogResonanceAudio: Display: Resonance Audio Listener is initialized
[2025.05.26-10.57.22:484][976]LogEditorViewport: Clicking on Actor (LMB): BP_Wheel_C (BP_Wheel)
[2025.05.26-10.57.43:631][610]LogEditorViewport: Clicking on Actor (LMB): BP_Motor_C (BP_Motor)
[2025.05.26-10.57.44:536][637]LogEditorViewport: Clicking on Actor (LMB): BP_Motor_Holder_C (BP_Motor_Holder4)
[2025.05.26-10.57.47:478][725]LogEditorViewport: Clicking on Actor (LMB): BP_Motor_C (BP_Motor)
[2025.05.26-10.58.14:416][533]LogEditorViewport: Clicking on Actor (LMB): BP_Wheel_C (BP_Wheel)
[2025.05.26-10.58.15:785][574]LogEditorViewport: Clicking on Actor (context menu): BP_Wheel_C (BP_Wheel)
[2025.05.26-10.58.33:173][ 85]LogSlate: Updating window title bar state: overlay mode, drag disabled, window buttons hidden, title bar hidden
[2025.05.26-10.58.33:173][ 85]LogWorld: BeginTearingDown for /Game/VRTemplate/Maps/UEDPIE_0_VRTemplateMap
[2025.05.26-10.58.33:174][ 85]LogWorld: UWorld::CleanupWorld for VRTemplateMap, bSessionEnded=true, bCleanupResources=true
[2025.05.26-10.58.33:174][ 85]LogSlate: InvalidateAllWidgets triggered.  All widgets were invalidated
[2025.05.26-10.58.33:208][ 85]LogPlayLevel: Display: Shutting down PIE online subsystems
[2025.05.26-10.58.33:216][ 85]LogSlate: InvalidateAllWidgets triggered.  All widgets were invalidated
[2025.05.26-10.58.33:236][ 85]LogAudio: Display: Audio Device unregistered from world 'None'.
[2025.05.26-10.58.33:238][ 85]LogResonanceAudio: Display: Resonance Audio Listener is shutdown
[2025.05.26-10.58.33:238][ 85]LogAudioMixer: FMixerPlatformXAudio2::StopAudioStream() called
[2025.05.26-10.58.33:240][ 85]LogAudioMixer: FMixerPlatformXAudio2::StopAudioStream() called
[2025.05.26-10.58.33:242][ 85]LogSlate: Updating window title bar state: overlay mode, drag disabled, window buttons hidden, title bar hidden
[2025.05.26-10.58.33:247][ 85]LogUObjectHash: Compacting FUObjectHashTables data took   1.96ms
[2025.05.26-10.58.33:284][ 86]LogPlayLevel: Display: Destroying online subsystem :Context_27
[2025.05.26-10.59.17:281][709]LogTemp: Repeating last play command: Simulate
[2025.05.26-10.59.17:288][709]LogPlayLevel: PlayLevel: No blueprints needed recompiling
[2025.05.26-10.59.17:288][709]PIE: New page: SIE session: VRTemplateMap (26 мая 2025 г., 16:59:17)
[2025.05.26-10.59.17:288][709]LogPlayLevel: Creating play world package: /Game/VRTemplate/Maps/UEDPIE_0_VRTemplateMap
[2025.05.26-10.59.17:296][709]LogPlayLevel: PIE: StaticDuplicateObject took: (0.007878s)
[2025.05.26-10.59.17:296][709]LogAIModule: Creating AISystem for world VRTemplateMap
[2025.05.26-10.59.17:296][709]LogPlayLevel: PIE: World Init took: (0.000941s)
[2025.05.26-10.59.17:296][709]LogPlayLevel: PIE: Created PIE world by copying editor world from /Game/VRTemplate/Maps/VRTemplateMap.VRTemplateMap to /Game/VRTemplate/Maps/UEDPIE_0_VRTemplateMap.VRTemplateMap (0.008943s)
[2025.05.26-10.59.17:351][709]LogUObjectHash: Compacting FUObjectHashTables data took   1.90ms
[2025.05.26-10.59.17:353][709]LogAudio: Display: Creating Audio Device:                 Id: 5, Scope: Unique, Realtime: True
[2025.05.26-10.59.17:353][709]LogAudioMixer: Display: Audio Mixer Platform Settings:
[2025.05.26-10.59.17:353][709]LogAudioMixer: Display: 	Sample Rate:						  48000
[2025.05.26-10.59.17:353][709]LogAudioMixer: Display: 	Callback Buffer Frame Size Requested: 1024
[2025.05.26-10.59.17:353][709]LogAudioMixer: Display: 	Callback Buffer Frame Size To Use:	  1024
[2025.05.26-10.59.17:353][709]LogAudioMixer: Display: 	Number of buffers to queue:			  1
[2025.05.26-10.59.17:353][709]LogAudioMixer: Display: 	Max Channels (voices):				  0
[2025.05.26-10.59.17:353][709]LogAudioMixer: Display: 	Number of Async Source Workers:		  4
[2025.05.26-10.59.17:353][709]LogAudio: Display: AudioDevice MaxSources: 32
[2025.05.26-10.59.17:354][709]LogAudio: Display: Audio Spatialization Plugin: Resonance Audio is external send: 1
[2025.05.26-10.59.17:354][709]LogAudio: Display: Audio Reverb Plugin: Resonance Audio
[2025.05.26-10.59.17:354][709]LogAudio: Display: Audio Occlusion Plugin: None (built-in).
[2025.05.26-10.59.17:354][709]LogAudioMixer: Display: Initializing audio mixer.
[2025.05.26-10.59.17:362][709]LogAudioMixer: Display: 0: FrontLeft
[2025.05.26-10.59.17:362][709]LogAudioMixer: Display: 1: FrontRight
[2025.05.26-10.59.17:398][709]LogAudioMixer: Display: Using Audio Device Динамики (Realtek(R) Audio)
[2025.05.26-10.59.17:398][709]LogAudioMixer: Display: Initializing Sound Submixes...
[2025.05.26-10.59.17:398][709]LogAudioMixer: Display: Creating Master Submix 'MasterSubmixDefault'
[2025.05.26-10.59.17:398][709]LogAudioMixer: Display: Creating Master Submix 'MasterReverbSubmixDefault'
[2025.05.26-10.59.17:399][709]LogAudioMixer: Display: Creating Master Submix 'MasterEQSubmixDefault'
[2025.05.26-10.59.17:399][709]LogAudioMixer: FMixerPlatformXAudio2::StartAudioStream() called
[2025.05.26-10.59.17:399][709]LogAudioMixer: Display: Output buffers initialized: Frames=1024, Channels=2, Samples=2048
[2025.05.26-10.59.17:400][709]LogAudioMixer: Display: Starting AudioMixerPlatformInterface::RunInternal()
[2025.05.26-10.59.17:400][709]LogAudioMixer: Display: FMixerPlatformXAudio2::SubmitBuffer() called for the first time
[2025.05.26-10.59.17:400][709]LogInit: FAudioDevice initialized.
[2025.05.26-10.59.17:400][709]LogAudio: Display: Audio Device (ID: 5) registered with world 'VRTemplateMap'.
[2025.05.26-10.59.17:410][709]LogLoad: Game class is 'VRGameMode_C'
[2025.05.26-10.59.17:412][709]LogWorld: Bringing World /Game/VRTemplate/Maps/UEDPIE_0_VRTemplateMap.VRTemplateMap up for play (max tick rate 0) at 2025.05.26-13.59.17
[2025.05.26-10.59.17:413][709]LogWorld: Bringing up level for play took: 0.002586
[2025.05.26-10.59.17:413][709]LogOnline: OSS: Creating online subsystem instance for: :Context_28
[2025.05.26-10.59.17:415][709]LogSpawn: Warning: SpawnActor failed because no class was specified
[2025.05.26-10.59.17:416][709]PIE: Server logged in
[2025.05.26-10.59.17:417][709]PIE: Play in editor total start time 0,131 seconds.
[2025.05.26-10.59.17:433][709]LogResonanceAudio: Display: Resonance Audio Listener is initialized
[2025.05.26-10.59.18:108][729]LogEditorViewport: Clicking on Actor (LMB): BP_Wheel_C (BP_Wheel)
[2025.05.26-10.59.33:791][199]LogEditorViewport: Clicking on Actor (LMB): BP_Motor_C (BP_Motor)
[2025.05.26-10.59.53:956][777]LogAssetEditorSubsystem: Opening Asset editor for Blueprint /Game/Andrey/Objects/BP_Wheel.BP_Wheel
[2025.05.26-10.59.56:349][834]LogSlate: Updating window title bar state: overlay mode, drag disabled, window buttons hidden, title bar hidden
[2025.05.26-10.59.56:349][834]LogWorld: BeginTearingDown for /Game/VRTemplate/Maps/UEDPIE_0_VRTemplateMap
[2025.05.26-10.59.56:351][834]LogWorld: UWorld::CleanupWorld for VRTemplateMap, bSessionEnded=true, bCleanupResources=true
[2025.05.26-10.59.56:351][834]LogSlate: InvalidateAllWidgets triggered.  All widgets were invalidated
[2025.05.26-10.59.56:418][834]LogPlayLevel: Display: Shutting down PIE online subsystems
[2025.05.26-10.59.56:427][834]LogSlate: InvalidateAllWidgets triggered.  All widgets were invalidated
[2025.05.26-10.59.56:449][834]LogSlate: Updating window title bar state: overlay mode, drag disabled, window buttons hidden, title bar hidden
[2025.05.26-10.59.56:450][834]LogResonanceAudio: Display: Resonance Audio Listener is shutdown
[2025.05.26-10.59.56:450][834]LogAudioMixer: FMixerPlatformXAudio2::StopAudioStream() called
[2025.05.26-10.59.56:452][834]LogAudioMixer: FMixerPlatformXAudio2::StopAudioStream() called
[2025.05.26-10.59.56:458][834]LogUObjectHash: Compacting FUObjectHashTables data took   2.09ms
[2025.05.26-10.59.56:472][835]LogPlayLevel: Display: Destroying online subsystem :Context_28
[2025.05.26-11.00.21:708][273]LogEditorClassViewer: Warning: Class /Engine/Tutorial/InWorldBlueprintEditing/TutorialAssets/IWBE_Blutility.IWBE_Blutility_C has parent /Script/Blutility.PlacedEditorUtilityBase, but this parent is not found. The Class will not be shown in ClassViewer.
[2025.05.26-11.00.36:111][494]BlueprintLog: New page: Compile BP_Motor
[2025.05.26-11.00.36:182][494]LogUObjectHash: Compacting FUObjectHashTables data took   2.81ms
[2025.05.26-11.00.40:946][578]LogTemp: Repeating last play command: Simulate
[2025.05.26-11.00.40:954][578]LogPlayLevel: PlayLevel: No blueprints needed recompiling
[2025.05.26-11.00.40:954][578]PIE: New page: SIE session: VRTemplateMap (26 мая 2025 г., 17:00:40)
[2025.05.26-11.00.40:954][578]LogPlayLevel: Creating play world package: /Game/VRTemplate/Maps/UEDPIE_0_VRTemplateMap
[2025.05.26-11.00.40:968][578]LogPlayLevel: PIE: StaticDuplicateObject took: (0.014810s)
[2025.05.26-11.00.40:970][578]LogAIModule: Creating AISystem for world VRTemplateMap
[2025.05.26-11.00.40:971][578]LogPlayLevel: PIE: World Init took: (0.001957s)
[2025.05.26-11.00.40:971][578]LogPlayLevel: PIE: Created PIE world by copying editor world from /Game/VRTemplate/Maps/VRTemplateMap.VRTemplateMap to /Game/VRTemplate/Maps/UEDPIE_0_VRTemplateMap.VRTemplateMap (0.017258s)
[2025.05.26-11.00.41:018][578]LogUObjectHash: Compacting FUObjectHashTables data took   2.88ms
[2025.05.26-11.00.41:019][578]LogAudio: Display: Creating Audio Device:                 Id: 6, Scope: Unique, Realtime: True
[2025.05.26-11.00.41:019][578]LogAudioMixer: Display: Audio Mixer Platform Settings:
[2025.05.26-11.00.41:019][578]LogAudioMixer: Display: 	Sample Rate:						  48000
[2025.05.26-11.00.41:019][578]LogAudioMixer: Display: 	Callback Buffer Frame Size Requested: 1024
[2025.05.26-11.00.41:019][578]LogAudioMixer: Display: 	Callback Buffer Frame Size To Use:	  1024
[2025.05.26-11.00.41:019][578]LogAudioMixer: Display: 	Number of buffers to queue:			  1
[2025.05.26-11.00.41:019][578]LogAudioMixer: Display: 	Max Channels (voices):				  0
[2025.05.26-11.00.41:019][578]LogAudioMixer: Display: 	Number of Async Source Workers:		  4
[2025.05.26-11.00.41:019][578]LogAudio: Display: AudioDevice MaxSources: 32
[2025.05.26-11.00.41:020][578]LogAudio: Display: Audio Spatialization Plugin: Resonance Audio is external send: 1
[2025.05.26-11.00.41:020][578]LogAudio: Display: Audio Reverb Plugin: Resonance Audio
[2025.05.26-11.00.41:020][578]LogAudio: Display: Audio Occlusion Plugin: None (built-in).
[2025.05.26-11.00.41:020][578]LogAudioMixer: Display: Initializing audio mixer.
[2025.05.26-11.00.41:026][578]LogAudioMixer: Display: 0: FrontLeft
[2025.05.26-11.00.41:026][578]LogAudioMixer: Display: 1: FrontRight
[2025.05.26-11.00.41:063][578]LogAudioMixer: Display: Using Audio Device Динамики (Realtek(R) Audio)
[2025.05.26-11.00.41:063][578]LogAudioMixer: Display: Initializing Sound Submixes...
[2025.05.26-11.00.41:063][578]LogAudioMixer: Display: Creating Master Submix 'MasterSubmixDefault'
[2025.05.26-11.00.41:063][578]LogAudioMixer: Display: Creating Master Submix 'MasterReverbSubmixDefault'
[2025.05.26-11.00.41:064][578]LogAudioMixer: Display: Creating Master Submix 'MasterEQSubmixDefault'
[2025.05.26-11.00.41:064][578]LogAudioMixer: FMixerPlatformXAudio2::StartAudioStream() called
[2025.05.26-11.00.41:064][578]LogAudioMixer: Display: Output buffers initialized: Frames=1024, Channels=2, Samples=2048
[2025.05.26-11.00.41:065][578]LogAudioMixer: Display: Starting AudioMixerPlatformInterface::RunInternal()
[2025.05.26-11.00.41:065][578]LogAudioMixer: Display: FMixerPlatformXAudio2::SubmitBuffer() called for the first time
[2025.05.26-11.00.41:065][578]LogInit: FAudioDevice initialized.
[2025.05.26-11.00.41:066][578]LogAudio: Display: Audio Device (ID: 6) registered with world 'VRTemplateMap'.
[2025.05.26-11.00.41:074][578]LogLoad: Game class is 'VRGameMode_C'
[2025.05.26-11.00.41:078][578]LogWorld: Bringing World /Game/VRTemplate/Maps/UEDPIE_0_VRTemplateMap.VRTemplateMap up for play (max tick rate 0) at 2025.05.26-14.00.41
[2025.05.26-11.00.41:078][578]LogWorld: Bringing up level for play took: 0.002598
[2025.05.26-11.00.41:078][578]LogOnline: OSS: Creating online subsystem instance for: :Context_30
[2025.05.26-11.00.41:080][578]LogSpawn: Warning: SpawnActor failed because no class was specified
[2025.05.26-11.00.41:082][578]PIE: Server logged in
[2025.05.26-11.00.41:083][578]PIE: Play in editor total start time 0,131 seconds.
[2025.05.26-11.00.41:098][578]LogResonanceAudio: Display: Resonance Audio Listener is initialized
[2025.05.26-11.00.49:253][823]LogEditorViewport: Clicking on Actor (LMB): BP_Wheel_C (BP_Wheel)
[2025.05.26-11.01.10:056][447]LogEditorViewport: Clicking on Actor (LMB): BP_Motor_Holder_C (BP_Motor_Holder4)
[2025.05.26-11.01.32:330][115]LogEditorViewport: Clicking on Actor (LMB): BP_Wheel_C (BP_Wheel)
[2025.05.26-11.01.35:101][193]LogSlate: Updating window title bar state: overlay mode, drag disabled, window buttons hidden, title bar hidden
[2025.05.26-11.01.35:101][193]LogWorld: BeginTearingDown for /Game/VRTemplate/Maps/UEDPIE_0_VRTemplateMap
[2025.05.26-11.01.35:102][193]LogWorld: UWorld::CleanupWorld for VRTemplateMap, bSessionEnded=true, bCleanupResources=true
[2025.05.26-11.01.35:102][193]LogSlate: InvalidateAllWidgets triggered.  All widgets were invalidated
[2025.05.26-11.01.35:139][193]LogPlayLevel: Display: Shutting down PIE online subsystems
[2025.05.26-11.01.35:146][193]LogSlate: InvalidateAllWidgets triggered.  All widgets were invalidated
[2025.05.26-11.01.35:169][193]LogAudio: Display: Audio Device unregistered from world 'None'.
[2025.05.26-11.01.35:169][193]LogResonanceAudio: Display: Resonance Audio Listener is shutdown
[2025.05.26-11.01.35:169][193]LogAudioMixer: FMixerPlatformXAudio2::StopAudioStream() called
[2025.05.26-11.01.35:170][193]LogAudioMixer: FMixerPlatformXAudio2::StopAudioStream() called
[2025.05.26-11.01.35:172][193]LogSlate: Updating window title bar state: overlay mode, drag disabled, window buttons hidden, title bar hidden
[2025.05.26-11.01.35:176][193]LogUObjectHash: Compacting FUObjectHashTables data took   2.14ms
[2025.05.26-11.01.35:194][194]LogPlayLevel: Display: Destroying online subsystem :Context_30
[2025.05.26-11.02.40:154][878]BlueprintLog: New page: Compile BP_Motor
[2025.05.26-11.02.40:197][878]LogUObjectHash: Compacting FUObjectHashTables data took   2.21ms
[2025.05.26-11.02.43:826][981]LogTemp: Repeating last play command: Simulate
[2025.05.26-11.02.43:836][981]LogPlayLevel: PlayLevel: No blueprints needed recompiling
[2025.05.26-11.02.43:836][981]PIE: New page: SIE session: VRTemplateMap (26 мая 2025 г., 17:02:43)
[2025.05.26-11.02.43:836][981]LogPlayLevel: Creating play world package: /Game/VRTemplate/Maps/UEDPIE_0_VRTemplateMap
[2025.05.26-11.02.43:845][981]LogPlayLevel: PIE: StaticDuplicateObject took: (0.008291s)
[2025.05.26-11.02.43:846][981]LogAIModule: Creating AISystem for world VRTemplateMap
[2025.05.26-11.02.43:846][981]LogPlayLevel: PIE: World Init took: (0.001008s)
[2025.05.26-11.02.43:846][981]LogPlayLevel: PIE: Created PIE world by copying editor world from /Game/VRTemplate/Maps/VRTemplateMap.VRTemplateMap to /Game/VRTemplate/Maps/UEDPIE_0_VRTemplateMap.VRTemplateMap (0.009449s)
[2025.05.26-11.02.43:898][981]LogUObjectHash: Compacting FUObjectHashTables data took   2.31ms
[2025.05.26-11.02.43:899][981]LogAudio: Display: Creating Audio Device:                 Id: 7, Scope: Unique, Realtime: True
[2025.05.26-11.02.43:899][981]LogAudioMixer: Display: Audio Mixer Platform Settings:
[2025.05.26-11.02.43:899][981]LogAudioMixer: Display: 	Sample Rate:						  48000
[2025.05.26-11.02.43:899][981]LogAudioMixer: Display: 	Callback Buffer Frame Size Requested: 1024
[2025.05.26-11.02.43:899][981]LogAudioMixer: Display: 	Callback Buffer Frame Size To Use:	  1024
[2025.05.26-11.02.43:899][981]LogAudioMixer: Display: 	Number of buffers to queue:			  1
[2025.05.26-11.02.43:899][981]LogAudioMixer: Display: 	Max Channels (voices):				  0
[2025.05.26-11.02.43:899][981]LogAudioMixer: Display: 	Number of Async Source Workers:		  4
[2025.05.26-11.02.43:899][981]LogAudio: Display: AudioDevice MaxSources: 32
[2025.05.26-11.02.43:900][981]LogAudio: Display: Audio Spatialization Plugin: Resonance Audio is external send: 1
[2025.05.26-11.02.43:900][981]LogAudio: Display: Audio Reverb Plugin: Resonance Audio
[2025.05.26-11.02.43:900][981]LogAudio: Display: Audio Occlusion Plugin: None (built-in).
[2025.05.26-11.02.43:900][981]LogAudioMixer: Display: Initializing audio mixer.
[2025.05.26-11.02.43:906][981]LogAudioMixer: Display: 0: FrontLeft
[2025.05.26-11.02.43:906][981]LogAudioMixer: Display: 1: FrontRight
[2025.05.26-11.02.43:942][981]LogAudioMixer: Display: Using Audio Device Динамики (Realtek(R) Audio)
[2025.05.26-11.02.43:943][981]LogAudioMixer: Display: Initializing Sound Submixes...
[2025.05.26-11.02.43:943][981]LogAudioMixer: Display: Creating Master Submix 'MasterSubmixDefault'
[2025.05.26-11.02.43:943][981]LogAudioMixer: Display: Creating Master Submix 'MasterReverbSubmixDefault'
[2025.05.26-11.02.43:943][981]LogAudioMixer: Display: Creating Master Submix 'MasterEQSubmixDefault'
[2025.05.26-11.02.43:943][981]LogAudioMixer: FMixerPlatformXAudio2::StartAudioStream() called
[2025.05.26-11.02.43:943][981]LogAudioMixer: Display: Output buffers initialized: Frames=1024, Channels=2, Samples=2048
[2025.05.26-11.02.43:944][981]LogAudioMixer: Display: Starting AudioMixerPlatformInterface::RunInternal()
[2025.05.26-11.02.43:944][981]LogAudioMixer: Display: FMixerPlatformXAudio2::SubmitBuffer() called for the first time
[2025.05.26-11.02.43:944][981]LogInit: FAudioDevice initialized.
[2025.05.26-11.02.43:944][981]LogAudio: Display: Audio Device (ID: 7) registered with world 'VRTemplateMap'.
[2025.05.26-11.02.43:955][981]LogLoad: Game class is 'VRGameMode_C'
[2025.05.26-11.02.43:958][981]LogWorld: Bringing World /Game/VRTemplate/Maps/UEDPIE_0_VRTemplateMap.VRTemplateMap up for play (max tick rate 0) at 2025.05.26-14.02.43
[2025.05.26-11.02.43:959][981]LogWorld: Bringing up level for play took: 0.002768
[2025.05.26-11.02.43:959][981]LogOnline: OSS: Creating online subsystem instance for: :Context_31
[2025.05.26-11.02.43:961][981]LogSpawn: Warning: SpawnActor failed because no class was specified
[2025.05.26-11.02.43:963][981]PIE: Server logged in
[2025.05.26-11.02.43:964][981]PIE: Play in editor total start time 0,131 seconds.
[2025.05.26-11.02.43:979][981]LogResonanceAudio: Display: Resonance Audio Listener is initialized
[2025.05.26-11.02.45:840][ 36]LogEditorViewport: Clicking on Actor (LMB): BP_Wheel_C (BP_Wheel)
[2025.05.26-11.02.53:806][243]LogSlate: Updating window title bar state: overlay mode, drag disabled, window buttons hidden, title bar hidden
[2025.05.26-11.02.53:806][243]LogWorld: BeginTearingDown for /Game/VRTemplate/Maps/UEDPIE_0_VRTemplateMap
[2025.05.26-11.02.53:806][243]LogWorld: UWorld::CleanupWorld for VRTemplateMap, bSessionEnded=true, bCleanupResources=true
[2025.05.26-11.02.53:807][243]LogSlate: InvalidateAllWidgets triggered.  All widgets were invalidated
[2025.05.26-11.02.53:876][243]LogPlayLevel: Display: Shutting down PIE online subsystems
[2025.05.26-11.02.53:884][243]LogSlate: InvalidateAllWidgets triggered.  All widgets were invalidated
[2025.05.26-11.02.53:905][243]LogAudio: Display: Audio Device unregistered from world 'None'.
[2025.05.26-11.02.53:906][243]LogResonanceAudio: Display: Resonance Audio Listener is shutdown
[2025.05.26-11.02.53:906][243]LogAudioMixer: FMixerPlatformXAudio2::StopAudioStream() called
[2025.05.26-11.02.53:908][243]LogAudioMixer: FMixerPlatformXAudio2::StopAudioStream() called
[2025.05.26-11.02.53:913][243]LogSlate: Updating window title bar state: overlay mode, drag disabled, window buttons hidden, title bar hidden
[2025.05.26-11.02.53:916][243]LogUObjectHash: Compacting FUObjectHashTables data took   1.87ms
[2025.05.26-11.02.53:942][244]LogPlayLevel: Display: Destroying online subsystem :Context_31
[2025.05.26-11.02.57:909][323]BlueprintLog: New page: Compile BP_Motor
[2025.05.26-11.02.57:978][323]LogUObjectHash: Compacting FUObjectHashTables data took   2.21ms
[2025.05.26-11.03.00:443][393]LogEditorViewport: Clicking on Actor (LMB): BP_Wheel_C (BP_Wheel)
[2025.05.26-11.03.08:276][623]LogTemp: Repeating last play command: Simulate
[2025.05.26-11.03.08:282][623]LogPlayLevel: PlayLevel: No blueprints needed recompiling
[2025.05.26-11.03.08:282][623]PIE: New page: SIE session: VRTemplateMap (26 мая 2025 г., 17:03:08)
[2025.05.26-11.03.08:282][623]LogPlayLevel: Creating play world package: /Game/VRTemplate/Maps/UEDPIE_0_VRTemplateMap
[2025.05.26-11.03.08:291][623]LogPlayLevel: PIE: StaticDuplicateObject took: (0.008151s)
[2025.05.26-11.03.08:291][623]LogAIModule: Creating AISystem for world VRTemplateMap
[2025.05.26-11.03.08:292][623]LogPlayLevel: PIE: World Init took: (0.000959s)
[2025.05.26-11.03.08:292][623]LogPlayLevel: PIE: Created PIE world by copying editor world from /Game/VRTemplate/Maps/VRTemplateMap.VRTemplateMap to /Game/VRTemplate/Maps/UEDPIE_0_VRTemplateMap.VRTemplateMap (0.009237s)
[2025.05.26-11.03.08:347][623]LogUObjectHash: Compacting FUObjectHashTables data took   3.20ms
[2025.05.26-11.03.08:348][623]LogAudio: Display: Creating Audio Device:                 Id: 8, Scope: Unique, Realtime: True
[2025.05.26-11.03.08:348][623]LogAudioMixer: Display: Audio Mixer Platform Settings:
[2025.05.26-11.03.08:348][623]LogAudioMixer: Display: 	Sample Rate:						  48000
[2025.05.26-11.03.08:348][623]LogAudioMixer: Display: 	Callback Buffer Frame Size Requested: 1024
[2025.05.26-11.03.08:348][623]LogAudioMixer: Display: 	Callback Buffer Frame Size To Use:	  1024
[2025.05.26-11.03.08:350][623]LogAudioMixer: Display: 	Number of buffers to queue:			  1
[2025.05.26-11.03.08:350][623]LogAudioMixer: Display: 	Max Channels (voices):				  0
[2025.05.26-11.03.08:350][623]LogAudioMixer: Display: 	Number of Async Source Workers:		  4
[2025.05.26-11.03.08:350][623]LogAudio: Display: AudioDevice MaxSources: 32
[2025.05.26-11.03.08:350][623]LogAudio: Display: Audio Spatialization Plugin: Resonance Audio is external send: 1
[2025.05.26-11.03.08:350][623]LogAudio: Display: Audio Reverb Plugin: Resonance Audio
[2025.05.26-11.03.08:350][623]LogAudio: Display: Audio Occlusion Plugin: None (built-in).
[2025.05.26-11.03.08:350][623]LogAudioMixer: Display: Initializing audio mixer.
[2025.05.26-11.03.08:357][623]LogAudioMixer: Display: 0: FrontLeft
[2025.05.26-11.03.08:357][623]LogAudioMixer: Display: 1: FrontRight
[2025.05.26-11.03.08:391][623]LogAudioMixer: Display: Using Audio Device Динамики (Realtek(R) Audio)
[2025.05.26-11.03.08:392][623]LogAudioMixer: Display: Initializing Sound Submixes...
[2025.05.26-11.03.08:392][623]LogAudioMixer: Display: Creating Master Submix 'MasterSubmixDefault'
[2025.05.26-11.03.08:392][623]LogAudioMixer: Display: Creating Master Submix 'MasterReverbSubmixDefault'
[2025.05.26-11.03.08:392][623]LogAudioMixer: Display: Creating Master Submix 'MasterEQSubmixDefault'
[2025.05.26-11.03.08:392][623]LogAudioMixer: FMixerPlatformXAudio2::StartAudioStream() called
[2025.05.26-11.03.08:392][623]LogAudioMixer: Display: Output buffers initialized: Frames=1024, Channels=2, Samples=2048
[2025.05.26-11.03.08:393][623]LogAudioMixer: Display: Starting AudioMixerPlatformInterface::RunInternal()
[2025.05.26-11.03.08:393][623]LogAudioMixer: Display: FMixerPlatformXAudio2::SubmitBuffer() called for the first time
[2025.05.26-11.03.08:393][623]LogInit: FAudioDevice initialized.
[2025.05.26-11.03.08:393][623]LogAudio: Display: Audio Device (ID: 8) registered with world 'VRTemplateMap'.
[2025.05.26-11.03.08:403][623]LogLoad: Game class is 'VRGameMode_C'
[2025.05.26-11.03.08:405][623]LogWorld: Bringing World /Game/VRTemplate/Maps/UEDPIE_0_VRTemplateMap.VRTemplateMap up for play (max tick rate 0) at 2025.05.26-14.03.08
[2025.05.26-11.03.08:406][623]LogWorld: Bringing up level for play took: 0.002765
[2025.05.26-11.03.08:406][623]LogOnline: OSS: Creating online subsystem instance for: :Context_32
[2025.05.26-11.03.08:408][623]LogSpawn: Warning: SpawnActor failed because no class was specified
[2025.05.26-11.03.08:410][623]PIE: Server logged in
[2025.05.26-11.03.08:411][623]PIE: Play in editor total start time 0,129 seconds.
[2025.05.26-11.03.08:425][623]LogResonanceAudio: Display: Resonance Audio Listener is initialized
[2025.05.26-11.03.09:176][643]LogEditorViewport: Clicking on Actor (LMB): BP_Wheel_C (BP_Wheel)
[2025.05.26-11.03.22:831][ 46]LogSlate: Updating window title bar state: overlay mode, drag disabled, window buttons hidden, title bar hidden
[2025.05.26-11.03.22:831][ 46]LogWorld: BeginTearingDown for /Game/VRTemplate/Maps/UEDPIE_0_VRTemplateMap
[2025.05.26-11.03.22:831][ 46]LogWorld: UWorld::CleanupWorld for VRTemplateMap, bSessionEnded=true, bCleanupResources=true
[2025.05.26-11.03.22:832][ 46]LogSlate: InvalidateAllWidgets triggered.  All widgets were invalidated
[2025.05.26-11.03.22:866][ 46]LogPlayLevel: Display: Shutting down PIE online subsystems
[2025.05.26-11.03.22:874][ 46]LogSlate: InvalidateAllWidgets triggered.  All widgets were invalidated
[2025.05.26-11.03.22:894][ 46]LogAudio: Display: Audio Device unregistered from world 'None'.
[2025.05.26-11.03.22:895][ 46]LogResonanceAudio: Display: Resonance Audio Listener is shutdown
[2025.05.26-11.03.22:895][ 46]LogAudioMixer: FMixerPlatformXAudio2::StopAudioStream() called
[2025.05.26-11.03.22:896][ 46]LogAudioMixer: FMixerPlatformXAudio2::StopAudioStream() called
[2025.05.26-11.03.22:901][ 46]LogSlate: Updating window title bar state: overlay mode, drag disabled, window buttons hidden, title bar hidden
[2025.05.26-11.03.22:904][ 46]LogUObjectHash: Compacting FUObjectHashTables data took   1.60ms
[2025.05.26-11.03.22:943][ 48]LogPlayLevel: Display: Destroying online subsystem :Context_32
[2025.05.26-11.03.31:409][240]BlueprintLog: New page: Compile BP_Motor
[2025.05.26-11.03.31:479][240]LogUObjectHash: Compacting FUObjectHashTables data took   2.77ms
[2025.05.26-11.03.36:109][354]LogTemp: Repeating last play command: Simulate
[2025.05.26-11.03.36:115][354]LogPlayLevel: PlayLevel: No blueprints needed recompiling
[2025.05.26-11.03.36:115][354]PIE: New page: SIE session: VRTemplateMap (26 мая 2025 г., 17:03:36)
[2025.05.26-11.03.36:115][354]LogPlayLevel: Creating play world package: /Game/VRTemplate/Maps/UEDPIE_0_VRTemplateMap
[2025.05.26-11.03.36:123][354]LogPlayLevel: PIE: StaticDuplicateObject took: (0.007356s)
[2025.05.26-11.03.36:124][354]LogAIModule: Creating AISystem for world VRTemplateMap
[2025.05.26-11.03.36:125][354]LogPlayLevel: PIE: World Init took: (0.001252s)
[2025.05.26-11.03.36:125][354]LogPlayLevel: PIE: Created PIE world by copying editor world from /Game/VRTemplate/Maps/VRTemplateMap.VRTemplateMap to /Game/VRTemplate/Maps/UEDPIE_0_VRTemplateMap.VRTemplateMap (0.008732s)
[2025.05.26-11.03.36:180][354]LogUObjectHash: Compacting FUObjectHashTables data took   2.32ms
[2025.05.26-11.03.36:181][354]LogAudio: Display: Creating Audio Device:                 Id: 9, Scope: Unique, Realtime: True
[2025.05.26-11.03.36:181][354]LogAudioMixer: Display: Audio Mixer Platform Settings:
[2025.05.26-11.03.36:181][354]LogAudioMixer: Display: 	Sample Rate:						  48000
[2025.05.26-11.03.36:181][354]LogAudioMixer: Display: 	Callback Buffer Frame Size Requested: 1024
[2025.05.26-11.03.36:181][354]LogAudioMixer: Display: 	Callback Buffer Frame Size To Use:	  1024
[2025.05.26-11.03.36:181][354]LogAudioMixer: Display: 	Number of buffers to queue:			  1
[2025.05.26-11.03.36:181][354]LogAudioMixer: Display: 	Max Channels (voices):				  0
[2025.05.26-11.03.36:181][354]LogAudioMixer: Display: 	Number of Async Source Workers:		  4
[2025.05.26-11.03.36:181][354]LogAudio: Display: AudioDevice MaxSources: 32
[2025.05.26-11.03.36:181][354]LogAudio: Display: Audio Spatialization Plugin: Resonance Audio is external send: 1
[2025.05.26-11.03.36:181][354]LogAudio: Display: Audio Reverb Plugin: Resonance Audio
[2025.05.26-11.03.36:181][354]LogAudio: Display: Audio Occlusion Plugin: None (built-in).
[2025.05.26-11.03.36:181][354]LogAudioMixer: Display: Initializing audio mixer.
[2025.05.26-11.03.36:188][354]LogAudioMixer: Display: 0: FrontLeft
[2025.05.26-11.03.36:188][354]LogAudioMixer: Display: 1: FrontRight
[2025.05.26-11.03.36:223][354]LogAudioMixer: Display: Using Audio Device Динамики (Realtek(R) Audio)
[2025.05.26-11.03.36:224][354]LogAudioMixer: Display: Initializing Sound Submixes...
[2025.05.26-11.03.36:224][354]LogAudioMixer: Display: Creating Master Submix 'MasterSubmixDefault'
[2025.05.26-11.03.36:224][354]LogAudioMixer: Display: Creating Master Submix 'MasterReverbSubmixDefault'
[2025.05.26-11.03.36:224][354]LogAudioMixer: Display: Creating Master Submix 'MasterEQSubmixDefault'
[2025.05.26-11.03.36:224][354]LogAudioMixer: FMixerPlatformXAudio2::StartAudioStream() called
[2025.05.26-11.03.36:224][354]LogAudioMixer: Display: Output buffers initialized: Frames=1024, Channels=2, Samples=2048
[2025.05.26-11.03.36:225][354]LogAudioMixer: Display: Starting AudioMixerPlatformInterface::RunInternal()
[2025.05.26-11.03.36:225][354]LogAudioMixer: Display: FMixerPlatformXAudio2::SubmitBuffer() called for the first time
[2025.05.26-11.03.36:225][354]LogInit: FAudioDevice initialized.
[2025.05.26-11.03.36:225][354]LogAudio: Display: Audio Device (ID: 9) registered with world 'VRTemplateMap'.
[2025.05.26-11.03.36:235][354]LogLoad: Game class is 'VRGameMode_C'
[2025.05.26-11.03.36:238][354]LogWorld: Bringing World /Game/VRTemplate/Maps/UEDPIE_0_VRTemplateMap.VRTemplateMap up for play (max tick rate 0) at 2025.05.26-14.03.36
[2025.05.26-11.03.36:238][354]LogWorld: Bringing up level for play took: 0.002506
[2025.05.26-11.03.36:238][354]LogOnline: OSS: Creating online subsystem instance for: :Context_33
[2025.05.26-11.03.36:241][354]LogSpawn: Warning: SpawnActor failed because no class was specified
[2025.05.26-11.03.36:243][354]PIE: Server logged in
[2025.05.26-11.03.36:244][354]PIE: Play in editor total start time 0,129 seconds.
[2025.05.26-11.03.36:258][354]LogResonanceAudio: Display: Resonance Audio Listener is initialized
[2025.05.26-11.03.36:799][370]LogEditorViewport: Clicking on Actor (LMB): BP_Wheel_C (BP_Wheel)
[2025.05.26-11.03.42:500][530]LogSlate: Updating window title bar state: overlay mode, drag disabled, window buttons hidden, title bar hidden
[2025.05.26-11.03.42:500][530]LogWorld: BeginTearingDown for /Game/VRTemplate/Maps/UEDPIE_0_VRTemplateMap
[2025.05.26-11.03.42:501][530]LogWorld: UWorld::CleanupWorld for VRTemplateMap, bSessionEnded=true, bCleanupResources=true
[2025.05.26-11.03.42:501][530]LogSlate: InvalidateAllWidgets triggered.  All widgets were invalidated
[2025.05.26-11.03.42:543][530]LogPlayLevel: Display: Shutting down PIE online subsystems
[2025.05.26-11.03.42:550][530]LogSlate: InvalidateAllWidgets triggered.  All widgets were invalidated
[2025.05.26-11.03.42:573][530]LogAudio: Display: Audio Device unregistered from world 'None'.
[2025.05.26-11.03.42:574][530]LogResonanceAudio: Display: Resonance Audio Listener is shutdown
[2025.05.26-11.03.42:574][530]LogAudioMixer: FMixerPlatformXAudio2::StopAudioStream() called
[2025.05.26-11.03.42:575][530]LogAudioMixer: FMixerPlatformXAudio2::StopAudioStream() called
[2025.05.26-11.03.42:577][530]LogSlate: Updating window title bar state: overlay mode, drag disabled, window buttons hidden, title bar hidden
[2025.05.26-11.03.42:581][530]LogUObjectHash: Compacting FUObjectHashTables data took   2.01ms
[2025.05.26-11.03.42:600][531]LogPlayLevel: Display: Destroying online subsystem :Context_33
[2025.05.26-11.04.25:785][603]BlueprintLog: New page: Compile BP_Motor
[2025.05.26-11.04.25:854][603]LogUObjectHash: Compacting FUObjectHashTables data took   2.31ms
[2025.05.26-11.04.27:451][633]LogTemp: Repeating last play command: Simulate
[2025.05.26-11.04.27:456][633]LogPlayLevel: PlayLevel: No blueprints needed recompiling
[2025.05.26-11.04.27:456][633]PIE: New page: SIE session: VRTemplateMap (26 мая 2025 г., 17:04:27)
[2025.05.26-11.04.27:457][633]LogPlayLevel: Creating play world package: /Game/VRTemplate/Maps/UEDPIE_0_VRTemplateMap
[2025.05.26-11.04.27:465][633]LogPlayLevel: PIE: StaticDuplicateObject took: (0.007223s)
[2025.05.26-11.04.27:465][633]LogAIModule: Creating AISystem for world VRTemplateMap
[2025.05.26-11.04.27:465][633]LogPlayLevel: PIE: World Init took: (0.000820s)
[2025.05.26-11.04.27:465][633]LogPlayLevel: PIE: Created PIE world by copying editor world from /Game/VRTemplate/Maps/VRTemplateMap.VRTemplateMap to /Game/VRTemplate/Maps/UEDPIE_0_VRTemplateMap.VRTemplateMap (0.008174s)
[2025.05.26-11.04.27:523][633]LogUObjectHash: Compacting FUObjectHashTables data took   2.56ms
[2025.05.26-11.04.27:524][633]LogAudio: Display: Creating Audio Device:                 Id: 10, Scope: Unique, Realtime: True
[2025.05.26-11.04.27:524][633]LogAudioMixer: Display: Audio Mixer Platform Settings:
[2025.05.26-11.04.27:524][633]LogAudioMixer: Display: 	Sample Rate:						  48000
[2025.05.26-11.04.27:524][633]LogAudioMixer: Display: 	Callback Buffer Frame Size Requested: 1024
[2025.05.26-11.04.27:524][633]LogAudioMixer: Display: 	Callback Buffer Frame Size To Use:	  1024
[2025.05.26-11.04.27:524][633]LogAudioMixer: Display: 	Number of buffers to queue:			  1
[2025.05.26-11.04.27:524][633]LogAudioMixer: Display: 	Max Channels (voices):				  0
[2025.05.26-11.04.27:524][633]LogAudioMixer: Display: 	Number of Async Source Workers:		  4
[2025.05.26-11.04.27:524][633]LogAudio: Display: AudioDevice MaxSources: 32
[2025.05.26-11.04.27:524][633]LogAudio: Display: Audio Spatialization Plugin: Resonance Audio is external send: 1
[2025.05.26-11.04.27:524][633]LogAudio: Display: Audio Reverb Plugin: Resonance Audio
[2025.05.26-11.04.27:524][633]LogAudio: Display: Audio Occlusion Plugin: None (built-in).
[2025.05.26-11.04.27:524][633]LogAudioMixer: Display: Initializing audio mixer.
[2025.05.26-11.04.27:530][633]LogAudioMixer: Display: 0: FrontLeft
[2025.05.26-11.04.27:530][633]LogAudioMixer: Display: 1: FrontRight
[2025.05.26-11.04.27:581][633]LogAudioMixer: Display: Using Audio Device Динамики (Realtek(R) Audio)
[2025.05.26-11.04.27:581][633]LogAudioMixer: Display: Initializing Sound Submixes...
[2025.05.26-11.04.27:581][633]LogAudioMixer: Display: Creating Master Submix 'MasterSubmixDefault'
[2025.05.26-11.04.27:581][633]LogAudioMixer: Display: Creating Master Submix 'MasterReverbSubmixDefault'
[2025.05.26-11.04.27:582][633]LogAudioMixer: Display: Creating Master Submix 'MasterEQSubmixDefault'
[2025.05.26-11.04.27:582][633]LogAudioMixer: FMixerPlatformXAudio2::StartAudioStream() called
[2025.05.26-11.04.27:582][633]LogAudioMixer: Display: Output buffers initialized: Frames=1024, Channels=2, Samples=2048
[2025.05.26-11.04.27:584][633]LogAudioMixer: Display: Starting AudioMixerPlatformInterface::RunInternal()
[2025.05.26-11.04.27:584][633]LogAudioMixer: Display: FMixerPlatformXAudio2::SubmitBuffer() called for the first time
[2025.05.26-11.04.27:584][633]LogInit: FAudioDevice initialized.
[2025.05.26-11.04.27:584][633]LogAudio: Display: Audio Device (ID: 10) registered with world 'VRTemplateMap'.
[2025.05.26-11.04.27:592][633]LogLoad: Game class is 'VRGameMode_C'
[2025.05.26-11.04.27:595][633]LogWorld: Bringing World /Game/VRTemplate/Maps/UEDPIE_0_VRTemplateMap.VRTemplateMap up for play (max tick rate 0) at 2025.05.26-14.04.27
[2025.05.26-11.04.27:595][633]LogWorld: Bringing up level for play took: 0.002836
[2025.05.26-11.04.27:596][633]LogOnline: OSS: Creating online subsystem instance for: :Context_34
[2025.05.26-11.04.27:597][633]LogSpawn: Warning: SpawnActor failed because no class was specified
[2025.05.26-11.04.27:599][633]PIE: Server logged in
[2025.05.26-11.04.27:600][633]PIE: Play in editor total start time 0,145 seconds.
[2025.05.26-11.04.27:615][633]LogResonanceAudio: Display: Resonance Audio Listener is initialized
[2025.05.26-11.04.28:746][666]LogEditorViewport: Clicking on Actor (LMB): BP_Wheel_C (BP_Wheel)
[2025.05.26-11.04.34:247][831]LogEditorViewport: Clicking on Actor (LMB): BP_Motor_C (BP_Motor)
[2025.05.26-11.04.37:086][916]LogEditorViewport: Clicking on Actor (LMB): BP_Motor_Holder_C (BP_Motor_Holder4)
[2025.05.26-11.05.47:785][352]LogWindowsTextInputMethodSystem: Display: IME system deactivated.
[2025.05.26-11.05.47:785][352]LogWindowsTextInputMethodSystem: Display: IME system deactivated.
[2025.05.26-11.05.52:192][476]LogSlate: Updating window title bar state: overlay mode, drag disabled, window buttons hidden, title bar hidden
[2025.05.26-11.05.52:192][476]LogWorld: BeginTearingDown for /Game/VRTemplate/Maps/UEDPIE_0_VRTemplateMap
[2025.05.26-11.05.52:192][476]LogWorld: UWorld::CleanupWorld for VRTemplateMap, bSessionEnded=true, bCleanupResources=true
[2025.05.26-11.05.52:193][476]LogSlate: InvalidateAllWidgets triggered.  All widgets were invalidated
[2025.05.26-11.05.52:227][476]LogPlayLevel: Display: Shutting down PIE online subsystems
[2025.05.26-11.05.52:236][476]LogSlate: InvalidateAllWidgets triggered.  All widgets were invalidated
[2025.05.26-11.05.52:256][476]LogAudio: Display: Audio Device unregistered from world 'None'.
[2025.05.26-11.05.52:257][476]LogResonanceAudio: Display: Resonance Audio Listener is shutdown
[2025.05.26-11.05.52:257][476]LogAudioMixer: FMixerPlatformXAudio2::StopAudioStream() called
[2025.05.26-11.05.52:258][476]LogAudioMixer: FMixerPlatformXAudio2::StopAudioStream() called
[2025.05.26-11.05.52:261][476]LogSlate: Updating window title bar state: overlay mode, drag disabled, window buttons hidden, title bar hidden
[2025.05.26-11.05.52:265][476]LogUObjectHash: Compacting FUObjectHashTables data took   2.01ms
[2025.05.26-11.05.52:305][478]LogPlayLevel: Display: Destroying online subsystem :Context_34
[2025.05.26-11.07.04:557][563]LogSlate: Prevented a slow task dialog from being summoned while a context menu was open
[2025.05.26-11.07.04:577][563]LogEditorClassViewer: Warning: Class /Engine/Tutorial/InWorldBlueprintEditing/TutorialAssets/IWBE_Blutility.IWBE_Blutility_C has parent /Script/Blutility.PlacedEditorUtilityBase, but this parent is not found. The Class will not be shown in ClassViewer.
[2025.05.26-11.07.07:789][612]LogWindowsTextInputMethodSystem: Display: IME system deactivated.
[2025.05.26-11.07.07:789][612]LogWindowsTextInputMethodSystem: Display: IME system deactivated.
[2025.05.26-11.10.49:118][657]BlueprintLog: New page: Compile BP_Motor
[2025.05.26-11.10.49:189][657]LogUObjectHash: Compacting FUObjectHashTables data took   3.16ms
[2025.05.26-11.10.54:757][799]LogEditorViewport: Clicking on Actor (LMB): BP_Wheel_C (BP_Wheel)
[2025.05.26-11.10.56:623][851]LogTemp: Repeating last play command: Simulate
[2025.05.26-11.10.56:631][851]LogPlayLevel: PlayLevel: No blueprints needed recompiling
[2025.05.26-11.10.56:631][851]PIE: New page: SIE session: VRTemplateMap (26 мая 2025 г., 17:10:56)
[2025.05.26-11.10.56:631][851]LogPlayLevel: Creating play world package: /Game/VRTemplate/Maps/UEDPIE_0_VRTemplateMap
[2025.05.26-11.10.56:639][851]LogPlayLevel: PIE: StaticDuplicateObject took: (0.008210s)
[2025.05.26-11.10.56:640][851]LogAIModule: Creating AISystem for world VRTemplateMap
[2025.05.26-11.10.56:640][851]LogPlayLevel: PIE: World Init took: (0.001026s)
[2025.05.26-11.10.56:640][851]LogPlayLevel: PIE: Created PIE world by copying editor world from /Game/VRTemplate/Maps/VRTemplateMap.VRTemplateMap to /Game/VRTemplate/Maps/UEDPIE_0_VRTemplateMap.VRTemplateMap (0.009367s)
[2025.05.26-11.10.56:695][851]LogUObjectHash: Compacting FUObjectHashTables data took   2.57ms
[2025.05.26-11.10.56:696][851]LogAudio: Display: Creating Audio Device:                 Id: 11, Scope: Unique, Realtime: True
[2025.05.26-11.10.56:696][851]LogAudioMixer: Display: Audio Mixer Platform Settings:
[2025.05.26-11.10.56:696][851]LogAudioMixer: Display: 	Sample Rate:						  48000
[2025.05.26-11.10.56:696][851]LogAudioMixer: Display: 	Callback Buffer Frame Size Requested: 1024
[2025.05.26-11.10.56:696][851]LogAudioMixer: Display: 	Callback Buffer Frame Size To Use:	  1024
[2025.05.26-11.10.56:696][851]LogAudioMixer: Display: 	Number of buffers to queue:			  1
[2025.05.26-11.10.56:696][851]LogAudioMixer: Display: 	Max Channels (voices):				  0
[2025.05.26-11.10.56:696][851]LogAudioMixer: Display: 	Number of Async Source Workers:		  4
[2025.05.26-11.10.56:696][851]LogAudio: Display: AudioDevice MaxSources: 32
[2025.05.26-11.10.56:696][851]LogAudio: Display: Audio Spatialization Plugin: Resonance Audio is external send: 1
[2025.05.26-11.10.56:696][851]LogAudio: Display: Audio Reverb Plugin: Resonance Audio
[2025.05.26-11.10.56:696][851]LogAudio: Display: Audio Occlusion Plugin: None (built-in).
[2025.05.26-11.10.56:696][851]LogAudioMixer: Display: Initializing audio mixer.
[2025.05.26-11.10.56:704][851]LogAudioMixer: Display: 0: FrontLeft
[2025.05.26-11.10.56:704][851]LogAudioMixer: Display: 1: FrontRight
[2025.05.26-11.10.56:739][851]LogAudioMixer: Display: Using Audio Device Динамики (Realtek(R) Audio)
[2025.05.26-11.10.56:740][851]LogAudioMixer: Display: Initializing Sound Submixes...
[2025.05.26-11.10.56:740][851]LogAudioMixer: Display: Creating Master Submix 'MasterSubmixDefault'
[2025.05.26-11.10.56:740][851]LogAudioMixer: Display: Creating Master Submix 'MasterReverbSubmixDefault'
[2025.05.26-11.10.56:740][851]LogAudioMixer: Display: Creating Master Submix 'MasterEQSubmixDefault'
[2025.05.26-11.10.56:740][851]LogAudioMixer: FMixerPlatformXAudio2::StartAudioStream() called
[2025.05.26-11.10.56:740][851]LogAudioMixer: Display: Output buffers initialized: Frames=1024, Channels=2, Samples=2048
[2025.05.26-11.10.56:742][851]LogAudioMixer: Display: Starting AudioMixerPlatformInterface::RunInternal()
[2025.05.26-11.10.56:742][851]LogAudioMixer: Display: FMixerPlatformXAudio2::SubmitBuffer() called for the first time
[2025.05.26-11.10.56:742][851]LogInit: FAudioDevice initialized.
[2025.05.26-11.10.56:742][851]LogAudio: Display: Audio Device (ID: 11) registered with world 'VRTemplateMap'.
[2025.05.26-11.10.56:749][851]LogLoad: Game class is 'VRGameMode_C'
[2025.05.26-11.10.56:752][851]LogWorld: Bringing World /Game/VRTemplate/Maps/UEDPIE_0_VRTemplateMap.VRTemplateMap up for play (max tick rate 0) at 2025.05.26-14.10.56
[2025.05.26-11.10.56:753][851]LogWorld: Bringing up level for play took: 0.002857
[2025.05.26-11.10.56:753][851]LogOnline: OSS: Creating online subsystem instance for: :Context_35
[2025.05.26-11.10.56:755][851]LogSpawn: Warning: SpawnActor failed because no class was specified
[2025.05.26-11.10.56:757][851]PIE: Server logged in
[2025.05.26-11.10.56:758][851]PIE: Play in editor total start time 0,128 seconds.
[2025.05.26-11.10.56:773][851]LogResonanceAudio: Display: Resonance Audio Listener is initialized
[2025.05.26-11.10.57:763][879]LogEditorViewport: Clicking on Actor (LMB): BP_Motor_C (BP_Motor)
[2025.05.26-11.10.58:667][906]LogEditorViewport: Clicking on Actor (LMB): BP_EncoderPetals_C (BP_EncoderPetals)
[2025.05.26-11.11.04:239][ 73]LogEditorViewport: Clicking on Actor (LMB): BP_Wheel_C (BP_Wheel)
[2025.05.26-11.11.08:069][183]LogSlate: Updating window title bar state: overlay mode, drag disabled, window buttons hidden, title bar hidden
[2025.05.26-11.11.08:069][183]LogWorld: BeginTearingDown for /Game/VRTemplate/Maps/UEDPIE_0_VRTemplateMap
[2025.05.26-11.11.08:070][183]LogWorld: UWorld::CleanupWorld for VRTemplateMap, bSessionEnded=true, bCleanupResources=true
[2025.05.26-11.11.08:070][183]LogSlate: InvalidateAllWidgets triggered.  All widgets were invalidated
[2025.05.26-11.11.08:116][183]LogPlayLevel: Display: Shutting down PIE online subsystems
[2025.05.26-11.11.08:124][183]LogSlate: InvalidateAllWidgets triggered.  All widgets were invalidated
[2025.05.26-11.11.08:146][183]LogAudio: Display: Audio Device unregistered from world 'None'.
[2025.05.26-11.11.08:146][183]LogResonanceAudio: Display: Resonance Audio Listener is shutdown
[2025.05.26-11.11.08:147][183]LogAudioMixer: FMixerPlatformXAudio2::StopAudioStream() called
[2025.05.26-11.11.08:148][183]LogAudioMixer: FMixerPlatformXAudio2::StopAudioStream() called
[2025.05.26-11.11.08:150][183]LogSlate: Updating window title bar state: overlay mode, drag disabled, window buttons hidden, title bar hidden
[2025.05.26-11.11.08:154][183]LogUObjectHash: Compacting FUObjectHashTables data took   1.73ms
[2025.05.26-11.11.08:173][184]LogPlayLevel: Display: Destroying online subsystem :Context_35
[2025.05.26-11.11.23:041][569]BlueprintLog: New page: Compile BP_Motor
[2025.05.26-11.11.23:112][569]LogUObjectHash: Compacting FUObjectHashTables data took   2.84ms
[2025.05.26-11.11.24:150][583]Cmd: OBJ SAVEPACKAGE PACKAGE="/Game/Sanya_Durex/BP_components/BP_Motor" FILE="../../../../../../Users/sasha/Documents/GitHub/unreal_project/Content/Sanya_Durex/BP_components/BP_Motor.uasset" SILENT=true
[2025.05.26-11.11.24:165][583]LogSavePackage: Moving '../../../../../../Users/sasha/Documents/GitHub/unreal_project/Saved/BP_Motor73673BF945F35637426BDDBA15D07000.tmp' to '../../../../../../Users/sasha/Documents/GitHub/unreal_project/Content/Sanya_Durex/BP_components/BP_Motor.uasset'
[2025.05.26-11.11.24:217][583]AssetCheck: New page: Asset Save: BP_Motor
[2025.05.26-11.11.24:217][583]LogContentValidation: Display: Validating Blueprint /Game/Sanya_Durex/BP_components/BP_Motor.BP_Motor
[2025.05.26-11.11.26:073][627]LogTemp: Repeating last play command: Simulate
[2025.05.26-11.11.26:079][627]LogPlayLevel: PlayLevel: No blueprints needed recompiling
[2025.05.26-11.11.26:079][627]PIE: New page: SIE session: VRTemplateMap (26 мая 2025 г., 17:11:26)
[2025.05.26-11.11.26:079][627]LogPlayLevel: Creating play world package: /Game/VRTemplate/Maps/UEDPIE_0_VRTemplateMap
[2025.05.26-11.11.26:087][627]LogPlayLevel: PIE: StaticDuplicateObject took: (0.007316s)
[2025.05.26-11.11.26:088][627]LogAIModule: Creating AISystem for world VRTemplateMap
[2025.05.26-11.11.26:088][627]LogPlayLevel: PIE: World Init took: (0.000880s)
[2025.05.26-11.11.26:088][627]LogPlayLevel: PIE: Created PIE world by copying editor world from /Game/VRTemplate/Maps/VRTemplateMap.VRTemplateMap to /Game/VRTemplate/Maps/UEDPIE_0_VRTemplateMap.VRTemplateMap (0.008315s)
[2025.05.26-11.11.26:145][627]LogUObjectHash: Compacting FUObjectHashTables data took   3.21ms
[2025.05.26-11.11.26:146][627]LogAudio: Display: Creating Audio Device:                 Id: 12, Scope: Unique, Realtime: True
[2025.05.26-11.11.26:146][627]LogAudioMixer: Display: Audio Mixer Platform Settings:
[2025.05.26-11.11.26:146][627]LogAudioMixer: Display: 	Sample Rate:						  48000
[2025.05.26-11.11.26:146][627]LogAudioMixer: Display: 	Callback Buffer Frame Size Requested: 1024
[2025.05.26-11.11.26:146][627]LogAudioMixer: Display: 	Callback Buffer Frame Size To Use:	  1024
[2025.05.26-11.11.26:146][627]LogAudioMixer: Display: 	Number of buffers to queue:			  1
[2025.05.26-11.11.26:146][627]LogAudioMixer: Display: 	Max Channels (voices):				  0
[2025.05.26-11.11.26:146][627]LogAudioMixer: Display: 	Number of Async Source Workers:		  4
[2025.05.26-11.11.26:146][627]LogAudio: Display: AudioDevice MaxSources: 32
[2025.05.26-11.11.26:146][627]LogAudio: Display: Audio Spatialization Plugin: Resonance Audio is external send: 1
[2025.05.26-11.11.26:147][627]LogAudio: Display: Audio Reverb Plugin: Resonance Audio
[2025.05.26-11.11.26:147][627]LogAudio: Display: Audio Occlusion Plugin: None (built-in).
[2025.05.26-11.11.26:147][627]LogAudioMixer: Display: Initializing audio mixer.
[2025.05.26-11.11.26:154][627]LogAudioMixer: Display: 0: FrontLeft
[2025.05.26-11.11.26:154][627]LogAudioMixer: Display: 1: FrontRight
[2025.05.26-11.11.26:191][627]LogAudioMixer: Display: Using Audio Device Динамики (Realtek(R) Audio)
[2025.05.26-11.11.26:191][627]LogAudioMixer: Display: Initializing Sound Submixes...
[2025.05.26-11.11.26:191][627]LogAudioMixer: Display: Creating Master Submix 'MasterSubmixDefault'
[2025.05.26-11.11.26:191][627]LogAudioMixer: Display: Creating Master Submix 'MasterReverbSubmixDefault'
[2025.05.26-11.11.26:191][627]LogAudioMixer: Display: Creating Master Submix 'MasterEQSubmixDefault'
[2025.05.26-11.11.26:191][627]LogAudioMixer: FMixerPlatformXAudio2::StartAudioStream() called
[2025.05.26-11.11.26:191][627]LogAudioMixer: Display: Output buffers initialized: Frames=1024, Channels=2, Samples=2048
[2025.05.26-11.11.26:193][627]LogAudioMixer: Display: Starting AudioMixerPlatformInterface::RunInternal()
[2025.05.26-11.11.26:193][627]LogAudioMixer: Display: FMixerPlatformXAudio2::SubmitBuffer() called for the first time
[2025.05.26-11.11.26:193][627]LogInit: FAudioDevice initialized.
[2025.05.26-11.11.26:193][627]LogAudio: Display: Audio Device (ID: 12) registered with world 'VRTemplateMap'.
[2025.05.26-11.11.26:201][627]LogLoad: Game class is 'VRGameMode_C'
[2025.05.26-11.11.26:204][627]LogWorld: Bringing World /Game/VRTemplate/Maps/UEDPIE_0_VRTemplateMap.VRTemplateMap up for play (max tick rate 0) at 2025.05.26-14.11.26
[2025.05.26-11.11.26:204][627]LogWorld: Bringing up level for play took: 0.002589
[2025.05.26-11.11.26:204][627]LogOnline: OSS: Creating online subsystem instance for: :Context_36
[2025.05.26-11.11.26:206][627]LogSpawn: Warning: SpawnActor failed because no class was specified
[2025.05.26-11.11.26:208][627]PIE: Server logged in
[2025.05.26-11.11.26:208][627]PIE: Play in editor total start time 0,13 seconds.
[2025.05.26-11.11.26:223][627]LogResonanceAudio: Display: Resonance Audio Listener is initialized
[2025.05.26-11.11.27:908][676]LogEditorViewport: Clicking on Actor (LMB): BP_EncoderPetals_C (BP_EncoderPetals)
[2025.05.26-11.11.34:640][856]LogSlate: Updating window title bar state: overlay mode, drag disabled, window buttons hidden, title bar hidden
[2025.05.26-11.11.34:640][856]LogWorld: BeginTearingDown for /Game/VRTemplate/Maps/UEDPIE_0_VRTemplateMap
[2025.05.26-11.11.34:641][856]LogWorld: UWorld::CleanupWorld for VRTemplateMap, bSessionEnded=true, bCleanupResources=true
[2025.05.26-11.11.34:641][856]LogSlate: InvalidateAllWidgets triggered.  All widgets were invalidated
[2025.05.26-11.11.34:688][856]LogPlayLevel: Display: Shutting down PIE online subsystems
[2025.05.26-11.11.34:695][856]LogSlate: InvalidateAllWidgets triggered.  All widgets were invalidated
[2025.05.26-11.11.34:718][856]LogAudio: Display: Audio Device unregistered from world 'None'.
[2025.05.26-11.11.34:719][856]LogResonanceAudio: Display: Resonance Audio Listener is shutdown
[2025.05.26-11.11.34:719][856]LogAudioMixer: FMixerPlatformXAudio2::StopAudioStream() called
[2025.05.26-11.11.34:721][856]LogAudioMixer: FMixerPlatformXAudio2::StopAudioStream() called
[2025.05.26-11.11.34:725][856]LogSlate: Updating window title bar state: overlay mode, drag disabled, window buttons hidden, title bar hidden
[2025.05.26-11.11.34:729][856]LogUObjectHash: Compacting FUObjectHashTables data took   1.92ms
[2025.05.26-11.11.34:752][857]LogPlayLevel: Display: Destroying online subsystem :Context_36
[2025.05.26-11.11.41:016][ 56]BlueprintLog: New page: Compile BP_Motor
[2025.05.26-11.11.41:084][ 56]LogUObjectHash: Compacting FUObjectHashTables data took   2.59ms
[2025.05.26-11.11.42:341][ 76]Cmd: OBJ SAVEPACKAGE PACKAGE="/Game/Sanya_Durex/BP_components/BP_Motor" FILE="../../../../../../Users/sasha/Documents/GitHub/unreal_project/Content/Sanya_Durex/BP_components/BP_Motor.uasset" SILENT=true
[2025.05.26-11.11.42:358][ 76]LogSavePackage: Moving '../../../../../../Users/sasha/Documents/GitHub/unreal_project/Saved/BP_Motor51AA676740498E141FE95CB1DEEEA6C8.tmp' to '../../../../../../Users/sasha/Documents/GitHub/unreal_project/Content/Sanya_Durex/BP_components/BP_Motor.uasset'
[2025.05.26-11.11.42:723][ 76]AssetCheck: New page: Asset Save: BP_Motor
[2025.05.26-11.11.42:723][ 76]LogContentValidation: Display: Validating Blueprint /Game/Sanya_Durex/BP_components/BP_Motor.BP_Motor
[2025.05.26-11.11.44:346][121]LogTemp: Repeating last play command: Simulate
[2025.05.26-11.11.44:353][121]LogPlayLevel: PlayLevel: No blueprints needed recompiling
[2025.05.26-11.11.44:353][121]PIE: New page: SIE session: VRTemplateMap (26 мая 2025 г., 17:11:44)
[2025.05.26-11.11.44:353][121]LogPlayLevel: Creating play world package: /Game/VRTemplate/Maps/UEDPIE_0_VRTemplateMap
[2025.05.26-11.11.44:360][121]LogPlayLevel: PIE: StaticDuplicateObject took: (0.007794s)
[2025.05.26-11.11.44:361][121]LogAIModule: Creating AISystem for world VRTemplateMap
[2025.05.26-11.11.44:361][121]LogPlayLevel: PIE: World Init took: (0.001001s)
[2025.05.26-11.11.44:361][121]LogPlayLevel: PIE: Created PIE world by copying editor world from /Game/VRTemplate/Maps/VRTemplateMap.VRTemplateMap to /Game/VRTemplate/Maps/UEDPIE_0_VRTemplateMap.VRTemplateMap (0.008915s)
[2025.05.26-11.11.44:418][121]LogUObjectHash: Compacting FUObjectHashTables data took   2.34ms
[2025.05.26-11.11.44:418][121]LogAudio: Display: Creating Audio Device:                 Id: 13, Scope: Unique, Realtime: True
[2025.05.26-11.11.44:418][121]LogAudioMixer: Display: Audio Mixer Platform Settings:
[2025.05.26-11.11.44:418][121]LogAudioMixer: Display: 	Sample Rate:						  48000
[2025.05.26-11.11.44:418][121]LogAudioMixer: Display: 	Callback Buffer Frame Size Requested: 1024
[2025.05.26-11.11.44:418][121]LogAudioMixer: Display: 	Callback Buffer Frame Size To Use:	  1024
[2025.05.26-11.11.44:418][121]LogAudioMixer: Display: 	Number of buffers to queue:			  1
[2025.05.26-11.11.44:418][121]LogAudioMixer: Display: 	Max Channels (voices):				  0
[2025.05.26-11.11.44:418][121]LogAudioMixer: Display: 	Number of Async Source Workers:		  4
[2025.05.26-11.11.44:418][121]LogAudio: Display: AudioDevice MaxSources: 32
[2025.05.26-11.11.44:419][121]LogAudio: Display: Audio Spatialization Plugin: Resonance Audio is external send: 1
[2025.05.26-11.11.44:419][121]LogAudio: Display: Audio Reverb Plugin: Resonance Audio
[2025.05.26-11.11.44:419][121]LogAudio: Display: Audio Occlusion Plugin: None (built-in).
[2025.05.26-11.11.44:419][121]LogAudioMixer: Display: Initializing audio mixer.
[2025.05.26-11.11.44:425][121]LogAudioMixer: Display: 0: FrontLeft
[2025.05.26-11.11.44:425][121]LogAudioMixer: Display: 1: FrontRight
[2025.05.26-11.11.44:460][121]LogAudioMixer: Display: Using Audio Device Динамики (Realtek(R) Audio)
[2025.05.26-11.11.44:460][121]LogAudioMixer: Display: Initializing Sound Submixes...
[2025.05.26-11.11.44:460][121]LogAudioMixer: Display: Creating Master Submix 'MasterSubmixDefault'
[2025.05.26-11.11.44:460][121]LogAudioMixer: Display: Creating Master Submix 'MasterReverbSubmixDefault'
[2025.05.26-11.11.44:460][121]LogAudioMixer: Display: Creating Master Submix 'MasterEQSubmixDefault'
[2025.05.26-11.11.44:460][121]LogAudioMixer: FMixerPlatformXAudio2::StartAudioStream() called
[2025.05.26-11.11.44:460][121]LogAudioMixer: Display: Output buffers initialized: Frames=1024, Channels=2, Samples=2048
[2025.05.26-11.11.44:463][121]LogAudioMixer: Display: Starting AudioMixerPlatformInterface::RunInternal()
[2025.05.26-11.11.44:463][121]LogAudioMixer: Display: FMixerPlatformXAudio2::SubmitBuffer() called for the first time
[2025.05.26-11.11.44:463][121]LogInit: FAudioDevice initialized.
[2025.05.26-11.11.44:463][121]LogAudio: Display: Audio Device (ID: 13) registered with world 'VRTemplateMap'.
[2025.05.26-11.11.44:469][121]LogLoad: Game class is 'VRGameMode_C'
[2025.05.26-11.11.44:471][121]LogWorld: Bringing World /Game/VRTemplate/Maps/UEDPIE_0_VRTemplateMap.VRTemplateMap up for play (max tick rate 0) at 2025.05.26-14.11.44
[2025.05.26-11.11.44:472][121]LogWorld: Bringing up level for play took: 0.002421
[2025.05.26-11.11.44:472][121]LogOnline: OSS: Creating online subsystem instance for: :Context_37
[2025.05.26-11.11.44:475][121]LogSpawn: Warning: SpawnActor failed because no class was specified
[2025.05.26-11.11.44:476][121]PIE: Server logged in
[2025.05.26-11.11.44:477][121]PIE: Play in editor total start time 0,126 seconds.
[2025.05.26-11.11.44:493][121]LogResonanceAudio: Display: Resonance Audio Listener is initialized
[2025.05.26-11.11.45:135][140]LogEditorViewport: Clicking on Actor (LMB): BP_EncoderPetals_C (BP_EncoderPetals)
[2025.05.26-11.11.52:529][355]LogSlate: Updating window title bar state: overlay mode, drag disabled, window buttons hidden, title bar hidden
[2025.05.26-11.11.52:530][355]LogWorld: BeginTearingDown for /Game/VRTemplate/Maps/UEDPIE_0_VRTemplateMap
[2025.05.26-11.11.52:530][355]LogWorld: UWorld::CleanupWorld for VRTemplateMap, bSessionEnded=true, bCleanupResources=true
[2025.05.26-11.11.52:531][355]LogSlate: InvalidateAllWidgets triggered.  All widgets were invalidated
[2025.05.26-11.11.52:581][355]LogPlayLevel: Display: Shutting down PIE online subsystems
[2025.05.26-11.11.52:589][355]LogSlate: InvalidateAllWidgets triggered.  All widgets were invalidated
[2025.05.26-11.11.52:611][355]LogAudio: Display: Audio Device unregistered from world 'None'.
[2025.05.26-11.11.52:612][355]LogResonanceAudio: Display: Resonance Audio Listener is shutdown
[2025.05.26-11.11.52:612][355]LogAudioMixer: FMixerPlatformXAudio2::StopAudioStream() called
[2025.05.26-11.11.52:614][355]LogAudioMixer: FMixerPlatformXAudio2::StopAudioStream() called
[2025.05.26-11.11.52:618][355]LogSlate: Updating window title bar state: overlay mode, drag disabled, window buttons hidden, title bar hidden
[2025.05.26-11.11.52:623][355]LogUObjectHash: Compacting FUObjectHashTables data took   2.09ms
[2025.05.26-11.11.52:641][356]LogPlayLevel: Display: Destroying online subsystem :Context_37
[2025.05.26-11.12.04:613][611]Cmd: OBJ SAVEPACKAGE PACKAGE="/Game/Sanya_Durex/BP_components/BP_Motor" FILE="../../../../../../Users/sasha/Documents/GitHub/unreal_project/Content/Sanya_Durex/BP_components/BP_Motor.uasset" SILENT=true
[2025.05.26-11.12.04:629][611]LogSavePackage: Moving '../../../../../../Users/sasha/Documents/GitHub/unreal_project/Saved/BP_MotorB384307844D888CB278173BCF8E24FAF.tmp' to '../../../../../../Users/sasha/Documents/GitHub/unreal_project/Content/Sanya_Durex/BP_components/BP_Motor.uasset'
[2025.05.26-11.12.04:678][611]AssetCheck: New page: Asset Save: BP_Motor
[2025.05.26-11.12.04:678][611]LogContentValidation: Display: Validating Blueprint /Game/Sanya_Durex/BP_components/BP_Motor.BP_Motor
[2025.05.26-11.12.05:937][640]BlueprintLog: New page: Compile BP_Motor
[2025.05.26-11.12.06:007][640]LogUObjectHash: Compacting FUObjectHashTables data took   2.40ms
[2025.05.26-11.12.06:878][651]Cmd: OBJ SAVEPACKAGE PACKAGE="/Game/Sanya_Durex/BP_components/BP_Motor" FILE="../../../../../../Users/sasha/Documents/GitHub/unreal_project/Content/Sanya_Durex/BP_components/BP_Motor.uasset" SILENT=true
[2025.05.26-11.12.06:896][651]LogSavePackage: Moving '../../../../../../Users/sasha/Documents/GitHub/unreal_project/Saved/BP_Motor9071DDD447AB6F8678EA66911D36A0C1.tmp' to '../../../../../../Users/sasha/Documents/GitHub/unreal_project/Content/Sanya_Durex/BP_components/BP_Motor.uasset'
[2025.05.26-11.12.06:946][651]AssetCheck: New page: Asset Save: BP_Motor
[2025.05.26-11.12.06:946][651]LogContentValidation: Display: Validating Blueprint /Game/Sanya_Durex/BP_components/BP_Motor.BP_Motor
[2025.05.26-11.12.08:601][682]LogTemp: Repeating last play command: Simulate
[2025.05.26-11.12.08:607][682]LogPlayLevel: PlayLevel: No blueprints needed recompiling
[2025.05.26-11.12.08:607][682]PIE: New page: SIE session: VRTemplateMap (26 мая 2025 г., 17:12:08)
[2025.05.26-11.12.08:607][682]LogPlayLevel: Creating play world package: /Game/VRTemplate/Maps/UEDPIE_0_VRTemplateMap
[2025.05.26-11.12.08:615][682]LogPlayLevel: PIE: StaticDuplicateObject took: (0.007786s)
[2025.05.26-11.12.08:616][682]LogAIModule: Creating AISystem for world VRTemplateMap
[2025.05.26-11.12.08:616][682]LogPlayLevel: PIE: World Init took: (0.000894s)
[2025.05.26-11.12.08:616][682]LogPlayLevel: PIE: Created PIE world by copying editor world from /Game/VRTemplate/Maps/VRTemplateMap.VRTemplateMap to /Game/VRTemplate/Maps/UEDPIE_0_VRTemplateMap.VRTemplateMap (0.008809s)
[2025.05.26-11.12.08:672][682]LogUObjectHash: Compacting FUObjectHashTables data took   2.51ms
[2025.05.26-11.12.08:672][682]LogAudio: Display: Creating Audio Device:                 Id: 14, Scope: Unique, Realtime: True
[2025.05.26-11.12.08:672][682]LogAudioMixer: Display: Audio Mixer Platform Settings:
[2025.05.26-11.12.08:672][682]LogAudioMixer: Display: 	Sample Rate:						  48000
[2025.05.26-11.12.08:672][682]LogAudioMixer: Display: 	Callback Buffer Frame Size Requested: 1024
[2025.05.26-11.12.08:672][682]LogAudioMixer: Display: 	Callback Buffer Frame Size To Use:	  1024
[2025.05.26-11.12.08:672][682]LogAudioMixer: Display: 	Number of buffers to queue:			  1
[2025.05.26-11.12.08:672][682]LogAudioMixer: Display: 	Max Channels (voices):				  0
[2025.05.26-11.12.08:672][682]LogAudioMixer: Display: 	Number of Async Source Workers:		  4
[2025.05.26-11.12.08:672][682]LogAudio: Display: AudioDevice MaxSources: 32
[2025.05.26-11.12.08:673][682]LogAudio: Display: Audio Spatialization Plugin: Resonance Audio is external send: 1
[2025.05.26-11.12.08:673][682]LogAudio: Display: Audio Reverb Plugin: Resonance Audio
[2025.05.26-11.12.08:673][682]LogAudio: Display: Audio Occlusion Plugin: None (built-in).
[2025.05.26-11.12.08:673][682]LogAudioMixer: Display: Initializing audio mixer.
[2025.05.26-11.12.08:680][682]LogAudioMixer: Display: 0: FrontLeft
[2025.05.26-11.12.08:680][682]LogAudioMixer: Display: 1: FrontRight
[2025.05.26-11.12.08:716][682]LogAudioMixer: Display: Using Audio Device Динамики (Realtek(R) Audio)
[2025.05.26-11.12.08:716][682]LogAudioMixer: Display: Initializing Sound Submixes...
[2025.05.26-11.12.08:716][682]LogAudioMixer: Display: Creating Master Submix 'MasterSubmixDefault'
[2025.05.26-11.12.08:716][682]LogAudioMixer: Display: Creating Master Submix 'MasterReverbSubmixDefault'
[2025.05.26-11.12.08:716][682]LogAudioMixer: Display: Creating Master Submix 'MasterEQSubmixDefault'
[2025.05.26-11.12.08:717][682]LogAudioMixer: FMixerPlatformXAudio2::StartAudioStream() called
[2025.05.26-11.12.08:717][682]LogAudioMixer: Display: Output buffers initialized: Frames=1024, Channels=2, Samples=2048
[2025.05.26-11.12.08:718][682]LogAudioMixer: Display: Starting AudioMixerPlatformInterface::RunInternal()
[2025.05.26-11.12.08:718][682]LogAudioMixer: Display: FMixerPlatformXAudio2::SubmitBuffer() called for the first time
[2025.05.26-11.12.08:718][682]LogInit: FAudioDevice initialized.
[2025.05.26-11.12.08:718][682]LogAudio: Display: Audio Device (ID: 14) registered with world 'VRTemplateMap'.
[2025.05.26-11.12.08:724][682]LogLoad: Game class is 'VRGameMode_C'
[2025.05.26-11.12.08:727][682]LogWorld: Bringing World /Game/VRTemplate/Maps/UEDPIE_0_VRTemplateMap.VRTemplateMap up for play (max tick rate 0) at 2025.05.26-14.12.08
[2025.05.26-11.12.08:727][682]LogWorld: Bringing up level for play took: 0.002547
[2025.05.26-11.12.08:728][682]LogOnline: OSS: Creating online subsystem instance for: :Context_38
[2025.05.26-11.12.08:729][682]LogSpawn: Warning: SpawnActor failed because no class was specified
[2025.05.26-11.12.08:732][682]PIE: Server logged in
[2025.05.26-11.12.08:733][682]PIE: Play in editor total start time 0,127 seconds.
[2025.05.26-11.12.08:748][682]LogResonanceAudio: Display: Resonance Audio Listener is initialized
[2025.05.26-11.12.09:380][700]LogEditorViewport: Clicking on Actor (LMB): BP_EncoderPetals_C (BP_EncoderPetals)
[2025.05.26-11.12.13:847][834]LogEditorViewport: Clicking on Actor (LMB): BP_Wheel_C (BP_Wheel)
[2025.05.26-11.12.26:550][206]LogSlate: Updating window title bar state: overlay mode, drag disabled, window buttons hidden, title bar hidden
[2025.05.26-11.12.26:550][206]LogWorld: BeginTearingDown for /Game/VRTemplate/Maps/UEDPIE_0_VRTemplateMap
[2025.05.26-11.12.26:550][206]LogWorld: UWorld::CleanupWorld for VRTemplateMap, bSessionEnded=true, bCleanupResources=true
[2025.05.26-11.12.26:551][206]LogSlate: InvalidateAllWidgets triggered.  All widgets were invalidated
[2025.05.26-11.12.26:596][206]LogPlayLevel: Display: Shutting down PIE online subsystems
[2025.05.26-11.12.26:604][206]LogSlate: InvalidateAllWidgets triggered.  All widgets were invalidated
[2025.05.26-11.12.26:626][206]LogAudio: Display: Audio Device unregistered from world 'None'.
[2025.05.26-11.12.26:626][206]LogResonanceAudio: Display: Resonance Audio Listener is shutdown
[2025.05.26-11.12.26:626][206]LogAudioMixer: FMixerPlatformXAudio2::StopAudioStream() called
[2025.05.26-11.12.26:627][206]LogAudioMixer: FMixerPlatformXAudio2::StopAudioStream() called
[2025.05.26-11.12.26:629][206]LogSlate: Updating window title bar state: overlay mode, drag disabled, window buttons hidden, title bar hidden
[2025.05.26-11.12.26:633][206]LogUObjectHash: Compacting FUObjectHashTables data took   1.75ms
[2025.05.26-11.12.26:653][207]LogPlayLevel: Display: Destroying online subsystem :Context_38
[2025.05.26-11.12.42:787][552]BlueprintLog: New page: Compile BP_Motor
[2025.05.26-11.12.42:856][552]LogUObjectHash: Compacting FUObjectHashTables data took   2.56ms
[2025.05.26-11.12.44:624][586]LogTemp: Repeating last play command: Simulate
[2025.05.26-11.12.44:631][586]LogPlayLevel: PlayLevel: No blueprints needed recompiling
[2025.05.26-11.12.44:631][586]PIE: New page: SIE session: VRTemplateMap (26 мая 2025 г., 17:12:44)
[2025.05.26-11.12.44:631][586]LogPlayLevel: Creating play world package: /Game/VRTemplate/Maps/UEDPIE_0_VRTemplateMap
[2025.05.26-11.12.44:639][586]LogPlayLevel: PIE: StaticDuplicateObject took: (0.007692s)
[2025.05.26-11.12.44:640][586]LogAIModule: Creating AISystem for world VRTemplateMap
[2025.05.26-11.12.44:640][586]LogPlayLevel: PIE: World Init took: (0.000969s)
[2025.05.26-11.12.44:640][586]LogPlayLevel: PIE: Created PIE world by copying editor world from /Game/VRTemplate/Maps/VRTemplateMap.VRTemplateMap to /Game/VRTemplate/Maps/UEDPIE_0_VRTemplateMap.VRTemplateMap (0.008791s)
[2025.05.26-11.12.44:696][586]LogUObjectHash: Compacting FUObjectHashTables data took   2.81ms
[2025.05.26-11.12.44:696][586]LogAudio: Display: Creating Audio Device:                 Id: 15, Scope: Unique, Realtime: True
[2025.05.26-11.12.44:696][586]LogAudioMixer: Display: Audio Mixer Platform Settings:
[2025.05.26-11.12.44:696][586]LogAudioMixer: Display: 	Sample Rate:						  48000
[2025.05.26-11.12.44:696][586]LogAudioMixer: Display: 	Callback Buffer Frame Size Requested: 1024
[2025.05.26-11.12.44:696][586]LogAudioMixer: Display: 	Callback Buffer Frame Size To Use:	  1024
[2025.05.26-11.12.44:696][586]LogAudioMixer: Display: 	Number of buffers to queue:			  1
[2025.05.26-11.12.44:696][586]LogAudioMixer: Display: 	Max Channels (voices):				  0
[2025.05.26-11.12.44:696][586]LogAudioMixer: Display: 	Number of Async Source Workers:		  4
[2025.05.26-11.12.44:696][586]LogAudio: Display: AudioDevice MaxSources: 32
[2025.05.26-11.12.44:697][586]LogAudio: Display: Audio Spatialization Plugin: Resonance Audio is external send: 1
[2025.05.26-11.12.44:697][586]LogAudio: Display: Audio Reverb Plugin: Resonance Audio
[2025.05.26-11.12.44:697][586]LogAudio: Display: Audio Occlusion Plugin: None (built-in).
[2025.05.26-11.12.44:697][586]LogAudioMixer: Display: Initializing audio mixer.
[2025.05.26-11.12.44:703][586]LogAudioMixer: Display: 0: FrontLeft
[2025.05.26-11.12.44:703][586]LogAudioMixer: Display: 1: FrontRight
[2025.05.26-11.12.44:739][586]LogAudioMixer: Display: Using Audio Device Динамики (Realtek(R) Audio)
[2025.05.26-11.12.44:741][586]LogAudioMixer: Display: Initializing Sound Submixes...
[2025.05.26-11.12.44:741][586]LogAudioMixer: Display: Creating Master Submix 'MasterSubmixDefault'
[2025.05.26-11.12.44:741][586]LogAudioMixer: Display: Creating Master Submix 'MasterReverbSubmixDefault'
[2025.05.26-11.12.44:741][586]LogAudioMixer: Display: Creating Master Submix 'MasterEQSubmixDefault'
[2025.05.26-11.12.44:741][586]LogAudioMixer: FMixerPlatformXAudio2::StartAudioStream() called
[2025.05.26-11.12.44:741][586]LogAudioMixer: Display: Output buffers initialized: Frames=1024, Channels=2, Samples=2048
[2025.05.26-11.12.44:742][586]LogAudioMixer: Display: Starting AudioMixerPlatformInterface::RunInternal()
[2025.05.26-11.12.44:743][586]LogAudioMixer: Display: FMixerPlatformXAudio2::SubmitBuffer() called for the first time
[2025.05.26-11.12.44:743][586]LogInit: FAudioDevice initialized.
[2025.05.26-11.12.44:743][586]LogAudio: Display: Audio Device (ID: 15) registered with world 'VRTemplateMap'.
[2025.05.26-11.12.44:750][586]LogLoad: Game class is 'VRGameMode_C'
[2025.05.26-11.12.44:752][586]LogWorld: Bringing World /Game/VRTemplate/Maps/UEDPIE_0_VRTemplateMap.VRTemplateMap up for play (max tick rate 0) at 2025.05.26-14.12.44
[2025.05.26-11.12.44:753][586]LogWorld: Bringing up level for play took: 0.002485
[2025.05.26-11.12.44:753][586]LogOnline: OSS: Creating online subsystem instance for: :Context_39
[2025.05.26-11.12.44:755][586]LogSpawn: Warning: SpawnActor failed because no class was specified
[2025.05.26-11.12.44:757][586]PIE: Server logged in
[2025.05.26-11.12.44:758][586]PIE: Play in editor total start time 0,128 seconds.
[2025.05.26-11.12.44:773][586]LogResonanceAudio: Display: Resonance Audio Listener is initialized
[2025.05.26-11.12.45:649][612]LogEditorViewport: Clicking on Actor (LMB): BP_EncoderPetals_C (BP_EncoderPetals)
[2025.05.26-11.12.48:785][706]LogEditorViewport: Clicking on Actor (LMB): BP_Wheel_C (BP_Wheel)
[2025.05.26-11.13.06:549][234]LogSlate: Updating window title bar state: overlay mode, drag disabled, window buttons hidden, title bar hidden
[2025.05.26-11.13.06:549][234]LogWorld: BeginTearingDown for /Game/VRTemplate/Maps/UEDPIE_0_VRTemplateMap
[2025.05.26-11.13.06:550][234]LogWorld: UWorld::CleanupWorld for VRTemplateMap, bSessionEnded=true, bCleanupResources=true
[2025.05.26-11.13.06:550][234]LogSlate: InvalidateAllWidgets triggered.  All widgets were invalidated
[2025.05.26-11.13.06:601][234]LogPlayLevel: Display: Shutting down PIE online subsystems
[2025.05.26-11.13.06:609][234]LogSlate: InvalidateAllWidgets triggered.  All widgets were invalidated
[2025.05.26-11.13.06:630][234]LogAudio: Display: Audio Device unregistered from world 'None'.
[2025.05.26-11.13.06:631][234]LogResonanceAudio: Display: Resonance Audio Listener is shutdown
[2025.05.26-11.13.06:631][234]LogAudioMixer: FMixerPlatformXAudio2::StopAudioStream() called
[2025.05.26-11.13.06:632][234]LogAudioMixer: FMixerPlatformXAudio2::StopAudioStream() called
[2025.05.26-11.13.06:637][234]LogSlate: Updating window title bar state: overlay mode, drag disabled, window buttons hidden, title bar hidden
[2025.05.26-11.13.06:641][234]LogUObjectHash: Compacting FUObjectHashTables data took   2.16ms
[2025.05.26-11.13.06:663][235]LogPlayLevel: Display: Destroying online subsystem :Context_39
[2025.05.26-11.13.07:270][249]LogRenderer: Reallocating scene render targets to support 1204x532 Format 9 NumSamples 4 (Frame:8206).
[2025.05.26-11.13.13:697][484]BlueprintLog: New page: Compile BP_Motor
[2025.05.26-11.13.13:765][484]LogUObjectHash: Compacting FUObjectHashTables data took   2.11ms
[2025.05.26-11.13.16:566][538]LogTemp: Repeating last play command: Simulate
[2025.05.26-11.13.16:572][538]LogPlayLevel: PlayLevel: No blueprints needed recompiling
[2025.05.26-11.13.16:572][538]PIE: New page: SIE session: VRTemplateMap (26 мая 2025 г., 17:13:16)
[2025.05.26-11.13.16:572][538]LogPlayLevel: Creating play world package: /Game/VRTemplate/Maps/UEDPIE_0_VRTemplateMap
[2025.05.26-11.13.16:580][538]LogPlayLevel: PIE: StaticDuplicateObject took: (0.007732s)
[2025.05.26-11.13.16:581][538]LogAIModule: Creating AISystem for world VRTemplateMap
[2025.05.26-11.13.16:581][538]LogPlayLevel: PIE: World Init took: (0.001038s)
[2025.05.26-11.13.16:581][538]LogPlayLevel: PIE: Created PIE world by copying editor world from /Game/VRTemplate/Maps/VRTemplateMap.VRTemplateMap to /Game/VRTemplate/Maps/UEDPIE_0_VRTemplateMap.VRTemplateMap (0.008905s)
[2025.05.26-11.13.16:637][538]LogUObjectHash: Compacting FUObjectHashTables data took   2.36ms
[2025.05.26-11.13.16:638][538]LogAudio: Display: Creating Audio Device:                 Id: 16, Scope: Unique, Realtime: True
[2025.05.26-11.13.16:638][538]LogAudioMixer: Display: Audio Mixer Platform Settings:
[2025.05.26-11.13.16:638][538]LogAudioMixer: Display: 	Sample Rate:						  48000
[2025.05.26-11.13.16:638][538]LogAudioMixer: Display: 	Callback Buffer Frame Size Requested: 1024
[2025.05.26-11.13.16:638][538]LogAudioMixer: Display: 	Callback Buffer Frame Size To Use:	  1024
[2025.05.26-11.13.16:638][538]LogAudioMixer: Display: 	Number of buffers to queue:			  1
[2025.05.26-11.13.16:638][538]LogAudioMixer: Display: 	Max Channels (voices):				  0
[2025.05.26-11.13.16:638][538]LogAudioMixer: Display: 	Number of Async Source Workers:		  4
[2025.05.26-11.13.16:638][538]LogAudio: Display: AudioDevice MaxSources: 32
[2025.05.26-11.13.16:638][538]LogAudio: Display: Audio Spatialization Plugin: Resonance Audio is external send: 1
[2025.05.26-11.13.16:638][538]LogAudio: Display: Audio Reverb Plugin: Resonance Audio
[2025.05.26-11.13.16:638][538]LogAudio: Display: Audio Occlusion Plugin: None (built-in).
[2025.05.26-11.13.16:638][538]LogAudioMixer: Display: Initializing audio mixer.
[2025.05.26-11.13.16:647][538]LogAudioMixer: Display: 0: FrontLeft
[2025.05.26-11.13.16:647][538]LogAudioMixer: Display: 1: FrontRight
[2025.05.26-11.13.16:682][538]LogAudioMixer: Display: Using Audio Device Динамики (Realtek(R) Audio)
[2025.05.26-11.13.16:682][538]LogAudioMixer: Display: Initializing Sound Submixes...
[2025.05.26-11.13.16:682][538]LogAudioMixer: Display: Creating Master Submix 'MasterSubmixDefault'
[2025.05.26-11.13.16:682][538]LogAudioMixer: Display: Creating Master Submix 'MasterReverbSubmixDefault'
[2025.05.26-11.13.16:683][538]LogAudioMixer: Display: Creating Master Submix 'MasterEQSubmixDefault'
[2025.05.26-11.13.16:683][538]LogAudioMixer: FMixerPlatformXAudio2::StartAudioStream() called
[2025.05.26-11.13.16:683][538]LogAudioMixer: Display: Output buffers initialized: Frames=1024, Channels=2, Samples=2048
[2025.05.26-11.13.16:684][538]LogAudioMixer: Display: Starting AudioMixerPlatformInterface::RunInternal()
[2025.05.26-11.13.16:684][538]LogAudioMixer: Display: FMixerPlatformXAudio2::SubmitBuffer() called for the first time
[2025.05.26-11.13.16:684][538]LogInit: FAudioDevice initialized.
[2025.05.26-11.13.16:684][538]LogAudio: Display: Audio Device (ID: 16) registered with world 'VRTemplateMap'.
[2025.05.26-11.13.16:696][538]LogLoad: Game class is 'VRGameMode_C'
[2025.05.26-11.13.16:698][538]LogWorld: Bringing World /Game/VRTemplate/Maps/UEDPIE_0_VRTemplateMap.VRTemplateMap up for play (max tick rate 0) at 2025.05.26-14.13.16
[2025.05.26-11.13.16:698][538]LogWorld: Bringing up level for play took: 0.002378
[2025.05.26-11.13.16:699][538]LogOnline: OSS: Creating online subsystem instance for: :Context_40
[2025.05.26-11.13.16:700][538]LogSpawn: Warning: SpawnActor failed because no class was specified
[2025.05.26-11.13.16:702][538]PIE: Server logged in
[2025.05.26-11.13.16:703][538]PIE: Play in editor total start time 0,132 seconds.
[2025.05.26-11.13.16:718][538]LogResonanceAudio: Display: Resonance Audio Listener is initialized
[2025.05.26-11.13.19:835][628]LogEditorViewport: Clicking on Actor (LMB): BP_EncoderPetals_C (BP_EncoderPetals)
[2025.05.26-11.13.30:505][948]LogEditorViewport: Clicking on Actor (LMB): BP_Wheel_C (BP_Wheel)
[2025.05.26-11.13.57:429][747]LogSlate: Updating window title bar state: overlay mode, drag disabled, window buttons hidden, title bar hidden
[2025.05.26-11.13.57:429][747]LogWorld: BeginTearingDown for /Game/VRTemplate/Maps/UEDPIE_0_VRTemplateMap
[2025.05.26-11.13.57:430][747]LogWorld: UWorld::CleanupWorld for VRTemplateMap, bSessionEnded=true, bCleanupResources=true
[2025.05.26-11.13.57:430][747]LogSlate: InvalidateAllWidgets triggered.  All widgets were invalidated
[2025.05.26-11.13.57:483][747]LogPlayLevel: Display: Shutting down PIE online subsystems
[2025.05.26-11.13.57:491][747]LogSlate: InvalidateAllWidgets triggered.  All widgets were invalidated
[2025.05.26-11.13.57:514][747]LogAudio: Display: Audio Device unregistered from world 'None'.
[2025.05.26-11.13.57:516][747]LogResonanceAudio: Display: Resonance Audio Listener is shutdown
[2025.05.26-11.13.57:516][747]LogAudioMixer: FMixerPlatformXAudio2::StopAudioStream() called
[2025.05.26-11.13.57:516][747]LogAudioMixer: FMixerPlatformXAudio2::StopAudioStream() called
[2025.05.26-11.13.57:521][747]LogSlate: Updating window title bar state: overlay mode, drag disabled, window buttons hidden, title bar hidden
[2025.05.26-11.13.57:525][747]LogUObjectHash: Compacting FUObjectHashTables data took   1.81ms
[2025.05.26-11.13.57:548][748]LogPlayLevel: Display: Destroying online subsystem :Context_40
[2025.05.26-11.14.07:758][136]BlueprintLog: New page: Compile BP_Motor
[2025.05.26-11.14.07:827][136]LogUObjectHash: Compacting FUObjectHashTables data took   2.81ms
[2025.05.26-11.14.09:610][172]LogTemp: Repeating last play command: Simulate
[2025.05.26-11.14.09:616][172]LogPlayLevel: PlayLevel: No blueprints needed recompiling
[2025.05.26-11.14.09:616][172]PIE: New page: SIE session: VRTemplateMap (26 мая 2025 г., 17:14:09)
[2025.05.26-11.14.09:616][172]LogPlayLevel: Creating play world package: /Game/VRTemplate/Maps/UEDPIE_0_VRTemplateMap
[2025.05.26-11.14.09:624][172]LogPlayLevel: PIE: StaticDuplicateObject took: (0.007663s)
[2025.05.26-11.14.09:625][172]LogAIModule: Creating AISystem for world VRTemplateMap
[2025.05.26-11.14.09:625][172]LogPlayLevel: PIE: World Init took: (0.000880s)
[2025.05.26-11.14.09:625][172]LogPlayLevel: PIE: Created PIE world by copying editor world from /Game/VRTemplate/Maps/VRTemplateMap.VRTemplateMap to /Game/VRTemplate/Maps/UEDPIE_0_VRTemplateMap.VRTemplateMap (0.008689s)
[2025.05.26-11.14.09:680][172]LogUObjectHash: Compacting FUObjectHashTables data took   2.38ms
[2025.05.26-11.14.09:681][172]LogAudio: Display: Creating Audio Device:                 Id: 17, Scope: Unique, Realtime: True
[2025.05.26-11.14.09:681][172]LogAudioMixer: Display: Audio Mixer Platform Settings:
[2025.05.26-11.14.09:681][172]LogAudioMixer: Display: 	Sample Rate:						  48000
[2025.05.26-11.14.09:681][172]LogAudioMixer: Display: 	Callback Buffer Frame Size Requested: 1024
[2025.05.26-11.14.09:681][172]LogAudioMixer: Display: 	Callback Buffer Frame Size To Use:	  1024
[2025.05.26-11.14.09:681][172]LogAudioMixer: Display: 	Number of buffers to queue:			  1
[2025.05.26-11.14.09:681][172]LogAudioMixer: Display: 	Max Channels (voices):				  0
[2025.05.26-11.14.09:681][172]LogAudioMixer: Display: 	Number of Async Source Workers:		  4
[2025.05.26-11.14.09:681][172]LogAudio: Display: AudioDevice MaxSources: 32
[2025.05.26-11.14.09:681][172]LogAudio: Display: Audio Spatialization Plugin: Resonance Audio is external send: 1
[2025.05.26-11.14.09:681][172]LogAudio: Display: Audio Reverb Plugin: Resonance Audio
[2025.05.26-11.14.09:682][172]LogAudio: Display: Audio Occlusion Plugin: None (built-in).
[2025.05.26-11.14.09:682][172]LogAudioMixer: Display: Initializing audio mixer.
[2025.05.26-11.14.09:691][172]LogAudioMixer: Display: 0: FrontLeft
[2025.05.26-11.14.09:691][172]LogAudioMixer: Display: 1: FrontRight
[2025.05.26-11.14.09:726][172]LogAudioMixer: Display: Using Audio Device Динамики (Realtek(R) Audio)
[2025.05.26-11.14.09:726][172]LogAudioMixer: Display: Initializing Sound Submixes...
[2025.05.26-11.14.09:726][172]LogAudioMixer: Display: Creating Master Submix 'MasterSubmixDefault'
[2025.05.26-11.14.09:726][172]LogAudioMixer: Display: Creating Master Submix 'MasterReverbSubmixDefault'
[2025.05.26-11.14.09:727][172]LogAudioMixer: Display: Creating Master Submix 'MasterEQSubmixDefault'
[2025.05.26-11.14.09:727][172]LogAudioMixer: FMixerPlatformXAudio2::StartAudioStream() called
[2025.05.26-11.14.09:727][172]LogAudioMixer: Display: Output buffers initialized: Frames=1024, Channels=2, Samples=2048
[2025.05.26-11.14.09:728][172]LogAudioMixer: Display: Starting AudioMixerPlatformInterface::RunInternal()
[2025.05.26-11.14.09:728][172]LogAudioMixer: Display: FMixerPlatformXAudio2::SubmitBuffer() called for the first time
[2025.05.26-11.14.09:728][172]LogInit: FAudioDevice initialized.
[2025.05.26-11.14.09:728][172]LogAudio: Display: Audio Device (ID: 17) registered with world 'VRTemplateMap'.
[2025.05.26-11.14.09:738][172]LogLoad: Game class is 'VRGameMode_C'
[2025.05.26-11.14.09:741][172]LogWorld: Bringing World /Game/VRTemplate/Maps/UEDPIE_0_VRTemplateMap.VRTemplateMap up for play (max tick rate 0) at 2025.05.26-14.14.09
[2025.05.26-11.14.09:741][172]LogWorld: Bringing up level for play took: 0.002663
[2025.05.26-11.14.09:741][172]LogOnline: OSS: Creating online subsystem instance for: :Context_41
[2025.05.26-11.14.09:743][172]LogSpawn: Warning: SpawnActor failed because no class was specified
[2025.05.26-11.14.09:745][172]PIE: Server logged in
[2025.05.26-11.14.09:746][172]PIE: Play in editor total start time 0,131 seconds.
[2025.05.26-11.14.09:761][172]LogResonanceAudio: Display: Resonance Audio Listener is initialized
[2025.05.26-11.14.11:537][225]LogEditorViewport: Clicking on Actor (LMB): BP_Wheel_C (BP_Wheel)
[2025.05.26-11.14.17:504][404]LogEditorViewport: Clicking on Actor (LMB): BP_EncoderPetals_C (BP_EncoderPetals)
[2025.05.26-11.14.20:941][507]LogEditorViewport: Clicking on Actor (LMB): BP_Wheel_C (BP_Wheel)
[2025.05.26-11.14.32:145][843]LogEditorViewport: Clicking on Actor (LMB): BP_EncoderPetals_C (BP_EncoderPetals)
[2025.05.26-11.14.34:716][920]LogEditorViewport: Clicking on Actor (LMB): BP_Wheel_C (BP_Wheel)
[2025.05.26-11.14.42:319][148]LogEditorViewport: Clicking on Actor (LMB): BP_Motor_Holder_C (BP_Motor_Holder4)
[2025.05.26-11.15.17:949][ 76]LogSlate: Updating window title bar state: overlay mode, drag disabled, window buttons hidden, title bar hidden
[2025.05.26-11.15.17:949][ 76]LogWorld: BeginTearingDown for /Game/VRTemplate/Maps/UEDPIE_0_VRTemplateMap
[2025.05.26-11.15.17:950][ 76]LogWorld: UWorld::CleanupWorld for VRTemplateMap, bSessionEnded=true, bCleanupResources=true
[2025.05.26-11.15.17:951][ 76]LogSlate: InvalidateAllWidgets triggered.  All widgets were invalidated
[2025.05.26-11.15.17:999][ 76]LogPlayLevel: Display: Shutting down PIE online subsystems
[2025.05.26-11.15.18:008][ 76]LogSlate: InvalidateAllWidgets triggered.  All widgets were invalidated
[2025.05.26-11.15.18:029][ 76]LogAudio: Display: Audio Device unregistered from world 'None'.
[2025.05.26-11.15.18:030][ 76]LogResonanceAudio: Display: Resonance Audio Listener is shutdown
[2025.05.26-11.15.18:030][ 76]LogAudioMixer: FMixerPlatformXAudio2::StopAudioStream() called
[2025.05.26-11.15.18:031][ 76]LogAudioMixer: FMixerPlatformXAudio2::StopAudioStream() called
[2025.05.26-11.15.18:033][ 76]LogSlate: Updating window title bar state: overlay mode, drag disabled, window buttons hidden, title bar hidden
[2025.05.26-11.15.18:036][ 76]LogUObjectHash: Compacting FUObjectHashTables data took   1.75ms
[2025.05.26-11.15.18:057][ 77]LogPlayLevel: Display: Destroying online subsystem :Context_41
[2025.05.26-11.16.02:175][440]Cmd: OBJ SAVEPACKAGE PACKAGE="/Game/Sanya_Durex/BP_components/BP_Motor" FILE="../../../../../../Users/sasha/Documents/GitHub/unreal_project/Content/Sanya_Durex/BP_components/BP_Motor.uasset" SILENT=true
[2025.05.26-11.16.02:193][440]LogSavePackage: Moving '../../../../../../Users/sasha/Documents/GitHub/unreal_project/Saved/BP_Motor77EBC9A04F08DCFCCFE964A49790FCA5.tmp' to '../../../../../../Users/sasha/Documents/GitHub/unreal_project/Content/Sanya_Durex/BP_components/BP_Motor.uasset'
[2025.05.26-11.16.02:247][440]AssetCheck: New page: Asset Save: BP_Motor
[2025.05.26-11.16.02:247][440]LogContentValidation: Display: Validating Blueprint /Game/Sanya_Durex/BP_components/BP_Motor.BP_Motor
[2025.05.26-11.16.46:358][284]LogSlate: Prevented a slow task dialog from being summoned while a context menu was open
[2025.05.26-11.16.46:375][284]LogEditorClassViewer: Warning: Class /Engine/Tutorial/InWorldBlueprintEditing/TutorialAssets/IWBE_Blutility.IWBE_Blutility_C has parent /Script/Blutility.PlacedEditorUtilityBase, but this parent is not found. The Class will not be shown in ClassViewer.
[2025.05.26-11.17.38:873][544]BlueprintLog: New page: Compile BP_Motor_Holder
[2025.05.26-11.17.38:918][544]LogUObjectHash: Compacting FUObjectHashTables data took   1.67ms
[2025.05.26-11.17.40:149][615]Cmd: OBJ SAVEPACKAGE PACKAGE="/Game/Andrey/Objects/BP_Motor_Holder" FILE="../../../../../../Users/sasha/Documents/GitHub/unreal_project/Content/Andrey/Objects/BP_Motor_Holder.uasset" SILENT=true
[2025.05.26-11.17.40:159][615]LogSavePackage: Moving '../../../../../../Users/sasha/Documents/GitHub/unreal_project/Saved/BP_Motor_Holder5CEF4073496B43D3E38D71BDB36ADDF3.tmp' to '../../../../../../Users/sasha/Documents/GitHub/unreal_project/Content/Andrey/Objects/BP_Motor_Holder.uasset'
[2025.05.26-11.17.40:176][615]AssetCheck: New page: Asset Save: BP_Motor_Holder
[2025.05.26-11.17.40:176][615]LogContentValidation: Display: Validating Blueprint /Game/Andrey/Objects/BP_Motor_Holder.BP_Motor_Holder
[2025.05.26-11.17.41:987][724]LogTemp: Repeating last play command: Simulate
[2025.05.26-11.17.41:993][724]LogPlayLevel: PlayLevel: No blueprints needed recompiling
[2025.05.26-11.17.41:993][724]PIE: New page: SIE session: VRTemplateMap (26 мая 2025 г., 17:17:41)
[2025.05.26-11.17.41:993][724]LogPlayLevel: Creating play world package: /Game/VRTemplate/Maps/UEDPIE_0_VRTemplateMap
[2025.05.26-11.17.41:999][724]LogPlayLevel: PIE: StaticDuplicateObject took: (0.006432s)
[2025.05.26-11.17.42:000][724]LogAIModule: Creating AISystem for world VRTemplateMap
[2025.05.26-11.17.42:000][724]LogPlayLevel: PIE: World Init took: (0.000919s)
[2025.05.26-11.17.42:000][724]LogPlayLevel: PIE: Created PIE world by copying editor world from /Game/VRTemplate/Maps/VRTemplateMap.VRTemplateMap to /Game/VRTemplate/Maps/UEDPIE_0_VRTemplateMap.VRTemplateMap (0.007464s)
[2025.05.26-11.17.42:019][724]LogUObjectHash: Compacting FUObjectHashTables data took   2.03ms
[2025.05.26-11.17.42:020][724]LogAudio: Display: Creating Audio Device:                 Id: 18, Scope: Unique, Realtime: True
[2025.05.26-11.17.42:020][724]LogAudioMixer: Display: Audio Mixer Platform Settings:
[2025.05.26-11.17.42:020][724]LogAudioMixer: Display: 	Sample Rate:						  48000
[2025.05.26-11.17.42:020][724]LogAudioMixer: Display: 	Callback Buffer Frame Size Requested: 1024
[2025.05.26-11.17.42:020][724]LogAudioMixer: Display: 	Callback Buffer Frame Size To Use:	  1024
[2025.05.26-11.17.42:020][724]LogAudioMixer: Display: 	Number of buffers to queue:			  1
[2025.05.26-11.17.42:020][724]LogAudioMixer: Display: 	Max Channels (voices):				  0
[2025.05.26-11.17.42:020][724]LogAudioMixer: Display: 	Number of Async Source Workers:		  4
[2025.05.26-11.17.42:020][724]LogAudio: Display: AudioDevice MaxSources: 32
[2025.05.26-11.17.42:021][724]LogAudio: Display: Audio Spatialization Plugin: Resonance Audio is external send: 1
[2025.05.26-11.17.42:021][724]LogAudio: Display: Audio Reverb Plugin: Resonance Audio
[2025.05.26-11.17.42:021][724]LogAudio: Display: Audio Occlusion Plugin: None (built-in).
[2025.05.26-11.17.42:021][724]LogAudioMixer: Display: Initializing audio mixer.
[2025.05.26-11.17.42:027][724]LogAudioMixer: Display: 0: FrontLeft
[2025.05.26-11.17.42:027][724]LogAudioMixer: Display: 1: FrontRight
[2025.05.26-11.17.42:055][724]LogAudioMixer: Display: Using Audio Device Динамики (Realtek(R) Audio)
[2025.05.26-11.17.42:055][724]LogAudioMixer: Display: Initializing Sound Submixes...
[2025.05.26-11.17.42:055][724]LogAudioMixer: Display: Creating Master Submix 'MasterSubmixDefault'
[2025.05.26-11.17.42:055][724]LogAudioMixer: Display: Creating Master Submix 'MasterReverbSubmixDefault'
[2025.05.26-11.17.42:057][724]LogAudioMixer: Display: Creating Master Submix 'MasterEQSubmixDefault'
[2025.05.26-11.17.42:057][724]LogAudioMixer: FMixerPlatformXAudio2::StartAudioStream() called
[2025.05.26-11.17.42:057][724]LogAudioMixer: Display: Output buffers initialized: Frames=1024, Channels=2, Samples=2048
[2025.05.26-11.17.42:058][724]LogAudioMixer: Display: Starting AudioMixerPlatformInterface::RunInternal()
[2025.05.26-11.17.42:058][724]LogAudioMixer: Display: FMixerPlatformXAudio2::SubmitBuffer() called for the first time
[2025.05.26-11.17.42:058][724]LogInit: FAudioDevice initialized.
[2025.05.26-11.17.42:058][724]LogAudio: Display: Audio Device (ID: 18) registered with world 'VRTemplateMap'.
[2025.05.26-11.17.42:063][724]LogLoad: Game class is 'VRGameMode_C'
[2025.05.26-11.17.42:066][724]LogWorld: Bringing World /Game/VRTemplate/Maps/UEDPIE_0_VRTemplateMap.VRTemplateMap up for play (max tick rate 60) at 2025.05.26-14.17.42
[2025.05.26-11.17.42:067][724]LogWorld: Bringing up level for play took: 0.002213
[2025.05.26-11.17.42:067][724]LogOnline: OSS: Creating online subsystem instance for: :Context_42
[2025.05.26-11.17.42:068][724]LogSpawn: Warning: SpawnActor failed because no class was specified
[2025.05.26-11.17.42:070][724]PIE: Server logged in
[2025.05.26-11.17.42:071][724]PIE: Play in editor total start time 0,079 seconds.
[2025.05.26-11.17.42:083][724]LogResonanceAudio: Display: Resonance Audio Listener is initialized
[2025.05.26-11.17.43:997][839]LogEditorViewport: Clicking on Actor (LMB): BP_Motor_C (BP_Motor)
[2025.05.26-11.18.08:069][281]LogSlate: Updating window title bar state: overlay mode, drag disabled, window buttons hidden, title bar hidden
[2025.05.26-11.18.08:069][281]LogWorld: BeginTearingDown for /Game/VRTemplate/Maps/UEDPIE_0_VRTemplateMap
[2025.05.26-11.18.08:069][281]LogWorld: UWorld::CleanupWorld for VRTemplateMap, bSessionEnded=true, bCleanupResources=true
[2025.05.26-11.18.08:070][281]LogSlate: InvalidateAllWidgets triggered.  All widgets were invalidated
[2025.05.26-11.18.08:085][281]LogPlayLevel: Display: Shutting down PIE online subsystems
[2025.05.26-11.18.08:093][281]LogSlate: InvalidateAllWidgets triggered.  All widgets were invalidated
[2025.05.26-11.18.08:111][281]LogAudio: Display: Audio Device unregistered from world 'None'.
[2025.05.26-11.18.08:112][281]LogResonanceAudio: Display: Resonance Audio Listener is shutdown
[2025.05.26-11.18.08:112][281]LogAudioMixer: FMixerPlatformXAudio2::StopAudioStream() called
[2025.05.26-11.18.08:113][281]LogAudioMixer: FMixerPlatformXAudio2::StopAudioStream() called
[2025.05.26-11.18.08:114][281]LogSlate: Updating window title bar state: overlay mode, drag disabled, window buttons hidden, title bar hidden
[2025.05.26-11.18.08:118][281]LogUObjectHash: Compacting FUObjectHashTables data took   1.54ms
[2025.05.26-11.18.08:152][283]LogPlayLevel: Display: Destroying online subsystem :Context_42
[2025.05.26-11.18.14:835][682]BlueprintLog: New page: Compile BP_Motor_Holder
[2025.05.26-11.18.14:871][682]LogUObjectHash: Compacting FUObjectHashTables data took   1.66ms
[2025.05.26-11.18.15:357][709]Cmd: OBJ SAVEPACKAGE PACKAGE="/Game/Andrey/Objects/BP_Motor_Holder" FILE="../../../../../../Users/sasha/Documents/GitHub/unreal_project/Content/Andrey/Objects/BP_Motor_Holder.uasset" SILENT=true
[2025.05.26-11.18.15:369][709]LogSavePackage: Moving '../../../../../../Users/sasha/Documents/GitHub/unreal_project/Saved/BP_Motor_Holder26B9A14E4A311E2097BFDFB59E0B1C00.tmp' to '../../../../../../Users/sasha/Documents/GitHub/unreal_project/Content/Andrey/Objects/BP_Motor_Holder.uasset'
[2025.05.26-11.18.15:384][709]AssetCheck: New page: Asset Save: BP_Motor_Holder
[2025.05.26-11.18.15:384][709]LogContentValidation: Display: Validating Blueprint /Game/Andrey/Objects/BP_Motor_Holder.BP_Motor_Holder
[2025.05.26-11.18.18:283][883]LogTemp: Repeating last play command: Simulate
[2025.05.26-11.18.18:288][883]LogPlayLevel: PlayLevel: No blueprints needed recompiling
[2025.05.26-11.18.18:288][883]PIE: New page: SIE session: VRTemplateMap (26 мая 2025 г., 17:18:18)
[2025.05.26-11.18.18:288][883]LogPlayLevel: Creating play world package: /Game/VRTemplate/Maps/UEDPIE_0_VRTemplateMap
[2025.05.26-11.18.18:294][883]LogPlayLevel: PIE: StaticDuplicateObject took: (0.006239s)
[2025.05.26-11.18.18:295][883]LogAIModule: Creating AISystem for world VRTemplateMap
[2025.05.26-11.18.18:295][883]LogPlayLevel: PIE: World Init took: (0.000831s)
[2025.05.26-11.18.18:295][883]LogPlayLevel: PIE: Created PIE world by copying editor world from /Game/VRTemplate/Maps/VRTemplateMap.VRTemplateMap to /Game/VRTemplate/Maps/UEDPIE_0_VRTemplateMap.VRTemplateMap (0.007174s)
[2025.05.26-11.18.18:315][883]LogUObjectHash: Compacting FUObjectHashTables data took   1.90ms
[2025.05.26-11.18.18:315][883]LogAudio: Display: Creating Audio Device:                 Id: 19, Scope: Unique, Realtime: True
[2025.05.26-11.18.18:316][883]LogAudioMixer: Display: Audio Mixer Platform Settings:
[2025.05.26-11.18.18:316][883]LogAudioMixer: Display: 	Sample Rate:						  48000
[2025.05.26-11.18.18:316][883]LogAudioMixer: Display: 	Callback Buffer Frame Size Requested: 1024
[2025.05.26-11.18.18:316][883]LogAudioMixer: Display: 	Callback Buffer Frame Size To Use:	  1024
[2025.05.26-11.18.18:316][883]LogAudioMixer: Display: 	Number of buffers to queue:			  1
[2025.05.26-11.18.18:316][883]LogAudioMixer: Display: 	Max Channels (voices):				  0
[2025.05.26-11.18.18:316][883]LogAudioMixer: Display: 	Number of Async Source Workers:		  4
[2025.05.26-11.18.18:316][883]LogAudio: Display: AudioDevice MaxSources: 32
[2025.05.26-11.18.18:316][883]LogAudio: Display: Audio Spatialization Plugin: Resonance Audio is external send: 1
[2025.05.26-11.18.18:316][883]LogAudio: Display: Audio Reverb Plugin: Resonance Audio
[2025.05.26-11.18.18:316][883]LogAudio: Display: Audio Occlusion Plugin: None (built-in).
[2025.05.26-11.18.18:316][883]LogAudioMixer: Display: Initializing audio mixer.
[2025.05.26-11.18.18:322][883]LogAudioMixer: Display: 0: FrontLeft
[2025.05.26-11.18.18:322][883]LogAudioMixer: Display: 1: FrontRight
[2025.05.26-11.18.18:351][883]LogAudioMixer: Display: Using Audio Device Динамики (Realtek(R) Audio)
[2025.05.26-11.18.18:351][883]LogAudioMixer: Display: Initializing Sound Submixes...
[2025.05.26-11.18.18:351][883]LogAudioMixer: Display: Creating Master Submix 'MasterSubmixDefault'
[2025.05.26-11.18.18:351][883]LogAudioMixer: Display: Creating Master Submix 'MasterReverbSubmixDefault'
[2025.05.26-11.18.18:351][883]LogAudioMixer: Display: Creating Master Submix 'MasterEQSubmixDefault'
[2025.05.26-11.18.18:351][883]LogAudioMixer: FMixerPlatformXAudio2::StartAudioStream() called
[2025.05.26-11.18.18:351][883]LogAudioMixer: Display: Output buffers initialized: Frames=1024, Channels=2, Samples=2048
[2025.05.26-11.18.18:353][883]LogAudioMixer: Display: Starting AudioMixerPlatformInterface::RunInternal()
[2025.05.26-11.18.18:353][883]LogAudioMixer: Display: FMixerPlatformXAudio2::SubmitBuffer() called for the first time
[2025.05.26-11.18.18:353][883]LogInit: FAudioDevice initialized.
[2025.05.26-11.18.18:353][883]LogAudio: Display: Audio Device (ID: 19) registered with world 'VRTemplateMap'.
[2025.05.26-11.18.18:363][883]LogLoad: Game class is 'VRGameMode_C'
[2025.05.26-11.18.18:365][883]LogWorld: Bringing World /Game/VRTemplate/Maps/UEDPIE_0_VRTemplateMap.VRTemplateMap up for play (max tick rate 60) at 2025.05.26-14.18.18
[2025.05.26-11.18.18:365][883]LogWorld: Bringing up level for play took: 0.002116
[2025.05.26-11.18.18:365][883]LogOnline: OSS: Creating online subsystem instance for: :Context_43
[2025.05.26-11.18.18:367][883]LogSpawn: Warning: SpawnActor failed because no class was specified
[2025.05.26-11.18.18:369][883]PIE: Server logged in
[2025.05.26-11.18.18:370][883]PIE: Play in editor total start time 0,082 seconds.
[2025.05.26-11.18.18:380][883]LogResonanceAudio: Display: Resonance Audio Listener is initialized
[2025.05.26-11.18.19:062][924]LogEditorViewport: Clicking on Actor (LMB): BP_Motor_C (BP_Motor)
[2025.05.26-11.18.25:699][322]LogEditorViewport: Clicking on Actor (LMB): BP_EncoderPetals_C (BP_EncoderPetals)
[2025.05.26-11.18.34:290][837]LogEditorViewport: Clicking on Actor (LMB): BP_Wheel_C (BP_Wheel)
[2025.05.26-11.18.44:750][464]LogEditorViewport: Clicking on Actor (LMB): BP_Motor_Holder_C (BP_Motor_Holder4)
[2025.05.26-11.19.40:079][780]LogSlate: Updating window title bar state: overlay mode, drag disabled, window buttons hidden, title bar hidden
[2025.05.26-11.19.40:079][780]LogWorld: BeginTearingDown for /Game/VRTemplate/Maps/UEDPIE_0_VRTemplateMap
[2025.05.26-11.19.40:080][780]LogWorld: UWorld::CleanupWorld for VRTemplateMap, bSessionEnded=true, bCleanupResources=true
[2025.05.26-11.19.40:080][780]LogSlate: InvalidateAllWidgets triggered.  All widgets were invalidated
[2025.05.26-11.19.40:093][780]LogPlayLevel: Display: Shutting down PIE online subsystems
[2025.05.26-11.19.40:101][780]LogSlate: InvalidateAllWidgets triggered.  All widgets were invalidated
[2025.05.26-11.19.40:120][780]LogAudio: Display: Audio Device unregistered from world 'None'.
[2025.05.26-11.19.40:121][780]LogResonanceAudio: Display: Resonance Audio Listener is shutdown
[2025.05.26-11.19.40:121][780]LogAudioMixer: FMixerPlatformXAudio2::StopAudioStream() called
[2025.05.26-11.19.40:122][780]LogAudioMixer: FMixerPlatformXAudio2::StopAudioStream() called
[2025.05.26-11.19.40:126][780]LogSlate: Updating window title bar state: overlay mode, drag disabled, window buttons hidden, title bar hidden
[2025.05.26-11.19.40:128][780]LogUObjectHash: Compacting FUObjectHashTables data took   1.69ms
[2025.05.26-11.19.40:162][782]LogPlayLevel: Display: Destroying online subsystem :Context_43
[2025.05.26-11.19.54:837][662]LogTemp: Repeating last play command: Simulate
[2025.05.26-11.19.54:841][662]LogPlayLevel: PlayLevel: No blueprints needed recompiling
[2025.05.26-11.19.54:841][662]PIE: New page: SIE session: VRTemplateMap (26 мая 2025 г., 17:19:54)
[2025.05.26-11.19.54:842][662]LogPlayLevel: Creating play world package: /Game/VRTemplate/Maps/UEDPIE_0_VRTemplateMap
[2025.05.26-11.19.54:848][662]LogPlayLevel: PIE: StaticDuplicateObject took: (0.006395s)
[2025.05.26-11.19.54:849][662]LogAIModule: Creating AISystem for world VRTemplateMap
[2025.05.26-11.19.54:849][662]LogPlayLevel: PIE: World Init took: (0.000842s)
[2025.05.26-11.19.54:849][662]LogPlayLevel: PIE: Created PIE world by copying editor world from /Game/VRTemplate/Maps/VRTemplateMap.VRTemplateMap to /Game/VRTemplate/Maps/UEDPIE_0_VRTemplateMap.VRTemplateMap (0.007377s)
[2025.05.26-11.19.54:868][662]LogUObjectHash: Compacting FUObjectHashTables data took   1.66ms
[2025.05.26-11.19.54:870][662]LogAudio: Display: Creating Audio Device:                 Id: 20, Scope: Unique, Realtime: True
[2025.05.26-11.19.54:870][662]LogAudioMixer: Display: Audio Mixer Platform Settings:
[2025.05.26-11.19.54:870][662]LogAudioMixer: Display: 	Sample Rate:						  48000
[2025.05.26-11.19.54:870][662]LogAudioMixer: Display: 	Callback Buffer Frame Size Requested: 1024
[2025.05.26-11.19.54:870][662]LogAudioMixer: Display: 	Callback Buffer Frame Size To Use:	  1024
[2025.05.26-11.19.54:870][662]LogAudioMixer: Display: 	Number of buffers to queue:			  1
[2025.05.26-11.19.54:870][662]LogAudioMixer: Display: 	Max Channels (voices):				  0
[2025.05.26-11.19.54:870][662]LogAudioMixer: Display: 	Number of Async Source Workers:		  4
[2025.05.26-11.19.54:870][662]LogAudio: Display: AudioDevice MaxSources: 32
[2025.05.26-11.19.54:871][662]LogAudio: Display: Audio Spatialization Plugin: Resonance Audio is external send: 1
[2025.05.26-11.19.54:871][662]LogAudio: Display: Audio Reverb Plugin: Resonance Audio
[2025.05.26-11.19.54:871][662]LogAudio: Display: Audio Occlusion Plugin: None (built-in).
[2025.05.26-11.19.54:871][662]LogAudioMixer: Display: Initializing audio mixer.
[2025.05.26-11.19.54:877][662]LogAudioMixer: Display: 0: FrontLeft
[2025.05.26-11.19.54:877][662]LogAudioMixer: Display: 1: FrontRight
[2025.05.26-11.19.54:906][662]LogAudioMixer: Display: Using Audio Device Динамики (Realtek(R) Audio)
[2025.05.26-11.19.54:906][662]LogAudioMixer: Display: Initializing Sound Submixes...
[2025.05.26-11.19.54:906][662]LogAudioMixer: Display: Creating Master Submix 'MasterSubmixDefault'
[2025.05.26-11.19.54:906][662]LogAudioMixer: Display: Creating Master Submix 'MasterReverbSubmixDefault'
[2025.05.26-11.19.54:907][662]LogAudioMixer: Display: Creating Master Submix 'MasterEQSubmixDefault'
[2025.05.26-11.19.54:907][662]LogAudioMixer: FMixerPlatformXAudio2::StartAudioStream() called
[2025.05.26-11.19.54:907][662]LogAudioMixer: Display: Output buffers initialized: Frames=1024, Channels=2, Samples=2048
[2025.05.26-11.19.54:908][662]LogAudioMixer: Display: Starting AudioMixerPlatformInterface::RunInternal()
[2025.05.26-11.19.54:908][662]LogAudioMixer: Display: FMixerPlatformXAudio2::SubmitBuffer() called for the first time
[2025.05.26-11.19.54:908][662]LogInit: FAudioDevice initialized.
[2025.05.26-11.19.54:908][662]LogAudio: Display: Audio Device (ID: 20) registered with world 'VRTemplateMap'.
[2025.05.26-11.19.54:913][662]LogLoad: Game class is 'VRGameMode_C'
[2025.05.26-11.19.54:916][662]LogWorld: Bringing World /Game/VRTemplate/Maps/UEDPIE_0_VRTemplateMap.VRTemplateMap up for play (max tick rate 60) at 2025.05.26-14.19.54
[2025.05.26-11.19.54:916][662]LogWorld: Bringing up level for play took: 0.002088
[2025.05.26-11.19.54:916][662]LogOnline: OSS: Creating online subsystem instance for: :Context_44
[2025.05.26-11.19.54:918][662]LogSpawn: Warning: SpawnActor failed because no class was specified
[2025.05.26-11.19.54:920][662]PIE: Server logged in
[2025.05.26-11.19.54:920][662]PIE: Play in editor total start time 0,08 seconds.
[2025.05.26-11.19.54:933][662]LogResonanceAudio: Display: Resonance Audio Listener is initialized
[2025.05.26-11.19.56:600][762]LogEditorViewport: Clicking on Actor (LMB): BP_Motor_C (BP_Motor)
[2025.05.26-11.20.01:794][ 73]LogEditorViewport: Clicking on Actor (LMB): BP_EncoderPetals_C (BP_EncoderPetals)
[2025.05.26-11.20.06:671][365]LogEditorViewport: Clicking on Actor (LMB): BP_Wheel_C (BP_Wheel)
[2025.05.26-11.20.11:811][672]LogEditorViewport: Clicking on Actor (LMB): BP_Motor_Holder_C (BP_Motor_Holder4)
[2025.05.26-11.20.43:339][560]LogSlate: Updating window title bar state: overlay mode, drag disabled, window buttons hidden, title bar hidden
[2025.05.26-11.20.43:339][560]LogWorld: BeginTearingDown for /Game/VRTemplate/Maps/UEDPIE_0_VRTemplateMap
[2025.05.26-11.20.43:340][560]LogWorld: UWorld::CleanupWorld for VRTemplateMap, bSessionEnded=true, bCleanupResources=true
[2025.05.26-11.20.43:340][560]LogSlate: InvalidateAllWidgets triggered.  All widgets were invalidated
[2025.05.26-11.20.43:352][560]LogPlayLevel: Display: Shutting down PIE online subsystems
[2025.05.26-11.20.43:360][560]LogSlate: InvalidateAllWidgets triggered.  All widgets were invalidated
[2025.05.26-11.20.43:378][560]LogSlate: Updating window title bar state: overlay mode, drag disabled, window buttons hidden, title bar hidden
[2025.05.26-11.20.43:378][560]LogResonanceAudio: Display: Resonance Audio Listener is shutdown
[2025.05.26-11.20.43:378][560]LogAudioMixer: FMixerPlatformXAudio2::StopAudioStream() called
[2025.05.26-11.20.43:380][560]LogAudioMixer: FMixerPlatformXAudio2::StopAudioStream() called
[2025.05.26-11.20.43:385][560]LogUObjectHash: Compacting FUObjectHashTables data took   1.43ms
[2025.05.26-11.20.43:404][561]LogPlayLevel: Display: Destroying online subsystem :Context_44
[2025.05.26-11.21.30:242][365]LogEditorViewport: Clicking on Actor (LMB): BP_Platform_C (BP_Platform)
[2025.05.26-11.21.55:239][858]LogUObjectHash: Compacting FUObjectHashTables data took   1.58ms
[2025.05.26-11.21.55:269][858]LogSavePackage: Moving '../../../../../../Users/sasha/Documents/GitHub/unreal_project/Saved/VRTemplateMap_Auto15FB02CFB4813401DE91F499DE64B8670.tmp' to '../../../../../../Users/sasha/Documents/GitHub/unreal_project/Saved/Autosaves/Game/VRTemplate/Maps/VRTemplateMap_Auto1.umap'
[2025.05.26-11.21.55:273][858]LogFileHelpers: Editor autosave (incl. external actors) for '/Game/VRTemplate/Maps/VRTemplateMap' took 0.055
[2025.05.26-11.21.55:273][858]LogFileHelpers: Editor autosave (incl. sublevels & external actors) for all levels took 0.055
[2025.05.26-11.22.24:231][595]LogEditorViewport: Clicking on Actor (LMB): BP_test_menu_2_C (BP_test_menu_2)
[2025.05.26-11.22.25:656][680]LogEditorViewport: Clicking on Actor (context menu): BP_test_menu_2_C (BP_test_menu_2)
[2025.05.26-11.22.28:309][835]LogAssetEditorSubsystem: Opening Asset editor for Blueprint /Game/Andrey/Menu/BP_test_menu_2.BP_test_menu_2
[2025.05.26-11.22.36:395][ 96]LogSlate: Window 'BP_test_menu_2' being destroyed
[2025.05.26-11.25.50:150][721]LogWorld: UWorld::CleanupWorld for World_25, bSessionEnded=true, bCleanupResources=true
[2025.05.26-11.25.50:150][721]LogSlate: InvalidateAllWidgets triggered.  All widgets were invalidated
[2025.05.26-11.27.01:023][969]LogEditorViewport: Clicking on Actor (LMB): BP_Platform_C (BP_Platform)
[2025.05.26-11.27.01:714][ 10]LogEditorViewport: Clicking on Actor (LMB): StaticMeshActor (TemplateFloor)
[2025.05.26-11.27.29:504][674]LogActorComponent: UnregisterComponent: (/Engine/Transient.EditorFloorComp) Not registered. Aborting.
[2025.05.26-11.27.29:504][674]LogWorld: UWorld::CleanupWorld for World_24, bSessionEnded=true, bCleanupResources=true
[2025.05.26-11.27.29:504][674]LogSlate: InvalidateAllWidgets triggered.  All widgets were invalidated
[2025.05.26-11.27.31:009][762]LogActorComponent: UnregisterComponent: (/Engine/Transient.EditorFloorComp) Not registered. Aborting.
[2025.05.26-11.27.31:010][762]LogWorld: UWorld::CleanupWorld for World_19, bSessionEnded=true, bCleanupResources=true
[2025.05.26-11.27.31:010][762]LogSlate: InvalidateAllWidgets triggered.  All widgets were invalidated
[2025.05.26-11.28.08:477][  6]LogAssetEditorSubsystem: Opening Asset editor for Blueprint /Game/Andrey/Objects/BP_Platform.BP_Platform
[2025.05.26-11.28.22:220][811]LogEditorTransaction: Undo Delete current selection
[2025.05.26-11.31.55:480][591]LogUObjectHash: Compacting FUObjectHashTables data took   2.24ms
[2025.05.26-11.31.55:510][591]LogSavePackage: Moving '../../../../../../Users/sasha/Documents/GitHub/unreal_project/Saved/VRTemplateMap_Auto252806EB34369E3E957D847B97F4CA398.tmp' to '../../../../../../Users/sasha/Documents/GitHub/unreal_project/Saved/Autosaves/Game/VRTemplate/Maps/VRTemplateMap_Auto2.umap'
[2025.05.26-11.31.55:514][591]LogFileHelpers: Editor autosave (incl. external actors) for '/Game/VRTemplate/Maps/VRTemplateMap' took 0.059
[2025.05.26-11.31.55:514][591]LogFileHelpers: Editor autosave (incl. sublevels & external actors) for all levels took 0.059
[2025.05.26-11.31.55:514][591]OBJ SavePackage: Generating thumbnails for [2] asset(s) in package [/Game/Andrey/Objects/BP_Platform] ([4] browsable assets)...
[2025.05.26-11.31.55:522][591]OBJ SavePackage:     Rendered thumbnail for [Blueprint /Game/Andrey/Objects/BP_Platform.BP_Platform]
[2025.05.26-11.31.55:529][591]OBJ SavePackage:     Rendered thumbnail for [Blueprint /Game/Andrey/Objects/BP_Platform.BP_Platform]
[2025.05.26-11.31.55:529][591]OBJ SavePackage: Finished generating thumbnails for package [/Game/Andrey/Objects/BP_Platform]
[2025.05.26-11.31.55:575][591]LogSavePackage: Moving '../../../../../../Users/sasha/Documents/GitHub/unreal_project/Saved/BP_Platform_Auto206C75CC2410813A1D6D03A88C6CA1E4A.tmp' to '../../../../../../Users/sasha/Documents/GitHub/unreal_project/Saved/Autosaves/Game/Andrey/Objects/BP_Platform_Auto2.uasset'
[2025.05.26-11.31.55:578][591]LogFileHelpers: Auto-saving content packages took 0.064
[2025.05.26-11.54.14:902][178]LogWindowsTextInputMethodSystem: Display: IME system deactivated.
[2025.05.26-11.54.14:902][178]LogWindowsTextInputMethodSystem: Display: IME system deactivated.
[2025.05.26-11.55.19:752][ 34]LogSlate: Prevented a slow task dialog from being summoned while a context menu was open
[2025.05.26-11.55.19:769][ 34]LogEditorClassViewer: Warning: Class /Engine/Tutorial/InWorldBlueprintEditing/TutorialAssets/IWBE_Blutility.IWBE_Blutility_C has parent /Script/Blutility.PlacedEditorUtilityBase, but this parent is not found. The Class will not be shown in ClassViewer.
[2025.05.26-11.55.22:251][183]LogWindowsTextInputMethodSystem: Display: IME system deactivated.
[2025.05.26-11.55.22:251][183]LogWindowsTextInputMethodSystem: Display: IME system deactivated.
[2025.05.26-11.56.07:457][879]BlueprintLog: New page: Compile BP_Platform
[2025.05.26-11.56.07:504][879]LogUObjectHash: Compacting FUObjectHashTables data took   1.78ms
[2025.05.26-11.56.10:232][ 39]LogEditorViewport: Clicking on Actor (LMB): StaticMeshActor (TemplateFloor)
[2025.05.26-11.56.10:804][ 72]LogEditorViewport: Clicking on Actor (LMB): BP_Platform_C (BP_Platform)
[2025.05.26-11.56.12:127][150]LogTemp: Repeating last play command: Simulate
[2025.05.26-11.56.12:144][150]LogPlayLevel: PlayLevel: No blueprints needed recompiling
[2025.05.26-11.56.12:144][150]PIE: New page: SIE session: VRTemplateMap (26 мая 2025 г., 17:56:12)
[2025.05.26-11.56.12:144][150]LogPlayLevel: Creating play world package: /Game/VRTemplate/Maps/UEDPIE_0_VRTemplateMap
[2025.05.26-11.56.12:151][150]LogPlayLevel: PIE: StaticDuplicateObject took: (0.006436s)
[2025.05.26-11.56.12:151][150]LogAIModule: Creating AISystem for world VRTemplateMap
[2025.05.26-11.56.12:151][150]LogPlayLevel: PIE: World Init took: (0.000916s)
[2025.05.26-11.56.12:151][150]LogPlayLevel: PIE: Created PIE world by copying editor world from /Game/VRTemplate/Maps/VRTemplateMap.VRTemplateMap to /Game/VRTemplate/Maps/UEDPIE_0_VRTemplateMap.VRTemplateMap (0.007465s)
[2025.05.26-11.56.12:171][150]LogUObjectHash: Compacting FUObjectHashTables data took   1.81ms
[2025.05.26-11.56.12:172][150]LogAudio: Display: Creating Audio Device:                 Id: 21, Scope: Unique, Realtime: True
[2025.05.26-11.56.12:172][150]LogAudioMixer: Display: Audio Mixer Platform Settings:
[2025.05.26-11.56.12:172][150]LogAudioMixer: Display: 	Sample Rate:						  48000
[2025.05.26-11.56.12:172][150]LogAudioMixer: Display: 	Callback Buffer Frame Size Requested: 1024
[2025.05.26-11.56.12:172][150]LogAudioMixer: Display: 	Callback Buffer Frame Size To Use:	  1024
[2025.05.26-11.56.12:172][150]LogAudioMixer: Display: 	Number of buffers to queue:			  1
[2025.05.26-11.56.12:172][150]LogAudioMixer: Display: 	Max Channels (voices):				  0
[2025.05.26-11.56.12:172][150]LogAudioMixer: Display: 	Number of Async Source Workers:		  4
[2025.05.26-11.56.12:172][150]LogAudio: Display: AudioDevice MaxSources: 32
[2025.05.26-11.56.12:172][150]LogAudio: Display: Audio Spatialization Plugin: Resonance Audio is external send: 1
[2025.05.26-11.56.12:172][150]LogAudio: Display: Audio Reverb Plugin: Resonance Audio
[2025.05.26-11.56.12:172][150]LogAudio: Display: Audio Occlusion Plugin: None (built-in).
[2025.05.26-11.56.12:172][150]LogAudioMixer: Display: Initializing audio mixer.
[2025.05.26-11.56.12:179][150]LogAudioMixer: Display: 0: FrontLeft
[2025.05.26-11.56.12:179][150]LogAudioMixer: Display: 1: FrontRight
[2025.05.26-11.56.12:207][150]LogAudioMixer: Display: Using Audio Device Динамики (Realtek(R) Audio)
[2025.05.26-11.56.12:208][150]LogAudioMixer: Display: Initializing Sound Submixes...
[2025.05.26-11.56.12:208][150]LogAudioMixer: Display: Creating Master Submix 'MasterSubmixDefault'
[2025.05.26-11.56.12:208][150]LogAudioMixer: Display: Creating Master Submix 'MasterReverbSubmixDefault'
[2025.05.26-11.56.12:208][150]LogAudioMixer: Display: Creating Master Submix 'MasterEQSubmixDefault'
[2025.05.26-11.56.12:208][150]LogAudioMixer: FMixerPlatformXAudio2::StartAudioStream() called
[2025.05.26-11.56.12:208][150]LogAudioMixer: Display: Output buffers initialized: Frames=1024, Channels=2, Samples=2048
[2025.05.26-11.56.12:210][150]LogAudioMixer: Display: Starting AudioMixerPlatformInterface::RunInternal()
[2025.05.26-11.56.12:210][150]LogAudioMixer: Display: FMixerPlatformXAudio2::SubmitBuffer() called for the first time
[2025.05.26-11.56.12:210][150]LogInit: FAudioDevice initialized.
[2025.05.26-11.56.12:210][150]LogAudio: Display: Audio Device (ID: 21) registered with world 'VRTemplateMap'.
[2025.05.26-11.56.12:221][150]LogLoad: Game class is 'VRGameMode_C'
[2025.05.26-11.56.12:225][150]LogWorld: Bringing World /Game/VRTemplate/Maps/UEDPIE_0_VRTemplateMap.VRTemplateMap up for play (max tick rate 60) at 2025.05.26-14.56.12
[2025.05.26-11.56.12:225][150]LogWorld: Bringing up level for play took: 0.002215
[2025.05.26-11.56.12:225][150]LogOnline: OSS: Creating online subsystem instance for: :Context_47
[2025.05.26-11.56.12:226][150]LogSpawn: Warning: SpawnActor failed because no class was specified
[2025.05.26-11.56.12:228][150]PIE: Server logged in
[2025.05.26-11.56.12:229][150]PIE: Play in editor total start time 0,098 seconds.
[2025.05.26-11.56.12:242][150]LogResonanceAudio: Display: Resonance Audio Listener is initialized
[2025.05.26-11.56.12:924][191]LogEditorViewport: Clicking on Actor (LMB): BP_Platform_C (BP_Platform)
[2025.05.26-11.56.14:827][305]PIE: Warning: AttachTo: '/Game/VRTemplate/Maps/UEDPIE_0_VRTemplateMap.VRTemplateMap:PersistentLevel.DP_MX1508_2.DefaultSceneRoot' already attached to '/Game/VRTemplate/Maps/UEDPIE_0_VRTemplateMap.VRTemplateMap:PersistentLevel.BP_Platform_2.DefaultSceneRoot', would form cycle. Aborting.
[2025.05.26-11.56.29:368][175]LogSlate: Updating window title bar state: overlay mode, drag disabled, window buttons hidden, title bar hidden
[2025.05.26-11.56.29:368][175]LogWorld: BeginTearingDown for /Game/VRTemplate/Maps/UEDPIE_0_VRTemplateMap
[2025.05.26-11.56.29:369][175]LogWorld: UWorld::CleanupWorld for VRTemplateMap, bSessionEnded=true, bCleanupResources=true
[2025.05.26-11.56.29:369][175]LogSlate: InvalidateAllWidgets triggered.  All widgets were invalidated
[2025.05.26-11.56.29:383][175]LogPlayLevel: Display: Shutting down PIE online subsystems
[2025.05.26-11.56.29:390][175]LogSlate: InvalidateAllWidgets triggered.  All widgets were invalidated
[2025.05.26-11.56.29:406][175]LogAudio: Display: Audio Device unregistered from world 'None'.
[2025.05.26-11.56.29:407][175]LogResonanceAudio: Display: Resonance Audio Listener is shutdown
[2025.05.26-11.56.29:407][175]LogAudioMixer: FMixerPlatformXAudio2::StopAudioStream() called
[2025.05.26-11.56.29:409][175]LogAudioMixer: FMixerPlatformXAudio2::StopAudioStream() called
[2025.05.26-11.56.29:410][175]LogSlate: Updating window title bar state: overlay mode, drag disabled, window buttons hidden, title bar hidden
[2025.05.26-11.56.29:413][175]LogUObjectHash: Compacting FUObjectHashTables data took   1.46ms
[2025.05.26-11.56.29:481][176]LogPlayLevel: Display: Destroying online subsystem :Context_47
[2025.05.26-11.56.31:726][306]LogSlate: Window 'Message Log' being destroyed
[2025.05.26-11.56.31:730][306]LogSlate: Window 'Message Log' being destroyed
[2025.05.26-11.56.44:016][ 40]BlueprintLog: New page: Compile BP_Platform
[2025.05.26-11.56.44:064][ 40]LogUObjectHash: Compacting FUObjectHashTables data took   1.58ms
[2025.05.26-11.56.46:374][174]LogTemp: Repeating last play command: Simulate
[2025.05.26-11.56.46:379][174]LogPlayLevel: PlayLevel: No blueprints needed recompiling
[2025.05.26-11.56.46:379][174]PIE: New page: SIE session: VRTemplateMap (26 мая 2025 г., 17:56:46)
[2025.05.26-11.56.46:379][174]LogPlayLevel: Creating play world package: /Game/VRTemplate/Maps/UEDPIE_0_VRTemplateMap
[2025.05.26-11.56.46:386][174]LogPlayLevel: PIE: StaticDuplicateObject took: (0.006407s)
[2025.05.26-11.56.46:387][174]LogAIModule: Creating AISystem for world VRTemplateMap
[2025.05.26-11.56.46:387][174]LogPlayLevel: PIE: World Init took: (0.000874s)
[2025.05.26-11.56.46:387][174]LogPlayLevel: PIE: Created PIE world by copying editor world from /Game/VRTemplate/Maps/VRTemplateMap.VRTemplateMap to /Game/VRTemplate/Maps/UEDPIE_0_VRTemplateMap.VRTemplateMap (0.007396s)
[2025.05.26-11.56.46:404][174]LogUObjectHash: Compacting FUObjectHashTables data took   1.69ms
[2025.05.26-11.56.46:406][174]LogAudio: Display: Creating Audio Device:                 Id: 22, Scope: Unique, Realtime: True
[2025.05.26-11.56.46:406][174]LogAudioMixer: Display: Audio Mixer Platform Settings:
[2025.05.26-11.56.46:406][174]LogAudioMixer: Display: 	Sample Rate:						  48000
[2025.05.26-11.56.46:406][174]LogAudioMixer: Display: 	Callback Buffer Frame Size Requested: 1024
[2025.05.26-11.56.46:406][174]LogAudioMixer: Display: 	Callback Buffer Frame Size To Use:	  1024
[2025.05.26-11.56.46:406][174]LogAudioMixer: Display: 	Number of buffers to queue:			  1
[2025.05.26-11.56.46:406][174]LogAudioMixer: Display: 	Max Channels (voices):				  0
[2025.05.26-11.56.46:406][174]LogAudioMixer: Display: 	Number of Async Source Workers:		  4
[2025.05.26-11.56.46:406][174]LogAudio: Display: AudioDevice MaxSources: 32
[2025.05.26-11.56.46:407][174]LogAudio: Display: Audio Spatialization Plugin: Resonance Audio is external send: 1
[2025.05.26-11.56.46:407][174]LogAudio: Display: Audio Reverb Plugin: Resonance Audio
[2025.05.26-11.56.46:407][174]LogAudio: Display: Audio Occlusion Plugin: None (built-in).
[2025.05.26-11.56.46:407][174]LogAudioMixer: Display: Initializing audio mixer.
[2025.05.26-11.56.46:412][174]LogAudioMixer: Display: 0: FrontLeft
[2025.05.26-11.56.46:412][174]LogAudioMixer: Display: 1: FrontRight
[2025.05.26-11.56.46:440][174]LogAudioMixer: Display: Using Audio Device Динамики (Realtek(R) Audio)
[2025.05.26-11.56.46:441][174]LogAudioMixer: Display: Initializing Sound Submixes...
[2025.05.26-11.56.46:441][174]LogAudioMixer: Display: Creating Master Submix 'MasterSubmixDefault'
[2025.05.26-11.56.46:441][174]LogAudioMixer: Display: Creating Master Submix 'MasterReverbSubmixDefault'
[2025.05.26-11.56.46:441][174]LogAudioMixer: Display: Creating Master Submix 'MasterEQSubmixDefault'
[2025.05.26-11.56.46:441][174]LogAudioMixer: FMixerPlatformXAudio2::StartAudioStream() called
[2025.05.26-11.56.46:441][174]LogAudioMixer: Display: Output buffers initialized: Frames=1024, Channels=2, Samples=2048
[2025.05.26-11.56.46:442][174]LogAudioMixer: Display: Starting AudioMixerPlatformInterface::RunInternal()
[2025.05.26-11.56.46:442][174]LogAudioMixer: Display: FMixerPlatformXAudio2::SubmitBuffer() called for the first time
[2025.05.26-11.56.46:442][174]LogInit: FAudioDevice initialized.
[2025.05.26-11.56.46:442][174]LogAudio: Display: Audio Device (ID: 22) registered with world 'VRTemplateMap'.
[2025.05.26-11.56.46:448][174]LogLoad: Game class is 'VRGameMode_C'
[2025.05.26-11.56.46:451][174]LogWorld: Bringing World /Game/VRTemplate/Maps/UEDPIE_0_VRTemplateMap.VRTemplateMap up for play (max tick rate 60) at 2025.05.26-14.56.46
[2025.05.26-11.56.46:451][174]LogWorld: Bringing up level for play took: 0.002071
[2025.05.26-11.56.46:451][174]LogOnline: OSS: Creating online subsystem instance for: :Context_48
[2025.05.26-11.56.46:453][174]LogSpawn: Warning: SpawnActor failed because no class was specified
[2025.05.26-11.56.46:454][174]PIE: Server logged in
[2025.05.26-11.56.46:454][174]PIE: Play in editor total start time 0,076 seconds.
[2025.05.26-11.56.46:467][174]LogResonanceAudio: Display: Resonance Audio Listener is initialized
[2025.05.26-11.56.47:132][214]LogEditorViewport: Clicking on Actor (LMB): BP_Platform_C (BP_Platform)
[2025.05.26-11.56.51:219][459]PIE: Warning: AttachTo: '/Game/VRTemplate/Maps/UEDPIE_0_VRTemplateMap.VRTemplateMap:PersistentLevel.BP_HC-SR_Holder_2.DefaultSceneRoot' already attached to '/Game/VRTemplate/Maps/UEDPIE_0_VRTemplateMap.VRTemplateMap:PersistentLevel.DP_MX1508_2.DefaultSceneRoot', would form cycle. Aborting.
[2025.05.26-11.56.51:220][459]PIE: Warning: AttachTo: '/Game/VRTemplate/Maps/UEDPIE_0_VRTemplateMap.VRTemplateMap:PersistentLevel.BP_HC-SR_Holder_2.DefaultSceneRoot' already attached to '/Game/VRTemplate/Maps/UEDPIE_0_VRTemplateMap.VRTemplateMap:PersistentLevel.DP_MX1508_2.DefaultSceneRoot', would form cycle. Aborting.
[2025.05.26-11.56.51:221][459]PIE: Warning: AttachTo: '/Game/VRTemplate/Maps/UEDPIE_0_VRTemplateMap.VRTemplateMap:PersistentLevel.BP_Platform_2.DefaultSceneRoot' already attached to '/Game/VRTemplate/Maps/UEDPIE_0_VRTemplateMap.VRTemplateMap:PersistentLevel.DP_MX1508_2.DefaultSceneRoot', would form cycle. Aborting.
[2025.05.26-11.56.51:221][459]PIE: Warning: AttachTo: '/Game/VRTemplate/Maps/UEDPIE_0_VRTemplateMap.VRTemplateMap:PersistentLevel.BP_Platform_2.DefaultSceneRoot' already attached to '/Game/VRTemplate/Maps/UEDPIE_0_VRTemplateMap.VRTemplateMap:PersistentLevel.DP_MX1508_2.DefaultSceneRoot', would form cycle. Aborting.
[2025.05.26-11.56.51:417][471]PIE: Warning: AttachTo: '/Game/VRTemplate/Maps/UEDPIE_0_VRTemplateMap.VRTemplateMap:PersistentLevel.BP_Platform_2.DefaultSceneRoot' already attached to '/Game/VRTemplate/Maps/UEDPIE_0_VRTemplateMap.VRTemplateMap:PersistentLevel.DP_MX1508_2.DefaultSceneRoot', would form cycle. Aborting.
[2025.05.26-11.56.52:083][511]PIE: Warning: AttachTo: '/Game/VRTemplate/Maps/UEDPIE_0_VRTemplateMap.VRTemplateMap:PersistentLevel.BP_Platform_2.DefaultSceneRoot' already attached to '/Game/VRTemplate/Maps/UEDPIE_0_VRTemplateMap.VRTemplateMap:PersistentLevel.DP_MX1508_2.DefaultSceneRoot', would form cycle. Aborting.
[2025.05.26-11.56.59:241][940]PIE: Warning: AttachTo: '/Game/VRTemplate/Maps/UEDPIE_0_VRTemplateMap.VRTemplateMap:PersistentLevel.BP_Platform_2.DefaultSceneRoot' already attached to '/Game/VRTemplate/Maps/UEDPIE_0_VRTemplateMap.VRTemplateMap:PersistentLevel.DP_MX1508_2.DefaultSceneRoot', would form cycle. Aborting.
[2025.05.26-11.57.00:041][988]PIE: Warning: AttachTo: '/Game/VRTemplate/Maps/UEDPIE_0_VRTemplateMap.VRTemplateMap:PersistentLevel.BP_Platform_2.DefaultSceneRoot' already attached to '/Game/VRTemplate/Maps/UEDPIE_0_VRTemplateMap.VRTemplateMap:PersistentLevel.DP_MX1508_2.DefaultSceneRoot', would form cycle. Aborting.
[2025.05.26-11.57.03:060][169]LogEditorViewport: Clicking on Actor (LMB): BP_MX1508_C (DP_MX1508)
[2025.05.26-11.57.03:601][201]LogEditorViewport: Clicking on Actor (LMB): BP_MX1508_C (DP_MX1508)
[2025.05.26-11.57.16:808][993]LogEditorViewport: Clicking on Actor (LMB): BP_MetalCilinder_C (BP_MetalCilinder3)
[2025.05.26-11.57.19:167][134]PIE: Warning: AttachTo: '/Game/VRTemplate/Maps/UEDPIE_0_VRTemplateMap.VRTemplateMap:PersistentLevel.BP_MetalCilinder3.DefaultSceneRoot' already attached to '/Game/VRTemplate/Maps/UEDPIE_0_VRTemplateMap.VRTemplateMap:PersistentLevel.BP_Platform_2.DefaultSceneRoot', would form cycle. Aborting.
[2025.05.26-11.57.19:233][138]PIE: Warning: AttachTo: '/Game/VRTemplate/Maps/UEDPIE_0_VRTemplateMap.VRTemplateMap:PersistentLevel.BP_MetalCilinder3.DefaultSceneRoot' already attached to '/Game/VRTemplate/Maps/UEDPIE_0_VRTemplateMap.VRTemplateMap:PersistentLevel.BP_Platform_2.DefaultSceneRoot', would form cycle. Aborting.
[2025.05.26-11.57.19:684][165]PIE: Warning: AttachTo: '/Game/VRTemplate/Maps/UEDPIE_0_VRTemplateMap.VRTemplateMap:PersistentLevel.BP_MetalCilinder3.DefaultSceneRoot' already attached to '/Game/VRTemplate/Maps/UEDPIE_0_VRTemplateMap.VRTemplateMap:PersistentLevel.BP_Platform_2.DefaultSceneRoot', would form cycle. Aborting.
[2025.05.26-11.57.19:717][167]PIE: Warning: AttachTo: '/Game/VRTemplate/Maps/UEDPIE_0_VRTemplateMap.VRTemplateMap:PersistentLevel.BP_MetalCilinder3.DefaultSceneRoot' already attached to '/Game/VRTemplate/Maps/UEDPIE_0_VRTemplateMap.VRTemplateMap:PersistentLevel.BP_Platform_2.DefaultSceneRoot', would form cycle. Aborting.
[2025.05.26-11.57.19:750][169]PIE: Warning: AttachTo: '/Game/VRTemplate/Maps/UEDPIE_0_VRTemplateMap.VRTemplateMap:PersistentLevel.BP_MetalCilinder3.DefaultSceneRoot' already attached to '/Game/VRTemplate/Maps/UEDPIE_0_VRTemplateMap.VRTemplateMap:PersistentLevel.BP_Platform_2.DefaultSceneRoot', would form cycle. Aborting.
[2025.05.26-11.57.19:767][170]PIE: Warning: AttachTo: '/Game/VRTemplate/Maps/UEDPIE_0_VRTemplateMap.VRTemplateMap:PersistentLevel.BP_MetalCilinder3.DefaultSceneRoot' already attached to '/Game/VRTemplate/Maps/UEDPIE_0_VRTemplateMap.VRTemplateMap:PersistentLevel.BP_Platform_2.DefaultSceneRoot', would form cycle. Aborting.
[2025.05.26-11.57.19:784][171]PIE: Warning: AttachTo: '/Game/VRTemplate/Maps/UEDPIE_0_VRTemplateMap.VRTemplateMap:PersistentLevel.BP_MetalCilinder3.DefaultSceneRoot' already attached to '/Game/VRTemplate/Maps/UEDPIE_0_VRTemplateMap.VRTemplateMap:PersistentLevel.BP_Platform_2.DefaultSceneRoot', would form cycle. Aborting.
[2025.05.26-11.57.19:817][173]PIE: Warning: AttachTo: '/Game/VRTemplate/Maps/UEDPIE_0_VRTemplateMap.VRTemplateMap:PersistentLevel.BP_MetalCilinder3.DefaultSceneRoot' already attached to '/Game/VRTemplate/Maps/UEDPIE_0_VRTemplateMap.VRTemplateMap:PersistentLevel.BP_Platform_2.DefaultSceneRoot', would form cycle. Aborting.
[2025.05.26-11.57.19:867][176]PIE: Warning: AttachTo: '/Game/VRTemplate/Maps/UEDPIE_0_VRTemplateMap.VRTemplateMap:PersistentLevel.BP_MetalCilinder3.DefaultSceneRoot' already attached to '/Game/VRTemplate/Maps/UEDPIE_0_VRTemplateMap.VRTemplateMap:PersistentLevel.BP_Platform_2.DefaultSceneRoot', would form cycle. Aborting.
[2025.05.26-11.57.19:901][178]PIE: Warning: AttachTo: '/Game/VRTemplate/Maps/UEDPIE_0_VRTemplateMap.VRTemplateMap:PersistentLevel.BP_MetalCilinder3.DefaultSceneRoot' already attached to '/Game/VRTemplate/Maps/UEDPIE_0_VRTemplateMap.VRTemplateMap:PersistentLevel.BP_Platform_2.DefaultSceneRoot', would form cycle. Aborting.
[2025.05.26-11.57.20:000][184]PIE: Warning: AttachTo: '/Game/VRTemplate/Maps/UEDPIE_0_VRTemplateMap.VRTemplateMap:PersistentLevel.BP_MetalCilinder3.DefaultSceneRoot' already attached to '/Game/VRTemplate/Maps/UEDPIE_0_VRTemplateMap.VRTemplateMap:PersistentLevel.BP_Platform_2.DefaultSceneRoot', would form cycle. Aborting.
[2025.05.26-11.57.21:688][282]LogSlate: Updating window title bar state: overlay mode, drag disabled, window buttons hidden, title bar hidden
[2025.05.26-11.57.21:688][282]LogWorld: BeginTearingDown for /Game/VRTemplate/Maps/UEDPIE_0_VRTemplateMap
[2025.05.26-11.57.21:688][282]LogWorld: UWorld::CleanupWorld for VRTemplateMap, bSessionEnded=true, bCleanupResources=true
[2025.05.26-11.57.21:689][282]LogSlate: InvalidateAllWidgets triggered.  All widgets were invalidated
[2025.05.26-11.57.21:713][282]LogPlayLevel: Display: Shutting down PIE online subsystems
[2025.05.26-11.57.21:720][282]LogSlate: InvalidateAllWidgets triggered.  All widgets were invalidated
[2025.05.26-11.57.21:738][282]LogAudio: Display: Audio Device unregistered from world 'None'.
[2025.05.26-11.57.21:738][282]LogResonanceAudio: Display: Resonance Audio Listener is shutdown
[2025.05.26-11.57.21:738][282]LogAudioMixer: FMixerPlatformXAudio2::StopAudioStream() called
[2025.05.26-11.57.21:740][282]LogAudioMixer: FMixerPlatformXAudio2::StopAudioStream() called
[2025.05.26-11.57.21:743][282]LogSlate: Updating window title bar state: overlay mode, drag disabled, window buttons hidden, title bar hidden
[2025.05.26-11.57.21:747][282]LogUObjectHash: Compacting FUObjectHashTables data took   1.54ms
[2025.05.26-11.57.21:817][283]LogPlayLevel: Display: Destroying online subsystem :Context_48
[2025.05.26-11.57.23:134][358]LogSlate: Window 'Message Log' being destroyed
[2025.05.26-11.57.23:139][358]LogSlate: Window 'Message Log' being destroyed
[2025.05.26-11.57.31:801][878]LogEditorViewport: Clicking on Actor (LMB): BP_MX1508_C (DP_MX1508)
[2025.05.26-11.57.39:351][330]LogTemp: Repeating last play command: Simulate
[2025.05.26-11.57.39:356][330]LogPlayLevel: PlayLevel: No blueprints needed recompiling
[2025.05.26-11.57.39:356][330]PIE: New page: SIE session: VRTemplateMap (26 мая 2025 г., 17:57:39)
[2025.05.26-11.57.39:356][330]LogPlayLevel: Creating play world package: /Game/VRTemplate/Maps/UEDPIE_0_VRTemplateMap
[2025.05.26-11.57.39:363][330]LogPlayLevel: PIE: StaticDuplicateObject took: (0.006281s)
[2025.05.26-11.57.39:363][330]LogAIModule: Creating AISystem for world VRTemplateMap
[2025.05.26-11.57.39:364][330]LogPlayLevel: PIE: World Init took: (0.000975s)
[2025.05.26-11.57.39:364][330]LogPlayLevel: PIE: Created PIE world by copying editor world from /Game/VRTemplate/Maps/VRTemplateMap.VRTemplateMap to /Game/VRTemplate/Maps/UEDPIE_0_VRTemplateMap.VRTemplateMap (0.007394s)
[2025.05.26-11.57.39:381][330]LogUObjectHash: Compacting FUObjectHashTables data took   1.33ms
[2025.05.26-11.57.39:384][330]LogAudio: Display: Creating Audio Device:                 Id: 23, Scope: Unique, Realtime: True
[2025.05.26-11.57.39:384][330]LogAudioMixer: Display: Audio Mixer Platform Settings:
[2025.05.26-11.57.39:384][330]LogAudioMixer: Display: 	Sample Rate:						  48000
[2025.05.26-11.57.39:384][330]LogAudioMixer: Display: 	Callback Buffer Frame Size Requested: 1024
[2025.05.26-11.57.39:384][330]LogAudioMixer: Display: 	Callback Buffer Frame Size To Use:	  1024
[2025.05.26-11.57.39:384][330]LogAudioMixer: Display: 	Number of buffers to queue:			  1
[2025.05.26-11.57.39:384][330]LogAudioMixer: Display: 	Max Channels (voices):				  0
[2025.05.26-11.57.39:384][330]LogAudioMixer: Display: 	Number of Async Source Workers:		  4
[2025.05.26-11.57.39:384][330]LogAudio: Display: AudioDevice MaxSources: 32
[2025.05.26-11.57.39:384][330]LogAudio: Display: Audio Spatialization Plugin: Resonance Audio is external send: 1
[2025.05.26-11.57.39:384][330]LogAudio: Display: Audio Reverb Plugin: Resonance Audio
[2025.05.26-11.57.39:384][330]LogAudio: Display: Audio Occlusion Plugin: None (built-in).
[2025.05.26-11.57.39:385][330]LogAudioMixer: Display: Initializing audio mixer.
[2025.05.26-11.57.39:391][330]LogAudioMixer: Display: 0: FrontLeft
[2025.05.26-11.57.39:391][330]LogAudioMixer: Display: 1: FrontRight
[2025.05.26-11.57.39:419][330]LogAudioMixer: Display: Using Audio Device Динамики (Realtek(R) Audio)
[2025.05.26-11.57.39:419][330]LogAudioMixer: Display: Initializing Sound Submixes...
[2025.05.26-11.57.39:419][330]LogAudioMixer: Display: Creating Master Submix 'MasterSubmixDefault'
[2025.05.26-11.57.39:419][330]LogAudioMixer: Display: Creating Master Submix 'MasterReverbSubmixDefault'
[2025.05.26-11.57.39:419][330]LogAudioMixer: Display: Creating Master Submix 'MasterEQSubmixDefault'
[2025.05.26-11.57.39:419][330]LogAudioMixer: FMixerPlatformXAudio2::StartAudioStream() called
[2025.05.26-11.57.39:419][330]LogAudioMixer: Display: Output buffers initialized: Frames=1024, Channels=2, Samples=2048
[2025.05.26-11.57.39:420][330]LogAudioMixer: Display: Starting AudioMixerPlatformInterface::RunInternal()
[2025.05.26-11.57.39:420][330]LogAudioMixer: Display: FMixerPlatformXAudio2::SubmitBuffer() called for the first time
[2025.05.26-11.57.39:420][330]LogInit: FAudioDevice initialized.
[2025.05.26-11.57.39:420][330]LogAudio: Display: Audio Device (ID: 23) registered with world 'VRTemplateMap'.
[2025.05.26-11.57.39:431][330]LogLoad: Game class is 'VRGameMode_C'
[2025.05.26-11.57.39:433][330]LogWorld: Bringing World /Game/VRTemplate/Maps/UEDPIE_0_VRTemplateMap.VRTemplateMap up for play (max tick rate 60) at 2025.05.26-14.57.39
[2025.05.26-11.57.39:434][330]LogWorld: Bringing up level for play took: 0.002091
[2025.05.26-11.57.39:434][330]LogOnline: OSS: Creating online subsystem instance for: :Context_49
[2025.05.26-11.57.39:435][330]LogSpawn: Warning: SpawnActor failed because no class was specified
[2025.05.26-11.57.39:436][330]PIE: Server logged in
[2025.05.26-11.57.39:437][330]PIE: Play in editor total start time 0,082 seconds.
[2025.05.26-11.57.39:449][330]LogResonanceAudio: Display: Resonance Audio Listener is initialized
[2025.05.26-11.57.40:045][366]LogEditorViewport: Clicking on Actor (LMB): BP_MX1508_C (DP_MX1508)
[2025.05.26-11.57.40:985][422]PIE: Warning: AttachTo: '/Game/VRTemplate/Maps/UEDPIE_0_VRTemplateMap.VRTemplateMap:PersistentLevel.DP_MX1508_2.DefaultSceneRoot' already attached to '/Game/VRTemplate/Maps/UEDPIE_0_VRTemplateMap.VRTemplateMap:PersistentLevel.BP_Platform_2.DefaultSceneRoot', would form cycle. Aborting.
[2025.05.26-11.57.40:985][422]PIE: Warning: AttachTo: '/Game/VRTemplate/Maps/UEDPIE_0_VRTemplateMap.VRTemplateMap:PersistentLevel.BP_Platform_2.DefaultSceneRoot' already attached to '/Game/VRTemplate/Maps/UEDPIE_0_VRTemplateMap.VRTemplateMap:PersistentLevel.BP_HC-SR_Holder_2.DefaultSceneRoot', would form cycle. Aborting.
[2025.05.26-11.57.40:985][422]PIE: Warning: AttachTo: '/Game/VRTemplate/Maps/UEDPIE_0_VRTemplateMap.VRTemplateMap:PersistentLevel.DP_MX1508_2.DefaultSceneRoot' already attached to '/Game/VRTemplate/Maps/UEDPIE_0_VRTemplateMap.VRTemplateMap:PersistentLevel.BP_Platform_2.DefaultSceneRoot', would form cycle. Aborting.
[2025.05.26-11.57.40:985][422]PIE: Warning: AttachTo: '/Game/VRTemplate/Maps/UEDPIE_0_VRTemplateMap.VRTemplateMap:PersistentLevel.DP_MX1508_2.DefaultSceneRoot' already attached to '/Game/VRTemplate/Maps/UEDPIE_0_VRTemplateMap.VRTemplateMap:PersistentLevel.BP_Platform_2.DefaultSceneRoot', would form cycle. Aborting.
[2025.05.26-11.57.40:986][422]PIE: Warning: AttachTo: '/Game/VRTemplate/Maps/UEDPIE_0_VRTemplateMap.VRTemplateMap:PersistentLevel.DP_MX1508_2.DefaultSceneRoot' already attached to '/Game/VRTemplate/Maps/UEDPIE_0_VRTemplateMap.VRTemplateMap:PersistentLevel.BP_Platform_2.DefaultSceneRoot', would form cycle. Aborting.
[2025.05.26-11.57.40:986][422]PIE: Warning: AttachTo: '/Game/VRTemplate/Maps/UEDPIE_0_VRTemplateMap.VRTemplateMap:PersistentLevel.BP_Platform_2.DefaultSceneRoot' already attached to '/Game/VRTemplate/Maps/UEDPIE_0_VRTemplateMap.VRTemplateMap:PersistentLevel.BP_HC-SR_Holder_2.DefaultSceneRoot', would form cycle. Aborting.
[2025.05.26-11.57.40:986][422]PIE: Warning: AttachTo: '/Game/VRTemplate/Maps/UEDPIE_0_VRTemplateMap.VRTemplateMap:PersistentLevel.BP_Platform_2.DefaultSceneRoot' already attached to '/Game/VRTemplate/Maps/UEDPIE_0_VRTemplateMap.VRTemplateMap:PersistentLevel.BP_HC-SR_Holder_2.DefaultSceneRoot', would form cycle. Aborting.
[2025.05.26-11.57.40:986][422]PIE: Warning: AttachTo: '/Game/VRTemplate/Maps/UEDPIE_0_VRTemplateMap.VRTemplateMap:PersistentLevel.DP_MX1508_2.DefaultSceneRoot' already attached to '/Game/VRTemplate/Maps/UEDPIE_0_VRTemplateMap.VRTemplateMap:PersistentLevel.BP_HC-SR_Holder_2.DefaultSceneRoot', would form cycle. Aborting.
[2025.05.26-11.57.40:986][422]PIE: Warning: AttachTo: '/Game/VRTemplate/Maps/UEDPIE_0_VRTemplateMap.VRTemplateMap:PersistentLevel.DP_MX1508_2.DefaultSceneRoot' already attached to '/Game/VRTemplate/Maps/UEDPIE_0_VRTemplateMap.VRTemplateMap:PersistentLevel.BP_HC-SR_Holder_2.DefaultSceneRoot', would form cycle. Aborting.
[2025.05.26-11.57.40:986][422]PIE: Warning: AttachTo: '/Game/VRTemplate/Maps/UEDPIE_0_VRTemplateMap.VRTemplateMap:PersistentLevel.DP_MX1508_2.DefaultSceneRoot' already attached to '/Game/VRTemplate/Maps/UEDPIE_0_VRTemplateMap.VRTemplateMap:PersistentLevel.BP_HC-SR_Holder_2.DefaultSceneRoot', would form cycle. Aborting.
[2025.05.26-11.57.40:987][422]PIE: Warning: AttachTo: '/Game/VRTemplate/Maps/UEDPIE_0_VRTemplateMap.VRTemplateMap:PersistentLevel.DP_MX1508_2.DefaultSceneRoot' already attached to '/Game/VRTemplate/Maps/UEDPIE_0_VRTemplateMap.VRTemplateMap:PersistentLevel.BP_Platform_2.DefaultSceneRoot', would form cycle. Aborting.
[2025.05.26-11.57.40:987][422]PIE: Warning: AttachTo: '/Game/VRTemplate/Maps/UEDPIE_0_VRTemplateMap.VRTemplateMap:PersistentLevel.DP_MX1508_2.DefaultSceneRoot' already attached to '/Game/VRTemplate/Maps/UEDPIE_0_VRTemplateMap.VRTemplateMap:PersistentLevel.BP_HC-SR_Holder_2.DefaultSceneRoot', would form cycle. Aborting.
[2025.05.26-11.58.08:454][ 66]LogSlate: Updating window title bar state: overlay mode, drag disabled, window buttons hidden, title bar hidden
[2025.05.26-11.58.08:454][ 66]LogWorld: BeginTearingDown for /Game/VRTemplate/Maps/UEDPIE_0_VRTemplateMap
[2025.05.26-11.58.08:454][ 66]LogWorld: UWorld::CleanupWorld for VRTemplateMap, bSessionEnded=true, bCleanupResources=true
[2025.05.26-11.58.08:456][ 66]LogSlate: InvalidateAllWidgets triggered.  All widgets were invalidated
[2025.05.26-11.58.08:481][ 66]LogPlayLevel: Display: Shutting down PIE online subsystems
[2025.05.26-11.58.08:488][ 66]LogSlate: InvalidateAllWidgets triggered.  All widgets were invalidated
[2025.05.26-11.58.08:504][ 66]LogAudio: Display: Audio Device unregistered from world 'None'.
[2025.05.26-11.58.08:504][ 66]LogResonanceAudio: Display: Resonance Audio Listener is shutdown
[2025.05.26-11.58.08:504][ 66]LogAudioMixer: FMixerPlatformXAudio2::StopAudioStream() called
[2025.05.26-11.58.08:506][ 66]LogAudioMixer: FMixerPlatformXAudio2::StopAudioStream() called
[2025.05.26-11.58.08:509][ 66]LogSlate: Updating window title bar state: overlay mode, drag disabled, window buttons hidden, title bar hidden
[2025.05.26-11.58.08:512][ 66]LogUObjectHash: Compacting FUObjectHashTables data took   1.52ms
[2025.05.26-11.58.08:614][ 67]LogPlayLevel: Display: Destroying online subsystem :Context_49
[2025.05.26-11.58.09:750][132]LogSlate: Window 'Message Log' being destroyed
[2025.05.26-11.58.09:755][132]LogSlate: Window 'Message Log' being destroyed
[2025.05.26-11.58.16:900][560]LogTemp: Repeating last play command: Simulate
[2025.05.26-11.58.16:904][560]BlueprintLog: New page: Pre-Play auto-recompile
[2025.05.26-11.58.16:904][560]LogPlayLevel: [PlayLevel] Compiling BP_Platform before play...
[2025.05.26-11.58.16:973][560]LogUObjectHash: Compacting FUObjectHashTables data took   1.74ms
[2025.05.26-11.58.16:974][560]LogPlayLevel: PlayLevel: Blueprint regeneration took 70 ms (1 blueprints)
[2025.05.26-11.58.16:974][560]PIE: New page: SIE session: VRTemplateMap (26 мая 2025 г., 17:58:16)
[2025.05.26-11.58.16:974][560]LogPlayLevel: Creating play world package: /Game/VRTemplate/Maps/UEDPIE_0_VRTemplateMap
[2025.05.26-11.58.16:981][560]LogPlayLevel: PIE: StaticDuplicateObject took: (0.006098s)
[2025.05.26-11.58.16:982][560]LogAIModule: Creating AISystem for world VRTemplateMap
[2025.05.26-11.58.16:982][560]LogPlayLevel: PIE: World Init took: (0.000924s)
[2025.05.26-11.58.16:982][560]LogPlayLevel: PIE: Created PIE world by copying editor world from /Game/VRTemplate/Maps/VRTemplateMap.VRTemplateMap to /Game/VRTemplate/Maps/UEDPIE_0_VRTemplateMap.VRTemplateMap (0.007138s)
[2025.05.26-11.58.16:999][560]LogUObjectHash: Compacting FUObjectHashTables data took   1.37ms
[2025.05.26-11.58.16:999][560]LogAudio: Display: Creating Audio Device:                 Id: 24, Scope: Unique, Realtime: True
[2025.05.26-11.58.16:999][560]LogAudioMixer: Display: Audio Mixer Platform Settings:
[2025.05.26-11.58.16:999][560]LogAudioMixer: Display: 	Sample Rate:						  48000
[2025.05.26-11.58.16:999][560]LogAudioMixer: Display: 	Callback Buffer Frame Size Requested: 1024
[2025.05.26-11.58.16:999][560]LogAudioMixer: Display: 	Callback Buffer Frame Size To Use:	  1024
[2025.05.26-11.58.16:999][560]LogAudioMixer: Display: 	Number of buffers to queue:			  1
[2025.05.26-11.58.16:999][560]LogAudioMixer: Display: 	Max Channels (voices):				  0
[2025.05.26-11.58.16:999][560]LogAudioMixer: Display: 	Number of Async Source Workers:		  4
[2025.05.26-11.58.16:999][560]LogAudio: Display: AudioDevice MaxSources: 32
[2025.05.26-11.58.16:999][560]LogAudio: Display: Audio Spatialization Plugin: Resonance Audio is external send: 1
[2025.05.26-11.58.17:000][560]LogAudio: Display: Audio Reverb Plugin: Resonance Audio
[2025.05.26-11.58.17:000][560]LogAudio: Display: Audio Occlusion Plugin: None (built-in).
[2025.05.26-11.58.17:000][560]LogAudioMixer: Display: Initializing audio mixer.
[2025.05.26-11.58.17:004][560]LogAudioMixer: Display: 0: FrontLeft
[2025.05.26-11.58.17:006][560]LogAudioMixer: Display: 1: FrontRight
[2025.05.26-11.58.17:033][560]LogAudioMixer: Display: Using Audio Device Динамики (Realtek(R) Audio)
[2025.05.26-11.58.17:033][560]LogAudioMixer: Display: Initializing Sound Submixes...
[2025.05.26-11.58.17:034][560]LogAudioMixer: Display: Creating Master Submix 'MasterSubmixDefault'
[2025.05.26-11.58.17:034][560]LogAudioMixer: Display: Creating Master Submix 'MasterReverbSubmixDefault'
[2025.05.26-11.58.17:034][560]LogAudioMixer: Display: Creating Master Submix 'MasterEQSubmixDefault'
[2025.05.26-11.58.17:034][560]LogAudioMixer: FMixerPlatformXAudio2::StartAudioStream() called
[2025.05.26-11.58.17:034][560]LogAudioMixer: Display: Output buffers initialized: Frames=1024, Channels=2, Samples=2048
[2025.05.26-11.58.17:035][560]LogAudioMixer: Display: Starting AudioMixerPlatformInterface::RunInternal()
[2025.05.26-11.58.17:035][560]LogAudioMixer: Display: FMixerPlatformXAudio2::SubmitBuffer() called for the first time
[2025.05.26-11.58.17:035][560]LogInit: FAudioDevice initialized.
[2025.05.26-11.58.17:035][560]LogAudio: Display: Audio Device (ID: 24) registered with world 'VRTemplateMap'.
[2025.05.26-11.58.17:046][560]LogLoad: Game class is 'VRGameMode_C'
[2025.05.26-11.58.17:048][560]LogWorld: Bringing World /Game/VRTemplate/Maps/UEDPIE_0_VRTemplateMap.VRTemplateMap up for play (max tick rate 60) at 2025.05.26-14.58.17
[2025.05.26-11.58.17:048][560]LogWorld: Bringing up level for play took: 0.002213
[2025.05.26-11.58.17:049][560]LogOnline: OSS: Creating online subsystem instance for: :Context_50
[2025.05.26-11.58.17:050][560]LogSpawn: Warning: SpawnActor failed because no class was specified
[2025.05.26-11.58.17:052][560]PIE: Server logged in
[2025.05.26-11.58.17:052][560]PIE: Play in editor total start time 0,149 seconds.
[2025.05.26-11.58.17:065][560]LogResonanceAudio: Display: Resonance Audio Listener is initialized
[2025.05.26-11.58.20:844][787]LogEditorViewport: Clicking on Actor (LMB): BP_MX1508_C (DP_MX1508)
[2025.05.26-11.58.22:032][857]LogScript: Warning: Infinite script recursion (120 calls) detected - see log for stack trace
	BP_Platform_C /Game/VRTemplate/Maps/UEDPIE_0_VRTemplateMap.VRTemplateMap:PersistentLevel.BP_Platform_2
	Function /Game/Andrey/Objects/BP_Platform.BP_Platform_C:ExecuteUbergraph_BP_Platform:0000
[2025.05.26-11.58.22:032][857]PIE: Error: Infinite loop detected. Blueprint:  BP_Platform Function:  On Component Begin Overlap (Motor_Holder_Socket_Front_Bottom_Left) Call Stack:  Show
[2025.05.26-11.58.22:068][857]LogSlate: Updating window title bar state: overlay mode, drag disabled, window buttons hidden, title bar hidden
[2025.05.26-11.58.22:068][857]LogWorld: BeginTearingDown for /Game/VRTemplate/Maps/UEDPIE_0_VRTemplateMap
[2025.05.26-11.58.22:069][857]LogWorld: UWorld::CleanupWorld for VRTemplateMap, bSessionEnded=true, bCleanupResources=true
[2025.05.26-11.58.22:070][857]LogSlate: InvalidateAllWidgets triggered.  All widgets were invalidated
[2025.05.26-11.58.22:077][857]LogPlayLevel: Display: Shutting down PIE online subsystems
[2025.05.26-11.58.22:084][857]LogSlate: InvalidateAllWidgets triggered.  All widgets were invalidated
[2025.05.26-11.58.22:086][857]LogEditorTransaction: Non zero active count in UTransBuffer::Reset
ActiveCount : 1
SessionName : 
Reason      : A PIE object was in the transaction buffer and had to be destroyed

Purging the undo buffer...

[2025.05.26-11.58.22:102][857]LogSlate: Updating window title bar state: overlay mode, drag disabled, window buttons hidden, title bar hidden
[2025.05.26-11.58.22:102][857]LogResonanceAudio: Display: Resonance Audio Listener is shutdown
[2025.05.26-11.58.22:102][857]LogAudioMixer: FMixerPlatformXAudio2::StopAudioStream() called
[2025.05.26-11.58.22:104][857]LogAudioMixer: FMixerPlatformXAudio2::StopAudioStream() called
[2025.05.26-11.58.22:110][857]LogUObjectHash: Compacting FUObjectHashTables data took   1.63ms
[2025.05.26-11.58.22:956][857]LogWindows: FPlatformMisc::RequestExit(1)
[2025.05.26-11.58.22:956][857]LogWindows: FPlatformMisc::RequestExitWithStatus(1, 3)
[2025.05.26-11.58.22:956][857]LogCore: Engine exit requested (reason: Win RequestExit)
[2025.05.26-11.58.22:964][857]Log file closed, 05/26/25 14:58:22
