Log file open, 05/25/25 12:54:43
LogWindows: Failed to load 'aqProf.dll' (GetLastError=126)
LogWindows: File 'aqProf.dll' does not exist
LogWindows: Failed to load 'VtuneApi.dll' (GetLastError=126)
LogWindows: File 'VtuneApi.dll' does not exist
LogWindows: Failed to load 'VtuneApi32e.dll' (GetLastError=126)
LogWindows: File 'VtuneApi32e.dll' does not exist
LogConsoleResponse: Display: Failed to find resolution value strings in scalability ini. Falling back to default.
LogConsoleResponse: Display: Failed to find resolution value strings in scalability ini. Falling back to default.
LogInit: Display: Running engine for game: MyProject
LogPlatformFile: Not using cached read wrapper
LogTaskGraph: Started task graph with 5 named threads and 47 total threads with 3 sets of task threads.
LogStats: Stats thread started at 0.226952
LogICUInternationalization: ICU TimeZone Detection - Raw Offset: +3:00, Platform Override: ''
LogInit: Display: Loading text-based GConfig....
LogPluginManager: Mounting plugin MeshPainting
LogPluginManager: Mounting plugin XGEController
LogPluginManager: Mounting plugin Paper2D
LogPluginManager: Mounting plugin AISupport
LogPluginManager: Mounting plugin EnvironmentQueryEditor
LogPluginManager: Mounting plugin LiveLink
LogPluginManager: Mounting plugin LightPropagationVolume
LogPluginManager: Mounting plugin GameplayCameras
LogPluginManager: Mounting plugin OodleData
LogPluginManager: Mounting plugin CameraShakePreviewer
LogPluginManager: Mounting plugin OodleNetwork
LogPluginManager: Mounting plugin DatasmithContent
LogPluginManager: Mounting plugin AssetManagerEditor
LogPluginManager: Mounting plugin VariantManagerContent
LogPluginManager: Mounting plugin Niagara
LogPluginManager: Mounting plugin CurveEditorTools
LogPluginManager: Mounting plugin CryptoKeys
LogPluginManager: Mounting plugin FacialAnimation
LogPluginManager: Mounting plugin DataValidation
LogPluginManager: Mounting plugin GeometryMode
LogPluginManager: Mounting plugin MacGraphicsSwitching
LogPluginManager: Mounting plugin MaterialAnalyzer
LogPluginManager: Mounting plugin GameplayTagsEditor
LogPluginManager: Mounting plugin MobileLauncherProfileWizard
LogPluginManager: Mounting plugin PluginBrowser
LogPluginManager: Mounting plugin SpeedTreeImporter
LogPluginManager: Mounting plugin AnimationSharing
LogPluginManager: Mounting plugin CodeLiteSourceCodeAccess
LogPluginManager: Mounting plugin CLionSourceCodeAccess
LogPluginManager: Mounting plugin GitSourceControl
LogPluginManager: Mounting plugin PerforceSourceControl
LogPluginManager: Mounting plugin KDevelopSourceCodeAccess
LogPluginManager: Mounting plugin PixWinPlugin
LogPluginManager: Mounting plugin PluginUtils
LogPluginManager: Mounting plugin NullSourceCodeAccess
LogPluginManager: Mounting plugin PropertyAccessNode
LogPluginManager: Mounting plugin PlasticSourceControl
LogPluginManager: Mounting plugin RiderSourceCodeAccess
LogPluginManager: Mounting plugin UObjectPlugin
LogPluginManager: Mounting plugin TextureFormatOodle
LogPluginManager: Mounting plugin SubversionSourceControl
LogPluginManager: Mounting plugin XCodeSourceCodeAccess
LogPluginManager: Mounting plugin VisualStudioCodeSourceCodeAccess
LogPluginManager: Mounting plugin VisualStudioSourceCodeAccess
LogPluginManager: Mounting plugin MagicLeap
LogPluginManager: Mounting plugin LuminPlatformFeatures
LogPluginManager: Mounting plugin MagicLeapLightEstimation
LogPluginManager: Mounting plugin MagicLeapMedia
LogPluginManager: Mounting plugin MagicLeapPassableWorld
LogPluginManager: Mounting plugin MLSDK
LogPluginManager: Mounting plugin AndroidMedia
LogPluginManager: Mounting plugin AvfMedia
LogPluginManager: Mounting plugin ImgMedia
LogPluginManager: Mounting plugin MediaCompositing
LogPluginManager: Mounting plugin MediaPlayerEditor
LogPluginManager: Mounting plugin WebMMedia
LogPluginManager: Mounting plugin WmfMedia
LogPluginManager: Mounting plugin ActorSequence
LogPluginManager: Mounting plugin LevelSequenceEditor
LogPluginManager: Mounting plugin MatineeToLevelSequence
LogPluginManager: Mounting plugin TemplateSequence
LogPluginManager: Mounting plugin OnlineSubsystem
LogPluginManager: Mounting plugin OnlineSubsystemNull
LogPluginManager: Mounting plugin AlembicImporter
LogPluginManager: Mounting plugin AutomationUtils
LogPluginManager: Mounting plugin BackChannel
LogPluginManager: Mounting plugin ChaosCloth
LogPluginManager: Mounting plugin ChaosNiagara
LogPluginManager: Mounting plugin ChaosEditor
LogPluginManager: Mounting plugin ChaosClothEditor
LogPluginManager: Mounting plugin OnlineSubsystemUtils
LogPluginManager: Mounting plugin TcpMessaging
LogPluginManager: Mounting plugin UdpMessaging
LogPluginManager: Mounting plugin ChaosSolverPlugin
LogPluginManager: Mounting plugin CharacterAI
LogPluginManager: Mounting plugin GeometryCollectionPlugin
LogPluginManager: Mounting plugin GeometryProcessing
LogPluginManager: Mounting plugin GeometryCache
LogPluginManager: Mounting plugin OpenImageDenoise
LogPluginManager: Mounting plugin PlanarCut
LogPluginManager: Mounting plugin ProxyLODPlugin
LogPluginManager: Mounting plugin MotoSynth
LogPluginManager: Mounting plugin PlatformCrypto
LogPluginManager: Mounting plugin SkeletalReduction
LogPluginManager: Mounting plugin PythonScriptPlugin
LogPluginManager: Mounting plugin ScreenshotTools
LogPluginManager: Mounting plugin ActorLayerUtilities
LogPluginManager: Mounting plugin AndroidMoviePlayer
LogPluginManager: Mounting plugin AndroidPermission
LogPluginManager: Mounting plugin AndroidDeviceProfileSelector
LogPluginManager: Mounting plugin AppleMoviePlayer
LogPluginManager: Mounting plugin AppleImageUtils
LogPluginManager: Mounting plugin ArchVisCharacter
LogPluginManager: Mounting plugin AudioCapture
LogPluginManager: Mounting plugin AssetTags
LogPluginManager: Mounting plugin AudioSynesthesia
LogPluginManager: Mounting plugin ChunkDownloader
LogPluginManager: Mounting plugin CustomMeshComponent
LogPluginManager: Mounting plugin CableComponent
LogPluginManager: Mounting plugin EditableMesh
LogPluginManager: Mounting plugin ExampleDeviceProfileSelector
LogPluginManager: Mounting plugin GooglePAD
LogPluginManager: Mounting plugin GoogleCloudMessaging
LogPluginManager: Mounting plugin Takes
LogPluginManager: Mounting plugin IOSDeviceProfileSelector
LogPluginManager: Mounting plugin LinuxDeviceProfileSelector
LogPluginManager: Mounting plugin LocationServicesBPLibrary
LogPluginManager: Mounting plugin MobilePatchingUtils
LogPluginManager: Mounting plugin OpenXR
LogPluginManager: Mounting plugin OpenXREyeTracker
LogPluginManager: Mounting plugin OpenXRHandTracking
LogPluginManager: Mounting plugin LauncherChunkInstaller
LogPluginManager: Mounting plugin PhysXVehicles
LogPluginManager: Mounting plugin PostSplashScreen
LogPluginManager: Mounting plugin ProceduralMeshComponent
LogPluginManager: Mounting plugin PropertyAccessEditor
LogPluginManager: Mounting plugin RuntimePhysXCooking
LogPluginManager: Mounting plugin SignificanceManager
LogPluginManager: Mounting plugin ResonanceAudio
LogPluginManager: Mounting plugin SoundFields
LogPluginManager: Mounting plugin Synthesis
LogPluginManager: Mounting plugin WebMMoviePlayer
LogPluginManager: Mounting plugin WindowsMoviePlayer
LogPluginManager: Mounting plugin ContentBrowserAssetDataSource
LogPluginManager: Mounting plugin ContentBrowserClassDataSource
LogPluginManager: Mounting plugin ContentBrowserFileDataSource
LogPluginManager: Mounting plugin OnlineSubsystemGooglePlay
LogPluginManager: Mounting plugin OnlineSubsystemIOS
LogPluginManager: Mounting plugin OculusOpenXR
PixWinPlugin: PIX capture plugin failed to initialize! Check that the process is launched from PIX.
LogInit: Using libcurl 7.55.1-DEV
LogInit:  - built for x86_64-pc-win32
LogInit:  - supports SSL with OpenSSL/1.1.1
LogInit:  - supports HTTP deflate (compression) using libz 1.2.8
LogInit:  - other features:
LogInit:      CURL_VERSION_SSL
LogInit:      CURL_VERSION_LIBZ
LogInit:      CURL_VERSION_IPV6
LogInit:      CURL_VERSION_ASYNCHDNS
LogInit:      CURL_VERSION_LARGEFILE
LogInit:      CURL_VERSION_IDN
LogInit:  CurlRequestOptions (configurable via config and command line):
LogInit:  - bVerifyPeer = true  - Libcurl will verify peer certificate
LogInit:  - bUseHttpProxy = false  - Libcurl will NOT use HTTP proxy
LogInit:  - bDontReuseConnections = false  - Libcurl will reuse connections
LogInit:  - MaxHostConnections = 16  - Libcurl will limit the number of connections to a host
LogInit:  - LocalHostAddr = Default
LogInit:  - BufferSize = 65536
LogOnline: OSS: Creating online subsystem instance for: NULL
LogInit: WinSock: version 1.1 (2.2), MaxSocks=32767, MaxUdp=65467
LogOnline: OSS: TryLoadSubsystemAndSetDefault: Loaded subsystem for module [NULL]
LogInit: Build: ++UE4+Release-4.27-CL-18319896
LogInit: Engine Version: 4.27.2-18319896+++UE4+Release-4.27
LogInit: Compatible Engine Version: 4.27.0-17155196+++UE4+Release-4.27
LogInit: Net CL: 17155196
LogInit: OS: Windows 10 (Release 2009) (), CPU: 11th Gen Intel(R) Core(TM) i7-11800H @ 2.30GHz, GPU: Intel(R) UHD Graphics
LogInit: Compiled (64-bit): Nov 30 2021 07:12:08
LogInit: Compiled with Visual C++: 19.24.28315.00
LogInit: Build Configuration: Development
LogInit: Branch Name: ++UE4+Release-4.27
LogInit: Command Line: 
LogInit: Base Directory: C:/Program Files/Epic Games/UE_4.27/Engine/Binaries/Win64/
LogInit: Allocator: TBB
LogInit: Installed Engine Build: 1
LogDevObjectVersion: Number of dev versions registered: 29
LogDevObjectVersion:   Dev-Blueprints (B0D832E4-1F89-4F0D-ACCF-7EB736FD4AA2): 10
LogDevObjectVersion:   Dev-Build (E1C64328-A22C-4D53-A36C-8E866417BD8C): 0
LogDevObjectVersion:   Dev-Core (375EC13C-06E4-48FB-B500-84F0262A717E): 4
LogDevObjectVersion:   Dev-Editor (E4B068ED-F494-42E9-A231-DA0B2E46BB41): 40
LogDevObjectVersion:   Dev-Framework (CFFC743F-43B0-4480-9391-14DF171D2073): 37
LogDevObjectVersion:   Dev-Mobile (B02B49B5-BB20-44E9-A304-32B752E40360): 3
LogDevObjectVersion:   Dev-Networking (A4E4105C-59A1-49B5-A7C5-40C4547EDFEE): 0
LogDevObjectVersion:   Dev-Online (39C831C9-5AE6-47DC-9A44-9C173E1C8E7C): 0
LogDevObjectVersion:   Dev-Physics (78F01B33-EBEA-4F98-B9B4-84EACCB95AA2): 14
LogDevObjectVersion:   Dev-Platform (6631380F-2D4D-43E0-8009-CF276956A95A): 0
LogDevObjectVersion:   Dev-Rendering (12F88B9F-8875-4AFC-A67C-D90C383ABD29): 45
LogDevObjectVersion:   Dev-Sequencer (7B5AE74C-D270-4C10-A958-57980B212A5A): 13
LogDevObjectVersion:   Dev-VR (D7296918-1DD6-4BDD-9DE2-64A83CC13884): 3
LogDevObjectVersion:   Dev-LoadTimes (C2A15278-BFE7-4AFE-6C17-90FF531DF755): 1
LogDevObjectVersion:   Private-Geometry (6EACA3D4-40EC-4CC1-B786-8BED09428FC5): 3
LogDevObjectVersion:   Dev-AnimPhys (29E575DD-E0A3-4627-9D10-D276232CDCEA): 17
LogDevObjectVersion:   Dev-Anim (AF43A65D-7FD3-4947-9873-3E8ED9C1BB05): 15
LogDevObjectVersion:   Dev-ReflectionCapture (6B266CEC-1EC7-4B8F-A30B-E4D90942FC07): 1
LogDevObjectVersion:   Dev-Automation (0DF73D61-A23F-47EA-B727-89E90C41499A): 1
LogDevObjectVersion:   FortniteMain (601D1886-AC64-4F84-AA16-D3DE0DEAC7D6): 47
LogDevObjectVersion:   FortniteRelease (E7086368-6B23-4C58-8439-1B7016265E91): 1
LogDevObjectVersion:   Dev-Enterprise (9DFFBCD6-494F-0158-E221-12823C92A888): 10
LogDevObjectVersion:   Dev-Niagara (F2AED0AC-9AFE-416F-8664-AA7FFA26D6FC): 1
LogDevObjectVersion:   Dev-Destruction (174F1F0B-B4C6-45A5-B13F-2EE8D0FB917D): 10
LogDevObjectVersion:   Dev-Physics-Ext (35F94A83-E258-406C-A318-09F59610247C): 41
LogDevObjectVersion:   Dev-PhysicsMaterial-Chaos (B68FC16E-8B1B-42E2-B453-215C058844FE): 1
LogDevObjectVersion:   Dev-CineCamera (B2E18506-4273-CFC2-A54E-F4BB758BBA07): 1
LogDevObjectVersion:   Dev-VirtualProduction (64F58936-FD1B-42BA-BA96-7289D5D0FA4E): 1
LogDevObjectVersion:   Dev-MediaFramework (6F0ED827-A609-4895-9C91-998D90180EA4): 2
LogInit: Presizing for max 25165824 objects, including 0 objects not considered by GC, pre-allocating 0 bytes for permanent pool.
LogConfig: Applying CVar settings from Section [/Script/Engine.StreamingSettings] File [C:/Users/AlisaDI/Documents/MephiTasks/UnrealProject/Saved/Config/Windows/Engine.ini]
LogConfig: Setting CVar [[s.MinBulkDataSizeForAsyncLoading:131072]]
LogConfig: Setting CVar [[s.AsyncLoadingThreadEnabled:0]]
LogConfig: Setting CVar [[s.EventDrivenLoaderEnabled:1]]
LogConfig: Setting CVar [[s.WarnIfTimeLimitExceeded:0]]
LogConfig: Setting CVar [[s.TimeLimitExceededMultiplier:1.5]]
LogConfig: Setting CVar [[s.TimeLimitExceededMinTime:0.005]]
LogConfig: Setting CVar [[s.UseBackgroundLevelStreaming:1]]
LogConfig: Setting CVar [[s.PriorityAsyncLoadingExtraTime:15.0]]
LogConfig: Setting CVar [[s.LevelStreamingActorsUpdateTimeLimit:5.0]]
LogConfig: Setting CVar [[s.PriorityLevelStreamingActorsUpdateExtraTime:5.0]]
LogConfig: Setting CVar [[s.LevelStreamingComponentsRegistrationGranularity:10]]
LogConfig: Setting CVar [[s.UnregisterComponentsTimeLimit:1.0]]
LogConfig: Setting CVar [[s.LevelStreamingComponentsUnregistrationGranularity:5]]
LogConfig: Setting CVar [[s.FlushStreamingOnExit:1]]
LogInit: Object subsystem initialized
LogConfig: Setting CVar [[con.DebugEarlyDefault:1]]
LogConfig: Setting CVar [[r.setres:1280x720]]
[2025.05.25-09.54.44:214][  0]LogConfig: Setting CVar [[r.VSync:0]]
[2025.05.25-09.54.44:214][  0]LogConfig: Setting CVar [[r.RHICmdBypass:0]]
[2025.05.25-09.54.44:214][  0]LogConfig: Applying CVar settings from Section [/Script/Engine.RendererSettings] File [C:/Users/AlisaDI/Documents/MephiTasks/UnrealProject/Saved/Config/Windows/Engine.ini]
[2025.05.25-09.54.44:214][  0]LogConfig: Setting CVar [[r.GPUCrashDebugging:0]]
[2025.05.25-09.54.44:214][  0]LogConfig: Setting CVar [[r.Mobile.DisableVertexFog:1]]
[2025.05.25-09.54.44:214][  0]LogConfig: Setting CVar [[r.Shadow.CSM.MaxMobileCascades:2]]
[2025.05.25-09.54.44:214][  0]LogConfig: Setting CVar [[r.MobileMSAA:4]]
[2025.05.25-09.54.44:214][  0]LogConfig: Setting CVar [[r.Mobile.AllowDitheredLODTransition:0]]
[2025.05.25-09.54.44:214][  0]LogConfig: Setting CVar [[r.Mobile.AllowSoftwareOcclusion:0]]
[2025.05.25-09.54.44:214][  0]LogConfig: Setting CVar [[r.Mobile.VirtualTextures:0]]
[2025.05.25-09.54.44:214][  0]LogConfig: Setting CVar [[r.DiscardUnusedQuality:0]]
[2025.05.25-09.54.44:214][  0]LogConfig: Setting CVar [[r.AllowOcclusionQueries:1]]
[2025.05.25-09.54.44:214][  0]LogConfig: Setting CVar [[r.MinScreenRadiusForLights:0.030000]]
[2025.05.25-09.54.44:214][  0]LogConfig: Setting CVar [[r.MinScreenRadiusForDepthPrepass:0.030000]]
[2025.05.25-09.54.44:215][  0]LogConfig: Setting CVar [[r.MinScreenRadiusForCSMDepth:0.010000]]
[2025.05.25-09.54.44:215][  0]LogConfig: Setting CVar [[r.PrecomputedVisibilityWarning:0]]
[2025.05.25-09.54.44:215][  0]LogConfig: Setting CVar [[r.TextureStreaming:1]]
[2025.05.25-09.54.44:215][  0]LogConfig: Setting CVar [[Compat.UseDXT5NormalMaps:0]]
[2025.05.25-09.54.44:215][  0]LogConfig: Setting CVar [[r.VirtualTextures:0]]
[2025.05.25-09.54.44:215][  0]LogConfig: Setting CVar [[r.VirtualTexturedLightmaps:0]]
[2025.05.25-09.54.44:215][  0]LogConfig: Setting CVar [[r.VT.TileSize:128]]
[2025.05.25-09.54.44:215][  0]LogConfig: Setting CVar [[r.VT.TileBorderSize:4]]
[2025.05.25-09.54.44:215][  0]LogConfig: Setting CVar [[r.vt.FeedbackFactor:16]]
[2025.05.25-09.54.44:215][  0]LogConfig: Setting CVar [[r.VT.EnableCompressZlib:1]]
[2025.05.25-09.54.44:215][  0]LogConfig: Setting CVar [[r.VT.EnableCompressCrunch:0]]
[2025.05.25-09.54.44:215][  0]LogConfig: Setting CVar [[r.ClearCoatNormal:0]]
[2025.05.25-09.54.44:215][  0]LogConfig: Setting CVar [[r.ReflectionCaptureResolution:128]]
[2025.05.25-09.54.44:215][  0]LogConfig: Setting CVar [[r.Mobile.ReflectionCaptureCompression:0]]
[2025.05.25-09.54.44:215][  0]LogConfig: Setting CVar [[r.ReflectionEnvironmentLightmapMixBasedOnRoughness:1]]
[2025.05.25-09.54.44:215][  0]LogConfig: Setting CVar [[r.ForwardShading:1]]
[2025.05.25-09.54.44:215][  0]LogConfig: Setting CVar [[r.VertexFoggingForOpaque:1]]
[2025.05.25-09.54.44:215][  0]LogConfig: Setting CVar [[r.AllowStaticLighting:1]]
[2025.05.25-09.54.44:215][  0]LogConfig: Setting CVar [[r.NormalMapsForStaticLighting:0]]
[2025.05.25-09.54.44:215][  0]LogConfig: Setting CVar [[r.GenerateMeshDistanceFields:0]]
[2025.05.25-09.54.44:215][  0]LogConfig: Setting CVar [[r.DistanceFieldBuild.EightBit:0]]
[2025.05.25-09.54.44:215][  0]LogConfig: Setting CVar [[r.GenerateLandscapeGIData:0]]
[2025.05.25-09.54.44:215][  0]LogConfig: Setting CVar [[r.DistanceFieldBuild.Compress:0]]
[2025.05.25-09.54.44:215][  0]LogConfig: Setting CVar [[r.TessellationAdaptivePixelsPerTriangle:48.000000]]
[2025.05.25-09.54.44:215][  0]LogConfig: Setting CVar [[r.SeparateTranslucency:0]]
[2025.05.25-09.54.44:215][  0]LogConfig: Setting CVar [[r.TranslucentSortPolicy:0]]
[2025.05.25-09.54.44:215][  0]LogConfig: Setting CVar [[r.CustomDepth:1]]
[2025.05.25-09.54.44:215][  0]LogConfig: Setting CVar [[r.CustomDepthTemporalAAJitter:1]]
[2025.05.25-09.54.44:215][  0]LogConfig: Setting CVar [[r.PostProcessing.PropagateAlpha:0]]
[2025.05.25-09.54.44:215][  0]LogConfig: Setting CVar [[r.DefaultFeature.Bloom:0]]
[2025.05.25-09.54.44:215][  0]LogConfig: Setting CVar [[r.DefaultFeature.AmbientOcclusion:0]]
[2025.05.25-09.54.44:215][  0]LogConfig: Setting CVar [[r.DefaultFeature.AmbientOcclusionStaticFraction:1]]
[2025.05.25-09.54.44:215][  0]LogConfig: Setting CVar [[r.DefaultFeature.AutoExposure:0]]
[2025.05.25-09.54.44:215][  0]LogConfig: Setting CVar [[r.DefaultFeature.AutoExposure.Method:0]]
[2025.05.25-09.54.44:215][  0]LogConfig: Setting CVar [[r.DefaultFeature.AutoExposure.Bias:1.000000]]
[2025.05.25-09.54.44:215][  0]LogConfig: Setting CVar [[r.DefaultFeature.AutoExposure.ExtendDefaultLuminanceRange:1]]
[2025.05.25-09.54.44:215][  0]LogConfig: Setting CVar [[r.UsePreExposure:1]]
[2025.05.25-09.54.44:215][  0]LogConfig: Setting CVar [[r.EyeAdaptation.EditorOnly:0]]
[2025.05.25-09.54.44:215][  0]LogConfig: Setting CVar [[r.DefaultFeature.MotionBlur:0]]
[2025.05.25-09.54.44:215][  0]LogConfig: Setting CVar [[r.DefaultFeature.LensFlare:0]]
[2025.05.25-09.54.44:215][  0]LogConfig: Setting CVar [[r.TemporalAA.Upsampling:0]]
[2025.05.25-09.54.44:215][  0]LogConfig: Setting CVar [[r.SSGI.Enable:0]]
[2025.05.25-09.54.44:215][  0]LogConfig: Setting CVar [[r.DefaultFeature.AntiAliasing:3]]
[2025.05.25-09.54.44:215][  0]LogConfig: Setting CVar [[r.DefaultFeature.LightUnits:1]]
[2025.05.25-09.54.44:215][  0]LogConfig: Setting CVar [[r.DefaultBackBufferPixelFormat:4]]
[2025.05.25-09.54.44:215][  0]LogConfig: Setting CVar [[r.Shadow.UnbuiltPreviewInGame:1]]
[2025.05.25-09.54.44:215][  0]LogConfig: Setting CVar [[r.StencilForLODDither:0]]
[2025.05.25-09.54.44:215][  0]LogConfig: Setting CVar [[r.EarlyZPass:3]]
[2025.05.25-09.54.44:215][  0]LogConfig: Setting CVar [[r.EarlyZPassOnlyMaterialMasking:0]]
[2025.05.25-09.54.44:215][  0]LogConfig: Setting CVar [[r.DBuffer:1]]
[2025.05.25-09.54.44:215][  0]LogConfig: Setting CVar [[r.ClearSceneMethod:1]]
[2025.05.25-09.54.44:215][  0]LogConfig: Setting CVar [[r.BasePassOutputsVelocity:0]]
[2025.05.25-09.54.44:215][  0]LogConfig: Setting CVar [[r.VertexDeformationOutputsVelocity:0]]
[2025.05.25-09.54.44:215][  0]LogConfig: Setting CVar [[r.SelectiveBasePassOutputs:0]]
[2025.05.25-09.54.44:215][  0]LogConfig: Setting CVar [[fx.GPUSimulationTextureSizeX:1024]]
[2025.05.25-09.54.44:215][  0]LogConfig: Setting CVar [[fx.GPUSimulationTextureSizeY:1024]]
[2025.05.25-09.54.44:215][  0]LogConfig: Setting CVar [[r.AllowGlobalClipPlane:0]]
[2025.05.25-09.54.44:215][  0]LogConfig: Setting CVar [[r.GBufferFormat:1]]
[2025.05.25-09.54.44:215][  0]LogConfig: Setting CVar [[r.MorphTarget.Mode:1]]
[2025.05.25-09.54.44:215][  0]LogConfig: Setting CVar [[vr.InstancedStereo:1]]
[2025.05.25-09.54.44:215][  0]LogConfig: Setting CVar [[r.MobileHDR:0]]
[2025.05.25-09.54.44:215][  0]LogConfig: Setting CVar [[vr.MobileMultiView:1]]
[2025.05.25-09.54.44:215][  0]LogConfig: Setting CVar [[r.Mobile.UseHWsRGBEncoding:1]]
[2025.05.25-09.54.44:215][  0]LogConfig: Setting CVar [[vr.RoundRobinOcclusion:0]]
[2025.05.25-09.54.44:215][  0]LogConfig: Setting CVar [[vr.ODSCapture:0]]
[2025.05.25-09.54.44:215][  0]LogConfig: Setting CVar [[r.MeshStreaming:0]]
[2025.05.25-09.54.44:215][  0]LogConfig: Setting CVar [[r.WireframeCullThreshold:5.000000]]
[2025.05.25-09.54.44:215][  0]LogConfig: Setting CVar [[r.RayTracing:0]]
[2025.05.25-09.54.44:215][  0]LogConfig: Setting CVar [[r.RayTracing.UseTextureLod:0]]
[2025.05.25-09.54.44:215][  0]LogConfig: Setting CVar [[r.SupportStationarySkylight:1]]
[2025.05.25-09.54.44:215][  0]LogConfig: Setting CVar [[r.SupportLowQualityLightmaps:1]]
[2025.05.25-09.54.44:215][  0]LogConfig: Setting CVar [[r.SupportPointLightWholeSceneShadows:1]]
[2025.05.25-09.54.44:215][  0]LogConfig: Setting CVar [[r.SupportAtmosphericFog:1]]
[2025.05.25-09.54.44:215][  0]LogConfig: Setting CVar [[r.SupportSkyAtmosphere:1]]
[2025.05.25-09.54.44:215][  0]LogConfig: Setting CVar [[r.SupportSkyAtmosphereAffectsHeightFog:0]]
[2025.05.25-09.54.44:215][  0]LogConfig: Setting CVar [[r.SkinCache.CompileShaders:0]]
[2025.05.25-09.54.44:215][  0]LogConfig: Setting CVar [[r.SkinCache.DefaultBehavior:1]]
[2025.05.25-09.54.44:215][  0]LogConfig: Setting CVar [[r.SkinCache.SceneMemoryLimitInMB:128.000000]]
[2025.05.25-09.54.44:215][  0]LogConfig: Setting CVar [[r.Mobile.EnableStaticAndCSMShadowReceivers:1]]
[2025.05.25-09.54.44:215][  0]LogConfig: Setting CVar [[r.Mobile.EnableMovableLightCSMShaderCulling:1]]
[2025.05.25-09.54.44:215][  0]LogConfig: Setting CVar [[r.Mobile.AllowDistanceFieldShadows:1]]
[2025.05.25-09.54.44:215][  0]LogConfig: Setting CVar [[r.Mobile.AllowMovableDirectionalLights:1]]
[2025.05.25-09.54.44:215][  0]LogConfig: Setting CVar [[r.MobileNumDynamicPointLights:4]]
[2025.05.25-09.54.44:215][  0]LogConfig: Setting CVar [[r.MobileDynamicPointLightsUseStaticBranch:1]]
[2025.05.25-09.54.44:215][  0]LogConfig: Setting CVar [[r.Mobile.EnableMovableSpotlights:0]]
[2025.05.25-09.54.44:215][  0]LogConfig: Setting CVar [[r.Mobile.EnableMovableSpotlightsShadow:0]]
[2025.05.25-09.54.44:215][  0]LogConfig: Setting CVar [[r.GPUSkin.Support16BitBoneIndex:0]]
[2025.05.25-09.54.44:215][  0]LogConfig: Setting CVar [[r.GPUSkin.Limit2BoneInfluences:0]]
[2025.05.25-09.54.44:215][  0]LogConfig: Setting CVar [[r.SupportDepthOnlyIndexBuffers:1]]
[2025.05.25-09.54.44:215][  0]LogConfig: Setting CVar [[r.SupportReversedIndexBuffers:1]]
[2025.05.25-09.54.44:215][  0]LogConfig: Setting CVar [[r.LightPropagationVolume:0]]
[2025.05.25-09.54.44:215][  0]LogConfig: Setting CVar [[r.Mobile.AmbientOcclusion:0]]
[2025.05.25-09.54.44:215][  0]LogConfig: Setting CVar [[r.GPUSkin.UnlimitedBoneInfluences:0]]
[2025.05.25-09.54.44:215][  0]LogConfig: Setting CVar [[r.GPUSkin.UnlimitedBoneInfluencesThreshold:8]]
[2025.05.25-09.54.44:215][  0]LogConfig: Setting CVar [[r.Mobile.PlanarReflectionMode:0]]
[2025.05.25-09.54.44:216][  0]LogConfig: Setting CVar [[r.Mobile.SupportGPUScene:1]]
[2025.05.25-09.54.44:216][  0]LogConfig: Applying CVar settings from Section [/Script/Engine.RendererOverrideSettings] File [C:/Users/AlisaDI/Documents/MephiTasks/UnrealProject/Saved/Config/Windows/Engine.ini]
[2025.05.25-09.54.44:216][  0]LogConfig: Applying CVar settings from Section [/Script/Engine.StreamingSettings] File [C:/Users/AlisaDI/Documents/MephiTasks/UnrealProject/Saved/Config/Windows/Engine.ini]
[2025.05.25-09.54.44:216][  0]LogConfig: Setting CVar [[s.MinBulkDataSizeForAsyncLoading:131072]]
[2025.05.25-09.54.44:216][  0]LogConfig: Setting CVar [[s.AsyncLoadingThreadEnabled:0]]
[2025.05.25-09.54.44:216][  0]LogConfig: Setting CVar [[s.EventDrivenLoaderEnabled:1]]
[2025.05.25-09.54.44:216][  0]LogConfig: Setting CVar [[s.WarnIfTimeLimitExceeded:0]]
[2025.05.25-09.54.44:216][  0]LogConfig: Setting CVar [[s.TimeLimitExceededMultiplier:1.5]]
[2025.05.25-09.54.44:216][  0]LogConfig: Setting CVar [[s.TimeLimitExceededMinTime:0.005]]
[2025.05.25-09.54.44:216][  0]LogConfig: Setting CVar [[s.UseBackgroundLevelStreaming:1]]
[2025.05.25-09.54.44:216][  0]LogConfig: Setting CVar [[s.PriorityAsyncLoadingExtraTime:15.0]]
[2025.05.25-09.54.44:216][  0]LogConfig: Setting CVar [[s.LevelStreamingActorsUpdateTimeLimit:5.0]]
[2025.05.25-09.54.44:216][  0]LogConfig: Setting CVar [[s.PriorityLevelStreamingActorsUpdateExtraTime:5.0]]
[2025.05.25-09.54.44:216][  0]LogConfig: Setting CVar [[s.LevelStreamingComponentsRegistrationGranularity:10]]
[2025.05.25-09.54.44:216][  0]LogConfig: Setting CVar [[s.UnregisterComponentsTimeLimit:1.0]]
[2025.05.25-09.54.44:216][  0]LogConfig: Setting CVar [[s.LevelStreamingComponentsUnregistrationGranularity:5]]
[2025.05.25-09.54.44:216][  0]LogConfig: Setting CVar [[s.FlushStreamingOnExit:1]]
[2025.05.25-09.54.44:216][  0]LogConfig: Applying CVar settings from Section [/Script/Engine.GarbageCollectionSettings] File [C:/Users/AlisaDI/Documents/MephiTasks/UnrealProject/Saved/Config/Windows/Engine.ini]
[2025.05.25-09.54.44:216][  0]LogConfig: Setting CVar [[gc.MaxObjectsNotConsideredByGC:1]]
[2025.05.25-09.54.44:216][  0]LogConfig: Setting CVar [[gc.SizeOfPermanentObjectPool:0]]
[2025.05.25-09.54.44:216][  0]LogConfig: Setting CVar [[gc.FlushStreamingOnGC:0]]
[2025.05.25-09.54.44:216][  0]LogConfig: Setting CVar [[gc.NumRetriesBeforeForcingGC:10]]
[2025.05.25-09.54.44:216][  0]LogConfig: Setting CVar [[gc.AllowParallelGC:1]]
[2025.05.25-09.54.44:216][  0]LogConfig: Setting CVar [[gc.TimeBetweenPurgingPendingKillObjects:61.1]]
[2025.05.25-09.54.44:216][  0]LogConfig: Setting CVar [[gc.MaxObjectsInEditor:25165824]]
[2025.05.25-09.54.44:216][  0]LogConfig: Setting CVar [[gc.IncrementalBeginDestroyEnabled:1]]
[2025.05.25-09.54.44:216][  0]LogConfig: Setting CVar [[gc.CreateGCClusters:1]]
[2025.05.25-09.54.44:216][  0]LogConfig: Setting CVar [[gc.MinGCClusterSize:5]]
[2025.05.25-09.54.44:216][  0]LogConfig: Setting CVar [[gc.ActorClusteringEnabled:0]]
[2025.05.25-09.54.44:216][  0]LogConfig: Setting CVar [[gc.BlueprintClusteringEnabled:0]]
[2025.05.25-09.54.44:216][  0]LogConfig: Setting CVar [[gc.UseDisregardForGCOnDedicatedServers:0]]
[2025.05.25-09.54.44:216][  0]LogConfig: Setting CVar [[gc.MultithreadedDestructionEnabled:1]]
[2025.05.25-09.54.44:216][  0]LogConfig: Applying CVar settings from Section [/Script/Engine.NetworkSettings] File [C:/Users/AlisaDI/Documents/MephiTasks/UnrealProject/Saved/Config/Windows/Engine.ini]
[2025.05.25-09.54.44:216][  0]LogConfig: Applying CVar settings from Section [/Script/UnrealEd.CookerSettings] File [C:/Users/AlisaDI/Documents/MephiTasks/UnrealProject/Saved/Config/Windows/Engine.ini]
[2025.05.25-09.54.44:221][  0]LogConfig: Applying CVar settings from Section [ViewDistanceQuality@3] File [C:/Users/AlisaDI/Documents/MephiTasks/UnrealProject/Saved/Config/Windows/Scalability.ini]
[2025.05.25-09.54.44:221][  0]LogConfig: Setting CVar [[r.SkeletalMeshLODBias:0]]
[2025.05.25-09.54.44:221][  0]LogConfig: Setting CVar [[r.ViewDistanceScale:1.0]]
[2025.05.25-09.54.44:221][  0]LogConfig: Applying CVar settings from Section [AntiAliasingQuality@3] File [C:/Users/AlisaDI/Documents/MephiTasks/UnrealProject/Saved/Config/Windows/Scalability.ini]
[2025.05.25-09.54.44:221][  0]LogConfig: Setting CVar [[r.PostProcessAAQuality:4]]
[2025.05.25-09.54.44:221][  0]LogConfig: Applying CVar settings from Section [ShadowQuality@3] File [C:/Users/AlisaDI/Documents/MephiTasks/UnrealProject/Saved/Config/Windows/Scalability.ini]
[2025.05.25-09.54.44:221][  0]LogConfig: Setting CVar [[r.LightFunctionQuality:1]]
[2025.05.25-09.54.44:221][  0]LogConfig: Setting CVar [[r.ShadowQuality:5]]
[2025.05.25-09.54.44:221][  0]LogConfig: Setting CVar [[r.Shadow.CSM.MaxCascades:10]]
[2025.05.25-09.54.44:221][  0]LogConfig: Setting CVar [[r.Shadow.MaxResolution:2048]]
[2025.05.25-09.54.44:221][  0]LogConfig: Setting CVar [[r.Shadow.MaxCSMResolution:2048]]
[2025.05.25-09.54.44:221][  0]LogConfig: Setting CVar [[r.Shadow.RadiusThreshold:0.01]]
[2025.05.25-09.54.44:221][  0]LogConfig: Setting CVar [[r.Shadow.DistanceScale:1.0]]
[2025.05.25-09.54.44:221][  0]LogConfig: Setting CVar [[r.Shadow.CSM.TransitionScale:1.0]]
[2025.05.25-09.54.44:221][  0]LogConfig: Setting CVar [[r.Shadow.PreShadowResolutionFactor:1.0]]
[2025.05.25-09.54.44:221][  0]LogConfig: Setting CVar [[r.DistanceFieldShadowing:1]]
[2025.05.25-09.54.44:221][  0]LogConfig: Setting CVar [[r.DistanceFieldAO:1]]
[2025.05.25-09.54.44:221][  0]LogConfig: Setting CVar [[r.AOQuality:2]]
[2025.05.25-09.54.44:221][  0]LogConfig: Setting CVar [[r.VolumetricFog:1]]
[2025.05.25-09.54.44:221][  0]LogConfig: Setting CVar [[r.VolumetricFog.GridPixelSize:8]]
[2025.05.25-09.54.44:221][  0]LogConfig: Setting CVar [[r.VolumetricFog.GridSizeZ:128]]
[2025.05.25-09.54.44:221][  0]LogConfig: Setting CVar [[r.VolumetricFog.HistoryMissSupersampleCount:4]]
[2025.05.25-09.54.44:221][  0]LogConfig: Setting CVar [[r.LightMaxDrawDistanceScale:1]]
[2025.05.25-09.54.44:221][  0]LogConfig: Setting CVar [[r.CapsuleShadows:1]]
[2025.05.25-09.54.44:221][  0]LogConfig: Applying CVar settings from Section [PostProcessQuality@3] File [C:/Users/AlisaDI/Documents/MephiTasks/UnrealProject/Saved/Config/Windows/Scalability.ini]
[2025.05.25-09.54.44:221][  0]LogConfig: Setting CVar [[r.MotionBlurQuality:4]]
[2025.05.25-09.54.44:221][  0]LogConfig: Setting CVar [[r.AmbientOcclusionMipLevelFactor:0.4]]
[2025.05.25-09.54.44:221][  0]LogConfig: Setting CVar [[r.AmbientOcclusionMaxQuality:100]]
[2025.05.25-09.54.44:221][  0]LogConfig: Setting CVar [[r.AmbientOcclusionLevels:-1]]
[2025.05.25-09.54.44:221][  0]LogConfig: Setting CVar [[r.AmbientOcclusionRadiusScale:1.0]]
[2025.05.25-09.54.44:221][  0]LogConfig: Setting CVar [[r.DepthOfFieldQuality:2]]
[2025.05.25-09.54.44:221][  0]LogConfig: Setting CVar [[r.RenderTargetPoolMin:400]]
[2025.05.25-09.54.44:221][  0]LogConfig: Setting CVar [[r.LensFlareQuality:2]]
[2025.05.25-09.54.44:221][  0]LogConfig: Setting CVar [[r.SceneColorFringeQuality:1]]
[2025.05.25-09.54.44:221][  0]LogConfig: Setting CVar [[r.EyeAdaptationQuality:2]]
[2025.05.25-09.54.44:221][  0]LogConfig: Setting CVar [[r.BloomQuality:5]]
[2025.05.25-09.54.44:221][  0]LogConfig: Setting CVar [[r.FastBlurThreshold:100]]
[2025.05.25-09.54.44:221][  0]LogConfig: Setting CVar [[r.Upscale.Quality:3]]
[2025.05.25-09.54.44:221][  0]LogConfig: Setting CVar [[r.Tonemapper.GrainQuantization:1]]
[2025.05.25-09.54.44:221][  0]LogConfig: Setting CVar [[r.LightShaftQuality:1]]
[2025.05.25-09.54.44:221][  0]LogConfig: Setting CVar [[r.Filter.SizeScale:1]]
[2025.05.25-09.54.44:221][  0]LogConfig: Setting CVar [[r.Tonemapper.Quality:5]]
[2025.05.25-09.54.44:221][  0]LogConfig: Setting CVar [[r.DOF.Gather.AccumulatorQuality:1        ; higher gathering accumulator quality]]
[2025.05.25-09.54.44:221][  0]LogConfig: Setting CVar [[r.DOF.Gather.PostfilterMethod:1          ; Median3x3 postfilering method]]
[2025.05.25-09.54.44:221][  0]LogConfig: Setting CVar [[r.DOF.Gather.EnableBokehSettings:0       ; no bokeh simulation when gathering]]
[2025.05.25-09.54.44:221][  0]LogConfig: Setting CVar [[r.DOF.Gather.RingCount:4                 ; medium number of samples when gathering]]
[2025.05.25-09.54.44:221][  0]LogConfig: Setting CVar [[r.DOF.Scatter.ForegroundCompositing:1    ; additive foreground scattering]]
[2025.05.25-09.54.44:221][  0]LogConfig: Setting CVar [[r.DOF.Scatter.BackgroundCompositing:2    ; additive background scattering]]
[2025.05.25-09.54.44:221][  0]LogConfig: Setting CVar [[r.DOF.Scatter.EnableBokehSettings:1      ; bokeh simulation when scattering]]
[2025.05.25-09.54.44:221][  0]LogConfig: Setting CVar [[r.DOF.Scatter.MaxSpriteRatio:0.1         ; only a maximum of 10% of scattered bokeh]]
[2025.05.25-09.54.44:221][  0]LogConfig: Setting CVar [[r.DOF.Recombine.Quality:1                ; cheap slight out of focus]]
[2025.05.25-09.54.44:221][  0]LogConfig: Setting CVar [[r.DOF.Recombine.EnableBokehSettings:0    ; no bokeh simulation on slight out of focus]]
[2025.05.25-09.54.44:221][  0]LogConfig: Setting CVar [[r.DOF.TemporalAAQuality:1                ; more stable temporal accumulation]]
[2025.05.25-09.54.44:221][  0]LogConfig: Setting CVar [[r.DOF.Kernel.MaxForegroundRadius:0.025]]
[2025.05.25-09.54.44:221][  0]LogConfig: Setting CVar [[r.DOF.Kernel.MaxBackgroundRadius:0.025]]
[2025.05.25-09.54.44:221][  0]LogConfig: Applying CVar settings from Section [TextureQuality@3] File [C:/Users/AlisaDI/Documents/MephiTasks/UnrealProject/Saved/Config/Windows/Scalability.ini]
[2025.05.25-09.54.44:221][  0]LogConfig: Setting CVar [[r.Streaming.MipBias:0]]
[2025.05.25-09.54.44:221][  0]LogConfig: Setting CVar [[r.Streaming.AmortizeCPUToGPUCopy:0]]
[2025.05.25-09.54.44:221][  0]LogConfig: Setting CVar [[r.Streaming.MaxNumTexturesToStreamPerFrame:0]]
[2025.05.25-09.54.44:221][  0]LogConfig: Setting CVar [[r.Streaming.Boost:1]]
[2025.05.25-09.54.44:221][  0]LogConfig: Setting CVar [[r.MaxAnisotropy:8]]
[2025.05.25-09.54.44:221][  0]LogConfig: Setting CVar [[r.VT.MaxAnisotropy:8]]
[2025.05.25-09.54.44:221][  0]LogConfig: Setting CVar [[r.Streaming.LimitPoolSizeToVRAM:0]]
[2025.05.25-09.54.44:221][  0]LogConfig: Setting CVar [[r.Streaming.PoolSize:1000]]
[2025.05.25-09.54.44:221][  0]LogConfig: Setting CVar [[r.Streaming.MaxEffectiveScreenSize:0]]
[2025.05.25-09.54.44:221][  0]LogConfig: Applying CVar settings from Section [EffectsQuality@3] File [C:/Users/AlisaDI/Documents/MephiTasks/UnrealProject/Saved/Config/Windows/Scalability.ini]
[2025.05.25-09.54.44:221][  0]LogConfig: Setting CVar [[r.TranslucencyLightingVolumeDim:64]]
[2025.05.25-09.54.44:221][  0]LogConfig: Setting CVar [[r.RefractionQuality:2]]
[2025.05.25-09.54.44:221][  0]LogConfig: Setting CVar [[r.SSR.Quality:3]]
[2025.05.25-09.54.44:221][  0]LogConfig: Setting CVar [[r.SSR.HalfResSceneColor:0]]
[2025.05.25-09.54.44:221][  0]LogConfig: Setting CVar [[r.SceneColorFormat:4]]
[2025.05.25-09.54.44:221][  0]LogConfig: Setting CVar [[r.DetailMode:2]]
[2025.05.25-09.54.44:221][  0]LogConfig: Setting CVar [[r.TranslucencyVolumeBlur:1]]
[2025.05.25-09.54.44:221][  0]LogConfig: Setting CVar [[r.MaterialQualityLevel:1 ; High quality]]
[2025.05.25-09.54.44:221][  0]LogConfig: Setting CVar [[r.AnisotropicMaterials:1]]
[2025.05.25-09.54.44:221][  0]LogConfig: Setting CVar [[r.SSS.Scale:1]]
[2025.05.25-09.54.44:221][  0]LogConfig: Setting CVar [[r.SSS.SampleSet:2]]
[2025.05.25-09.54.44:221][  0]LogConfig: Setting CVar [[r.SSS.Quality:1]]
[2025.05.25-09.54.44:221][  0]LogConfig: Setting CVar [[r.SSS.HalfRes:0]]
[2025.05.25-09.54.44:221][  0]LogConfig: Setting CVar [[r.SSGI.Quality:3]]
[2025.05.25-09.54.44:221][  0]LogConfig: Setting CVar [[r.EmitterSpawnRateScale:1.0]]
[2025.05.25-09.54.44:221][  0]LogConfig: Setting CVar [[r.ParticleLightQuality:2]]
[2025.05.25-09.54.44:221][  0]LogConfig: Setting CVar [[r.SkyAtmosphere.AerialPerspectiveLUT.FastApplyOnOpaque:1 ; Always have FastSkyLUT 1 in this case to avoid wrong sky]]
[2025.05.25-09.54.44:221][  0]LogConfig: Setting CVar [[r.SkyAtmosphere.AerialPerspectiveLUT.SampleCountMaxPerSlice:4]]
[2025.05.25-09.54.44:221][  0]LogConfig: Setting CVar [[r.SkyAtmosphere.AerialPerspectiveLUT.DepthResolution:16.0]]
[2025.05.25-09.54.44:221][  0]LogConfig: Setting CVar [[r.SkyAtmosphere.FastSkyLUT:1]]
[2025.05.25-09.54.44:222][  0]LogConfig: Setting CVar [[r.SkyAtmosphere.FastSkyLUT.SampleCountMin:4.0]]
[2025.05.25-09.54.44:222][  0]LogConfig: Setting CVar [[r.SkyAtmosphere.FastSkyLUT.SampleCountMax:128.0]]
[2025.05.25-09.54.44:222][  0]LogConfig: Setting CVar [[r.SkyAtmosphere.SampleCountMin:4.0]]
[2025.05.25-09.54.44:222][  0]LogConfig: Setting CVar [[r.SkyAtmosphere.SampleCountMax:128.0]]
[2025.05.25-09.54.44:222][  0]LogConfig: Setting CVar [[r.SkyAtmosphere.TransmittanceLUT.UseSmallFormat:0]]
[2025.05.25-09.54.44:222][  0]LogConfig: Setting CVar [[r.SkyAtmosphere.TransmittanceLUT.SampleCount:10.0]]
[2025.05.25-09.54.44:222][  0]LogConfig: Setting CVar [[r.SkyAtmosphere.MultiScatteringLUT.SampleCount:15.0]]
[2025.05.25-09.54.44:222][  0]LogConfig: Setting CVar [[r.SkyLight.RealTimeReflectionCapture:1]]
[2025.05.25-09.54.44:222][  0]LogConfig: Applying CVar settings from Section [FoliageQuality@3] File [C:/Users/AlisaDI/Documents/MephiTasks/UnrealProject/Saved/Config/Windows/Scalability.ini]
[2025.05.25-09.54.44:222][  0]LogConfig: Setting CVar [[foliage.DensityScale:1.0]]
[2025.05.25-09.54.44:222][  0]LogConfig: Setting CVar [[grass.DensityScale:1.0]]
[2025.05.25-09.54.44:222][  0]LogConfig: Applying CVar settings from Section [ShadingQuality@3] File [C:/Users/AlisaDI/Documents/MephiTasks/UnrealProject/Saved/Config/Windows/Scalability.ini]
[2025.05.25-09.54.44:222][  0]LogConfig: Setting CVar [[r.HairStrands.SkyLighting.IntegrationType:2]]
[2025.05.25-09.54.44:222][  0]LogConfig: Setting CVar [[r.HairStrands.SkyAO.SampleCount:4]]
[2025.05.25-09.54.44:222][  0]LogConfig: Setting CVar [[r.HairStrands.Visibility.MSAA.SamplePerPixel:4]]
[2025.05.25-09.54.44:222][  0]LogInit: Selected Device Profile: [Windows]
[2025.05.25-09.54.44:222][  0]LogInit: Applying CVar settings loaded from the selected device profile: [Windows]
[2025.05.25-09.54.44:222][  0]LogHAL: Display: Platform has ~ 32 GB [34046742528 / 34359738368 / 32], which maps to Largest [LargestMinGB=32, LargerMinGB=12, DefaultMinGB=8, SmallerMinGB=6, SmallestMinGB=0)
[2025.05.25-09.54.44:222][  0]LogInit: Going up to parent DeviceProfile []
[2025.05.25-09.54.44:222][  0]LogConfig: Applying CVar settings from Section [ViewDistanceQuality@3] File [C:/Users/AlisaDI/Documents/MephiTasks/UnrealProject/Saved/Config/Windows/Scalability.ini]
[2025.05.25-09.54.44:222][  0]LogConfig: Setting CVar [[r.SkeletalMeshLODBias:0]]
[2025.05.25-09.54.44:222][  0]LogConfig: Setting CVar [[r.ViewDistanceScale:1.0]]
[2025.05.25-09.54.44:222][  0]LogConfig: Applying CVar settings from Section [AntiAliasingQuality@3] File [C:/Users/AlisaDI/Documents/MephiTasks/UnrealProject/Saved/Config/Windows/Scalability.ini]
[2025.05.25-09.54.44:222][  0]LogConfig: Setting CVar [[r.PostProcessAAQuality:4]]
[2025.05.25-09.54.44:222][  0]LogConfig: Applying CVar settings from Section [ShadowQuality@3] File [C:/Users/AlisaDI/Documents/MephiTasks/UnrealProject/Saved/Config/Windows/Scalability.ini]
[2025.05.25-09.54.44:222][  0]LogConfig: Setting CVar [[r.LightFunctionQuality:1]]
[2025.05.25-09.54.44:222][  0]LogConfig: Setting CVar [[r.ShadowQuality:5]]
[2025.05.25-09.54.44:222][  0]LogConfig: Setting CVar [[r.Shadow.CSM.MaxCascades:10]]
[2025.05.25-09.54.44:222][  0]LogConfig: Setting CVar [[r.Shadow.MaxResolution:2048]]
[2025.05.25-09.54.44:222][  0]LogConfig: Setting CVar [[r.Shadow.MaxCSMResolution:2048]]
[2025.05.25-09.54.44:222][  0]LogConfig: Setting CVar [[r.Shadow.RadiusThreshold:0.01]]
[2025.05.25-09.54.44:222][  0]LogConfig: Setting CVar [[r.Shadow.DistanceScale:1.0]]
[2025.05.25-09.54.44:222][  0]LogConfig: Setting CVar [[r.Shadow.CSM.TransitionScale:1.0]]
[2025.05.25-09.54.44:222][  0]LogConfig: Setting CVar [[r.Shadow.PreShadowResolutionFactor:1.0]]
[2025.05.25-09.54.44:222][  0]LogConfig: Setting CVar [[r.DistanceFieldShadowing:1]]
[2025.05.25-09.54.44:222][  0]LogConfig: Setting CVar [[r.DistanceFieldAO:1]]
[2025.05.25-09.54.44:222][  0]LogConfig: Setting CVar [[r.AOQuality:2]]
[2025.05.25-09.54.44:222][  0]LogConfig: Setting CVar [[r.VolumetricFog:1]]
[2025.05.25-09.54.44:222][  0]LogConfig: Setting CVar [[r.VolumetricFog.GridPixelSize:8]]
[2025.05.25-09.54.44:222][  0]LogConfig: Setting CVar [[r.VolumetricFog.GridSizeZ:128]]
[2025.05.25-09.54.44:222][  0]LogConfig: Setting CVar [[r.VolumetricFog.HistoryMissSupersampleCount:4]]
[2025.05.25-09.54.44:222][  0]LogConfig: Setting CVar [[r.LightMaxDrawDistanceScale:1]]
[2025.05.25-09.54.44:222][  0]LogConfig: Setting CVar [[r.CapsuleShadows:1]]
[2025.05.25-09.54.44:222][  0]LogConfig: Applying CVar settings from Section [PostProcessQuality@3] File [C:/Users/AlisaDI/Documents/MephiTasks/UnrealProject/Saved/Config/Windows/Scalability.ini]
[2025.05.25-09.54.44:222][  0]LogConfig: Setting CVar [[r.MotionBlurQuality:4]]
[2025.05.25-09.54.44:222][  0]LogConfig: Setting CVar [[r.AmbientOcclusionMipLevelFactor:0.4]]
[2025.05.25-09.54.44:222][  0]LogConfig: Setting CVar [[r.AmbientOcclusionMaxQuality:100]]
[2025.05.25-09.54.44:222][  0]LogConfig: Setting CVar [[r.AmbientOcclusionLevels:-1]]
[2025.05.25-09.54.44:222][  0]LogConfig: Setting CVar [[r.AmbientOcclusionRadiusScale:1.0]]
[2025.05.25-09.54.44:222][  0]LogConfig: Setting CVar [[r.DepthOfFieldQuality:2]]
[2025.05.25-09.54.44:222][  0]LogConfig: Setting CVar [[r.RenderTargetPoolMin:400]]
[2025.05.25-09.54.44:222][  0]LogConfig: Setting CVar [[r.LensFlareQuality:2]]
[2025.05.25-09.54.44:222][  0]LogConfig: Setting CVar [[r.SceneColorFringeQuality:1]]
[2025.05.25-09.54.44:222][  0]LogConfig: Setting CVar [[r.EyeAdaptationQuality:2]]
[2025.05.25-09.54.44:222][  0]LogConfig: Setting CVar [[r.BloomQuality:5]]
[2025.05.25-09.54.44:222][  0]LogConfig: Setting CVar [[r.FastBlurThreshold:100]]
[2025.05.25-09.54.44:222][  0]LogConfig: Setting CVar [[r.Upscale.Quality:3]]
[2025.05.25-09.54.44:222][  0]LogConfig: Setting CVar [[r.Tonemapper.GrainQuantization:1]]
[2025.05.25-09.54.44:222][  0]LogConfig: Setting CVar [[r.LightShaftQuality:1]]
[2025.05.25-09.54.44:222][  0]LogConfig: Setting CVar [[r.Filter.SizeScale:1]]
[2025.05.25-09.54.44:222][  0]LogConfig: Setting CVar [[r.Tonemapper.Quality:5]]
[2025.05.25-09.54.44:222][  0]LogConfig: Setting CVar [[r.DOF.Gather.AccumulatorQuality:1        ; higher gathering accumulator quality]]
[2025.05.25-09.54.44:222][  0]LogConfig: Setting CVar [[r.DOF.Gather.PostfilterMethod:1          ; Median3x3 postfilering method]]
[2025.05.25-09.54.44:222][  0]LogConfig: Setting CVar [[r.DOF.Gather.EnableBokehSettings:0       ; no bokeh simulation when gathering]]
[2025.05.25-09.54.44:222][  0]LogConfig: Setting CVar [[r.DOF.Gather.RingCount:4                 ; medium number of samples when gathering]]
[2025.05.25-09.54.44:222][  0]LogConfig: Setting CVar [[r.DOF.Scatter.ForegroundCompositing:1    ; additive foreground scattering]]
[2025.05.25-09.54.44:222][  0]LogConfig: Setting CVar [[r.DOF.Scatter.BackgroundCompositing:2    ; additive background scattering]]
[2025.05.25-09.54.44:222][  0]LogConfig: Setting CVar [[r.DOF.Scatter.EnableBokehSettings:1      ; bokeh simulation when scattering]]
[2025.05.25-09.54.44:222][  0]LogConfig: Setting CVar [[r.DOF.Scatter.MaxSpriteRatio:0.1         ; only a maximum of 10% of scattered bokeh]]
[2025.05.25-09.54.44:222][  0]LogConfig: Setting CVar [[r.DOF.Recombine.Quality:1                ; cheap slight out of focus]]
[2025.05.25-09.54.44:222][  0]LogConfig: Setting CVar [[r.DOF.Recombine.EnableBokehSettings:0    ; no bokeh simulation on slight out of focus]]
[2025.05.25-09.54.44:222][  0]LogConfig: Setting CVar [[r.DOF.TemporalAAQuality:1                ; more stable temporal accumulation]]
[2025.05.25-09.54.44:222][  0]LogConfig: Setting CVar [[r.DOF.Kernel.MaxForegroundRadius:0.025]]
[2025.05.25-09.54.44:222][  0]LogConfig: Setting CVar [[r.DOF.Kernel.MaxBackgroundRadius:0.025]]
[2025.05.25-09.54.44:222][  0]LogConfig: Applying CVar settings from Section [TextureQuality@3] File [C:/Users/AlisaDI/Documents/MephiTasks/UnrealProject/Saved/Config/Windows/Scalability.ini]
[2025.05.25-09.54.44:222][  0]LogConfig: Setting CVar [[r.Streaming.MipBias:0]]
[2025.05.25-09.54.44:222][  0]LogConfig: Setting CVar [[r.Streaming.AmortizeCPUToGPUCopy:0]]
[2025.05.25-09.54.44:222][  0]LogConfig: Setting CVar [[r.Streaming.MaxNumTexturesToStreamPerFrame:0]]
[2025.05.25-09.54.44:222][  0]LogConfig: Setting CVar [[r.Streaming.Boost:1]]
[2025.05.25-09.54.44:222][  0]LogConfig: Setting CVar [[r.MaxAnisotropy:8]]
[2025.05.25-09.54.44:222][  0]LogConfig: Setting CVar [[r.VT.MaxAnisotropy:8]]
[2025.05.25-09.54.44:222][  0]LogConfig: Setting CVar [[r.Streaming.LimitPoolSizeToVRAM:0]]
[2025.05.25-09.54.44:222][  0]LogConfig: Setting CVar [[r.Streaming.PoolSize:1000]]
[2025.05.25-09.54.44:222][  0]LogConfig: Setting CVar [[r.Streaming.MaxEffectiveScreenSize:0]]
[2025.05.25-09.54.44:222][  0]LogConfig: Applying CVar settings from Section [EffectsQuality@3] File [C:/Users/AlisaDI/Documents/MephiTasks/UnrealProject/Saved/Config/Windows/Scalability.ini]
[2025.05.25-09.54.44:222][  0]LogConfig: Setting CVar [[r.TranslucencyLightingVolumeDim:64]]
[2025.05.25-09.54.44:222][  0]LogConfig: Setting CVar [[r.RefractionQuality:2]]
[2025.05.25-09.54.44:222][  0]LogConfig: Setting CVar [[r.SSR.Quality:3]]
[2025.05.25-09.54.44:222][  0]LogConfig: Setting CVar [[r.SSR.HalfResSceneColor:0]]
[2025.05.25-09.54.44:222][  0]LogConfig: Setting CVar [[r.SceneColorFormat:4]]
[2025.05.25-09.54.44:222][  0]LogConfig: Setting CVar [[r.DetailMode:2]]
[2025.05.25-09.54.44:222][  0]LogConfig: Setting CVar [[r.TranslucencyVolumeBlur:1]]
[2025.05.25-09.54.44:222][  0]LogConfig: Setting CVar [[r.MaterialQualityLevel:1 ; High quality]]
[2025.05.25-09.54.44:222][  0]LogConfig: Setting CVar [[r.AnisotropicMaterials:1]]
[2025.05.25-09.54.44:222][  0]LogConfig: Setting CVar [[r.SSS.Scale:1]]
[2025.05.25-09.54.44:222][  0]LogConfig: Setting CVar [[r.SSS.SampleSet:2]]
[2025.05.25-09.54.44:222][  0]LogConfig: Setting CVar [[r.SSS.Quality:1]]
[2025.05.25-09.54.44:222][  0]LogConfig: Setting CVar [[r.SSS.HalfRes:0]]
[2025.05.25-09.54.44:222][  0]LogConfig: Setting CVar [[r.SSGI.Quality:3]]
[2025.05.25-09.54.44:222][  0]LogConfig: Setting CVar [[r.EmitterSpawnRateScale:1.0]]
[2025.05.25-09.54.44:222][  0]LogConfig: Setting CVar [[r.ParticleLightQuality:2]]
[2025.05.25-09.54.44:222][  0]LogConfig: Setting CVar [[r.SkyAtmosphere.AerialPerspectiveLUT.FastApplyOnOpaque:1 ; Always have FastSkyLUT 1 in this case to avoid wrong sky]]
[2025.05.25-09.54.44:222][  0]LogConfig: Setting CVar [[r.SkyAtmosphere.AerialPerspectiveLUT.SampleCountMaxPerSlice:4]]
[2025.05.25-09.54.44:223][  0]LogConfig: Setting CVar [[r.SkyAtmosphere.AerialPerspectiveLUT.DepthResolution:16.0]]
[2025.05.25-09.54.44:223][  0]LogConfig: Setting CVar [[r.SkyAtmosphere.FastSkyLUT:1]]
[2025.05.25-09.54.44:223][  0]LogConfig: Setting CVar [[r.SkyAtmosphere.FastSkyLUT.SampleCountMin:4.0]]
[2025.05.25-09.54.44:223][  0]LogConfig: Setting CVar [[r.SkyAtmosphere.FastSkyLUT.SampleCountMax:128.0]]
[2025.05.25-09.54.44:223][  0]LogConfig: Setting CVar [[r.SkyAtmosphere.SampleCountMin:4.0]]
[2025.05.25-09.54.44:223][  0]LogConfig: Setting CVar [[r.SkyAtmosphere.SampleCountMax:128.0]]
[2025.05.25-09.54.44:223][  0]LogConfig: Setting CVar [[r.SkyAtmosphere.TransmittanceLUT.UseSmallFormat:0]]
[2025.05.25-09.54.44:223][  0]LogConfig: Setting CVar [[r.SkyAtmosphere.TransmittanceLUT.SampleCount:10.0]]
[2025.05.25-09.54.44:223][  0]LogConfig: Setting CVar [[r.SkyAtmosphere.MultiScatteringLUT.SampleCount:15.0]]
[2025.05.25-09.54.44:223][  0]LogConfig: Setting CVar [[r.SkyLight.RealTimeReflectionCapture:1]]
[2025.05.25-09.54.44:223][  0]LogConfig: Applying CVar settings from Section [FoliageQuality@3] File [C:/Users/AlisaDI/Documents/MephiTasks/UnrealProject/Saved/Config/Windows/Scalability.ini]
[2025.05.25-09.54.44:223][  0]LogConfig: Setting CVar [[foliage.DensityScale:1.0]]
[2025.05.25-09.54.44:223][  0]LogConfig: Setting CVar [[grass.DensityScale:1.0]]
[2025.05.25-09.54.44:223][  0]LogConfig: Applying CVar settings from Section [ShadingQuality@3] File [C:/Users/AlisaDI/Documents/MephiTasks/UnrealProject/Saved/Config/Windows/Scalability.ini]
[2025.05.25-09.54.44:223][  0]LogConfig: Setting CVar [[r.HairStrands.SkyLighting.IntegrationType:2]]
[2025.05.25-09.54.44:223][  0]LogConfig: Setting CVar [[r.HairStrands.SkyAO.SampleCount:4]]
[2025.05.25-09.54.44:223][  0]LogConfig: Setting CVar [[r.HairStrands.Visibility.MSAA.SamplePerPixel:4]]
[2025.05.25-09.54.44:223][  0]LogConfig: Applying CVar settings from Section [Startup] File [../../../Engine/Config/ConsoleVariables.ini]
[2025.05.25-09.54.44:223][  0]LogConfig: Setting CVar [[net.UseAdaptiveNetUpdateFrequency:0]]
[2025.05.25-09.54.44:223][  0]LogConfig: Setting CVar [[p.chaos.AllowCreatePhysxBodies:1]]
[2025.05.25-09.54.44:223][  0]LogConfig: Setting CVar [[fx.SkipVectorVMBackendOptimizations:1]]
[2025.05.25-09.54.44:223][  0]LogConfig: Applying CVar settings from Section [ConsoleVariables] File [C:/Users/AlisaDI/Documents/MephiTasks/UnrealProject/Saved/Config/Windows/Engine.ini]
[2025.05.25-09.54.44:223][  0]LogConfig: Applying CVar settings from Section [ConsoleVariables] File [C:/Users/AlisaDI/Documents/MephiTasks/UnrealProject/Saved/Config/Windows/Editor.ini]
[2025.05.25-09.54.44:223][  0]LogInit: Computer: DESKTOP-N5SQRU4
[2025.05.25-09.54.44:223][  0]LogInit: User: AlisaDI
[2025.05.25-09.54.44:223][  0]LogInit: CPU Page size=4096, Cores=8
[2025.05.25-09.54.44:223][  0]LogInit: High frequency timer resolution =10.000000 MHz
[2025.05.25-09.54.44:223][  0]LogMemory: Memory total: Physical=31.7GB (32GB approx)
[2025.05.25-09.54.44:223][  0]LogMemory: Platform Memory Stats for Windows
[2025.05.25-09.54.44:223][  0]LogMemory: Process Physical Memory: 148.36 MB used, 148.37 MB peak
[2025.05.25-09.54.44:223][  0]LogMemory: Process Virtual Memory: 123.83 MB used, 123.83 MB peak
[2025.05.25-09.54.44:223][  0]LogMemory: Physical Memory: 13183.93 MB used,  19285.57 MB free, 32469.50 MB total
[2025.05.25-09.54.44:223][  0]LogMemory: Virtual Memory: 134204768.00 MB used,  12957.64 MB free, 134217728.00 MB total
[2025.05.25-09.54.44:227][  0]LogWindows: WindowsPlatformFeatures enabled
[2025.05.25-09.54.44:258][  0]LogInit: Physics initialised using underlying interface: PhysX
[2025.05.25-09.54.44:258][  0]LogInit: Using OS detected language (ru-RU).
[2025.05.25-09.54.44:258][  0]LogInit: Using OS detected locale (ru-RU).
[2025.05.25-09.54.44:260][  0]LogTextLocalizationManager: No specific localization for 'ru-RU' exists, so the 'ru' localization will be used.
[2025.05.25-09.54.44:260][  0]LogTextLocalizationResource: LocRes '../../../Engine/Content/Localization/Editor/ru/Editor.locres' could not be opened for reading!
[2025.05.25-09.54.44:261][  0]LogTextLocalizationResource: LocRes '../../../Engine/Content/Localization/EditorTutorials/ru/EditorTutorials.locres' could not be opened for reading!
[2025.05.25-09.54.44:261][  0]LogTextLocalizationResource: LocRes '../../../Engine/Content/Localization/Keywords/ru/Keywords.locres' could not be opened for reading!
[2025.05.25-09.54.44:261][  0]LogTextLocalizationResource: LocRes '../../../Engine/Content/Localization/Category/ru/Category.locres' could not be opened for reading!
[2025.05.25-09.54.44:261][  0]LogTextLocalizationResource: LocRes '../../../Engine/Content/Localization/ToolTips/ru/ToolTips.locres' could not be opened for reading!
[2025.05.25-09.54.44:261][  0]LogTextLocalizationResource: LocRes '../../../Engine/Content/Localization/PropertyNames/ru/PropertyNames.locres' could not be opened for reading!
[2025.05.25-09.54.44:261][  0]LogTextLocalizationResource: LocRes '../../../Engine/Content/Localization/Engine/ru/Engine.locres' could not be opened for reading!
[2025.05.25-09.54.44:261][  0]LogInit: Setting process to per monitor DPI aware
[2025.05.25-09.54.44:278][  0]LogWindowsTextInputMethodSystem: Display: IME system deactivated.
[2025.05.25-09.54.44:293][  0]LogSlate: New Slate User Created.  User Index 0, Is Virtual User: 0
[2025.05.25-09.54.44:293][  0]LogSlate: Slate User Registered.  User Index 0, Is Virtual User: 0
[2025.05.25-09.54.44:420][  0]LogD3D11RHI: Loaded GFSDK_Aftermath_Lib.x64.dll
[2025.05.25-09.54.44:434][  0]LogHMD: Failed to enumerate extensions. Please check that you have a valid OpenXR runtime installed.
[2025.05.25-09.54.44:434][  0]LogD3D11RHI: D3D11 min allowed feature level: 11_0
[2025.05.25-09.54.44:434][  0]LogD3D11RHI: D3D11 max allowed feature level: 11_0
[2025.05.25-09.54.44:434][  0]LogD3D11RHI: D3D11 adapters:
[2025.05.25-09.54.44:588][  0]LogD3D11RHI:    0. 'NVIDIA GeForce RTX 3050 Laptop GPU' (Feature Level 11_0)
[2025.05.25-09.54.44:588][  0]LogD3D11RHI:       3964/0/16234 MB DedicatedVideo/DedicatedSystem/SharedSystem, Outputs:1, VendorId:0x10de
[2025.05.25-09.54.44:621][  0]LogD3D11RHI:    1. 'Intel(R) UHD Graphics' (Feature Level 11_0)
[2025.05.25-09.54.44:621][  0]LogD3D11RHI:       128/0/16234 MB DedicatedVideo/DedicatedSystem/SharedSystem, Outputs:0, VendorId:0x8086
[2025.05.25-09.54.44:622][  0]LogD3D11RHI:    2. 'Microsoft Basic Render Driver' (Feature Level 11_0)
[2025.05.25-09.54.44:622][  0]LogD3D11RHI:       0/0/16234 MB DedicatedVideo/DedicatedSystem/SharedSystem, Outputs:0, VendorId:0x1414
[2025.05.25-09.54.44:622][  0]LogD3D11RHI: Chosen D3D11 Adapter:
[2025.05.25-09.54.44:622][  0]LogD3D11RHI:     Description : NVIDIA GeForce RTX 3050 Laptop GPU
[2025.05.25-09.54.44:622][  0]LogD3D11RHI:     VendorId    : 10de
[2025.05.25-09.54.44:622][  0]LogD3D11RHI:     DeviceId    : 25a2
[2025.05.25-09.54.44:622][  0]LogD3D11RHI:     SubSysId    : 12eb1462
[2025.05.25-09.54.44:622][  0]LogD3D11RHI:     Revision    : 00a1
[2025.05.25-09.54.44:622][  0]LogD3D11RHI:     DedicatedVideoMemory : 4156555264 bytes
[2025.05.25-09.54.44:622][  0]LogD3D11RHI:     DedicatedSystemMemory : 0 bytes
[2025.05.25-09.54.44:622][  0]LogD3D11RHI:     SharedSystemMemory : 17023371264 bytes
[2025.05.25-09.54.44:622][  0]LogD3D11RHI:     AdapterLuid : 0 71625
[2025.05.25-09.54.44:630][  0]LogD3D11RHI: Creating new Direct3DDevice
[2025.05.25-09.54.44:630][  0]LogD3D11RHI:     GPU DeviceId: 0x25a2 (for the marketing name, search the web for "GPU Device Id")
[2025.05.25-09.54.44:630][  0]LogWindows: EnumDisplayDevices:
[2025.05.25-09.54.44:630][  0]LogWindows:    0. 'Intel(R) UHD Graphics' (P:1 D:1)
[2025.05.25-09.54.44:631][  0]LogWindows:    1. 'Intel(R) UHD Graphics' (P:0 D:0)
[2025.05.25-09.54.44:631][  0]LogWindows:    2. 'Intel(R) UHD Graphics' (P:0 D:0)
[2025.05.25-09.54.44:631][  0]LogWindows:    3. 'Intel(R) UHD Graphics' (P:0 D:0)
[2025.05.25-09.54.44:631][  0]LogWindows: DebugString: PrimaryIsNotTheChoosenAdapter PrimaryIsNotTheChoosenAdapter PrimaryIsNotTheChoosenAdapter PrimaryIsNotTheChoosenAdapter FoundDriverCount:0 
[2025.05.25-09.54.44:631][  0]LogD3D11RHI:     Adapter Name: NVIDIA GeForce RTX 3050 Laptop GPU
[2025.05.25-09.54.44:631][  0]LogD3D11RHI:   Driver Version: Unknown (internal:Unknown, unified:Unknown)
[2025.05.25-09.54.44:631][  0]LogD3D11RHI:      Driver Date: Unknown
[2025.05.25-09.54.44:631][  0]LogRHI: Texture pool is 2774 MB (70% of 3964 MB)
[2025.05.25-09.54.44:631][  0]LogD3D11RHI: Creating D3DDevice using adapter:
[2025.05.25-09.54.44:631][  0]LogD3D11RHI:     Description : NVIDIA GeForce RTX 3050 Laptop GPU
[2025.05.25-09.54.44:631][  0]LogD3D11RHI:     VendorId    : 10de
[2025.05.25-09.54.44:631][  0]LogD3D11RHI:     DeviceId    : 25a2
[2025.05.25-09.54.44:631][  0]LogD3D11RHI:     SubSysId    : 12eb1462
[2025.05.25-09.54.44:631][  0]LogD3D11RHI:     Revision    : 00a1
[2025.05.25-09.54.44:631][  0]LogD3D11RHI:     DedicatedVideoMemory : 4156555264 bytes
[2025.05.25-09.54.44:631][  0]LogD3D11RHI:     DedicatedSystemMemory : 0 bytes
[2025.05.25-09.54.44:631][  0]LogD3D11RHI:     SharedSystemMemory : 17023371264 bytes
[2025.05.25-09.54.44:631][  0]LogD3D11RHI:     AdapterLuid : 0 71625
[2025.05.25-09.54.44:728][  0]LogD3D11RHI: RHI has support for 64 bit atomics
[2025.05.25-09.54.44:728][  0]LogD3D11RHI: Async texture creation enabled
[2025.05.25-09.54.44:728][  0]LogD3D11RHI: Array index from any shader is supported
[2025.05.25-09.54.44:740][  0]LogD3D11RHI: GPU Timing Frequency: 1000.000000 (Debug: 2 1)
[2025.05.25-09.54.44:766][  0]LogRHI: GeForceNow SDK initialized: 1
[2025.05.25-09.54.47:078][  0]LogTargetPlatformManager: Display: Loaded TargetPlatform 'AllDesktop'
[2025.05.25-09.54.47:094][  0]LogTargetPlatformManager: Display: Loaded TargetPlatform 'Android'
[2025.05.25-09.54.47:094][  0]LogTargetPlatformManager: Display: Loaded TargetPlatform 'Android_ASTC'
[2025.05.25-09.54.47:094][  0]LogTargetPlatformManager: Display: Loaded TargetPlatform 'Android_DXT'
[2025.05.25-09.54.47:094][  0]LogTargetPlatformManager: Display: Loaded TargetPlatform 'Android_ETC2'
[2025.05.25-09.54.47:094][  0]LogTargetPlatformManager: Display: Loaded TargetPlatform 'AndroidClient'
[2025.05.25-09.54.47:094][  0]LogTargetPlatformManager: Display: Loaded TargetPlatform 'Android_ASTCClient'
[2025.05.25-09.54.47:094][  0]LogTargetPlatformManager: Display: Loaded TargetPlatform 'Android_DXTClient'
[2025.05.25-09.54.47:094][  0]LogTargetPlatformManager: Display: Loaded TargetPlatform 'Android_ETC2Client'
[2025.05.25-09.54.47:094][  0]LogTargetPlatformManager: Display: Loaded TargetPlatform 'Android_Multi'
[2025.05.25-09.54.47:094][  0]LogTargetPlatformManager: Display: Loaded TargetPlatform 'Android_MultiClient'
[2025.05.25-09.54.47:108][  0]LogTargetPlatformManager: Display: Loaded TargetPlatform 'IOSClient'
[2025.05.25-09.54.47:108][  0]LogTargetPlatformManager: Display: Loaded TargetPlatform 'IOS'
[2025.05.25-09.54.47:115][  0]LogTargetPlatformManager: Display: Loaded TargetPlatform 'Linux'
[2025.05.25-09.54.47:118][  0]LogTargetPlatformManager: Display: Loaded TargetPlatform 'LinuxNoEditor'
[2025.05.25-09.54.47:122][  0]LogTargetPlatformManager: Display: Loaded TargetPlatform 'LinuxClient'
[2025.05.25-09.54.47:125][  0]LogTargetPlatformManager: Display: Loaded TargetPlatform 'LinuxServer'
[2025.05.25-09.54.47:132][  0]LogTargetPlatformManager: Display: Loaded TargetPlatform 'LinuxAArch64NoEditor'
[2025.05.25-09.54.47:135][  0]LogTargetPlatformManager: Display: Loaded TargetPlatform 'LinuxAArch64Client'
[2025.05.25-09.54.47:138][  0]LogTargetPlatformManager: Display: Loaded TargetPlatform 'LinuxAArch64Server'
[2025.05.25-09.54.47:156][  0]LogTargetPlatformManager: Display: Loaded TargetPlatform 'Lumin'
[2025.05.25-09.54.47:156][  0]LogTargetPlatformManager: Display: Loaded TargetPlatform 'LuminClient'
[2025.05.25-09.54.47:163][  0]LogTargetPlatformManager: Display: Loaded TargetPlatform 'MacNoEditor'
[2025.05.25-09.54.47:168][  0]LogTargetPlatformManager: Display: Loaded TargetPlatform 'Mac'
[2025.05.25-09.54.47:171][  0]LogTargetPlatformManager: Display: Loaded TargetPlatform 'MacClient'
[2025.05.25-09.54.47:174][  0]LogTargetPlatformManager: Display: Loaded TargetPlatform 'MacServer'
[2025.05.25-09.54.47:182][  0]LogTargetPlatformManager: Display: Loaded TargetPlatform 'TVOSClient'
[2025.05.25-09.54.47:182][  0]LogTargetPlatformManager: Display: Loaded TargetPlatform 'TVOS'
[2025.05.25-09.54.47:190][  0]LogTargetPlatformManager: Display: Loaded TargetPlatform 'WindowsNoEditor'
[2025.05.25-09.54.47:194][  0]LogTargetPlatformManager: Display: Loaded TargetPlatform 'Windows'
[2025.05.25-09.54.47:198][  0]LogTargetPlatformManager: Display: Loaded TargetPlatform 'WindowsClient'
[2025.05.25-09.54.47:202][  0]LogTargetPlatformManager: Display: Loaded TargetPlatform 'WindowsServer'
[2025.05.25-09.54.47:202][  0]LogTargetPlatformManager: Display: Building Assets For Windows
[2025.05.25-09.54.47:208][  0]LogAudioDebug: Display: Lib vorbis DLL was dynamically loaded.
[2025.05.25-09.54.47:230][  0]LogTextureFormatOodle: Display: Oodle Texture 2.9.0 init RDO Off
[2025.05.25-09.54.47:253][  0]LogRendererCore: Ray tracing is disabled. Reason: r.RayTracing=0.
[2025.05.25-09.54.47:253][  0]LogShaderCompilers: Guid format shader working directory is -19 characters bigger than the processId version (../../../../../../Users/AlisaDI/Documents/MephiTasks/UnrealProject/Intermediate/Shaders/WorkingDirectory/16296/).
[2025.05.25-09.54.47:253][  0]LogShaderCompilers: Cleaned the shader compiler working directory 'C:/Users/AlisaDI/AppData/Local/Temp/UnrealShaderWorkingDir/BFB98EA14CD6C4A97F17009B12B6E03F/'.
[2025.05.25-09.54.47:253][  0]LogXGEController: Cannot use XGE Controller as Incredibuild is not installed on this machine.
[2025.05.25-09.54.47:254][  0]LogShaderCompilers: Cannot use XGE Shader Compiler as Incredibuild is not installed on this machine.
[2025.05.25-09.54.47:254][  0]LogShaderCompilers: Display: Using Local Shader Compiler.
[2025.05.25-09.54.47:858][  0]LogDerivedDataCache: Display: Max Cache Size: 512 MB
[2025.05.25-09.54.47:918][  0]LogDerivedDataCache: Loaded boot cache 0.06s 122MB C:/Users/AlisaDI/AppData/Local/UnrealEngine/4.27/DerivedDataCache/Boot.ddc.
[2025.05.25-09.54.47:918][  0]LogDerivedDataCache: Display: Loaded Boot cache: C:/Users/AlisaDI/AppData/Local/UnrealEngine/4.27/DerivedDataCache/Boot.ddc
[2025.05.25-09.54.47:918][  0]LogDerivedDataCache: FDerivedDataBackendGraph:  Pak pak cache file ../../../../../../Users/AlisaDI/Documents/MephiTasks/UnrealProject/DerivedDataCache/DDC.ddp not found, will not use a pak cache.
[2025.05.25-09.54.47:918][  0]LogDerivedDataCache: Unable to find inner node Pak for hierarchical cache Hierarchy.
[2025.05.25-09.54.47:918][  0]LogDerivedDataCache: FDerivedDataBackendGraph:  CompressedPak pak cache file ../../../../../../Users/AlisaDI/Documents/MephiTasks/UnrealProject/DerivedDataCache/Compressed.ddp not found, will not use a pak cache.
[2025.05.25-09.54.47:918][  0]LogDerivedDataCache: Unable to find inner node CompressedPak for hierarchical cache Hierarchy.
[2025.05.25-09.54.47:932][  0]LogDerivedDataCache: Display: Pak cache opened for reading ../../../Engine/DerivedDataCache/Compressed.ddp.
[2025.05.25-09.54.47:932][  0]LogDerivedDataCache: FDerivedDataBackendGraph:  EnterprisePak pak cache file ../../../Enterprise/DerivedDataCache/Compressed.ddp not found, will not use a pak cache.
[2025.05.25-09.54.47:932][  0]LogDerivedDataCache: Unable to find inner node EnterprisePak for hierarchical cache Hierarchy.
[2025.05.25-09.54.47:948][  0]LogDerivedDataCache: Speed tests for C:/Users/AlisaDI/AppData/Local/UnrealEngine/Common/DerivedDataCache took 0.02 seconds
[2025.05.25-09.54.47:948][  0]LogDerivedDataCache: Display: Performance to C:/Users/AlisaDI/AppData/Local/UnrealEngine/Common/DerivedDataCache: Latency=0.02ms. RandomReadSpeed=1590.30MBs, RandomWriteSpeed=63.78MBs. Assigned SpeedClass 'Local'
[2025.05.25-09.54.47:950][  0]LogDerivedDataCache: Using Local data cache path C:/Users/AlisaDI/AppData/Local/UnrealEngine/Common/DerivedDataCache: Writable
[2025.05.25-09.54.47:950][  0]LogDerivedDataCache: Shared data cache path not found in *engine.ini, will not use an Shared cache.
[2025.05.25-09.54.47:950][  0]LogDerivedDataCache: Unable to find inner node Shared for hierarchical cache Hierarchy.
[2025.05.25-09.54.47:998][  0]LogSlate: Using FreeType 2.10.0
[2025.05.25-09.54.47:999][  0]LogSlate: SlateFontServices - WITH_FREETYPE: 1, WITH_HARFBUZZ: 1
[2025.05.25-09.54.47:999][  0]LogHMD: Failed to enumerate extensions. Please check that you have a valid OpenXR runtime installed.
[2025.05.25-09.54.48:024][  0]LogAssetRegistry: FAssetRegistry took 0.0024 seconds to start up
[2025.05.25-09.54.48:224][  0]LogInit: Selected Device Profile: [Windows]
[2025.05.25-09.54.48:224][  0]LogInit: Active device profile: [0000024E3ECB0900][0000024E3D78D140 49] Windows
[2025.05.25-09.54.48:224][  0]LogInit: Profiles: [0000024E3ECB0900][0000024E3D78D140 49] Windows, [0000024E3EC6F800][0000024E3FA172C0 49] WindowsNoEditor, [0000024E3ECB3500][0000024E3FA1B440 49] WindowsServer, [0000024E3EC6CE00][0000024E3FA1F5C0 49] WindowsClient, [0000024E3ECB3800][0000024E3FA23740 49] IOS, [0000024E3EC6E800][0000024E3FA278C0 49] iPadAir, [0000024E3ECB2000][0000024E3FA2BA40 49] iPadAir2, [0000024E3EC18A00][0000024E3FA32180 49] IPadPro, [0000024E3EC18B00][0000024E3FA2E1C0 49] iPadAir3, [0000024E3EC6D900][0000024E3FA36340 49] iPadAir4, [0000024E3EC1B400][0000024E3FA3A4C0 49] iPadMini2, [0000024E3EC6EA00][0000024E3FA3E640 49] iPadMini3, [0000024E3EC19700][0000024E3FA427C0 49] iPadMini4, [0000024E3ECB1100][0000024E3FA46940 49] iPadMini5, [0000024E3EC34300][0000024E3FA4EC00 49] iPhone6, [0000024E3EC34400][0000024E3FA4AC40 49] iPodTouch6, [0000024E3EC1B600][0000024E3FA56F00 49] iPhone7, [0000024E3EC19800][0000024E3FA52F40 49] iPodTouch7, [0000024E3EC37F00][0000024E3FA13080 49] iPhone5S, [0000024E3EC6E200][0000024E3FA5B1C0 49] iPhone6Plus, [0000024E3EC18200][0000024E3FA5F300 49] iPhone6S, [0000024E3EC6E400][0000024E3FA67480 49] iPhone6SPlus, [0000024E3EC1BC00][0000024E3FA6B600 49] iPhone7Plus, [0000024E3EC6C300][0000024E3FA6F780 49] iPhoneSE, [0000024E3EC1B500][0000024E3FA73900 49] iPhone8, [0000024E3EC6DE00][0000024E3FA77A80 49] iPhone8Plus, [0000024E3EC19100][0000024E3FA7BC00 49] iPhoneX, [0000024E3EC6C400][0000024E3FA7E200 49] iPhoneXS, [0000024E3EC19300][0000024E3FA82380 49] iPhoneXSMax, [0000024E3EC6D400][0000024E3FA86500 49] iPhoneXR, [0000024E3EC1B800][0000024E3FA8A680 49] iPhone11, [0000024E3EC6EE00][0000024E3FA8E800 49] iPhone11Pro, [0000024E3EC1B700][0000024E3FA92980 49] iPhone11ProMax, [0000024E3EC6CF00][0000024E3FA96B00 49] iPhoneSE2, [0000024E3EC1AE00][0000024E3FA9AC80 49] iPhone12Mini, [0000024E3EC6FC00][0000024E3FA9EE00 49] iPhone12, [0000024E3EC1A400][0000024E3FAA2F80 49] iPhone12Pro, [0000024E3EC6C700][0000024E3FAA7100 49] iPhone12ProMax, [0000024E3EC1A300][0000024E3FA63240 49] iPadPro105, [0000024E3EC6F100][0000024E3FB1B380 49] iPadPro129, [0000024E3EC1A200][0000024E3FB1F4C0 49] iPadPro97, [0000024E3EC6CB00][0000024E3FB53640 49] iPadPro2_129, [0000024E3EC1B200][0000024E3FB837C0 49] iPad5, [0000024E3EC6F400][0000024E3FB87940 49] iPad6, [0000024E3EC1B300][0000024E3FB8FAC0 49] iPad7, [0000024E3EC6C200][0000024E3FB960C0 49] iPad8, [0000024E3EC19A00][0000024E36B28240 49] iPadPro11, [0000024E3EC6D600][0000024E36B4C3C0 49] iPadPro2_11, [0000024E3EC19D00][0000024E36B88540 49] iPadPro3_129, [0000024E3EC6F900][0000024E3CA7E6C0 49] iPadPro4_129, [0000024E3EC1B000][0000024E3CA82840 49] AppleTV, [0000024E3EC6FF00][0000024E3CA869C0 49] AppleTV4K, [0000024E3EC18100][0000024E3CA8AB40 49] TVOS, [0000024E3EC6E500][0000024E3CA8ECC0 49] Mac, [0000024E3EC1BB00][0000024E3CA92E40 49] MacClient, [0000024E3EC6DB00][0000024E3CA96FC0 49] MacNoEditor, [0000024E3EC1AC00][0000024E3CA9B140 49] MacServer, [0000024E3EC6CA00][0000024E3CAA32C0 49] Linux, [0000024E3EC1A000][0000024E3FB2F400 49] LinuxAArch64, [0000024E3EC6E700][0000024E3CAAB540 49] LinuxNoEditor, [0000024E3EC1A500][0000024E3CAB3680 49] LinuxAArch64NoEditor, [0000024E3EC6D500][0000024E3CAB77C0 49] LinuxClient, [0000024E3EC1B900][0000024E3CABF940 49] LinuxAArch64Client, [0000024E3EC6D700][0000024E3CAC3AC0 49] LinuxServer, [0000024E3EC19900][0000024E3CAEC0C0 49] LinuxAArch64Server, [0000024E3EC6F700][0000024E3CAF0240 49] Android, [0000024E3EC18600][0000024E3CAFC3C0 49] Android_Low, [0000024E3EC6ED00][0000024E40F70540 49] Android_Mid, [0000024E3ECB3A00][0000024E40FA46C0 49] Android_High, [0000024E3EC35C00][0000024E40FA8840 49] Android_Default, [0000024E3ECB2100][0000024E40FAC9C0 49] Android_Adreno4xx, [0000024E3EC36700][0000024E3FAFEB40 49] Android_Adreno5xx_Low, [0000024E3ECB0A00][0000024E3FB02CC0 49] Android_Adreno5xx, [0000024E3EC36D00][0000024E3FB06E40 49] Android_Adreno6xx, [0000024E3ECB1200][0000024E3FB0AFC0 49] Android_Adreno6xx_Vulkan, [0000024E3EC36800][0000024E3FB0F140 49] Android_Mali_T6xx, [0000024E3ECB2600][0000024E3FB132C0 49] Android_Mali_T7xx, [0000024E3EC36E00][0000024E3FB17440 49] Android_Mali_T8xx, [0000024E3ECB3200][0000024E3CABB580 49] Android_Mali_G71, [0000024E3EC37C00][0000024E3D54D6C0 49] Android_Mali_G72, [0000024E3ECB2A00][0000024E3D551800 49] Android_Mali_G72_Vulkan, [0000024E3EC35B00][0000024E3D555940 49] Android_Mali_G76, [0000024E3ECB1A00][0000024E36AE7AC0 49] Android_Mali_G76_Vulkan, [0000024E3EC36000][0000024E36AEE0C0 49] Android_Mali_G77, [0000024E3ECB2D00][0000024E40CFE240 49] Android_Mali_G77_Vulkan, [0000024E3EC37800][0000024E40D423C0 49] Android_Mali_G78, [0000024E3ECB2800][0000024E40D4A540 49] Android_Mali_G78_Vulkan, [0000024E3EC35200][0000024E40D766C0 49] Android_Mali_G710, [0000024E3ECB0E00][0000024E40E14840 49] Android_Mali_G710_Vulkan, [0000024E3EC37500][0000024E40E509C0 49] Android_Vulkan_SM5, [0000024E3ECB3400][0000024E40E54B40 49] Android_PowerVR_G6xxx, [0000024E3EC36C00][0000024E411D2CC0 49] Android_PowerVR_GT7xxx, [0000024E3ECB3C00][0000024E411E4E40 49] Android_PowerVR_GE8xxx, [0000024E3EC34E00][0000024E411E8FC0 49] Android_PowerVR_GM9xxx, [0000024E3ECB1800][0000024E411ED140 49] Android_PowerVR_GM9xxx_Vulkan, [0000024E3EC36400][0000024E411F12C0 49] Android_TegraK1, [0000024E3ECB1000][0000024E411F5440 49] Android_Unknown_Vulkan, [0000024E3EC6FA00][0000024E411F95C0 49] Lumin, [0000024E3ECB1E00][0000024E411FD740 49] Lumin_Desktop, [0000024E3EC6DC00][0000024E3D561880 49] HoloLens, 
[2025.05.25-09.54.48:343][  0]LogMeshReduction: Using QuadricMeshReduction for automatic static mesh reduction
[2025.05.25-09.54.48:343][  0]LogMeshReduction: Using SimplygonMeshReduction for automatic skeletal mesh reduction
[2025.05.25-09.54.48:343][  0]LogMeshReduction: Using ProxyLODMeshReduction for automatic mesh merging
[2025.05.25-09.54.48:343][  0]LogMeshReduction: No distributed automatic mesh merging module available
[2025.05.25-09.54.48:343][  0]LogMeshMerging: No distributed automatic mesh merging module available
[2025.05.25-09.54.48:356][  0]LogNetVersion: MyProject 1.0.0, NetCL: 17155196, EngineNetVer: 17, GameNetVer: 0 (Checksum: 3629800737)
[2025.05.25-09.54.48:715][  0]LogTexture: Default maximum texture size for cubemaps generated from long-lat sources has been changed from 512 to unlimited. In order to preserve old behaiour for '/Engine/MapTemplates/Sky/DaylightAmbientCubemap.DaylightAmbientCubemap', its maximum texture size has been explicitly set to 512.
[2025.05.25-09.54.48:773][  0]LogUObjectArray: 17012 objects as part of root set at end of initial load.
[2025.05.25-09.54.48:773][  0]LogUObjectAllocator: 4257360 out of 0 bytes used by permanent object pool.
[2025.05.25-09.54.48:773][  0]LogUObjectArray: CloseDisregardForGC: 0/0 objects in disregard for GC pool
[2025.05.25-09.54.48:953][  0]LogNiagaraDebuggerClient: Niagara Debugger Client Initialized | Session: 06E96F5446B7FFF67FFF21A8186425DA | Instance: 5AE79CEA43A35FA582007E9E5365E39D (DESKTOP-N5SQRU4-16296).
[2025.05.25-09.54.49:065][  0]LogTcpMessaging: Initializing TcpMessaging bridge
[2025.05.25-09.54.49:068][  0]LogUdpMessaging: Initializing bridge on interface 0.0.0.0:0 to multicast group 230.0.0.1:6666.
[2025.05.25-09.54.49:077][  0]LogPython: Using Python 3.7.7
[2025.05.25-09.54.49:640][  0]SourceControl: Source control is disabled
[2025.05.25-09.54.49:640][  0]SourceControl: Source control is disabled
[2025.05.25-09.54.49:642][  0]SourceControl: Source control is disabled
[2025.05.25-09.54.49:644][  0]SourceControl: Source control is disabled
[2025.05.25-09.54.49:650][  0]SourceControl: Source control is disabled
[2025.05.25-09.54.49:652][  0]LogUProjectInfo: Found projects:
[2025.05.25-09.54.49:659][  0]LogVSAccessor: Display: Unable to create Visual Studio setup instance: 80040154
[2025.05.25-09.54.49:660][  0]LogVSAccessor: Display: Unable to create Visual Studio setup instance: 80040154
[2025.05.25-09.54.49:662][  0]LogVSAccessor: Display: Unable to create Visual Studio setup instance: 80040154
[2025.05.25-09.54.49:764][  0]LogOpenImageDenoise: OIDN starting up
[2025.05.25-09.54.49:779][  0]LogAndroidPermission: UAndroidPermissionCallbackProxy::GetInstance
[2025.05.25-09.54.49:792][  0]LogAudioCaptureCore: Display: No Audio Capture implementations found. Audio input will be silent.
[2025.05.25-09.54.49:792][  0]LogAudioCaptureCore: Display: No Audio Capture implementations found. Audio input will be silent.
[2025.05.25-09.54.49:897][  0]LogCollectionManager: Loaded 0 collections in 0.001331 seconds
[2025.05.25-09.54.49:947][  0]LogFileCache: Scanning file cache for directory 'C:/Users/AlisaDI/Documents/MephiTasks/UnrealProject/Saved/Collections/' took 0.00s
[2025.05.25-09.54.49:947][  0]LogFileCache: Scanning file cache for directory 'C:/Users/AlisaDI/Documents/MephiTasks/UnrealProject/Content/Developers/AlisaDI/Collections/' took 0.00s
[2025.05.25-09.54.49:947][  0]LogFileCache: Scanning file cache for directory 'C:/Users/AlisaDI/Documents/MephiTasks/UnrealProject/Content/Collections/' took 0.00s
[2025.05.25-09.54.49:947][  0]LogEngine: Initializing Engine...
[2025.05.25-09.54.49:947][  0]LogHMD: Failed to enumerate extensions. Please check that you have a valid OpenXR runtime installed.
[2025.05.25-09.54.49:947][  0]LogMagicLeap: Warning: VR disabled because ZI is not enabled.  To enable, in the editor, Edit -> Project Settings -> Plugins -> Magic Leap Plugin -> Enable Zero Iteration
[2025.05.25-09.54.49:948][  0]LogStats: UGameplayTagsManager::InitializeManager -  0.000 s
[2025.05.25-09.54.50:045][  0]LogInit: Initializing FReadOnlyCVARCache
[2025.05.25-09.54.50:055][  0]LogAIModule: Creating AISystem for world Untitled
[2025.05.25-09.54.50:058][  0]LogAudio: Display: Initializing Audio Device Manager...
[2025.05.25-09.54.50:061][  0]LogAudio: Display: Loading Default Audio Settings Objects...
[2025.05.25-09.54.50:061][  0]LogAudio: Display: No default SoundConcurrencyObject specified (or failed to load).
[2025.05.25-09.54.50:062][  0]LogAudio: Display: Audio Device Manager Initialized
[2025.05.25-09.54.50:062][  0]LogAudio: Display: Creating Audio Device:                 Id: 1, Scope: Shared, Realtime: True
[2025.05.25-09.54.50:062][  0]LogAudioMixer: Display: Audio Mixer Platform Settings:
[2025.05.25-09.54.50:062][  0]LogAudioMixer: Display: 	Sample Rate:						  48000
[2025.05.25-09.54.50:062][  0]LogAudioMixer: Display: 	Callback Buffer Frame Size Requested: 1024
[2025.05.25-09.54.50:062][  0]LogAudioMixer: Display: 	Callback Buffer Frame Size To Use:	  1024
[2025.05.25-09.54.50:062][  0]LogAudioMixer: Display: 	Number of buffers to queue:			  1
[2025.05.25-09.54.50:062][  0]LogAudioMixer: Display: 	Max Channels (voices):				  0
[2025.05.25-09.54.50:062][  0]LogAudioMixer: Display: 	Number of Async Source Workers:		  4
[2025.05.25-09.54.50:062][  0]LogAudio: Display: AudioDevice MaxSources: 32
[2025.05.25-09.54.50:062][  0]LogAudio: Display: Audio Spatialization Plugin: Resonance Audio is external send: 1
[2025.05.25-09.54.50:062][  0]LogAudio: Display: Audio Reverb Plugin: Resonance Audio
[2025.05.25-09.54.50:062][  0]LogAudio: Display: Audio Occlusion Plugin: None (built-in).
[2025.05.25-09.54.50:062][  0]LogAudioMixer: Display: Initializing audio mixer.
[2025.05.25-09.54.50:075][  0]LogAudioMixer: Display: 0: FrontLeft
[2025.05.25-09.54.50:075][  0]LogAudioMixer: Display: 1: FrontRight
[2025.05.25-09.54.50:294][  0]LogAudioMixer: Display: Using Audio Device Динамики (Realtek(R) Audio)
[2025.05.25-09.54.50:298][  0]LogAudioMixer: Display: Initializing Sound Submixes...
[2025.05.25-09.54.50:300][  0]LogAudioMixer: Display: Creating Master Submix 'MasterSubmixDefault'
[2025.05.25-09.54.50:300][  0]LogAudioMixer: Display: Creating Master Submix 'MasterReverbSubmixDefault'
[2025.05.25-09.54.50:301][  0]LogAudioMixer: Display: Creating Master Submix 'MasterEQSubmixDefault'
[2025.05.25-09.54.50:302][  0]LogAudioMixer: FMixerPlatformXAudio2::StartAudioStream() called
[2025.05.25-09.54.50:302][  0]LogAudioMixer: Display: Output buffers initialized: Frames=1024, Channels=2, Samples=2048
[2025.05.25-09.54.50:303][  0]LogAudioMixer: Display: Starting AudioMixerPlatformInterface::RunInternal()
[2025.05.25-09.54.50:303][  0]LogAudioMixer: Display: FMixerPlatformXAudio2::SubmitBuffer() called for the first time
[2025.05.25-09.54.50:303][  0]LogInit: FAudioDevice initialized.
[2025.05.25-09.54.50:303][  0]LogAudio: Display: Audio Device (ID: 1) registered with world 'Untitled'.
[2025.05.25-09.54.50:303][  0]LogNetVersion: Set ProjectVersion to 1.0.0.0. Version Checksum will be recalculated on next use.
[2025.05.25-09.54.50:359][  0]LogDerivedDataCache: Saved boot cache 0.06s 122MB C:/Users/AlisaDI/AppData/Local/UnrealEngine/4.27/DerivedDataCache/Boot.ddc.
[2025.05.25-09.54.50:362][  0]LogInit: Texture streaming: Enabled
[2025.05.25-09.54.50:372][  0]LogAnalytics: Display: [UEEditor.Rocket.Release] APIServer = https://datarouter.ol.epicgames.com/. AppVersion = 4.27.2-18319896+++UE4+Release-4.27
[2025.05.25-09.54.50:375][  0]LogEngineSessionManager: EngineSessionManager initialized
[2025.05.25-09.54.50:375][  0]LogEditorSessionSummary: Verbose: Initializing EditorSessionSummaryWriter for editor session tracking
[2025.05.25-09.54.50:376][  0]LogEditorSessionSummary: EditorSessionSummaryWriter initialized
[2025.05.25-09.54.50:399][  0]LogInit: Transaction tracking system initialized
[2025.05.25-09.54.50:417][  0]BlueprintLog: New page: Editor Load
[2025.05.25-09.54.50:457][  0]LocalizationService: Localization service is disabled
[2025.05.25-09.54.50:472][  0]TimingProfiler: Initialize
[2025.05.25-09.54.50:472][  0]TimingProfiler: OnSessionChanged
[2025.05.25-09.54.50:472][  0]LoadingProfiler: Initialize
[2025.05.25-09.54.50:472][  0]LoadingProfiler: OnSessionChanged
[2025.05.25-09.54.50:472][  0]NetworkingProfiler: Initialize
[2025.05.25-09.54.50:472][  0]NetworkingProfiler: OnSessionChanged
[2025.05.25-09.54.50:472][  0]MemoryProfiler: Initialize
[2025.05.25-09.54.50:472][  0]MemoryProfiler: OnSessionChanged
[2025.05.25-09.54.50:517][  0]LogVSAccessor: Display: Unable to create Visual Studio setup instance: 80040154
[2025.05.25-09.54.50:518][  0]LogVSAccessor: Display: Unable to create Visual Studio setup instance: 80040154
[2025.05.25-09.54.50:520][  0]LogVSAccessor: Display: Unable to create Visual Studio setup instance: 80040154
[2025.05.25-09.54.50:602][  0]LogCook: Display: CookSettings for Memory: MemoryMaxUsedVirtual 0MiB, MemoryMaxUsedPhysical 16384MiB, MemoryMinFreeVirtual 0MiB, MemoryMinFreePhysical 1024MiB
[2025.05.25-09.54.50:602][  0]LogCook: Display: Mobile HDR setting 0
[2025.05.25-09.54.50:781][  0]LogFileCache: Scanning file cache for directory 'C:/Users/AlisaDI/Documents/MephiTasks/UnrealProject/Content/' took 0.01s
[2025.05.25-09.54.50:781][  0]LogInit: Display: Engine is initialized. Leaving FEngineLoop::Init()
[2025.05.25-09.54.50:785][  0]SourceControl: Source control is disabled
[2025.05.25-09.54.50:785][  0]LogUnrealEdMisc: Loading editor; pre map load, took 7.533
[2025.05.25-09.54.50:785][  0]Cmd: MAP LOAD FILE="../../../../../../Users/AlisaDI/Documents/MephiTasks/UnrealProject/Content/VRTemplate/Maps/VRTemplateMap.umap" TEMPLATE=0 SHOWPROGRESS=1 FEATURELEVEL=3
[2025.05.25-09.54.50:786][  0]LightingResults: New page: Lighting Build
[2025.05.25-09.54.50:787][  0]LogWorld: UWorld::CleanupWorld for Untitled, bSessionEnded=true, bCleanupResources=true
[2025.05.25-09.54.50:788][  0]LogSlate: InvalidateAllWidgets triggered.  All widgets were invalidated
[2025.05.25-09.54.50:788][  0]MapCheck: New page: Map Check
[2025.05.25-09.54.50:788][  0]LightingResults: New page: Lighting Build
[2025.05.25-09.54.50:794][  0]LogAudio: Display: Audio Device unregistered from world 'None'.
[2025.05.25-09.54.50:798][  0]LogUObjectHash: Compacting FUObjectHashTables data took   0.81ms
[2025.05.25-09.54.51:510][  0]LogAudio: Display: Audio Device (ID: 1) registered with world 'VRTemplateMap'.
[2025.05.25-09.54.51:511][  0]LogAIModule: Creating AISystem for world VRTemplateMap
[2025.05.25-09.54.51:524][  0]LogEditorServer: Finished looking for orphan Actors (0.000 secs)
[2025.05.25-09.54.51:540][  0]LogUObjectHash: Compacting FUObjectHashTables data took   1.06ms
[2025.05.25-09.54.51:540][  0]Cmd: MAP CHECKDEP NOCLEARLOG
[2025.05.25-09.54.51:540][  0]MapCheck: Map check complete: 0 Error(s), 0 Warning(s), took 0,163ms to complete.
[2025.05.25-09.54.51:540][  0]LogFileHelpers: Loading map 'VRTemplateMap' took 0.755
[2025.05.25-09.54.51:542][  0]LogUnrealEdMisc: Total Editor Startup Time, took 8.290
[2025.05.25-09.54.51:627][  0]LogSlate: Updating window title bar state: overlay mode, drag disabled, window buttons hidden, title bar hidden
[2025.05.25-09.54.51:632][  0]LogSlate: Updating window title bar state: overlay mode, drag disabled, window buttons hidden, title bar hidden
[2025.05.25-09.54.51:636][  0]LogSlate: Updating window title bar state: overlay mode, drag disabled, window buttons hidden, title bar hidden
[2025.05.25-09.54.51:642][  0]LogSlate: Updating window title bar state: overlay mode, drag disabled, window buttons hidden, title bar hidden
[2025.05.25-09.54.51:653][  0]LogNativeClassHierarchy: Verbose: Native class hierarchy populated in 0.0079 seconds. Added 3809 classes and 916 folders.
[2025.05.25-09.54.51:655][  0]LogNativeClassHierarchy: Verbose: Native class hierarchy updated for 'WidgetCarousel' in 0.0002 seconds. Added 0 classes and 0 folders.
[2025.05.25-09.54.51:656][  0]LogPakFile: PakFile PrimaryIndexSize=187
[2025.05.25-09.54.51:656][  0]LogPakFile: PakFile PathHashIndexSize=101
[2025.05.25-09.54.51:656][  0]LogPakFile: PakFile FullDirectoryIndexSize=148
[2025.05.25-09.54.51:656][  0]LogShaderLibrary: Display: ShaderCodeLibraryPakFileMountedCallback: PakFile 'C:/Program Files/Epic Games/UE_4.27/FeaturePacks/FP_FirstPerson.upack' (chunk index -1, root 'root:/') mounted
[2025.05.25-09.54.51:656][  0]LogShaderLibrary: Display: ShaderCodeLibraryPakFileMountedCallback: pending pak file info (ChunkID:-1 Root:root:/ File:C:/Program Files/Epic Games/UE_4.27/FeaturePacks/FP_FirstPerson.upack)
[2025.05.25-09.54.51:656][  0]LogPakFile: OnPakFileMounted2Time == 0.000057
[2025.05.25-09.54.51:657][  0]LogPakFile: PakFile PrimaryIndexSize=189
[2025.05.25-09.54.51:657][  0]LogPakFile: PakFile PathHashIndexSize=101
[2025.05.25-09.54.51:657][  0]LogPakFile: PakFile FullDirectoryIndexSize=152
[2025.05.25-09.54.51:657][  0]LogShaderLibrary: Display: ShaderCodeLibraryPakFileMountedCallback: PakFile 'C:/Program Files/Epic Games/UE_4.27/FeaturePacks/FP_FirstPersonBP.upack' (chunk index -1, root 'root:/') mounted
[2025.05.25-09.54.51:657][  0]LogShaderLibrary: Display: ShaderCodeLibraryPakFileMountedCallback: pending pak file info (ChunkID:-1 Root:root:/ File:C:/Program Files/Epic Games/UE_4.27/FeaturePacks/FP_FirstPersonBP.upack)
[2025.05.25-09.54.51:657][  0]LogPakFile: OnPakFileMounted2Time == 0.000045
[2025.05.25-09.54.51:657][  0]LogPakFile: PakFile PrimaryIndexSize=191
[2025.05.25-09.54.51:657][  0]LogPakFile: PakFile PathHashIndexSize=101
[2025.05.25-09.54.51:657][  0]LogPakFile: PakFile FullDirectoryIndexSize=160
[2025.05.25-09.54.51:657][  0]LogShaderLibrary: Display: ShaderCodeLibraryPakFileMountedCallback: PakFile 'C:/Program Files/Epic Games/UE_4.27/FeaturePacks/MobileStarterContent.upack' (chunk index -1, root 'root:/') mounted
[2025.05.25-09.54.51:657][  0]LogShaderLibrary: Display: ShaderCodeLibraryPakFileMountedCallback: pending pak file info (ChunkID:-1 Root:root:/ File:C:/Program Files/Epic Games/UE_4.27/FeaturePacks/MobileStarterContent.upack)
[2025.05.25-09.54.51:657][  0]LogPakFile: OnPakFileMounted2Time == 0.000034
[2025.05.25-09.54.51:657][  0]LogPakFile: PakFile PrimaryIndexSize=185
[2025.05.25-09.54.51:657][  0]LogPakFile: PakFile PathHashIndexSize=101
[2025.05.25-09.54.51:657][  0]LogPakFile: PakFile FullDirectoryIndexSize=148
[2025.05.25-09.54.51:657][  0]LogShaderLibrary: Display: ShaderCodeLibraryPakFileMountedCallback: PakFile 'C:/Program Files/Epic Games/UE_4.27/FeaturePacks/StarterContent.upack' (chunk index -1, root 'root:/') mounted
[2025.05.25-09.54.51:657][  0]LogShaderLibrary: Display: ShaderCodeLibraryPakFileMountedCallback: pending pak file info (ChunkID:-1 Root:root:/ File:C:/Program Files/Epic Games/UE_4.27/FeaturePacks/StarterContent.upack)
[2025.05.25-09.54.51:657][  0]LogPakFile: OnPakFileMounted2Time == 0.000028
[2025.05.25-09.54.51:658][  0]LogPakFile: PakFile PrimaryIndexSize=190
[2025.05.25-09.54.51:658][  0]LogPakFile: PakFile PathHashIndexSize=101
[2025.05.25-09.54.51:658][  0]LogPakFile: PakFile FullDirectoryIndexSize=154
[2025.05.25-09.54.51:658][  0]LogShaderLibrary: Display: ShaderCodeLibraryPakFileMountedCallback: PakFile 'C:/Program Files/Epic Games/UE_4.27/FeaturePacks/TP_2DSideScroller.upack' (chunk index -1, root 'root:/') mounted
[2025.05.25-09.54.51:658][  0]LogShaderLibrary: Display: ShaderCodeLibraryPakFileMountedCallback: pending pak file info (ChunkID:-1 Root:root:/ File:C:/Program Files/Epic Games/UE_4.27/FeaturePacks/TP_2DSideScroller.upack)
[2025.05.25-09.54.51:658][  0]LogPakFile: OnPakFileMounted2Time == 0.000033
[2025.05.25-09.54.51:658][  0]LogPakFile: PakFile PrimaryIndexSize=192
[2025.05.25-09.54.51:658][  0]LogPakFile: PakFile PathHashIndexSize=101
[2025.05.25-09.54.51:658][  0]LogPakFile: PakFile FullDirectoryIndexSize=158
[2025.05.25-09.54.51:658][  0]LogShaderLibrary: Display: ShaderCodeLibraryPakFileMountedCallback: PakFile 'C:/Program Files/Epic Games/UE_4.27/FeaturePacks/TP_2DSideScrollerBP.upack' (chunk index -1, root 'root:/') mounted
[2025.05.25-09.54.51:658][  0]LogShaderLibrary: Display: ShaderCodeLibraryPakFileMountedCallback: pending pak file info (ChunkID:-1 Root:root:/ File:C:/Program Files/Epic Games/UE_4.27/FeaturePacks/TP_2DSideScrollerBP.upack)
[2025.05.25-09.54.51:658][  0]LogPakFile: OnPakFileMounted2Time == 0.000026
[2025.05.25-09.54.51:659][  0]LogPakFile: PakFile PrimaryIndexSize=182
[2025.05.25-09.54.51:659][  0]LogPakFile: PakFile PathHashIndexSize=101
[2025.05.25-09.54.51:659][  0]LogPakFile: PakFile FullDirectoryIndexSize=138
[2025.05.25-09.54.51:659][  0]LogShaderLibrary: Display: ShaderCodeLibraryPakFileMountedCallback: PakFile 'C:/Program Files/Epic Games/UE_4.27/FeaturePacks/TP_Flying.upack' (chunk index -1, root 'root:/') mounted
[2025.05.25-09.54.51:659][  0]LogShaderLibrary: Display: ShaderCodeLibraryPakFileMountedCallback: pending pak file info (ChunkID:-1 Root:root:/ File:C:/Program Files/Epic Games/UE_4.27/FeaturePacks/TP_Flying.upack)
[2025.05.25-09.54.51:659][  0]LogPakFile: OnPakFileMounted2Time == 0.000033
[2025.05.25-09.54.51:659][  0]LogPakFile: PakFile PrimaryIndexSize=184
[2025.05.25-09.54.51:659][  0]LogPakFile: PakFile PathHashIndexSize=101
[2025.05.25-09.54.51:659][  0]LogPakFile: PakFile FullDirectoryIndexSize=142
[2025.05.25-09.54.51:659][  0]LogShaderLibrary: Display: ShaderCodeLibraryPakFileMountedCallback: PakFile 'C:/Program Files/Epic Games/UE_4.27/FeaturePacks/TP_FlyingBP.upack' (chunk index -1, root 'root:/') mounted
[2025.05.25-09.54.51:659][  0]LogShaderLibrary: Display: ShaderCodeLibraryPakFileMountedCallback: pending pak file info (ChunkID:-1 Root:root:/ File:C:/Program Files/Epic Games/UE_4.27/FeaturePacks/TP_FlyingBP.upack)
[2025.05.25-09.54.51:659][  0]LogPakFile: OnPakFileMounted2Time == 0.000024
[2025.05.25-09.54.51:659][  0]LogPakFile: PakFile PrimaryIndexSize=188
[2025.05.25-09.54.51:659][  0]LogPakFile: PakFile PathHashIndexSize=101
[2025.05.25-09.54.51:659][  0]LogPakFile: PakFile FullDirectoryIndexSize=150
[2025.05.25-09.54.51:659][  0]LogShaderLibrary: Display: ShaderCodeLibraryPakFileMountedCallback: PakFile 'C:/Program Files/Epic Games/UE_4.27/FeaturePacks/TP_HandheldARBP.upack' (chunk index -1, root 'root:/') mounted
[2025.05.25-09.54.51:659][  0]LogShaderLibrary: Display: ShaderCodeLibraryPakFileMountedCallback: pending pak file info (ChunkID:-1 Root:root:/ File:C:/Program Files/Epic Games/UE_4.27/FeaturePacks/TP_HandheldARBP.upack)
[2025.05.25-09.54.51:659][  0]LogPakFile: OnPakFileMounted2Time == 0.000024
[2025.05.25-09.54.51:660][  0]LogPakFile: PakFile PrimaryIndexSize=182
[2025.05.25-09.54.51:660][  0]LogPakFile: PakFile PathHashIndexSize=101
[2025.05.25-09.54.51:660][  0]LogPakFile: PakFile FullDirectoryIndexSize=138
[2025.05.25-09.54.51:660][  0]LogShaderLibrary: Display: ShaderCodeLibraryPakFileMountedCallback: PakFile 'C:/Program Files/Epic Games/UE_4.27/FeaturePacks/TP_Puzzle.upack' (chunk index -1, root 'root:/') mounted
[2025.05.25-09.54.51:660][  0]LogShaderLibrary: Display: ShaderCodeLibraryPakFileMountedCallback: pending pak file info (ChunkID:-1 Root:root:/ File:C:/Program Files/Epic Games/UE_4.27/FeaturePacks/TP_Puzzle.upack)
[2025.05.25-09.54.51:660][  0]LogPakFile: OnPakFileMounted2Time == 0.000025
[2025.05.25-09.54.51:660][  0]LogPakFile: PakFile PrimaryIndexSize=184
[2025.05.25-09.54.51:660][  0]LogPakFile: PakFile PathHashIndexSize=101
[2025.05.25-09.54.51:660][  0]LogPakFile: PakFile FullDirectoryIndexSize=142
[2025.05.25-09.54.51:660][  0]LogShaderLibrary: Display: ShaderCodeLibraryPakFileMountedCallback: PakFile 'C:/Program Files/Epic Games/UE_4.27/FeaturePacks/TP_PuzzleBP.upack' (chunk index -1, root 'root:/') mounted
[2025.05.25-09.54.51:660][  0]LogShaderLibrary: Display: ShaderCodeLibraryPakFileMountedCallback: pending pak file info (ChunkID:-1 Root:root:/ File:C:/Program Files/Epic Games/UE_4.27/FeaturePacks/TP_PuzzleBP.upack)
[2025.05.25-09.54.51:660][  0]LogPakFile: OnPakFileMounted2Time == 0.000024
[2025.05.25-09.54.51:660][  0]LogPakFile: PakFile PrimaryIndexSize=183
[2025.05.25-09.54.51:660][  0]LogPakFile: PakFile PathHashIndexSize=101
[2025.05.25-09.54.51:660][  0]LogPakFile: PakFile FullDirectoryIndexSize=140
[2025.05.25-09.54.51:660][  0]LogShaderLibrary: Display: ShaderCodeLibraryPakFileMountedCallback: PakFile 'C:/Program Files/Epic Games/UE_4.27/FeaturePacks/TP_Rolling.upack' (chunk index -1, root 'root:/') mounted
[2025.05.25-09.54.51:661][  0]LogShaderLibrary: Display: ShaderCodeLibraryPakFileMountedCallback: pending pak file info (ChunkID:-1 Root:root:/ File:C:/Program Files/Epic Games/UE_4.27/FeaturePacks/TP_Rolling.upack)
[2025.05.25-09.54.51:661][  0]LogPakFile: OnPakFileMounted2Time == 0.000025
[2025.05.25-09.54.51:661][  0]LogPakFile: PakFile PrimaryIndexSize=185
[2025.05.25-09.54.51:661][  0]LogPakFile: PakFile PathHashIndexSize=101
[2025.05.25-09.54.51:661][  0]LogPakFile: PakFile FullDirectoryIndexSize=144
[2025.05.25-09.54.51:661][  0]LogShaderLibrary: Display: ShaderCodeLibraryPakFileMountedCallback: PakFile 'C:/Program Files/Epic Games/UE_4.27/FeaturePacks/TP_RollingBP.upack' (chunk index -1, root 'root:/') mounted
[2025.05.25-09.54.51:661][  0]LogShaderLibrary: Display: ShaderCodeLibraryPakFileMountedCallback: pending pak file info (ChunkID:-1 Root:root:/ File:C:/Program Files/Epic Games/UE_4.27/FeaturePacks/TP_RollingBP.upack)
[2025.05.25-09.54.51:661][  0]LogPakFile: OnPakFileMounted2Time == 0.000025
[2025.05.25-09.54.51:661][  0]LogPakFile: PakFile PrimaryIndexSize=188
[2025.05.25-09.54.51:661][  0]LogPakFile: PakFile PathHashIndexSize=101
[2025.05.25-09.54.51:661][  0]LogPakFile: PakFile FullDirectoryIndexSize=150
[2025.05.25-09.54.51:661][  0]LogShaderLibrary: Display: ShaderCodeLibraryPakFileMountedCallback: PakFile 'C:/Program Files/Epic Games/UE_4.27/FeaturePacks/TP_SideScroller.upack' (chunk index -1, root 'root:/') mounted
[2025.05.25-09.54.51:661][  0]LogShaderLibrary: Display: ShaderCodeLibraryPakFileMountedCallback: pending pak file info (ChunkID:-1 Root:root:/ File:C:/Program Files/Epic Games/UE_4.27/FeaturePacks/TP_SideScroller.upack)
[2025.05.25-09.54.51:661][  0]LogPakFile: OnPakFileMounted2Time == 0.000024
[2025.05.25-09.54.51:662][  0]LogPakFile: PakFile PrimaryIndexSize=190
[2025.05.25-09.54.51:662][  0]LogPakFile: PakFile PathHashIndexSize=101
[2025.05.25-09.54.51:662][  0]LogPakFile: PakFile FullDirectoryIndexSize=154
[2025.05.25-09.54.51:662][  0]LogShaderLibrary: Display: ShaderCodeLibraryPakFileMountedCallback: PakFile 'C:/Program Files/Epic Games/UE_4.27/FeaturePacks/TP_SideScrollerBP.upack' (chunk index -1, root 'root:/') mounted
[2025.05.25-09.54.51:662][  0]LogShaderLibrary: Display: ShaderCodeLibraryPakFileMountedCallback: pending pak file info (ChunkID:-1 Root:root:/ File:C:/Program Files/Epic Games/UE_4.27/FeaturePacks/TP_SideScrollerBP.upack)
[2025.05.25-09.54.51:662][  0]LogPakFile: OnPakFileMounted2Time == 0.000026
[2025.05.25-09.54.51:662][  0]LogPakFile: PakFile PrimaryIndexSize=187
[2025.05.25-09.54.51:662][  0]LogPakFile: PakFile PathHashIndexSize=101
[2025.05.25-09.54.51:662][  0]LogPakFile: PakFile FullDirectoryIndexSize=148
[2025.05.25-09.54.51:662][  0]LogShaderLibrary: Display: ShaderCodeLibraryPakFileMountedCallback: PakFile 'C:/Program Files/Epic Games/UE_4.27/FeaturePacks/TP_ThirdPerson.upack' (chunk index -1, root 'root:/') mounted
[2025.05.25-09.54.51:662][  0]LogShaderLibrary: Display: ShaderCodeLibraryPakFileMountedCallback: pending pak file info (ChunkID:-1 Root:root:/ File:C:/Program Files/Epic Games/UE_4.27/FeaturePacks/TP_ThirdPerson.upack)
[2025.05.25-09.54.51:662][  0]LogPakFile: OnPakFileMounted2Time == 0.000028
[2025.05.25-09.54.51:662][  0]LogPakFile: PakFile PrimaryIndexSize=189
[2025.05.25-09.54.51:662][  0]LogPakFile: PakFile PathHashIndexSize=101
[2025.05.25-09.54.51:662][  0]LogPakFile: PakFile FullDirectoryIndexSize=152
[2025.05.25-09.54.51:662][  0]LogShaderLibrary: Display: ShaderCodeLibraryPakFileMountedCallback: PakFile 'C:/Program Files/Epic Games/UE_4.27/FeaturePacks/TP_ThirdPersonBP.upack' (chunk index -1, root 'root:/') mounted
[2025.05.25-09.54.51:662][  0]LogShaderLibrary: Display: ShaderCodeLibraryPakFileMountedCallback: pending pak file info (ChunkID:-1 Root:root:/ File:C:/Program Files/Epic Games/UE_4.27/FeaturePacks/TP_ThirdPersonBP.upack)
[2025.05.25-09.54.51:662][  0]LogPakFile: OnPakFileMounted2Time == 0.000028
[2025.05.25-09.54.51:663][  0]LogPakFile: PakFile PrimaryIndexSize=183
[2025.05.25-09.54.51:663][  0]LogPakFile: PakFile PathHashIndexSize=101
[2025.05.25-09.54.51:663][  0]LogPakFile: PakFile FullDirectoryIndexSize=140
[2025.05.25-09.54.51:663][  0]LogShaderLibrary: Display: ShaderCodeLibraryPakFileMountedCallback: PakFile 'C:/Program Files/Epic Games/UE_4.27/FeaturePacks/TP_TopDown.upack' (chunk index -1, root 'root:/') mounted
[2025.05.25-09.54.51:663][  0]LogShaderLibrary: Display: ShaderCodeLibraryPakFileMountedCallback: pending pak file info (ChunkID:-1 Root:root:/ File:C:/Program Files/Epic Games/UE_4.27/FeaturePacks/TP_TopDown.upack)
[2025.05.25-09.54.51:663][  0]LogPakFile: OnPakFileMounted2Time == 0.000031
[2025.05.25-09.54.51:663][  0]LogPakFile: PakFile PrimaryIndexSize=185
[2025.05.25-09.54.51:663][  0]LogPakFile: PakFile PathHashIndexSize=101
[2025.05.25-09.54.51:663][  0]LogPakFile: PakFile FullDirectoryIndexSize=144
[2025.05.25-09.54.51:663][  0]LogShaderLibrary: Display: ShaderCodeLibraryPakFileMountedCallback: PakFile 'C:/Program Files/Epic Games/UE_4.27/FeaturePacks/TP_TopDownBP.upack' (chunk index -1, root 'root:/') mounted
[2025.05.25-09.54.51:663][  0]LogShaderLibrary: Display: ShaderCodeLibraryPakFileMountedCallback: pending pak file info (ChunkID:-1 Root:root:/ File:C:/Program Files/Epic Games/UE_4.27/FeaturePacks/TP_TopDownBP.upack)
[2025.05.25-09.54.51:663][  0]LogPakFile: OnPakFileMounted2Time == 0.000032
[2025.05.25-09.54.51:664][  0]LogPakFile: PakFile PrimaryIndexSize=185
[2025.05.25-09.54.51:664][  0]LogPakFile: PakFile PathHashIndexSize=101
[2025.05.25-09.54.51:664][  0]LogPakFile: PakFile FullDirectoryIndexSize=144
[2025.05.25-09.54.51:664][  0]LogShaderLibrary: Display: ShaderCodeLibraryPakFileMountedCallback: PakFile 'C:/Program Files/Epic Games/UE_4.27/FeaturePacks/TP_TwinStick.upack' (chunk index -1, root 'root:/') mounted
[2025.05.25-09.54.51:664][  0]LogShaderLibrary: Display: ShaderCodeLibraryPakFileMountedCallback: pending pak file info (ChunkID:-1 Root:root:/ File:C:/Program Files/Epic Games/UE_4.27/FeaturePacks/TP_TwinStick.upack)
[2025.05.25-09.54.51:664][  0]LogPakFile: OnPakFileMounted2Time == 0.000027
[2025.05.25-09.54.51:664][  0]LogPakFile: PakFile PrimaryIndexSize=187
[2025.05.25-09.54.51:664][  0]LogPakFile: PakFile PathHashIndexSize=101
[2025.05.25-09.54.51:664][  0]LogPakFile: PakFile FullDirectoryIndexSize=148
[2025.05.25-09.54.51:664][  0]LogShaderLibrary: Display: ShaderCodeLibraryPakFileMountedCallback: PakFile 'C:/Program Files/Epic Games/UE_4.27/FeaturePacks/TP_TwinStickBP.upack' (chunk index -1, root 'root:/') mounted
[2025.05.25-09.54.51:664][  0]LogShaderLibrary: Display: ShaderCodeLibraryPakFileMountedCallback: pending pak file info (ChunkID:-1 Root:root:/ File:C:/Program Files/Epic Games/UE_4.27/FeaturePacks/TP_TwinStickBP.upack)
[2025.05.25-09.54.51:664][  0]LogPakFile: OnPakFileMounted2Time == 0.000024
[2025.05.25-09.54.51:664][  0]LogPakFile: PakFile PrimaryIndexSize=183
[2025.05.25-09.54.51:664][  0]LogPakFile: PakFile PathHashIndexSize=101
[2025.05.25-09.54.51:664][  0]LogPakFile: PakFile FullDirectoryIndexSize=140
[2025.05.25-09.54.51:664][  0]LogShaderLibrary: Display: ShaderCodeLibraryPakFileMountedCallback: PakFile 'C:/Program Files/Epic Games/UE_4.27/FeaturePacks/TP_Vehicle.upack' (chunk index -1, root 'root:/') mounted
[2025.05.25-09.54.51:664][  0]LogShaderLibrary: Display: ShaderCodeLibraryPakFileMountedCallback: pending pak file info (ChunkID:-1 Root:root:/ File:C:/Program Files/Epic Games/UE_4.27/FeaturePacks/TP_Vehicle.upack)
[2025.05.25-09.54.51:664][  0]LogPakFile: OnPakFileMounted2Time == 0.000026
[2025.05.25-09.54.51:665][  0]LogPakFile: PakFile PrimaryIndexSize=186
[2025.05.25-09.54.51:665][  0]LogPakFile: PakFile PathHashIndexSize=101
[2025.05.25-09.54.51:665][  0]LogPakFile: PakFile FullDirectoryIndexSize=146
[2025.05.25-09.54.51:665][  0]LogShaderLibrary: Display: ShaderCodeLibraryPakFileMountedCallback: PakFile 'C:/Program Files/Epic Games/UE_4.27/FeaturePacks/TP_VehicleAdv.upack' (chunk index -1, root 'root:/') mounted
[2025.05.25-09.54.51:665][  0]LogShaderLibrary: Display: ShaderCodeLibraryPakFileMountedCallback: pending pak file info (ChunkID:-1 Root:root:/ File:C:/Program Files/Epic Games/UE_4.27/FeaturePacks/TP_VehicleAdv.upack)
[2025.05.25-09.54.51:665][  0]LogPakFile: OnPakFileMounted2Time == 0.000025
[2025.05.25-09.54.51:665][  0]LogPakFile: PakFile PrimaryIndexSize=188
[2025.05.25-09.54.51:665][  0]LogPakFile: PakFile PathHashIndexSize=101
[2025.05.25-09.54.51:665][  0]LogPakFile: PakFile FullDirectoryIndexSize=150
[2025.05.25-09.54.51:665][  0]LogShaderLibrary: Display: ShaderCodeLibraryPakFileMountedCallback: PakFile 'C:/Program Files/Epic Games/UE_4.27/FeaturePacks/TP_VehicleAdvBP.upack' (chunk index -1, root 'root:/') mounted
[2025.05.25-09.54.51:665][  0]LogShaderLibrary: Display: ShaderCodeLibraryPakFileMountedCallback: pending pak file info (ChunkID:-1 Root:root:/ File:C:/Program Files/Epic Games/UE_4.27/FeaturePacks/TP_VehicleAdvBP.upack)
[2025.05.25-09.54.51:665][  0]LogPakFile: OnPakFileMounted2Time == 0.000025
[2025.05.25-09.54.51:665][  0]LogPakFile: PakFile PrimaryIndexSize=185
[2025.05.25-09.54.51:665][  0]LogPakFile: PakFile PathHashIndexSize=101
[2025.05.25-09.54.51:665][  0]LogPakFile: PakFile FullDirectoryIndexSize=144
[2025.05.25-09.54.51:665][  0]LogShaderLibrary: Display: ShaderCodeLibraryPakFileMountedCallback: PakFile 'C:/Program Files/Epic Games/UE_4.27/FeaturePacks/TP_VehicleBP.upack' (chunk index -1, root 'root:/') mounted
[2025.05.25-09.54.51:665][  0]LogShaderLibrary: Display: ShaderCodeLibraryPakFileMountedCallback: pending pak file info (ChunkID:-1 Root:root:/ File:C:/Program Files/Epic Games/UE_4.27/FeaturePacks/TP_VehicleBP.upack)
[2025.05.25-09.54.51:665][  0]LogPakFile: OnPakFileMounted2Time == 0.000026
[2025.05.25-09.54.51:666][  0]LogPakFile: PakFile PrimaryIndexSize=192
[2025.05.25-09.54.51:666][  0]LogPakFile: PakFile PathHashIndexSize=101
[2025.05.25-09.54.51:666][  0]LogPakFile: PakFile FullDirectoryIndexSize=158
[2025.05.25-09.54.51:666][  0]LogShaderLibrary: Display: ShaderCodeLibraryPakFileMountedCallback: PakFile 'C:/Program Files/Epic Games/UE_4.27/FeaturePacks/TP_VirtualRealityBP.upack' (chunk index -1, root 'root:/') mounted
[2025.05.25-09.54.51:666][  0]LogShaderLibrary: Display: ShaderCodeLibraryPakFileMountedCallback: pending pak file info (ChunkID:-1 Root:root:/ File:C:/Program Files/Epic Games/UE_4.27/FeaturePacks/TP_VirtualRealityBP.upack)
[2025.05.25-09.54.51:666][  0]LogPakFile: OnPakFileMounted2Time == 0.000025
[2025.05.25-09.54.51:699][  0]LogNativeClassHierarchy: Verbose: Native class hierarchy updated for 'AddContentDialog' in 0.0003 seconds. Added 0 classes and 0 folders.
[2025.05.25-09.54.51:700][  0]LogNativeClassHierarchy: Verbose: Native class hierarchy updated for 'SceneOutliner' in 0.0003 seconds. Added 2 classes and 0 folders.
[2025.05.25-09.54.51:837][  0]LogSlate: Took 0.000217 seconds to synchronously load lazily loaded font '../../../Engine/Content/Slate/Fonts/Roboto-Regular.ttf' (155K)
[2025.05.25-09.54.51:839][  0]LogSlate: Took 0.000167 seconds to synchronously load lazily loaded font '../../../Engine/Content/Editor/Slate/Fonts/FontAwesome.ttf' (139K)
[2025.05.25-09.54.51:840][  0]LogSlate: Took 0.000157 seconds to synchronously load lazily loaded font '../../../Engine/Content/Slate/Fonts/Roboto-Bold.ttf' (160K)
[2025.05.25-09.54.51:914][  0]LogRenderer: Reallocating scene render targets to support 1208x612 Format 10 NumSamples 4 (Frame:1).
[2025.05.25-09.54.52:035][  0]LogNativeClassHierarchy: Verbose: Native class hierarchy updated for 'HierarchicalLODOutliner' in 0.0002 seconds. Added 0 classes and 0 folders.
[2025.05.25-09.54.52:036][  0]LogLoad: (Engine Initialization) Total time: 8.78 seconds
[2025.05.25-09.54.52:036][  0]LogLoad: (Engine Initialization) Total Blueprint compile time: 0.00 seconds
[2025.05.25-09.54.52:090][  0]LogAssetRegistry: Asset discovery search completed in 4.0670 seconds
[2025.05.25-09.54.52:095][  0]LogCollectionManager: Fixed up redirectors for 0 collections in 0.000004 seconds (updated 0 objects)
[2025.05.25-09.54.52:105][  0]LogResonanceAudio: Display: Resonance Audio Listener is initialized
[2025.05.25-09.54.52:106][  0]LogContentStreaming: Texture pool size now 1000 MB
[2025.05.25-09.54.52:217][  2]LogSlate: Took 0.000213 seconds to synchronously load lazily loaded font '../../../Engine/Content/Slate/Fonts/Roboto-Light.ttf' (167K)
[2025.05.25-09.54.53:057][ 52]LogSlate: Took 0.000277 seconds to synchronously load lazily loaded font '../../../Engine/Content/Slate/Fonts/Roboto-Light.ttf' (167K)
[2025.05.25-09.54.54:634][142]LogEditorViewport: Clicking on Actor (context menu): StaticMeshActor (TemplateFloor)
[2025.05.25-09.54.56:384][242]LogTemp: Repeating last play command: Simulate
[2025.05.25-09.54.56:388][242]LogPlayLevel: PlayLevel: No blueprints needed recompiling
[2025.05.25-09.54.56:388][242]PIE: New page: SIE session: VRTemplateMap (25 мая 2025 г., 15:54:56)
[2025.05.25-09.54.56:389][242]LogOnline: OSS: Creating online subsystem instance for: NULL
[2025.05.25-09.54.56:391][242]LogOnline: OSS: TryLoadSubsystemAndSetDefault: Loaded subsystem for module [NULL]
[2025.05.25-09.54.56:391][242]LogPlayLevel: Creating play world package: /Game/VRTemplate/Maps/UEDPIE_0_VRTemplateMap
[2025.05.25-09.54.56:395][242]LogPlayLevel: PIE: StaticDuplicateObject took: (0.004158s)
[2025.05.25-09.54.56:396][242]LogAIModule: Creating AISystem for world VRTemplateMap
[2025.05.25-09.54.56:396][242]LogPlayLevel: PIE: World Init took: (0.001002s)
[2025.05.25-09.54.56:396][242]LogPlayLevel: PIE: Created PIE world by copying editor world from /Game/VRTemplate/Maps/VRTemplateMap.VRTemplateMap to /Game/VRTemplate/Maps/UEDPIE_0_VRTemplateMap.VRTemplateMap (0.005282s)
[2025.05.25-09.54.56:405][242]LogUObjectHash: Compacting FUObjectHashTables data took   0.96ms
[2025.05.25-09.54.56:406][242]LogAudio: Display: Creating Audio Device:                 Id: 2, Scope: Unique, Realtime: True
[2025.05.25-09.54.56:406][242]LogAudioMixer: Display: Audio Mixer Platform Settings:
[2025.05.25-09.54.56:406][242]LogAudioMixer: Display: 	Sample Rate:						  48000
[2025.05.25-09.54.56:406][242]LogAudioMixer: Display: 	Callback Buffer Frame Size Requested: 1024
[2025.05.25-09.54.56:406][242]LogAudioMixer: Display: 	Callback Buffer Frame Size To Use:	  1024
[2025.05.25-09.54.56:406][242]LogAudioMixer: Display: 	Number of buffers to queue:			  1
[2025.05.25-09.54.56:406][242]LogAudioMixer: Display: 	Max Channels (voices):				  0
[2025.05.25-09.54.56:406][242]LogAudioMixer: Display: 	Number of Async Source Workers:		  4
[2025.05.25-09.54.56:406][242]LogAudio: Display: AudioDevice MaxSources: 32
[2025.05.25-09.54.56:406][242]LogAudio: Display: Audio Spatialization Plugin: Resonance Audio is external send: 1
[2025.05.25-09.54.56:406][242]LogAudio: Display: Audio Reverb Plugin: Resonance Audio
[2025.05.25-09.54.56:406][242]LogAudio: Display: Audio Occlusion Plugin: None (built-in).
[2025.05.25-09.54.56:406][242]LogAudioMixer: Display: Initializing audio mixer.
[2025.05.25-09.54.56:410][242]LogAudioMixer: Display: 0: FrontLeft
[2025.05.25-09.54.56:410][242]LogAudioMixer: Display: 1: FrontRight
[2025.05.25-09.54.56:445][242]LogAudioMixer: Display: Using Audio Device Динамики (Realtek(R) Audio)
[2025.05.25-09.54.56:445][242]LogAudioMixer: Display: Initializing Sound Submixes...
[2025.05.25-09.54.56:445][242]LogAudioMixer: Display: Creating Master Submix 'MasterSubmixDefault'
[2025.05.25-09.54.56:445][242]LogAudioMixer: Display: Creating Master Submix 'MasterReverbSubmixDefault'
[2025.05.25-09.54.56:445][242]LogAudioMixer: Display: Creating Master Submix 'MasterEQSubmixDefault'
[2025.05.25-09.54.56:445][242]LogAudioMixer: FMixerPlatformXAudio2::StartAudioStream() called
[2025.05.25-09.54.56:445][242]LogAudioMixer: Display: Output buffers initialized: Frames=1024, Channels=2, Samples=2048
[2025.05.25-09.54.56:446][242]LogAudioMixer: Display: Starting AudioMixerPlatformInterface::RunInternal()
[2025.05.25-09.54.56:446][242]LogAudioMixer: Display: FMixerPlatformXAudio2::SubmitBuffer() called for the first time
[2025.05.25-09.54.56:446][242]LogInit: FAudioDevice initialized.
[2025.05.25-09.54.56:446][242]LogAudio: Display: Audio Device (ID: 2) registered with world 'VRTemplateMap'.
[2025.05.25-09.54.56:455][242]LogLoad: Game class is 'VRGameMode_C'
[2025.05.25-09.54.56:457][242]LogWorld: Bringing World /Game/VRTemplate/Maps/UEDPIE_0_VRTemplateMap.VRTemplateMap up for play (max tick rate 60) at 2025.05.25-12.54.56
[2025.05.25-09.54.56:457][242]LogWorld: Bringing up level for play took: 0.001272
[2025.05.25-09.54.56:457][242]LogOnline: OSS: Creating online subsystem instance for: :Context_3
[2025.05.25-09.54.56:458][242]LogSpawn: Warning: SpawnActor failed because no class was specified
[2025.05.25-09.54.56:459][242]LogNativeClassHierarchy: Verbose: Native class hierarchy updated for 'MovieSceneCapture' in 0.0003 seconds. Added 20 classes and 0 folders.
[2025.05.25-09.54.56:461][242]PIE: Server logged in
[2025.05.25-09.54.56:461][242]PIE: Play in editor total start time 0,074 seconds.
[2025.05.25-09.54.56:484][242]LogResonanceAudio: Display: Resonance Audio Listener is initialized
[2025.05.25-09.55.06:530][844]LogScript: Warning: Accessed None trying to read property CallFunc_Array_Get_Item_1
	BP_test_menu_2_C /Game/VRTemplate/Maps/UEDPIE_0_VRTemplateMap.VRTemplateMap:PersistentLevel.BP_test_menu_3
	Function /Game/Andrey/Menu/BP_test_menu_2.BP_test_menu_2_C:ExecuteUbergraph_BP_test_menu_2:0D5E
[2025.05.25-09.55.06:531][844]PIE: Error: Blueprint Runtime Error: "Accessed None trying to read property CallFunc_Array_Get_Item_1". Blueprint:  BP_test_menu_2 Function:  Execute Ubergraph BP Test Menu 2 Graph:  EventGraph Node:  Teleport
[2025.05.25-09.55.07:382][895]LogEditorViewport: Clicking on Actor (LMB): StaticMeshActor (TemplateFloor)
[2025.05.25-09.55.08:135][940]LogScript: Warning: Accessed None trying to read property CallFunc_Array_Get_Item_2
	BP_test_menu_2_C /Game/VRTemplate/Maps/UEDPIE_0_VRTemplateMap.VRTemplateMap:PersistentLevel.BP_test_menu_3
	Function /Game/Andrey/Menu/BP_test_menu_2.BP_test_menu_2_C:ExecuteUbergraph_BP_test_menu_2:0B3B
[2025.05.25-09.55.08:135][940]PIE: Error: Blueprint Runtime Error: "Accessed None trying to read property CallFunc_Array_Get_Item_2". Blueprint:  BP_test_menu_2 Function:  Execute Ubergraph BP Test Menu 2 Graph:  EventGraph Node:  Teleport
[2025.05.25-09.55.08:535][964]LogScript: Warning: Accessed None trying to read property CallFunc_Array_Get_Item_2
	BP_test_menu_2_C /Game/VRTemplate/Maps/UEDPIE_0_VRTemplateMap.VRTemplateMap:PersistentLevel.BP_test_menu_3
	Function /Game/Andrey/Menu/BP_test_menu_2.BP_test_menu_2_C:ExecuteUbergraph_BP_test_menu_2:0B3B
[2025.05.25-09.55.08:535][964]PIE: Error: Blueprint Runtime Error: "Accessed None trying to read property CallFunc_Array_Get_Item_2". Blueprint:  BP_test_menu_2 Function:  Execute Ubergraph BP Test Menu 2 Graph:  EventGraph Node:  Teleport
[2025.05.25-09.55.08:670][972]LogScript: Warning: Accessed None trying to read property CallFunc_Array_Get_Item_2
	BP_test_menu_2_C /Game/VRTemplate/Maps/UEDPIE_0_VRTemplateMap.VRTemplateMap:PersistentLevel.BP_test_menu_3
	Function /Game/Andrey/Menu/BP_test_menu_2.BP_test_menu_2_C:ExecuteUbergraph_BP_test_menu_2:0B3B
[2025.05.25-09.55.08:670][972]PIE: Error: Blueprint Runtime Error: "Accessed None trying to read property CallFunc_Array_Get_Item_2". Blueprint:  BP_test_menu_2 Function:  Execute Ubergraph BP Test Menu 2 Graph:  EventGraph Node:  Teleport
[2025.05.25-09.55.34:466][519]LogAssetEditorSubsystem: Opening Asset editor for Blueprint /Game/Andrey/Menu/BP_test_menu_2.BP_test_menu_2
[2025.05.25-09.55.34:604][519]LogNativeClassHierarchy: Verbose: Native class hierarchy updated for 'BlueprintGraph' in 0.0006 seconds. Added 126 classes and 0 folders.
[2025.05.25-09.55.35:316][519]LogSlate: Took 0.000184 seconds to synchronously load lazily loaded font '../../../Engine/Content/Slate/Fonts/Roboto-BoldCondensed.ttf' (158K)
[2025.05.25-09.55.35:454][520]LogSlate: Took 0.000410 seconds to synchronously load lazily loaded font '../../../Engine/Content/Slate/Fonts/Roboto-Italic.ttf' (157K)
[2025.05.25-09.55.37:520][636]LogSlate: Window 'BP_test_menu_2' being destroyed
[2025.05.25-09.55.38:939][719]LogSlate: Updating window title bar state: overlay mode, drag disabled, window buttons hidden, title bar hidden
[2025.05.25-09.55.38:939][719]LogWorld: BeginTearingDown for /Game/VRTemplate/Maps/UEDPIE_0_VRTemplateMap
[2025.05.25-09.55.38:939][719]LogWorld: UWorld::CleanupWorld for VRTemplateMap, bSessionEnded=true, bCleanupResources=true
[2025.05.25-09.55.38:940][719]LogSlate: InvalidateAllWidgets triggered.  All widgets were invalidated
[2025.05.25-09.55.38:947][719]LogPlayLevel: Display: Shutting down PIE online subsystems
[2025.05.25-09.55.38:961][719]LogSlate: InvalidateAllWidgets triggered.  All widgets were invalidated
[2025.05.25-09.55.38:981][719]LogAudio: Display: Audio Device unregistered from world 'None'.
[2025.05.25-09.55.38:982][719]LogResonanceAudio: Display: Resonance Audio Listener is shutdown
[2025.05.25-09.55.38:982][719]LogAudioMixer: FMixerPlatformXAudio2::StopAudioStream() called
[2025.05.25-09.55.38:983][719]LogAudioMixer: FMixerPlatformXAudio2::StopAudioStream() called
[2025.05.25-09.55.38:987][719]LogSlate: Updating window title bar state: overlay mode, drag disabled, window buttons hidden, title bar hidden
[2025.05.25-09.55.38:991][719]LogUObjectHash: Compacting FUObjectHashTables data took   1.79ms
[2025.05.25-09.55.39:047][719]LogSlate: Took 0.000192 seconds to synchronously load lazily loaded font '../../../Engine/Content/Slate/Fonts/DroidSansMono.ttf' (77K)
[2025.05.25-09.55.39:054][720]LogPlayLevel: Display: Destroying online subsystem :Context_3
[2025.05.25-09.55.40:028][769]LogSlate: Window 'Message Log' being destroyed
[2025.05.25-09.55.40:034][769]LogSlate: Window 'Message Log' being destroyed
[2025.05.25-09.56.11:451][641]BlueprintLog: New page: Compile BP_test_menu_2
[2025.05.25-09.56.11:458][641]LogBlueprint: Warning: [AssetLog] C:\Users\AlisaDI\Documents\MephiTasks\UnrealProject\Content\Andrey\Menu\BP_test_menu_2.uasset: [Compiler] SpawnActor  was pruned because its Exec pin is not connected, the connected value is not available and will instead be read as default
[2025.05.25-09.56.11:508][641]LogUObjectHash: Compacting FUObjectHashTables data took   1.77ms
[2025.05.25-09.56.23:398][347]BlueprintLog: New page: Compile BP_test_menu_2
[2025.05.25-09.56.23:405][347]LogBlueprint: Warning: [AssetLog] C:\Users\AlisaDI\Documents\MephiTasks\UnrealProject\Content\Andrey\Menu\BP_test_menu_2.uasset: [Compiler] SpawnActor  was pruned because its Exec pin is not connected, the connected value is not available and will instead be read as default
[2025.05.25-09.56.23:456][347]LogUObjectHash: Compacting FUObjectHashTables data took   2.34ms
[2025.05.25-09.56.44:204][576]BlueprintLog: New page: Compile BP_test_menu_2
[2025.05.25-09.56.44:210][576]LogBlueprint: Warning: [AssetLog] C:\Users\AlisaDI\Documents\MephiTasks\UnrealProject\Content\Andrey\Menu\BP_test_menu_2.uasset: [Compiler] SpawnActor  was pruned because its Exec pin is not connected, the connected value is not available and will instead be read as default
[2025.05.25-09.56.44:261][576]LogUObjectHash: Compacting FUObjectHashTables data took   2.09ms
[2025.05.25-09.56.44:385][577]BlueprintLog: New page: Compile BP_test_menu_2
[2025.05.25-09.56.44:393][577]LogBlueprint: Warning: [AssetLog] C:\Users\AlisaDI\Documents\MephiTasks\UnrealProject\Content\Andrey\Menu\BP_test_menu_2.uasset: [Compiler] SpawnActor  was pruned because its Exec pin is not connected, the connected value is not available and will instead be read as default
[2025.05.25-09.56.44:444][577]LogUObjectHash: Compacting FUObjectHashTables data took   2.59ms
[2025.05.25-09.56.46:431][688]Cmd: OBJ SAVEPACKAGE PACKAGE="/Game/Andrey/Menu/BP_test_menu_2" FILE="../../../../../../Users/AlisaDI/Documents/MephiTasks/UnrealProject/Content/Andrey/Menu/BP_test_menu_2.uasset" SILENT=true
[2025.05.25-09.56.46:478][688]LogSavePackage: Moving '../../../../../../Users/AlisaDI/Documents/MephiTasks/UnrealProject/Saved/BP_test_menu_2C8EBD358459154B9B6A84999A4BA612A.tmp' to '../../../../../../Users/AlisaDI/Documents/MephiTasks/UnrealProject/Content/Andrey/Menu/BP_test_menu_2.uasset'
[2025.05.25-09.56.46:495][688]AssetCheck: New page: Asset Save: BP_test_menu_2
[2025.05.25-09.56.46:495][688]LogContentValidation: Display: Validating Blueprint /Game/Andrey/Menu/BP_test_menu_2.BP_test_menu_2
[2025.05.25-09.56.48:511][807]LogTemp: Repeating last play command: Simulate
[2025.05.25-09.56.48:515][807]LogPlayLevel: PlayLevel: No blueprints needed recompiling
[2025.05.25-09.56.48:516][807]PIE: New page: SIE session: VRTemplateMap (25 мая 2025 г., 15:56:48)
[2025.05.25-09.56.48:516][807]LogPlayLevel: Creating play world package: /Game/VRTemplate/Maps/UEDPIE_0_VRTemplateMap
[2025.05.25-09.56.48:520][807]LogPlayLevel: PIE: StaticDuplicateObject took: (0.003999s)
[2025.05.25-09.56.48:520][807]LogAIModule: Creating AISystem for world VRTemplateMap
[2025.05.25-09.56.48:521][807]LogPlayLevel: PIE: World Init took: (0.000953s)
[2025.05.25-09.56.48:521][807]LogPlayLevel: PIE: Created PIE world by copying editor world from /Game/VRTemplate/Maps/VRTemplateMap.VRTemplateMap to /Game/VRTemplate/Maps/UEDPIE_0_VRTemplateMap.VRTemplateMap (0.005056s)
[2025.05.25-09.56.48:546][807]LogUObjectHash: Compacting FUObjectHashTables data took   2.06ms
[2025.05.25-09.56.48:547][807]LogAudio: Display: Creating Audio Device:                 Id: 3, Scope: Unique, Realtime: True
[2025.05.25-09.56.48:547][807]LogAudioMixer: Display: Audio Mixer Platform Settings:
[2025.05.25-09.56.48:547][807]LogAudioMixer: Display: 	Sample Rate:						  48000
[2025.05.25-09.56.48:547][807]LogAudioMixer: Display: 	Callback Buffer Frame Size Requested: 1024
[2025.05.25-09.56.48:547][807]LogAudioMixer: Display: 	Callback Buffer Frame Size To Use:	  1024
[2025.05.25-09.56.48:547][807]LogAudioMixer: Display: 	Number of buffers to queue:			  1
[2025.05.25-09.56.48:547][807]LogAudioMixer: Display: 	Max Channels (voices):				  0
[2025.05.25-09.56.48:547][807]LogAudioMixer: Display: 	Number of Async Source Workers:		  4
[2025.05.25-09.56.48:547][807]LogAudio: Display: AudioDevice MaxSources: 32
[2025.05.25-09.56.48:548][807]LogAudio: Display: Audio Spatialization Plugin: Resonance Audio is external send: 1
[2025.05.25-09.56.48:548][807]LogAudio: Display: Audio Reverb Plugin: Resonance Audio
[2025.05.25-09.56.48:548][807]LogAudio: Display: Audio Occlusion Plugin: None (built-in).
[2025.05.25-09.56.48:548][807]LogAudioMixer: Display: Initializing audio mixer.
[2025.05.25-09.56.48:551][807]LogAudioMixer: Display: 0: FrontLeft
[2025.05.25-09.56.48:551][807]LogAudioMixer: Display: 1: FrontRight
[2025.05.25-09.56.48:589][807]LogAudioMixer: Display: Using Audio Device Динамики (Realtek(R) Audio)
[2025.05.25-09.56.48:589][807]LogAudioMixer: Display: Initializing Sound Submixes...
[2025.05.25-09.56.48:589][807]LogAudioMixer: Display: Creating Master Submix 'MasterSubmixDefault'
[2025.05.25-09.56.48:589][807]LogAudioMixer: Display: Creating Master Submix 'MasterReverbSubmixDefault'
[2025.05.25-09.56.48:589][807]LogAudioMixer: Display: Creating Master Submix 'MasterEQSubmixDefault'
[2025.05.25-09.56.48:591][807]LogAudioMixer: FMixerPlatformXAudio2::StartAudioStream() called
[2025.05.25-09.56.48:591][807]LogAudioMixer: Display: Output buffers initialized: Frames=1024, Channels=2, Samples=2048
[2025.05.25-09.56.48:592][807]LogAudioMixer: Display: Starting AudioMixerPlatformInterface::RunInternal()
[2025.05.25-09.56.48:592][807]LogAudioMixer: Display: FMixerPlatformXAudio2::SubmitBuffer() called for the first time
[2025.05.25-09.56.48:592][807]LogInit: FAudioDevice initialized.
[2025.05.25-09.56.48:592][807]LogAudio: Display: Audio Device (ID: 3) registered with world 'VRTemplateMap'.
[2025.05.25-09.56.48:598][807]LogLoad: Game class is 'VRGameMode_C'
[2025.05.25-09.56.48:600][807]LogWorld: Bringing World /Game/VRTemplate/Maps/UEDPIE_0_VRTemplateMap.VRTemplateMap up for play (max tick rate 60) at 2025.05.25-12.56.48
[2025.05.25-09.56.48:600][807]LogWorld: Bringing up level for play took: 0.001221
[2025.05.25-09.56.48:600][807]LogOnline: OSS: Creating online subsystem instance for: :Context_6
[2025.05.25-09.56.48:601][807]LogSpawn: Warning: SpawnActor failed because no class was specified
[2025.05.25-09.56.48:603][807]PIE: Server logged in
[2025.05.25-09.56.48:603][807]PIE: Play in editor total start time 0,088 seconds.
[2025.05.25-09.56.48:625][807]LogResonanceAudio: Display: Resonance Audio Listener is initialized
[2025.05.25-09.56.53:632][107]LogEditorViewport: Clicking on Actor (LMB): StaticMeshActor (Wall_400x302)
[2025.05.25-09.56.54:232][141]LogBlueprintUserMessages: [WD_Menu_C_1] Неверно задано количество деталей
[2025.05.25-09.56.57:450][334]LogScript: Warning: Accessed None trying to read property CallFunc_Array_Get_Item_2
	BP_test_menu_2_C /Game/VRTemplate/Maps/UEDPIE_0_VRTemplateMap.VRTemplateMap:PersistentLevel.BP_test_menu_3
	Function /Game/Andrey/Menu/BP_test_menu_2.BP_test_menu_2_C:ExecuteUbergraph_BP_test_menu_2:0B06
[2025.05.25-09.56.57:450][334]PIE: Error: Blueprint Runtime Error: "Accessed None trying to read property CallFunc_Array_Get_Item_2". Blueprint:  BP_test_menu_2 Function:  Execute Ubergraph BP Test Menu 2 Graph:  EventGraph Node:  Teleport
[2025.05.25-09.56.59:335][447]LogScript: Warning: Accessed None trying to read property CallFunc_Array_Get_Item_2
	BP_test_menu_2_C /Game/VRTemplate/Maps/UEDPIE_0_VRTemplateMap.VRTemplateMap:PersistentLevel.BP_test_menu_3
	Function /Game/Andrey/Menu/BP_test_menu_2.BP_test_menu_2_C:ExecuteUbergraph_BP_test_menu_2:0B06
[2025.05.25-09.56.59:335][447]PIE: Error: Blueprint Runtime Error: "Accessed None trying to read property CallFunc_Array_Get_Item_2". Blueprint:  BP_test_menu_2 Function:  Execute Ubergraph BP Test Menu 2 Graph:  EventGraph Node:  Teleport
[2025.05.25-09.57.01:268][563]LogScript: Warning: Accessed None trying to read property CallFunc_Array_Get_Item_2
	BP_test_menu_2_C /Game/VRTemplate/Maps/UEDPIE_0_VRTemplateMap.VRTemplateMap:PersistentLevel.BP_test_menu_3
	Function /Game/Andrey/Menu/BP_test_menu_2.BP_test_menu_2_C:ExecuteUbergraph_BP_test_menu_2:0B06
[2025.05.25-09.57.01:268][563]PIE: Error: Blueprint Runtime Error: "Accessed None trying to read property CallFunc_Array_Get_Item_2". Blueprint:  BP_test_menu_2 Function:  Execute Ubergraph BP Test Menu 2 Graph:  EventGraph Node:  Teleport
[2025.05.25-09.57.03:386][690]LogScript: Warning: Accessed None trying to read property CallFunc_Array_Get_Item_1
	BP_test_menu_2_C /Game/VRTemplate/Maps/UEDPIE_0_VRTemplateMap.VRTemplateMap:PersistentLevel.BP_test_menu_3
	Function /Game/Andrey/Menu/BP_test_menu_2.BP_test_menu_2_C:ExecuteUbergraph_BP_test_menu_2:08E3
[2025.05.25-09.57.03:386][690]PIE: Error: Blueprint Runtime Error: "Accessed None trying to read property CallFunc_Array_Get_Item_1". Blueprint:  BP_test_menu_2 Function:  Execute Ubergraph BP Test Menu 2 Graph:  EventGraph Node:  Teleport
[2025.05.25-09.57.11:177][155]LogSlate: Updating window title bar state: overlay mode, drag disabled, window buttons hidden, title bar hidden
[2025.05.25-09.57.11:177][155]LogWorld: BeginTearingDown for /Game/VRTemplate/Maps/UEDPIE_0_VRTemplateMap
[2025.05.25-09.57.11:178][155]LogWorld: UWorld::CleanupWorld for VRTemplateMap, bSessionEnded=true, bCleanupResources=true
[2025.05.25-09.57.11:178][155]LogSlate: InvalidateAllWidgets triggered.  All widgets were invalidated
[2025.05.25-09.57.11:186][155]LogPlayLevel: Display: Shutting down PIE online subsystems
[2025.05.25-09.57.11:199][155]LogSlate: InvalidateAllWidgets triggered.  All widgets were invalidated
[2025.05.25-09.57.11:223][155]LogAudio: Display: Audio Device unregistered from world 'None'.
[2025.05.25-09.57.11:223][155]LogResonanceAudio: Display: Resonance Audio Listener is shutdown
[2025.05.25-09.57.11:223][155]LogAudioMixer: FMixerPlatformXAudio2::StopAudioStream() called
[2025.05.25-09.57.11:224][155]LogAudioMixer: FMixerPlatformXAudio2::StopAudioStream() called
[2025.05.25-09.57.11:228][155]LogSlate: Updating window title bar state: overlay mode, drag disabled, window buttons hidden, title bar hidden
[2025.05.25-09.57.11:231][155]LogUObjectHash: Compacting FUObjectHashTables data took   1.51ms
[2025.05.25-09.57.11:289][156]LogPlayLevel: Display: Destroying online subsystem :Context_6
[2025.05.25-09.57.57:610][587]LogUObjectHash: Compacting FUObjectHashTables data took   1.79ms
[2025.05.25-09.57.58:959][587]LogSlate: Window 'Save Content' being destroyed
[2025.05.25-09.57.58:982][587]LogWorld: UWorld::CleanupWorld for World_3, bSessionEnded=true, bCleanupResources=true
[2025.05.25-09.57.58:982][587]LogSlate: InvalidateAllWidgets triggered.  All widgets were invalidated
[2025.05.25-09.57.59:052][587]LogSlate: Window 'Message Log' being destroyed
[2025.05.25-09.57.59:058][587]LogSlate: Window 'MyProject - Unreal Editor' being destroyed
[2025.05.25-09.57.59:175][588]Cmd: QUIT_EDITOR
[2025.05.25-09.57.59:175][588]LogCore: Engine exit requested (reason: UUnrealEdEngine::CloseEditor())
[2025.05.25-09.57.59:177][588]LogCore: Engine exit requested (reason: EngineExit() was called; note: exit was already requested)
[2025.05.25-09.58.00:170][588]LogAudio: Display: Beginning Audio Device Manager Shutdown (Module: AudioMixerXAudio2)...
[2025.05.25-09.58.00:170][588]LogAudio: Display: Destroying 1 Remaining Audio Device(s)...
[2025.05.25-09.58.00:170][588]LogAudio: Display: Audio Device unregistered from world 'VRTemplateMap'.
[2025.05.25-09.58.00:170][588]LogResonanceAudio: Display: Resonance Audio Listener is shutdown
[2025.05.25-09.58.00:170][588]LogAudioMixer: FMixerPlatformXAudio2::StopAudioStream() called
[2025.05.25-09.58.00:171][588]LogAudioMixer: FMixerPlatformXAudio2::StopAudioStream() called
[2025.05.25-09.58.00:192][588]LogAudio: Display: Audio Device Manager Shutdown
[2025.05.25-09.58.00:192][588]LogWindowsTextInputMethodSystem: Display: IME system deactivated.
[2025.05.25-09.58.00:196][588]LogExit: Preparing to exit.
[2025.05.25-09.58.00:221][588]LogUObjectHash: Compacting FUObjectHashTables data took   1.67ms
[2025.05.25-09.58.01:399][588]LogWorld: UWorld::CleanupWorld for World_2, bSessionEnded=true, bCleanupResources=true
[2025.05.25-09.58.01:402][588]LogWorld: UWorld::CleanupWorld for World_1, bSessionEnded=true, bCleanupResources=true
[2025.05.25-09.58.01:405][588]LogWorld: UWorld::CleanupWorld for World_0, bSessionEnded=true, bCleanupResources=true
[2025.05.25-09.58.01:466][588]LogDemo: Cleaned up 0 splitscreen connections with owner deletion
[2025.05.25-09.58.01:483][588]LogWorld: UWorld::CleanupWorld for None, bSessionEnded=true, bCleanupResources=true
[2025.05.25-09.58.01:483][588]LogExit: Editor shut down
[2025.05.25-09.58.01:483][588]LogExit: Transaction tracking system shut down
[2025.05.25-09.58.01:779][588]LogExit: Object subsystem successfully closed.
[2025.05.25-09.58.01:822][588]LogShaderCompilers: Display: === FShaderJobCache stats ===
[2025.05.25-09.58.01:822][588]LogShaderCompilers: Display: Total job queries 0, among them cache hits 0 (0.00%)
[2025.05.25-09.58.01:822][588]LogShaderCompilers: Display: Tracking 0 distinct input hashes that result in 0 distinct outputs (0.00%)
[2025.05.25-09.58.01:822][588]LogShaderCompilers: Display: RAM used: 0.00 MB (0.00 GB) of 1638.40 MB (1.60 GB) budget. Usage: 0.00%
[2025.05.25-09.58.01:822][588]LogShaderCompilers: Display: ================================================
[2025.05.25-09.58.01:834][588]LogShaderCompilers: Display: Shaders left to compile 0
[2025.05.25-09.58.01:873][588]LogModuleManager: Shutting down and abandoning module BlueprintGraph (866)
[2025.05.25-09.58.01:874][588]LogModuleManager: Shutting down and abandoning module MovieSceneCapture (864)
[2025.05.25-09.58.01:874][588]LogModuleManager: Shutting down and abandoning module Voice (862)
[2025.05.25-09.58.01:874][588]LogModuleManager: Shutting down and abandoning module HierarchicalLODOutliner (860)
[2025.05.25-09.58.01:874][588]LogModuleManager: Shutting down and abandoning module SceneOutliner (858)
[2025.05.25-09.58.01:874][588]LogModuleManager: Shutting down and abandoning module AddContentDialog (856)
[2025.05.25-09.58.01:874][588]LogModuleManager: Shutting down and abandoning module WidgetCarousel (855)
[2025.05.25-09.58.01:874][588]LogModuleManager: Shutting down and abandoning module EditorWidgets (852)
[2025.05.25-09.58.01:874][588]LogModuleManager: Shutting down and abandoning module StatsViewer (850)
[2025.05.25-09.58.01:874][588]LogModuleManager: Shutting down and abandoning module PIEPreviewDeviceProfileSelector (848)
[2025.05.25-09.58.01:874][588]LogModuleManager: Shutting down and abandoning module SequenceRecorderSections (846)
[2025.05.25-09.58.01:874][588]LogModuleManager: Shutting down and abandoning module AutomationWorker (844)
[2025.05.25-09.58.01:874][588]LogModuleManager: Shutting down and abandoning module ResonanceAudioEditor (842)
[2025.05.25-09.58.01:874][588]LogModuleManager: Shutting down and abandoning module OpenXRInput (840)
[2025.05.25-09.58.01:874][588]LogModuleManager: Shutting down and abandoning module TakeRecorderSources (838)
[2025.05.25-09.58.01:874][588]LogModuleManager: Shutting down and abandoning module TakeRecorder (837)
[2025.05.25-09.58.01:874][588]LogModuleManager: Shutting down and abandoning module TakeTrackRecorders (834)
[2025.05.25-09.58.01:874][588]LogModuleManager: Shutting down and abandoning module TakesCore (832)
[2025.05.25-09.58.01:874][588]LogModuleManager: Shutting down and abandoning module GooglePADEditor (830)
[2025.05.25-09.58.01:875][588]LogModuleManager: Shutting down and abandoning module AudioCaptureEditor (828)
[2025.05.25-09.58.01:875][588]LogModuleManager: Shutting down and abandoning module PlanarCut (826)
[2025.05.25-09.58.01:875][588]LogModuleManager: Shutting down and abandoning module CharacterAI (824)
[2025.05.25-09.58.01:875][588]LogModuleManager: Shutting down and abandoning module TemplateSequenceEditor (822)
[2025.05.25-09.58.01:875][588]LogModuleManager: Shutting down and abandoning module MatineeToLevelSequence (820)
[2025.05.25-09.58.01:875][588]LogModuleManager: Shutting down and abandoning module LevelSequenceEditor (818)
[2025.05.25-09.58.01:875][588]LogModuleManager: Shutting down and abandoning module ActorSequenceEditor (816)
[2025.05.25-09.58.01:875][588]LogModuleManager: Shutting down and abandoning module WmfMediaFactory (814)
[2025.05.25-09.58.01:875][588]LogModuleManager: Shutting down and abandoning module WmfMediaEditor (812)
[2025.05.25-09.58.01:875][588]LogModuleManager: Shutting down and abandoning module WebMMediaFactory (810)
[2025.05.25-09.58.01:875][588]LogModuleManager: Shutting down and abandoning module WebMMediaEditor (808)
[2025.05.25-09.58.01:875][588]LogModuleManager: Shutting down and abandoning module WebMMedia (806)
[2025.05.25-09.58.01:875][588]LogModuleManager: Shutting down and abandoning module MediaPlayerEditor (804)
[2025.05.25-09.58.01:875][588]LogModuleManager: Shutting down and abandoning module MediaCompositingEditor (802)
[2025.05.25-09.58.01:875][588]LogModuleManager: Shutting down and abandoning module SequenceRecorder (801)
[2025.05.25-09.58.01:875][588]LogModuleManager: Shutting down and abandoning module OpenExrWrapper (798)
[2025.05.25-09.58.01:875][588]LogModuleManager: Shutting down and abandoning module ImgMediaFactory (796)
[2025.05.25-09.58.01:875][588]LogModuleManager: Shutting down and abandoning module ImgMediaEditor (794)
[2025.05.25-09.58.01:875][588]LogModuleManager: Shutting down and abandoning module AvfMediaFactory (792)
[2025.05.25-09.58.01:875][588]LogModuleManager: Shutting down and abandoning module AvfMediaEditor (790)
[2025.05.25-09.58.01:875][588]LogModuleManager: Shutting down and abandoning module AndroidMediaFactory (788)
[2025.05.25-09.58.01:875][588]LogModuleManager: Shutting down and abandoning module AndroidMediaEditor (786)
[2025.05.25-09.58.01:875][588]LogModuleManager: Shutting down and abandoning module MagicLeapMediaCodecFactory (784)
[2025.05.25-09.58.01:875][588]LogModuleManager: Shutting down and abandoning module MagicLeapMediaFactory (782)
[2025.05.25-09.58.01:875][588]LogModuleManager: Shutting down and abandoning module MagicLeapMediaEditor (780)
[2025.05.25-09.58.01:875][588]LogModuleManager: Shutting down and abandoning module TextureAlignMode (778)
[2025.05.25-09.58.01:875][588]LogModuleManager: Shutting down and abandoning module BspMode (776)
[2025.05.25-09.58.01:875][588]LogModuleManager: Shutting down and abandoning module GeometryMode (774)
[2025.05.25-09.58.01:875][588]LogModuleManager: Shutting down and abandoning module CameraShakePreviewer (772)
[2025.05.25-09.58.01:875][588]LogModuleManager: Shutting down and abandoning module SmartSnapping (770)
[2025.05.25-09.58.01:875][588]LogModuleManager: Shutting down and abandoning module SessionServices (768)
[2025.05.25-09.58.01:875][588]LogModuleManager: Shutting down and abandoning module MeshPaint (766)
[2025.05.25-09.58.01:875][588]LogModuleManager: Shutting down and abandoning module VirtualTexturingEditor (764)
[2025.05.25-09.58.01:875][588]LogModuleManager: Shutting down and abandoning module FoliageEdit (762)
[2025.05.25-09.58.01:875][588]LogModuleManager: Shutting down and abandoning module LandscapeEditor (760)
[2025.05.25-09.58.01:875][588]LogModuleManager: Shutting down and abandoning module MeshPaintMode (758)
[2025.05.25-09.58.01:875][588]LogModuleManager: Shutting down and abandoning module SceneDepthPickerMode (756)
[2025.05.25-09.58.01:875][588]LogModuleManager: Shutting down and abandoning module ActorPickerMode (754)
[2025.05.25-09.58.01:875][588]LogModuleManager: Shutting down and abandoning module PlacementMode (752)
[2025.05.25-09.58.01:875][588]LogModuleManager: Shutting down and abandoning module ViewportSnapping (750)
[2025.05.25-09.58.01:876][588]LogModuleManager: Shutting down and abandoning module ViewportInteraction (748)
[2025.05.25-09.58.01:876][588]LogModuleManager: Shutting down and abandoning module ClothPainter (746)
[2025.05.25-09.58.01:876][588]LogModuleManager: Shutting down and abandoning module SkeletalMeshEditor (745)
[2025.05.25-09.58.01:876][588]LogModuleManager: Shutting down and abandoning module LogVisualizer (742)
[2025.05.25-09.58.01:876][588]LogModuleManager: Shutting down and abandoning module IntroTutorials (740)
[2025.05.25-09.58.01:876][588]LogModuleManager: Shutting down and abandoning module GameProjectGeneration (739)
[2025.05.25-09.58.01:876][588]LogModuleManager: Shutting down and abandoning module LuminPlatformEditor (736)
[2025.05.25-09.58.01:876][588]LogModuleManager: Shutting down and abandoning module IOSPlatformEditor (734)
[2025.05.25-09.58.01:876][588]LogModuleManager: Shutting down and abandoning module AndroidPlatformEditor (732)
[2025.05.25-09.58.01:876][588]LogModuleManager: Shutting down and abandoning module AndroidDeviceDetection (731)
[2025.05.25-09.58.02:618][588]LogModuleManager: Shutting down and abandoning module WindowsPlatformEditor (728)
[2025.05.25-09.58.02:618][588]LogModuleManager: Shutting down and abandoning module LuminRuntimeSettings (726)
[2025.05.25-09.58.02:618][588]LogModuleManager: Shutting down and abandoning module IOSRuntimeSettings (724)
[2025.05.25-09.58.02:618][588]LogModuleManager: Shutting down and abandoning module AndroidRuntimeSettings (722)
[2025.05.25-09.58.02:618][588]LogModuleManager: Shutting down and abandoning module TraceInsights (720)
[2025.05.25-09.58.02:618][588]MemoryProfiler: Shutdown
[2025.05.25-09.58.02:618][588]NetworkingProfiler: Shutdown
[2025.05.25-09.58.02:618][588]LoadingProfiler: Shutdown
[2025.05.25-09.58.02:618][588]TimingProfiler: Shutdown
[2025.05.25-09.58.02:619][588]LogModuleManager: Shutting down and abandoning module TraceServices (719)
[2025.05.25-09.58.02:619][588]LogModuleManager: Shutting down and abandoning module EditorInteractiveToolsFramework (716)
[2025.05.25-09.58.02:619][588]LogModuleManager: Shutting down and abandoning module TimeManagementEditor (714)
[2025.05.25-09.58.02:619][588]LogModuleManager: Shutting down and abandoning module InputBindingEditor (712)
[2025.05.25-09.58.02:619][588]LogModuleManager: Shutting down and abandoning module MergeActors (710)
[2025.05.25-09.58.02:619][588]LogModuleManager: Shutting down and abandoning module LocalizationDashboard (708)
[2025.05.25-09.58.02:619][588]LogModuleManager: Shutting down and abandoning module LocalizationService (707)
[2025.05.25-09.58.02:619][588]LogModuleManager: Shutting down and abandoning module HardwareTargeting (704)
[2025.05.25-09.58.02:619][588]LogModuleManager: Shutting down and abandoning module DeviceProfileEditor (702)
[2025.05.25-09.58.02:619][588]LogModuleManager: Shutting down and abandoning module UndoHistory (700)
[2025.05.25-09.58.02:619][588]LogModuleManager: Shutting down and abandoning module XmlParser (698)
[2025.05.25-09.58.02:619][588]LogModuleManager: Shutting down and abandoning module Blutility (696)
[2025.05.25-09.58.02:619][588]LogModuleManager: Shutting down and abandoning module ProjectSettingsViewer (694)
[2025.05.25-09.58.02:619][588]LogModuleManager: Shutting down and abandoning module ProjectTargetPlatformEditor (693)
[2025.05.25-09.58.02:619][588]LogModuleManager: Shutting down and abandoning module EditorSettingsViewer (690)
[2025.05.25-09.58.02:619][588]LogModuleManager: Shutting down and abandoning module InternationalizationSettings (689)
[2025.05.25-09.58.02:619][588]LogModuleManager: Shutting down and abandoning module SettingsEditor (686)
[2025.05.25-09.58.02:619][588]LogModuleManager: Shutting down and abandoning module ProjectLauncher (684)
[2025.05.25-09.58.02:619][588]LogModuleManager: Shutting down and abandoning module SessionFrontend (682)
[2025.05.25-09.58.02:619][588]LogModuleManager: Shutting down and abandoning module ProfilerClient (680)
[2025.05.25-09.58.02:619][588]LogModuleManager: Shutting down and abandoning module DeviceManager (678)
[2025.05.25-09.58.02:619][588]LogModuleManager: Shutting down and abandoning module TargetDeviceServices (677)
[2025.05.25-09.58.02:651][588]LogModuleManager: Shutting down and abandoning module AutomationController (674)
[2025.05.25-09.58.02:651][588]LogModuleManager: Shutting down and abandoning module AutomationWindow (672)
[2025.05.25-09.58.02:651][588]LogModuleManager: Shutting down and abandoning module Layers (670)
[2025.05.25-09.58.02:651][588]LogModuleManager: Shutting down and abandoning module ComponentVisualizers (668)
[2025.05.25-09.58.02:651][588]LogModuleManager: Shutting down and abandoning module DetailCustomizations (666)
[2025.05.25-09.58.02:651][588]LogModuleManager: Shutting down and abandoning module PackagesDialog (664)
[2025.05.25-09.58.02:652][588]LogModuleManager: Shutting down and abandoning module AnimationBlueprintEditor (662)
[2025.05.25-09.58.02:652][588]LogModuleManager: Shutting down and abandoning module Persona (660)
[2025.05.25-09.58.02:652][588]LogModuleManager: Shutting down and abandoning module AdvancedPreviewScene (659)
[2025.05.25-09.58.02:652][588]LogModuleManager: Shutting down and abandoning module AnimGraph (657)
[2025.05.25-09.58.02:652][588]LogModuleManager: Shutting down and abandoning module Kismet (654)
[2025.05.25-09.58.02:660][588]LogModuleManager: Shutting down and abandoning module KismetWidgets (653)
[2025.05.25-09.58.02:660][588]LogModuleManager: Shutting down and abandoning module GraphEditor (650)
[2025.05.25-09.58.02:660][588]LogModuleManager: Shutting down and abandoning module StructViewer (648)
[2025.05.25-09.58.02:660][588]LogModuleManager: Shutting down and abandoning module ClassViewer (646)
[2025.05.25-09.58.02:660][588]LogModuleManager: Shutting down and abandoning module Toolbox (644)
[2025.05.25-09.58.02:660][588]LogModuleManager: Shutting down and abandoning module ModuleUI (642)
[2025.05.25-09.58.02:660][588]LogModuleManager: Shutting down and abandoning module OutputLog (640)
[2025.05.25-09.58.02:660][588]LogModuleManager: Shutting down and abandoning module GammaUI (638)
[2025.05.25-09.58.02:660][588]LogModuleManager: Shutting down and abandoning module Documentation (636)
[2025.05.25-09.58.02:660][588]LogModuleManager: Shutting down and abandoning module LiveCoding (634)
[2025.05.25-09.58.02:660][588]LogModuleManager: Shutting down and abandoning module LevelSequence (632)
[2025.05.25-09.58.02:660][588]LogModuleManager: Shutting down and abandoning module MovieSceneTracks (630)
[2025.05.25-09.58.02:660][588]LogModuleManager: Shutting down and abandoning module MovieScene (628)
[2025.05.25-09.58.02:660][588]LogModuleManager: Shutting down and abandoning module StreamingPauseRendering (626)
[2025.05.25-09.58.02:660][588]LogModuleManager: Shutting down and abandoning module LauncherPlatform (624)
[2025.05.25-09.58.02:660][588]LogModuleManager: Shutting down and abandoning module AnalyticsET (622)
[2025.05.25-09.58.02:660][588]LogModuleManager: Shutting down and abandoning module PortalServices (620)
[2025.05.25-09.58.02:660][588]LogModuleManager: Shutting down and abandoning module PortalRpc (618)
[2025.05.25-09.58.02:660][588]LogModuleManager: Shutting down and abandoning module MessagingRpc (616)
[2025.05.25-09.58.02:660][588]LogModuleManager: Shutting down and abandoning module AudioMixerXAudio2 (614)
[2025.05.25-09.58.02:660][588]LogModuleManager: Shutting down and abandoning module AudioMixerCore (613)
[2025.05.25-09.58.02:660][588]LogModuleManager: Shutting down and abandoning module AIModule (610)
[2025.05.25-09.58.02:660][588]LogModuleManager: Shutting down and abandoning module GameplayDebugger (609)
[2025.05.25-09.58.02:660][588]LogModuleManager: Shutting down and abandoning module AITestSuite (607)
[2025.05.25-09.58.02:660][588]LogModuleManager: Shutting down and abandoning module NavigationSystem (605)
[2025.05.25-09.58.02:660][588]LogModuleManager: Shutting down and abandoning module ImageWriteQueue (602)
[2025.05.25-09.58.02:666][588]LogModuleManager: Shutting down and abandoning module ProfilerService (600)
[2025.05.25-09.58.02:801][588]LogModuleManager: Shutting down and abandoning module TaskGraph (598)
[2025.05.25-09.58.02:801][588]LogModuleManager: Shutting down and abandoning module AudioSynesthesiaEditor (596)
[2025.05.25-09.58.02:801][588]LogModuleManager: Shutting down and abandoning module ContentBrowserFileDataSource (594)
[2025.05.25-09.58.02:801][588]LogModuleManager: Shutting down and abandoning module ContentBrowserClassDataSource (592)
[2025.05.25-09.58.02:801][588]LogModuleManager: Shutting down and abandoning module ContentBrowserAssetDataSource (590)
[2025.05.25-09.58.02:801][588]LogModuleManager: Shutting down and abandoning module CollectionManager (589)
[2025.05.25-09.58.02:802][588]LogModuleManager: Shutting down and abandoning module SynthesisEditor (586)
[2025.05.25-09.58.02:802][588]LogModuleManager: Shutting down and abandoning module Synthesis (584)
[2025.05.25-09.58.02:802][588]LogModuleManager: Shutting down and abandoning module ResonanceAudio (582)
[2025.05.25-09.58.02:802][588]LogModuleManager: Shutting down and abandoning module ProceduralMeshComponentEditor (580)
[2025.05.25-09.58.02:802][588]LogModuleManager: Shutting down and abandoning module ProceduralMeshComponent (578)
[2025.05.25-09.58.02:802][588]LogModuleManager: Shutting down and abandoning module OpenXREditor (576)
[2025.05.25-09.58.02:802][588]LogModuleManager: Shutting down and abandoning module MobilePatchingUtils (574)
[2025.05.25-09.58.02:802][588]LogModuleManager: Shutting down and abandoning module TakeSequencer (572)
[2025.05.25-09.58.02:802][588]LogModuleManager: Shutting down and abandoning module TakeMovieScene (570)
[2025.05.25-09.58.02:802][588]LogModuleManager: Shutting down and abandoning module GooglePAD (568)
[2025.05.25-09.58.02:802][588]LogModuleManager: Shutting down and abandoning module EditableMesh (566)
[2025.05.25-09.58.02:802][588]LogModuleManager: Shutting down and abandoning module CableComponent (564)
[2025.05.25-09.58.02:802][588]LogModuleManager: Shutting down and abandoning module CustomMeshComponent (562)
[2025.05.25-09.58.02:803][588]LogModuleManager: Shutting down and abandoning module AssetTags (560)
[2025.05.25-09.58.02:803][588]LogModuleManager: Shutting down and abandoning module AudioCapture (558)
[2025.05.25-09.58.02:803][588]LogModuleManager: Shutting down and abandoning module AudioCaptureRtAudio (557)
[2025.05.25-09.58.02:803][588]LogModuleManager: Shutting down and abandoning module ArchVisCharacter (554)
[2025.05.25-09.58.02:803][588]LogModuleManager: Shutting down and abandoning module AppleImageUtilsBlueprintSupport (552)
[2025.05.25-09.58.02:803][588]LogModuleManager: Shutting down and abandoning module AppleImageUtils (550)
[2025.05.25-09.58.02:803][588]LogModuleManager: Shutting down and abandoning module AndroidPermission (548)
[2025.05.25-09.58.02:803][588]LogModuleManager: Shutting down and abandoning module ActorLayerUtilitiesEditor (546)
[2025.05.25-09.58.02:803][588]LogModuleManager: Shutting down and abandoning module ActorLayerUtilities (544)
[2025.05.25-09.58.02:803][588]LogModuleManager: Shutting down and abandoning module ScreenshotTools (542)
[2025.05.25-09.58.02:803][588]LogModuleManager: Shutting down and abandoning module MotoSynthEditor (540)
[2025.05.25-09.58.02:803][588]LogModuleManager: Shutting down and abandoning module MotoSynth (538)
[2025.05.25-09.58.02:803][588]LogModuleManager: Shutting down and abandoning module OpenImageDenoise (536)
[2025.05.25-09.58.02:803][588]LogOpenImageDenoise: OIDN shutting down
[2025.05.25-09.58.02:803][588]LogModuleManager: Shutting down and abandoning module GeometryCacheTracks (534)
[2025.05.25-09.58.02:803][588]LogModuleManager: Shutting down and abandoning module GeometryCacheStreamer (532)
[2025.05.25-09.58.02:803][588]LogModuleManager: Shutting down and abandoning module GeometryCacheSequencer (530)
[2025.05.25-09.58.02:803][588]LogModuleManager: Shutting down and abandoning module MeshConversion (528)
[2025.05.25-09.58.02:803][588]LogModuleManager: Shutting down and abandoning module DynamicMesh (526)
[2025.05.25-09.58.02:803][588]LogModuleManager: Shutting down and abandoning module GeometryAlgorithms (524)
[2025.05.25-09.58.02:803][588]LogModuleManager: Shutting down and abandoning module GeometricObjects (522)
[2025.05.25-09.58.02:803][588]LogModuleManager: Shutting down and abandoning module GeometryCollectionTracks (520)
[2025.05.25-09.58.02:804][588]LogModuleManager: Shutting down and abandoning module GeometryCollectionSequencer (519)
[2025.05.25-09.58.02:804][588]LogModuleManager: Shutting down and abandoning module GeometryCollectionEditor (516)
[2025.05.25-09.58.02:804][588]LogModuleManager: Shutting down and abandoning module ChaosSolverEditor (514)
[2025.05.25-09.58.02:804][588]LogModuleManager: Shutting down and abandoning module ChaosClothEditor (512)
[2025.05.25-09.58.02:804][588]LogModuleManager: Shutting down and abandoning module FractureEditor (510)
[2025.05.25-09.58.02:804][588]LogModuleManager: Shutting down and abandoning module ChaosNiagara (508)
[2025.05.25-09.58.02:804][588]LogModuleManager: Shutting down and abandoning module FieldSystemEngine (507)
[2025.05.25-09.58.02:804][588]LogModuleManager: Shutting down and abandoning module BackChannel (504)
[2025.05.25-09.58.02:804][588]LogModuleManager: Shutting down and abandoning module AutomationUtilsEditor (502)
[2025.05.25-09.58.02:804][588]LogModuleManager: Shutting down and abandoning module AutomationUtils (500)
[2025.05.25-09.58.02:804][588]LogModuleManager: Shutting down and abandoning module AlembicImporter (498)
[2025.05.25-09.58.02:804][588]LogModuleManager: Shutting down and abandoning module AlembicLibrary (497)
[2025.05.25-09.58.02:804][588]LogModuleManager: Shutting down and abandoning module GeometryCache (496)
[2025.05.25-09.58.02:804][588]LogModuleManager: Shutting down and abandoning module GeometryCacheEd (495)
[2025.05.25-09.58.02:804][588]LogModuleManager: Shutting down and abandoning module TemplateSequence (490)
[2025.05.25-09.58.02:804][588]LogModuleManager: Shutting down and abandoning module MediaCompositing (488)
[2025.05.25-09.58.02:804][588]LogModuleManager: Shutting down and abandoning module ImgMedia (486)
[2025.05.25-09.58.02:804][588]LogModuleManager: Shutting down and abandoning module MagicLeapSharedWorld (484)
[2025.05.25-09.58.02:804][588]LogModuleManager: Shutting down and abandoning module MagicLeapLightEstimation (482)
[2025.05.25-09.58.02:804][588]LogModuleManager: Shutting down and abandoning module MagicLeapHelperVulkan (480)
[2025.05.25-09.58.02:804][588]LogModuleManager: Shutting down and abandoning module MagicLeapHelperOpenGL (478)
[2025.05.25-09.58.02:804][588]LogModuleManager: Shutting down and abandoning module MagicLeapAudio (476)
[2025.05.25-09.58.02:805][588]LogModuleManager: Shutting down and abandoning module VisualStudioSourceCodeAccess (474)
[2025.05.25-09.58.02:805][588]LogModuleManager: Shutting down and abandoning module VisualStudioCodeSourceCodeAccess (472)
[2025.05.25-09.58.02:805][588]LogModuleManager: Shutting down and abandoning module SubversionSourceControl (470)
[2025.05.25-09.58.02:805][588]LogModuleManager: Shutting down and abandoning module UObjectPlugin (468)
[2025.05.25-09.58.02:805][588]LogModuleManager: Shutting down and abandoning module RiderSourceCodeAccess (466)
[2025.05.25-09.58.02:805][588]LogModuleManager: Shutting down and abandoning module PlasticSourceControl (464)
[2025.05.25-09.58.02:805][588]LogModuleManager: Shutting down and abandoning module PluginUtils (462)
[2025.05.25-09.58.02:805][588]LogModuleManager: Shutting down and abandoning module PerforceSourceControl (460)
[2025.05.25-09.58.02:805][588]LogModuleManager: Shutting down and abandoning module GitSourceControl (458)
[2025.05.25-09.58.02:805][588]LogModuleManager: Shutting down and abandoning module SourceControl (457)
[2025.05.25-09.58.02:805][588]LogModuleManager: Shutting down and abandoning module CLionSourceCodeAccess (454)
[2025.05.25-09.58.02:805][588]LogModuleManager: Shutting down and abandoning module AnimationSharingEd (452)
[2025.05.25-09.58.02:805][588]LogModuleManager: Shutting down and abandoning module SpeedTreeImporter (450)
[2025.05.25-09.58.02:805][588]LogModuleManager: Shutting down and abandoning module PluginBrowser (448)
[2025.05.25-09.58.02:805][588]LogModuleManager: Shutting down and abandoning module MobileLauncherProfileWizard (446)
[2025.05.25-09.58.02:806][588]LogModuleManager: Shutting down and abandoning module MaterialAnalyzer (444)
[2025.05.25-09.58.02:806][588]LogModuleManager: Shutting down and abandoning module CryptoKeysOpenSSL (442)
[2025.05.25-09.58.02:806][588]LogModuleManager: Shutting down and abandoning module CryptoKeys (440)
[2025.05.25-09.58.02:806][588]LogModuleManager: Shutting down and abandoning module CurveEditorTools (438)
[2025.05.25-09.58.02:806][588]LogModuleManager: Shutting down and abandoning module NiagaraEditorWidgets (436)
[2025.05.25-09.58.02:806][588]LogModuleManager: Shutting down and abandoning module VariantManagerContentEditor (434)
[2025.05.25-09.58.02:806][588]LogModuleManager: Shutting down and abandoning module DatasmithContentEditor (432)
[2025.05.25-09.58.02:806][588]LogModuleManager: Shutting down and abandoning module OodleNetworkHandlerComponent (430)
[2025.05.25-09.58.02:806][588]LogModuleManager: Shutting down and abandoning module LightPropagationVolumeEditor (428)
[2025.05.25-09.58.02:806][588]LogModuleManager: Shutting down and abandoning module LiveLinkSequencer (426)
[2025.05.25-09.58.02:806][588]LogModuleManager: Shutting down and abandoning module LiveLinkMovieScene (424)
[2025.05.25-09.58.02:806][588]LogModuleManager: Shutting down and abandoning module LiveLinkGraphNode (422)
[2025.05.25-09.58.02:806][588]LogModuleManager: Shutting down and abandoning module LiveLinkEditor (420)
[2025.05.25-09.58.02:806][588]LogModuleManager: Shutting down and abandoning module LiveLinkComponents (418)
[2025.05.25-09.58.02:806][588]LogModuleManager: Shutting down and abandoning module LiveLink (416)
[2025.05.25-09.58.03:638][588]LogModuleManager: Shutting down and abandoning module PaperTiledImporter (414)
[2025.05.25-09.58.03:638][588]LogModuleManager: Shutting down and abandoning module PaperSpriteSheetImporter (412)
[2025.05.25-09.58.03:638][588]LogModuleManager: Shutting down and abandoning module Paper2DEditor (410)
[2025.05.25-09.58.03:638][588]LogModuleManager: Shutting down and abandoning module MeshPaintingToolset (408)
[2025.05.25-09.58.03:638][588]LogModuleManager: Shutting down and abandoning module MeshPaintEditorMode (406)
[2025.05.25-09.58.03:638][588]LogModuleManager: Shutting down and abandoning module SoundFields (404)
[2025.05.25-09.58.03:638][588]LogModuleManager: Shutting down and abandoning module SignificanceManager (402)
[2025.05.25-09.58.03:638][588]LogModuleManager: Shutting down and abandoning module RuntimePhysXCooking (400)
[2025.05.25-09.58.03:638][588]LogModuleManager: Shutting down and abandoning module PropertyAccessEditor (398)
[2025.05.25-09.58.03:638][588]LogModuleManager: Shutting down and abandoning module PhysXVehiclesEditor (396)
[2025.05.25-09.58.03:638][588]LogModuleManager: Shutting down and abandoning module LocationServicesBPLibrary (392)
[2025.05.25-09.58.03:638][588]LogModuleManager: Shutting down and abandoning module AudioSynesthesia (390)
[2025.05.25-09.58.03:638][588]LogModuleManager: Shutting down and abandoning module AudioSynesthesiaCore (388)
[2025.05.25-09.58.03:638][588]LogModuleManager: Shutting down and abandoning module PythonScriptPlugin (386)
[2025.05.25-09.58.03:638][588]LogModuleManager: Shutting down and abandoning module UdpMessaging (384)
[2025.05.25-09.58.03:738][588]LogModuleManager: Shutting down and abandoning module TcpMessaging (382)
[2025.05.25-09.58.03:839][588]LogModuleManager: Shutting down and abandoning module ActorSequence (380)
[2025.05.25-09.58.03:839][588]LogModuleManager: Shutting down and abandoning module ImgMediaEngine (378)
[2025.05.25-09.58.03:839][588]LogModuleManager: Shutting down and abandoning module MagicLeapARPin (376)
[2025.05.25-09.58.03:839][588]LogModuleManager: Shutting down and abandoning module MagicLeapHandMeshing (374)
[2025.05.25-09.58.03:839][588]LogModuleManager: Shutting down and abandoning module MagicLeapSecureStorage (372)
[2025.05.25-09.58.03:839][588]LogModuleManager: Shutting down and abandoning module MagicLeapPrivileges (370)
[2025.05.25-09.58.03:839][588]LogModuleManager: Shutting down and abandoning module MagicLeapPlanes (368)
[2025.05.25-09.58.03:839][588]LogMagicLeapPlanes: Planes tracker already destroyed.
[2025.05.25-09.58.03:839][588]LogModuleManager: Shutting down and abandoning module MagicLeapImageTracker (366)
[2025.05.25-09.58.03:839][588]LogModuleManager: Shutting down and abandoning module MagicLeapIdentity (364)
[2025.05.25-09.58.03:839][588]LogModuleManager: Shutting down and abandoning module MagicLeapHandTracking (362)
[2025.05.25-09.58.03:839][588]LogModuleManager: Shutting down and abandoning module MagicLeapEyeTracker (360)
[2025.05.25-09.58.03:839][588]LogModuleManager: Shutting down and abandoning module MagicLeapController (358)
[2025.05.25-09.58.03:839][588]LogModuleManager: Shutting down and abandoning module MagicLeapARPinImpl (356)
[2025.05.25-09.58.03:839][588]LogModuleManager: Shutting down and abandoning module MagicLeapAR (354)
[2025.05.25-09.58.03:839][588]LogModuleManager: Shutting down and abandoning module PropertyAccessNode (352)
[2025.05.25-09.58.03:839][588]LogModuleManager: Shutting down and abandoning module AnimationSharing (350)
[2025.05.25-09.58.03:839][588]LogModuleManager: Shutting down and abandoning module GameplayTagsEditor (348)
[2025.05.25-09.58.03:839][588]LogModuleManager: Shutting down and abandoning module DataValidation (346)
[2025.05.25-09.58.03:839][588]LogModuleManager: Shutting down and abandoning module FacialAnimationEditor (344)
[2025.05.25-09.58.03:839][588]LogModuleManager: Shutting down and abandoning module FacialAnimation (342)
[2025.05.25-09.58.03:839][588]LogModuleManager: Shutting down and abandoning module NiagaraAnimNotifies (340)
[2025.05.25-09.58.03:839][588]LogModuleManager: Shutting down and abandoning module Niagara (338)
[2025.05.25-09.58.03:839][588]LogModuleManager: Shutting down and abandoning module SignalProcessing (337)
[2025.05.25-09.58.03:839][588]LogModuleManager: Shutting down and abandoning module NiagaraEditor (335)
[2025.05.25-09.58.03:839][588]LogModuleManager: Shutting down and abandoning module NiagaraCore (332)
[2025.05.25-09.58.03:839][588]LogModuleManager: Shutting down and abandoning module AssetManagerEditor (330)
[2025.05.25-09.58.03:840][588]LogModuleManager: Shutting down and abandoning module LevelEditor (329)
[2025.05.25-09.58.03:840][588]LogModuleManager: Shutting down and abandoning module PixelInspectorModule (328)
[2025.05.25-09.58.03:840][588]LogModuleManager: Shutting down and abandoning module CommonMenuExtensions (326)
[2025.05.25-09.58.03:840][588]LogModuleManager: Shutting down and abandoning module MainFrame (324)
[2025.05.25-09.58.03:840][588]LogModuleManager: Shutting down and abandoning module HotReload (323)
[2025.05.25-09.58.03:841][588]LogModuleManager: Shutting down and abandoning module ToolMenus (319)
[2025.05.25-09.58.03:841][588]LogModuleManager: Shutting down and abandoning module ContentBrowser (317)
[2025.05.25-09.58.03:841][588]LogModuleManager: Shutting down and abandoning module ContentBrowserData (316)
[2025.05.25-09.58.03:841][588]LogModuleManager: Shutting down and abandoning module TreeMap (313)
[2025.05.25-09.58.03:841][588]LogModuleManager: Shutting down and abandoning module GameplayCameras (310)
[2025.05.25-09.58.03:841][588]LogModuleManager: Shutting down and abandoning module LightPropagationVolumeRuntime (308)
[2025.05.25-09.58.03:841][588]LogModuleManager: Shutting down and abandoning module EnvironmentQueryEditor (306)
[2025.05.25-09.58.03:841][588]LogModuleManager: Shutting down and abandoning module Paper2D (304)
[2025.05.25-09.58.03:841][588]LogModuleManager: Shutting down and abandoning module WindowsMoviePlayer (302)
[2025.05.25-09.58.03:842][588]LogModuleManager: Shutting down and abandoning module WebMMoviePlayer (300)
[2025.05.25-09.58.03:842][588]LogModuleManager: Shutting down and abandoning module NetworkReplayStreaming (298)
[2025.05.25-09.58.03:842][588]LogModuleManager: Shutting down and abandoning module PacketHandler (296)
[2025.05.25-09.58.03:842][588]LogModuleManager: Shutting down and abandoning module ClothingSystemEditor (294)
[2025.05.25-09.58.03:842][588]LogModuleManager: Shutting down and abandoning module ClothingSystemRuntimeNv (292)
[2025.05.25-09.58.03:842][588]LogModuleManager: Shutting down and abandoning module MediaAssets (290)
[2025.05.25-09.58.03:842][588]LogModuleManager: Shutting down and abandoning module Overlay (288)
[2025.05.25-09.58.03:842][588]LogModuleManager: Shutting down and abandoning module OverlayEditor (287)
[2025.05.25-09.58.03:842][588]LogModuleManager: Shutting down and abandoning module VREditor (284)
[2025.05.25-09.58.03:842][588]LogModuleManager: Shutting down and abandoning module StringTableEditor (282)
[2025.05.25-09.58.03:842][588]LogModuleManager: Shutting down and abandoning module GameplayTasksEditor (280)
[2025.05.25-09.58.03:842][588]LogModuleManager: Shutting down and abandoning module BehaviorTreeEditor (278)
[2025.05.25-09.58.03:842][588]LogModuleManager: Shutting down and abandoning module FunctionalTesting (276)
[2025.05.25-09.58.03:842][588]LogModuleManager: Shutting down and abandoning module CollisionAnalyzer (274)
[2025.05.25-09.58.03:842][588]LogModuleManager: Shutting down and abandoning module WorkspaceMenuStructure (273)
[2025.05.25-09.58.03:842][588]LogModuleManager: Shutting down and abandoning module UMG (270)
[2025.05.25-09.58.03:842][588]LogModuleManager: Shutting down and abandoning module UMGEditor (269)
[2025.05.25-09.58.03:842][588]LogModuleManager: Shutting down and abandoning module MessageLog (267)
[2025.05.25-09.58.03:842][588]LogModuleManager: Shutting down and abandoning module SlateReflector (262)
[2025.05.25-09.58.03:842][588]LogModuleManager: Shutting down and abandoning module Slate (260)
[2025.05.25-09.58.03:842][588]LogModuleManager: Shutting down and abandoning module SlateCore (258)
[2025.05.25-09.58.03:843][588]LogModuleManager: Shutting down and abandoning module LandscapeEditorUtilities (256)
[2025.05.25-09.58.03:843][588]LogModuleManager: Shutting down and abandoning module UnrealEd (254)
[2025.05.25-09.58.03:843][588]LogModuleManager: Shutting down and abandoning module MRMesh (252)
[2025.05.25-09.58.03:843][588]LogModuleManager: Shutting down and abandoning module SourceCodeAccess (250)
[2025.05.25-09.58.03:843][588]LogModuleManager: Shutting down and abandoning module HeadMountedDisplay (248)
[2025.05.25-09.58.03:843][588]LogModuleManager: Shutting down and abandoning module XAudio2 (246)
[2025.05.25-09.58.03:843][588]LogModuleManager: Shutting down and abandoning module Networking (244)
[2025.05.25-09.58.03:843][588]LogModuleManager: Shutting down and abandoning module Core (242)
[2025.05.25-09.58.03:843][588]LogModuleManager: Shutting down and abandoning module MaterialEditor (240)
[2025.05.25-09.58.03:843][588]LogModuleManager: Shutting down and abandoning module MovieSceneTools (238)
[2025.05.25-09.58.03:843][588]LogModuleManager: Shutting down and abandoning module CurveEditor (237)
[2025.05.25-09.58.03:843][588]LogModuleManager: Shutting down and abandoning module Sequencer (235)
[2025.05.25-09.58.03:843][588]LogModuleManager: Shutting down and abandoning module EditorStyle (234)
[2025.05.25-09.58.03:844][588]LogModuleManager: Shutting down and abandoning module KismetCompiler (230)
[2025.05.25-09.58.03:844][588]LogModuleManager: Shutting down and abandoning module MeshBuilder (228)
[2025.05.25-09.58.03:844][588]LogModuleManager: Shutting down and abandoning module MeshUtilities (226)
[2025.05.25-09.58.03:844][588]LogModuleManager: Shutting down and abandoning module MeshMergeUtilities (225)
[2025.05.25-09.58.03:844][588]LogModuleManager: Shutting down and abandoning module MeshReductionInterface (224)
[2025.05.25-09.58.03:844][588]LogModuleManager: Shutting down and abandoning module MeshBoneReduction (223)
[2025.05.25-09.58.03:844][588]LogModuleManager: Shutting down and abandoning module SkeletalMeshReduction (221)
[2025.05.25-09.58.03:844][588]LogModuleManager: Shutting down and abandoning module ProxyLODMeshReduction (219)
[2025.05.25-09.58.03:844][588]LogModuleManager: Shutting down and abandoning module QuadricMeshReduction (217)
[2025.05.25-09.58.03:844][588]LogModuleManager: Shutting down and abandoning module MaterialBaking (213)
[2025.05.25-09.58.03:844][588]LogModuleManager: Shutting down and abandoning module NullInstallBundleManager (208)
[2025.05.25-09.58.03:844][588]LogModuleManager: Shutting down and abandoning module DerivedDataCache (206)
[2025.05.25-09.58.03:844][588]LogModuleManager: Shutting down and abandoning module TargetPlatform (204)
[2025.05.25-09.58.03:844][588]LogModuleManager: Shutting down and abandoning module VulkanShaderFormat (203)
[2025.05.25-09.58.03:844][588]LogModuleManager: Shutting down and abandoning module ShaderFormatVectorVM (201)
[2025.05.25-09.58.03:844][588]LogModuleManager: Shutting down and abandoning module ShaderFormatOpenGL (199)
[2025.05.25-09.58.03:844][588]LogModuleManager: Shutting down and abandoning module ShaderFormatD3D (197)
[2025.05.25-09.58.03:844][588]LogModuleManager: Shutting down and abandoning module MetalShaderFormat (195)
[2025.05.25-09.58.03:844][588]LogModuleManager: Shutting down and abandoning module TextureFormatOodle (193)
[2025.05.25-09.58.03:844][588]LogModuleManager: Shutting down and abandoning module TextureFormatUncompressed (191)
[2025.05.25-09.58.03:844][588]LogModuleManager: Shutting down and abandoning module TextureFormatPVR (189)
[2025.05.25-09.58.03:844][588]LogModuleManager: Shutting down and abandoning module TextureFormatETC2 (187)
[2025.05.25-09.58.03:844][588]LogModuleManager: Shutting down and abandoning module TextureFormatDXT (185)
[2025.05.25-09.58.03:844][588]LogModuleManager: Shutting down and abandoning module TextureFormatIntelISPCTexComp (183)
[2025.05.25-09.58.03:844][588]LogModuleManager: Shutting down and abandoning module TextureFormatASTC (181)
[2025.05.25-09.58.03:844][588]LogModuleManager: Shutting down and abandoning module ImageWrapper (180)
[2025.05.25-09.58.03:844][588]LogModuleManager: Shutting down and abandoning module AudioFormatOpus (177)
[2025.05.25-09.58.03:844][588]LogModuleManager: Shutting down and abandoning module AudioFormatOgg (175)
[2025.05.25-09.58.03:844][588]LogModuleManager: Shutting down and abandoning module AudioFormatADPCM (173)
[2025.05.25-09.58.03:844][588]LogModuleManager: Shutting down and abandoning module WindowsServerTargetPlatform (171)
[2025.05.25-09.58.03:844][588]LogModuleManager: Shutting down and abandoning module WindowsClientTargetPlatform (169)
[2025.05.25-09.58.03:844][588]LogModuleManager: Shutting down and abandoning module WindowsTargetPlatform (167)
[2025.05.25-09.58.03:844][588]LogModuleManager: Shutting down and abandoning module WindowsNoEditorTargetPlatform (165)
[2025.05.25-09.58.03:844][588]LogModuleManager: Shutting down and abandoning module TVOSTargetPlatform (163)
[2025.05.25-09.58.03:845][588]LogModuleManager: Shutting down and abandoning module MacServerTargetPlatform (161)
[2025.05.25-09.58.03:845][588]LogModuleManager: Shutting down and abandoning module MacClientTargetPlatform (159)
[2025.05.25-09.58.03:845][588]LogModuleManager: Shutting down and abandoning module MacTargetPlatform (157)
[2025.05.25-09.58.03:845][588]LogModuleManager: Shutting down and abandoning module MacNoEditorTargetPlatform (155)
[2025.05.25-09.58.03:845][588]LogModuleManager: Shutting down and abandoning module LuminTargetPlatform (153)
[2025.05.25-09.58.03:845][588]LogModuleManager: Shutting down and abandoning module LinuxAArch64ServerTargetPlatform (151)
[2025.05.25-09.58.03:845][588]LogModuleManager: Shutting down and abandoning module LinuxAArch64ClientTargetPlatform (149)
[2025.05.25-09.58.03:845][588]LogModuleManager: Shutting down and abandoning module LinuxAArch64NoEditorTargetPlatform (147)
[2025.05.25-09.58.03:845][588]LogModuleManager: Shutting down and abandoning module LinuxServerTargetPlatform (145)
[2025.05.25-09.58.03:845][588]LogModuleManager: Shutting down and abandoning module LinuxClientTargetPlatform (143)
[2025.05.25-09.58.03:845][588]LogModuleManager: Shutting down and abandoning module LinuxNoEditorTargetPlatform (141)
[2025.05.25-09.58.03:845][588]LogModuleManager: Shutting down and abandoning module LinuxTargetPlatform (139)
[2025.05.25-09.58.03:845][588]LogModuleManager: Shutting down and abandoning module Messaging (137)
[2025.05.25-09.58.03:845][588]LogModuleManager: Shutting down and abandoning module IOSTargetPlatform (135)
[2025.05.25-09.58.03:846][588]LogModuleManager: Shutting down and abandoning module AndroidTargetPlatform (133)
[2025.05.25-09.58.03:848][588]LogModuleManager: Shutting down and abandoning module AllDesktopTargetPlatform (131)
[2025.05.25-09.58.03:848][588]LogModuleManager: Shutting down and abandoning module D3D11RHI (128)
[2025.05.25-09.58.03:848][588]LogModuleManager: Shutting down and abandoning module InputCore (126)
[2025.05.25-09.58.03:848][588]LogModuleManager: Shutting down and abandoning module Settings (124)
[2025.05.25-09.58.03:848][588]LogModuleManager: Shutting down and abandoning module DirectoryWatcher (122)
[2025.05.25-09.58.03:848][588]LogModuleManager: Shutting down and abandoning module PhysXCooking (120)
[2025.05.25-09.58.03:848][588]LogModuleManager: Shutting down and abandoning module Chaos (118)
[2025.05.25-09.58.03:848][588]LogModuleManager: Shutting down and abandoning module WindowsPlatformFeatures (116)
[2025.05.25-09.58.03:848][588]LogModuleManager: Shutting down and abandoning module GameplayMediaEncoder (115)
[2025.05.25-09.58.03:848][588]LogModuleManager: Shutting down and abandoning module AVEncoder (114)
[2025.05.25-09.58.03:849][588]LogModuleManager: Shutting down and abandoning module OculusOpenXRHMD (110)
[2025.05.25-09.58.03:849][588]LogModuleManager: Shutting down and abandoning module LauncherChunkInstaller (108)
[2025.05.25-09.58.03:849][588]LogModuleManager: Shutting down and abandoning module OpenXRHandTracking (106)
[2025.05.25-09.58.03:849][588]LogSlate: Slate User Destroyed.  User Index 0, Is Virtual User: 0
[2025.05.25-09.58.03:849][588]LogModuleManager: Shutting down and abandoning module OpenXREyeTracker (104)
[2025.05.25-09.58.03:849][588]LogModuleManager: Shutting down and abandoning module OpenXRAR (102)
[2025.05.25-09.58.03:849][588]LogModuleManager: Shutting down and abandoning module AugmentedReality (101)
[2025.05.25-09.58.03:849][588]LogModuleManager: Shutting down and abandoning module OpenXRHMD (98)
[2025.05.25-09.58.03:849][588]LogModuleManager: Shutting down and abandoning module ExampleDeviceProfileSelector (96)
[2025.05.25-09.58.03:849][588]LogModuleManager: Shutting down and abandoning module ChunkDownloader (94)
[2025.05.25-09.58.03:849][588]LogModuleManager: Shutting down and abandoning module OnlineBlueprintSupport (92)
[2025.05.25-09.58.03:849][588]LogModuleManager: Shutting down and abandoning module ChaosCloth (88)
[2025.05.25-09.58.03:849][588]LogModuleManager: Shutting down and abandoning module OnlineSubsystem (86)
[2025.05.25-09.58.03:850][588]LogModuleManager: Shutting down and abandoning module XMPP (81)
[2025.05.25-09.58.03:850][588]LogModuleManager: Shutting down and abandoning module WebSockets (80)
[2025.05.25-09.58.03:854][588]LogModuleManager: Shutting down and abandoning module HTTP (77)
[2025.05.25-09.58.03:854][588]LogHttp: Display: Http module shutting down, but needs to wait on 1 outstanding Http requests:
[2025.05.25-09.58.03:854][588]LogHttp: Display: 	verb=[POST] url=[https://datarouter.ol.epicgames.com/datarouter/api/v1/public/data?SessionID=%7B2B2D0102-4999-8153-7465-4CB8AD0F974A%7D&AppID=UEEditor.Rocket.Release&AppVersion=4.27.2-18319896%2B%2B%2BUE4%2BRelease-4.27&UserID=a98fe3f4478cfa571d32e6bbe1223fe9%7C8d32778956cb44dfb34b73f885e41c5d%7Cabf14a6e-5bf6-4b84-b532-19c2061b8481&AppEnvironment=datacollector-binary&UploadType=eteventstream] refs=[1] status=Processing
[2025.05.25-09.58.03:854][588]LogHttp: Display: cleaning up 1 outstanding Http requests.
[2025.05.25-09.58.03:872][588]LogModuleManager: Shutting down and abandoning module SSL (76)
[2025.05.25-09.58.03:874][588]LogModuleManager: Shutting down and abandoning module WmfMedia (72)
[2025.05.25-09.58.03:878][588]LogModuleManager: Shutting down and abandoning module Media (71)
[2025.05.25-09.58.03:879][588]LogModuleManager: Shutting down and abandoning module MediaInfo (70)
[2025.05.25-09.58.03:879][588]LogModuleManager: Shutting down and abandoning module ExrReaderGpu (66)
[2025.05.25-09.58.03:879][588]LogModuleManager: Shutting down and abandoning module MLSDK (64)
[2025.05.25-09.58.03:879][588]LogModuleManager: Shutting down and abandoning module MagicLeap (62)
[2025.05.25-09.58.03:879][588]LogModuleManager: Shutting down and abandoning module PixWinPlugin (60)
[2025.05.25-09.58.03:880][588]LogModuleManager: Shutting down and abandoning module NiagaraVertexFactories (58)
[2025.05.25-09.58.03:880][588]LogModuleManager: Shutting down and abandoning module NiagaraShader (56)
[2025.05.25-09.58.03:880][588]LogModuleManager: Shutting down and abandoning module VariantManagerContent (54)
[2025.05.25-09.58.03:880][588]LogModuleManager: Shutting down and abandoning module DatasmithContent (52)
[2025.05.25-09.58.03:880][588]LogModuleManager: Shutting down and abandoning module AISupportModule (50)
[2025.05.25-09.58.03:880][588]LogModuleManager: Shutting down and abandoning module DesktopPlatform (48)
[2025.05.25-09.58.03:880][588]LogModuleManager: Shutting down and abandoning module PythonScriptPluginPreload (46)
[2025.05.25-09.58.03:880][588]LogModuleManager: Shutting down and abandoning module PlatformCryptoOpenSSL (44)
[2025.05.25-09.58.03:880][588]LogModuleManager: Shutting down and abandoning module PlatformCryptoTypes (42)
[2025.05.25-09.58.03:880][588]LogModuleManager: Shutting down and abandoning module PlatformCrypto (40)
[2025.05.25-09.58.03:880][588]LogModuleManager: Shutting down and abandoning module OodleDataCompressionFormat (38)
[2025.05.25-09.58.03:880][588]LogModuleManager: Shutting down and abandoning module XGEController (36)
[2025.05.25-09.58.03:880][588]LogModuleManager: Shutting down and abandoning module AnimationModifiers (34)
[2025.05.25-09.58.03:880][588]LogModuleManager: Shutting down and abandoning module AudioEditor (32)
[2025.05.25-09.58.03:881][588]LogModuleManager: Shutting down and abandoning module PropertyEditor (31)
[2025.05.25-09.58.03:881][588]LogModuleManager: Shutting down and abandoning module TextureCompressor (28)
[2025.05.25-09.58.03:881][588]LogModuleManager: Shutting down and abandoning module RenderCore (26)
[2025.05.25-09.58.03:881][588]LogModuleManager: Shutting down and abandoning module Landscape (24)
[2025.05.25-09.58.03:881][588]LogModuleManager: Shutting down and abandoning module SlateRHIRenderer (22)
[2025.05.25-09.58.03:881][588]LogModuleManager: Shutting down and abandoning module AnimGraphRuntime (20)
[2025.05.25-09.58.03:881][588]LogModuleManager: Shutting down and abandoning module Renderer (18)
[2025.05.25-09.58.03:881][588]LogModuleManager: Shutting down and abandoning module Engine (16)
[2025.05.25-09.58.03:881][588]LogModuleManager: Shutting down and abandoning module CoreUObject (14)
[2025.05.25-09.58.03:881][588]LogModuleManager: Shutting down and abandoning module NetworkFile (12)
[2025.05.25-09.58.03:881][588]LogModuleManager: Shutting down and abandoning module CookedIterativeFile (10)
[2025.05.25-09.58.03:881][588]LogModuleManager: Shutting down and abandoning module StreamingFile (8)
[2025.05.25-09.58.03:881][588]LogModuleManager: Shutting down and abandoning module SandboxFile (6)
[2025.05.25-09.58.03:881][588]LogModuleManager: Shutting down and abandoning module PakFile (4)
[2025.05.25-09.58.03:881][588]LogModuleManager: Shutting down and abandoning module RSA (3)
[2025.05.25-09.58.03:881][588]LogContentStreaming: Display: There are 1 unreleased StreamingManagers
[2025.05.25-09.58.03:906][588]LogD3D11RHI: Shutdown
[2025.05.25-09.58.03:906][588]LogD3D11RHI: CleanupD3DDevice
[2025.05.25-09.58.03:908][588]LogExit: Exiting.
[2025.05.25-09.58.03:916][588]Log file closed, 05/25/25 12:58:03
