Log file open, 04/10/25 19:39:10
LogWindows: Failed to load 'aqProf.dll' (GetLastError=126)
LogWindows: File 'aqProf.dll' does not exist
LogWindows: Failed to load 'VtuneApi.dll' (GetLastError=126)
LogWindows: File 'VtuneApi.dll' does not exist
LogWindows: Failed to load 'VtuneApi32e.dll' (GetLastError=126)
LogWindows: File 'VtuneApi32e.dll' does not exist
LogConsoleResponse: Display: Failed to find resolution value strings in scalability ini. Falling back to default.
LogConsoleResponse: Display: Failed to find resolution value strings in scalability ini. Falling back to default.
LogInit: Display: Running engine for game: MyProject
LogPlatformFile: Not using cached read wrapper
LogTaskGraph: Started task graph with 5 named threads and 47 total threads with 3 sets of task threads.
LogStats: Stats thread started at 0.217679
LogICUInternationalization: ICU TimeZone Detection - Raw Offset: +3:00, Platform Override: ''
LogInit: Display: Loading text-based GConfig....
LogPluginManager: Mounting plugin MeshPainting
LogPluginManager: Mounting plugin XGEController
LogPluginManager: Mounting plugin Paper2D
LogPluginManager: Mounting plugin AISupport
LogPluginManager: Mounting plugin EnvironmentQueryEditor
LogPluginManager: Mounting plugin LightPropagationVolume
LogPluginManager: Mounting plugin LiveLink
LogPluginManager: Mounting plugin OodleData
LogPluginManager: Mounting plugin GameplayCameras
LogPluginManager: Mounting plugin OodleNetwork
LogPluginManager: Mounting plugin AssetManagerEditor
LogPluginManager: Mounting plugin CameraShakePreviewer
LogPluginManager: Mounting plugin CryptoKeys
LogPluginManager: Mounting plugin CurveEditorTools
LogPluginManager: Mounting plugin FacialAnimation
LogPluginManager: Mounting plugin GameplayTagsEditor
LogPluginManager: Mounting plugin GeometryMode
LogPluginManager: Mounting plugin MaterialAnalyzer
LogPluginManager: Mounting plugin PluginBrowser
LogPluginManager: Mounting plugin MacGraphicsSwitching
LogPluginManager: Mounting plugin DataValidation
LogPluginManager: Mounting plugin MobileLauncherProfileWizard
LogPluginManager: Mounting plugin SpeedTreeImporter
LogPluginManager: Mounting plugin AnimationSharing
LogPluginManager: Mounting plugin DatasmithContent
LogPluginManager: Mounting plugin CodeLiteSourceCodeAccess
LogPluginManager: Mounting plugin GitSourceControl
LogPluginManager: Mounting plugin VariantManagerContent
LogPluginManager: Mounting plugin CLionSourceCodeAccess
LogPluginManager: Mounting plugin KDevelopSourceCodeAccess
LogPluginManager: Mounting plugin PerforceSourceControl
LogPluginManager: Mounting plugin NullSourceCodeAccess
LogPluginManager: Mounting plugin PixWinPlugin
LogPluginManager: Mounting plugin PropertyAccessNode
LogPluginManager: Mounting plugin PlasticSourceControl
LogPluginManager: Mounting plugin PluginUtils
LogPluginManager: Mounting plugin SubversionSourceControl
LogPluginManager: Mounting plugin TextureFormatOodle
LogPluginManager: Mounting plugin UObjectPlugin
LogPluginManager: Mounting plugin XCodeSourceCodeAccess
LogPluginManager: Mounting plugin RiderSourceCodeAccess
LogPluginManager: Mounting plugin AlembicImporter
LogPluginManager: Mounting plugin VisualStudioSourceCodeAccess
LogPluginManager: Mounting plugin AutomationUtils
LogPluginManager: Mounting plugin BackChannel
LogPluginManager: Mounting plugin ChaosCloth
LogPluginManager: Mounting plugin ChaosClothEditor
LogPluginManager: Mounting plugin VisualStudioCodeSourceCodeAccess
LogPluginManager: Mounting plugin ChaosNiagara
LogPluginManager: Mounting plugin ChaosSolverPlugin
LogPluginManager: Mounting plugin ChaosEditor
LogPluginManager: Mounting plugin CharacterAI
LogPluginManager: Mounting plugin GeometryCache
LogPluginManager: Mounting plugin GeometryCollectionPlugin
LogPluginManager: Mounting plugin Niagara
LogPluginManager: Mounting plugin GeometryProcessing
LogPluginManager: Mounting plugin OpenImageDenoise
LogPluginManager: Mounting plugin LuminPlatformFeatures
LogPluginManager: Mounting plugin MotoSynth
LogPluginManager: Mounting plugin MagicLeap
LogPluginManager: Mounting plugin PlanarCut
LogPluginManager: Mounting plugin ProxyLODPlugin
LogPluginManager: Mounting plugin PlatformCrypto
LogPluginManager: Mounting plugin PythonScriptPlugin
LogPluginManager: Mounting plugin MagicLeapLightEstimation
LogPluginManager: Mounting plugin MagicLeapMedia
LogPluginManager: Mounting plugin SkeletalReduction
LogPluginManager: Mounting plugin MagicLeapPassableWorld
LogPluginManager: Mounting plugin MLSDK
LogPluginManager: Mounting plugin AndroidMedia
LogPluginManager: Mounting plugin AvfMedia
LogPluginManager: Mounting plugin ImgMedia
LogPluginManager: Mounting plugin MediaCompositing
LogPluginManager: Mounting plugin MediaPlayerEditor
LogPluginManager: Mounting plugin WebMMedia
LogPluginManager: Mounting plugin WmfMedia
LogPluginManager: Mounting plugin ActorSequence
LogPluginManager: Mounting plugin UdpMessaging
LogPluginManager: Mounting plugin TcpMessaging
LogPluginManager: Mounting plugin MatineeToLevelSequence
LogPluginManager: Mounting plugin LevelSequenceEditor
LogPluginManager: Mounting plugin TemplateSequence
LogPluginManager: Mounting plugin LauncherChunkInstaller
LogPluginManager: Mounting plugin ScreenshotTools
LogPluginManager: Mounting plugin ActorLayerUtilities
LogPluginManager: Mounting plugin AndroidDeviceProfileSelector
LogPluginManager: Mounting plugin AndroidPermission
LogPluginManager: Mounting plugin AndroidMoviePlayer
LogPluginManager: Mounting plugin AppleImageUtils
LogPluginManager: Mounting plugin AppleMoviePlayer
LogPluginManager: Mounting plugin ArchVisCharacter
LogPluginManager: Mounting plugin AssetTags
LogPluginManager: Mounting plugin AudioCapture
LogPluginManager: Mounting plugin AudioSynesthesia
LogPluginManager: Mounting plugin CustomMeshComponent
LogPluginManager: Mounting plugin CableComponent
LogPluginManager: Mounting plugin ChunkDownloader
LogPluginManager: Mounting plugin EditableMesh
LogPluginManager: Mounting plugin OnlineSubsystem
LogPluginManager: Mounting plugin ExampleDeviceProfileSelector
LogPluginManager: Mounting plugin GoogleCloudMessaging
LogPluginManager: Mounting plugin GooglePAD
LogPluginManager: Mounting plugin OnlineSubsystemNull
LogPluginManager: Mounting plugin OnlineSubsystemUtils
LogPluginManager: Mounting plugin IOSDeviceProfileSelector
LogPluginManager: Mounting plugin LinuxDeviceProfileSelector
LogPluginManager: Mounting plugin LocationServicesBPLibrary
LogPluginManager: Mounting plugin MobilePatchingUtils
LogPluginManager: Mounting plugin OpenXREyeTracker
LogPluginManager: Mounting plugin PhysXVehicles
LogPluginManager: Mounting plugin OpenXR
LogPluginManager: Mounting plugin PostSplashScreen
LogPluginManager: Mounting plugin ProceduralMeshComponent
LogPluginManager: Mounting plugin OpenXRHandTracking
LogPluginManager: Mounting plugin PropertyAccessEditor
LogPluginManager: Mounting plugin RuntimePhysXCooking
LogPluginManager: Mounting plugin SignificanceManager
LogPluginManager: Mounting plugin SoundFields
LogPluginManager: Mounting plugin ResonanceAudio
LogPluginManager: Mounting plugin Synthesis
LogPluginManager: Mounting plugin Takes
LogPluginManager: Mounting plugin WebMMoviePlayer
LogPluginManager: Mounting plugin WindowsMoviePlayer
LogPluginManager: Mounting plugin ContentBrowserAssetDataSource
LogPluginManager: Mounting plugin ContentBrowserClassDataSource
LogPluginManager: Mounting plugin ContentBrowserFileDataSource
LogPluginManager: Mounting plugin OnlineSubsystemGooglePlay
LogPluginManager: Mounting plugin OnlineSubsystemIOS
LogPluginManager: Mounting plugin OculusOpenXR
PixWinPlugin: PIX capture plugin failed to initialize! Check that the process is launched from PIX.
LogInit: Using libcurl 7.55.1-DEV
LogInit:  - built for x86_64-pc-win32
LogInit:  - supports SSL with OpenSSL/1.1.1
LogInit:  - supports HTTP deflate (compression) using libz 1.2.8
LogInit:  - other features:
LogInit:      CURL_VERSION_SSL
LogInit:      CURL_VERSION_LIBZ
LogInit:      CURL_VERSION_IPV6
LogInit:      CURL_VERSION_ASYNCHDNS
LogInit:      CURL_VERSION_LARGEFILE
LogInit:      CURL_VERSION_IDN
LogInit:  CurlRequestOptions (configurable via config and command line):
LogInit:  - bVerifyPeer = true  - Libcurl will verify peer certificate
LogInit:  - bUseHttpProxy = false  - Libcurl will NOT use HTTP proxy
LogInit:  - bDontReuseConnections = false  - Libcurl will reuse connections
LogInit:  - MaxHostConnections = 16  - Libcurl will limit the number of connections to a host
LogInit:  - LocalHostAddr = Default
LogInit:  - BufferSize = 65536
LogOnline: OSS: Creating online subsystem instance for: NULL
LogInit: WinSock: version 1.1 (2.2), MaxSocks=32767, MaxUdp=65467
LogOnline: OSS: TryLoadSubsystemAndSetDefault: Loaded subsystem for module [NULL]
LogInit: Build: ++UE4+Release-4.27-CL-18319896
LogInit: Engine Version: 4.27.2-18319896+++UE4+Release-4.27
LogInit: Compatible Engine Version: 4.27.0-17155196+++UE4+Release-4.27
LogInit: Net CL: 17155196
LogInit: OS: Windows 10 (Release 2009) (), CPU: 11th Gen Intel(R) Core(TM) i7-11800H @ 2.30GHz, GPU: Intel(R) UHD Graphics
LogInit: Compiled (64-bit): Nov 30 2021 07:12:08
LogInit: Compiled with Visual C++: 19.24.28315.00
LogInit: Build Configuration: Development
LogInit: Branch Name: ++UE4+Release-4.27
LogInit: Command Line: 
LogInit: Base Directory: C:/Program Files/Epic Games/UE_4.27/Engine/Binaries/Win64/
LogInit: Allocator: TBB
LogInit: Installed Engine Build: 1
LogDevObjectVersion: Number of dev versions registered: 29
LogDevObjectVersion:   Dev-Blueprints (B0D832E4-1F89-4F0D-ACCF-7EB736FD4AA2): 10
LogDevObjectVersion:   Dev-Build (E1C64328-A22C-4D53-A36C-8E866417BD8C): 0
LogDevObjectVersion:   Dev-Core (375EC13C-06E4-48FB-B500-84F0262A717E): 4
LogDevObjectVersion:   Dev-Editor (E4B068ED-F494-42E9-A231-DA0B2E46BB41): 40
LogDevObjectVersion:   Dev-Framework (CFFC743F-43B0-4480-9391-14DF171D2073): 37
LogDevObjectVersion:   Dev-Mobile (B02B49B5-BB20-44E9-A304-32B752E40360): 3
LogDevObjectVersion:   Dev-Networking (A4E4105C-59A1-49B5-A7C5-40C4547EDFEE): 0
LogDevObjectVersion:   Dev-Online (39C831C9-5AE6-47DC-9A44-9C173E1C8E7C): 0
LogDevObjectVersion:   Dev-Physics (78F01B33-EBEA-4F98-B9B4-84EACCB95AA2): 14
LogDevObjectVersion:   Dev-Platform (6631380F-2D4D-43E0-8009-CF276956A95A): 0
LogDevObjectVersion:   Dev-Rendering (12F88B9F-8875-4AFC-A67C-D90C383ABD29): 45
LogDevObjectVersion:   Dev-Sequencer (7B5AE74C-D270-4C10-A958-57980B212A5A): 13
LogDevObjectVersion:   Dev-VR (D7296918-1DD6-4BDD-9DE2-64A83CC13884): 3
LogDevObjectVersion:   Dev-LoadTimes (C2A15278-BFE7-4AFE-6C17-90FF531DF755): 1
LogDevObjectVersion:   Private-Geometry (6EACA3D4-40EC-4CC1-B786-8BED09428FC5): 3
LogDevObjectVersion:   Dev-AnimPhys (29E575DD-E0A3-4627-9D10-D276232CDCEA): 17
LogDevObjectVersion:   Dev-Anim (AF43A65D-7FD3-4947-9873-3E8ED9C1BB05): 15
LogDevObjectVersion:   Dev-ReflectionCapture (6B266CEC-1EC7-4B8F-A30B-E4D90942FC07): 1
LogDevObjectVersion:   Dev-Automation (0DF73D61-A23F-47EA-B727-89E90C41499A): 1
LogDevObjectVersion:   FortniteMain (601D1886-AC64-4F84-AA16-D3DE0DEAC7D6): 47
LogDevObjectVersion:   FortniteRelease (E7086368-6B23-4C58-8439-1B7016265E91): 1
LogDevObjectVersion:   Dev-Enterprise (9DFFBCD6-494F-0158-E221-12823C92A888): 10
LogDevObjectVersion:   Dev-Niagara (F2AED0AC-9AFE-416F-8664-AA7FFA26D6FC): 1
LogDevObjectVersion:   Dev-Destruction (174F1F0B-B4C6-45A5-B13F-2EE8D0FB917D): 10
LogDevObjectVersion:   Dev-Physics-Ext (35F94A83-E258-406C-A318-09F59610247C): 41
LogDevObjectVersion:   Dev-PhysicsMaterial-Chaos (B68FC16E-8B1B-42E2-B453-215C058844FE): 1
LogDevObjectVersion:   Dev-CineCamera (B2E18506-4273-CFC2-A54E-F4BB758BBA07): 1
LogDevObjectVersion:   Dev-VirtualProduction (64F58936-FD1B-42BA-BA96-7289D5D0FA4E): 1
LogDevObjectVersion:   Dev-MediaFramework (6F0ED827-A609-4895-9C91-998D90180EA4): 2
LogInit: Presizing for max 25165824 objects, including 0 objects not considered by GC, pre-allocating 0 bytes for permanent pool.
LogConfig: Applying CVar settings from Section [/Script/Engine.StreamingSettings] File [C:/Users/AlisaDI/Documents/MephiTasks/UnrealProject/Saved/Config/Windows/Engine.ini]
LogConfig: Setting CVar [[s.MinBulkDataSizeForAsyncLoading:131072]]
LogConfig: Setting CVar [[s.AsyncLoadingThreadEnabled:0]]
LogConfig: Setting CVar [[s.EventDrivenLoaderEnabled:1]]
LogConfig: Setting CVar [[s.WarnIfTimeLimitExceeded:0]]
LogConfig: Setting CVar [[s.TimeLimitExceededMultiplier:1.5]]
LogConfig: Setting CVar [[s.TimeLimitExceededMinTime:0.005]]
LogConfig: Setting CVar [[s.UseBackgroundLevelStreaming:1]]
LogConfig: Setting CVar [[s.PriorityAsyncLoadingExtraTime:15.0]]
LogConfig: Setting CVar [[s.LevelStreamingActorsUpdateTimeLimit:5.0]]
LogConfig: Setting CVar [[s.PriorityLevelStreamingActorsUpdateExtraTime:5.0]]
LogConfig: Setting CVar [[s.LevelStreamingComponentsRegistrationGranularity:10]]
LogConfig: Setting CVar [[s.UnregisterComponentsTimeLimit:1.0]]
LogConfig: Setting CVar [[s.LevelStreamingComponentsUnregistrationGranularity:5]]
LogConfig: Setting CVar [[s.FlushStreamingOnExit:1]]
LogInit: Object subsystem initialized
LogConfig: Setting CVar [[con.DebugEarlyDefault:1]]
LogConfig: Setting CVar [[r.setres:1280x720]]
[2025.04.10-16.39.11:351][  0]LogConfig: Setting CVar [[r.VSync:0]]
[2025.04.10-16.39.11:351][  0]LogConfig: Setting CVar [[r.RHICmdBypass:0]]
[2025.04.10-16.39.11:351][  0]LogConfig: Applying CVar settings from Section [/Script/Engine.RendererSettings] File [C:/Users/AlisaDI/Documents/MephiTasks/UnrealProject/Saved/Config/Windows/Engine.ini]
[2025.04.10-16.39.11:351][  0]LogConfig: Setting CVar [[r.GPUCrashDebugging:0]]
[2025.04.10-16.39.11:351][  0]LogConfig: Setting CVar [[r.Mobile.DisableVertexFog:1]]
[2025.04.10-16.39.11:351][  0]LogConfig: Setting CVar [[r.Shadow.CSM.MaxMobileCascades:2]]
[2025.04.10-16.39.11:351][  0]LogConfig: Setting CVar [[r.MobileMSAA:4]]
[2025.04.10-16.39.11:351][  0]LogConfig: Setting CVar [[r.Mobile.AllowDitheredLODTransition:0]]
[2025.04.10-16.39.11:351][  0]LogConfig: Setting CVar [[r.Mobile.AllowSoftwareOcclusion:0]]
[2025.04.10-16.39.11:351][  0]LogConfig: Setting CVar [[r.Mobile.VirtualTextures:0]]
[2025.04.10-16.39.11:351][  0]LogConfig: Setting CVar [[r.DiscardUnusedQuality:0]]
[2025.04.10-16.39.11:351][  0]LogConfig: Setting CVar [[r.AllowOcclusionQueries:1]]
[2025.04.10-16.39.11:351][  0]LogConfig: Setting CVar [[r.MinScreenRadiusForLights:0.030000]]
[2025.04.10-16.39.11:351][  0]LogConfig: Setting CVar [[r.MinScreenRadiusForDepthPrepass:0.030000]]
[2025.04.10-16.39.11:351][  0]LogConfig: Setting CVar [[r.MinScreenRadiusForCSMDepth:0.010000]]
[2025.04.10-16.39.11:351][  0]LogConfig: Setting CVar [[r.PrecomputedVisibilityWarning:0]]
[2025.04.10-16.39.11:351][  0]LogConfig: Setting CVar [[r.TextureStreaming:1]]
[2025.04.10-16.39.11:351][  0]LogConfig: Setting CVar [[Compat.UseDXT5NormalMaps:0]]
[2025.04.10-16.39.11:351][  0]LogConfig: Setting CVar [[r.VirtualTextures:0]]
[2025.04.10-16.39.11:351][  0]LogConfig: Setting CVar [[r.VirtualTexturedLightmaps:0]]
[2025.04.10-16.39.11:351][  0]LogConfig: Setting CVar [[r.VT.TileSize:128]]
[2025.04.10-16.39.11:351][  0]LogConfig: Setting CVar [[r.VT.TileBorderSize:4]]
[2025.04.10-16.39.11:351][  0]LogConfig: Setting CVar [[r.vt.FeedbackFactor:16]]
[2025.04.10-16.39.11:351][  0]LogConfig: Setting CVar [[r.VT.EnableCompressZlib:1]]
[2025.04.10-16.39.11:351][  0]LogConfig: Setting CVar [[r.VT.EnableCompressCrunch:0]]
[2025.04.10-16.39.11:351][  0]LogConfig: Setting CVar [[r.ClearCoatNormal:0]]
[2025.04.10-16.39.11:351][  0]LogConfig: Setting CVar [[r.ReflectionCaptureResolution:128]]
[2025.04.10-16.39.11:351][  0]LogConfig: Setting CVar [[r.Mobile.ReflectionCaptureCompression:0]]
[2025.04.10-16.39.11:351][  0]LogConfig: Setting CVar [[r.ReflectionEnvironmentLightmapMixBasedOnRoughness:1]]
[2025.04.10-16.39.11:351][  0]LogConfig: Setting CVar [[r.ForwardShading:1]]
[2025.04.10-16.39.11:351][  0]LogConfig: Setting CVar [[r.VertexFoggingForOpaque:1]]
[2025.04.10-16.39.11:351][  0]LogConfig: Setting CVar [[r.AllowStaticLighting:1]]
[2025.04.10-16.39.11:351][  0]LogConfig: Setting CVar [[r.NormalMapsForStaticLighting:0]]
[2025.04.10-16.39.11:351][  0]LogConfig: Setting CVar [[r.GenerateMeshDistanceFields:0]]
[2025.04.10-16.39.11:351][  0]LogConfig: Setting CVar [[r.DistanceFieldBuild.EightBit:0]]
[2025.04.10-16.39.11:351][  0]LogConfig: Setting CVar [[r.GenerateLandscapeGIData:0]]
[2025.04.10-16.39.11:351][  0]LogConfig: Setting CVar [[r.DistanceFieldBuild.Compress:0]]
[2025.04.10-16.39.11:351][  0]LogConfig: Setting CVar [[r.TessellationAdaptivePixelsPerTriangle:48.000000]]
[2025.04.10-16.39.11:351][  0]LogConfig: Setting CVar [[r.SeparateTranslucency:0]]
[2025.04.10-16.39.11:351][  0]LogConfig: Setting CVar [[r.TranslucentSortPolicy:0]]
[2025.04.10-16.39.11:351][  0]LogConfig: Setting CVar [[r.CustomDepth:1]]
[2025.04.10-16.39.11:351][  0]LogConfig: Setting CVar [[r.CustomDepthTemporalAAJitter:1]]
[2025.04.10-16.39.11:351][  0]LogConfig: Setting CVar [[r.PostProcessing.PropagateAlpha:0]]
[2025.04.10-16.39.11:351][  0]LogConfig: Setting CVar [[r.DefaultFeature.Bloom:0]]
[2025.04.10-16.39.11:351][  0]LogConfig: Setting CVar [[r.DefaultFeature.AmbientOcclusion:0]]
[2025.04.10-16.39.11:351][  0]LogConfig: Setting CVar [[r.DefaultFeature.AmbientOcclusionStaticFraction:1]]
[2025.04.10-16.39.11:351][  0]LogConfig: Setting CVar [[r.DefaultFeature.AutoExposure:0]]
[2025.04.10-16.39.11:351][  0]LogConfig: Setting CVar [[r.DefaultFeature.AutoExposure.Method:0]]
[2025.04.10-16.39.11:351][  0]LogConfig: Setting CVar [[r.DefaultFeature.AutoExposure.Bias:1.000000]]
[2025.04.10-16.39.11:352][  0]LogConfig: Setting CVar [[r.DefaultFeature.AutoExposure.ExtendDefaultLuminanceRange:1]]
[2025.04.10-16.39.11:352][  0]LogConfig: Setting CVar [[r.UsePreExposure:1]]
[2025.04.10-16.39.11:352][  0]LogConfig: Setting CVar [[r.EyeAdaptation.EditorOnly:0]]
[2025.04.10-16.39.11:352][  0]LogConfig: Setting CVar [[r.DefaultFeature.MotionBlur:0]]
[2025.04.10-16.39.11:352][  0]LogConfig: Setting CVar [[r.DefaultFeature.LensFlare:0]]
[2025.04.10-16.39.11:352][  0]LogConfig: Setting CVar [[r.TemporalAA.Upsampling:0]]
[2025.04.10-16.39.11:352][  0]LogConfig: Setting CVar [[r.SSGI.Enable:0]]
[2025.04.10-16.39.11:352][  0]LogConfig: Setting CVar [[r.DefaultFeature.AntiAliasing:3]]
[2025.04.10-16.39.11:352][  0]LogConfig: Setting CVar [[r.DefaultFeature.LightUnits:1]]
[2025.04.10-16.39.11:352][  0]LogConfig: Setting CVar [[r.DefaultBackBufferPixelFormat:4]]
[2025.04.10-16.39.11:352][  0]LogConfig: Setting CVar [[r.Shadow.UnbuiltPreviewInGame:1]]
[2025.04.10-16.39.11:352][  0]LogConfig: Setting CVar [[r.StencilForLODDither:0]]
[2025.04.10-16.39.11:352][  0]LogConfig: Setting CVar [[r.EarlyZPass:3]]
[2025.04.10-16.39.11:352][  0]LogConfig: Setting CVar [[r.EarlyZPassOnlyMaterialMasking:0]]
[2025.04.10-16.39.11:352][  0]LogConfig: Setting CVar [[r.DBuffer:1]]
[2025.04.10-16.39.11:352][  0]LogConfig: Setting CVar [[r.ClearSceneMethod:1]]
[2025.04.10-16.39.11:352][  0]LogConfig: Setting CVar [[r.BasePassOutputsVelocity:0]]
[2025.04.10-16.39.11:352][  0]LogConfig: Setting CVar [[r.VertexDeformationOutputsVelocity:0]]
[2025.04.10-16.39.11:352][  0]LogConfig: Setting CVar [[r.SelectiveBasePassOutputs:0]]
[2025.04.10-16.39.11:352][  0]LogConfig: Setting CVar [[fx.GPUSimulationTextureSizeX:1024]]
[2025.04.10-16.39.11:352][  0]LogConfig: Setting CVar [[fx.GPUSimulationTextureSizeY:1024]]
[2025.04.10-16.39.11:352][  0]LogConfig: Setting CVar [[r.AllowGlobalClipPlane:0]]
[2025.04.10-16.39.11:352][  0]LogConfig: Setting CVar [[r.GBufferFormat:1]]
[2025.04.10-16.39.11:352][  0]LogConfig: Setting CVar [[r.MorphTarget.Mode:1]]
[2025.04.10-16.39.11:352][  0]LogConfig: Setting CVar [[vr.InstancedStereo:1]]
[2025.04.10-16.39.11:352][  0]LogConfig: Setting CVar [[r.MobileHDR:0]]
[2025.04.10-16.39.11:352][  0]LogConfig: Setting CVar [[vr.MobileMultiView:1]]
[2025.04.10-16.39.11:352][  0]LogConfig: Setting CVar [[r.Mobile.UseHWsRGBEncoding:1]]
[2025.04.10-16.39.11:352][  0]LogConfig: Setting CVar [[vr.RoundRobinOcclusion:0]]
[2025.04.10-16.39.11:352][  0]LogConfig: Setting CVar [[vr.ODSCapture:0]]
[2025.04.10-16.39.11:352][  0]LogConfig: Setting CVar [[r.MeshStreaming:0]]
[2025.04.10-16.39.11:352][  0]LogConfig: Setting CVar [[r.WireframeCullThreshold:5.000000]]
[2025.04.10-16.39.11:352][  0]LogConfig: Setting CVar [[r.RayTracing:0]]
[2025.04.10-16.39.11:352][  0]LogConfig: Setting CVar [[r.RayTracing.UseTextureLod:0]]
[2025.04.10-16.39.11:352][  0]LogConfig: Setting CVar [[r.SupportStationarySkylight:1]]
[2025.04.10-16.39.11:352][  0]LogConfig: Setting CVar [[r.SupportLowQualityLightmaps:1]]
[2025.04.10-16.39.11:352][  0]LogConfig: Setting CVar [[r.SupportPointLightWholeSceneShadows:1]]
[2025.04.10-16.39.11:352][  0]LogConfig: Setting CVar [[r.SupportAtmosphericFog:1]]
[2025.04.10-16.39.11:352][  0]LogConfig: Setting CVar [[r.SupportSkyAtmosphere:1]]
[2025.04.10-16.39.11:352][  0]LogConfig: Setting CVar [[r.SupportSkyAtmosphereAffectsHeightFog:0]]
[2025.04.10-16.39.11:352][  0]LogConfig: Setting CVar [[r.SkinCache.CompileShaders:0]]
[2025.04.10-16.39.11:352][  0]LogConfig: Setting CVar [[r.SkinCache.DefaultBehavior:1]]
[2025.04.10-16.39.11:352][  0]LogConfig: Setting CVar [[r.SkinCache.SceneMemoryLimitInMB:128.000000]]
[2025.04.10-16.39.11:352][  0]LogConfig: Setting CVar [[r.Mobile.EnableStaticAndCSMShadowReceivers:1]]
[2025.04.10-16.39.11:352][  0]LogConfig: Setting CVar [[r.Mobile.EnableMovableLightCSMShaderCulling:1]]
[2025.04.10-16.39.11:352][  0]LogConfig: Setting CVar [[r.Mobile.AllowDistanceFieldShadows:1]]
[2025.04.10-16.39.11:352][  0]LogConfig: Setting CVar [[r.Mobile.AllowMovableDirectionalLights:1]]
[2025.04.10-16.39.11:352][  0]LogConfig: Setting CVar [[r.MobileNumDynamicPointLights:4]]
[2025.04.10-16.39.11:352][  0]LogConfig: Setting CVar [[r.MobileDynamicPointLightsUseStaticBranch:1]]
[2025.04.10-16.39.11:352][  0]LogConfig: Setting CVar [[r.Mobile.EnableMovableSpotlights:0]]
[2025.04.10-16.39.11:352][  0]LogConfig: Setting CVar [[r.Mobile.EnableMovableSpotlightsShadow:0]]
[2025.04.10-16.39.11:352][  0]LogConfig: Setting CVar [[r.GPUSkin.Support16BitBoneIndex:0]]
[2025.04.10-16.39.11:352][  0]LogConfig: Setting CVar [[r.GPUSkin.Limit2BoneInfluences:0]]
[2025.04.10-16.39.11:352][  0]LogConfig: Setting CVar [[r.SupportDepthOnlyIndexBuffers:1]]
[2025.04.10-16.39.11:352][  0]LogConfig: Setting CVar [[r.SupportReversedIndexBuffers:1]]
[2025.04.10-16.39.11:352][  0]LogConfig: Setting CVar [[r.LightPropagationVolume:0]]
[2025.04.10-16.39.11:352][  0]LogConfig: Setting CVar [[r.Mobile.AmbientOcclusion:0]]
[2025.04.10-16.39.11:352][  0]LogConfig: Setting CVar [[r.GPUSkin.UnlimitedBoneInfluences:0]]
[2025.04.10-16.39.11:352][  0]LogConfig: Setting CVar [[r.GPUSkin.UnlimitedBoneInfluencesThreshold:8]]
[2025.04.10-16.39.11:352][  0]LogConfig: Setting CVar [[r.Mobile.PlanarReflectionMode:0]]
[2025.04.10-16.39.11:352][  0]LogConfig: Setting CVar [[r.Mobile.SupportGPUScene:1]]
[2025.04.10-16.39.11:352][  0]LogConfig: Applying CVar settings from Section [/Script/Engine.RendererOverrideSettings] File [C:/Users/AlisaDI/Documents/MephiTasks/UnrealProject/Saved/Config/Windows/Engine.ini]
[2025.04.10-16.39.11:352][  0]LogConfig: Applying CVar settings from Section [/Script/Engine.StreamingSettings] File [C:/Users/AlisaDI/Documents/MephiTasks/UnrealProject/Saved/Config/Windows/Engine.ini]
[2025.04.10-16.39.11:352][  0]LogConfig: Setting CVar [[s.MinBulkDataSizeForAsyncLoading:131072]]
[2025.04.10-16.39.11:352][  0]LogConfig: Setting CVar [[s.AsyncLoadingThreadEnabled:0]]
[2025.04.10-16.39.11:352][  0]LogConfig: Setting CVar [[s.EventDrivenLoaderEnabled:1]]
[2025.04.10-16.39.11:352][  0]LogConfig: Setting CVar [[s.WarnIfTimeLimitExceeded:0]]
[2025.04.10-16.39.11:352][  0]LogConfig: Setting CVar [[s.TimeLimitExceededMultiplier:1.5]]
[2025.04.10-16.39.11:352][  0]LogConfig: Setting CVar [[s.TimeLimitExceededMinTime:0.005]]
[2025.04.10-16.39.11:352][  0]LogConfig: Setting CVar [[s.UseBackgroundLevelStreaming:1]]
[2025.04.10-16.39.11:352][  0]LogConfig: Setting CVar [[s.PriorityAsyncLoadingExtraTime:15.0]]
[2025.04.10-16.39.11:352][  0]LogConfig: Setting CVar [[s.LevelStreamingActorsUpdateTimeLimit:5.0]]
[2025.04.10-16.39.11:352][  0]LogConfig: Setting CVar [[s.PriorityLevelStreamingActorsUpdateExtraTime:5.0]]
[2025.04.10-16.39.11:352][  0]LogConfig: Setting CVar [[s.LevelStreamingComponentsRegistrationGranularity:10]]
[2025.04.10-16.39.11:352][  0]LogConfig: Setting CVar [[s.UnregisterComponentsTimeLimit:1.0]]
[2025.04.10-16.39.11:352][  0]LogConfig: Setting CVar [[s.LevelStreamingComponentsUnregistrationGranularity:5]]
[2025.04.10-16.39.11:352][  0]LogConfig: Setting CVar [[s.FlushStreamingOnExit:1]]
[2025.04.10-16.39.11:352][  0]LogConfig: Applying CVar settings from Section [/Script/Engine.GarbageCollectionSettings] File [C:/Users/AlisaDI/Documents/MephiTasks/UnrealProject/Saved/Config/Windows/Engine.ini]
[2025.04.10-16.39.11:352][  0]LogConfig: Setting CVar [[gc.MaxObjectsNotConsideredByGC:1]]
[2025.04.10-16.39.11:352][  0]LogConfig: Setting CVar [[gc.SizeOfPermanentObjectPool:0]]
[2025.04.10-16.39.11:352][  0]LogConfig: Setting CVar [[gc.FlushStreamingOnGC:0]]
[2025.04.10-16.39.11:352][  0]LogConfig: Setting CVar [[gc.NumRetriesBeforeForcingGC:10]]
[2025.04.10-16.39.11:352][  0]LogConfig: Setting CVar [[gc.AllowParallelGC:1]]
[2025.04.10-16.39.11:352][  0]LogConfig: Setting CVar [[gc.TimeBetweenPurgingPendingKillObjects:61.1]]
[2025.04.10-16.39.11:352][  0]LogConfig: Setting CVar [[gc.MaxObjectsInEditor:25165824]]
[2025.04.10-16.39.11:352][  0]LogConfig: Setting CVar [[gc.IncrementalBeginDestroyEnabled:1]]
[2025.04.10-16.39.11:352][  0]LogConfig: Setting CVar [[gc.CreateGCClusters:1]]
[2025.04.10-16.39.11:352][  0]LogConfig: Setting CVar [[gc.MinGCClusterSize:5]]
[2025.04.10-16.39.11:352][  0]LogConfig: Setting CVar [[gc.ActorClusteringEnabled:0]]
[2025.04.10-16.39.11:352][  0]LogConfig: Setting CVar [[gc.BlueprintClusteringEnabled:0]]
[2025.04.10-16.39.11:352][  0]LogConfig: Setting CVar [[gc.UseDisregardForGCOnDedicatedServers:0]]
[2025.04.10-16.39.11:352][  0]LogConfig: Setting CVar [[gc.MultithreadedDestructionEnabled:1]]
[2025.04.10-16.39.11:352][  0]LogConfig: Applying CVar settings from Section [/Script/Engine.NetworkSettings] File [C:/Users/AlisaDI/Documents/MephiTasks/UnrealProject/Saved/Config/Windows/Engine.ini]
[2025.04.10-16.39.11:352][  0]LogConfig: Applying CVar settings from Section [/Script/UnrealEd.CookerSettings] File [C:/Users/AlisaDI/Documents/MephiTasks/UnrealProject/Saved/Config/Windows/Engine.ini]
[2025.04.10-16.39.11:377][  0]LogConfig: Applying CVar settings from Section [ViewDistanceQuality@3] File [C:/Users/AlisaDI/Documents/MephiTasks/UnrealProject/Saved/Config/Windows/Scalability.ini]
[2025.04.10-16.39.11:377][  0]LogConfig: Setting CVar [[r.SkeletalMeshLODBias:0]]
[2025.04.10-16.39.11:377][  0]LogConfig: Setting CVar [[r.ViewDistanceScale:1.0]]
[2025.04.10-16.39.11:377][  0]LogConfig: Applying CVar settings from Section [AntiAliasingQuality@3] File [C:/Users/AlisaDI/Documents/MephiTasks/UnrealProject/Saved/Config/Windows/Scalability.ini]
[2025.04.10-16.39.11:377][  0]LogConfig: Setting CVar [[r.PostProcessAAQuality:4]]
[2025.04.10-16.39.11:377][  0]LogConfig: Applying CVar settings from Section [ShadowQuality@3] File [C:/Users/AlisaDI/Documents/MephiTasks/UnrealProject/Saved/Config/Windows/Scalability.ini]
[2025.04.10-16.39.11:377][  0]LogConfig: Setting CVar [[r.LightFunctionQuality:1]]
[2025.04.10-16.39.11:377][  0]LogConfig: Setting CVar [[r.ShadowQuality:5]]
[2025.04.10-16.39.11:377][  0]LogConfig: Setting CVar [[r.Shadow.CSM.MaxCascades:10]]
[2025.04.10-16.39.11:377][  0]LogConfig: Setting CVar [[r.Shadow.MaxResolution:2048]]
[2025.04.10-16.39.11:377][  0]LogConfig: Setting CVar [[r.Shadow.MaxCSMResolution:2048]]
[2025.04.10-16.39.11:377][  0]LogConfig: Setting CVar [[r.Shadow.RadiusThreshold:0.01]]
[2025.04.10-16.39.11:377][  0]LogConfig: Setting CVar [[r.Shadow.DistanceScale:1.0]]
[2025.04.10-16.39.11:377][  0]LogConfig: Setting CVar [[r.Shadow.CSM.TransitionScale:1.0]]
[2025.04.10-16.39.11:377][  0]LogConfig: Setting CVar [[r.Shadow.PreShadowResolutionFactor:1.0]]
[2025.04.10-16.39.11:377][  0]LogConfig: Setting CVar [[r.DistanceFieldShadowing:1]]
[2025.04.10-16.39.11:377][  0]LogConfig: Setting CVar [[r.DistanceFieldAO:1]]
[2025.04.10-16.39.11:377][  0]LogConfig: Setting CVar [[r.AOQuality:2]]
[2025.04.10-16.39.11:377][  0]LogConfig: Setting CVar [[r.VolumetricFog:1]]
[2025.04.10-16.39.11:377][  0]LogConfig: Setting CVar [[r.VolumetricFog.GridPixelSize:8]]
[2025.04.10-16.39.11:377][  0]LogConfig: Setting CVar [[r.VolumetricFog.GridSizeZ:128]]
[2025.04.10-16.39.11:377][  0]LogConfig: Setting CVar [[r.VolumetricFog.HistoryMissSupersampleCount:4]]
[2025.04.10-16.39.11:377][  0]LogConfig: Setting CVar [[r.LightMaxDrawDistanceScale:1]]
[2025.04.10-16.39.11:377][  0]LogConfig: Setting CVar [[r.CapsuleShadows:1]]
[2025.04.10-16.39.11:377][  0]LogConfig: Applying CVar settings from Section [PostProcessQuality@3] File [C:/Users/AlisaDI/Documents/MephiTasks/UnrealProject/Saved/Config/Windows/Scalability.ini]
[2025.04.10-16.39.11:377][  0]LogConfig: Setting CVar [[r.MotionBlurQuality:4]]
[2025.04.10-16.39.11:377][  0]LogConfig: Setting CVar [[r.AmbientOcclusionMipLevelFactor:0.4]]
[2025.04.10-16.39.11:377][  0]LogConfig: Setting CVar [[r.AmbientOcclusionMaxQuality:100]]
[2025.04.10-16.39.11:377][  0]LogConfig: Setting CVar [[r.AmbientOcclusionLevels:-1]]
[2025.04.10-16.39.11:377][  0]LogConfig: Setting CVar [[r.AmbientOcclusionRadiusScale:1.0]]
[2025.04.10-16.39.11:377][  0]LogConfig: Setting CVar [[r.DepthOfFieldQuality:2]]
[2025.04.10-16.39.11:377][  0]LogConfig: Setting CVar [[r.RenderTargetPoolMin:400]]
[2025.04.10-16.39.11:377][  0]LogConfig: Setting CVar [[r.LensFlareQuality:2]]
[2025.04.10-16.39.11:377][  0]LogConfig: Setting CVar [[r.SceneColorFringeQuality:1]]
[2025.04.10-16.39.11:377][  0]LogConfig: Setting CVar [[r.EyeAdaptationQuality:2]]
[2025.04.10-16.39.11:377][  0]LogConfig: Setting CVar [[r.BloomQuality:5]]
[2025.04.10-16.39.11:377][  0]LogConfig: Setting CVar [[r.FastBlurThreshold:100]]
[2025.04.10-16.39.11:377][  0]LogConfig: Setting CVar [[r.Upscale.Quality:3]]
[2025.04.10-16.39.11:377][  0]LogConfig: Setting CVar [[r.Tonemapper.GrainQuantization:1]]
[2025.04.10-16.39.11:377][  0]LogConfig: Setting CVar [[r.LightShaftQuality:1]]
[2025.04.10-16.39.11:377][  0]LogConfig: Setting CVar [[r.Filter.SizeScale:1]]
[2025.04.10-16.39.11:377][  0]LogConfig: Setting CVar [[r.Tonemapper.Quality:5]]
[2025.04.10-16.39.11:377][  0]LogConfig: Setting CVar [[r.DOF.Gather.AccumulatorQuality:1        ; higher gathering accumulator quality]]
[2025.04.10-16.39.11:377][  0]LogConfig: Setting CVar [[r.DOF.Gather.PostfilterMethod:1          ; Median3x3 postfilering method]]
[2025.04.10-16.39.11:377][  0]LogConfig: Setting CVar [[r.DOF.Gather.EnableBokehSettings:0       ; no bokeh simulation when gathering]]
[2025.04.10-16.39.11:377][  0]LogConfig: Setting CVar [[r.DOF.Gather.RingCount:4                 ; medium number of samples when gathering]]
[2025.04.10-16.39.11:377][  0]LogConfig: Setting CVar [[r.DOF.Scatter.ForegroundCompositing:1    ; additive foreground scattering]]
[2025.04.10-16.39.11:377][  0]LogConfig: Setting CVar [[r.DOF.Scatter.BackgroundCompositing:2    ; additive background scattering]]
[2025.04.10-16.39.11:377][  0]LogConfig: Setting CVar [[r.DOF.Scatter.EnableBokehSettings:1      ; bokeh simulation when scattering]]
[2025.04.10-16.39.11:377][  0]LogConfig: Setting CVar [[r.DOF.Scatter.MaxSpriteRatio:0.1         ; only a maximum of 10% of scattered bokeh]]
[2025.04.10-16.39.11:377][  0]LogConfig: Setting CVar [[r.DOF.Recombine.Quality:1                ; cheap slight out of focus]]
[2025.04.10-16.39.11:377][  0]LogConfig: Setting CVar [[r.DOF.Recombine.EnableBokehSettings:0    ; no bokeh simulation on slight out of focus]]
[2025.04.10-16.39.11:377][  0]LogConfig: Setting CVar [[r.DOF.TemporalAAQuality:1                ; more stable temporal accumulation]]
[2025.04.10-16.39.11:377][  0]LogConfig: Setting CVar [[r.DOF.Kernel.MaxForegroundRadius:0.025]]
[2025.04.10-16.39.11:377][  0]LogConfig: Setting CVar [[r.DOF.Kernel.MaxBackgroundRadius:0.025]]
[2025.04.10-16.39.11:377][  0]LogConfig: Applying CVar settings from Section [TextureQuality@3] File [C:/Users/AlisaDI/Documents/MephiTasks/UnrealProject/Saved/Config/Windows/Scalability.ini]
[2025.04.10-16.39.11:377][  0]LogConfig: Setting CVar [[r.Streaming.MipBias:0]]
[2025.04.10-16.39.11:377][  0]LogConfig: Setting CVar [[r.Streaming.AmortizeCPUToGPUCopy:0]]
[2025.04.10-16.39.11:377][  0]LogConfig: Setting CVar [[r.Streaming.MaxNumTexturesToStreamPerFrame:0]]
[2025.04.10-16.39.11:377][  0]LogConfig: Setting CVar [[r.Streaming.Boost:1]]
[2025.04.10-16.39.11:377][  0]LogConfig: Setting CVar [[r.MaxAnisotropy:8]]
[2025.04.10-16.39.11:377][  0]LogConfig: Setting CVar [[r.VT.MaxAnisotropy:8]]
[2025.04.10-16.39.11:377][  0]LogConfig: Setting CVar [[r.Streaming.LimitPoolSizeToVRAM:0]]
[2025.04.10-16.39.11:377][  0]LogConfig: Setting CVar [[r.Streaming.PoolSize:1000]]
[2025.04.10-16.39.11:377][  0]LogConfig: Setting CVar [[r.Streaming.MaxEffectiveScreenSize:0]]
[2025.04.10-16.39.11:377][  0]LogConfig: Applying CVar settings from Section [EffectsQuality@3] File [C:/Users/AlisaDI/Documents/MephiTasks/UnrealProject/Saved/Config/Windows/Scalability.ini]
[2025.04.10-16.39.11:377][  0]LogConfig: Setting CVar [[r.TranslucencyLightingVolumeDim:64]]
[2025.04.10-16.39.11:377][  0]LogConfig: Setting CVar [[r.RefractionQuality:2]]
[2025.04.10-16.39.11:377][  0]LogConfig: Setting CVar [[r.SSR.Quality:3]]
[2025.04.10-16.39.11:377][  0]LogConfig: Setting CVar [[r.SSR.HalfResSceneColor:0]]
[2025.04.10-16.39.11:377][  0]LogConfig: Setting CVar [[r.SceneColorFormat:4]]
[2025.04.10-16.39.11:377][  0]LogConfig: Setting CVar [[r.DetailMode:2]]
[2025.04.10-16.39.11:377][  0]LogConfig: Setting CVar [[r.TranslucencyVolumeBlur:1]]
[2025.04.10-16.39.11:377][  0]LogConfig: Setting CVar [[r.MaterialQualityLevel:1 ; High quality]]
[2025.04.10-16.39.11:377][  0]LogConfig: Setting CVar [[r.AnisotropicMaterials:1]]
[2025.04.10-16.39.11:377][  0]LogConfig: Setting CVar [[r.SSS.Scale:1]]
[2025.04.10-16.39.11:377][  0]LogConfig: Setting CVar [[r.SSS.SampleSet:2]]
[2025.04.10-16.39.11:377][  0]LogConfig: Setting CVar [[r.SSS.Quality:1]]
[2025.04.10-16.39.11:377][  0]LogConfig: Setting CVar [[r.SSS.HalfRes:0]]
[2025.04.10-16.39.11:378][  0]LogConfig: Setting CVar [[r.SSGI.Quality:3]]
[2025.04.10-16.39.11:378][  0]LogConfig: Setting CVar [[r.EmitterSpawnRateScale:1.0]]
[2025.04.10-16.39.11:378][  0]LogConfig: Setting CVar [[r.ParticleLightQuality:2]]
[2025.04.10-16.39.11:378][  0]LogConfig: Setting CVar [[r.SkyAtmosphere.AerialPerspectiveLUT.FastApplyOnOpaque:1 ; Always have FastSkyLUT 1 in this case to avoid wrong sky]]
[2025.04.10-16.39.11:378][  0]LogConfig: Setting CVar [[r.SkyAtmosphere.AerialPerspectiveLUT.SampleCountMaxPerSlice:4]]
[2025.04.10-16.39.11:378][  0]LogConfig: Setting CVar [[r.SkyAtmosphere.AerialPerspectiveLUT.DepthResolution:16.0]]
[2025.04.10-16.39.11:378][  0]LogConfig: Setting CVar [[r.SkyAtmosphere.FastSkyLUT:1]]
[2025.04.10-16.39.11:378][  0]LogConfig: Setting CVar [[r.SkyAtmosphere.FastSkyLUT.SampleCountMin:4.0]]
[2025.04.10-16.39.11:378][  0]LogConfig: Setting CVar [[r.SkyAtmosphere.FastSkyLUT.SampleCountMax:128.0]]
[2025.04.10-16.39.11:378][  0]LogConfig: Setting CVar [[r.SkyAtmosphere.SampleCountMin:4.0]]
[2025.04.10-16.39.11:378][  0]LogConfig: Setting CVar [[r.SkyAtmosphere.SampleCountMax:128.0]]
[2025.04.10-16.39.11:378][  0]LogConfig: Setting CVar [[r.SkyAtmosphere.TransmittanceLUT.UseSmallFormat:0]]
[2025.04.10-16.39.11:378][  0]LogConfig: Setting CVar [[r.SkyAtmosphere.TransmittanceLUT.SampleCount:10.0]]
[2025.04.10-16.39.11:378][  0]LogConfig: Setting CVar [[r.SkyAtmosphere.MultiScatteringLUT.SampleCount:15.0]]
[2025.04.10-16.39.11:378][  0]LogConfig: Setting CVar [[r.SkyLight.RealTimeReflectionCapture:1]]
[2025.04.10-16.39.11:378][  0]LogConfig: Applying CVar settings from Section [FoliageQuality@3] File [C:/Users/AlisaDI/Documents/MephiTasks/UnrealProject/Saved/Config/Windows/Scalability.ini]
[2025.04.10-16.39.11:378][  0]LogConfig: Setting CVar [[foliage.DensityScale:1.0]]
[2025.04.10-16.39.11:378][  0]LogConfig: Setting CVar [[grass.DensityScale:1.0]]
[2025.04.10-16.39.11:378][  0]LogConfig: Applying CVar settings from Section [ShadingQuality@3] File [C:/Users/AlisaDI/Documents/MephiTasks/UnrealProject/Saved/Config/Windows/Scalability.ini]
[2025.04.10-16.39.11:378][  0]LogConfig: Setting CVar [[r.HairStrands.SkyLighting.IntegrationType:2]]
[2025.04.10-16.39.11:378][  0]LogConfig: Setting CVar [[r.HairStrands.SkyAO.SampleCount:4]]
[2025.04.10-16.39.11:378][  0]LogConfig: Setting CVar [[r.HairStrands.Visibility.MSAA.SamplePerPixel:4]]
[2025.04.10-16.39.11:378][  0]LogInit: Selected Device Profile: [Windows]
[2025.04.10-16.39.11:378][  0]LogInit: Applying CVar settings loaded from the selected device profile: [Windows]
[2025.04.10-16.39.11:378][  0]LogHAL: Display: Platform has ~ 32 GB [34046742528 / 34359738368 / 32], which maps to Largest [LargestMinGB=32, LargerMinGB=12, DefaultMinGB=8, SmallerMinGB=6, SmallestMinGB=0)
[2025.04.10-16.39.11:378][  0]LogInit: Going up to parent DeviceProfile []
[2025.04.10-16.39.11:378][  0]LogConfig: Applying CVar settings from Section [ViewDistanceQuality@3] File [C:/Users/AlisaDI/Documents/MephiTasks/UnrealProject/Saved/Config/Windows/Scalability.ini]
[2025.04.10-16.39.11:378][  0]LogConfig: Setting CVar [[r.SkeletalMeshLODBias:0]]
[2025.04.10-16.39.11:378][  0]LogConfig: Setting CVar [[r.ViewDistanceScale:1.0]]
[2025.04.10-16.39.11:378][  0]LogConfig: Applying CVar settings from Section [AntiAliasingQuality@3] File [C:/Users/AlisaDI/Documents/MephiTasks/UnrealProject/Saved/Config/Windows/Scalability.ini]
[2025.04.10-16.39.11:378][  0]LogConfig: Setting CVar [[r.PostProcessAAQuality:4]]
[2025.04.10-16.39.11:378][  0]LogConfig: Applying CVar settings from Section [ShadowQuality@3] File [C:/Users/AlisaDI/Documents/MephiTasks/UnrealProject/Saved/Config/Windows/Scalability.ini]
[2025.04.10-16.39.11:378][  0]LogConfig: Setting CVar [[r.LightFunctionQuality:1]]
[2025.04.10-16.39.11:378][  0]LogConfig: Setting CVar [[r.ShadowQuality:5]]
[2025.04.10-16.39.11:378][  0]LogConfig: Setting CVar [[r.Shadow.CSM.MaxCascades:10]]
[2025.04.10-16.39.11:378][  0]LogConfig: Setting CVar [[r.Shadow.MaxResolution:2048]]
[2025.04.10-16.39.11:378][  0]LogConfig: Setting CVar [[r.Shadow.MaxCSMResolution:2048]]
[2025.04.10-16.39.11:378][  0]LogConfig: Setting CVar [[r.Shadow.RadiusThreshold:0.01]]
[2025.04.10-16.39.11:378][  0]LogConfig: Setting CVar [[r.Shadow.DistanceScale:1.0]]
[2025.04.10-16.39.11:378][  0]LogConfig: Setting CVar [[r.Shadow.CSM.TransitionScale:1.0]]
[2025.04.10-16.39.11:378][  0]LogConfig: Setting CVar [[r.Shadow.PreShadowResolutionFactor:1.0]]
[2025.04.10-16.39.11:378][  0]LogConfig: Setting CVar [[r.DistanceFieldShadowing:1]]
[2025.04.10-16.39.11:378][  0]LogConfig: Setting CVar [[r.DistanceFieldAO:1]]
[2025.04.10-16.39.11:378][  0]LogConfig: Setting CVar [[r.AOQuality:2]]
[2025.04.10-16.39.11:378][  0]LogConfig: Setting CVar [[r.VolumetricFog:1]]
[2025.04.10-16.39.11:378][  0]LogConfig: Setting CVar [[r.VolumetricFog.GridPixelSize:8]]
[2025.04.10-16.39.11:378][  0]LogConfig: Setting CVar [[r.VolumetricFog.GridSizeZ:128]]
[2025.04.10-16.39.11:378][  0]LogConfig: Setting CVar [[r.VolumetricFog.HistoryMissSupersampleCount:4]]
[2025.04.10-16.39.11:378][  0]LogConfig: Setting CVar [[r.LightMaxDrawDistanceScale:1]]
[2025.04.10-16.39.11:378][  0]LogConfig: Setting CVar [[r.CapsuleShadows:1]]
[2025.04.10-16.39.11:378][  0]LogConfig: Applying CVar settings from Section [PostProcessQuality@3] File [C:/Users/AlisaDI/Documents/MephiTasks/UnrealProject/Saved/Config/Windows/Scalability.ini]
[2025.04.10-16.39.11:378][  0]LogConfig: Setting CVar [[r.MotionBlurQuality:4]]
[2025.04.10-16.39.11:378][  0]LogConfig: Setting CVar [[r.AmbientOcclusionMipLevelFactor:0.4]]
[2025.04.10-16.39.11:378][  0]LogConfig: Setting CVar [[r.AmbientOcclusionMaxQuality:100]]
[2025.04.10-16.39.11:378][  0]LogConfig: Setting CVar [[r.AmbientOcclusionLevels:-1]]
[2025.04.10-16.39.11:378][  0]LogConfig: Setting CVar [[r.AmbientOcclusionRadiusScale:1.0]]
[2025.04.10-16.39.11:378][  0]LogConfig: Setting CVar [[r.DepthOfFieldQuality:2]]
[2025.04.10-16.39.11:378][  0]LogConfig: Setting CVar [[r.RenderTargetPoolMin:400]]
[2025.04.10-16.39.11:378][  0]LogConfig: Setting CVar [[r.LensFlareQuality:2]]
[2025.04.10-16.39.11:378][  0]LogConfig: Setting CVar [[r.SceneColorFringeQuality:1]]
[2025.04.10-16.39.11:378][  0]LogConfig: Setting CVar [[r.EyeAdaptationQuality:2]]
[2025.04.10-16.39.11:378][  0]LogConfig: Setting CVar [[r.BloomQuality:5]]
[2025.04.10-16.39.11:378][  0]LogConfig: Setting CVar [[r.FastBlurThreshold:100]]
[2025.04.10-16.39.11:378][  0]LogConfig: Setting CVar [[r.Upscale.Quality:3]]
[2025.04.10-16.39.11:378][  0]LogConfig: Setting CVar [[r.Tonemapper.GrainQuantization:1]]
[2025.04.10-16.39.11:378][  0]LogConfig: Setting CVar [[r.LightShaftQuality:1]]
[2025.04.10-16.39.11:378][  0]LogConfig: Setting CVar [[r.Filter.SizeScale:1]]
[2025.04.10-16.39.11:378][  0]LogConfig: Setting CVar [[r.Tonemapper.Quality:5]]
[2025.04.10-16.39.11:378][  0]LogConfig: Setting CVar [[r.DOF.Gather.AccumulatorQuality:1        ; higher gathering accumulator quality]]
[2025.04.10-16.39.11:378][  0]LogConfig: Setting CVar [[r.DOF.Gather.PostfilterMethod:1          ; Median3x3 postfilering method]]
[2025.04.10-16.39.11:378][  0]LogConfig: Setting CVar [[r.DOF.Gather.EnableBokehSettings:0       ; no bokeh simulation when gathering]]
[2025.04.10-16.39.11:378][  0]LogConfig: Setting CVar [[r.DOF.Gather.RingCount:4                 ; medium number of samples when gathering]]
[2025.04.10-16.39.11:378][  0]LogConfig: Setting CVar [[r.DOF.Scatter.ForegroundCompositing:1    ; additive foreground scattering]]
[2025.04.10-16.39.11:378][  0]LogConfig: Setting CVar [[r.DOF.Scatter.BackgroundCompositing:2    ; additive background scattering]]
[2025.04.10-16.39.11:378][  0]LogConfig: Setting CVar [[r.DOF.Scatter.EnableBokehSettings:1      ; bokeh simulation when scattering]]
[2025.04.10-16.39.11:378][  0]LogConfig: Setting CVar [[r.DOF.Scatter.MaxSpriteRatio:0.1         ; only a maximum of 10% of scattered bokeh]]
[2025.04.10-16.39.11:378][  0]LogConfig: Setting CVar [[r.DOF.Recombine.Quality:1                ; cheap slight out of focus]]
[2025.04.10-16.39.11:378][  0]LogConfig: Setting CVar [[r.DOF.Recombine.EnableBokehSettings:0    ; no bokeh simulation on slight out of focus]]
[2025.04.10-16.39.11:378][  0]LogConfig: Setting CVar [[r.DOF.TemporalAAQuality:1                ; more stable temporal accumulation]]
[2025.04.10-16.39.11:378][  0]LogConfig: Setting CVar [[r.DOF.Kernel.MaxForegroundRadius:0.025]]
[2025.04.10-16.39.11:378][  0]LogConfig: Setting CVar [[r.DOF.Kernel.MaxBackgroundRadius:0.025]]
[2025.04.10-16.39.11:378][  0]LogConfig: Applying CVar settings from Section [TextureQuality@3] File [C:/Users/AlisaDI/Documents/MephiTasks/UnrealProject/Saved/Config/Windows/Scalability.ini]
[2025.04.10-16.39.11:378][  0]LogConfig: Setting CVar [[r.Streaming.MipBias:0]]
[2025.04.10-16.39.11:378][  0]LogConfig: Setting CVar [[r.Streaming.AmortizeCPUToGPUCopy:0]]
[2025.04.10-16.39.11:378][  0]LogConfig: Setting CVar [[r.Streaming.MaxNumTexturesToStreamPerFrame:0]]
[2025.04.10-16.39.11:378][  0]LogConfig: Setting CVar [[r.Streaming.Boost:1]]
[2025.04.10-16.39.11:378][  0]LogConfig: Setting CVar [[r.MaxAnisotropy:8]]
[2025.04.10-16.39.11:378][  0]LogConfig: Setting CVar [[r.VT.MaxAnisotropy:8]]
[2025.04.10-16.39.11:378][  0]LogConfig: Setting CVar [[r.Streaming.LimitPoolSizeToVRAM:0]]
[2025.04.10-16.39.11:378][  0]LogConfig: Setting CVar [[r.Streaming.PoolSize:1000]]
[2025.04.10-16.39.11:378][  0]LogConfig: Setting CVar [[r.Streaming.MaxEffectiveScreenSize:0]]
[2025.04.10-16.39.11:378][  0]LogConfig: Applying CVar settings from Section [EffectsQuality@3] File [C:/Users/AlisaDI/Documents/MephiTasks/UnrealProject/Saved/Config/Windows/Scalability.ini]
[2025.04.10-16.39.11:378][  0]LogConfig: Setting CVar [[r.TranslucencyLightingVolumeDim:64]]
[2025.04.10-16.39.11:378][  0]LogConfig: Setting CVar [[r.RefractionQuality:2]]
[2025.04.10-16.39.11:378][  0]LogConfig: Setting CVar [[r.SSR.Quality:3]]
[2025.04.10-16.39.11:378][  0]LogConfig: Setting CVar [[r.SSR.HalfResSceneColor:0]]
[2025.04.10-16.39.11:378][  0]LogConfig: Setting CVar [[r.SceneColorFormat:4]]
[2025.04.10-16.39.11:378][  0]LogConfig: Setting CVar [[r.DetailMode:2]]
[2025.04.10-16.39.11:378][  0]LogConfig: Setting CVar [[r.TranslucencyVolumeBlur:1]]
[2025.04.10-16.39.11:378][  0]LogConfig: Setting CVar [[r.MaterialQualityLevel:1 ; High quality]]
[2025.04.10-16.39.11:378][  0]LogConfig: Setting CVar [[r.AnisotropicMaterials:1]]
[2025.04.10-16.39.11:378][  0]LogConfig: Setting CVar [[r.SSS.Scale:1]]
[2025.04.10-16.39.11:378][  0]LogConfig: Setting CVar [[r.SSS.SampleSet:2]]
[2025.04.10-16.39.11:378][  0]LogConfig: Setting CVar [[r.SSS.Quality:1]]
[2025.04.10-16.39.11:379][  0]LogConfig: Setting CVar [[r.SSS.HalfRes:0]]
[2025.04.10-16.39.11:379][  0]LogConfig: Setting CVar [[r.SSGI.Quality:3]]
[2025.04.10-16.39.11:379][  0]LogConfig: Setting CVar [[r.EmitterSpawnRateScale:1.0]]
[2025.04.10-16.39.11:379][  0]LogConfig: Setting CVar [[r.ParticleLightQuality:2]]
[2025.04.10-16.39.11:379][  0]LogConfig: Setting CVar [[r.SkyAtmosphere.AerialPerspectiveLUT.FastApplyOnOpaque:1 ; Always have FastSkyLUT 1 in this case to avoid wrong sky]]
[2025.04.10-16.39.11:379][  0]LogConfig: Setting CVar [[r.SkyAtmosphere.AerialPerspectiveLUT.SampleCountMaxPerSlice:4]]
[2025.04.10-16.39.11:379][  0]LogConfig: Setting CVar [[r.SkyAtmosphere.AerialPerspectiveLUT.DepthResolution:16.0]]
[2025.04.10-16.39.11:379][  0]LogConfig: Setting CVar [[r.SkyAtmosphere.FastSkyLUT:1]]
[2025.04.10-16.39.11:379][  0]LogConfig: Setting CVar [[r.SkyAtmosphere.FastSkyLUT.SampleCountMin:4.0]]
[2025.04.10-16.39.11:379][  0]LogConfig: Setting CVar [[r.SkyAtmosphere.FastSkyLUT.SampleCountMax:128.0]]
[2025.04.10-16.39.11:379][  0]LogConfig: Setting CVar [[r.SkyAtmosphere.SampleCountMin:4.0]]
[2025.04.10-16.39.11:379][  0]LogConfig: Setting CVar [[r.SkyAtmosphere.SampleCountMax:128.0]]
[2025.04.10-16.39.11:379][  0]LogConfig: Setting CVar [[r.SkyAtmosphere.TransmittanceLUT.UseSmallFormat:0]]
[2025.04.10-16.39.11:379][  0]LogConfig: Setting CVar [[r.SkyAtmosphere.TransmittanceLUT.SampleCount:10.0]]
[2025.04.10-16.39.11:379][  0]LogConfig: Setting CVar [[r.SkyAtmosphere.MultiScatteringLUT.SampleCount:15.0]]
[2025.04.10-16.39.11:379][  0]LogConfig: Setting CVar [[r.SkyLight.RealTimeReflectionCapture:1]]
[2025.04.10-16.39.11:379][  0]LogConfig: Applying CVar settings from Section [FoliageQuality@3] File [C:/Users/AlisaDI/Documents/MephiTasks/UnrealProject/Saved/Config/Windows/Scalability.ini]
[2025.04.10-16.39.11:379][  0]LogConfig: Setting CVar [[foliage.DensityScale:1.0]]
[2025.04.10-16.39.11:379][  0]LogConfig: Setting CVar [[grass.DensityScale:1.0]]
[2025.04.10-16.39.11:379][  0]LogConfig: Applying CVar settings from Section [ShadingQuality@3] File [C:/Users/AlisaDI/Documents/MephiTasks/UnrealProject/Saved/Config/Windows/Scalability.ini]
[2025.04.10-16.39.11:379][  0]LogConfig: Setting CVar [[r.HairStrands.SkyLighting.IntegrationType:2]]
[2025.04.10-16.39.11:379][  0]LogConfig: Setting CVar [[r.HairStrands.SkyAO.SampleCount:4]]
[2025.04.10-16.39.11:379][  0]LogConfig: Setting CVar [[r.HairStrands.Visibility.MSAA.SamplePerPixel:4]]
[2025.04.10-16.39.11:379][  0]LogConfig: Applying CVar settings from Section [Startup] File [../../../Engine/Config/ConsoleVariables.ini]
[2025.04.10-16.39.11:379][  0]LogConfig: Setting CVar [[net.UseAdaptiveNetUpdateFrequency:0]]
[2025.04.10-16.39.11:379][  0]LogConfig: Setting CVar [[p.chaos.AllowCreatePhysxBodies:1]]
[2025.04.10-16.39.11:379][  0]LogConfig: Setting CVar [[fx.SkipVectorVMBackendOptimizations:1]]
[2025.04.10-16.39.11:379][  0]LogConfig: Applying CVar settings from Section [ConsoleVariables] File [C:/Users/AlisaDI/Documents/MephiTasks/UnrealProject/Saved/Config/Windows/Engine.ini]
[2025.04.10-16.39.11:379][  0]LogConfig: Applying CVar settings from Section [ConsoleVariables] File [C:/Users/AlisaDI/Documents/MephiTasks/UnrealProject/Saved/Config/Windows/Editor.ini]
[2025.04.10-16.39.11:379][  0]LogInit: Computer: DESKTOP-N5SQRU4
[2025.04.10-16.39.11:379][  0]LogInit: User: AlisaDI
[2025.04.10-16.39.11:379][  0]LogInit: CPU Page size=4096, Cores=8
[2025.04.10-16.39.11:379][  0]LogInit: High frequency timer resolution =10.000000 MHz
[2025.04.10-16.39.11:379][  0]LogMemory: Memory total: Physical=31.7GB (32GB approx)
[2025.04.10-16.39.11:379][  0]LogMemory: Platform Memory Stats for Windows
[2025.04.10-16.39.11:379][  0]LogMemory: Process Physical Memory: 145.93 MB used, 145.93 MB peak
[2025.04.10-16.39.11:379][  0]LogMemory: Process Virtual Memory: 131.71 MB used, 131.71 MB peak
[2025.04.10-16.39.11:379][  0]LogMemory: Physical Memory: 9295.71 MB used,  23173.79 MB free, 32469.50 MB total
[2025.04.10-16.39.11:379][  0]LogMemory: Virtual Memory: 134194976.00 MB used,  22749.21 MB free, 134217728.00 MB total
[2025.04.10-16.39.11:383][  0]LogWindows: WindowsPlatformFeatures enabled
[2025.04.10-16.39.11:419][  0]LogInit: Physics initialised using underlying interface: PhysX
[2025.04.10-16.39.11:420][  0]LogInit: Using OS detected language (ru-RU).
[2025.04.10-16.39.11:420][  0]LogInit: Using OS detected locale (ru-RU).
[2025.04.10-16.39.11:422][  0]LogTextLocalizationManager: No specific localization for 'ru-RU' exists, so the 'ru' localization will be used.
[2025.04.10-16.39.11:422][  0]LogTextLocalizationResource: LocRes '../../../Engine/Content/Localization/Editor/ru/Editor.locres' could not be opened for reading!
[2025.04.10-16.39.11:422][  0]LogTextLocalizationResource: LocRes '../../../Engine/Content/Localization/EditorTutorials/ru/EditorTutorials.locres' could not be opened for reading!
[2025.04.10-16.39.11:422][  0]LogTextLocalizationResource: LocRes '../../../Engine/Content/Localization/Keywords/ru/Keywords.locres' could not be opened for reading!
[2025.04.10-16.39.11:423][  0]LogTextLocalizationResource: LocRes '../../../Engine/Content/Localization/Category/ru/Category.locres' could not be opened for reading!
[2025.04.10-16.39.11:423][  0]LogTextLocalizationResource: LocRes '../../../Engine/Content/Localization/ToolTips/ru/ToolTips.locres' could not be opened for reading!
[2025.04.10-16.39.11:423][  0]LogTextLocalizationResource: LocRes '../../../Engine/Content/Localization/PropertyNames/ru/PropertyNames.locres' could not be opened for reading!
[2025.04.10-16.39.11:423][  0]LogTextLocalizationResource: LocRes '../../../Engine/Content/Localization/Engine/ru/Engine.locres' could not be opened for reading!
[2025.04.10-16.39.11:423][  0]LogInit: Setting process to per monitor DPI aware
[2025.04.10-16.39.11:437][  0]LogWindowsTextInputMethodSystem: Display: IME system deactivated.
[2025.04.10-16.39.11:453][  0]LogSlate: New Slate User Created.  User Index 0, Is Virtual User: 0
[2025.04.10-16.39.11:453][  0]LogSlate: Slate User Registered.  User Index 0, Is Virtual User: 0
[2025.04.10-16.39.11:573][  0]LogD3D11RHI: Loaded GFSDK_Aftermath_Lib.x64.dll
[2025.04.10-16.39.11:586][  0]LogHMD: Failed to enumerate extensions. Please check that you have a valid OpenXR runtime installed.
[2025.04.10-16.39.11:586][  0]LogD3D11RHI: D3D11 min allowed feature level: 11_0
[2025.04.10-16.39.11:586][  0]LogD3D11RHI: D3D11 max allowed feature level: 11_0
[2025.04.10-16.39.11:586][  0]LogD3D11RHI: D3D11 adapters:
[2025.04.10-16.39.11:734][  0]LogD3D11RHI:    0. 'NVIDIA GeForce RTX 3050 Laptop GPU' (Feature Level 11_0)
[2025.04.10-16.39.11:734][  0]LogD3D11RHI:       3964/0/16234 MB DedicatedVideo/DedicatedSystem/SharedSystem, Outputs:1, VendorId:0x10de
[2025.04.10-16.39.11:766][  0]LogD3D11RHI:    1. 'Intel(R) UHD Graphics' (Feature Level 11_0)
[2025.04.10-16.39.11:767][  0]LogD3D11RHI:       128/0/16234 MB DedicatedVideo/DedicatedSystem/SharedSystem, Outputs:0, VendorId:0x8086
[2025.04.10-16.39.11:768][  0]LogD3D11RHI:    2. 'Microsoft Basic Render Driver' (Feature Level 11_0)
[2025.04.10-16.39.11:768][  0]LogD3D11RHI:       0/0/16234 MB DedicatedVideo/DedicatedSystem/SharedSystem, Outputs:0, VendorId:0x1414
[2025.04.10-16.39.11:768][  0]LogD3D11RHI: Chosen D3D11 Adapter:
[2025.04.10-16.39.11:768][  0]LogD3D11RHI:     Description : NVIDIA GeForce RTX 3050 Laptop GPU
[2025.04.10-16.39.11:768][  0]LogD3D11RHI:     VendorId    : 10de
[2025.04.10-16.39.11:768][  0]LogD3D11RHI:     DeviceId    : 25a2
[2025.04.10-16.39.11:768][  0]LogD3D11RHI:     SubSysId    : 12eb1462
[2025.04.10-16.39.11:768][  0]LogD3D11RHI:     Revision    : 00a1
[2025.04.10-16.39.11:768][  0]LogD3D11RHI:     DedicatedVideoMemory : 4156555264 bytes
[2025.04.10-16.39.11:768][  0]LogD3D11RHI:     DedicatedSystemMemory : 0 bytes
[2025.04.10-16.39.11:768][  0]LogD3D11RHI:     SharedSystemMemory : 17023371264 bytes
[2025.04.10-16.39.11:768][  0]LogD3D11RHI:     AdapterLuid : 0 71715
[2025.04.10-16.39.11:773][  0]LogD3D11RHI: Creating new Direct3DDevice
[2025.04.10-16.39.11:773][  0]LogD3D11RHI:     GPU DeviceId: 0x25a2 (for the marketing name, search the web for "GPU Device Id")
[2025.04.10-16.39.11:773][  0]LogWindows: EnumDisplayDevices:
[2025.04.10-16.39.11:773][  0]LogWindows:    0. 'Intel(R) UHD Graphics' (P:1 D:1)
[2025.04.10-16.39.11:773][  0]LogWindows:    1. 'Intel(R) UHD Graphics' (P:0 D:0)
[2025.04.10-16.39.11:773][  0]LogWindows:    2. 'Intel(R) UHD Graphics' (P:0 D:0)
[2025.04.10-16.39.11:773][  0]LogWindows:    3. 'Intel(R) UHD Graphics' (P:0 D:0)
[2025.04.10-16.39.11:774][  0]LogWindows: DebugString: PrimaryIsNotTheChoosenAdapter PrimaryIsNotTheChoosenAdapter PrimaryIsNotTheChoosenAdapter PrimaryIsNotTheChoosenAdapter FoundDriverCount:0 
[2025.04.10-16.39.11:774][  0]LogD3D11RHI:     Adapter Name: NVIDIA GeForce RTX 3050 Laptop GPU
[2025.04.10-16.39.11:774][  0]LogD3D11RHI:   Driver Version: Unknown (internal:Unknown, unified:Unknown)
[2025.04.10-16.39.11:774][  0]LogD3D11RHI:      Driver Date: Unknown
[2025.04.10-16.39.11:774][  0]LogRHI: Texture pool is 2774 MB (70% of 3964 MB)
[2025.04.10-16.39.11:774][  0]LogD3D11RHI: Creating D3DDevice using adapter:
[2025.04.10-16.39.11:774][  0]LogD3D11RHI:     Description : NVIDIA GeForce RTX 3050 Laptop GPU
[2025.04.10-16.39.11:774][  0]LogD3D11RHI:     VendorId    : 10de
[2025.04.10-16.39.11:774][  0]LogD3D11RHI:     DeviceId    : 25a2
[2025.04.10-16.39.11:774][  0]LogD3D11RHI:     SubSysId    : 12eb1462
[2025.04.10-16.39.11:774][  0]LogD3D11RHI:     Revision    : 00a1
[2025.04.10-16.39.11:774][  0]LogD3D11RHI:     DedicatedVideoMemory : 4156555264 bytes
[2025.04.10-16.39.11:774][  0]LogD3D11RHI:     DedicatedSystemMemory : 0 bytes
[2025.04.10-16.39.11:774][  0]LogD3D11RHI:     SharedSystemMemory : 17023371264 bytes
[2025.04.10-16.39.11:774][  0]LogD3D11RHI:     AdapterLuid : 0 71715
[2025.04.10-16.39.11:868][  0]LogD3D11RHI: RHI has support for 64 bit atomics
[2025.04.10-16.39.11:868][  0]LogD3D11RHI: Async texture creation enabled
[2025.04.10-16.39.11:868][  0]LogD3D11RHI: Array index from any shader is supported
[2025.04.10-16.39.11:887][  0]LogD3D11RHI: GPU Timing Frequency: 1000.000000 (Debug: 2 2)
[2025.04.10-16.39.11:914][  0]LogRHI: GeForceNow SDK initialized: 1
[2025.04.10-16.39.14:251][  0]LogTargetPlatformManager: Display: Loaded TargetPlatform 'AllDesktop'
[2025.04.10-16.39.14:268][  0]LogTargetPlatformManager: Display: Loaded TargetPlatform 'Android'
[2025.04.10-16.39.14:268][  0]LogTargetPlatformManager: Display: Loaded TargetPlatform 'Android_ASTC'
[2025.04.10-16.39.14:268][  0]LogTargetPlatformManager: Display: Loaded TargetPlatform 'Android_DXT'
[2025.04.10-16.39.14:268][  0]LogTargetPlatformManager: Display: Loaded TargetPlatform 'Android_ETC2'
[2025.04.10-16.39.14:268][  0]LogTargetPlatformManager: Display: Loaded TargetPlatform 'AndroidClient'
[2025.04.10-16.39.14:268][  0]LogTargetPlatformManager: Display: Loaded TargetPlatform 'Android_ASTCClient'
[2025.04.10-16.39.14:268][  0]LogTargetPlatformManager: Display: Loaded TargetPlatform 'Android_DXTClient'
[2025.04.10-16.39.14:268][  0]LogTargetPlatformManager: Display: Loaded TargetPlatform 'Android_ETC2Client'
[2025.04.10-16.39.14:268][  0]LogTargetPlatformManager: Display: Loaded TargetPlatform 'Android_Multi'
[2025.04.10-16.39.14:268][  0]LogTargetPlatformManager: Display: Loaded TargetPlatform 'Android_MultiClient'
[2025.04.10-16.39.14:281][  0]LogTargetPlatformManager: Display: Loaded TargetPlatform 'IOSClient'
[2025.04.10-16.39.14:281][  0]LogTargetPlatformManager: Display: Loaded TargetPlatform 'IOS'
[2025.04.10-16.39.14:288][  0]LogTargetPlatformManager: Display: Loaded TargetPlatform 'Linux'
[2025.04.10-16.39.14:291][  0]LogTargetPlatformManager: Display: Loaded TargetPlatform 'LinuxNoEditor'
[2025.04.10-16.39.14:294][  0]LogTargetPlatformManager: Display: Loaded TargetPlatform 'LinuxClient'
[2025.04.10-16.39.14:297][  0]LogTargetPlatformManager: Display: Loaded TargetPlatform 'LinuxServer'
[2025.04.10-16.39.14:304][  0]LogTargetPlatformManager: Display: Loaded TargetPlatform 'LinuxAArch64NoEditor'
[2025.04.10-16.39.14:306][  0]LogTargetPlatformManager: Display: Loaded TargetPlatform 'LinuxAArch64Client'
[2025.04.10-16.39.14:311][  0]LogTargetPlatformManager: Display: Loaded TargetPlatform 'LinuxAArch64Server'
[2025.04.10-16.39.14:329][  0]LogTargetPlatformManager: Display: Loaded TargetPlatform 'Lumin'
[2025.04.10-16.39.14:329][  0]LogTargetPlatformManager: Display: Loaded TargetPlatform 'LuminClient'
[2025.04.10-16.39.14:334][  0]LogTargetPlatformManager: Display: Loaded TargetPlatform 'MacNoEditor'
[2025.04.10-16.39.14:338][  0]LogTargetPlatformManager: Display: Loaded TargetPlatform 'Mac'
[2025.04.10-16.39.14:341][  0]LogTargetPlatformManager: Display: Loaded TargetPlatform 'MacClient'
[2025.04.10-16.39.14:343][  0]LogTargetPlatformManager: Display: Loaded TargetPlatform 'MacServer'
[2025.04.10-16.39.14:351][  0]LogTargetPlatformManager: Display: Loaded TargetPlatform 'TVOSClient'
[2025.04.10-16.39.14:351][  0]LogTargetPlatformManager: Display: Loaded TargetPlatform 'TVOS'
[2025.04.10-16.39.14:357][  0]LogTargetPlatformManager: Display: Loaded TargetPlatform 'WindowsNoEditor'
[2025.04.10-16.39.14:360][  0]LogTargetPlatformManager: Display: Loaded TargetPlatform 'Windows'
[2025.04.10-16.39.14:363][  0]LogTargetPlatformManager: Display: Loaded TargetPlatform 'WindowsClient'
[2025.04.10-16.39.14:366][  0]LogTargetPlatformManager: Display: Loaded TargetPlatform 'WindowsServer'
[2025.04.10-16.39.14:366][  0]LogTargetPlatformManager: Display: Building Assets For Windows
[2025.04.10-16.39.14:371][  0]LogAudioDebug: Display: Lib vorbis DLL was dynamically loaded.
[2025.04.10-16.39.14:393][  0]LogTextureFormatOodle: Display: Oodle Texture 2.9.0 init RDO Off
[2025.04.10-16.39.14:414][  0]LogRendererCore: Ray tracing is disabled. Reason: r.RayTracing=0.
[2025.04.10-16.39.14:414][  0]LogShaderCompilers: Guid format shader working directory is -19 characters bigger than the processId version (../../../../../../Users/AlisaDI/Documents/MephiTasks/UnrealProject/Intermediate/Shaders/WorkingDirectory/17240/).
[2025.04.10-16.39.14:414][  0]LogShaderCompilers: Cleaned the shader compiler working directory 'C:/Users/AlisaDI/AppData/Local/Temp/UnrealShaderWorkingDir/0001F0584568916BF0FE7490A6E85B2A/'.
[2025.04.10-16.39.14:414][  0]LogXGEController: Cannot use XGE Controller as Incredibuild is not installed on this machine.
[2025.04.10-16.39.14:414][  0]LogShaderCompilers: Cannot use XGE Shader Compiler as Incredibuild is not installed on this machine.
[2025.04.10-16.39.14:414][  0]LogShaderCompilers: Display: Using Local Shader Compiler.
[2025.04.10-16.39.15:006][  0]LogDerivedDataCache: Display: Max Cache Size: 512 MB
[2025.04.10-16.39.15:061][  0]LogDerivedDataCache: Loaded boot cache 0.05s 122MB C:/Users/AlisaDI/AppData/Local/UnrealEngine/4.27/DerivedDataCache/Boot.ddc.
[2025.04.10-16.39.15:061][  0]LogDerivedDataCache: Display: Loaded Boot cache: C:/Users/AlisaDI/AppData/Local/UnrealEngine/4.27/DerivedDataCache/Boot.ddc
[2025.04.10-16.39.15:061][  0]LogDerivedDataCache: FDerivedDataBackendGraph:  Pak pak cache file ../../../../../../Users/AlisaDI/Documents/MephiTasks/UnrealProject/DerivedDataCache/DDC.ddp not found, will not use a pak cache.
[2025.04.10-16.39.15:061][  0]LogDerivedDataCache: Unable to find inner node Pak for hierarchical cache Hierarchy.
[2025.04.10-16.39.15:061][  0]LogDerivedDataCache: FDerivedDataBackendGraph:  CompressedPak pak cache file ../../../../../../Users/AlisaDI/Documents/MephiTasks/UnrealProject/DerivedDataCache/Compressed.ddp not found, will not use a pak cache.
[2025.04.10-16.39.15:061][  0]LogDerivedDataCache: Unable to find inner node CompressedPak for hierarchical cache Hierarchy.
[2025.04.10-16.39.15:075][  0]LogDerivedDataCache: Display: Pak cache opened for reading ../../../Engine/DerivedDataCache/Compressed.ddp.
[2025.04.10-16.39.15:075][  0]LogDerivedDataCache: FDerivedDataBackendGraph:  EnterprisePak pak cache file ../../../Enterprise/DerivedDataCache/Compressed.ddp not found, will not use a pak cache.
[2025.04.10-16.39.15:075][  0]LogDerivedDataCache: Unable to find inner node EnterprisePak for hierarchical cache Hierarchy.
[2025.04.10-16.39.15:081][  0]LogDerivedDataCache: Speed tests for C:/Users/AlisaDI/AppData/Local/UnrealEngine/Common/DerivedDataCache took 0.01 seconds
[2025.04.10-16.39.15:081][  0]LogDerivedDataCache: Display: Performance to C:/Users/AlisaDI/AppData/Local/UnrealEngine/Common/DerivedDataCache: Latency=0.02ms. RandomReadSpeed=1475.23MBs, RandomWriteSpeed=190.11MBs. Assigned SpeedClass 'Local'
[2025.04.10-16.39.15:082][  0]LogDerivedDataCache: Using Local data cache path C:/Users/AlisaDI/AppData/Local/UnrealEngine/Common/DerivedDataCache: Writable
[2025.04.10-16.39.15:082][  0]LogDerivedDataCache: Shared data cache path not found in *engine.ini, will not use an Shared cache.
[2025.04.10-16.39.15:082][  0]LogDerivedDataCache: Unable to find inner node Shared for hierarchical cache Hierarchy.
[2025.04.10-16.39.15:131][  0]LogSlate: Using FreeType 2.10.0
[2025.04.10-16.39.15:131][  0]LogSlate: SlateFontServices - WITH_FREETYPE: 1, WITH_HARFBUZZ: 1
[2025.04.10-16.39.15:131][  0]LogHMD: Failed to enumerate extensions. Please check that you have a valid OpenXR runtime installed.
[2025.04.10-16.39.15:159][  0]LogAssetRegistry: FAssetRegistry took 0.0024 seconds to start up
[2025.04.10-16.39.15:350][  0]LogInit: Selected Device Profile: [Windows]
[2025.04.10-16.39.15:350][  0]LogInit: Active device profile: [000001FEA181DE00][000001FE9FA54F80 49] Windows
[2025.04.10-16.39.15:350][  0]LogInit: Profiles: [000001FEA181DE00][000001FE9FA54F80 49] Windows, [000001FEA17EF800][000001FE9FA590C0 49] WindowsNoEditor, [000001FEA181DC00][000001FE9FA61240 49] WindowsServer, [000001FEA17EC300][000001FE9FA653C0 49] WindowsClient, [000001FEA181C400][000001FE9FA69540 49] IOS, [000001FEA17EFF00][000001FE9FA6D6C0 49] iPadAir, [000001FEA181D400][000001FE9FA71840 49] iPadAir2, [000001FEA1795500][000001FE9FA79B00 49] IPadPro, [000001FEA1795600][000001FE9FA75B40 49] iPadAir3, [000001FEA181F800][000001FE9FA7C140 49] iPadAir4, [000001FEA1797000][000001FE9FA802C0 49] iPadMini2, [000001FEA181CC00][000001FE9FA84440 49] iPadMini3, [000001FEA1795E00][000001FE9FA885C0 49] iPadMini4, [000001FEA181E800][000001FE9FA8C740 49] iPadMini5, [000001FEA17ACE00][000001FE9FA94A00 49] iPhone6, [000001FEA17ACF00][000001FE9FA90A40 49] iPodTouch6, [000001FEA17EF400][000001FE9FA9CD00 49] iPhone7, [000001FEA17EFD00][000001FE9FA98D40 49] iPodTouch7, [000001FEA17AC200][000001FE9FAA0EC0 49] iPhone5S, [000001FEA1797F00][000001FE9FA5D000 49] iPhone6Plus, [000001FEA17AEE00][000001FE9FAA5140 49] iPhone6S, [000001FEA1795200][000001FE9FAA9280 49] iPhone6SPlus, [000001FEA17ED600][000001FE9FAAD3C0 49] iPhone7Plus, [000001FEA1796500][000001FEA1C83540 49] iPhoneSE, [000001FEA17EE700][000001FEA1C876C0 49] iPhone8, [000001FEA1794600][000001FEA1C8B840 49] iPhone8Plus, [000001FEA17ECE00][000001FEA1C8F9C0 49] iPhoneX, [000001FEA1794D00][000001FEA1C93B40 49] iPhoneXS, [000001FEA17EFB00][000001FEA1C96140 49] iPhoneXSMax, [000001FEA1794F00][000001FEA1C9A2C0 49] iPhoneXR, [000001FEA17EEE00][000001FEA1C9E440 49] iPhone11, [000001FEA1797900][000001FEA1CA25C0 49] iPhone11Pro, [000001FEA17EC200][000001FEA1CA6740 49] iPhone11ProMax, [000001FEA1797800][000001FEA1CAA8C0 49] iPhoneSE2, [000001FEA17EE200][000001FEA1CAEA40 49] iPhone12Mini, [000001FEA1794300][000001FEA1CB2BC0 49] iPhone12, [000001FEA17EF300][000001FEA1CB6D40 49] iPhone12Pro, [000001FEA1794200][000001FEA1CBAEC0 49] iPhone12ProMax, [000001FEA17EDF00][000001FEA1CBF040 49] iPadPro105, [000001FEA1795F00][000001FEA1C7F180 49] iPadPro129, [000001FEA17EC800][000001FEA1D372C0 49] iPadPro97, [000001FEA1794900][000001FEA1D43400 49] iPadPro2_129, [000001FEA17EEB00][000001FE9C579540 49] iPad5, [000001FEA1797C00][000001FE9C58D6C0 49] iPad6, [000001FEA17EC500][000001FE9C495840 49] iPad7, [000001FEA1795100][000001FE9C5CD9C0 49] iPad8, [000001FEA17EE100][000001FEA1E6BB40 49] iPadPro11, [000001FEA1794500][000001FEA1E6E140 49] iPadPro2_11, [000001FEA17ED400][000001FEA1E722C0 49] iPadPro3_129, [000001FEA1796800][000001FEA1E76440 49] iPadPro4_129, [000001FEA17EDB00][000001FEA1E7A5C0 49] AppleTV, [000001FEA1797600][000001FEA1E7E740 49] AppleTV4K, [000001FEA17EFA00][000001FEA1E828C0 49] TVOS, [000001FEA1796600][000001FEA1E86A40 49] Mac, [000001FEA17ED800][000001FEA1E8ABC0 49] MacClient, [000001FEA1797E00][000001FEA1E8ED40 49] MacNoEditor, [000001FEA17EC100][000001FEA1E92EC0 49] MacServer, [000001FEA1794800][000001FEA1E97040 49] Linux, [000001FEA17ECC00][000001FEA1E9B1C0 49] LinuxAArch64, [000001FEA1796B00][000001FEA1E9F340 49] LinuxNoEditor, [000001FEA17ECF00][000001FE9C581480 49] LinuxAArch64NoEditor, [000001FEA1795A00][000001FEA1EA35C0 49] LinuxClient, [000001FEA17ECB00][000001FEA1EA7700 49] LinuxAArch64Client, [000001FEA1796F00][000001FEA1EAF880 49] LinuxServer, [000001FEA17ED000][000001FEA1EB3A00 49] LinuxAArch64Server, [000001FEA1795D00][000001FEA1EB7B80 49] Android, [000001FEA17EF200][000001FEA1EBA180 49] Android_Low, [000001FEA1794700][000001FEA228C300 49] Android_Mid, [000001FEA17EF500][000001FEA2290480 49] Android_High, [000001FEA1796200][000001FEA2294600 49] Android_Default, [000001FEA181E600][000001FEA2298780 49] Android_Adreno4xx, [000001FEA17AFB00][000001FEA229C900 49] Android_Adreno5xx_Low, [000001FEA181C800][000001FEA22A0A80 49] Android_Adreno5xx, [000001FEA17AF400][000001FEA22A4C00 49] Android_Adreno6xx, [000001FEA181E900][000001FEA22A8D80 49] Android_Adreno6xx_Vulkan, [000001FEA17ACC00][000001FEA22ACF00 49] Android_Mali_T6xx, [000001FEA181F100][000001FEA22B1080 49] Android_Mali_T7xx, [000001FEA17AF500][000001FEA22B5200 49] Android_Mali_T8xx, [000001FEA181D100][000001FEA22B9380 49] Android_Mali_G71, [000001FEA17AC100][000001FEA22BD500 49] Android_Mali_G72, [000001FEA181C700][000001FEA1EAB640 49] Android_Mali_G72_Vulkan, [000001FEA17ACD00][000001FEA22C1780 49] Android_Mali_G76, [000001FEA181FA00][000001FEA22C58C0 49] Android_Mali_G76_Vulkan, [000001FEA17AF900][000001FEA22CDA40 49] Android_Mali_G77, [000001FEA181F000][000001FEA1E17BC0 49] Android_Mali_G77_Vulkan, [000001FEA17AEC00][000001FEA1E1A1C0 49] Android_Mali_G78, [000001FEA181EC00][000001FEA1E1E340 49] Android_Mali_G78_Vulkan, [000001FEA17AE300][000001FEA1E224C0 49] Android_Mali_G710, [000001FEA181E000][000001FEA1E26640 49] Android_Mali_G710_Vulkan, [000001FEA17ACA00][000001FEA1E2A7C0 49] Android_Vulkan_SM5, [000001FEA181F500][000001FEA1E2E940 49] Android_PowerVR_G6xxx, [000001FEA17AD200][000001FEA1E32AC0 49] Android_PowerVR_GT7xxx, [000001FEA181C200][000001FEA1E36C40 49] Android_PowerVR_GE8xxx, [000001FEA17ACB00][000001FEA1E3ADC0 49] Android_PowerVR_GM9xxx, [000001FEA181E300][000001FEA1E3EF40 49] Android_PowerVR_GM9xxx_Vulkan, [000001FEA1796E00][000001FEA1E430C0 49] Android_TegraK1, [000001FEA181D500][000001FEA1E47240 49] Android_Unknown_Vulkan, [000001FEA1796A00][000001FEA1E4B3C0 49] Lumin, [000001FEA181D200][000001FEA1E4F540 49] Lumin_Desktop, [000001FEA1795900][000001FEA1E536C0 49] HoloLens, 
[2025.04.10-16.39.15:449][  0]LogMeshReduction: Using QuadricMeshReduction for automatic static mesh reduction
[2025.04.10-16.39.15:449][  0]LogMeshReduction: Using SimplygonMeshReduction for automatic skeletal mesh reduction
[2025.04.10-16.39.15:449][  0]LogMeshReduction: Using ProxyLODMeshReduction for automatic mesh merging
[2025.04.10-16.39.15:449][  0]LogMeshReduction: No distributed automatic mesh merging module available
[2025.04.10-16.39.15:449][  0]LogMeshMerging: No distributed automatic mesh merging module available
[2025.04.10-16.39.15:464][  0]LogNetVersion: MyProject 1.0.0, NetCL: 17155196, EngineNetVer: 17, GameNetVer: 0 (Checksum: 3629800737)
[2025.04.10-16.39.15:799][  0]LogTexture: Default maximum texture size for cubemaps generated from long-lat sources has been changed from 512 to unlimited. In order to preserve old behaiour for '/Engine/MapTemplates/Sky/DaylightAmbientCubemap.DaylightAmbientCubemap', its maximum texture size has been explicitly set to 512.
[2025.04.10-16.39.15:847][  0]LogUObjectArray: 17012 objects as part of root set at end of initial load.
[2025.04.10-16.39.15:847][  0]LogUObjectAllocator: 4257360 out of 0 bytes used by permanent object pool.
[2025.04.10-16.39.15:847][  0]LogUObjectArray: CloseDisregardForGC: 0/0 objects in disregard for GC pool
[2025.04.10-16.39.16:038][  0]LogNiagaraDebuggerClient: Niagara Debugger Client Initialized | Session: 7E2E533A4C1F46A3B7FCE59C51CCAA94 | Instance: CFB5665946D950C12E0650983097101A (DESKTOP-N5SQRU4-17240).
[2025.04.10-16.39.16:131][  0]LogPython: Using Python 3.7.7
[2025.04.10-16.39.16:526][  0]LogUdpMessaging: Initializing bridge on interface 0.0.0.0:0 to multicast group 230.0.0.1:6666.
[2025.04.10-16.39.16:532][  0]LogTcpMessaging: Initializing TcpMessaging bridge
[2025.04.10-16.39.16:675][  0]SourceControl: Source control is disabled
[2025.04.10-16.39.16:675][  0]SourceControl: Source control is disabled
[2025.04.10-16.39.16:683][  0]SourceControl: Source control is disabled
[2025.04.10-16.39.16:685][  0]SourceControl: Source control is disabled
[2025.04.10-16.39.16:687][  0]SourceControl: Source control is disabled
[2025.04.10-16.39.16:708][  0]LogUProjectInfo: Found projects:
[2025.04.10-16.39.16:712][  0]LogVSAccessor: Display: Unable to create Visual Studio setup instance: 80040154
[2025.04.10-16.39.16:712][  0]LogVSAccessor: Display: Unable to create Visual Studio setup instance: 80040154
[2025.04.10-16.39.16:712][  0]LogVSAccessor: Display: Unable to create Visual Studio setup instance: 80040154
[2025.04.10-16.39.16:784][  0]LogOpenImageDenoise: OIDN starting up
[2025.04.10-16.39.16:819][  0]LogAndroidPermission: UAndroidPermissionCallbackProxy::GetInstance
[2025.04.10-16.39.16:835][  0]LogAudioCaptureCore: Display: No Audio Capture implementations found. Audio input will be silent.
[2025.04.10-16.39.16:835][  0]LogAudioCaptureCore: Display: No Audio Capture implementations found. Audio input will be silent.
[2025.04.10-16.39.16:931][  0]LogCollectionManager: Loaded 0 collections in 0.001292 seconds
[2025.04.10-16.39.16:978][  0]LogFileCache: Scanning file cache for directory 'C:/Users/AlisaDI/Documents/MephiTasks/UnrealProject/Saved/Collections/' took 0.00s
[2025.04.10-16.39.16:978][  0]LogFileCache: Scanning file cache for directory 'C:/Users/AlisaDI/Documents/MephiTasks/UnrealProject/Content/Developers/AlisaDI/Collections/' took 0.00s
[2025.04.10-16.39.16:978][  0]LogFileCache: Scanning file cache for directory 'C:/Users/AlisaDI/Documents/MephiTasks/UnrealProject/Content/Collections/' took 0.00s
[2025.04.10-16.39.16:978][  0]LogEngine: Initializing Engine...
[2025.04.10-16.39.16:979][  0]LogHMD: Failed to enumerate extensions. Please check that you have a valid OpenXR runtime installed.
[2025.04.10-16.39.16:979][  0]LogMagicLeap: Warning: VR disabled because ZI is not enabled.  To enable, in the editor, Edit -> Project Settings -> Plugins -> Magic Leap Plugin -> Enable Zero Iteration
[2025.04.10-16.39.16:980][  0]LogStats: UGameplayTagsManager::InitializeManager -  0.000 s
[2025.04.10-16.39.17:070][  0]LogInit: Initializing FReadOnlyCVARCache
[2025.04.10-16.39.17:077][  0]LogAIModule: Creating AISystem for world Untitled
[2025.04.10-16.39.17:083][  0]LogAudio: Display: Initializing Audio Device Manager...
[2025.04.10-16.39.17:086][  0]LogAudio: Display: Loading Default Audio Settings Objects...
[2025.04.10-16.39.17:086][  0]LogAudio: Display: No default SoundConcurrencyObject specified (or failed to load).
[2025.04.10-16.39.17:086][  0]LogAudio: Display: Audio Device Manager Initialized
[2025.04.10-16.39.17:087][  0]LogAudio: Display: Creating Audio Device:                 Id: 1, Scope: Shared, Realtime: True
[2025.04.10-16.39.17:087][  0]LogAudioMixer: Display: Audio Mixer Platform Settings:
[2025.04.10-16.39.17:087][  0]LogAudioMixer: Display: 	Sample Rate:						  48000
[2025.04.10-16.39.17:087][  0]LogAudioMixer: Display: 	Callback Buffer Frame Size Requested: 1024
[2025.04.10-16.39.17:087][  0]LogAudioMixer: Display: 	Callback Buffer Frame Size To Use:	  1024
[2025.04.10-16.39.17:087][  0]LogAudioMixer: Display: 	Number of buffers to queue:			  1
[2025.04.10-16.39.17:087][  0]LogAudioMixer: Display: 	Max Channels (voices):				  0
[2025.04.10-16.39.17:087][  0]LogAudioMixer: Display: 	Number of Async Source Workers:		  4
[2025.04.10-16.39.17:087][  0]LogAudio: Display: AudioDevice MaxSources: 32
[2025.04.10-16.39.17:087][  0]LogAudio: Display: Audio Spatialization Plugin: Resonance Audio is external send: 1
[2025.04.10-16.39.17:087][  0]LogAudio: Display: Audio Reverb Plugin: Resonance Audio
[2025.04.10-16.39.17:087][  0]LogAudio: Display: Audio Occlusion Plugin: None (built-in).
[2025.04.10-16.39.17:087][  0]LogAudioMixer: Display: Initializing audio mixer.
[2025.04.10-16.39.17:098][  0]LogAudioMixer: Display: 0: FrontLeft
[2025.04.10-16.39.17:098][  0]LogAudioMixer: Display: 1: FrontRight
[2025.04.10-16.39.17:317][  0]LogAudioMixer: Display: Using Audio Device Динамики (Realtek(R) Audio)
[2025.04.10-16.39.17:319][  0]LogAudioMixer: Display: Initializing Sound Submixes...
[2025.04.10-16.39.17:320][  0]LogAudioMixer: Display: Creating Master Submix 'MasterSubmixDefault'
[2025.04.10-16.39.17:320][  0]LogAudioMixer: Display: Creating Master Submix 'MasterReverbSubmixDefault'
[2025.04.10-16.39.17:321][  0]LogAudioMixer: Display: Creating Master Submix 'MasterEQSubmixDefault'
[2025.04.10-16.39.17:321][  0]LogAudioMixer: FMixerPlatformXAudio2::StartAudioStream() called
[2025.04.10-16.39.17:321][  0]LogAudioMixer: Display: Output buffers initialized: Frames=1024, Channels=2, Samples=2048
[2025.04.10-16.39.17:322][  0]LogAudioMixer: Display: Starting AudioMixerPlatformInterface::RunInternal()
[2025.04.10-16.39.17:322][  0]LogAudioMixer: Display: FMixerPlatformXAudio2::SubmitBuffer() called for the first time
[2025.04.10-16.39.17:322][  0]LogInit: FAudioDevice initialized.
[2025.04.10-16.39.17:322][  0]LogAudio: Display: Audio Device (ID: 1) registered with world 'Untitled'.
[2025.04.10-16.39.17:322][  0]LogNetVersion: Set ProjectVersion to 1.0.0.0. Version Checksum will be recalculated on next use.
[2025.04.10-16.39.17:380][  0]LogDerivedDataCache: Saved boot cache 0.06s 122MB C:/Users/AlisaDI/AppData/Local/UnrealEngine/4.27/DerivedDataCache/Boot.ddc.
[2025.04.10-16.39.17:382][  0]LogInit: Texture streaming: Enabled
[2025.04.10-16.39.17:391][  0]LogAnalytics: Display: [UEEditor.Rocket.Release] APIServer = https://datarouter.ol.epicgames.com/. AppVersion = 4.27.2-18319896+++UE4+Release-4.27
[2025.04.10-16.39.17:393][  0]LogEngineSessionManager: EngineSessionManager initialized
[2025.04.10-16.39.17:393][  0]LogEditorSessionSummary: Verbose: Initializing EditorSessionSummaryWriter for editor session tracking
[2025.04.10-16.39.17:394][  0]LogEditorSessionSummary: EditorSessionSummaryWriter initialized
[2025.04.10-16.39.17:415][  0]LogInit: Transaction tracking system initialized
[2025.04.10-16.39.17:432][  0]BlueprintLog: New page: Editor Load
[2025.04.10-16.39.17:474][  0]LocalizationService: Localization service is disabled
[2025.04.10-16.39.17:490][  0]TimingProfiler: Initialize
[2025.04.10-16.39.17:491][  0]TimingProfiler: OnSessionChanged
[2025.04.10-16.39.17:491][  0]LoadingProfiler: Initialize
[2025.04.10-16.39.17:491][  0]LoadingProfiler: OnSessionChanged
[2025.04.10-16.39.17:491][  0]NetworkingProfiler: Initialize
[2025.04.10-16.39.17:491][  0]NetworkingProfiler: OnSessionChanged
[2025.04.10-16.39.17:491][  0]MemoryProfiler: Initialize
[2025.04.10-16.39.17:491][  0]MemoryProfiler: OnSessionChanged
[2025.04.10-16.39.17:538][  0]LogVSAccessor: Display: Unable to create Visual Studio setup instance: 80040154
[2025.04.10-16.39.17:539][  0]LogVSAccessor: Display: Unable to create Visual Studio setup instance: 80040154
[2025.04.10-16.39.17:540][  0]LogVSAccessor: Display: Unable to create Visual Studio setup instance: 80040154
[2025.04.10-16.39.17:619][  0]LogCook: Display: CookSettings for Memory: MemoryMaxUsedVirtual 0MiB, MemoryMaxUsedPhysical 16384MiB, MemoryMinFreeVirtual 0MiB, MemoryMinFreePhysical 1024MiB
[2025.04.10-16.39.17:619][  0]LogCook: Display: Mobile HDR setting 0
[2025.04.10-16.39.17:776][  0]LogFileCache: Scanning file cache for directory 'C:/Users/AlisaDI/Documents/MephiTasks/UnrealProject/Content/' took 0.00s
[2025.04.10-16.39.17:776][  0]LogInit: Display: Engine is initialized. Leaving FEngineLoop::Init()
[2025.04.10-16.39.17:779][  0]SourceControl: Source control is disabled
[2025.04.10-16.39.17:779][  0]LogUnrealEdMisc: Loading editor; pre map load, took 7.339
[2025.04.10-16.39.17:779][  0]Cmd: MAP LOAD FILE="../../../../../../Users/AlisaDI/Documents/MephiTasks/UnrealProject/Content/VRTemplate/Maps/VRTemplateMap.umap" TEMPLATE=0 SHOWPROGRESS=1 FEATURELEVEL=3
[2025.04.10-16.39.17:779][  0]LightingResults: New page: Lighting Build
[2025.04.10-16.39.17:780][  0]LogWorld: UWorld::CleanupWorld for Untitled, bSessionEnded=true, bCleanupResources=true
[2025.04.10-16.39.17:781][  0]LogSlate: InvalidateAllWidgets triggered.  All widgets were invalidated
[2025.04.10-16.39.17:781][  0]MapCheck: New page: Map Check
[2025.04.10-16.39.17:781][  0]LightingResults: New page: Lighting Build
[2025.04.10-16.39.17:787][  0]LogAudio: Display: Audio Device unregistered from world 'None'.
[2025.04.10-16.39.17:790][  0]LogUObjectHash: Compacting FUObjectHashTables data took   0.61ms
[2025.04.10-16.39.18:300][  0]LogAudio: Display: Audio Device (ID: 1) registered with world 'VRTemplateMap'.
[2025.04.10-16.39.18:300][  0]LogAIModule: Creating AISystem for world VRTemplateMap
[2025.04.10-16.39.18:311][  0]LogEditorServer: Finished looking for orphan Actors (0.000 secs)
[2025.04.10-16.39.18:324][  0]LogUObjectHash: Compacting FUObjectHashTables data took   1.93ms
[2025.04.10-16.39.18:325][  0]Cmd: MAP CHECKDEP NOCLEARLOG
[2025.04.10-16.39.18:325][  0]MapCheck: Map check complete: 0 Error(s), 0 Warning(s), took 0,244ms to complete.
[2025.04.10-16.39.18:326][  0]LogFileHelpers: Loading map 'VRTemplateMap' took 0.547
[2025.04.10-16.39.18:329][  0]LogUnrealEdMisc: Total Editor Startup Time, took 7.888
[2025.04.10-16.39.18:431][  0]LogSlate: Updating window title bar state: overlay mode, drag disabled, window buttons hidden, title bar hidden
[2025.04.10-16.39.18:436][  0]LogSlate: Updating window title bar state: overlay mode, drag disabled, window buttons hidden, title bar hidden
[2025.04.10-16.39.18:441][  0]LogSlate: Updating window title bar state: overlay mode, drag disabled, window buttons hidden, title bar hidden
[2025.04.10-16.39.18:446][  0]LogSlate: Updating window title bar state: overlay mode, drag disabled, window buttons hidden, title bar hidden
[2025.04.10-16.39.18:458][  0]LogNativeClassHierarchy: Verbose: Native class hierarchy populated in 0.0086 seconds. Added 3809 classes and 916 folders.
[2025.04.10-16.39.18:460][  0]LogNativeClassHierarchy: Verbose: Native class hierarchy updated for 'WidgetCarousel' in 0.0002 seconds. Added 0 classes and 0 folders.
[2025.04.10-16.39.18:462][  0]LogPakFile: PakFile PrimaryIndexSize=187
[2025.04.10-16.39.18:462][  0]LogPakFile: PakFile PathHashIndexSize=101
[2025.04.10-16.39.18:462][  0]LogPakFile: PakFile FullDirectoryIndexSize=148
[2025.04.10-16.39.18:462][  0]LogShaderLibrary: Display: ShaderCodeLibraryPakFileMountedCallback: PakFile 'C:/Program Files/Epic Games/UE_4.27/FeaturePacks/FP_FirstPerson.upack' (chunk index -1, root 'root:/') mounted
[2025.04.10-16.39.18:462][  0]LogShaderLibrary: Display: ShaderCodeLibraryPakFileMountedCallback: pending pak file info (ChunkID:-1 Root:root:/ File:C:/Program Files/Epic Games/UE_4.27/FeaturePacks/FP_FirstPerson.upack)
[2025.04.10-16.39.18:462][  0]LogPakFile: OnPakFileMounted2Time == 0.000056
[2025.04.10-16.39.18:462][  0]LogPakFile: PakFile PrimaryIndexSize=189
[2025.04.10-16.39.18:462][  0]LogPakFile: PakFile PathHashIndexSize=101
[2025.04.10-16.39.18:462][  0]LogPakFile: PakFile FullDirectoryIndexSize=152
[2025.04.10-16.39.18:462][  0]LogShaderLibrary: Display: ShaderCodeLibraryPakFileMountedCallback: PakFile 'C:/Program Files/Epic Games/UE_4.27/FeaturePacks/FP_FirstPersonBP.upack' (chunk index -1, root 'root:/') mounted
[2025.04.10-16.39.18:462][  0]LogShaderLibrary: Display: ShaderCodeLibraryPakFileMountedCallback: pending pak file info (ChunkID:-1 Root:root:/ File:C:/Program Files/Epic Games/UE_4.27/FeaturePacks/FP_FirstPersonBP.upack)
[2025.04.10-16.39.18:462][  0]LogPakFile: OnPakFileMounted2Time == 0.000054
[2025.04.10-16.39.18:463][  0]LogPakFile: PakFile PrimaryIndexSize=191
[2025.04.10-16.39.18:463][  0]LogPakFile: PakFile PathHashIndexSize=101
[2025.04.10-16.39.18:463][  0]LogPakFile: PakFile FullDirectoryIndexSize=160
[2025.04.10-16.39.18:463][  0]LogShaderLibrary: Display: ShaderCodeLibraryPakFileMountedCallback: PakFile 'C:/Program Files/Epic Games/UE_4.27/FeaturePacks/MobileStarterContent.upack' (chunk index -1, root 'root:/') mounted
[2025.04.10-16.39.18:463][  0]LogShaderLibrary: Display: ShaderCodeLibraryPakFileMountedCallback: pending pak file info (ChunkID:-1 Root:root:/ File:C:/Program Files/Epic Games/UE_4.27/FeaturePacks/MobileStarterContent.upack)
[2025.04.10-16.39.18:463][  0]LogPakFile: OnPakFileMounted2Time == 0.000025
[2025.04.10-16.39.18:463][  0]LogPakFile: PakFile PrimaryIndexSize=185
[2025.04.10-16.39.18:463][  0]LogPakFile: PakFile PathHashIndexSize=101
[2025.04.10-16.39.18:463][  0]LogPakFile: PakFile FullDirectoryIndexSize=148
[2025.04.10-16.39.18:463][  0]LogShaderLibrary: Display: ShaderCodeLibraryPakFileMountedCallback: PakFile 'C:/Program Files/Epic Games/UE_4.27/FeaturePacks/StarterContent.upack' (chunk index -1, root 'root:/') mounted
[2025.04.10-16.39.18:463][  0]LogShaderLibrary: Display: ShaderCodeLibraryPakFileMountedCallback: pending pak file info (ChunkID:-1 Root:root:/ File:C:/Program Files/Epic Games/UE_4.27/FeaturePacks/StarterContent.upack)
[2025.04.10-16.39.18:463][  0]LogPakFile: OnPakFileMounted2Time == 0.000026
[2025.04.10-16.39.18:463][  0]LogPakFile: PakFile PrimaryIndexSize=190
[2025.04.10-16.39.18:463][  0]LogPakFile: PakFile PathHashIndexSize=101
[2025.04.10-16.39.18:463][  0]LogPakFile: PakFile FullDirectoryIndexSize=154
[2025.04.10-16.39.18:463][  0]LogShaderLibrary: Display: ShaderCodeLibraryPakFileMountedCallback: PakFile 'C:/Program Files/Epic Games/UE_4.27/FeaturePacks/TP_2DSideScroller.upack' (chunk index -1, root 'root:/') mounted
[2025.04.10-16.39.18:463][  0]LogShaderLibrary: Display: ShaderCodeLibraryPakFileMountedCallback: pending pak file info (ChunkID:-1 Root:root:/ File:C:/Program Files/Epic Games/UE_4.27/FeaturePacks/TP_2DSideScroller.upack)
[2025.04.10-16.39.18:463][  0]LogPakFile: OnPakFileMounted2Time == 0.000025
[2025.04.10-16.39.18:464][  0]LogPakFile: PakFile PrimaryIndexSize=192
[2025.04.10-16.39.18:464][  0]LogPakFile: PakFile PathHashIndexSize=101
[2025.04.10-16.39.18:464][  0]LogPakFile: PakFile FullDirectoryIndexSize=158
[2025.04.10-16.39.18:464][  0]LogShaderLibrary: Display: ShaderCodeLibraryPakFileMountedCallback: PakFile 'C:/Program Files/Epic Games/UE_4.27/FeaturePacks/TP_2DSideScrollerBP.upack' (chunk index -1, root 'root:/') mounted
[2025.04.10-16.39.18:464][  0]LogShaderLibrary: Display: ShaderCodeLibraryPakFileMountedCallback: pending pak file info (ChunkID:-1 Root:root:/ File:C:/Program Files/Epic Games/UE_4.27/FeaturePacks/TP_2DSideScrollerBP.upack)
[2025.04.10-16.39.18:464][  0]LogPakFile: OnPakFileMounted2Time == 0.000027
[2025.04.10-16.39.18:464][  0]LogPakFile: PakFile PrimaryIndexSize=182
[2025.04.10-16.39.18:464][  0]LogPakFile: PakFile PathHashIndexSize=101
[2025.04.10-16.39.18:464][  0]LogPakFile: PakFile FullDirectoryIndexSize=138
[2025.04.10-16.39.18:464][  0]LogShaderLibrary: Display: ShaderCodeLibraryPakFileMountedCallback: PakFile 'C:/Program Files/Epic Games/UE_4.27/FeaturePacks/TP_Flying.upack' (chunk index -1, root 'root:/') mounted
[2025.04.10-16.39.18:464][  0]LogShaderLibrary: Display: ShaderCodeLibraryPakFileMountedCallback: pending pak file info (ChunkID:-1 Root:root:/ File:C:/Program Files/Epic Games/UE_4.27/FeaturePacks/TP_Flying.upack)
[2025.04.10-16.39.18:464][  0]LogPakFile: OnPakFileMounted2Time == 0.000025
[2025.04.10-16.39.18:465][  0]LogPakFile: PakFile PrimaryIndexSize=184
[2025.04.10-16.39.18:465][  0]LogPakFile: PakFile PathHashIndexSize=101
[2025.04.10-16.39.18:465][  0]LogPakFile: PakFile FullDirectoryIndexSize=142
[2025.04.10-16.39.18:465][  0]LogShaderLibrary: Display: ShaderCodeLibraryPakFileMountedCallback: PakFile 'C:/Program Files/Epic Games/UE_4.27/FeaturePacks/TP_FlyingBP.upack' (chunk index -1, root 'root:/') mounted
[2025.04.10-16.39.18:465][  0]LogShaderLibrary: Display: ShaderCodeLibraryPakFileMountedCallback: pending pak file info (ChunkID:-1 Root:root:/ File:C:/Program Files/Epic Games/UE_4.27/FeaturePacks/TP_FlyingBP.upack)
[2025.04.10-16.39.18:465][  0]LogPakFile: OnPakFileMounted2Time == 0.000036
[2025.04.10-16.39.18:465][  0]LogPakFile: PakFile PrimaryIndexSize=188
[2025.04.10-16.39.18:465][  0]LogPakFile: PakFile PathHashIndexSize=101
[2025.04.10-16.39.18:465][  0]LogPakFile: PakFile FullDirectoryIndexSize=150
[2025.04.10-16.39.18:465][  0]LogShaderLibrary: Display: ShaderCodeLibraryPakFileMountedCallback: PakFile 'C:/Program Files/Epic Games/UE_4.27/FeaturePacks/TP_HandheldARBP.upack' (chunk index -1, root 'root:/') mounted
[2025.04.10-16.39.18:465][  0]LogShaderLibrary: Display: ShaderCodeLibraryPakFileMountedCallback: pending pak file info (ChunkID:-1 Root:root:/ File:C:/Program Files/Epic Games/UE_4.27/FeaturePacks/TP_HandheldARBP.upack)
[2025.04.10-16.39.18:465][  0]LogPakFile: OnPakFileMounted2Time == 0.000032
[2025.04.10-16.39.18:466][  0]LogPakFile: PakFile PrimaryIndexSize=182
[2025.04.10-16.39.18:466][  0]LogPakFile: PakFile PathHashIndexSize=101
[2025.04.10-16.39.18:466][  0]LogPakFile: PakFile FullDirectoryIndexSize=138
[2025.04.10-16.39.18:466][  0]LogShaderLibrary: Display: ShaderCodeLibraryPakFileMountedCallback: PakFile 'C:/Program Files/Epic Games/UE_4.27/FeaturePacks/TP_Puzzle.upack' (chunk index -1, root 'root:/') mounted
[2025.04.10-16.39.18:466][  0]LogShaderLibrary: Display: ShaderCodeLibraryPakFileMountedCallback: pending pak file info (ChunkID:-1 Root:root:/ File:C:/Program Files/Epic Games/UE_4.27/FeaturePacks/TP_Puzzle.upack)
[2025.04.10-16.39.18:466][  0]LogPakFile: OnPakFileMounted2Time == 0.000031
[2025.04.10-16.39.18:466][  0]LogPakFile: PakFile PrimaryIndexSize=184
[2025.04.10-16.39.18:466][  0]LogPakFile: PakFile PathHashIndexSize=101
[2025.04.10-16.39.18:466][  0]LogPakFile: PakFile FullDirectoryIndexSize=142
[2025.04.10-16.39.18:466][  0]LogShaderLibrary: Display: ShaderCodeLibraryPakFileMountedCallback: PakFile 'C:/Program Files/Epic Games/UE_4.27/FeaturePacks/TP_PuzzleBP.upack' (chunk index -1, root 'root:/') mounted
[2025.04.10-16.39.18:466][  0]LogShaderLibrary: Display: ShaderCodeLibraryPakFileMountedCallback: pending pak file info (ChunkID:-1 Root:root:/ File:C:/Program Files/Epic Games/UE_4.27/FeaturePacks/TP_PuzzleBP.upack)
[2025.04.10-16.39.18:466][  0]LogPakFile: OnPakFileMounted2Time == 0.000033
[2025.04.10-16.39.18:467][  0]LogPakFile: PakFile PrimaryIndexSize=183
[2025.04.10-16.39.18:467][  0]LogPakFile: PakFile PathHashIndexSize=101
[2025.04.10-16.39.18:467][  0]LogPakFile: PakFile FullDirectoryIndexSize=140
[2025.04.10-16.39.18:467][  0]LogShaderLibrary: Display: ShaderCodeLibraryPakFileMountedCallback: PakFile 'C:/Program Files/Epic Games/UE_4.27/FeaturePacks/TP_Rolling.upack' (chunk index -1, root 'root:/') mounted
[2025.04.10-16.39.18:467][  0]LogShaderLibrary: Display: ShaderCodeLibraryPakFileMountedCallback: pending pak file info (ChunkID:-1 Root:root:/ File:C:/Program Files/Epic Games/UE_4.27/FeaturePacks/TP_Rolling.upack)
[2025.04.10-16.39.18:467][  0]LogPakFile: OnPakFileMounted2Time == 0.000028
[2025.04.10-16.39.18:467][  0]LogPakFile: PakFile PrimaryIndexSize=185
[2025.04.10-16.39.18:467][  0]LogPakFile: PakFile PathHashIndexSize=101
[2025.04.10-16.39.18:467][  0]LogPakFile: PakFile FullDirectoryIndexSize=144
[2025.04.10-16.39.18:467][  0]LogShaderLibrary: Display: ShaderCodeLibraryPakFileMountedCallback: PakFile 'C:/Program Files/Epic Games/UE_4.27/FeaturePacks/TP_RollingBP.upack' (chunk index -1, root 'root:/') mounted
[2025.04.10-16.39.18:467][  0]LogShaderLibrary: Display: ShaderCodeLibraryPakFileMountedCallback: pending pak file info (ChunkID:-1 Root:root:/ File:C:/Program Files/Epic Games/UE_4.27/FeaturePacks/TP_RollingBP.upack)
[2025.04.10-16.39.18:467][  0]LogPakFile: OnPakFileMounted2Time == 0.000023
[2025.04.10-16.39.18:467][  0]LogPakFile: PakFile PrimaryIndexSize=188
[2025.04.10-16.39.18:467][  0]LogPakFile: PakFile PathHashIndexSize=101
[2025.04.10-16.39.18:467][  0]LogPakFile: PakFile FullDirectoryIndexSize=150
[2025.04.10-16.39.18:467][  0]LogShaderLibrary: Display: ShaderCodeLibraryPakFileMountedCallback: PakFile 'C:/Program Files/Epic Games/UE_4.27/FeaturePacks/TP_SideScroller.upack' (chunk index -1, root 'root:/') mounted
[2025.04.10-16.39.18:467][  0]LogShaderLibrary: Display: ShaderCodeLibraryPakFileMountedCallback: pending pak file info (ChunkID:-1 Root:root:/ File:C:/Program Files/Epic Games/UE_4.27/FeaturePacks/TP_SideScroller.upack)
[2025.04.10-16.39.18:468][  0]LogPakFile: OnPakFileMounted2Time == 0.000022
[2025.04.10-16.39.18:468][  0]LogPakFile: PakFile PrimaryIndexSize=190
[2025.04.10-16.39.18:468][  0]LogPakFile: PakFile PathHashIndexSize=101
[2025.04.10-16.39.18:468][  0]LogPakFile: PakFile FullDirectoryIndexSize=154
[2025.04.10-16.39.18:468][  0]LogShaderLibrary: Display: ShaderCodeLibraryPakFileMountedCallback: PakFile 'C:/Program Files/Epic Games/UE_4.27/FeaturePacks/TP_SideScrollerBP.upack' (chunk index -1, root 'root:/') mounted
[2025.04.10-16.39.18:468][  0]LogShaderLibrary: Display: ShaderCodeLibraryPakFileMountedCallback: pending pak file info (ChunkID:-1 Root:root:/ File:C:/Program Files/Epic Games/UE_4.27/FeaturePacks/TP_SideScrollerBP.upack)
[2025.04.10-16.39.18:468][  0]LogPakFile: OnPakFileMounted2Time == 0.000023
[2025.04.10-16.39.18:468][  0]LogPakFile: PakFile PrimaryIndexSize=187
[2025.04.10-16.39.18:468][  0]LogPakFile: PakFile PathHashIndexSize=101
[2025.04.10-16.39.18:468][  0]LogPakFile: PakFile FullDirectoryIndexSize=148
[2025.04.10-16.39.18:468][  0]LogShaderLibrary: Display: ShaderCodeLibraryPakFileMountedCallback: PakFile 'C:/Program Files/Epic Games/UE_4.27/FeaturePacks/TP_ThirdPerson.upack' (chunk index -1, root 'root:/') mounted
[2025.04.10-16.39.18:468][  0]LogShaderLibrary: Display: ShaderCodeLibraryPakFileMountedCallback: pending pak file info (ChunkID:-1 Root:root:/ File:C:/Program Files/Epic Games/UE_4.27/FeaturePacks/TP_ThirdPerson.upack)
[2025.04.10-16.39.18:468][  0]LogPakFile: OnPakFileMounted2Time == 0.000022
[2025.04.10-16.39.18:468][  0]LogPakFile: PakFile PrimaryIndexSize=189
[2025.04.10-16.39.18:469][  0]LogPakFile: PakFile PathHashIndexSize=101
[2025.04.10-16.39.18:469][  0]LogPakFile: PakFile FullDirectoryIndexSize=152
[2025.04.10-16.39.18:469][  0]LogShaderLibrary: Display: ShaderCodeLibraryPakFileMountedCallback: PakFile 'C:/Program Files/Epic Games/UE_4.27/FeaturePacks/TP_ThirdPersonBP.upack' (chunk index -1, root 'root:/') mounted
[2025.04.10-16.39.18:469][  0]LogShaderLibrary: Display: ShaderCodeLibraryPakFileMountedCallback: pending pak file info (ChunkID:-1 Root:root:/ File:C:/Program Files/Epic Games/UE_4.27/FeaturePacks/TP_ThirdPersonBP.upack)
[2025.04.10-16.39.18:469][  0]LogPakFile: OnPakFileMounted2Time == 0.000024
[2025.04.10-16.39.18:469][  0]LogPakFile: PakFile PrimaryIndexSize=183
[2025.04.10-16.39.18:469][  0]LogPakFile: PakFile PathHashIndexSize=101
[2025.04.10-16.39.18:469][  0]LogPakFile: PakFile FullDirectoryIndexSize=140
[2025.04.10-16.39.18:469][  0]LogShaderLibrary: Display: ShaderCodeLibraryPakFileMountedCallback: PakFile 'C:/Program Files/Epic Games/UE_4.27/FeaturePacks/TP_TopDown.upack' (chunk index -1, root 'root:/') mounted
[2025.04.10-16.39.18:469][  0]LogShaderLibrary: Display: ShaderCodeLibraryPakFileMountedCallback: pending pak file info (ChunkID:-1 Root:root:/ File:C:/Program Files/Epic Games/UE_4.27/FeaturePacks/TP_TopDown.upack)
[2025.04.10-16.39.18:469][  0]LogPakFile: OnPakFileMounted2Time == 0.000029
[2025.04.10-16.39.18:469][  0]LogPakFile: PakFile PrimaryIndexSize=185
[2025.04.10-16.39.18:469][  0]LogPakFile: PakFile PathHashIndexSize=101
[2025.04.10-16.39.18:469][  0]LogPakFile: PakFile FullDirectoryIndexSize=144
[2025.04.10-16.39.18:469][  0]LogShaderLibrary: Display: ShaderCodeLibraryPakFileMountedCallback: PakFile 'C:/Program Files/Epic Games/UE_4.27/FeaturePacks/TP_TopDownBP.upack' (chunk index -1, root 'root:/') mounted
[2025.04.10-16.39.18:469][  0]LogShaderLibrary: Display: ShaderCodeLibraryPakFileMountedCallback: pending pak file info (ChunkID:-1 Root:root:/ File:C:/Program Files/Epic Games/UE_4.27/FeaturePacks/TP_TopDownBP.upack)
[2025.04.10-16.39.18:469][  0]LogPakFile: OnPakFileMounted2Time == 0.000025
[2025.04.10-16.39.18:470][  0]LogPakFile: PakFile PrimaryIndexSize=185
[2025.04.10-16.39.18:470][  0]LogPakFile: PakFile PathHashIndexSize=101
[2025.04.10-16.39.18:470][  0]LogPakFile: PakFile FullDirectoryIndexSize=144
[2025.04.10-16.39.18:470][  0]LogShaderLibrary: Display: ShaderCodeLibraryPakFileMountedCallback: PakFile 'C:/Program Files/Epic Games/UE_4.27/FeaturePacks/TP_TwinStick.upack' (chunk index -1, root 'root:/') mounted
[2025.04.10-16.39.18:470][  0]LogShaderLibrary: Display: ShaderCodeLibraryPakFileMountedCallback: pending pak file info (ChunkID:-1 Root:root:/ File:C:/Program Files/Epic Games/UE_4.27/FeaturePacks/TP_TwinStick.upack)
[2025.04.10-16.39.18:470][  0]LogPakFile: OnPakFileMounted2Time == 0.000024
[2025.04.10-16.39.18:470][  0]LogPakFile: PakFile PrimaryIndexSize=187
[2025.04.10-16.39.18:470][  0]LogPakFile: PakFile PathHashIndexSize=101
[2025.04.10-16.39.18:470][  0]LogPakFile: PakFile FullDirectoryIndexSize=148
[2025.04.10-16.39.18:470][  0]LogShaderLibrary: Display: ShaderCodeLibraryPakFileMountedCallback: PakFile 'C:/Program Files/Epic Games/UE_4.27/FeaturePacks/TP_TwinStickBP.upack' (chunk index -1, root 'root:/') mounted
[2025.04.10-16.39.18:470][  0]LogShaderLibrary: Display: ShaderCodeLibraryPakFileMountedCallback: pending pak file info (ChunkID:-1 Root:root:/ File:C:/Program Files/Epic Games/UE_4.27/FeaturePacks/TP_TwinStickBP.upack)
[2025.04.10-16.39.18:470][  0]LogPakFile: OnPakFileMounted2Time == 0.000024
[2025.04.10-16.39.18:470][  0]LogPakFile: PakFile PrimaryIndexSize=183
[2025.04.10-16.39.18:470][  0]LogPakFile: PakFile PathHashIndexSize=101
[2025.04.10-16.39.18:470][  0]LogPakFile: PakFile FullDirectoryIndexSize=140
[2025.04.10-16.39.18:470][  0]LogShaderLibrary: Display: ShaderCodeLibraryPakFileMountedCallback: PakFile 'C:/Program Files/Epic Games/UE_4.27/FeaturePacks/TP_Vehicle.upack' (chunk index -1, root 'root:/') mounted
[2025.04.10-16.39.18:470][  0]LogShaderLibrary: Display: ShaderCodeLibraryPakFileMountedCallback: pending pak file info (ChunkID:-1 Root:root:/ File:C:/Program Files/Epic Games/UE_4.27/FeaturePacks/TP_Vehicle.upack)
[2025.04.10-16.39.18:470][  0]LogPakFile: OnPakFileMounted2Time == 0.000024
[2025.04.10-16.39.18:471][  0]LogPakFile: PakFile PrimaryIndexSize=186
[2025.04.10-16.39.18:471][  0]LogPakFile: PakFile PathHashIndexSize=101
[2025.04.10-16.39.18:471][  0]LogPakFile: PakFile FullDirectoryIndexSize=146
[2025.04.10-16.39.18:471][  0]LogShaderLibrary: Display: ShaderCodeLibraryPakFileMountedCallback: PakFile 'C:/Program Files/Epic Games/UE_4.27/FeaturePacks/TP_VehicleAdv.upack' (chunk index -1, root 'root:/') mounted
[2025.04.10-16.39.18:471][  0]LogShaderLibrary: Display: ShaderCodeLibraryPakFileMountedCallback: pending pak file info (ChunkID:-1 Root:root:/ File:C:/Program Files/Epic Games/UE_4.27/FeaturePacks/TP_VehicleAdv.upack)
[2025.04.10-16.39.18:471][  0]LogPakFile: OnPakFileMounted2Time == 0.000025
[2025.04.10-16.39.18:471][  0]LogPakFile: PakFile PrimaryIndexSize=188
[2025.04.10-16.39.18:471][  0]LogPakFile: PakFile PathHashIndexSize=101
[2025.04.10-16.39.18:471][  0]LogPakFile: PakFile FullDirectoryIndexSize=150
[2025.04.10-16.39.18:471][  0]LogShaderLibrary: Display: ShaderCodeLibraryPakFileMountedCallback: PakFile 'C:/Program Files/Epic Games/UE_4.27/FeaturePacks/TP_VehicleAdvBP.upack' (chunk index -1, root 'root:/') mounted
[2025.04.10-16.39.18:471][  0]LogShaderLibrary: Display: ShaderCodeLibraryPakFileMountedCallback: pending pak file info (ChunkID:-1 Root:root:/ File:C:/Program Files/Epic Games/UE_4.27/FeaturePacks/TP_VehicleAdvBP.upack)
[2025.04.10-16.39.18:471][  0]LogPakFile: OnPakFileMounted2Time == 0.000026
[2025.04.10-16.39.18:472][  0]LogPakFile: PakFile PrimaryIndexSize=185
[2025.04.10-16.39.18:472][  0]LogPakFile: PakFile PathHashIndexSize=101
[2025.04.10-16.39.18:472][  0]LogPakFile: PakFile FullDirectoryIndexSize=144
[2025.04.10-16.39.18:472][  0]LogShaderLibrary: Display: ShaderCodeLibraryPakFileMountedCallback: PakFile 'C:/Program Files/Epic Games/UE_4.27/FeaturePacks/TP_VehicleBP.upack' (chunk index -1, root 'root:/') mounted
[2025.04.10-16.39.18:472][  0]LogShaderLibrary: Display: ShaderCodeLibraryPakFileMountedCallback: pending pak file info (ChunkID:-1 Root:root:/ File:C:/Program Files/Epic Games/UE_4.27/FeaturePacks/TP_VehicleBP.upack)
[2025.04.10-16.39.18:472][  0]LogPakFile: OnPakFileMounted2Time == 0.000030
[2025.04.10-16.39.18:472][  0]LogPakFile: PakFile PrimaryIndexSize=192
[2025.04.10-16.39.18:472][  0]LogPakFile: PakFile PathHashIndexSize=101
[2025.04.10-16.39.18:472][  0]LogPakFile: PakFile FullDirectoryIndexSize=158
[2025.04.10-16.39.18:472][  0]LogShaderLibrary: Display: ShaderCodeLibraryPakFileMountedCallback: PakFile 'C:/Program Files/Epic Games/UE_4.27/FeaturePacks/TP_VirtualRealityBP.upack' (chunk index -1, root 'root:/') mounted
[2025.04.10-16.39.18:472][  0]LogShaderLibrary: Display: ShaderCodeLibraryPakFileMountedCallback: pending pak file info (ChunkID:-1 Root:root:/ File:C:/Program Files/Epic Games/UE_4.27/FeaturePacks/TP_VirtualRealityBP.upack)
[2025.04.10-16.39.18:472][  0]LogPakFile: OnPakFileMounted2Time == 0.000031
[2025.04.10-16.39.18:510][  0]LogNativeClassHierarchy: Verbose: Native class hierarchy updated for 'AddContentDialog' in 0.0004 seconds. Added 0 classes and 0 folders.
[2025.04.10-16.39.18:511][  0]LogNativeClassHierarchy: Verbose: Native class hierarchy updated for 'SceneOutliner' in 0.0004 seconds. Added 2 classes and 0 folders.
[2025.04.10-16.39.18:569][  0]LogSlate: Took 0.000109 seconds to synchronously load lazily loaded font '../../../Engine/Content/Slate/Fonts/Roboto-Regular.ttf' (155K)
[2025.04.10-16.39.18:570][  0]LogSlate: Took 0.000116 seconds to synchronously load lazily loaded font '../../../Engine/Content/Editor/Slate/Fonts/FontAwesome.ttf' (139K)
[2025.04.10-16.39.18:571][  0]LogSlate: Took 0.000101 seconds to synchronously load lazily loaded font '../../../Engine/Content/Slate/Fonts/Roboto-Bold.ttf' (160K)
[2025.04.10-16.39.18:644][  0]LogRenderer: Reallocating scene render targets to support 1208x572 Format 10 NumSamples 4 (Frame:1).
[2025.04.10-16.39.18:750][  0]LogNativeClassHierarchy: Verbose: Native class hierarchy updated for 'HierarchicalLODOutliner' in 0.0003 seconds. Added 0 classes and 0 folders.
[2025.04.10-16.39.18:751][  0]LogLoad: (Engine Initialization) Total time: 8.31 seconds
[2025.04.10-16.39.18:751][  0]LogLoad: (Engine Initialization) Total Blueprint compile time: 0.00 seconds
[2025.04.10-16.39.18:802][  0]LogAssetRegistry: Asset discovery search completed in 3.6436 seconds
[2025.04.10-16.39.18:808][  0]LogCollectionManager: Fixed up redirectors for 0 collections in 0.000005 seconds (updated 0 objects)
[2025.04.10-16.39.18:817][  0]LogResonanceAudio: Display: Resonance Audio Listener is initialized
[2025.04.10-16.39.18:818][  0]LogContentStreaming: Texture pool size now 1000 MB
[2025.04.10-16.39.18:925][  2]LogSlate: Took 0.000199 seconds to synchronously load lazily loaded font '../../../Engine/Content/Slate/Fonts/Roboto-Light.ttf' (167K)
[2025.04.10-16.39.45:028][565]LogPlayLevel: PlayLevel: No blueprints needed recompiling
[2025.04.10-16.39.45:028][565]PIE: New page: SIE session: VRTemplateMap (10 апр. 2025 г., 22:39:45)
[2025.04.10-16.39.45:030][565]LogOnline: OSS: Creating online subsystem instance for: NULL
[2025.04.10-16.39.45:032][565]LogOnline: OSS: TryLoadSubsystemAndSetDefault: Loaded subsystem for module [NULL]
[2025.04.10-16.39.45:032][565]LogPlayLevel: Creating play world package: /Game/VRTemplate/Maps/UEDPIE_0_VRTemplateMap
[2025.04.10-16.39.45:035][565]LogPlayLevel: PIE: StaticDuplicateObject took: (0.003756s)
[2025.04.10-16.39.45:036][565]LogAIModule: Creating AISystem for world VRTemplateMap
[2025.04.10-16.39.45:036][565]LogPlayLevel: PIE: World Init took: (0.000943s)
[2025.04.10-16.39.45:036][565]LogPlayLevel: PIE: Created PIE world by copying editor world from /Game/VRTemplate/Maps/VRTemplateMap.VRTemplateMap to /Game/VRTemplate/Maps/UEDPIE_0_VRTemplateMap.VRTemplateMap (0.004824s)
[2025.04.10-16.39.45:050][565]LogUObjectHash: Compacting FUObjectHashTables data took   0.64ms
[2025.04.10-16.39.45:050][565]LogAudio: Display: Creating Audio Device:                 Id: 2, Scope: Unique, Realtime: True
[2025.04.10-16.39.45:050][565]LogAudioMixer: Display: Audio Mixer Platform Settings:
[2025.04.10-16.39.45:050][565]LogAudioMixer: Display: 	Sample Rate:						  48000
[2025.04.10-16.39.45:050][565]LogAudioMixer: Display: 	Callback Buffer Frame Size Requested: 1024
[2025.04.10-16.39.45:050][565]LogAudioMixer: Display: 	Callback Buffer Frame Size To Use:	  1024
[2025.04.10-16.39.45:050][565]LogAudioMixer: Display: 	Number of buffers to queue:			  1
[2025.04.10-16.39.45:050][565]LogAudioMixer: Display: 	Max Channels (voices):				  0
[2025.04.10-16.39.45:050][565]LogAudioMixer: Display: 	Number of Async Source Workers:		  4
[2025.04.10-16.39.45:050][565]LogAudio: Display: AudioDevice MaxSources: 32
[2025.04.10-16.39.45:051][565]LogAudio: Display: Audio Spatialization Plugin: Resonance Audio is external send: 1
[2025.04.10-16.39.45:051][565]LogAudio: Display: Audio Reverb Plugin: Resonance Audio
[2025.04.10-16.39.45:051][565]LogAudio: Display: Audio Occlusion Plugin: None (built-in).
[2025.04.10-16.39.45:051][565]LogAudioMixer: Display: Initializing audio mixer.
[2025.04.10-16.39.45:055][565]LogAudioMixer: Display: 0: FrontLeft
[2025.04.10-16.39.45:055][565]LogAudioMixer: Display: 1: FrontRight
[2025.04.10-16.39.45:091][565]LogAudioMixer: Display: Using Audio Device Динамики (Realtek(R) Audio)
[2025.04.10-16.39.45:092][565]LogAudioMixer: Display: Initializing Sound Submixes...
[2025.04.10-16.39.45:092][565]LogAudioMixer: Display: Creating Master Submix 'MasterSubmixDefault'
[2025.04.10-16.39.45:092][565]LogAudioMixer: Display: Creating Master Submix 'MasterReverbSubmixDefault'
[2025.04.10-16.39.45:092][565]LogAudioMixer: Display: Creating Master Submix 'MasterEQSubmixDefault'
[2025.04.10-16.39.45:092][565]LogAudioMixer: FMixerPlatformXAudio2::StartAudioStream() called
[2025.04.10-16.39.45:092][565]LogAudioMixer: Display: Output buffers initialized: Frames=1024, Channels=2, Samples=2048
[2025.04.10-16.39.45:093][565]LogAudioMixer: Display: Starting AudioMixerPlatformInterface::RunInternal()
[2025.04.10-16.39.45:093][565]LogAudioMixer: Display: FMixerPlatformXAudio2::SubmitBuffer() called for the first time
[2025.04.10-16.39.45:093][565]LogInit: FAudioDevice initialized.
[2025.04.10-16.39.45:093][565]LogAudio: Display: Audio Device (ID: 2) registered with world 'VRTemplateMap'.
[2025.04.10-16.39.45:104][565]LogLoad: Game class is 'VRGameMode_C'
[2025.04.10-16.39.45:106][565]LogWorld: Bringing World /Game/VRTemplate/Maps/UEDPIE_0_VRTemplateMap.VRTemplateMap up for play (max tick rate 60) at 2025.04.10-19.39.45
[2025.04.10-16.39.45:106][565]LogWorld: Bringing up level for play took: 0.000965
[2025.04.10-16.39.45:106][565]LogOnline: OSS: Creating online subsystem instance for: :Context_2
[2025.04.10-16.39.45:107][565]LogSpawn: Warning: SpawnActor failed because no class was specified
[2025.04.10-16.39.45:108][565]LogNativeClassHierarchy: Verbose: Native class hierarchy updated for 'MovieSceneCapture' in 0.0003 seconds. Added 20 classes and 0 folders.
[2025.04.10-16.39.45:108][565]PIE: Server logged in
[2025.04.10-16.39.45:109][565]PIE: Play in editor total start time 0,081 seconds.
[2025.04.10-16.39.45:123][565]LogResonanceAudio: Display: Resonance Audio Listener is initialized
[2025.04.10-16.39.47:805][722]LogSlate: Updating window title bar state: overlay mode, drag disabled, window buttons hidden, title bar hidden
[2025.04.10-16.39.47:805][722]LogWorld: BeginTearingDown for /Game/VRTemplate/Maps/UEDPIE_0_VRTemplateMap
[2025.04.10-16.39.47:806][722]LogWorld: UWorld::CleanupWorld for VRTemplateMap, bSessionEnded=true, bCleanupResources=true
[2025.04.10-16.39.47:807][722]LogSlate: InvalidateAllWidgets triggered.  All widgets were invalidated
[2025.04.10-16.39.47:819][722]LogPlayLevel: Display: Shutting down PIE online subsystems
[2025.04.10-16.39.47:821][722]LogSlate: InvalidateAllWidgets triggered.  All widgets were invalidated
[2025.04.10-16.39.47:827][722]LogAudio: Display: Audio Device unregistered from world 'None'.
[2025.04.10-16.39.47:827][722]LogResonanceAudio: Display: Resonance Audio Listener is shutdown
[2025.04.10-16.39.47:827][722]LogAudioMixer: FMixerPlatformXAudio2::StopAudioStream() called
[2025.04.10-16.39.47:829][722]LogAudioMixer: FMixerPlatformXAudio2::StopAudioStream() called
[2025.04.10-16.39.47:832][722]LogSlate: Updating window title bar state: overlay mode, drag disabled, window buttons hidden, title bar hidden
[2025.04.10-16.39.47:833][722]LogUObjectHash: Compacting FUObjectHashTables data took   0.51ms
[2025.04.10-16.39.47:877][725]LogPlayLevel: Display: Destroying online subsystem :Context_2
[2025.04.10-16.39.51:411][937]LogEditorViewport: Clicking on Actor (LMB): StaticMeshActor (TemplateFloor)
[2025.04.10-16.40.03:170][393]Cmd: SELECT NONE
[2025.04.10-16.40.10:518][833]LogSlate: Took 0.000185 seconds to synchronously load lazily loaded font '../../../Engine/Content/Slate/Fonts/Roboto-Light.ttf' (167K)
[2025.04.10-16.40.10:530][833]LogAssetEditorSubsystem: Opening Asset editor for Blueprint /Game/VRTemplate/Blueprints/VRPawn.VRPawn
[2025.04.10-16.40.10:659][833]LogNativeClassHierarchy: Verbose: Native class hierarchy updated for 'BlueprintGraph' in 0.0005 seconds. Added 126 classes and 0 folders.
[2025.04.10-16.40.11:348][833]LogSlate: New Slate User Created.  User Index 8, Is Virtual User: 1
[2025.04.10-16.40.11:348][833]LogSlate: Slate User Registered.  User Index 8, Is Virtual User: 1
[2025.04.10-16.40.11:352][833]LogSlate: Took 0.000154 seconds to synchronously load lazily loaded font '../../../Engine/Content/Slate/Fonts/Roboto-BoldCondensed.ttf' (158K)
[2025.04.10-16.40.11:475][834]LogSlate: Took 0.000186 seconds to synchronously load lazily loaded font '../../../Engine/Content/Slate/Fonts/Roboto-Italic.ttf' (157K)
[2025.04.10-16.40.14:852][ 33]LogSlate: Window 'VRPawn' being destroyed
[2025.04.10-16.48.13:895][752]LogContentBrowser: Deferred new asset folder creation: NewFolder
[2025.04.10-16.48.13:910][752]LogContentBrowser: Creating deferred item: NewFolder
[2025.04.10-16.48.33:185][909]LogContentBrowser: Attempting asset rename: NewFolder -> Andrey_Contex
[2025.04.10-16.48.33:185][909]LogContentBrowser: End creating deferred item NewFolder
[2025.04.10-16.48.43:568][531]LogContentBrowser: Attempting asset rename: Sanya_Content -> Sanya_Durex
[2025.04.10-16.48.43:610][531]LogMetaData: Removing '/Game/Sanya_Durex/BP_WidgetHolder.BP_WidgetHolder:UserConstructionScript.K2Node_FunctionEntry_0' ref from Metadata '/Game/Sanya_Content/BP_WidgetHolder.PackageMetaData'
[2025.04.10-16.48.43:610][531]LogMetaData: Removing '/Game/Sanya_Durex/BP_WidgetHolder.BP_WidgetHolder_C' ref from Metadata '/Game/Sanya_Content/BP_WidgetHolder.PackageMetaData'
[2025.04.10-16.48.43:610][531]LogMetaData: Removing '/Game/Sanya_Durex/BP_WidgetHolder.BP_WidgetHolder:EventGraph.K2Node_Event_0' ref from Metadata '/Game/Sanya_Content/BP_WidgetHolder.PackageMetaData'
[2025.04.10-16.48.43:610][531]LogMetaData: Removing '/Game/Sanya_Durex/BP_WidgetHolder.BP_WidgetHolder:EventGraph.K2Node_Event_1' ref from Metadata '/Game/Sanya_Content/BP_WidgetHolder.PackageMetaData'
[2025.04.10-16.48.43:610][531]LogMetaData: Removing '/Game/Sanya_Durex/BP_WidgetHolder.BP_WidgetHolder:EventGraph.K2Node_Event_2' ref from Metadata '/Game/Sanya_Content/BP_WidgetHolder.PackageMetaData'
[2025.04.10-16.48.43:610][531]LogMetaData: Removing '/Game/Sanya_Durex/BP_WidgetHolder.SKEL_BP_WidgetHolder_C:ReceiveBeginPlay' ref from Metadata '/Game/Sanya_Content/BP_WidgetHolder.PackageMetaData'
[2025.04.10-16.48.43:610][531]LogMetaData: Removing '/Game/Sanya_Durex/BP_WidgetHolder.SKEL_BP_WidgetHolder_C:ReceiveActorBeginOverlap' ref from Metadata '/Game/Sanya_Content/BP_WidgetHolder.PackageMetaData'
[2025.04.10-16.48.43:610][531]LogMetaData: Removing '/Game/Sanya_Durex/BP_WidgetHolder.SKEL_BP_WidgetHolder_C:ReceiveTick' ref from Metadata '/Game/Sanya_Content/BP_WidgetHolder.PackageMetaData'
[2025.04.10-16.48.43:610][531]LogMetaData: Removing '/Game/Sanya_Durex/BP_WidgetHolder.SKEL_BP_WidgetHolder_C:UserConstructionScript' ref from Metadata '/Game/Sanya_Content/BP_WidgetHolder.PackageMetaData'
[2025.04.10-16.48.43:610][531]LogMetaData: Removing '/Game/Sanya_Durex/BP_WidgetHolder.SKEL_BP_WidgetHolder_C' ref from Metadata '/Game/Sanya_Content/BP_WidgetHolder.PackageMetaData'
[2025.04.10-16.48.43:610][531]LogMetaData: Removing '/Game/Sanya_Durex/WB_StartMenu.WB_StartMenu_C' ref from Metadata '/Game/Sanya_Content/WB_StartMenu.PackageMetaData'
[2025.04.10-16.48.43:610][531]LogMetaData: Removing '/Game/Sanya_Durex/WB_StartMenu.SKEL_WB_StartMenu_C:BndEvt__StartMenu_NewGame_Button_K2Node_ComponentBoundEvent_0_OnButtonClickedEvent__DelegateSignature' ref from Metadata '/Game/Sanya_Content/WB_StartMenu.PackageMetaData'
[2025.04.10-16.48.43:610][531]LogMetaData: Removing '/Game/Sanya_Durex/WB_StartMenu.SKEL_WB_StartMenu_C:BndEvt__StartMenu_NewGame_Button_K2Node_ComponentBoundEvent_1_OnButtonHoverEvent__DelegateSignature' ref from Metadata '/Game/Sanya_Content/WB_StartMenu.PackageMetaData'
[2025.04.10-16.48.43:610][531]LogMetaData: Removing '/Game/Sanya_Durex/WB_StartMenu.SKEL_WB_StartMenu_C:BndEvt__StartMenu_NewGame_Button_K2Node_ComponentBoundEvent_2_OnButtonHoverEvent__DelegateSignature' ref from Metadata '/Game/Sanya_Content/WB_StartMenu.PackageMetaData'
[2025.04.10-16.48.43:610][531]LogMetaData: Removing '/Game/Sanya_Durex/WB_StartMenu.SKEL_WB_StartMenu_C:BndEvt__WB_StartMenu_QuitGame_Button_K2Node_ComponentBoundEvent_3_OnButtonClickedEvent__DelegateSignature' ref from Metadata '/Game/Sanya_Content/WB_StartMenu.PackageMetaData'
[2025.04.10-16.48.43:610][531]LogMetaData: Removing '/Game/Sanya_Durex/WB_StartMenu.SKEL_WB_StartMenu_C:BndEvt__WB_StartMenu_QuitGame_Button_K2Node_ComponentBoundEvent_4_OnButtonHoverEvent__DelegateSignature' ref from Metadata '/Game/Sanya_Content/WB_StartMenu.PackageMetaData'
[2025.04.10-16.48.43:610][531]LogMetaData: Removing '/Game/Sanya_Durex/WB_StartMenu.SKEL_WB_StartMenu_C:BndEvt__WB_StartMenu_QuitGame_Button_K2Node_ComponentBoundEvent_5_OnButtonHoverEvent__DelegateSignature' ref from Metadata '/Game/Sanya_Content/WB_StartMenu.PackageMetaData'
[2025.04.10-16.48.43:610][531]LogMetaData: Removing '/Game/Sanya_Durex/WB_StartMenu.SKEL_WB_StartMenu_C' ref from Metadata '/Game/Sanya_Content/WB_StartMenu.PackageMetaData'
[2025.04.10-16.48.43:630][531]Cmd: OBJ SAVEPACKAGE PACKAGE="/Game/Sanya_Durex/BP_WidgetHolder" FILE="../../../../../../Users/AlisaDI/Documents/MephiTasks/UnrealProject/Content/Sanya_Durex/BP_WidgetHolder.uasset" SILENT=true
[2025.04.10-16.48.43:635][531]LogSavePackage: Moving '../../../../../../Users/AlisaDI/Documents/MephiTasks/UnrealProject/Saved/BP_WidgetHolder1F9C34DC4B4067A46BCA1DA2134080A1.tmp' to '../../../../../../Users/AlisaDI/Documents/MephiTasks/UnrealProject/Content/Sanya_Durex/BP_WidgetHolder.uasset'
[2025.04.10-16.48.43:635][531]Cmd: OBJ SAVEPACKAGE PACKAGE="/Game/Sanya_Durex/WB_StartMenu" FILE="../../../../../../Users/AlisaDI/Documents/MephiTasks/UnrealProject/Content/Sanya_Durex/WB_StartMenu.uasset" SILENT=true
[2025.04.10-16.48.43:647][531]LogSavePackage: Moving '../../../../../../Users/AlisaDI/Documents/MephiTasks/UnrealProject/Saved/WB_StartMenuF0D7E8BF499AF0D0CF9E5C9F236FBD71.tmp' to '../../../../../../Users/AlisaDI/Documents/MephiTasks/UnrealProject/Content/Sanya_Durex/WB_StartMenu.uasset'
[2025.04.10-16.48.43:739][531]LogUObjectHash: Compacting FUObjectHashTables data took   2.48ms
[2025.04.10-16.48.43:762][531]LogUObjectHash: Compacting FUObjectHashTables data took   0.58ms
[2025.04.10-16.48.43:790][531]LogUObjectHash: Compacting FUObjectHashTables data took   1.56ms
[2025.04.10-16.48.43:810][531]LogUObjectHash: Compacting FUObjectHashTables data took   0.46ms
[2025.04.10-16.48.43:871][531]AssetCheck: New page: Asset Save: multiple assets
[2025.04.10-16.48.43:871][531]LogContentValidation: Display: Validating WidgetBlueprint /Game/Sanya_Durex/WB_StartMenu.WB_StartMenu
[2025.04.10-16.48.43:872][531]LogContentValidation: Display: Validating Blueprint /Game/Sanya_Durex/BP_WidgetHolder.BP_WidgetHolder
[2025.04.10-16.48.49:847][883]LogEditorClassViewer: Warning: Class /Engine/Tutorial/InWorldBlueprintEditing/TutorialAssets/IWBE_Blutility.IWBE_Blutility_C has parent /Script/Blutility.PlacedEditorUtilityBase, but this parent is not found. The Class will not be shown in ClassViewer.
[2025.04.10-16.48.56:020][883]LogSlate: Window 'Pick Parent Class' being destroyed
[2025.04.10-16.48.56:026][883]LogContentBrowser: Deferred new asset file creation: NewBlueprint
[2025.04.10-16.48.56:037][883]LogContentBrowser: Creating deferred item: NewBlueprint
[2025.04.10-16.49.04:758][406]LogContentBrowser: Attempting asset rename: NewBlueprint -> BP_Printer
[2025.04.10-16.49.04:773][406]LogContentBrowser: End creating deferred item NewBlueprint
[2025.04.10-16.49.06:374][502]LogAssetEditorSubsystem: Opening Asset editor for Blueprint /Game/Andrey_Contex/BP_Printer.BP_Printer
[2025.04.10-16.49.06:651][503]LogRenderer: Reallocating scene render targets to support 1208x900 Format 10 NumSamples 4 (Frame:1).
[2025.04.10-16.49.14:827][904]LogEditorViewport: Clicking on Actor (LMB): StaticMeshActor (SM_Printer)
[2025.04.10-16.49.15:227][926]LogEditorViewport: Clicking on Actor (context menu): StaticMeshActor (SM_Printer)
[2025.04.10-16.49.17:222][ 38]LogActorFactory: Actor Factory created SM_Printer
[2025.04.10-16.49.20:118][204]LogSlate: Window 'BP_Printer' being destroyed
[2025.04.10-16.49.21:087][262]BlueprintLog: New page: Compile BP_Printer
[2025.04.10-16.49.21:125][262]LogUObjectHash: Compacting FUObjectHashTables data took   1.73ms
[2025.04.10-16.50.09:084][132]BlueprintLog: New page: Compile BP_Printer
[2025.04.10-16.50.09:122][132]LogUObjectHash: Compacting FUObjectHashTables data took   1.81ms
[2025.04.10-16.50.09:908][177]Cmd: OBJ SAVEPACKAGE PACKAGE="/Game/Andrey_Contex/BP_Printer" FILE="../../../../../../Users/AlisaDI/Documents/MephiTasks/UnrealProject/Content/Andrey_Contex/BP_Printer.uasset" SILENT=true
[2025.04.10-16.50.09:915][177]LogSavePackage: Moving '../../../../../../Users/AlisaDI/Documents/MephiTasks/UnrealProject/Saved/BP_Printer9E48F3264E58D2AC06F8BF9EF6288C0C.tmp' to '../../../../../../Users/AlisaDI/Documents/MephiTasks/UnrealProject/Content/Andrey_Contex/BP_Printer.uasset'
[2025.04.10-16.50.09:930][177]AssetCheck: New page: Asset Save: BP_Printer
[2025.04.10-16.50.09:930][177]LogContentValidation: Display: Validating Blueprint /Game/Andrey_Contex/BP_Printer.BP_Printer
[2025.04.10-16.50.21:112][847]Cmd: DELETE
[2025.04.10-16.50.21:112][847]Cmd: ACTOR DELETE
[2025.04.10-16.50.21:125][847]LogEditorActor: Deleted Actor: StaticMeshActor
[2025.04.10-16.50.21:149][847]LogUObjectHash: Compacting FUObjectHashTables data took   1.78ms
[2025.04.10-16.50.21:150][847]LogEditorActor: Deleted 1 Actors (0.037 secs)
[2025.04.10-16.50.34:139][625]Cmd: TRANSACTION UNDO
[2025.04.10-16.50.34:139][625]LogEditorTransaction: Undo Rotate Actors
[2025.04.10-16.50.44:919][260]BlueprintLog: New page: Compile BP_Printer
[2025.04.10-16.50.44:967][260]LogUObjectHash: Compacting FUObjectHashTables data took   1.71ms
[2025.04.10-16.50.45:393][283]Cmd: OBJ SAVEPACKAGE PACKAGE="/Game/Andrey_Contex/BP_Printer" FILE="../../../../../../Users/AlisaDI/Documents/MephiTasks/UnrealProject/Content/Andrey_Contex/BP_Printer.uasset" SILENT=true
[2025.04.10-16.50.45:400][283]LogSavePackage: Moving '../../../../../../Users/AlisaDI/Documents/MephiTasks/UnrealProject/Saved/BP_PrinterE1BB294644A9111130802F9D23825F10.tmp' to '../../../../../../Users/AlisaDI/Documents/MephiTasks/UnrealProject/Content/Andrey_Contex/BP_Printer.uasset'
[2025.04.10-16.50.45:414][283]AssetCheck: New page: Asset Save: BP_Printer
[2025.04.10-16.50.45:414][283]LogContentValidation: Display: Validating Blueprint /Game/Andrey_Contex/BP_Printer.BP_Printer
[2025.04.10-16.50.47:339][399]Cmd: SELECT NONE
[2025.04.10-16.51.19:141][291]BlueprintLog: New page: Compile BP_Printer
[2025.04.10-16.51.19:180][291]LogUObjectHash: Compacting FUObjectHashTables data took   1.96ms
[2025.04.10-16.51.19:551][312]Cmd: OBJ SAVEPACKAGE PACKAGE="/Game/Andrey_Contex/BP_Printer" FILE="../../../../../../Users/AlisaDI/Documents/MephiTasks/UnrealProject/Content/Andrey_Contex/BP_Printer.uasset" SILENT=true
[2025.04.10-16.51.19:559][312]LogSavePackage: Moving '../../../../../../Users/AlisaDI/Documents/MephiTasks/UnrealProject/Saved/BP_PrinterB6FB719A453694F1AF61339D53EAA2E9.tmp' to '../../../../../../Users/AlisaDI/Documents/MephiTasks/UnrealProject/Content/Andrey_Contex/BP_Printer.uasset'
[2025.04.10-16.51.19:572][312]AssetCheck: New page: Asset Save: BP_Printer
[2025.04.10-16.51.19:572][312]LogContentValidation: Display: Validating Blueprint /Game/Andrey_Contex/BP_Printer.BP_Printer
[2025.04.10-16.51.21:150][407]LogTemp: Repeating last play command: Simulate
[2025.04.10-16.51.21:154][407]LogPlayLevel: PlayLevel: No blueprints needed recompiling
[2025.04.10-16.51.21:154][407]PIE: New page: SIE session: VRTemplateMap (10 апр. 2025 г., 22:51:21)
[2025.04.10-16.51.21:154][407]LogPlayLevel: Creating play world package: /Game/VRTemplate/Maps/UEDPIE_0_VRTemplateMap
[2025.04.10-16.51.21:157][407]LogPlayLevel: PIE: StaticDuplicateObject took: (0.003394s)
[2025.04.10-16.51.21:158][407]LogAIModule: Creating AISystem for world VRTemplateMap
[2025.04.10-16.51.21:158][407]LogPlayLevel: PIE: World Init took: (0.000922s)
[2025.04.10-16.51.21:158][407]LogPlayLevel: PIE: Created PIE world by copying editor world from /Game/VRTemplate/Maps/VRTemplateMap.VRTemplateMap to /Game/VRTemplate/Maps/UEDPIE_0_VRTemplateMap.VRTemplateMap (0.004418s)
[2025.04.10-16.51.21:183][407]LogUObjectHash: Compacting FUObjectHashTables data took   1.97ms
[2025.04.10-16.51.21:183][407]LogAudio: Display: Creating Audio Device:                 Id: 3, Scope: Unique, Realtime: True
[2025.04.10-16.51.21:183][407]LogAudioMixer: Display: Audio Mixer Platform Settings:
[2025.04.10-16.51.21:183][407]LogAudioMixer: Display: 	Sample Rate:						  48000
[2025.04.10-16.51.21:183][407]LogAudioMixer: Display: 	Callback Buffer Frame Size Requested: 1024
[2025.04.10-16.51.21:183][407]LogAudioMixer: Display: 	Callback Buffer Frame Size To Use:	  1024
[2025.04.10-16.51.21:183][407]LogAudioMixer: Display: 	Number of buffers to queue:			  1
[2025.04.10-16.51.21:183][407]LogAudioMixer: Display: 	Max Channels (voices):				  0
[2025.04.10-16.51.21:183][407]LogAudioMixer: Display: 	Number of Async Source Workers:		  4
[2025.04.10-16.51.21:183][407]LogAudio: Display: AudioDevice MaxSources: 32
[2025.04.10-16.51.21:184][407]LogAudio: Display: Audio Spatialization Plugin: Resonance Audio is external send: 1
[2025.04.10-16.51.21:184][407]LogAudio: Display: Audio Reverb Plugin: Resonance Audio
[2025.04.10-16.51.21:184][407]LogAudio: Display: Audio Occlusion Plugin: None (built-in).
[2025.04.10-16.51.21:184][407]LogAudioMixer: Display: Initializing audio mixer.
[2025.04.10-16.51.21:188][407]LogAudioMixer: Display: 0: FrontLeft
[2025.04.10-16.51.21:188][407]LogAudioMixer: Display: 1: FrontRight
[2025.04.10-16.51.21:231][407]LogAudioMixer: Display: Using Audio Device Динамики (Realtek(R) Audio)
[2025.04.10-16.51.21:231][407]LogAudioMixer: Display: Initializing Sound Submixes...
[2025.04.10-16.51.21:232][407]LogAudioMixer: Display: Creating Master Submix 'MasterSubmixDefault'
[2025.04.10-16.51.21:232][407]LogAudioMixer: Display: Creating Master Submix 'MasterReverbSubmixDefault'
[2025.04.10-16.51.21:232][407]LogAudioMixer: Display: Creating Master Submix 'MasterEQSubmixDefault'
[2025.04.10-16.51.21:232][407]LogAudioMixer: FMixerPlatformXAudio2::StartAudioStream() called
[2025.04.10-16.51.21:232][407]LogAudioMixer: Display: Output buffers initialized: Frames=1024, Channels=2, Samples=2048
[2025.04.10-16.51.21:233][407]LogAudioMixer: Display: Starting AudioMixerPlatformInterface::RunInternal()
[2025.04.10-16.51.21:233][407]LogAudioMixer: Display: FMixerPlatformXAudio2::SubmitBuffer() called for the first time
[2025.04.10-16.51.21:233][407]LogInit: FAudioDevice initialized.
[2025.04.10-16.51.21:233][407]LogAudio: Display: Audio Device (ID: 3) registered with world 'VRTemplateMap'.
[2025.04.10-16.51.21:240][407]LogLoad: Game class is 'VRGameMode_C'
[2025.04.10-16.51.21:242][407]LogWorld: Bringing World /Game/VRTemplate/Maps/UEDPIE_0_VRTemplateMap.VRTemplateMap up for play (max tick rate 60) at 2025.04.10-19.51.21
[2025.04.10-16.51.21:242][407]LogWorld: Bringing up level for play took: 0.000973
[2025.04.10-16.51.21:242][407]LogOnline: OSS: Creating online subsystem instance for: :Context_8
[2025.04.10-16.51.21:243][407]LogSpawn: Warning: SpawnActor failed because no class was specified
[2025.04.10-16.51.21:244][407]PIE: Server logged in
[2025.04.10-16.51.21:244][407]PIE: Play in editor total start time 0,091 seconds.
[2025.04.10-16.51.21:253][407]LogResonanceAudio: Display: Resonance Audio Listener is initialized
[2025.04.10-16.51.33:250][124]LogSlate: Updating window title bar state: overlay mode, drag disabled, window buttons hidden, title bar hidden
[2025.04.10-16.51.33:250][124]LogWorld: BeginTearingDown for /Game/VRTemplate/Maps/UEDPIE_0_VRTemplateMap
[2025.04.10-16.51.33:250][124]LogWorld: UWorld::CleanupWorld for VRTemplateMap, bSessionEnded=true, bCleanupResources=true
[2025.04.10-16.51.33:250][124]LogSlate: InvalidateAllWidgets triggered.  All widgets were invalidated
[2025.04.10-16.51.33:260][124]LogPlayLevel: Display: Shutting down PIE online subsystems
[2025.04.10-16.51.33:263][124]LogSlate: InvalidateAllWidgets triggered.  All widgets were invalidated
[2025.04.10-16.51.33:285][124]LogAudio: Display: Audio Device unregistered from world 'None'.
[2025.04.10-16.51.33:285][124]LogResonanceAudio: Display: Resonance Audio Listener is shutdown
[2025.04.10-16.51.33:285][124]LogAudioMixer: FMixerPlatformXAudio2::StopAudioStream() called
[2025.04.10-16.51.33:287][124]LogAudioMixer: FMixerPlatformXAudio2::StopAudioStream() called
[2025.04.10-16.51.33:291][124]LogSlate: Updating window title bar state: overlay mode, drag disabled, window buttons hidden, title bar hidden
[2025.04.10-16.51.33:293][124]LogUObjectHash: Compacting FUObjectHashTables data took   1.41ms
[2025.04.10-16.51.33:306][125]LogPlayLevel: Display: Destroying online subsystem :Context_8
[2025.04.10-16.52.09:651][297]LogUObjectHash: Compacting FUObjectHashTables data took   1.86ms
[2025.04.10-16.52.09:664][297]LogSavePackage: Moving '../../../../../../Users/AlisaDI/Documents/MephiTasks/UnrealProject/Saved/VRTemplateMap_Auto18AF740234842FB272F105AA53DEB9506.tmp' to '../../../../../../Users/AlisaDI/Documents/MephiTasks/UnrealProject/Saved/Autosaves/Game/VRTemplate/Maps/VRTemplateMap_Auto1.umap'
[2025.04.10-16.52.09:666][297]LogFileHelpers: Editor autosave (incl. external actors) for '/Game/VRTemplate/Maps/VRTemplateMap' took 0.040
[2025.04.10-16.52.09:666][297]LogFileHelpers: Editor autosave (incl. sublevels & external actors) for all levels took 0.040
[2025.04.10-16.52.27:702][376]LogPlayLevel: PlayLevel: No blueprints needed recompiling
[2025.04.10-16.52.27:702][376]PIE: New page: SIE session: VRTemplateMap (10 апр. 2025 г., 22:52:27)
[2025.04.10-16.52.27:702][376]LogPlayLevel: Creating play world package: /Game/VRTemplate/Maps/UEDPIE_0_VRTemplateMap
[2025.04.10-16.52.27:706][376]LogPlayLevel: PIE: StaticDuplicateObject took: (0.004598s)
[2025.04.10-16.52.27:707][376]LogAIModule: Creating AISystem for world VRTemplateMap
[2025.04.10-16.52.27:708][376]LogPlayLevel: PIE: World Init took: (0.001160s)
[2025.04.10-16.52.27:708][376]LogPlayLevel: PIE: Created PIE world by copying editor world from /Game/VRTemplate/Maps/VRTemplateMap.VRTemplateMap to /Game/VRTemplate/Maps/UEDPIE_0_VRTemplateMap.VRTemplateMap (0.005880s)
[2025.04.10-16.52.27:733][376]LogUObjectHash: Compacting FUObjectHashTables data took   2.15ms
[2025.04.10-16.52.27:735][376]LogAudio: Display: Creating Audio Device:                 Id: 4, Scope: Unique, Realtime: True
[2025.04.10-16.52.27:735][376]LogAudioMixer: Display: Audio Mixer Platform Settings:
[2025.04.10-16.52.27:735][376]LogAudioMixer: Display: 	Sample Rate:						  48000
[2025.04.10-16.52.27:735][376]LogAudioMixer: Display: 	Callback Buffer Frame Size Requested: 1024
[2025.04.10-16.52.27:735][376]LogAudioMixer: Display: 	Callback Buffer Frame Size To Use:	  1024
[2025.04.10-16.52.27:735][376]LogAudioMixer: Display: 	Number of buffers to queue:			  1
[2025.04.10-16.52.27:735][376]LogAudioMixer: Display: 	Max Channels (voices):				  0
[2025.04.10-16.52.27:735][376]LogAudioMixer: Display: 	Number of Async Source Workers:		  4
[2025.04.10-16.52.27:735][376]LogAudio: Display: AudioDevice MaxSources: 32
[2025.04.10-16.52.27:735][376]LogAudio: Display: Audio Spatialization Plugin: Resonance Audio is external send: 1
[2025.04.10-16.52.27:735][376]LogAudio: Display: Audio Reverb Plugin: Resonance Audio
[2025.04.10-16.52.27:735][376]LogAudio: Display: Audio Occlusion Plugin: None (built-in).
[2025.04.10-16.52.27:735][376]LogAudioMixer: Display: Initializing audio mixer.
[2025.04.10-16.52.27:740][376]LogAudioMixer: Display: 0: FrontLeft
[2025.04.10-16.52.27:740][376]LogAudioMixer: Display: 1: FrontRight
[2025.04.10-16.52.27:786][376]LogAudioMixer: Display: Using Audio Device Динамики (Realtek(R) Audio)
[2025.04.10-16.52.27:786][376]LogAudioMixer: Display: Initializing Sound Submixes...
[2025.04.10-16.52.27:786][376]LogAudioMixer: Display: Creating Master Submix 'MasterSubmixDefault'
[2025.04.10-16.52.27:786][376]LogAudioMixer: Display: Creating Master Submix 'MasterReverbSubmixDefault'
[2025.04.10-16.52.27:786][376]LogAudioMixer: Display: Creating Master Submix 'MasterEQSubmixDefault'
[2025.04.10-16.52.27:786][376]LogAudioMixer: FMixerPlatformXAudio2::StartAudioStream() called
[2025.04.10-16.52.27:786][376]LogAudioMixer: Display: Output buffers initialized: Frames=1024, Channels=2, Samples=2048
[2025.04.10-16.52.27:787][376]LogAudioMixer: Display: Starting AudioMixerPlatformInterface::RunInternal()
[2025.04.10-16.52.27:788][376]LogAudioMixer: Display: FMixerPlatformXAudio2::SubmitBuffer() called for the first time
[2025.04.10-16.52.27:788][376]LogInit: FAudioDevice initialized.
[2025.04.10-16.52.27:788][376]LogAudio: Display: Audio Device (ID: 4) registered with world 'VRTemplateMap'.
[2025.04.10-16.52.27:799][376]LogLoad: Game class is 'VRGameMode_C'
[2025.04.10-16.52.27:801][376]LogWorld: Bringing World /Game/VRTemplate/Maps/UEDPIE_0_VRTemplateMap.VRTemplateMap up for play (max tick rate 60) at 2025.04.10-19.52.27
[2025.04.10-16.52.27:801][376]LogWorld: Bringing up level for play took: 0.001101
[2025.04.10-16.52.27:801][376]LogOnline: OSS: Creating online subsystem instance for: :Context_9
[2025.04.10-16.52.27:802][376]LogSpawn: Warning: SpawnActor failed because no class was specified
[2025.04.10-16.52.27:803][376]PIE: Server logged in
[2025.04.10-16.52.27:803][376]PIE: Play in editor total start time 0,102 seconds.
[2025.04.10-16.52.27:812][376]LogResonanceAudio: Display: Resonance Audio Listener is initialized
[2025.04.10-16.52.45:220][417]LogSlate: Updating window title bar state: overlay mode, drag disabled, window buttons hidden, title bar hidden
[2025.04.10-16.52.45:220][417]LogWorld: BeginTearingDown for /Game/VRTemplate/Maps/UEDPIE_0_VRTemplateMap
[2025.04.10-16.52.45:220][417]LogWorld: UWorld::CleanupWorld for VRTemplateMap, bSessionEnded=true, bCleanupResources=true
[2025.04.10-16.52.45:221][417]LogSlate: InvalidateAllWidgets triggered.  All widgets were invalidated
[2025.04.10-16.52.45:230][417]LogPlayLevel: Display: Shutting down PIE online subsystems
[2025.04.10-16.52.45:233][417]LogSlate: InvalidateAllWidgets triggered.  All widgets were invalidated
[2025.04.10-16.52.45:255][417]LogSlate: Updating window title bar state: overlay mode, drag disabled, window buttons hidden, title bar hidden
[2025.04.10-16.52.45:255][417]LogResonanceAudio: Display: Resonance Audio Listener is shutdown
[2025.04.10-16.52.45:255][417]LogAudioMixer: FMixerPlatformXAudio2::StopAudioStream() called
[2025.04.10-16.52.45:257][417]LogAudioMixer: FMixerPlatformXAudio2::StopAudioStream() called
[2025.04.10-16.52.45:263][417]LogUObjectHash: Compacting FUObjectHashTables data took   1.47ms
[2025.04.10-16.52.45:292][419]LogPlayLevel: Display: Destroying online subsystem :Context_9
[2025.04.10-16.53.15:326][220]Cmd: SELECT NONE
[2025.04.10-16.53.15:942][257]Cmd: SELECT NONE
[2025.04.10-16.53.16:443][287]Cmd: SELECT NONE
[2025.04.10-16.56.58:368][500]LogEditorViewport: Clicking on Actor (LMB): StaticMeshActor (Wall_400x300)
[2025.04.10-16.56.59:379][616]LogEditorViewport: Clicking on Actor (LMB): TextRenderActor (TextRenderActor)
[2025.04.10-16.57.00:191][709]LogEditorViewport: Clicking on Actor (LMB): TextRenderActor (TextRenderActor)
[2025.04.10-16.57.02:340][947]LogMaterial: Display: Missing cached shadermap for Material_0 in PCD3D_SM5, Default, SM5 (DDC key hash: 7C2B2EC12C1A3C66207AD4C246763B72517421ED), compiling. 
[2025.04.10-16.57.02:341][947]LogMaterial: Warning: [AssetLog] C:\Program Files\Epic Games\UE_4.27\Engine\Content\EngineMaterials\HighResolutionScreenshotMaskFunction.uasset: Failed to compile Material for platform PCD3D_SM5, Default Material will be used in game.
[2025.04.10-16.57.02:341][947]LogMaterial: Display: 	SceneTexture expressions cannot be used in opaque materials
[2025.04.10-16.57.03:595][ 20]LogAssetEditorSubsystem: Opening Asset editor for Material /Engine/EngineMaterials/DefaultTextMaterialOpaque.DefaultTextMaterialOpaque
[2025.04.10-16.57.03:608][ 20]LogMaterial: Display: Missing cached shadermap for DefaultTextMaterialOpaque in PCD3D_SM5, Default, SM5 (DDC key hash: EE785108B2D59B9DEFC5550D4CE30055020260C9), compiling. 
[2025.04.10-16.57.03:662][ 20]LogShaderCompilers: Display: Submitted 28 shader compile jobs with 'Normal' priority
[2025.04.10-16.57.03:691][ 20]LogTexture: Default maximum texture size for cubemaps generated from long-lat sources has been changed from 512 to unlimited. In order to preserve old behaiour for '/Engine/EditorMaterials/AssetViewer/EpicQuadPanorama_CC+EV1.EpicQuadPanorama_CC+EV1', its maximum texture size has been explicitly set to 512.
[2025.04.10-16.57.03:799][ 20]LogTexture: Default maximum texture size for cubemaps generated from long-lat sources has been changed from 512 to unlimited. In order to preserve old behaiour for '/Engine/MapTemplates/Sky/SunsetAmbientCubemap.SunsetAmbientCubemap', its maximum texture size has been explicitly set to 512.
[2025.04.10-16.57.03:921][ 20]LogMaterial: Display: Missing cached shadermap for DefaultTextMaterialOpaque in PCD3D_SM5, Default, SM5 (DDC key hash: B78C3437FBC6A4C6EAC769D8537FC9C36CEA16E0), compiling. 
[2025.04.10-16.57.03:924][ 20]LogMaterial: Display: Missing cached shadermap for DefaultTextMaterialOpaque in PCD3D_SM5, Default, SM5 (DDC key hash: F7DC16E35499C8BC0FE1D5152BDCE4E096F6CE49), compiling. 
[2025.04.10-16.57.03:926][ 20]LogMaterial: Display: Missing cached shadermap for FMatExpressionPreview MaterialExpressionFontSampleParameter_0 in PCD3D_SM5, Default, SM5 (DDC key hash: 1E69706DFF98E8844FCBCE4FC53EAF5B3C76C0AA), compiling. 
[2025.04.10-16.57.03:942][ 20]MaterialEditorStats: Texture samplers: 0/16
[2025.04.10-16.57.03:942][ 20]MaterialEditorStats: Texture Lookups (Est.): VS(0), PS(1)
[2025.04.10-16.57.03:942][ 20]MaterialEditorStats: User interpolators: 2/4 Scalars (1/4 Vectors) (TexCoords: 2, Custom: 0)
[2025.04.10-16.57.04:056][ 21]LogShaderCompilers: Display: Submitted 1 shader compile jobs with 'ForceLocal' priority
[2025.04.10-16.57.04:056][ 21]LogShaderCompilers: Display: Submitted 2 shader compile jobs with 'ForceLocal' priority
[2025.04.10-16.57.04:056][ 21]LogShaderCompilers: Display: Worker (1/13): shaders left to compile 3
[2025.04.10-16.57.04:056][ 21]LogShaderCompilers: Display: Worker (2/13): shaders left to compile 2
[2025.04.10-16.57.04:056][ 21]LogShaderCompilers: Display: Worker (3/13): shaders left to compile 1
[2025.04.10-16.57.04:056][ 21]LogShaderCompilers: Display: Started 3 'Local' shader compile jobs with 'ForceLocal' priority
[2025.04.10-16.57.04:056][ 21]LogShaderCompilers: Display: Worker (4/13): shaders left to compile 5
[2025.04.10-16.57.04:056][ 21]LogShaderCompilers: Display: Worker (5/13): shaders left to compile 24
[2025.04.10-16.57.04:056][ 21]LogShaderCompilers: Display: Worker (6/13): shaders left to compile 23
[2025.04.10-16.57.04:056][ 21]LogShaderCompilers: Display: Worker (7/13): shaders left to compile 22
[2025.04.10-16.57.04:056][ 21]LogShaderCompilers: Display: Worker (8/13): shaders left to compile 21
[2025.04.10-16.57.04:057][ 21]LogShaderCompilers: Display: Worker (9/13): shaders left to compile 20
[2025.04.10-16.57.04:057][ 21]LogShaderCompilers: Display: Submitted 25 shader compile jobs with 'Normal' priority
[2025.04.10-16.57.04:057][ 21]LogShaderCompilers: Display: Worker (10/13): shaders left to compile 19
[2025.04.10-16.57.04:057][ 21]LogShaderCompilers: Display: Worker (11/13): shaders left to compile 18
[2025.04.10-16.57.04:057][ 21]LogShaderCompilers: Display: Worker (12/13): shaders left to compile 17
[2025.04.10-16.57.04:057][ 21]LogShaderCompilers: Display: Started 9 'Local' shader compile jobs with 'Normal' priority
[2025.04.10-16.57.04:638][ 65]LogShaderCompilers: Display: Submitted 2 shader compile jobs with 'ForceLocal' priority
[2025.04.10-16.57.05:164][ 94]LogShaderCompilers: Display: === FShaderJobCache stats ===
[2025.04.10-16.57.05:164][ 94]LogShaderCompilers: Display: Total job queries 58, among them cache hits 0 (0.00%)
[2025.04.10-16.57.05:164][ 94]LogShaderCompilers: Display: Tracking 1 distinct input hashes that result in 1 distinct outputs (100.00%)
[2025.04.10-16.57.05:164][ 94]LogShaderCompilers: Display: RAM used: 0.00 MB (0.00 GB) of 1638.40 MB (1.60 GB) budget. Usage: 0.00%
[2025.04.10-16.57.05:164][ 94]LogShaderCompilers: Display: ================================================
[2025.04.10-16.57.05:175][ 95]MaterialEditorStats: Texture samplers: 1/16
[2025.04.10-16.57.05:175][ 95]MaterialEditorStats: Texture Lookups (Est.): VS(0), PS(1)
[2025.04.10-16.57.05:176][ 95]MaterialEditorStats: User interpolators: 2/4 Scalars (1/4 Vectors) (TexCoords: 2, Custom: 0)
[2025.04.10-16.57.05:198][ 97]LogShaderCompilers: Display: Worker (11/13): shaders left to compile 6
[2025.04.10-16.57.05:198][ 97]LogShaderCompilers: Display: Started 1 'Local' shader compile jobs with 'ForceLocal' priority
[2025.04.10-16.57.05:198][ 97]LogShaderCompilers: Display: Worker (10/13): shaders left to compile 5
[2025.04.10-16.57.05:198][ 97]LogShaderCompilers: Display: Worker (12/13): shaders left to compile 4
[2025.04.10-16.57.05:198][ 97]LogShaderCompilers: Display: Started 2 'Local' shader compile jobs with 'ForceLocal' priority
[2025.04.10-16.57.05:371][109]LogShaderCompilers: Display: Worker (7/13): shaders left to compile 3
[2025.04.10-16.57.05:371][109]LogShaderCompilers: Display: Worker (9/13): shaders left to compile 2
[2025.04.10-16.57.05:371][109]LogShaderCompilers: Display: Started 2 'Local' shader compile jobs with 'ForceLocal' priority
[2025.04.10-16.57.05:371][109]LogShaderCompilers: Display: Worker (4/13): shaders left to compile 1
[2025.04.10-16.57.05:371][109]LogShaderCompilers: Display: Started 1 'Local' shader compile jobs with 'ForceLocal' priority
[2025.04.10-16.57.05:517][119]LogShaderCompilers: Display: Worker (8/13): shaders left to compile 12
[2025.04.10-16.57.05:517][119]LogShaderCompilers: Display: Started 2 'Local' shader compile jobs with 'Normal' priority
[2025.04.10-16.57.05:609][125]LogShaderCompilers: Display: Worker (6/13): shaders left to compile 10
[2025.04.10-16.57.05:609][125]LogShaderCompilers: Display: Started 1 'Local' shader compile jobs with 'Normal' priority
[2025.04.10-16.57.05:685][130]LogShaderCompilers: Display: Worker (12/13): shaders left to compile 9
[2025.04.10-16.57.05:685][130]LogShaderCompilers: Display: Started 1 'Local' shader compile jobs with 'Normal' priority
[2025.04.10-16.57.05:715][132]LogShaderCompilers: Display: Worker (2/13): shaders left to compile 8
[2025.04.10-16.57.05:715][132]LogShaderCompilers: Display: Started 1 'Local' shader compile jobs with 'Normal' priority
[2025.04.10-16.57.05:735][133]MaterialEditorStats: Texture samplers: 2/16
[2025.04.10-16.57.05:735][133]MaterialEditorStats: Texture Lookups (Est.): VS(0), PS(1)
[2025.04.10-16.57.05:735][133]MaterialEditorStats: User interpolators: 2/4 Scalars (1/4 Vectors) (TexCoords: 2, Custom: 0)
[2025.04.10-16.57.05:901][144]LogShaderCompilers: Display: Worker (9/13): shaders left to compile 7
[2025.04.10-16.57.05:901][144]LogShaderCompilers: Display: Started 1 'Local' shader compile jobs with 'Normal' priority
[2025.04.10-16.57.06:186][163]LogShaderCompilers: Display: Worker (7/13): shaders left to compile 6
[2025.04.10-16.57.06:186][163]LogShaderCompilers: Display: Started 1 'Local' shader compile jobs with 'Normal' priority
[2025.04.10-16.57.06:236][166]LogShaderCompilers: Display: Worker (4/13): shaders left to compile 5
[2025.04.10-16.57.06:236][166]LogShaderCompilers: Display: Started 1 'Local' shader compile jobs with 'Normal' priority
[2025.04.10-16.57.06:268][168]LogShaderCompilers: Display: Worker (2/13): shaders left to compile 4
[2025.04.10-16.57.06:268][168]LogShaderCompilers: Display: Started 1 'Local' shader compile jobs with 'Normal' priority
[2025.04.10-16.57.06:327][172]LogShaderCompilers: Display: Worker (10/13): shaders left to compile 3
[2025.04.10-16.57.06:327][172]LogShaderCompilers: Display: Started 1 'Local' shader compile jobs with 'Normal' priority
[2025.04.10-16.57.06:528][186]LogShaderCompilers: Display: Worker (12/13): shaders left to compile 2
[2025.04.10-16.57.06:528][186]LogShaderCompilers: Display: Started 1 'Local' shader compile jobs with 'Normal' priority
[2025.04.10-16.57.06:528][186]LogShaderCompilers: Display: Worker (3/13): shaders left to compile 1
[2025.04.10-16.57.06:528][186]LogShaderCompilers: Display: Started 1 'Local' shader compile jobs with 'Normal' priority
[2025.04.10-16.57.11:481][527]MaterialEditorStats: Texture samplers: 5/16
[2025.04.10-16.57.11:481][527]MaterialEditorStats: Texture Lookups (Est.): VS(0), PS(1)
[2025.04.10-16.57.11:481][527]MaterialEditorStats: User interpolators: 2/4 Scalars (1/4 Vectors) (TexCoords: 2, Custom: 0)
[2025.04.10-16.57.13:408][637]MaterialEditorStats: Base pass shader: 816 instructions
[2025.04.10-16.57.13:408][637]MaterialEditorStats: Base pass shader with Volumetric Lightmap: 891 instructions
[2025.04.10-16.57.13:408][637]MaterialEditorStats: Base pass vertex shader: 274 instructions
[2025.04.10-16.57.13:408][637]MaterialEditorStats: Texture samplers: 5/16
[2025.04.10-16.57.13:408][637]MaterialEditorStats: Texture Lookups (Est.): VS(0), PS(1)
[2025.04.10-16.57.13:408][637]MaterialEditorStats: User interpolators: 2/4 Scalars (1/4 Vectors) (TexCoords: 2, Custom: 0)
[2025.04.10-16.57.28:650][286]LogContentBrowser: Deferred new asset file creation: DefaultTextMaterialOpaque1
[2025.04.10-16.57.28:674][286]LogContentBrowser: Creating deferred item: DefaultTextMaterialOpaque1
[2025.04.10-16.57.31:738][611]LogContentBrowser: Attempting asset rename: DefaultTextMaterialOpaque1 -> DefaultTextMaterialOpaque1
[2025.04.10-16.57.31:741][611]LogMaterial: Display: Missing cached shadermap for DefaultTextMaterialOpaque1 in PCD3D_SM5, Default, SM5 (DDC key hash: 37777108998A044BB17BE964C50D35CAD017DDDE), compiling. 
[2025.04.10-16.57.31:783][611]LogShaderCompilers: Display: Submitted 38 shader compile jobs with 'Low' priority
[2025.04.10-16.57.31:784][611]LogContentBrowser: End creating deferred item DefaultTextMaterialOpaque1
[2025.04.10-16.57.31:799][612]LogShaderCompilers: Display: Worker (1/13): shaders left to compile 6
[2025.04.10-16.57.31:800][612]LogShaderCompilers: Display: Worker (2/13): shaders left to compile 5
[2025.04.10-16.57.31:800][612]LogShaderCompilers: Display: Worker (3/13): shaders left to compile 4
[2025.04.10-16.57.31:800][612]LogShaderCompilers: Display: Worker (4/13): shaders left to compile 3
[2025.04.10-16.57.31:800][612]LogShaderCompilers: Display: Worker (5/13): shaders left to compile 2
[2025.04.10-16.57.31:800][612]LogShaderCompilers: Display: Worker (6/13): shaders left to compile 1
[2025.04.10-16.57.31:800][612]LogShaderCompilers: Display: Worker (7/13): shaders left to compile 32
[2025.04.10-16.57.31:800][612]LogShaderCompilers: Display: Worker (8/13): shaders left to compile 29
[2025.04.10-16.57.31:800][612]LogShaderCompilers: Display: Worker (9/13): shaders left to compile 26
[2025.04.10-16.57.31:800][612]LogShaderCompilers: Display: Worker (10/13): shaders left to compile 23
[2025.04.10-16.57.31:800][612]LogShaderCompilers: Display: Worker (11/13): shaders left to compile 20
[2025.04.10-16.57.31:800][612]LogShaderCompilers: Display: Worker (12/13): shaders left to compile 17
[2025.04.10-16.57.31:800][612]LogShaderCompilers: Display: Started 18 'Local' shader compile jobs with 'Normal' priority
[2025.04.10-16.57.31:800][612]LogShaderCompilers: Display: Started 6 'Local' shader compile jobs with 'ForceLocal' priority
[2025.04.10-16.57.32:290][634]LogShaderCompilers: Display: Worker (2/13): shaders left to compile 14
[2025.04.10-16.57.32:291][634]LogShaderCompilers: Display: Started 2 'Local' shader compile jobs with 'Normal' priority
[2025.04.10-16.57.32:539][645]LogShaderCompilers: Display: Worker (3/13): shaders left to compile 12
[2025.04.10-16.57.32:540][645]LogShaderCompilers: Display: Started 2 'Local' shader compile jobs with 'Normal' priority
[2025.04.10-16.57.33:315][678]LogShaderCompilers: Display: Worker (2/13): shaders left to compile 10
[2025.04.10-16.57.33:315][678]LogShaderCompilers: Display: Started 1 'Local' shader compile jobs with 'Normal' priority
[2025.04.10-16.57.33:423][684]LogShaderCompilers: Display: Worker (5/13): shaders left to compile 9
[2025.04.10-16.57.33:423][684]LogShaderCompilers: Display: Started 1 'Local' shader compile jobs with 'Normal' priority
[2025.04.10-16.57.33:826][706]LogShaderCompilers: Display: Worker (6/13): shaders left to compile 8
[2025.04.10-16.57.33:827][706]LogShaderCompilers: Display: Started 1 'Local' shader compile jobs with 'Normal' priority
[2025.04.10-16.57.33:912][710]LogShaderCompilers: Display: Worker (5/13): shaders left to compile 7
[2025.04.10-16.57.33:913][710]LogShaderCompilers: Display: Started 1 'Local' shader compile jobs with 'Normal' priority
[2025.04.10-16.57.34:046][716]LogShaderCompilers: Display: Worker (9/13): shaders left to compile 6
[2025.04.10-16.57.34:046][716]LogShaderCompilers: Display: Started 1 'Local' shader compile jobs with 'Normal' priority
[2025.04.10-16.57.34:111][719]LogShaderCompilers: Display: Worker (8/13): shaders left to compile 5
[2025.04.10-16.57.34:111][719]LogShaderCompilers: Display: Started 1 'Local' shader compile jobs with 'Normal' priority
[2025.04.10-16.57.34:111][719]LogShaderCompilers: Display: Worker (2/13): shaders left to compile 4
[2025.04.10-16.57.34:111][719]LogShaderCompilers: Display: Started 1 'Local' shader compile jobs with 'Normal' priority
[2025.04.10-16.57.34:453][736]LogShaderCompilers: Display: Worker (1/13): shaders left to compile 3
[2025.04.10-16.57.34:453][736]LogShaderCompilers: Display: Started 1 'Local' shader compile jobs with 'Normal' priority
[2025.04.10-16.57.34:566][741]LogShaderCompilers: Display: Worker (9/13): shaders left to compile 2
[2025.04.10-16.57.34:566][741]LogShaderCompilers: Display: Started 1 'Local' shader compile jobs with 'Normal' priority
[2025.04.10-16.57.34:773][751]LogShaderCompilers: Display: Worker (5/13): shaders left to compile 1
[2025.04.10-16.57.34:773][751]LogShaderCompilers: Display: Started 1 'Local' shader compile jobs with 'Normal' priority
[2025.04.10-16.57.42:993][ 71]LogSavePackage: Moving '../../../../../../Users/AlisaDI/Documents/MephiTasks/UnrealProject/Saved/DefaultTextMaterialOpaque1988D9FD34DC1BD920D3E0F8A144EC82D.tmp' to '../../../../../../Users/AlisaDI/Documents/MephiTasks/UnrealProject/Content/Andrey_Contex/DefaultTextMaterialOpaque1.uasset'
[2025.04.10-16.57.43:072][ 71]LogUObjectHash: Compacting FUObjectHashTables data took   1.87ms
[2025.04.10-16.57.43:106][ 71]LogUObjectHash: Compacting FUObjectHashTables data took   1.27ms
[2025.04.10-16.57.43:127][ 71]LogUObjectHash: Compacting FUObjectHashTables data took   0.48ms
[2025.04.10-16.57.43:191][ 71]AssetCheck: New page: Asset Save: DefaultTextMaterialOpaque1
[2025.04.10-16.57.43:191][ 71]LogContentValidation: Display: Validating Material /Game/Andrey_Contex/DefaultTextMaterialOpaque1.DefaultTextMaterialOpaque1
[2025.04.10-16.57.55:347][484]LogContentBrowser: Attempting asset rename: DefaultTextMaterialOpaque1 -> M_Text
[2025.04.10-16.57.55:390][484]Cmd: OBJ SAVEPACKAGE PACKAGE="/Game/Andrey_Contex/M_Text" FILE="../../../../../../Users/AlisaDI/Documents/MephiTasks/UnrealProject/Content/Andrey_Contex/M_Text.uasset" SILENT=true
[2025.04.10-16.57.55:397][484]LogSavePackage: Moving '../../../../../../Users/AlisaDI/Documents/MephiTasks/UnrealProject/Saved/M_Text01914D3E464FA8611301499A453CB2E4.tmp' to '../../../../../../Users/AlisaDI/Documents/MephiTasks/UnrealProject/Content/Andrey_Contex/M_Text.uasset'
[2025.04.10-16.57.55:468][484]LogUObjectHash: Compacting FUObjectHashTables data took   1.79ms
[2025.04.10-16.57.55:500][484]LogUObjectHash: Compacting FUObjectHashTables data took   1.59ms
[2025.04.10-16.57.55:522][484]LogUObjectHash: Compacting FUObjectHashTables data took   0.55ms
[2025.04.10-16.57.55:590][484]AssetCheck: New page: Asset Save: M_Text
[2025.04.10-16.57.55:590][484]LogContentValidation: Display: Validating Material /Game/Andrey_Contex/M_Text.M_Text
[2025.04.10-16.57.56:674][609]LogAssetEditorSubsystem: Opening Asset editor for Material /Game/Andrey_Contex/M_Text.M_Text
[2025.04.10-16.57.56:676][609]LogMaterial: Display: Missing cached shadermap for M_Text in PCD3D_SM5, Default, SM5 (DDC key hash: 99CF43886BCE82752F4C6BD237A579F3DE3691EB), compiling. 
[2025.04.10-16.57.56:696][609]LogShaderCompilers: Display: Submitted 28 shader compile jobs with 'Normal' priority
[2025.04.10-16.57.56:755][609]LogMaterial: Display: Missing cached shadermap for M_Text in PCD3D_SM5, Default, SM5 (DDC key hash: A21DB266DBBFA9B6AADF9A4438EA53C26410821C), compiling. 
[2025.04.10-16.57.56:757][609]LogMaterial: Display: Missing cached shadermap for M_Text in PCD3D_SM5, Default, SM5 (DDC key hash: EA67D6F815B9C62D06013F774E20E0B82F44ABD6), compiling. 
[2025.04.10-16.57.56:759][609]LogMaterial: Display: Missing cached shadermap for FMatExpressionPreview MaterialExpressionFontSampleParameter_0 in PCD3D_SM5, Default, SM5 (DDC key hash: 095C81DAA4A0C140E7753D7144CD7593AFC7A5FC), compiling. 
[2025.04.10-16.57.56:776][609]MaterialEditorStats: Texture samplers: 0/16
[2025.04.10-16.57.56:776][609]MaterialEditorStats: Texture Lookups (Est.): VS(0), PS(1)
[2025.04.10-16.57.56:776][609]MaterialEditorStats: User interpolators: 2/4 Scalars (1/4 Vectors) (TexCoords: 2, Custom: 0)
[2025.04.10-16.57.56:836][610]LogShaderCompilers: Display: Submitted 1 shader compile jobs with 'ForceLocal' priority
[2025.04.10-16.57.56:836][610]LogShaderCompilers: Display: Worker (1/13): shaders left to compile 1
[2025.04.10-16.57.56:836][610]LogShaderCompilers: Display: Started 1 'Local' shader compile jobs with 'ForceLocal' priority
[2025.04.10-16.57.56:836][610]LogShaderCompilers: Display: Submitted 2 shader compile jobs with 'ForceLocal' priority
[2025.04.10-16.57.56:836][610]LogShaderCompilers: Display: Worker (2/13): shaders left to compile 2
[2025.04.10-16.57.56:836][610]LogShaderCompilers: Display: Worker (3/13): shaders left to compile 1
[2025.04.10-16.57.56:836][610]LogShaderCompilers: Display: Started 2 'Local' shader compile jobs with 'ForceLocal' priority
[2025.04.10-16.57.56:870][611]LogShaderCompilers: Display: Submitted 25 shader compile jobs with 'Normal' priority
[2025.04.10-16.57.56:870][611]LogShaderCompilers: Display: Worker (4/13): shaders left to compile 25
[2025.04.10-16.57.56:870][611]LogShaderCompilers: Display: Worker (5/13): shaders left to compile 20
[2025.04.10-16.57.56:870][611]LogShaderCompilers: Display: Worker (6/13): shaders left to compile 17
[2025.04.10-16.57.56:870][611]LogShaderCompilers: Display: Worker (7/13): shaders left to compile 14
[2025.04.10-16.57.56:870][611]LogShaderCompilers: Display: Worker (8/13): shaders left to compile 11
[2025.04.10-16.57.56:870][611]LogShaderCompilers: Display: Worker (9/13): shaders left to compile 8
[2025.04.10-16.57.56:870][611]LogShaderCompilers: Display: Worker (10/13): shaders left to compile 5
[2025.04.10-16.57.56:870][611]LogShaderCompilers: Display: Worker (11/13): shaders left to compile 2
[2025.04.10-16.57.56:870][611]LogShaderCompilers: Display: Started 23 'Local' shader compile jobs with 'Normal' priority
[2025.04.10-16.57.56:885][612]LogShaderCompilers: Display: Worker (12/13): shaders left to compile 2
[2025.04.10-16.57.56:885][612]LogShaderCompilers: Display: Started 1 'Local' shader compile jobs with 'ForceLocal' priority
[2025.04.10-16.57.57:377][650]LogShaderCompilers: Display: Worker (12/13): shaders left to compile 1
[2025.04.10-16.57.57:378][650]LogShaderCompilers: Display: Started 1 'Local' shader compile jobs with 'ForceLocal' priority
[2025.04.10-16.57.57:397][651]MaterialEditorStats: Texture samplers: 1/16
[2025.04.10-16.57.57:398][651]MaterialEditorStats: Texture Lookups (Est.): VS(0), PS(1)
[2025.04.10-16.57.57:398][651]MaterialEditorStats: User interpolators: 2/4 Scalars (1/4 Vectors) (TexCoords: 2, Custom: 0)
[2025.04.10-16.57.58:133][703]MaterialEditorStats: Texture samplers: 2/16
[2025.04.10-16.57.58:133][703]MaterialEditorStats: Texture Lookups (Est.): VS(0), PS(1)
[2025.04.10-16.57.58:133][703]MaterialEditorStats: User interpolators: 2/4 Scalars (1/4 Vectors) (TexCoords: 2, Custom: 0)
[2025.04.10-16.58.03:909][208]MaterialEditorStats: Texture samplers: 5/16
[2025.04.10-16.58.03:909][208]MaterialEditorStats: Texture Lookups (Est.): VS(0), PS(1)
[2025.04.10-16.58.03:909][208]MaterialEditorStats: User interpolators: 2/4 Scalars (1/4 Vectors) (TexCoords: 2, Custom: 0)
[2025.04.10-16.58.09:190][819]MaterialEditorStats: Base pass shader: 816 instructions
[2025.04.10-16.58.09:190][819]MaterialEditorStats: Base pass shader with Volumetric Lightmap: 891 instructions
[2025.04.10-16.58.09:190][819]MaterialEditorStats: Base pass vertex shader: 274 instructions
[2025.04.10-16.58.09:190][819]MaterialEditorStats: Texture samplers: 5/16
[2025.04.10-16.58.09:190][819]MaterialEditorStats: Texture Lookups (Est.): VS(0), PS(1)
[2025.04.10-16.58.09:190][819]MaterialEditorStats: User interpolators: 2/4 Scalars (1/4 Vectors) (TexCoords: 2, Custom: 0)
[2025.04.10-16.58.10:784][ 10]LogMaterial: Display: Missing cached shadermap for M_Text in PCD3D_SM5, Default, SM5 (DDC key hash: 0F60B4F44237BF3D1BBD96A3062FDDEA58672B80), compiling. 
[2025.04.10-16.58.10:786][ 10]MaterialEditorStats: Texture samplers: 0/16
[2025.04.10-16.58.10:786][ 10]MaterialEditorStats: Texture Lookups (Est.): VS(0), PS(1)
[2025.04.10-16.58.10:786][ 10]MaterialEditorStats: User interpolators: 2/4 Scalars (1/4 Vectors) (TexCoords: 2, Custom: 0)
[2025.04.10-16.58.10:815][ 12]MaterialEditorStats: Texture samplers: 5/16
[2025.04.10-16.58.10:815][ 12]MaterialEditorStats: Texture Lookups (Est.): VS(0), PS(1)
[2025.04.10-16.58.10:815][ 12]MaterialEditorStats: User interpolators: 2/4 Scalars (1/4 Vectors) (TexCoords: 2, Custom: 0)
[2025.04.10-16.58.10:850][ 14]MaterialEditorStats: Base pass shader: 816 instructions
[2025.04.10-16.58.10:850][ 14]MaterialEditorStats: Base pass shader with Volumetric Lightmap: 891 instructions
[2025.04.10-16.58.10:850][ 14]MaterialEditorStats: Base pass vertex shader: 274 instructions
[2025.04.10-16.58.10:850][ 14]MaterialEditorStats: Texture samplers: 5/16
[2025.04.10-16.58.10:850][ 14]MaterialEditorStats: Texture Lookups (Est.): VS(0), PS(1)
[2025.04.10-16.58.10:850][ 14]MaterialEditorStats: User interpolators: 2/4 Scalars (1/4 Vectors) (TexCoords: 2, Custom: 0)
[2025.04.10-16.58.12:718][209]LogMaterial: Display: Missing cached shadermap for M_Text in PCD3D_SM5, Default, SM5 (DDC key hash: 099E79F5EC0C545C5B7306D6EF5218BA80053DFB), compiling. 
[2025.04.10-16.58.12:722][209]MaterialEditorStats: Texture samplers: 0/16
[2025.04.10-16.58.12:722][209]MaterialEditorStats: Texture Lookups (Est.): VS(0), PS(1)
[2025.04.10-16.58.12:722][209]MaterialEditorStats: User interpolators: 2/4 Scalars (1/4 Vectors) (TexCoords: 2, Custom: 0)
[2025.04.10-16.58.12:754][211]MaterialEditorStats: Texture samplers: 1/16
[2025.04.10-16.58.12:754][211]MaterialEditorStats: Texture Lookups (Est.): VS(0), PS(1)
[2025.04.10-16.58.12:754][211]MaterialEditorStats: User interpolators: 2/4 Scalars (1/4 Vectors) (TexCoords: 2, Custom: 0)
[2025.04.10-16.58.12:773][212]MaterialEditorStats: Texture samplers: 5/16
[2025.04.10-16.58.12:773][212]MaterialEditorStats: Texture Lookups (Est.): VS(0), PS(1)
[2025.04.10-16.58.12:773][212]MaterialEditorStats: User interpolators: 2/4 Scalars (1/4 Vectors) (TexCoords: 2, Custom: 0)
[2025.04.10-16.58.12:807][214]MaterialEditorStats: Base pass shader: 816 instructions
[2025.04.10-16.58.12:807][214]MaterialEditorStats: Base pass shader with Volumetric Lightmap: 891 instructions
[2025.04.10-16.58.12:807][214]MaterialEditorStats: Base pass vertex shader: 274 instructions
[2025.04.10-16.58.12:807][214]MaterialEditorStats: Texture samplers: 5/16
[2025.04.10-16.58.12:807][214]MaterialEditorStats: Texture Lookups (Est.): VS(0), PS(1)
[2025.04.10-16.58.12:807][214]MaterialEditorStats: User interpolators: 2/4 Scalars (1/4 Vectors) (TexCoords: 2, Custom: 0)
[2025.04.10-16.58.18:204][846]LogMaterial: Display: Missing cached shadermap for M_Text in PCD3D_SM5, Default, SM5 (DDC key hash: A4A6826438DA1AEC7F9F7CA8199841BBAA5C86F5), compiling. 
[2025.04.10-16.58.18:207][846]MaterialEditorStats: Texture samplers: 0/16
[2025.04.10-16.58.18:207][846]MaterialEditorStats: Texture Lookups (Est.): VS(0), PS(1)
[2025.04.10-16.58.18:207][846]MaterialEditorStats: User interpolators: 2/4 Scalars (1/4 Vectors) (TexCoords: 2, Custom: 0)
[2025.04.10-16.58.18:238][848]MaterialEditorStats: Texture samplers: 5/16
[2025.04.10-16.58.18:238][848]MaterialEditorStats: Texture Lookups (Est.): VS(0), PS(1)
[2025.04.10-16.58.18:238][848]MaterialEditorStats: User interpolators: 2/4 Scalars (1/4 Vectors) (TexCoords: 2, Custom: 0)
[2025.04.10-16.58.18:275][850]MaterialEditorStats: Base pass shader: 816 instructions
[2025.04.10-16.58.18:275][850]MaterialEditorStats: Base pass shader with Volumetric Lightmap: 891 instructions
[2025.04.10-16.58.18:275][850]MaterialEditorStats: Base pass vertex shader: 274 instructions
[2025.04.10-16.58.18:275][850]MaterialEditorStats: Texture samplers: 5/16
[2025.04.10-16.58.18:275][850]MaterialEditorStats: Texture Lookups (Est.): VS(0), PS(1)
[2025.04.10-16.58.18:275][850]MaterialEditorStats: User interpolators: 2/4 Scalars (1/4 Vectors) (TexCoords: 2, Custom: 0)
[2025.04.10-16.58.25:572][700]LogMaterial: Display: Missing cached shadermap for M_Text in PCD3D_SM5, Default, SM5 (DDC key hash: 78199CECB77347DE6FF39D4DC06F56739DE21EC5), compiling. 
[2025.04.10-16.58.25:576][700]MaterialEditorStats: Texture samplers: 0/16
[2025.04.10-16.58.25:576][700]MaterialEditorStats: Texture Lookups (Est.): VS(0), PS(1)
[2025.04.10-16.58.25:576][700]MaterialEditorStats: User interpolators: 2/4 Scalars (1/4 Vectors) (TexCoords: 2, Custom: 0)
[2025.04.10-16.58.25:608][702]MaterialEditorStats: Texture samplers: 5/16
[2025.04.10-16.58.25:608][702]MaterialEditorStats: Texture Lookups (Est.): VS(0), PS(1)
[2025.04.10-16.58.25:608][702]MaterialEditorStats: User interpolators: 2/4 Scalars (1/4 Vectors) (TexCoords: 2, Custom: 0)
[2025.04.10-16.58.25:645][704]MaterialEditorStats: Base pass shader: 816 instructions
[2025.04.10-16.58.25:645][704]MaterialEditorStats: Base pass shader with Volumetric Lightmap: 891 instructions
[2025.04.10-16.58.25:645][704]MaterialEditorStats: Base pass vertex shader: 274 instructions
[2025.04.10-16.58.25:645][704]MaterialEditorStats: Texture samplers: 5/16
[2025.04.10-16.58.25:645][704]MaterialEditorStats: Texture Lookups (Est.): VS(0), PS(1)
[2025.04.10-16.58.25:645][704]MaterialEditorStats: User interpolators: 2/4 Scalars (1/4 Vectors) (TexCoords: 2, Custom: 0)
[2025.04.10-16.58.30:912][293]LogMaterial: Display: Missing cached shadermap for M_Text in PCD3D_SM5, Default, SM5 (DDC key hash: 4006762D4FC3D0D8E86FC4F5DC38D0CD29EC0810), compiling. 
[2025.04.10-16.58.30:915][293]LogMaterial: Display: Missing cached shadermap for M_Text in PCD3D_SM5, Default, SM5 (DDC key hash: C0C64B0DF67E87BD05551568A5EBF1C262A7EE4C), compiling. 
[2025.04.10-16.58.30:919][293]MaterialEditorStats: Texture samplers: 0/16
[2025.04.10-16.58.30:920][293]MaterialEditorStats: Texture Lookups (Est.): VS(0), PS(1)
[2025.04.10-16.58.30:920][293]MaterialEditorStats: User interpolators: 2/4 Scalars (1/4 Vectors) (TexCoords: 2, Custom: 0)
[2025.04.10-16.58.30:954][295]MaterialEditorStats: Texture samplers: 5/16
[2025.04.10-16.58.30:954][295]MaterialEditorStats: Texture Lookups (Est.): VS(0), PS(1)
[2025.04.10-16.58.30:954][295]MaterialEditorStats: User interpolators: 2/4 Scalars (1/4 Vectors) (TexCoords: 2, Custom: 0)
[2025.04.10-16.58.30:996][297]MaterialEditorStats: Base pass shader: 816 instructions
[2025.04.10-16.58.30:996][297]MaterialEditorStats: Base pass shader with Volumetric Lightmap: 891 instructions
[2025.04.10-16.58.30:996][297]MaterialEditorStats: Base pass vertex shader: 274 instructions
[2025.04.10-16.58.30:996][297]MaterialEditorStats: Texture samplers: 5/16
[2025.04.10-16.58.30:996][297]MaterialEditorStats: Texture Lookups (Est.): VS(0), PS(1)
[2025.04.10-16.58.30:996][297]MaterialEditorStats: User interpolators: 2/4 Scalars (1/4 Vectors) (TexCoords: 2, Custom: 0)
[2025.04.10-16.58.33:648][614]LogMaterial: Display: Missing cached shadermap for M_Text in PCD3D_SM5, Default, SM5 (DDC key hash: A449575DF0A01BE3F43D978006217DC47D0A2E32), compiling. 
[2025.04.10-16.58.33:651][614]MaterialEditorStats: Texture samplers: 0/16
[2025.04.10-16.58.33:651][614]MaterialEditorStats: Texture Lookups (Est.): VS(0), PS(1)
[2025.04.10-16.58.33:651][614]MaterialEditorStats: User interpolators: 2/4 Scalars (1/4 Vectors) (TexCoords: 2, Custom: 0)
[2025.04.10-16.58.33:687][616]MaterialEditorStats: Texture samplers: 5/16
[2025.04.10-16.58.33:687][616]MaterialEditorStats: Texture Lookups (Est.): VS(0), PS(1)
[2025.04.10-16.58.33:687][616]MaterialEditorStats: User interpolators: 2/4 Scalars (1/4 Vectors) (TexCoords: 2, Custom: 0)
[2025.04.10-16.58.33:725][618]MaterialEditorStats: Base pass shader: 816 instructions
[2025.04.10-16.58.33:725][618]MaterialEditorStats: Base pass shader with Volumetric Lightmap: 891 instructions
[2025.04.10-16.58.33:725][618]MaterialEditorStats: Base pass vertex shader: 274 instructions
[2025.04.10-16.58.33:725][618]MaterialEditorStats: Texture samplers: 5/16
[2025.04.10-16.58.33:726][618]MaterialEditorStats: Texture Lookups (Est.): VS(0), PS(1)
[2025.04.10-16.58.33:726][618]MaterialEditorStats: User interpolators: 2/4 Scalars (1/4 Vectors) (TexCoords: 2, Custom: 0)
[2025.04.10-16.58.43:585][797]LogMaterial: Display: Missing cached shadermap for M_Text in PCD3D_SM5, Default, SM5 (DDC key hash: 6D2D483CA4B6ABBDA846B9B19C7246A8FEDFE2A0), compiling. 
[2025.04.10-16.58.43:589][797]LogMaterial: Display: Missing cached shadermap for M_Text in PCD3D_SM5, Default, SM5 (DDC key hash: 9DDF1AE72731A87B1276D3362A3CC74DD076E4CE), compiling. 
[2025.04.10-16.58.43:591][797]MaterialEditorStats: Texture samplers: 0/16
[2025.04.10-16.58.43:591][797]MaterialEditorStats: Texture Lookups (Est.): VS(0), PS(1)
[2025.04.10-16.58.43:591][797]MaterialEditorStats: User interpolators: 2/4 Scalars (1/4 Vectors) (TexCoords: 2, Custom: 0)
[2025.04.10-16.58.43:620][799]MaterialEditorStats: Texture samplers: 5/16
[2025.04.10-16.58.43:620][799]MaterialEditorStats: Texture Lookups (Est.): VS(0), PS(1)
[2025.04.10-16.58.43:620][799]MaterialEditorStats: User interpolators: 2/4 Scalars (1/4 Vectors) (TexCoords: 2, Custom: 0)
[2025.04.10-16.58.43:656][801]MaterialEditorStats: Base pass shader: 816 instructions
[2025.04.10-16.58.43:656][801]MaterialEditorStats: Base pass shader with Volumetric Lightmap: 891 instructions
[2025.04.10-16.58.43:656][801]MaterialEditorStats: Base pass vertex shader: 274 instructions
[2025.04.10-16.58.43:656][801]MaterialEditorStats: Texture samplers: 5/16
[2025.04.10-16.58.43:656][801]MaterialEditorStats: Texture Lookups (Est.): VS(0), PS(1)
[2025.04.10-16.58.43:656][801]MaterialEditorStats: User interpolators: 2/4 Scalars (1/4 Vectors) (TexCoords: 2, Custom: 0)
[2025.04.10-16.58.46:335][ 93]LogMaterial: Display: Missing cached shadermap for M_Text in PCD3D_SM5, Default, SM5 (DDC key hash: ED16020F2753408869DC44610D7BC17DFB93B2C1), compiling. 
[2025.04.10-16.58.46:339][ 93]MaterialEditorStats: Texture samplers: 0/16
[2025.04.10-16.58.46:339][ 93]MaterialEditorStats: Texture Lookups (Est.): VS(0), PS(1)
[2025.04.10-16.58.46:339][ 93]MaterialEditorStats: User interpolators: 2/4 Scalars (1/4 Vectors) (TexCoords: 2, Custom: 0)
[2025.04.10-16.58.46:368][ 95]MaterialEditorStats: Texture samplers: 1/16
[2025.04.10-16.58.46:368][ 95]MaterialEditorStats: Texture Lookups (Est.): VS(0), PS(1)
[2025.04.10-16.58.46:368][ 95]MaterialEditorStats: User interpolators: 2/4 Scalars (1/4 Vectors) (TexCoords: 2, Custom: 0)
[2025.04.10-16.58.46:386][ 96]MaterialEditorStats: Texture samplers: 5/16
[2025.04.10-16.58.46:386][ 96]MaterialEditorStats: Texture Lookups (Est.): VS(0), PS(1)
[2025.04.10-16.58.46:386][ 96]MaterialEditorStats: User interpolators: 2/4 Scalars (1/4 Vectors) (TexCoords: 2, Custom: 0)
[2025.04.10-16.58.46:416][ 98]MaterialEditorStats: Base pass shader: 816 instructions
[2025.04.10-16.58.46:416][ 98]MaterialEditorStats: Base pass shader with Volumetric Lightmap: 891 instructions
[2025.04.10-16.58.46:416][ 98]MaterialEditorStats: Base pass vertex shader: 274 instructions
[2025.04.10-16.58.46:416][ 98]MaterialEditorStats: Texture samplers: 5/16
[2025.04.10-16.58.46:416][ 98]MaterialEditorStats: Texture Lookups (Est.): VS(0), PS(1)
[2025.04.10-16.58.46:416][ 98]MaterialEditorStats: User interpolators: 2/4 Scalars (1/4 Vectors) (TexCoords: 2, Custom: 0)
[2025.04.10-16.58.52:607][798]LogMaterial: Display: Missing cached shadermap for M_Text in PCD3D_SM5, Default, SM5 (DDC key hash: EF0525A962910B347DD11D9FA205D1055C1C28F6), compiling. 
[2025.04.10-16.58.52:611][798]MaterialEditorStats: Texture samplers: 0/16
[2025.04.10-16.58.52:611][798]MaterialEditorStats: Texture Lookups (Est.): VS(0), PS(1)
[2025.04.10-16.58.52:611][798]MaterialEditorStats: User interpolators: 2/4 Scalars (1/4 Vectors) (TexCoords: 2, Custom: 0)
[2025.04.10-16.58.52:639][800]MaterialEditorStats: Texture samplers: 1/16
[2025.04.10-16.58.52:639][800]MaterialEditorStats: Texture Lookups (Est.): VS(0), PS(1)
[2025.04.10-16.58.52:639][800]MaterialEditorStats: User interpolators: 2/4 Scalars (1/4 Vectors) (TexCoords: 2, Custom: 0)
[2025.04.10-16.58.52:659][801]MaterialEditorStats: Texture samplers: 5/16
[2025.04.10-16.58.52:659][801]MaterialEditorStats: Texture Lookups (Est.): VS(0), PS(1)
[2025.04.10-16.58.52:659][801]MaterialEditorStats: User interpolators: 2/4 Scalars (1/4 Vectors) (TexCoords: 2, Custom: 0)
[2025.04.10-16.58.52:676][802]MaterialEditorStats: Base pass shader: 816 instructions
[2025.04.10-16.58.52:677][802]MaterialEditorStats: Base pass shader with Volumetric Lightmap: 891 instructions
[2025.04.10-16.58.52:677][802]MaterialEditorStats: Base pass vertex shader: 274 instructions
[2025.04.10-16.58.52:677][802]MaterialEditorStats: Texture samplers: 5/16
[2025.04.10-16.58.52:677][802]MaterialEditorStats: Texture Lookups (Est.): VS(0), PS(1)
[2025.04.10-16.58.52:677][802]MaterialEditorStats: User interpolators: 2/4 Scalars (1/4 Vectors) (TexCoords: 2, Custom: 0)
[2025.04.10-16.58.53:995][959]LogMaterial: Display: Missing cached shadermap for PreviewMaterial_0 in PCD3D_SM5, Default, SM5 (DDC key hash: A2C0D92D84303C3CBA1BD3459D1315CC039BD4EE), compiling. 
[2025.04.10-16.58.53:997][959]LogMaterial: Display: Missing cached shadermap for M_Text in PCD3D_SM5, Default, SM5 (DDC key hash: 7A307C0F635A49F2D4FF18FB78C5F58381D64E2C), compiling. 
[2025.04.10-16.58.54:000][959]MaterialEditorStats: Texture samplers: 0/16
[2025.04.10-16.58.54:000][959]MaterialEditorStats: Texture Lookups (Est.): VS(0), PS(1)
[2025.04.10-16.58.54:000][959]MaterialEditorStats: User interpolators: 2/4 Scalars (1/4 Vectors) (TexCoords: 2, Custom: 0)
[2025.04.10-16.58.54:017][960]LogShaderCompilers: Display: Submitted 2 shader compile jobs with 'ForceLocal' priority
[2025.04.10-16.58.54:017][960]LogShaderCompilers: Display: Submitted 1 shader compile jobs with 'Normal' priority
[2025.04.10-16.58.54:017][960]LogShaderCompilers: Display: Worker (1/13): shaders left to compile 2
[2025.04.10-16.58.54:017][960]LogShaderCompilers: Display: Worker (2/13): shaders left to compile 1
[2025.04.10-16.58.54:017][960]LogShaderCompilers: Display: Worker (3/13): shaders left to compile 1
[2025.04.10-16.58.54:017][960]LogShaderCompilers: Display: Started 1 'Local' shader compile jobs with 'Normal' priority
[2025.04.10-16.58.54:017][960]LogShaderCompilers: Display: Started 2 'Local' shader compile jobs with 'ForceLocal' priority
[2025.04.10-16.58.56:822][289]LogMaterial: Display: Missing cached shadermap for M_Text in PCD3D_SM5, Default, SM5 (DDC key hash: FF0F26582C32366F7DB3F55FE952050C9A1B14EE), compiling. 
[2025.04.10-16.58.58:953][541]LogMaterial: Display: Missing cached shadermap for M_Text in PCD3D_SM5, Default, SM5 (DDC key hash: BECDEBBEBC234E56C9DB8AEF6069FC27B85A8317), compiling. 
[2025.04.10-16.58.58:986][543]MaterialEditorStats: Texture samplers: 5/16
[2025.04.10-16.58.58:986][543]MaterialEditorStats: Texture Lookups (Est.): VS(0), PS(1)
[2025.04.10-16.58.58:986][543]MaterialEditorStats: User interpolators: 2/4 Scalars (1/4 Vectors) (TexCoords: 2, Custom: 0)
[2025.04.10-16.58.59:021][545]MaterialEditorStats: Base pass shader: 816 instructions
[2025.04.10-16.58.59:021][545]MaterialEditorStats: Base pass shader with Volumetric Lightmap: 891 instructions
[2025.04.10-16.58.59:021][545]MaterialEditorStats: Base pass vertex shader: 274 instructions
[2025.04.10-16.58.59:021][545]MaterialEditorStats: Texture samplers: 5/16
[2025.04.10-16.58.59:021][545]MaterialEditorStats: Texture Lookups (Est.): VS(0), PS(1)
[2025.04.10-16.58.59:021][545]MaterialEditorStats: User interpolators: 2/4 Scalars (1/4 Vectors) (TexCoords: 2, Custom: 0)
[2025.04.10-16.59.01:888][884]LogMaterial: Display: Missing cached shadermap for M_Text in PCD3D_SM5, Default, SM5 (DDC key hash: 418149C2A1C765D8F0C9BCFBB38F057DEA308F89), compiling. 
[2025.04.10-16.59.01:890][884]MaterialEditorStats: Texture samplers: 0/16
[2025.04.10-16.59.01:890][884]MaterialEditorStats: Texture Lookups (Est.): VS(0), PS(1)
[2025.04.10-16.59.01:890][884]MaterialEditorStats: User interpolators: 2/4 Scalars (1/4 Vectors) (TexCoords: 2, Custom: 0)
[2025.04.10-16.59.01:922][886]MaterialEditorStats: Texture samplers: 5/16
[2025.04.10-16.59.01:922][886]MaterialEditorStats: Texture Lookups (Est.): VS(0), PS(1)
[2025.04.10-16.59.01:922][886]MaterialEditorStats: User interpolators: 2/4 Scalars (1/4 Vectors) (TexCoords: 2, Custom: 0)
[2025.04.10-16.59.01:969][889]MaterialEditorStats: Base pass shader: 816 instructions
[2025.04.10-16.59.01:969][889]MaterialEditorStats: Base pass shader with Volumetric Lightmap: 891 instructions
[2025.04.10-16.59.01:969][889]MaterialEditorStats: Base pass vertex shader: 274 instructions
[2025.04.10-16.59.01:969][889]MaterialEditorStats: Texture samplers: 5/16
[2025.04.10-16.59.01:969][889]MaterialEditorStats: Texture Lookups (Est.): VS(0), PS(1)
[2025.04.10-16.59.01:969][889]MaterialEditorStats: User interpolators: 2/4 Scalars (1/4 Vectors) (TexCoords: 2, Custom: 0)
[2025.04.10-16.59.04:730][191]LogMaterial: Display: Missing cached shadermap for M_Text in PCD3D_SM5, Default, SM5 (DDC key hash: BA45540EEB8E5B9CD6090A2AAED9D69A1204FB03), compiling. 
[2025.04.10-16.59.04:735][191]MaterialEditorStats: Texture samplers: 0/16
[2025.04.10-16.59.04:735][191]MaterialEditorStats: Texture Lookups (Est.): VS(0), PS(1)
[2025.04.10-16.59.04:735][191]MaterialEditorStats: User interpolators: 2/4 Scalars (1/4 Vectors) (TexCoords: 2, Custom: 0)
[2025.04.10-16.59.04:768][193]MaterialEditorStats: Texture samplers: 2/16
[2025.04.10-16.59.04:768][193]MaterialEditorStats: Texture Lookups (Est.): VS(0), PS(1)
[2025.04.10-16.59.04:768][193]MaterialEditorStats: User interpolators: 2/4 Scalars (1/4 Vectors) (TexCoords: 2, Custom: 0)
[2025.04.10-16.59.04:788][194]MaterialEditorStats: Texture samplers: 5/16
[2025.04.10-16.59.04:788][194]MaterialEditorStats: Texture Lookups (Est.): VS(0), PS(1)
[2025.04.10-16.59.04:788][194]MaterialEditorStats: User interpolators: 2/4 Scalars (1/4 Vectors) (TexCoords: 2, Custom: 0)
[2025.04.10-16.59.04:828][196]MaterialEditorStats: Base pass shader: 816 instructions
[2025.04.10-16.59.04:828][196]MaterialEditorStats: Base pass shader with Volumetric Lightmap: 891 instructions
[2025.04.10-16.59.04:828][196]MaterialEditorStats: Base pass vertex shader: 274 instructions
[2025.04.10-16.59.04:828][196]MaterialEditorStats: Texture samplers: 5/16
[2025.04.10-16.59.04:828][196]MaterialEditorStats: Texture Lookups (Est.): VS(0), PS(1)
[2025.04.10-16.59.04:828][196]MaterialEditorStats: User interpolators: 2/4 Scalars (1/4 Vectors) (TexCoords: 2, Custom: 0)
[2025.04.10-16.59.20:774][992]LogMaterial: Display: Missing cached shadermap for M_Text in PCD3D_SM5, Default, SM5 (DDC key hash: DC77852A40E90CEACECE83330576B508CC6527FD), compiling. 
[2025.04.10-16.59.20:777][992]LogMaterial: Display: Missing cached shadermap for M_Text in PCD3D_SM5, Default, SM5 (DDC key hash: E28C53080EF73F06F888E9DF30266F46A57FE51B), compiling. 
[2025.04.10-16.59.20:779][992]MaterialEditorStats: Texture samplers: 0/16
[2025.04.10-16.59.20:779][992]MaterialEditorStats: Texture Lookups (Est.): VS(0), PS(1)
[2025.04.10-16.59.20:779][992]MaterialEditorStats: User interpolators: 2/4 Scalars (1/4 Vectors) (TexCoords: 2, Custom: 0)
[2025.04.10-16.59.20:807][994]MaterialEditorStats: Texture samplers: 1/16
[2025.04.10-16.59.20:807][994]MaterialEditorStats: Texture Lookups (Est.): VS(0), PS(1)
[2025.04.10-16.59.20:807][994]MaterialEditorStats: User interpolators: 2/4 Scalars (1/4 Vectors) (TexCoords: 2, Custom: 0)
[2025.04.10-16.59.20:827][995]MaterialEditorStats: Texture samplers: 5/16
[2025.04.10-16.59.20:827][995]MaterialEditorStats: Texture Lookups (Est.): VS(0), PS(1)
[2025.04.10-16.59.20:827][995]MaterialEditorStats: User interpolators: 2/4 Scalars (1/4 Vectors) (TexCoords: 2, Custom: 0)
[2025.04.10-16.59.20:846][996]MaterialEditorStats: Base pass shader: 816 instructions
[2025.04.10-16.59.20:846][996]MaterialEditorStats: Base pass shader with Volumetric Lightmap: 891 instructions
[2025.04.10-16.59.20:846][996]MaterialEditorStats: Base pass vertex shader: 274 instructions
[2025.04.10-16.59.20:846][996]MaterialEditorStats: Texture samplers: 5/16
[2025.04.10-16.59.20:846][996]MaterialEditorStats: Texture Lookups (Est.): VS(0), PS(1)
[2025.04.10-16.59.20:846][996]MaterialEditorStats: User interpolators: 2/4 Scalars (1/4 Vectors) (TexCoords: 2, Custom: 0)
[2025.04.10-16.59.23:898][358]LogMaterial: Display: Missing cached shadermap for PreviewMaterial_1 in PCD3D_SM5, Default, SM5 (DDC key hash: 255264BA602F7CBECEE6B6D191F51A71E7FA39BF), compiling. 
[2025.04.10-16.59.23:901][358]LogMaterial: Display: Missing cached shadermap for M_Text in PCD3D_SM5, Default, SM5 (DDC key hash: B85EA404BE549EEEDDFDEDA8378FE292FF58D1E1), compiling. 
[2025.04.10-16.59.23:903][358]MaterialEditorStats: Texture samplers: 0/16
[2025.04.10-16.59.23:903][358]MaterialEditorStats: Texture Lookups (Est.): VS(0), PS(1)
[2025.04.10-16.59.23:903][358]MaterialEditorStats: User interpolators: 2/4 Scalars (1/4 Vectors) (TexCoords: 2, Custom: 0)
[2025.04.10-16.59.23:931][359]LogShaderCompilers: Display: Submitted 2 shader compile jobs with 'ForceLocal' priority
[2025.04.10-16.59.23:931][359]LogShaderCompilers: Display: Worker (1/13): shaders left to compile 2
[2025.04.10-16.59.23:931][359]LogShaderCompilers: Display: Worker (2/13): shaders left to compile 1
[2025.04.10-16.59.23:931][359]LogShaderCompilers: Display: Started 2 'Local' shader compile jobs with 'ForceLocal' priority
[2025.04.10-16.59.23:931][359]LogShaderCompilers: Display: Submitted 1 shader compile jobs with 'Normal' priority
[2025.04.10-16.59.23:931][359]LogShaderCompilers: Display: Worker (3/13): shaders left to compile 1
[2025.04.10-16.59.23:931][359]LogShaderCompilers: Display: Started 1 'Local' shader compile jobs with 'Normal' priority
[2025.04.10-16.59.28:349][880]LogMaterial: Display: Missing cached shadermap for M_Text in PCD3D_SM5, Default, SM5 (DDC key hash: E438EE990F1247B20FA5F2F721A1220FABAC5443), compiling. 
[2025.04.10-16.59.28:383][882]MaterialEditorStats: Texture samplers: 5/16
[2025.04.10-16.59.28:383][882]MaterialEditorStats: Texture Lookups (Est.): VS(0), PS(1)
[2025.04.10-16.59.28:383][882]MaterialEditorStats: User interpolators: 2/4 Scalars (1/4 Vectors) (TexCoords: 2, Custom: 0)
[2025.04.10-16.59.28:419][884]MaterialEditorStats: Base pass shader: 816 instructions
[2025.04.10-16.59.28:419][884]MaterialEditorStats: Base pass shader with Volumetric Lightmap: 891 instructions
[2025.04.10-16.59.28:420][884]MaterialEditorStats: Base pass vertex shader: 274 instructions
[2025.04.10-16.59.28:420][884]MaterialEditorStats: Texture samplers: 5/16
[2025.04.10-16.59.28:420][884]MaterialEditorStats: Texture Lookups (Est.): VS(0), PS(1)
[2025.04.10-16.59.28:420][884]MaterialEditorStats: User interpolators: 2/4 Scalars (1/4 Vectors) (TexCoords: 2, Custom: 0)
[2025.04.10-16.59.32:437][363]LogMaterial: Display: Missing cached shadermap for M_Text in PCD3D_SM5, Default, SM5 (DDC key hash: 2D2EEF84817D0EA4D569762C235368033C6EBA5C), compiling. 
[2025.04.10-16.59.32:439][363]MaterialEditorStats: Texture samplers: 0/16
[2025.04.10-16.59.32:439][363]MaterialEditorStats: Texture Lookups (Est.): VS(0), PS(1)
[2025.04.10-16.59.32:439][363]MaterialEditorStats: User interpolators: 2/4 Scalars (1/4 Vectors) (TexCoords: 2, Custom: 0)
[2025.04.10-16.59.32:469][365]MaterialEditorStats: Texture samplers: 5/16
[2025.04.10-16.59.32:469][365]MaterialEditorStats: Texture Lookups (Est.): VS(0), PS(1)
[2025.04.10-16.59.32:469][365]MaterialEditorStats: User interpolators: 2/4 Scalars (1/4 Vectors) (TexCoords: 2, Custom: 0)
[2025.04.10-16.59.32:503][367]MaterialEditorStats: Base pass shader: 816 instructions
[2025.04.10-16.59.32:503][367]MaterialEditorStats: Base pass shader with Volumetric Lightmap: 891 instructions
[2025.04.10-16.59.32:503][367]MaterialEditorStats: Base pass vertex shader: 274 instructions
[2025.04.10-16.59.32:503][367]MaterialEditorStats: Texture samplers: 5/16
[2025.04.10-16.59.32:503][367]MaterialEditorStats: Texture Lookups (Est.): VS(0), PS(1)
[2025.04.10-16.59.32:503][367]MaterialEditorStats: User interpolators: 2/4 Scalars (1/4 Vectors) (TexCoords: 2, Custom: 0)
[2025.04.10-16.59.34:855][615]LogMaterial: Display: Missing cached shadermap for M_Text in PCD3D_SM5, Default, SM5 (DDC key hash: F2D94F4075828135738D504641D6B82A91FF42CA), compiling. 
[2025.04.10-16.59.34:859][615]MaterialEditorStats: Texture samplers: 0/16
[2025.04.10-16.59.34:859][615]MaterialEditorStats: Texture Lookups (Est.): VS(0), PS(1)
[2025.04.10-16.59.34:859][615]MaterialEditorStats: User interpolators: 2/4 Scalars (1/4 Vectors) (TexCoords: 2, Custom: 0)
[2025.04.10-16.59.34:888][617]MaterialEditorStats: Texture samplers: 1/16
[2025.04.10-16.59.34:888][617]MaterialEditorStats: Texture Lookups (Est.): VS(0), PS(1)
[2025.04.10-16.59.34:888][617]MaterialEditorStats: User interpolators: 2/4 Scalars (1/4 Vectors) (TexCoords: 2, Custom: 0)
[2025.04.10-16.59.34:914][618]MaterialEditorStats: Texture samplers: 5/16
[2025.04.10-16.59.34:914][618]MaterialEditorStats: Texture Lookups (Est.): VS(0), PS(1)
[2025.04.10-16.59.34:914][618]MaterialEditorStats: User interpolators: 2/4 Scalars (1/4 Vectors) (TexCoords: 2, Custom: 0)
[2025.04.10-16.59.34:934][619]MaterialEditorStats: Base pass shader: 816 instructions
[2025.04.10-16.59.34:934][619]MaterialEditorStats: Base pass shader with Volumetric Lightmap: 891 instructions
[2025.04.10-16.59.34:934][619]MaterialEditorStats: Base pass vertex shader: 274 instructions
[2025.04.10-16.59.34:934][619]MaterialEditorStats: Texture samplers: 5/16
[2025.04.10-16.59.34:934][619]MaterialEditorStats: Texture Lookups (Est.): VS(0), PS(1)
[2025.04.10-16.59.34:934][619]MaterialEditorStats: User interpolators: 2/4 Scalars (1/4 Vectors) (TexCoords: 2, Custom: 0)
[2025.04.10-16.59.38:080][984]LogMaterial: Display: Missing cached shadermap for M_Text in PCD3D_SM5, Default, SM5 (DDC key hash: 9E4CA938E0CFBCA14363B8C5389B4F73701DD7A5), compiling. 
[2025.04.10-16.59.38:082][984]MaterialEditorStats: Texture samplers: 0/16
[2025.04.10-16.59.38:082][984]MaterialEditorStats: Texture Lookups (Est.): VS(0), PS(1)
[2025.04.10-16.59.38:082][984]MaterialEditorStats: User interpolators: 2/4 Scalars (1/4 Vectors) (TexCoords: 2, Custom: 0)
[2025.04.10-16.59.38:121][986]MaterialEditorStats: Texture samplers: 5/16
[2025.04.10-16.59.38:121][986]MaterialEditorStats: Texture Lookups (Est.): VS(0), PS(1)
[2025.04.10-16.59.38:121][986]MaterialEditorStats: User interpolators: 2/4 Scalars (1/4 Vectors) (TexCoords: 2, Custom: 0)
[2025.04.10-16.59.38:155][988]MaterialEditorStats: Base pass shader: 816 instructions
[2025.04.10-16.59.38:155][988]MaterialEditorStats: Base pass shader with Volumetric Lightmap: 891 instructions
[2025.04.10-16.59.38:155][988]MaterialEditorStats: Base pass vertex shader: 274 instructions
[2025.04.10-16.59.38:155][988]MaterialEditorStats: Texture samplers: 5/16
[2025.04.10-16.59.38:155][988]MaterialEditorStats: Texture Lookups (Est.): VS(0), PS(1)
[2025.04.10-16.59.38:155][988]MaterialEditorStats: User interpolators: 2/4 Scalars (1/4 Vectors) (TexCoords: 2, Custom: 0)
[2025.04.10-16.59.47:762][140]LogMaterial: Display: Missing cached shadermap for M_Text in PCD3D_SM5, Default, SM5 (DDC key hash: D717BD4966253B5F9BB282E30403933DFAF376CA), compiling. 
[2025.04.10-16.59.47:766][140]LogMaterial: Display: Missing cached shadermap for M_Text in PCD3D_SM5, Default, SM5 (DDC key hash: 14956BF6D67A986424C600EA5AFFAA04AA303B6C), compiling. 
[2025.04.10-16.59.47:768][140]MaterialEditorStats: Texture samplers: 0/16
[2025.04.10-16.59.47:768][140]MaterialEditorStats: Texture Lookups (Est.): VS(0), PS(1)
[2025.04.10-16.59.47:768][140]MaterialEditorStats: User interpolators: 2/4 Scalars (1/4 Vectors) (TexCoords: 2, Custom: 0)
[2025.04.10-16.59.47:798][142]MaterialEditorStats: Texture samplers: 5/16
[2025.04.10-16.59.47:798][142]MaterialEditorStats: Texture Lookups (Est.): VS(0), PS(1)
[2025.04.10-16.59.47:798][142]MaterialEditorStats: User interpolators: 2/4 Scalars (1/4 Vectors) (TexCoords: 2, Custom: 0)
[2025.04.10-16.59.47:834][144]MaterialEditorStats: Base pass shader: 816 instructions
[2025.04.10-16.59.47:834][144]MaterialEditorStats: Base pass shader with Volumetric Lightmap: 891 instructions
[2025.04.10-16.59.47:834][144]MaterialEditorStats: Base pass vertex shader: 274 instructions
[2025.04.10-16.59.47:834][144]MaterialEditorStats: Texture samplers: 5/16
[2025.04.10-16.59.47:834][144]MaterialEditorStats: Texture Lookups (Est.): VS(0), PS(1)
[2025.04.10-16.59.47:834][144]MaterialEditorStats: User interpolators: 2/4 Scalars (1/4 Vectors) (TexCoords: 2, Custom: 0)
[2025.04.10-16.59.50:477][430]LogMaterial: Display: Missing cached shadermap for M_Text in PCD3D_SM5, Default, SM5 (DDC key hash: E91A878C4CA9D99FD4A152079E372E430CCAE35D), compiling. 
[2025.04.10-16.59.50:481][430]MaterialEditorStats: Texture samplers: 0/16
[2025.04.10-16.59.50:481][430]MaterialEditorStats: Texture Lookups (Est.): VS(0), PS(1)
[2025.04.10-16.59.50:481][430]MaterialEditorStats: User interpolators: 2/4 Scalars (1/4 Vectors) (TexCoords: 2, Custom: 0)
[2025.04.10-16.59.50:512][432]MaterialEditorStats: Texture samplers: 5/16
[2025.04.10-16.59.50:512][432]MaterialEditorStats: Texture Lookups (Est.): VS(0), PS(1)
[2025.04.10-16.59.50:512][432]MaterialEditorStats: User interpolators: 2/4 Scalars (1/4 Vectors) (TexCoords: 2, Custom: 0)
[2025.04.10-16.59.50:552][434]MaterialEditorStats: Base pass shader: 816 instructions
[2025.04.10-16.59.50:552][434]MaterialEditorStats: Base pass shader with Volumetric Lightmap: 891 instructions
[2025.04.10-16.59.50:552][434]MaterialEditorStats: Base pass vertex shader: 274 instructions
[2025.04.10-16.59.50:552][434]MaterialEditorStats: Texture samplers: 5/16
[2025.04.10-16.59.50:552][434]MaterialEditorStats: Texture Lookups (Est.): VS(0), PS(1)
[2025.04.10-16.59.50:552][434]MaterialEditorStats: User interpolators: 2/4 Scalars (1/4 Vectors) (TexCoords: 2, Custom: 0)
[2025.04.10-16.59.54:953][939]LogMaterial: Display: Missing cached shadermap for M_Text in PCD3D_SM5, Default, SM5 (DDC key hash: C9731A107C595D0E76DF0B1EB2425D373AD416FE), compiling. 
[2025.04.10-16.59.54:957][939]MaterialEditorStats: Texture samplers: 0/16
[2025.04.10-16.59.54:957][939]MaterialEditorStats: Texture Lookups (Est.): VS(0), PS(1)
[2025.04.10-16.59.54:957][939]MaterialEditorStats: User interpolators: 2/4 Scalars (1/4 Vectors) (TexCoords: 2, Custom: 0)
[2025.04.10-16.59.54:989][941]MaterialEditorStats: Texture samplers: 5/16
[2025.04.10-16.59.54:989][941]MaterialEditorStats: Texture Lookups (Est.): VS(0), PS(1)
[2025.04.10-16.59.54:989][941]MaterialEditorStats: User interpolators: 2/4 Scalars (1/4 Vectors) (TexCoords: 2, Custom: 0)
[2025.04.10-16.59.55:029][943]MaterialEditorStats: Base pass shader: 816 instructions
[2025.04.10-16.59.55:029][943]MaterialEditorStats: Base pass shader with Volumetric Lightmap: 891 instructions
[2025.04.10-16.59.55:029][943]MaterialEditorStats: Base pass vertex shader: 274 instructions
[2025.04.10-16.59.55:029][943]MaterialEditorStats: Texture samplers: 5/16
[2025.04.10-16.59.55:029][943]MaterialEditorStats: Texture Lookups (Est.): VS(0), PS(1)
[2025.04.10-16.59.55:029][943]MaterialEditorStats: User interpolators: 2/4 Scalars (1/4 Vectors) (TexCoords: 2, Custom: 0)
[2025.04.10-16.59.58:539][313]LogMaterial: Display: Missing cached shadermap for M_Text in PCD3D_SM5, Default, SM5 (DDC key hash: E6090521665A62AA2B122557B3A21F685944DE94), compiling. 
[2025.04.10-16.59.58:544][313]MaterialEditorStats: Texture samplers: 0/16
[2025.04.10-16.59.58:544][313]MaterialEditorStats: Texture Lookups (Est.): VS(0), PS(1)
[2025.04.10-16.59.58:544][313]MaterialEditorStats: User interpolators: 2/4 Scalars (1/4 Vectors) (TexCoords: 2, Custom: 0)
[2025.04.10-16.59.58:548][314]LogShaderCompilers: Display: Submitted 1 shader compile jobs with 'ForceLocal' priority
[2025.04.10-16.59.58:553][315]LogShaderCompilers: Display: Submitted 2 shader compile jobs with 'ForceLocal' priority
[2025.04.10-16.59.58:553][315]LogShaderCompilers: Display: Worker (1/13): shaders left to compile 3
[2025.04.10-16.59.58:553][315]LogShaderCompilers: Display: Worker (2/13): shaders left to compile 2
[2025.04.10-16.59.58:553][315]LogShaderCompilers: Display: Worker (3/13): shaders left to compile 1
[2025.04.10-16.59.58:553][315]LogShaderCompilers: Display: Started 3 'Local' shader compile jobs with 'ForceLocal' priority
[2025.04.10-16.59.58:576][315]LogShaderCompilers: Display: Submitted 25 shader compile jobs with 'Normal' priority
[2025.04.10-16.59.58:576][315]LogShaderCompilers: Display: Worker (4/13): shaders left to compile 5
[2025.04.10-16.59.58:576][315]LogShaderCompilers: Display: Worker (5/13): shaders left to compile 4
[2025.04.10-16.59.58:576][315]LogShaderCompilers: Display: Worker (6/13): shaders left to compile 3
[2025.04.10-16.59.58:576][315]LogShaderCompilers: Display: Worker (7/13): shaders left to compile 2
[2025.04.10-16.59.58:576][315]LogShaderCompilers: Display: Worker (8/13): shaders left to compile 1
[2025.04.10-16.59.58:576][315]LogShaderCompilers: Display: Worker (9/13): shaders left to compile 20
[2025.04.10-16.59.58:576][315]LogShaderCompilers: Display: Worker (10/13): shaders left to compile 18
[2025.04.10-16.59.58:576][315]LogShaderCompilers: Display: Worker (11/13): shaders left to compile 16
[2025.04.10-16.59.58:576][315]LogShaderCompilers: Display: Worker (12/13): shaders left to compile 14
[2025.04.10-16.59.58:576][315]LogShaderCompilers: Display: Started 8 'Local' shader compile jobs with 'Normal' priority
[2025.04.10-16.59.58:576][315]LogShaderCompilers: Display: Started 5 'Local' shader compile jobs with 'ForceLocal' priority
[2025.04.10-16.59.59:448][376]LogShaderCompilers: Display: Worker (4/13): shaders left to compile 12
[2025.04.10-16.59.59:448][376]LogShaderCompilers: Display: Worker (7/13): shaders left to compile 10
[2025.04.10-16.59.59:448][376]LogShaderCompilers: Display: Started 4 'Local' shader compile jobs with 'Normal' priority
[2025.04.10-16.59.59:472][377]MaterialEditorStats: Texture samplers: 1/16
[2025.04.10-16.59.59:472][377]MaterialEditorStats: Texture Lookups (Est.): VS(0), PS(1)
[2025.04.10-16.59.59:472][377]MaterialEditorStats: User interpolators: 2/4 Scalars (1/4 Vectors) (TexCoords: 2, Custom: 0)
[2025.04.10-16.59.59:687][389]LogShaderCompilers: Display: Worker (5/13): shaders left to compile 8
[2025.04.10-16.59.59:687][389]LogShaderCompilers: Display: Started 1 'Local' shader compile jobs with 'Normal' priority
[2025.04.10-16.59.59:764][394]LogShaderCompilers: Display: Worker (8/13): shaders left to compile 7
[2025.04.10-16.59.59:765][394]LogShaderCompilers: Display: Started 1 'Local' shader compile jobs with 'Normal' priority
[2025.04.10-17.00.00:139][418]LogShaderCompilers: Display: Worker (2/13): shaders left to compile 6
[2025.04.10-17.00.00:139][418]LogShaderCompilers: Display: Started 1 'Local' shader compile jobs with 'Normal' priority
[2025.04.10-17.00.00:158][419]MaterialEditorStats: Texture samplers: 2/16
[2025.04.10-17.00.00:159][419]MaterialEditorStats: Texture Lookups (Est.): VS(0), PS(1)
[2025.04.10-17.00.00:159][419]MaterialEditorStats: User interpolators: 2/4 Scalars (1/4 Vectors) (TexCoords: 2, Custom: 0)
[2025.04.10-17.00.00:189][421]LogShaderCompilers: Display: Worker (5/13): shaders left to compile 5
[2025.04.10-17.00.00:189][421]LogShaderCompilers: Display: Started 1 'Local' shader compile jobs with 'Normal' priority
[2025.04.10-17.00.00:325][430]LogShaderCompilers: Display: Worker (12/13): shaders left to compile 4
[2025.04.10-17.00.00:325][430]LogShaderCompilers: Display: Started 1 'Local' shader compile jobs with 'Normal' priority
[2025.04.10-17.00.00:537][444]LogShaderCompilers: Display: Worker (11/13): shaders left to compile 3
[2025.04.10-17.00.00:537][444]LogShaderCompilers: Display: Started 1 'Local' shader compile jobs with 'Normal' priority
[2025.04.10-17.00.00:700][454]LogShaderCompilers: Display: Worker (5/13): shaders left to compile 2
[2025.04.10-17.00.00:700][454]LogShaderCompilers: Display: Started 1 'Local' shader compile jobs with 'Normal' priority
[2025.04.10-17.00.00:831][462]LogShaderCompilers: Display: Worker (10/13): shaders left to compile 1
[2025.04.10-17.00.00:831][462]LogShaderCompilers: Display: Started 1 'Local' shader compile jobs with 'Normal' priority
[2025.04.10-17.00.05:195][800]LogShaderCompilers: Display: === FShaderJobCache stats ===
[2025.04.10-17.00.05:195][800]LogShaderCompilers: Display: Total job queries 4524, among them cache hits 4338 (95.89%)
[2025.04.10-17.00.05:195][800]LogShaderCompilers: Display: Tracking 122 distinct input hashes that result in 40 distinct outputs (32.79%)
[2025.04.10-17.00.05:195][800]LogShaderCompilers: Display: RAM used: 0.34 MB (0.00 GB) of 1638.40 MB (1.60 GB) budget. Usage: 0.02%
[2025.04.10-17.00.05:195][800]LogShaderCompilers: Display: ================================================
[2025.04.10-17.00.05:304][809]LogMaterialEditor: Saving and Compiling material M_Text
[2025.04.10-17.00.05:776][809]LogMaterial: Display: Missing cached shadermap for M_Text in PCD3D_SM5, Default, SM5 (DDC key hash: 970A832516D4CE94C058F0EECF189D95F9949458), compiling. 
[2025.04.10-17.00.05:809][809]LogMaterial: Display: Missing cached shadermap for M_Text in PCD3D_SM5, Default, SM5 (DDC key hash: 6F85B22FD97C97BFAE749D2FEF8B7D0B2FD78E2A), compiling. 
[2025.04.10-17.00.05:917][809]LogUObjectHash: Compacting FUObjectHashTables data took   2.40ms
[2025.04.10-17.00.05:922][809]LogShaderCompilers: Display: Submitted 1 shader compile jobs with 'ForceLocal' priority
[2025.04.10-17.00.06:443][809]LogShaderCompilers: Display: Worker (1/13): shaders left to compile 1
[2025.04.10-17.00.06:444][809]LogShaderCompilers: Display: Started 1 'Local' shader compile jobs with 'ForceLocal' priority
[2025.04.10-17.00.06:482][809]LogUObjectHash: Compacting FUObjectHashTables data took   1.01ms
[2025.04.10-17.00.06:576][809]LogShaderCompilers: Display: Worker (1/13): shaders left to compile 1
[2025.04.10-17.00.06:576][809]LogShaderCompilers: Display: Submitted 9 shader compile jobs with 'Normal' priority
[2025.04.10-17.00.06:576][809]LogShaderCompilers: Display: Worker (2/13): shaders left to compile 8
[2025.04.10-17.00.06:576][809]LogShaderCompilers: Display: Worker (3/13): shaders left to compile 7
[2025.04.10-17.00.06:576][809]LogShaderCompilers: Display: Worker (5/13): shaders left to compile 6
[2025.04.10-17.00.06:576][809]LogShaderCompilers: Display: Worker (6/13): shaders left to compile 5
[2025.04.10-17.00.06:576][809]LogShaderCompilers: Display: Worker (9/13): shaders left to compile 4
[2025.04.10-17.00.06:576][809]LogShaderCompilers: Display: Worker (11/13): shaders left to compile 3
[2025.04.10-17.00.06:576][809]LogShaderCompilers: Display: Started 7 'Local' shader compile jobs with 'Normal' priority
[2025.04.10-17.00.06:591][809]Cmd: OBJ SAVEPACKAGE PACKAGE="/Game/Andrey_Contex/M_Text" FILE="../../../../../../Users/AlisaDI/Documents/MephiTasks/UnrealProject/Content/Andrey_Contex/M_Text.uasset" SILENT=true
[2025.04.10-17.00.06:608][809]LogSavePackage: Moving '../../../../../../Users/AlisaDI/Documents/MephiTasks/UnrealProject/Saved/M_Text21909A6E46F8DAA80C2BA2AB65A3C318.tmp' to '../../../../../../Users/AlisaDI/Documents/MephiTasks/UnrealProject/Content/Andrey_Contex/M_Text.uasset'
[2025.04.10-17.00.06:638][809]AssetCheck: New page: Asset Save: M_Text
[2025.04.10-17.00.06:638][809]LogContentValidation: Display: Validating Material /Game/Andrey_Contex/M_Text.M_Text
[2025.04.10-17.00.06:657][809]LogShaderCompilers: Display: Worker (8/13): shaders left to compile 2
[2025.04.10-17.00.06:658][809]LogShaderCompilers: Display: Started 1 'Local' shader compile jobs with 'Normal' priority
[2025.04.10-17.00.06:658][809]MaterialEditorStats: Texture samplers: 5/16
[2025.04.10-17.00.06:658][809]MaterialEditorStats: Texture Lookups (Est.): VS(0), PS(1)
[2025.04.10-17.00.06:658][809]MaterialEditorStats: User interpolators: 2/4 Scalars (1/4 Vectors) (TexCoords: 2, Custom: 0)
[2025.04.10-17.00.06:780][814]LogShaderCompilers: Display: Worker (12/13): shaders left to compile 1
[2025.04.10-17.00.06:780][814]LogShaderCompilers: Display: Started 1 'Local' shader compile jobs with 'Normal' priority
[2025.04.10-17.00.12:036][280]MaterialEditorStats: Base pass shader: 823 instructions
[2025.04.10-17.00.12:036][280]MaterialEditorStats: Base pass shader with Volumetric Lightmap: 898 instructions
[2025.04.10-17.00.12:036][280]MaterialEditorStats: Base pass vertex shader: 274 instructions
[2025.04.10-17.00.12:036][280]MaterialEditorStats: Texture samplers: 6/16
[2025.04.10-17.00.12:036][280]MaterialEditorStats: Texture Lookups (Est.): VS(0), PS(1)
[2025.04.10-17.00.12:036][280]MaterialEditorStats: User interpolators: 2/4 Scalars (1/4 Vectors) (TexCoords: 2, Custom: 0)
[2025.04.10-17.00.29:333][299]Cmd: SELECT NONE
[2025.04.10-17.00.31:011][479]LogEditorViewport: Clicking on Actor (LMB): TextRenderActor (TextRenderActor2)
[2025.04.10-17.00.48:500][501]LogContentBrowser: Deferred new asset file creation: M_Text_Inst
[2025.04.10-17.00.48:515][501]LogContentBrowser: Creating deferred item: M_Text_Inst
[2025.04.10-17.00.53:930][149]LogContentBrowser: Attempting asset rename: M_Text_Inst -> MI_Text
[2025.04.10-17.00.53:931][149]LogContentBrowser: End creating deferred item M_Text_Inst
[2025.04.10-17.00.58:189][592]LogAssetEditorSubsystem: Opening Asset editor for MaterialInstanceConstant /Game/Andrey_Contex/MI_Text.MI_Text
[2025.04.10-17.00.58:298][592]LogRenderer: Reallocating scene render targets to support 1336x920 Format 10 NumSamples 4 (Frame:1).
[2025.04.10-17.01.07:390][651]LogSlate: Window 'Color Picker' being destroyed
[2025.04.10-17.01.08:722][806]Cmd: SELECT NONE
[2025.04.10-17.01.17:318][836]LogEditorViewport: Clicking on Actor (LMB): TextRenderActor (TextRenderActor2)
[2025.04.10-17.01.31:031][442]Cmd: SELECT NONE
[2025.04.10-17.01.43:967][981]Cmd: SELECT NONE
[2025.04.10-17.01.59:305][797]LogEditorViewport: Clicking on Actor (LMB): TextRenderActor (TextRenderActor2)
[2025.04.10-17.02.05:953][559]BlueprintLog: New page: Compile BP_Printer
[2025.04.10-17.02.05:999][559]LogUObjectHash: Compacting FUObjectHashTables data took   1.73ms
[2025.04.10-17.02.19:644][883]BlueprintLog: New page: Compile BP_Printer
[2025.04.10-17.02.19:687][883]LogUObjectHash: Compacting FUObjectHashTables data took   2.22ms
[2025.04.10-17.02.20:764][991]LogSlate: Window 'BP_Printer' being destroyed
[2025.04.10-17.02.42:252][516]BlueprintLog: New page: Compile BP_Printer
[2025.04.10-17.02.42:309][516]LogUObjectHash: Compacting FUObjectHashTables data took   2.54ms
[2025.04.10-17.02.43:068][599]Cmd: OBJ SAVEPACKAGE PACKAGE="/Game/Andrey_Contex/BP_Printer" FILE="../../../../../../Users/AlisaDI/Documents/MephiTasks/UnrealProject/Content/Andrey_Contex/BP_Printer.uasset" SILENT=true
[2025.04.10-17.02.43:075][599]LogSavePackage: Moving '../../../../../../Users/AlisaDI/Documents/MephiTasks/UnrealProject/Saved/BP_PrinterA704DC134D136974B909BD85A278C9EC.tmp' to '../../../../../../Users/AlisaDI/Documents/MephiTasks/UnrealProject/Content/Andrey_Contex/BP_Printer.uasset'
[2025.04.10-17.02.43:090][599]AssetCheck: New page: Asset Save: BP_Printer
[2025.04.10-17.02.43:090][599]LogContentValidation: Display: Validating Blueprint /Game/Andrey_Contex/BP_Printer.BP_Printer
[2025.04.10-17.02.45:967][914]LogEditorViewport: Clicking on Actor (LMB): TextRenderActor (TextRenderActor2)
[2025.04.10-17.02.48:451][208]Cmd: DELETE
[2025.04.10-17.02.48:451][208]Cmd: ACTOR DELETE
[2025.04.10-17.02.48:454][208]LogEditorActor: Deleted Actor: TextRenderActor
[2025.04.10-17.02.48:478][208]LogUObjectHash: Compacting FUObjectHashTables data took   1.86ms
[2025.04.10-17.02.48:479][208]LogEditorActor: Deleted 1 Actors (0.028 secs)
[2025.04.10-17.02.49:297][306]LogEditorViewport: Clicking on Actor (LMB): StaticMeshActor (SM_Factory2)
[2025.04.10-17.02.55:374][991]LogSlate: Window 'Color Picker' being destroyed
[2025.04.10-17.03.02:758][847]BlueprintLog: New page: Compile BP_Printer
[2025.04.10-17.03.02:802][847]LogUObjectHash: Compacting FUObjectHashTables data took   2.38ms
[2025.04.10-17.03.03:241][892]Cmd: OBJ SAVEPACKAGE PACKAGE="/Game/Andrey_Contex/BP_Printer" FILE="../../../../../../Users/AlisaDI/Documents/MephiTasks/UnrealProject/Content/Andrey_Contex/BP_Printer.uasset" SILENT=true
[2025.04.10-17.03.03:250][892]LogSavePackage: Moving '../../../../../../Users/AlisaDI/Documents/MephiTasks/UnrealProject/Saved/BP_PrinterD05D7A6549EE8DDCAB84C592B6764E40.tmp' to '../../../../../../Users/AlisaDI/Documents/MephiTasks/UnrealProject/Content/Andrey_Contex/BP_Printer.uasset'
[2025.04.10-17.03.03:265][892]AssetCheck: New page: Asset Save: BP_Printer
[2025.04.10-17.03.03:265][892]LogContentValidation: Display: Validating Blueprint /Game/Andrey_Contex/BP_Printer.BP_Printer
[2025.04.10-17.03.10:498][751]BlueprintLog: New page: Compile BP_Printer
[2025.04.10-17.03.10:539][751]LogUObjectHash: Compacting FUObjectHashTables data took   2.51ms
[2025.04.10-17.03.10:913][789]Cmd: OBJ SAVEPACKAGE PACKAGE="/Game/Andrey_Contex/BP_Printer" FILE="../../../../../../Users/AlisaDI/Documents/MephiTasks/UnrealProject/Content/Andrey_Contex/BP_Printer.uasset" SILENT=true
[2025.04.10-17.03.10:921][789]LogSavePackage: Moving '../../../../../../Users/AlisaDI/Documents/MephiTasks/UnrealProject/Saved/BP_Printer15F2AA034F5206FF62D9099CE0FE7BA3.tmp' to '../../../../../../Users/AlisaDI/Documents/MephiTasks/UnrealProject/Content/Andrey_Contex/BP_Printer.uasset'
[2025.04.10-17.03.10:936][789]AssetCheck: New page: Asset Save: BP_Printer
[2025.04.10-17.03.10:936][789]LogContentValidation: Display: Validating Blueprint /Game/Andrey_Contex/BP_Printer.BP_Printer
[2025.04.10-17.03.12:166][932]Cmd: SELECT NONE
[2025.04.10-17.04.31:769][177]BlueprintLog: New page: Compile BP_Printer
[2025.04.10-17.04.31:816][177]LogUObjectHash: Compacting FUObjectHashTables data took   2.15ms
[2025.04.10-17.04.32:475][250]Cmd: OBJ SAVEPACKAGE PACKAGE="/Game/Andrey_Contex/BP_Printer" FILE="../../../../../../Users/AlisaDI/Documents/MephiTasks/UnrealProject/Content/Andrey_Contex/BP_Printer.uasset" SILENT=true
[2025.04.10-17.04.32:485][250]LogSavePackage: Moving '../../../../../../Users/AlisaDI/Documents/MephiTasks/UnrealProject/Saved/BP_Printer9D263DC84E0AFE364F537B9B69A72EB6.tmp' to '../../../../../../Users/AlisaDI/Documents/MephiTasks/UnrealProject/Content/Andrey_Contex/BP_Printer.uasset'
[2025.04.10-17.04.32:500][250]AssetCheck: New page: Asset Save: BP_Printer
[2025.04.10-17.04.32:500][250]LogContentValidation: Display: Validating Blueprint /Game/Andrey_Contex/BP_Printer.BP_Printer
[2025.04.10-17.04.34:057][433]LogTemp: Repeating last play command: Simulate
[2025.04.10-17.04.34:062][433]LogPlayLevel: PlayLevel: No blueprints needed recompiling
[2025.04.10-17.04.34:062][433]PIE: New page: SIE session: VRTemplateMap (10 апр. 2025 г., 23:04:34)
[2025.04.10-17.04.34:062][433]LogPlayLevel: Creating play world package: /Game/VRTemplate/Maps/UEDPIE_0_VRTemplateMap
[2025.04.10-17.04.34:066][433]LogPlayLevel: PIE: StaticDuplicateObject took: (0.004113s)
[2025.04.10-17.04.34:067][433]LogAIModule: Creating AISystem for world VRTemplateMap
[2025.04.10-17.04.34:068][433]LogPlayLevel: PIE: World Init took: (0.001112s)
[2025.04.10-17.04.34:068][433]LogPlayLevel: PIE: Created PIE world by copying editor world from /Game/VRTemplate/Maps/VRTemplateMap.VRTemplateMap to /Game/VRTemplate/Maps/UEDPIE_0_VRTemplateMap.VRTemplateMap (0.005375s)
[2025.04.10-17.04.34:091][433]LogUObjectHash: Compacting FUObjectHashTables data took   1.86ms
[2025.04.10-17.04.34:092][433]LogAudio: Display: Creating Audio Device:                 Id: 5, Scope: Unique, Realtime: True
[2025.04.10-17.04.34:092][433]LogAudioMixer: Display: Audio Mixer Platform Settings:
[2025.04.10-17.04.34:092][433]LogAudioMixer: Display: 	Sample Rate:						  48000
[2025.04.10-17.04.34:092][433]LogAudioMixer: Display: 	Callback Buffer Frame Size Requested: 1024
[2025.04.10-17.04.34:092][433]LogAudioMixer: Display: 	Callback Buffer Frame Size To Use:	  1024
[2025.04.10-17.04.34:092][433]LogAudioMixer: Display: 	Number of buffers to queue:			  1
[2025.04.10-17.04.34:092][433]LogAudioMixer: Display: 	Max Channels (voices):				  0
[2025.04.10-17.04.34:092][433]LogAudioMixer: Display: 	Number of Async Source Workers:		  4
[2025.04.10-17.04.34:092][433]LogAudio: Display: AudioDevice MaxSources: 32
[2025.04.10-17.04.34:092][433]LogAudio: Display: Audio Spatialization Plugin: Resonance Audio is external send: 1
[2025.04.10-17.04.34:092][433]LogAudio: Display: Audio Reverb Plugin: Resonance Audio
[2025.04.10-17.04.34:092][433]LogAudio: Display: Audio Occlusion Plugin: None (built-in).
[2025.04.10-17.04.34:092][433]LogAudioMixer: Display: Initializing audio mixer.
[2025.04.10-17.04.34:096][433]LogAudioMixer: Display: 0: FrontLeft
[2025.04.10-17.04.34:096][433]LogAudioMixer: Display: 1: FrontRight
[2025.04.10-17.04.34:136][433]LogAudioMixer: Display: Using Audio Device Динамики (Realtek(R) Audio)
[2025.04.10-17.04.34:136][433]LogAudioMixer: Display: Initializing Sound Submixes...
[2025.04.10-17.04.34:136][433]LogAudioMixer: Display: Creating Master Submix 'MasterSubmixDefault'
[2025.04.10-17.04.34:136][433]LogAudioMixer: Display: Creating Master Submix 'MasterReverbSubmixDefault'
[2025.04.10-17.04.34:136][433]LogAudioMixer: Display: Creating Master Submix 'MasterEQSubmixDefault'
[2025.04.10-17.04.34:136][433]LogAudioMixer: FMixerPlatformXAudio2::StartAudioStream() called
[2025.04.10-17.04.34:136][433]LogAudioMixer: Display: Output buffers initialized: Frames=1024, Channels=2, Samples=2048
[2025.04.10-17.04.34:137][433]LogAudioMixer: Display: Starting AudioMixerPlatformInterface::RunInternal()
[2025.04.10-17.04.34:137][433]LogAudioMixer: Display: FMixerPlatformXAudio2::SubmitBuffer() called for the first time
[2025.04.10-17.04.34:137][433]LogInit: FAudioDevice initialized.
[2025.04.10-17.04.34:137][433]LogAudio: Display: Audio Device (ID: 5) registered with world 'VRTemplateMap'.
[2025.04.10-17.04.34:145][433]LogLoad: Game class is 'VRGameMode_C'
[2025.04.10-17.04.34:147][433]LogWorld: Bringing World /Game/VRTemplate/Maps/UEDPIE_0_VRTemplateMap.VRTemplateMap up for play (max tick rate 0) at 2025.04.10-20.04.34
[2025.04.10-17.04.34:148][433]LogWorld: Bringing up level for play took: 0.001320
[2025.04.10-17.04.34:148][433]LogOnline: OSS: Creating online subsystem instance for: :Context_14
[2025.04.10-17.04.34:149][433]LogSpawn: Warning: SpawnActor failed because no class was specified
[2025.04.10-17.04.34:153][433]PIE: Server logged in
[2025.04.10-17.04.34:153][433]PIE: Play in editor total start time 0,093 seconds.
[2025.04.10-17.04.34:161][433]LogResonanceAudio: Display: Resonance Audio Listener is initialized
[2025.04.10-17.04.40:662][200]LogSlate: Updating window title bar state: overlay mode, drag disabled, window buttons hidden, title bar hidden
[2025.04.10-17.04.40:662][200]LogWorld: BeginTearingDown for /Game/VRTemplate/Maps/UEDPIE_0_VRTemplateMap
[2025.04.10-17.04.40:662][200]LogWorld: UWorld::CleanupWorld for VRTemplateMap, bSessionEnded=true, bCleanupResources=true
[2025.04.10-17.04.40:662][200]LogSlate: InvalidateAllWidgets triggered.  All widgets were invalidated
[2025.04.10-17.04.40:674][200]LogPlayLevel: Display: Shutting down PIE online subsystems
[2025.04.10-17.04.40:677][200]LogSlate: InvalidateAllWidgets triggered.  All widgets were invalidated
[2025.04.10-17.04.40:697][200]LogAudio: Display: Audio Device unregistered from world 'None'.
[2025.04.10-17.04.40:698][200]LogResonanceAudio: Display: Resonance Audio Listener is shutdown
[2025.04.10-17.04.40:698][200]LogAudioMixer: FMixerPlatformXAudio2::StopAudioStream() called
[2025.04.10-17.04.40:699][200]LogAudioMixer: FMixerPlatformXAudio2::StopAudioStream() called
[2025.04.10-17.04.40:704][200]LogSlate: Updating window title bar state: overlay mode, drag disabled, window buttons hidden, title bar hidden
[2025.04.10-17.04.40:707][200]LogUObjectHash: Compacting FUObjectHashTables data took   1.65ms
[2025.04.10-17.04.40:746][202]LogPlayLevel: Display: Destroying online subsystem :Context_14
[2025.04.10-17.04.45:207][727]BlueprintLog: New page: Compile BP_Printer
[2025.04.10-17.04.45:248][727]LogUObjectHash: Compacting FUObjectHashTables data took   1.83ms
[2025.04.10-17.04.45:662][768]Cmd: OBJ SAVEPACKAGE PACKAGE="/Game/Andrey_Contex/BP_Printer" FILE="../../../../../../Users/AlisaDI/Documents/MephiTasks/UnrealProject/Content/Andrey_Contex/BP_Printer.uasset" SILENT=true
[2025.04.10-17.04.45:671][768]LogSavePackage: Moving '../../../../../../Users/AlisaDI/Documents/MephiTasks/UnrealProject/Saved/BP_Printer8316D7C8428B415C46688BA67CC4EA2D.tmp' to '../../../../../../Users/AlisaDI/Documents/MephiTasks/UnrealProject/Content/Andrey_Contex/BP_Printer.uasset'
[2025.04.10-17.04.45:685][768]AssetCheck: New page: Asset Save: BP_Printer
[2025.04.10-17.04.45:685][768]LogContentValidation: Display: Validating Blueprint /Game/Andrey_Contex/BP_Printer.BP_Printer
[2025.04.10-17.04.47:722][  8]LogTemp: Repeating last play command: Simulate
[2025.04.10-17.04.47:728][  8]LogPlayLevel: PlayLevel: No blueprints needed recompiling
[2025.04.10-17.04.47:728][  8]PIE: New page: SIE session: VRTemplateMap (10 апр. 2025 г., 23:04:47)
[2025.04.10-17.04.47:762][  8]LogPlayLevel: Creating play world package: /Game/VRTemplate/Maps/UEDPIE_0_VRTemplateMap
[2025.04.10-17.04.47:769][  8]LogPlayLevel: PIE: StaticDuplicateObject took: (0.006973s)
[2025.04.10-17.04.47:770][  8]LogAIModule: Creating AISystem for world VRTemplateMap
[2025.04.10-17.04.47:770][  8]LogPlayLevel: PIE: World Init took: (0.001298s)
[2025.04.10-17.04.47:770][  8]LogPlayLevel: PIE: Created PIE world by copying editor world from /Game/VRTemplate/Maps/VRTemplateMap.VRTemplateMap to /Game/VRTemplate/Maps/UEDPIE_0_VRTemplateMap.VRTemplateMap (0.008493s)
[2025.04.10-17.04.47:795][  8]LogUObjectHash: Compacting FUObjectHashTables data took   2.11ms
[2025.04.10-17.04.47:795][  8]LogAudio: Display: Creating Audio Device:                 Id: 6, Scope: Unique, Realtime: True
[2025.04.10-17.04.47:795][  8]LogAudioMixer: Display: Audio Mixer Platform Settings:
[2025.04.10-17.04.47:795][  8]LogAudioMixer: Display: 	Sample Rate:						  48000
[2025.04.10-17.04.47:795][  8]LogAudioMixer: Display: 	Callback Buffer Frame Size Requested: 1024
[2025.04.10-17.04.47:795][  8]LogAudioMixer: Display: 	Callback Buffer Frame Size To Use:	  1024
[2025.04.10-17.04.47:795][  8]LogAudioMixer: Display: 	Number of buffers to queue:			  1
[2025.04.10-17.04.47:795][  8]LogAudioMixer: Display: 	Max Channels (voices):				  0
[2025.04.10-17.04.47:795][  8]LogAudioMixer: Display: 	Number of Async Source Workers:		  4
[2025.04.10-17.04.47:795][  8]LogAudio: Display: AudioDevice MaxSources: 32
[2025.04.10-17.04.47:796][  8]LogAudio: Display: Audio Spatialization Plugin: Resonance Audio is external send: 1
[2025.04.10-17.04.47:796][  8]LogAudio: Display: Audio Reverb Plugin: Resonance Audio
[2025.04.10-17.04.47:796][  8]LogAudio: Display: Audio Occlusion Plugin: None (built-in).
[2025.04.10-17.04.47:796][  8]LogAudioMixer: Display: Initializing audio mixer.
[2025.04.10-17.04.47:800][  8]LogAudioMixer: Display: 0: FrontLeft
[2025.04.10-17.04.47:800][  8]LogAudioMixer: Display: 1: FrontRight
[2025.04.10-17.04.47:840][  8]LogAudioMixer: Display: Using Audio Device Динамики (Realtek(R) Audio)
[2025.04.10-17.04.47:840][  8]LogAudioMixer: Display: Initializing Sound Submixes...
[2025.04.10-17.04.47:840][  8]LogAudioMixer: Display: Creating Master Submix 'MasterSubmixDefault'
[2025.04.10-17.04.47:840][  8]LogAudioMixer: Display: Creating Master Submix 'MasterReverbSubmixDefault'
[2025.04.10-17.04.47:841][  8]LogAudioMixer: Display: Creating Master Submix 'MasterEQSubmixDefault'
[2025.04.10-17.04.47:841][  8]LogAudioMixer: FMixerPlatformXAudio2::StartAudioStream() called
[2025.04.10-17.04.47:841][  8]LogAudioMixer: Display: Output buffers initialized: Frames=1024, Channels=2, Samples=2048
[2025.04.10-17.04.47:842][  8]LogAudioMixer: Display: Starting AudioMixerPlatformInterface::RunInternal()
[2025.04.10-17.04.47:842][  8]LogAudioMixer: Display: FMixerPlatformXAudio2::SubmitBuffer() called for the first time
[2025.04.10-17.04.47:842][  8]LogInit: FAudioDevice initialized.
[2025.04.10-17.04.47:842][  8]LogAudio: Display: Audio Device (ID: 6) registered with world 'VRTemplateMap'.
[2025.04.10-17.04.47:851][  8]LogLoad: Game class is 'VRGameMode_C'
[2025.04.10-17.04.47:853][  8]LogWorld: Bringing World /Game/VRTemplate/Maps/UEDPIE_0_VRTemplateMap.VRTemplateMap up for play (max tick rate 0) at 2025.04.10-20.04.47
[2025.04.10-17.04.47:853][  8]LogWorld: Bringing up level for play took: 0.001140
[2025.04.10-17.04.47:853][  8]LogOnline: OSS: Creating online subsystem instance for: :Context_15
[2025.04.10-17.04.47:854][  8]LogSpawn: Warning: SpawnActor failed because no class was specified
[2025.04.10-17.04.47:855][  8]PIE: Server logged in
[2025.04.10-17.04.47:855][  8]PIE: Play in editor total start time 0,128 seconds.
[2025.04.10-17.04.47:864][  8]LogResonanceAudio: Display: Resonance Audio Listener is initialized
[2025.04.10-17.06.25:546][702]LogSlate: Updating window title bar state: overlay mode, drag disabled, window buttons hidden, title bar hidden
[2025.04.10-17.06.25:547][702]LogWorld: BeginTearingDown for /Game/VRTemplate/Maps/UEDPIE_0_VRTemplateMap
[2025.04.10-17.06.25:547][702]LogWorld: UWorld::CleanupWorld for VRTemplateMap, bSessionEnded=true, bCleanupResources=true
[2025.04.10-17.06.25:547][702]LogSlate: InvalidateAllWidgets triggered.  All widgets were invalidated
[2025.04.10-17.06.25:552][702]LogPlayLevel: Display: Shutting down PIE online subsystems
[2025.04.10-17.06.25:556][702]LogSlate: InvalidateAllWidgets triggered.  All widgets were invalidated
[2025.04.10-17.06.25:577][702]LogAudio: Display: Audio Device unregistered from world 'None'.
[2025.04.10-17.06.25:577][702]LogResonanceAudio: Display: Resonance Audio Listener is shutdown
[2025.04.10-17.06.25:577][702]LogAudioMixer: FMixerPlatformXAudio2::StopAudioStream() called
[2025.04.10-17.06.25:578][702]LogAudioMixer: FMixerPlatformXAudio2::StopAudioStream() called
[2025.04.10-17.06.25:583][702]LogSlate: Updating window title bar state: overlay mode, drag disabled, window buttons hidden, title bar hidden
[2025.04.10-17.06.25:586][702]LogUObjectHash: Compacting FUObjectHashTables data took   1.81ms
[2025.04.10-17.06.25:646][709]LogPlayLevel: Display: Destroying online subsystem :Context_15
[2025.04.10-17.07.11:843][987]BlueprintLog: New page: Compile BP_Printer
[2025.04.10-17.07.11:885][987]LogUObjectHash: Compacting FUObjectHashTables data took   2.05ms
[2025.04.10-17.07.12:365][ 38]Cmd: OBJ SAVEPACKAGE PACKAGE="/Game/Andrey_Contex/BP_Printer" FILE="../../../../../../Users/AlisaDI/Documents/MephiTasks/UnrealProject/Content/Andrey_Contex/BP_Printer.uasset" SILENT=true
[2025.04.10-17.07.12:375][ 38]LogSavePackage: Moving '../../../../../../Users/AlisaDI/Documents/MephiTasks/UnrealProject/Saved/BP_Printer7174714249BAAD32051E64B93258A366.tmp' to '../../../../../../Users/AlisaDI/Documents/MephiTasks/UnrealProject/Content/Andrey_Contex/BP_Printer.uasset'
[2025.04.10-17.07.12:389][ 38]AssetCheck: New page: Asset Save: BP_Printer
[2025.04.10-17.07.12:389][ 38]LogContentValidation: Display: Validating Blueprint /Game/Andrey_Contex/BP_Printer.BP_Printer
[2025.04.10-17.07.14:172][246]LogEditorViewport: Clicking on Actor (LMB): BP_Printer_C (BP_Printer)
[2025.04.10-17.08.26:245][517]BlueprintLog: New page: Compile BP_Printer
[2025.04.10-17.08.26:248][517]LogClass: Warning: Type mismatch in Text of BP_Printer_C - Previous (ObjectProperty) Current(TextProperty) for package:  FObjectReader
[2025.04.10-17.08.26:296][517]LogUObjectHash: Compacting FUObjectHashTables data took   1.98ms
[2025.04.10-17.08.26:706][558]Cmd: OBJ SAVEPACKAGE PACKAGE="/Game/Andrey_Contex/BP_Printer" FILE="../../../../../../Users/AlisaDI/Documents/MephiTasks/UnrealProject/Content/Andrey_Contex/BP_Printer.uasset" SILENT=true
[2025.04.10-17.08.26:716][558]LogSavePackage: Moving '../../../../../../Users/AlisaDI/Documents/MephiTasks/UnrealProject/Saved/BP_Printer5609C8244FBE8C15D00357AAB5E1CBDD.tmp' to '../../../../../../Users/AlisaDI/Documents/MephiTasks/UnrealProject/Content/Andrey_Contex/BP_Printer.uasset'
[2025.04.10-17.08.26:730][558]AssetCheck: New page: Asset Save: BP_Printer
[2025.04.10-17.08.26:730][558]LogContentValidation: Display: Validating Blueprint /Game/Andrey_Contex/BP_Printer.BP_Printer
[2025.04.10-17.08.28:302][736]LogTemp: Repeating last play command: Simulate
[2025.04.10-17.08.28:311][736]LogPlayLevel: PlayLevel: No blueprints needed recompiling
[2025.04.10-17.08.28:311][736]PIE: New page: SIE session: VRTemplateMap (10 апр. 2025 г., 23:08:28)
[2025.04.10-17.08.28:356][736]LogPlayLevel: Creating play world package: /Game/VRTemplate/Maps/UEDPIE_0_VRTemplateMap
[2025.04.10-17.08.28:359][736]LogPlayLevel: PIE: StaticDuplicateObject took: (0.003688s)
[2025.04.10-17.08.28:360][736]LogAIModule: Creating AISystem for world VRTemplateMap
[2025.04.10-17.08.28:360][736]LogPlayLevel: PIE: World Init took: (0.001027s)
[2025.04.10-17.08.28:360][736]LogPlayLevel: PIE: Created PIE world by copying editor world from /Game/VRTemplate/Maps/VRTemplateMap.VRTemplateMap to /Game/VRTemplate/Maps/UEDPIE_0_VRTemplateMap.VRTemplateMap (0.004844s)
[2025.04.10-17.08.28:383][736]LogUObjectHash: Compacting FUObjectHashTables data took   1.83ms
[2025.04.10-17.08.28:385][736]LogAudio: Display: Creating Audio Device:                 Id: 7, Scope: Unique, Realtime: True
[2025.04.10-17.08.28:385][736]LogAudioMixer: Display: Audio Mixer Platform Settings:
[2025.04.10-17.08.28:385][736]LogAudioMixer: Display: 	Sample Rate:						  48000
[2025.04.10-17.08.28:385][736]LogAudioMixer: Display: 	Callback Buffer Frame Size Requested: 1024
[2025.04.10-17.08.28:385][736]LogAudioMixer: Display: 	Callback Buffer Frame Size To Use:	  1024
[2025.04.10-17.08.28:385][736]LogAudioMixer: Display: 	Number of buffers to queue:			  1
[2025.04.10-17.08.28:385][736]LogAudioMixer: Display: 	Max Channels (voices):				  0
[2025.04.10-17.08.28:385][736]LogAudioMixer: Display: 	Number of Async Source Workers:		  4
[2025.04.10-17.08.28:385][736]LogAudio: Display: AudioDevice MaxSources: 32
[2025.04.10-17.08.28:385][736]LogAudio: Display: Audio Spatialization Plugin: Resonance Audio is external send: 1
[2025.04.10-17.08.28:385][736]LogAudio: Display: Audio Reverb Plugin: Resonance Audio
[2025.04.10-17.08.28:385][736]LogAudio: Display: Audio Occlusion Plugin: None (built-in).
[2025.04.10-17.08.28:385][736]LogAudioMixer: Display: Initializing audio mixer.
[2025.04.10-17.08.28:389][736]LogAudioMixer: Display: 0: FrontLeft
[2025.04.10-17.08.28:389][736]LogAudioMixer: Display: 1: FrontRight
[2025.04.10-17.08.28:441][736]LogAudioMixer: Display: Using Audio Device Динамики (Realtek(R) Audio)
[2025.04.10-17.08.28:441][736]LogAudioMixer: Display: Initializing Sound Submixes...
[2025.04.10-17.08.28:441][736]LogAudioMixer: Display: Creating Master Submix 'MasterSubmixDefault'
[2025.04.10-17.08.28:441][736]LogAudioMixer: Display: Creating Master Submix 'MasterReverbSubmixDefault'
[2025.04.10-17.08.28:441][736]LogAudioMixer: Display: Creating Master Submix 'MasterEQSubmixDefault'
[2025.04.10-17.08.28:442][736]LogAudioMixer: FMixerPlatformXAudio2::StartAudioStream() called
[2025.04.10-17.08.28:442][736]LogAudioMixer: Display: Output buffers initialized: Frames=1024, Channels=2, Samples=2048
[2025.04.10-17.08.28:443][736]LogAudioMixer: Display: Starting AudioMixerPlatformInterface::RunInternal()
[2025.04.10-17.08.28:444][736]LogAudioMixer: Display: FMixerPlatformXAudio2::SubmitBuffer() called for the first time
[2025.04.10-17.08.28:444][736]LogInit: FAudioDevice initialized.
[2025.04.10-17.08.28:444][736]LogAudio: Display: Audio Device (ID: 7) registered with world 'VRTemplateMap'.
[2025.04.10-17.08.28:452][736]LogLoad: Game class is 'VRGameMode_C'
[2025.04.10-17.08.28:453][736]LogWorld: Bringing World /Game/VRTemplate/Maps/UEDPIE_0_VRTemplateMap.VRTemplateMap up for play (max tick rate 0) at 2025.04.10-20.08.28
[2025.04.10-17.08.28:454][736]LogWorld: Bringing up level for play took: 0.001214
[2025.04.10-17.08.28:454][736]LogOnline: OSS: Creating online subsystem instance for: :Context_16
[2025.04.10-17.08.28:455][736]LogSpawn: Warning: SpawnActor failed because no class was specified
[2025.04.10-17.08.28:456][736]PIE: Server logged in
[2025.04.10-17.08.28:456][736]PIE: Play in editor total start time 0,149 seconds.
[2025.04.10-17.08.28:470][736]LogResonanceAudio: Display: Resonance Audio Listener is initialized
[2025.04.10-17.08.29:997][906]LogSlate: Updating window title bar state: overlay mode, drag disabled, window buttons hidden, title bar hidden
[2025.04.10-17.08.29:997][906]LogWorld: BeginTearingDown for /Game/VRTemplate/Maps/UEDPIE_0_VRTemplateMap
[2025.04.10-17.08.29:998][906]LogWorld: UWorld::CleanupWorld for VRTemplateMap, bSessionEnded=true, bCleanupResources=true
[2025.04.10-17.08.29:998][906]LogSlate: InvalidateAllWidgets triggered.  All widgets were invalidated
[2025.04.10-17.08.30:010][906]LogPlayLevel: Display: Shutting down PIE online subsystems
[2025.04.10-17.08.30:018][906]LogSlate: InvalidateAllWidgets triggered.  All widgets were invalidated
[2025.04.10-17.08.30:039][906]LogAudio: Display: Audio Device unregistered from world 'None'.
[2025.04.10-17.08.30:039][906]LogResonanceAudio: Display: Resonance Audio Listener is shutdown
[2025.04.10-17.08.30:039][906]LogAudioMixer: FMixerPlatformXAudio2::StopAudioStream() called
[2025.04.10-17.08.30:041][906]LogAudioMixer: FMixerPlatformXAudio2::StopAudioStream() called
[2025.04.10-17.08.30:046][906]LogSlate: Updating window title bar state: overlay mode, drag disabled, window buttons hidden, title bar hidden
[2025.04.10-17.08.30:048][906]LogUObjectHash: Compacting FUObjectHashTables data took   1.40ms
[2025.04.10-17.08.30:069][907]LogPlayLevel: Display: Destroying online subsystem :Context_16
[2025.04.10-17.08.35:136][501]LogTemp: Repeating last play command: Simulate
[2025.04.10-17.08.35:142][501]LogPlayLevel: PlayLevel: No blueprints needed recompiling
[2025.04.10-17.08.35:142][501]PIE: New page: SIE session: VRTemplateMap (10 апр. 2025 г., 23:08:35)
[2025.04.10-17.08.35:177][501]LogPlayLevel: Creating play world package: /Game/VRTemplate/Maps/UEDPIE_0_VRTemplateMap
[2025.04.10-17.08.35:181][501]LogPlayLevel: PIE: StaticDuplicateObject took: (0.003952s)
[2025.04.10-17.08.35:181][501]LogAIModule: Creating AISystem for world VRTemplateMap
[2025.04.10-17.08.35:182][501]LogPlayLevel: PIE: World Init took: (0.001060s)
[2025.04.10-17.08.35:182][501]LogPlayLevel: PIE: Created PIE world by copying editor world from /Game/VRTemplate/Maps/VRTemplateMap.VRTemplateMap to /Game/VRTemplate/Maps/UEDPIE_0_VRTemplateMap.VRTemplateMap (0.005143s)
[2025.04.10-17.08.35:203][501]LogUObjectHash: Compacting FUObjectHashTables data took   1.65ms
[2025.04.10-17.08.35:205][501]LogAudio: Display: Creating Audio Device:                 Id: 8, Scope: Unique, Realtime: True
[2025.04.10-17.08.35:205][501]LogAudioMixer: Display: Audio Mixer Platform Settings:
[2025.04.10-17.08.35:205][501]LogAudioMixer: Display: 	Sample Rate:						  48000
[2025.04.10-17.08.35:205][501]LogAudioMixer: Display: 	Callback Buffer Frame Size Requested: 1024
[2025.04.10-17.08.35:205][501]LogAudioMixer: Display: 	Callback Buffer Frame Size To Use:	  1024
[2025.04.10-17.08.35:205][501]LogAudioMixer: Display: 	Number of buffers to queue:			  1
[2025.04.10-17.08.35:205][501]LogAudioMixer: Display: 	Max Channels (voices):				  0
[2025.04.10-17.08.35:205][501]LogAudioMixer: Display: 	Number of Async Source Workers:		  4
[2025.04.10-17.08.35:205][501]LogAudio: Display: AudioDevice MaxSources: 32
[2025.04.10-17.08.35:206][501]LogAudio: Display: Audio Spatialization Plugin: Resonance Audio is external send: 1
[2025.04.10-17.08.35:206][501]LogAudio: Display: Audio Reverb Plugin: Resonance Audio
[2025.04.10-17.08.35:206][501]LogAudio: Display: Audio Occlusion Plugin: None (built-in).
[2025.04.10-17.08.35:206][501]LogAudioMixer: Display: Initializing audio mixer.
[2025.04.10-17.08.35:210][501]LogAudioMixer: Display: 0: FrontLeft
[2025.04.10-17.08.35:210][501]LogAudioMixer: Display: 1: FrontRight
[2025.04.10-17.08.35:253][501]LogAudioMixer: Display: Using Audio Device Динамики (Realtek(R) Audio)
[2025.04.10-17.08.35:253][501]LogAudioMixer: Display: Initializing Sound Submixes...
[2025.04.10-17.08.35:253][501]LogAudioMixer: Display: Creating Master Submix 'MasterSubmixDefault'
[2025.04.10-17.08.35:253][501]LogAudioMixer: Display: Creating Master Submix 'MasterReverbSubmixDefault'
[2025.04.10-17.08.35:254][501]LogAudioMixer: Display: Creating Master Submix 'MasterEQSubmixDefault'
[2025.04.10-17.08.35:254][501]LogAudioMixer: FMixerPlatformXAudio2::StartAudioStream() called
[2025.04.10-17.08.35:254][501]LogAudioMixer: Display: Output buffers initialized: Frames=1024, Channels=2, Samples=2048
[2025.04.10-17.08.35:255][501]LogAudioMixer: Display: Starting AudioMixerPlatformInterface::RunInternal()
[2025.04.10-17.08.35:255][501]LogAudioMixer: Display: FMixerPlatformXAudio2::SubmitBuffer() called for the first time
[2025.04.10-17.08.35:255][501]LogInit: FAudioDevice initialized.
[2025.04.10-17.08.35:255][501]LogAudio: Display: Audio Device (ID: 8) registered with world 'VRTemplateMap'.
[2025.04.10-17.08.35:263][501]LogLoad: Game class is 'VRGameMode_C'
[2025.04.10-17.08.35:265][501]LogWorld: Bringing World /Game/VRTemplate/Maps/UEDPIE_0_VRTemplateMap.VRTemplateMap up for play (max tick rate 0) at 2025.04.10-20.08.35
[2025.04.10-17.08.35:265][501]LogWorld: Bringing up level for play took: 0.001167
[2025.04.10-17.08.35:266][501]LogOnline: OSS: Creating online subsystem instance for: :Context_17
[2025.04.10-17.08.35:267][501]LogSpawn: Warning: SpawnActor failed because no class was specified
[2025.04.10-17.08.35:267][501]PIE: Server logged in
[2025.04.10-17.08.35:268][501]PIE: Play in editor total start time 0,127 seconds.
[2025.04.10-17.08.35:283][501]LogResonanceAudio: Display: Resonance Audio Listener is initialized
[2025.04.10-17.08.36:087][577]LogSlate: Updating window title bar state: overlay mode, drag disabled, window buttons hidden, title bar hidden
[2025.04.10-17.08.36:087][577]LogWorld: BeginTearingDown for /Game/VRTemplate/Maps/UEDPIE_0_VRTemplateMap
[2025.04.10-17.08.36:087][577]LogWorld: UWorld::CleanupWorld for VRTemplateMap, bSessionEnded=true, bCleanupResources=true
[2025.04.10-17.08.36:088][577]LogSlate: InvalidateAllWidgets triggered.  All widgets were invalidated
[2025.04.10-17.08.36:098][577]LogPlayLevel: Display: Shutting down PIE online subsystems
[2025.04.10-17.08.36:107][577]LogSlate: InvalidateAllWidgets triggered.  All widgets were invalidated
[2025.04.10-17.08.36:130][577]LogSlate: Updating window title bar state: overlay mode, drag disabled, window buttons hidden, title bar hidden
[2025.04.10-17.08.36:130][577]LogResonanceAudio: Display: Resonance Audio Listener is shutdown
[2025.04.10-17.08.36:130][577]LogAudioMixer: FMixerPlatformXAudio2::StopAudioStream() called
[2025.04.10-17.08.36:131][577]LogAudioMixer: FMixerPlatformXAudio2::StopAudioStream() called
[2025.04.10-17.08.36:139][577]LogUObjectHash: Compacting FUObjectHashTables data took   1.71ms
[2025.04.10-17.08.36:162][578]LogPlayLevel: Display: Destroying online subsystem :Context_17
[2025.04.10-17.09.03:059][755]LogUObjectHash: Compacting FUObjectHashTables data took   1.94ms
[2025.04.10-17.09.03:073][755]LogSavePackage: Moving '../../../../../../Users/AlisaDI/Documents/MephiTasks/UnrealProject/Saved/VRTemplateMap_Auto223040F21425EC9A291FD25B5A7FA8122.tmp' to '../../../../../../Users/AlisaDI/Documents/MephiTasks/UnrealProject/Saved/Autosaves/Game/VRTemplate/Maps/VRTemplateMap_Auto2.umap'
[2025.04.10-17.09.03:074][755]LogFileHelpers: Editor autosave (incl. external actors) for '/Game/VRTemplate/Maps/VRTemplateMap' took 0.039
[2025.04.10-17.09.03:074][755]LogFileHelpers: Editor autosave (incl. sublevels & external actors) for all levels took 0.039
[2025.04.10-17.09.34:649][296]BlueprintLog: New page: Compile BP_Printer
[2025.04.10-17.09.34:701][296]LogUObjectHash: Compacting FUObjectHashTables data took   1.84ms
[2025.04.10-17.09.35:167][344]Cmd: OBJ SAVEPACKAGE PACKAGE="/Game/Andrey_Contex/BP_Printer" FILE="../../../../../../Users/AlisaDI/Documents/MephiTasks/UnrealProject/Content/Andrey_Contex/BP_Printer.uasset" SILENT=true
[2025.04.10-17.09.35:177][344]LogSavePackage: Moving '../../../../../../Users/AlisaDI/Documents/MephiTasks/UnrealProject/Saved/BP_Printer239933AD4C14A497F8D962A3C50044D1.tmp' to '../../../../../../Users/AlisaDI/Documents/MephiTasks/UnrealProject/Content/Andrey_Contex/BP_Printer.uasset'
[2025.04.10-17.09.35:191][344]AssetCheck: New page: Asset Save: BP_Printer
[2025.04.10-17.09.35:191][344]LogContentValidation: Display: Validating Blueprint /Game/Andrey_Contex/BP_Printer.BP_Printer
[2025.04.10-17.09.37:162][558]LogTemp: Repeating last play command: Simulate
[2025.04.10-17.09.37:169][558]LogPlayLevel: PlayLevel: No blueprints needed recompiling
[2025.04.10-17.09.37:169][558]PIE: New page: SIE session: VRTemplateMap (10 апр. 2025 г., 23:09:37)
[2025.04.10-17.09.37:202][558]LogPlayLevel: Creating play world package: /Game/VRTemplate/Maps/UEDPIE_0_VRTemplateMap
[2025.04.10-17.09.37:206][558]LogPlayLevel: PIE: StaticDuplicateObject took: (0.003985s)
[2025.04.10-17.09.37:207][558]LogAIModule: Creating AISystem for world VRTemplateMap
[2025.04.10-17.09.37:207][558]LogPlayLevel: PIE: World Init took: (0.000972s)
[2025.04.10-17.09.37:207][558]LogPlayLevel: PIE: Created PIE world by copying editor world from /Game/VRTemplate/Maps/VRTemplateMap.VRTemplateMap to /Game/VRTemplate/Maps/UEDPIE_0_VRTemplateMap.VRTemplateMap (0.005087s)
[2025.04.10-17.09.37:234][558]LogUObjectHash: Compacting FUObjectHashTables data took   2.08ms
[2025.04.10-17.09.37:235][558]LogAudio: Display: Creating Audio Device:                 Id: 9, Scope: Unique, Realtime: True
[2025.04.10-17.09.37:235][558]LogAudioMixer: Display: Audio Mixer Platform Settings:
[2025.04.10-17.09.37:235][558]LogAudioMixer: Display: 	Sample Rate:						  48000
[2025.04.10-17.09.37:235][558]LogAudioMixer: Display: 	Callback Buffer Frame Size Requested: 1024
[2025.04.10-17.09.37:235][558]LogAudioMixer: Display: 	Callback Buffer Frame Size To Use:	  1024
[2025.04.10-17.09.37:235][558]LogAudioMixer: Display: 	Number of buffers to queue:			  1
[2025.04.10-17.09.37:235][558]LogAudioMixer: Display: 	Max Channels (voices):				  0
[2025.04.10-17.09.37:235][558]LogAudioMixer: Display: 	Number of Async Source Workers:		  4
[2025.04.10-17.09.37:235][558]LogAudio: Display: AudioDevice MaxSources: 32
[2025.04.10-17.09.37:236][558]LogAudio: Display: Audio Spatialization Plugin: Resonance Audio is external send: 1
[2025.04.10-17.09.37:236][558]LogAudio: Display: Audio Reverb Plugin: Resonance Audio
[2025.04.10-17.09.37:236][558]LogAudio: Display: Audio Occlusion Plugin: None (built-in).
[2025.04.10-17.09.37:236][558]LogAudioMixer: Display: Initializing audio mixer.
[2025.04.10-17.09.37:239][558]LogAudioMixer: Display: 0: FrontLeft
[2025.04.10-17.09.37:239][558]LogAudioMixer: Display: 1: FrontRight
[2025.04.10-17.09.37:271][558]LogAudioMixer: Display: Using Audio Device Динамики (Realtek(R) Audio)
[2025.04.10-17.09.37:271][558]LogAudioMixer: Display: Initializing Sound Submixes...
[2025.04.10-17.09.37:271][558]LogAudioMixer: Display: Creating Master Submix 'MasterSubmixDefault'
[2025.04.10-17.09.37:271][558]LogAudioMixer: Display: Creating Master Submix 'MasterReverbSubmixDefault'
[2025.04.10-17.09.37:271][558]LogAudioMixer: Display: Creating Master Submix 'MasterEQSubmixDefault'
[2025.04.10-17.09.37:271][558]LogAudioMixer: FMixerPlatformXAudio2::StartAudioStream() called
[2025.04.10-17.09.37:271][558]LogAudioMixer: Display: Output buffers initialized: Frames=1024, Channels=2, Samples=2048
[2025.04.10-17.09.37:272][558]LogAudioMixer: Display: Starting AudioMixerPlatformInterface::RunInternal()
[2025.04.10-17.09.37:272][558]LogAudioMixer: Display: FMixerPlatformXAudio2::SubmitBuffer() called for the first time
[2025.04.10-17.09.37:272][558]LogInit: FAudioDevice initialized.
[2025.04.10-17.09.37:272][558]LogAudio: Display: Audio Device (ID: 9) registered with world 'VRTemplateMap'.
[2025.04.10-17.09.37:280][558]LogLoad: Game class is 'VRGameMode_C'
[2025.04.10-17.09.37:282][558]LogWorld: Bringing World /Game/VRTemplate/Maps/UEDPIE_0_VRTemplateMap.VRTemplateMap up for play (max tick rate 0) at 2025.04.10-20.09.37
[2025.04.10-17.09.37:282][558]LogWorld: Bringing up level for play took: 0.001043
[2025.04.10-17.09.37:282][558]LogOnline: OSS: Creating online subsystem instance for: :Context_18
[2025.04.10-17.09.37:283][558]LogSpawn: Warning: SpawnActor failed because no class was specified
[2025.04.10-17.09.37:284][558]PIE: Server logged in
[2025.04.10-17.09.37:285][558]PIE: Play in editor total start time 0,117 seconds.
[2025.04.10-17.09.37:299][558]LogResonanceAudio: Display: Resonance Audio Listener is initialized
[2025.04.10-17.09.38:963][740]LogSlate: Updating window title bar state: overlay mode, drag disabled, window buttons hidden, title bar hidden
[2025.04.10-17.09.38:963][740]LogWorld: BeginTearingDown for /Game/VRTemplate/Maps/UEDPIE_0_VRTemplateMap
[2025.04.10-17.09.38:963][740]LogWorld: UWorld::CleanupWorld for VRTemplateMap, bSessionEnded=true, bCleanupResources=true
[2025.04.10-17.09.38:964][740]LogSlate: InvalidateAllWidgets triggered.  All widgets were invalidated
[2025.04.10-17.09.38:974][740]LogPlayLevel: Display: Shutting down PIE online subsystems
[2025.04.10-17.09.38:981][740]LogSlate: InvalidateAllWidgets triggered.  All widgets were invalidated
[2025.04.10-17.09.39:003][740]LogAudio: Display: Audio Device unregistered from world 'None'.
[2025.04.10-17.09.39:004][740]LogResonanceAudio: Display: Resonance Audio Listener is shutdown
[2025.04.10-17.09.39:004][740]LogAudioMixer: FMixerPlatformXAudio2::StopAudioStream() called
[2025.04.10-17.09.39:006][740]LogAudioMixer: FMixerPlatformXAudio2::StopAudioStream() called
[2025.04.10-17.09.39:009][740]LogSlate: Updating window title bar state: overlay mode, drag disabled, window buttons hidden, title bar hidden
[2025.04.10-17.09.39:011][740]LogUObjectHash: Compacting FUObjectHashTables data took   1.39ms
[2025.04.10-17.09.39:041][742]LogPlayLevel: Display: Destroying online subsystem :Context_18
[2025.04.10-17.09.45:055][439]LogEditorViewport: Clicking on Actor (LMB): BP_Printer_C (BP_Printer)
[2025.04.10-17.09.50:852][106]LogTemp: Repeating last play command: Simulate
[2025.04.10-17.09.50:858][106]LogPlayLevel: PlayLevel: No blueprints needed recompiling
[2025.04.10-17.09.50:858][106]PIE: New page: SIE session: VRTemplateMap (10 апр. 2025 г., 23:09:50)
[2025.04.10-17.09.50:905][106]LogPlayLevel: Creating play world package: /Game/VRTemplate/Maps/UEDPIE_0_VRTemplateMap
[2025.04.10-17.09.50:913][106]LogPlayLevel: PIE: StaticDuplicateObject took: (0.007892s)
[2025.04.10-17.09.50:914][106]LogAIModule: Creating AISystem for world VRTemplateMap
[2025.04.10-17.09.50:915][106]LogPlayLevel: PIE: World Init took: (0.001414s)
[2025.04.10-17.09.50:915][106]LogPlayLevel: PIE: Created PIE world by copying editor world from /Game/VRTemplate/Maps/VRTemplateMap.VRTemplateMap to /Game/VRTemplate/Maps/UEDPIE_0_VRTemplateMap.VRTemplateMap (0.009568s)
[2025.04.10-17.09.50:936][106]LogUObjectHash: Compacting FUObjectHashTables data took   1.56ms
[2025.04.10-17.09.50:937][106]LogAudio: Display: Creating Audio Device:                 Id: 10, Scope: Unique, Realtime: True
[2025.04.10-17.09.50:937][106]LogAudioMixer: Display: Audio Mixer Platform Settings:
[2025.04.10-17.09.50:937][106]LogAudioMixer: Display: 	Sample Rate:						  48000
[2025.04.10-17.09.50:937][106]LogAudioMixer: Display: 	Callback Buffer Frame Size Requested: 1024
[2025.04.10-17.09.50:937][106]LogAudioMixer: Display: 	Callback Buffer Frame Size To Use:	  1024
[2025.04.10-17.09.50:937][106]LogAudioMixer: Display: 	Number of buffers to queue:			  1
[2025.04.10-17.09.50:937][106]LogAudioMixer: Display: 	Max Channels (voices):				  0
[2025.04.10-17.09.50:937][106]LogAudioMixer: Display: 	Number of Async Source Workers:		  4
[2025.04.10-17.09.50:937][106]LogAudio: Display: AudioDevice MaxSources: 32
[2025.04.10-17.09.50:938][106]LogAudio: Display: Audio Spatialization Plugin: Resonance Audio is external send: 1
[2025.04.10-17.09.50:938][106]LogAudio: Display: Audio Reverb Plugin: Resonance Audio
[2025.04.10-17.09.50:938][106]LogAudio: Display: Audio Occlusion Plugin: None (built-in).
[2025.04.10-17.09.50:938][106]LogAudioMixer: Display: Initializing audio mixer.
[2025.04.10-17.09.50:942][106]LogAudioMixer: Display: 0: FrontLeft
[2025.04.10-17.09.50:942][106]LogAudioMixer: Display: 1: FrontRight
[2025.04.10-17.09.51:003][106]LogAudioMixer: Display: Using Audio Device Динамики (Realtek(R) Audio)
[2025.04.10-17.09.51:004][106]LogAudioMixer: Display: Initializing Sound Submixes...
[2025.04.10-17.09.51:004][106]LogAudioMixer: Display: Creating Master Submix 'MasterSubmixDefault'
[2025.04.10-17.09.51:004][106]LogAudioMixer: Display: Creating Master Submix 'MasterReverbSubmixDefault'
[2025.04.10-17.09.51:004][106]LogAudioMixer: Display: Creating Master Submix 'MasterEQSubmixDefault'
[2025.04.10-17.09.51:004][106]LogAudioMixer: FMixerPlatformXAudio2::StartAudioStream() called
[2025.04.10-17.09.51:004][106]LogAudioMixer: Display: Output buffers initialized: Frames=1024, Channels=2, Samples=2048
[2025.04.10-17.09.51:006][106]LogAudioMixer: Display: Starting AudioMixerPlatformInterface::RunInternal()
[2025.04.10-17.09.51:006][106]LogAudioMixer: Display: FMixerPlatformXAudio2::SubmitBuffer() called for the first time
[2025.04.10-17.09.51:006][106]LogInit: FAudioDevice initialized.
[2025.04.10-17.09.51:006][106]LogAudio: Display: Audio Device (ID: 10) registered with world 'VRTemplateMap'.
[2025.04.10-17.09.51:015][106]LogLoad: Game class is 'VRGameMode_C'
[2025.04.10-17.09.51:017][106]LogWorld: Bringing World /Game/VRTemplate/Maps/UEDPIE_0_VRTemplateMap.VRTemplateMap up for play (max tick rate 0) at 2025.04.10-20.09.51
[2025.04.10-17.09.51:017][106]LogWorld: Bringing up level for play took: 0.001104
[2025.04.10-17.09.51:018][106]LogOnline: OSS: Creating online subsystem instance for: :Context_19
[2025.04.10-17.09.51:019][106]LogSpawn: Warning: SpawnActor failed because no class was specified
[2025.04.10-17.09.51:019][106]PIE: Server logged in
[2025.04.10-17.09.51:019][106]PIE: Play in editor total start time 0,163 seconds.
[2025.04.10-17.09.51:032][106]LogResonanceAudio: Display: Resonance Audio Listener is initialized
[2025.04.10-17.09.51:945][203]LogSlate: Updating window title bar state: overlay mode, drag disabled, window buttons hidden, title bar hidden
[2025.04.10-17.09.51:945][203]LogWorld: BeginTearingDown for /Game/VRTemplate/Maps/UEDPIE_0_VRTemplateMap
[2025.04.10-17.09.51:945][203]LogWorld: UWorld::CleanupWorld for VRTemplateMap, bSessionEnded=true, bCleanupResources=true
[2025.04.10-17.09.51:945][203]LogSlate: InvalidateAllWidgets triggered.  All widgets were invalidated
[2025.04.10-17.09.51:953][203]LogPlayLevel: Display: Shutting down PIE online subsystems
[2025.04.10-17.09.51:962][203]LogSlate: InvalidateAllWidgets triggered.  All widgets were invalidated
[2025.04.10-17.09.51:983][203]LogSlate: Updating window title bar state: overlay mode, drag disabled, window buttons hidden, title bar hidden
[2025.04.10-17.09.51:983][203]LogResonanceAudio: Display: Resonance Audio Listener is shutdown
[2025.04.10-17.09.51:983][203]LogAudioMixer: FMixerPlatformXAudio2::StopAudioStream() called
[2025.04.10-17.09.51:984][203]LogAudioMixer: FMixerPlatformXAudio2::StopAudioStream() called
[2025.04.10-17.09.51:991][203]LogUObjectHash: Compacting FUObjectHashTables data took   1.41ms
[2025.04.10-17.09.52:038][205]LogPlayLevel: Display: Destroying online subsystem :Context_19
[2025.04.10-17.10.00:058][157]LogTemp: Repeating last play command: Simulate
[2025.04.10-17.10.00:063][157]LogPlayLevel: PlayLevel: No blueprints needed recompiling
[2025.04.10-17.10.00:063][157]PIE: New page: SIE session: VRTemplateMap (10 апр. 2025 г., 23:10:00)
[2025.04.10-17.10.00:095][157]LogPlayLevel: Creating play world package: /Game/VRTemplate/Maps/UEDPIE_0_VRTemplateMap
[2025.04.10-17.10.00:099][157]LogPlayLevel: PIE: StaticDuplicateObject took: (0.004139s)
[2025.04.10-17.10.00:100][157]LogAIModule: Creating AISystem for world VRTemplateMap
[2025.04.10-17.10.00:100][157]LogPlayLevel: PIE: World Init took: (0.001072s)
[2025.04.10-17.10.00:100][157]LogPlayLevel: PIE: Created PIE world by copying editor world from /Game/VRTemplate/Maps/VRTemplateMap.VRTemplateMap to /Game/VRTemplate/Maps/UEDPIE_0_VRTemplateMap.VRTemplateMap (0.005352s)
[2025.04.10-17.10.00:119][157]LogUObjectHash: Compacting FUObjectHashTables data took   1.70ms
[2025.04.10-17.10.00:121][157]LogAudio: Display: Creating Audio Device:                 Id: 11, Scope: Unique, Realtime: True
[2025.04.10-17.10.00:121][157]LogAudioMixer: Display: Audio Mixer Platform Settings:
[2025.04.10-17.10.00:121][157]LogAudioMixer: Display: 	Sample Rate:						  48000
[2025.04.10-17.10.00:121][157]LogAudioMixer: Display: 	Callback Buffer Frame Size Requested: 1024
[2025.04.10-17.10.00:121][157]LogAudioMixer: Display: 	Callback Buffer Frame Size To Use:	  1024
[2025.04.10-17.10.00:121][157]LogAudioMixer: Display: 	Number of buffers to queue:			  1
[2025.04.10-17.10.00:121][157]LogAudioMixer: Display: 	Max Channels (voices):				  0
[2025.04.10-17.10.00:121][157]LogAudioMixer: Display: 	Number of Async Source Workers:		  4
[2025.04.10-17.10.00:121][157]LogAudio: Display: AudioDevice MaxSources: 32
[2025.04.10-17.10.00:121][157]LogAudio: Display: Audio Spatialization Plugin: Resonance Audio is external send: 1
[2025.04.10-17.10.00:121][157]LogAudio: Display: Audio Reverb Plugin: Resonance Audio
[2025.04.10-17.10.00:121][157]LogAudio: Display: Audio Occlusion Plugin: None (built-in).
[2025.04.10-17.10.00:121][157]LogAudioMixer: Display: Initializing audio mixer.
[2025.04.10-17.10.00:126][157]LogAudioMixer: Display: 0: FrontLeft
[2025.04.10-17.10.00:126][157]LogAudioMixer: Display: 1: FrontRight
[2025.04.10-17.10.00:188][157]LogAudioMixer: Display: Using Audio Device Динамики (Realtek(R) Audio)
[2025.04.10-17.10.00:188][157]LogAudioMixer: Display: Initializing Sound Submixes...
[2025.04.10-17.10.00:189][157]LogAudioMixer: Display: Creating Master Submix 'MasterSubmixDefault'
[2025.04.10-17.10.00:189][157]LogAudioMixer: Display: Creating Master Submix 'MasterReverbSubmixDefault'
[2025.04.10-17.10.00:189][157]LogAudioMixer: Display: Creating Master Submix 'MasterEQSubmixDefault'
[2025.04.10-17.10.00:189][157]LogAudioMixer: FMixerPlatformXAudio2::StartAudioStream() called
[2025.04.10-17.10.00:189][157]LogAudioMixer: Display: Output buffers initialized: Frames=1024, Channels=2, Samples=2048
[2025.04.10-17.10.00:191][157]LogAudioMixer: Display: Starting AudioMixerPlatformInterface::RunInternal()
[2025.04.10-17.10.00:191][157]LogAudioMixer: Display: FMixerPlatformXAudio2::SubmitBuffer() called for the first time
[2025.04.10-17.10.00:191][157]LogInit: FAudioDevice initialized.
[2025.04.10-17.10.00:191][157]LogAudio: Display: Audio Device (ID: 11) registered with world 'VRTemplateMap'.
[2025.04.10-17.10.00:201][157]LogLoad: Game class is 'VRGameMode_C'
[2025.04.10-17.10.00:202][157]LogWorld: Bringing World /Game/VRTemplate/Maps/UEDPIE_0_VRTemplateMap.VRTemplateMap up for play (max tick rate 0) at 2025.04.10-20.10.00
[2025.04.10-17.10.00:203][157]LogWorld: Bringing up level for play took: 0.001253
[2025.04.10-17.10.00:203][157]LogOnline: OSS: Creating online subsystem instance for: :Context_20
[2025.04.10-17.10.00:204][157]LogSpawn: Warning: SpawnActor failed because no class was specified
[2025.04.10-17.10.00:205][157]PIE: Server logged in
[2025.04.10-17.10.00:206][157]PIE: Play in editor total start time 0,143 seconds.
[2025.04.10-17.10.00:220][157]LogResonanceAudio: Display: Resonance Audio Listener is initialized
[2025.04.10-17.10.02:386][398]LogSlate: Updating window title bar state: overlay mode, drag disabled, window buttons hidden, title bar hidden
[2025.04.10-17.10.02:386][398]LogWorld: BeginTearingDown for /Game/VRTemplate/Maps/UEDPIE_0_VRTemplateMap
[2025.04.10-17.10.02:387][398]LogWorld: UWorld::CleanupWorld for VRTemplateMap, bSessionEnded=true, bCleanupResources=true
[2025.04.10-17.10.02:387][398]LogSlate: InvalidateAllWidgets triggered.  All widgets were invalidated
[2025.04.10-17.10.02:397][398]LogPlayLevel: Display: Shutting down PIE online subsystems
[2025.04.10-17.10.02:407][398]LogSlate: InvalidateAllWidgets triggered.  All widgets were invalidated
[2025.04.10-17.10.02:427][398]LogAudio: Display: Audio Device unregistered from world 'None'.
[2025.04.10-17.10.02:427][398]LogResonanceAudio: Display: Resonance Audio Listener is shutdown
[2025.04.10-17.10.02:427][398]LogAudioMixer: FMixerPlatformXAudio2::StopAudioStream() called
[2025.04.10-17.10.02:428][398]LogAudioMixer: FMixerPlatformXAudio2::StopAudioStream() called
[2025.04.10-17.10.02:433][398]LogSlate: Updating window title bar state: overlay mode, drag disabled, window buttons hidden, title bar hidden
[2025.04.10-17.10.02:436][398]LogUObjectHash: Compacting FUObjectHashTables data took   1.81ms
[2025.04.10-17.10.02:458][399]LogPlayLevel: Display: Destroying online subsystem :Context_20
[2025.04.10-17.10.16:948][961]BlueprintLog: New page: Compile BP_Printer
[2025.04.10-17.10.17:002][961]LogUObjectHash: Compacting FUObjectHashTables data took   1.72ms
[2025.04.10-17.10.17:440][  8]Cmd: OBJ SAVEPACKAGE PACKAGE="/Game/Andrey_Contex/BP_Printer" FILE="../../../../../../Users/AlisaDI/Documents/MephiTasks/UnrealProject/Content/Andrey_Contex/BP_Printer.uasset" SILENT=true
[2025.04.10-17.10.17:450][  8]LogSavePackage: Moving '../../../../../../Users/AlisaDI/Documents/MephiTasks/UnrealProject/Saved/BP_Printer7D9316CB411C78BD8CE2DF8B0875C9CB.tmp' to '../../../../../../Users/AlisaDI/Documents/MephiTasks/UnrealProject/Content/Andrey_Contex/BP_Printer.uasset'
[2025.04.10-17.10.17:464][  8]AssetCheck: New page: Asset Save: BP_Printer
[2025.04.10-17.10.17:464][  8]LogContentValidation: Display: Validating Blueprint /Game/Andrey_Contex/BP_Printer.BP_Printer
[2025.04.10-17.10.55:515][550]Cmd: SELECT NONE
[2025.04.10-17.11.19:789][455]LogUObjectHash: Compacting FUObjectHashTables data took   2.15ms
[2025.04.10-17.11.20:937][455]LogSlate: Window 'Save Content' being destroyed
[2025.04.10-17.11.20:956][455]Cmd: OBJ SAVEPACKAGE PACKAGE="/Game/Andrey_Contex/BP_Printer" FILE="../../../../../../Users/AlisaDI/Documents/MephiTasks/UnrealProject/Content/Andrey_Contex/BP_Printer.uasset" SILENT=true
[2025.04.10-17.11.20:963][455]LogSavePackage: Moving '../../../../../../Users/AlisaDI/Documents/MephiTasks/UnrealProject/Saved/BP_PrinterEAC61C754975E0A74EAA43A6CB4F04EF.tmp' to '../../../../../../Users/AlisaDI/Documents/MephiTasks/UnrealProject/Content/Andrey_Contex/BP_Printer.uasset'
[2025.04.10-17.11.20:971][455]Cmd: OBJ SAVEPACKAGE PACKAGE="/Game/Andrey_Contex/MI_Text" FILE="../../../../../../Users/AlisaDI/Documents/MephiTasks/UnrealProject/Content/Andrey_Contex/MI_Text.uasset" SILENT=true
[2025.04.10-17.11.20:995][455]LogUObjectHash: Compacting FUObjectHashTables data took   0.65ms
[2025.04.10-17.11.21:020][455]LogUObjectHash: Compacting FUObjectHashTables data took   0.54ms
[2025.04.10-17.11.21:025][455]LogSavePackage: Moving '../../../../../../Users/AlisaDI/Documents/MephiTasks/UnrealProject/Saved/MI_Text609AD1234DF7F57689F01598CBC8A6DC.tmp' to '../../../../../../Users/AlisaDI/Documents/MephiTasks/UnrealProject/Content/Andrey_Contex/MI_Text.uasset'
[2025.04.10-17.11.21:049][455]LogUObjectHash: Compacting FUObjectHashTables data took   0.51ms
[2025.04.10-17.11.21:060][455]LogSavePackage: Moving '../../../../../../Users/AlisaDI/Documents/MephiTasks/UnrealProject/Saved/VRTemplateMap91B36A654C8D624BFE2EC2A828C863D5.tmp' to '../../../../../../Users/AlisaDI/Documents/MephiTasks/UnrealProject/Content/VRTemplate/Maps/VRTemplateMap.umap'
[2025.04.10-17.11.21:066][455]LogFileHelpers: Saving map 'VRTemplateMap' took 0.040
[2025.04.10-17.11.21:123][455]LogWorld: UWorld::CleanupWorld for World_3, bSessionEnded=true, bCleanupResources=true
[2025.04.10-17.11.21:123][455]LogSlate: InvalidateAllWidgets triggered.  All widgets were invalidated
[2025.04.10-17.11.21:168][455]LogActorComponent: UnregisterComponent: (/Engine/Transient.EditorFloorComp) Not registered. Aborting.
[2025.04.10-17.11.21:168][455]LogWorld: UWorld::CleanupWorld for World_5, bSessionEnded=true, bCleanupResources=true
[2025.04.10-17.11.21:168][455]LogSlate: InvalidateAllWidgets triggered.  All widgets were invalidated
[2025.04.10-17.11.21:217][455]LogWorld: UWorld::CleanupWorld for World_8, bSessionEnded=true, bCleanupResources=true
[2025.04.10-17.11.21:217][455]LogSlate: InvalidateAllWidgets triggered.  All widgets were invalidated
[2025.04.10-17.11.21:249][455]LogWorld: UWorld::CleanupWorld for World_9, bSessionEnded=true, bCleanupResources=true
[2025.04.10-17.11.21:249][455]LogSlate: InvalidateAllWidgets triggered.  All widgets were invalidated
[2025.04.10-17.11.21:268][455]LogWorld: UWorld::CleanupWorld for World_10, bSessionEnded=true, bCleanupResources=true
[2025.04.10-17.11.21:268][455]LogSlate: InvalidateAllWidgets triggered.  All widgets were invalidated
[2025.04.10-17.11.21:305][455]LogSlate: Window 'MyProject - Unreal Editor' being destroyed
[2025.04.10-17.11.21:426][455]AssetCheck: New page: Asset Save: multiple assets
[2025.04.10-17.11.21:426][455]LogContentValidation: Display: Validating World /Game/VRTemplate/Maps/VRTemplateMap.VRTemplateMap
[2025.04.10-17.11.21:426][455]LogContentValidation: Display: Validating MaterialInstanceConstant /Game/Andrey_Contex/MI_Text.MI_Text
[2025.04.10-17.11.21:426][455]LogContentValidation: Display: Validating Blueprint /Game/Andrey_Contex/BP_Printer.BP_Printer
[2025.04.10-17.11.21:427][456]Cmd: QUIT_EDITOR
[2025.04.10-17.11.21:427][456]LogCore: Engine exit requested (reason: UUnrealEdEngine::CloseEditor())
[2025.04.10-17.11.21:429][456]LogCore: Engine exit requested (reason: EngineExit() was called; note: exit was already requested)
[2025.04.10-17.11.22:084][456]LogAudio: Display: Beginning Audio Device Manager Shutdown (Module: AudioMixerXAudio2)...
[2025.04.10-17.11.22:084][456]LogAudio: Display: Destroying 1 Remaining Audio Device(s)...
[2025.04.10-17.11.22:084][456]LogAudio: Display: Audio Device unregistered from world 'VRTemplateMap'.
[2025.04.10-17.11.22:084][456]LogResonanceAudio: Display: Resonance Audio Listener is shutdown
[2025.04.10-17.11.22:084][456]LogAudioMixer: FMixerPlatformXAudio2::StopAudioStream() called
[2025.04.10-17.11.22:085][456]LogAudioMixer: FMixerPlatformXAudio2::StopAudioStream() called
[2025.04.10-17.11.22:107][456]LogAudio: Display: Audio Device Manager Shutdown
[2025.04.10-17.11.22:107][456]LogWindowsTextInputMethodSystem: Display: IME system deactivated.
[2025.04.10-17.11.22:111][456]LogExit: Preparing to exit.
[2025.04.10-17.11.22:794][456]LogUObjectHash: Compacting FUObjectHashTables data took   1.63ms
[2025.04.10-17.11.22:890][456]LogWorld: UWorld::CleanupWorld for World_2, bSessionEnded=true, bCleanupResources=true
[2025.04.10-17.11.22:895][456]LogWorld: UWorld::CleanupWorld for World_6, bSessionEnded=true, bCleanupResources=true
[2025.04.10-17.11.22:897][456]LogWorld: UWorld::CleanupWorld for World_1, bSessionEnded=true, bCleanupResources=true
[2025.04.10-17.11.22:900][456]LogWorld: UWorld::CleanupWorld for World_7, bSessionEnded=true, bCleanupResources=true
[2025.04.10-17.11.22:903][456]LogWorld: UWorld::CleanupWorld for World_0, bSessionEnded=true, bCleanupResources=true
[2025.04.10-17.11.22:912][456]LogDirectoryWatcher: Display: A directory notification failed, and we were unable to create a new request. GetLastError code [6] Handle [FFFFFFFFFFFFFFFF], Path [C:/Users/AlisaDI/Documents/MephiTasks/UnrealProject/Content/] 
[2025.04.10-17.11.22:965][456]LogDemo: Cleaned up 0 splitscreen connections with owner deletion
[2025.04.10-17.11.22:972][456]LogWorld: UWorld::CleanupWorld for None, bSessionEnded=true, bCleanupResources=true
[2025.04.10-17.11.22:973][456]LogExit: Editor shut down
[2025.04.10-17.11.22:973][456]LogExit: Transaction tracking system shut down
[2025.04.10-17.11.23:182][456]LogExit: Object subsystem successfully closed.
[2025.04.10-17.11.23:216][456]LogShaderCompilers: Display: === FShaderJobCache stats ===
[2025.04.10-17.11.23:216][456]LogShaderCompilers: Display: Total job queries 4759, among them cache hits 4549 (95.59%)
[2025.04.10-17.11.23:216][456]LogShaderCompilers: Display: Tracking 140 distinct input hashes that result in 49 distinct outputs (35.00%)
[2025.04.10-17.11.23:216][456]LogShaderCompilers: Display: RAM used: 0.56 MB (0.00 GB) of 1638.40 MB (1.60 GB) budget. Usage: 0.03%
[2025.04.10-17.11.23:216][456]LogShaderCompilers: Display: ================================================
[2025.04.10-17.11.23:229][456]LogShaderCompilers: Display: Shaders left to compile 0
[2025.04.10-17.11.23:267][456]LogModuleManager: Shutting down and abandoning module BlueprintGraph (866)
[2025.04.10-17.11.23:267][456]LogModuleManager: Shutting down and abandoning module MovieSceneCapture (864)
[2025.04.10-17.11.23:267][456]LogModuleManager: Shutting down and abandoning module Voice (862)
[2025.04.10-17.11.23:267][456]LogModuleManager: Shutting down and abandoning module HierarchicalLODOutliner (860)
[2025.04.10-17.11.23:267][456]LogModuleManager: Shutting down and abandoning module SceneOutliner (858)
[2025.04.10-17.11.23:267][456]LogModuleManager: Shutting down and abandoning module AddContentDialog (856)
[2025.04.10-17.11.23:267][456]LogModuleManager: Shutting down and abandoning module WidgetCarousel (855)
[2025.04.10-17.11.23:267][456]LogModuleManager: Shutting down and abandoning module EditorWidgets (852)
[2025.04.10-17.11.23:267][456]LogModuleManager: Shutting down and abandoning module StatsViewer (850)
[2025.04.10-17.11.23:267][456]LogModuleManager: Shutting down and abandoning module PIEPreviewDeviceProfileSelector (848)
[2025.04.10-17.11.23:267][456]LogModuleManager: Shutting down and abandoning module SequenceRecorderSections (846)
[2025.04.10-17.11.23:267][456]LogModuleManager: Shutting down and abandoning module AutomationWorker (844)
[2025.04.10-17.11.23:267][456]LogModuleManager: Shutting down and abandoning module TakeRecorderSources (842)
[2025.04.10-17.11.23:267][456]LogModuleManager: Shutting down and abandoning module TakeRecorder (841)
[2025.04.10-17.11.23:268][456]LogModuleManager: Shutting down and abandoning module TakeTrackRecorders (838)
[2025.04.10-17.11.23:268][456]LogModuleManager: Shutting down and abandoning module TakesCore (836)
[2025.04.10-17.11.23:268][456]LogModuleManager: Shutting down and abandoning module ResonanceAudioEditor (834)
[2025.04.10-17.11.23:268][456]LogModuleManager: Shutting down and abandoning module OpenXRInput (832)
[2025.04.10-17.11.23:268][456]LogModuleManager: Shutting down and abandoning module GooglePADEditor (830)
[2025.04.10-17.11.23:268][456]LogModuleManager: Shutting down and abandoning module AudioCaptureEditor (828)
[2025.04.10-17.11.23:268][456]LogModuleManager: Shutting down and abandoning module TemplateSequenceEditor (826)
[2025.04.10-17.11.23:268][456]LogModuleManager: Shutting down and abandoning module LevelSequenceEditor (824)
[2025.04.10-17.11.23:268][456]LogModuleManager: Shutting down and abandoning module MatineeToLevelSequence (822)
[2025.04.10-17.11.23:268][456]LogModuleManager: Shutting down and abandoning module ActorSequenceEditor (820)
[2025.04.10-17.11.23:268][456]LogModuleManager: Shutting down and abandoning module WmfMediaFactory (818)
[2025.04.10-17.11.23:268][456]LogModuleManager: Shutting down and abandoning module WmfMediaEditor (816)
[2025.04.10-17.11.23:268][456]LogModuleManager: Shutting down and abandoning module WebMMediaFactory (814)
[2025.04.10-17.11.23:268][456]LogModuleManager: Shutting down and abandoning module WebMMediaEditor (812)
[2025.04.10-17.11.23:268][456]LogModuleManager: Shutting down and abandoning module WebMMedia (810)
[2025.04.10-17.11.23:268][456]LogModuleManager: Shutting down and abandoning module MediaPlayerEditor (808)
[2025.04.10-17.11.23:268][456]LogModuleManager: Shutting down and abandoning module MediaCompositingEditor (806)
[2025.04.10-17.11.23:268][456]LogModuleManager: Shutting down and abandoning module SequenceRecorder (805)
[2025.04.10-17.11.23:268][456]LogModuleManager: Shutting down and abandoning module OpenExrWrapper (802)
[2025.04.10-17.11.23:268][456]LogModuleManager: Shutting down and abandoning module ImgMediaFactory (800)
[2025.04.10-17.11.23:268][456]LogModuleManager: Shutting down and abandoning module ImgMediaEditor (798)
[2025.04.10-17.11.23:268][456]LogModuleManager: Shutting down and abandoning module AvfMediaFactory (796)
[2025.04.10-17.11.23:268][456]LogModuleManager: Shutting down and abandoning module AvfMediaEditor (794)
[2025.04.10-17.11.23:268][456]LogModuleManager: Shutting down and abandoning module AndroidMediaFactory (792)
[2025.04.10-17.11.23:268][456]LogModuleManager: Shutting down and abandoning module AndroidMediaEditor (790)
[2025.04.10-17.11.23:268][456]LogModuleManager: Shutting down and abandoning module MagicLeapMediaCodecFactory (788)
[2025.04.10-17.11.23:268][456]LogModuleManager: Shutting down and abandoning module MagicLeapMediaFactory (786)
[2025.04.10-17.11.23:268][456]LogModuleManager: Shutting down and abandoning module MagicLeapMediaEditor (784)
[2025.04.10-17.11.23:269][456]LogModuleManager: Shutting down and abandoning module PlanarCut (782)
[2025.04.10-17.11.23:269][456]LogModuleManager: Shutting down and abandoning module CharacterAI (780)
[2025.04.10-17.11.23:269][456]LogModuleManager: Shutting down and abandoning module TextureAlignMode (778)
[2025.04.10-17.11.23:269][456]LogModuleManager: Shutting down and abandoning module BspMode (776)
[2025.04.10-17.11.23:269][456]LogModuleManager: Shutting down and abandoning module GeometryMode (774)
[2025.04.10-17.11.23:269][456]LogModuleManager: Shutting down and abandoning module CameraShakePreviewer (772)
[2025.04.10-17.11.23:269][456]LogModuleManager: Shutting down and abandoning module SmartSnapping (770)
[2025.04.10-17.11.23:269][456]LogModuleManager: Shutting down and abandoning module SessionServices (768)
[2025.04.10-17.11.23:269][456]LogModuleManager: Shutting down and abandoning module MeshPaint (766)
[2025.04.10-17.11.23:269][456]LogModuleManager: Shutting down and abandoning module VirtualTexturingEditor (764)
[2025.04.10-17.11.23:269][456]LogModuleManager: Shutting down and abandoning module FoliageEdit (762)
[2025.04.10-17.11.23:269][456]LogModuleManager: Shutting down and abandoning module LandscapeEditor (760)
[2025.04.10-17.11.23:269][456]LogModuleManager: Shutting down and abandoning module MeshPaintMode (758)
[2025.04.10-17.11.23:269][456]LogModuleManager: Shutting down and abandoning module SceneDepthPickerMode (756)
[2025.04.10-17.11.23:269][456]LogModuleManager: Shutting down and abandoning module ActorPickerMode (754)
[2025.04.10-17.11.23:269][456]LogModuleManager: Shutting down and abandoning module PlacementMode (752)
[2025.04.10-17.11.23:270][456]LogModuleManager: Shutting down and abandoning module ViewportSnapping (750)
[2025.04.10-17.11.23:270][456]LogModuleManager: Shutting down and abandoning module ViewportInteraction (748)
[2025.04.10-17.11.23:270][456]LogModuleManager: Shutting down and abandoning module ClothPainter (746)
[2025.04.10-17.11.23:270][456]LogModuleManager: Shutting down and abandoning module SkeletalMeshEditor (745)
[2025.04.10-17.11.23:270][456]LogModuleManager: Shutting down and abandoning module LogVisualizer (742)
[2025.04.10-17.11.23:270][456]LogModuleManager: Shutting down and abandoning module IntroTutorials (740)
[2025.04.10-17.11.23:270][456]LogModuleManager: Shutting down and abandoning module GameProjectGeneration (739)
[2025.04.10-17.11.23:270][456]LogModuleManager: Shutting down and abandoning module LuminPlatformEditor (736)
[2025.04.10-17.11.23:270][456]LogModuleManager: Shutting down and abandoning module IOSPlatformEditor (734)
[2025.04.10-17.11.23:270][456]LogModuleManager: Shutting down and abandoning module AndroidPlatformEditor (732)
[2025.04.10-17.11.23:270][456]LogModuleManager: Shutting down and abandoning module AndroidDeviceDetection (731)
[2025.04.10-17.11.23:848][456]LogModuleManager: Shutting down and abandoning module WindowsPlatformEditor (728)
[2025.04.10-17.11.23:848][456]LogModuleManager: Shutting down and abandoning module LuminRuntimeSettings (726)
[2025.04.10-17.11.23:848][456]LogModuleManager: Shutting down and abandoning module IOSRuntimeSettings (724)
[2025.04.10-17.11.23:848][456]LogModuleManager: Shutting down and abandoning module AndroidRuntimeSettings (722)
[2025.04.10-17.11.23:848][456]LogModuleManager: Shutting down and abandoning module TraceInsights (720)
[2025.04.10-17.11.23:848][456]MemoryProfiler: Shutdown
[2025.04.10-17.11.23:848][456]NetworkingProfiler: Shutdown
[2025.04.10-17.11.23:848][456]LoadingProfiler: Shutdown
[2025.04.10-17.11.23:848][456]TimingProfiler: Shutdown
[2025.04.10-17.11.23:848][456]LogModuleManager: Shutting down and abandoning module TraceServices (719)
[2025.04.10-17.11.23:848][456]LogModuleManager: Shutting down and abandoning module EditorInteractiveToolsFramework (716)
[2025.04.10-17.11.23:848][456]LogModuleManager: Shutting down and abandoning module TimeManagementEditor (714)
[2025.04.10-17.11.23:848][456]LogModuleManager: Shutting down and abandoning module InputBindingEditor (712)
[2025.04.10-17.11.23:848][456]LogModuleManager: Shutting down and abandoning module MergeActors (710)
[2025.04.10-17.11.23:848][456]LogModuleManager: Shutting down and abandoning module LocalizationDashboard (708)
[2025.04.10-17.11.23:848][456]LogModuleManager: Shutting down and abandoning module LocalizationService (707)
[2025.04.10-17.11.23:849][456]LogModuleManager: Shutting down and abandoning module HardwareTargeting (704)
[2025.04.10-17.11.23:849][456]LogModuleManager: Shutting down and abandoning module DeviceProfileEditor (702)
[2025.04.10-17.11.23:849][456]LogModuleManager: Shutting down and abandoning module UndoHistory (700)
[2025.04.10-17.11.23:849][456]LogModuleManager: Shutting down and abandoning module XmlParser (698)
[2025.04.10-17.11.23:849][456]LogModuleManager: Shutting down and abandoning module Blutility (696)
[2025.04.10-17.11.23:849][456]LogModuleManager: Shutting down and abandoning module ProjectSettingsViewer (694)
[2025.04.10-17.11.23:849][456]LogModuleManager: Shutting down and abandoning module ProjectTargetPlatformEditor (693)
[2025.04.10-17.11.23:849][456]LogModuleManager: Shutting down and abandoning module EditorSettingsViewer (690)
[2025.04.10-17.11.23:849][456]LogModuleManager: Shutting down and abandoning module InternationalizationSettings (689)
[2025.04.10-17.11.23:849][456]LogModuleManager: Shutting down and abandoning module SettingsEditor (686)
[2025.04.10-17.11.23:849][456]LogModuleManager: Shutting down and abandoning module ProjectLauncher (684)
[2025.04.10-17.11.23:849][456]LogModuleManager: Shutting down and abandoning module SessionFrontend (682)
[2025.04.10-17.11.23:849][456]LogModuleManager: Shutting down and abandoning module ProfilerClient (680)
[2025.04.10-17.11.23:849][456]LogModuleManager: Shutting down and abandoning module DeviceManager (678)
[2025.04.10-17.11.23:849][456]LogModuleManager: Shutting down and abandoning module TargetDeviceServices (677)
[2025.04.10-17.11.23:882][456]LogModuleManager: Shutting down and abandoning module AutomationController (674)
[2025.04.10-17.11.23:882][456]LogModuleManager: Shutting down and abandoning module AutomationWindow (672)
[2025.04.10-17.11.23:882][456]LogModuleManager: Shutting down and abandoning module Layers (670)
[2025.04.10-17.11.23:882][456]LogModuleManager: Shutting down and abandoning module ComponentVisualizers (668)
[2025.04.10-17.11.23:882][456]LogModuleManager: Shutting down and abandoning module DetailCustomizations (666)
[2025.04.10-17.11.23:882][456]LogModuleManager: Shutting down and abandoning module PackagesDialog (664)
[2025.04.10-17.11.23:882][456]LogModuleManager: Shutting down and abandoning module AnimationBlueprintEditor (662)
[2025.04.10-17.11.23:882][456]LogModuleManager: Shutting down and abandoning module Persona (660)
[2025.04.10-17.11.23:882][456]LogModuleManager: Shutting down and abandoning module AdvancedPreviewScene (659)
[2025.04.10-17.11.23:882][456]LogModuleManager: Shutting down and abandoning module AnimGraph (657)
[2025.04.10-17.11.23:882][456]LogModuleManager: Shutting down and abandoning module Kismet (654)
[2025.04.10-17.11.23:887][456]LogModuleManager: Shutting down and abandoning module KismetWidgets (653)
[2025.04.10-17.11.23:887][456]LogModuleManager: Shutting down and abandoning module GraphEditor (650)
[2025.04.10-17.11.23:887][456]LogModuleManager: Shutting down and abandoning module StructViewer (648)
[2025.04.10-17.11.23:887][456]LogModuleManager: Shutting down and abandoning module ClassViewer (646)
[2025.04.10-17.11.23:888][456]LogModuleManager: Shutting down and abandoning module Toolbox (644)
[2025.04.10-17.11.23:889][456]LogModuleManager: Shutting down and abandoning module ModuleUI (642)
[2025.04.10-17.11.23:889][456]LogModuleManager: Shutting down and abandoning module OutputLog (640)
[2025.04.10-17.11.23:889][456]LogModuleManager: Shutting down and abandoning module GammaUI (638)
[2025.04.10-17.11.23:889][456]LogModuleManager: Shutting down and abandoning module Documentation (636)
[2025.04.10-17.11.23:889][456]LogModuleManager: Shutting down and abandoning module LiveCoding (634)
[2025.04.10-17.11.23:889][456]LogModuleManager: Shutting down and abandoning module LevelSequence (632)
[2025.04.10-17.11.23:889][456]LogModuleManager: Shutting down and abandoning module MovieSceneTracks (630)
[2025.04.10-17.11.23:889][456]LogModuleManager: Shutting down and abandoning module MovieScene (628)
[2025.04.10-17.11.23:889][456]LogModuleManager: Shutting down and abandoning module StreamingPauseRendering (626)
[2025.04.10-17.11.23:889][456]LogModuleManager: Shutting down and abandoning module LauncherPlatform (624)
[2025.04.10-17.11.23:889][456]LogModuleManager: Shutting down and abandoning module AnalyticsET (622)
[2025.04.10-17.11.23:889][456]LogModuleManager: Shutting down and abandoning module PortalServices (620)
[2025.04.10-17.11.23:889][456]LogModuleManager: Shutting down and abandoning module PortalRpc (618)
[2025.04.10-17.11.23:889][456]LogModuleManager: Shutting down and abandoning module MessagingRpc (616)
[2025.04.10-17.11.23:889][456]LogModuleManager: Shutting down and abandoning module AudioMixerXAudio2 (614)
[2025.04.10-17.11.23:889][456]LogModuleManager: Shutting down and abandoning module AudioMixerCore (613)
[2025.04.10-17.11.23:889][456]LogModuleManager: Shutting down and abandoning module AIModule (610)
[2025.04.10-17.11.23:889][456]LogModuleManager: Shutting down and abandoning module GameplayDebugger (609)
[2025.04.10-17.11.23:889][456]LogModuleManager: Shutting down and abandoning module AITestSuite (607)
[2025.04.10-17.11.23:889][456]LogModuleManager: Shutting down and abandoning module NavigationSystem (605)
[2025.04.10-17.11.23:889][456]LogModuleManager: Shutting down and abandoning module ImageWriteQueue (602)
[2025.04.10-17.11.23:894][456]LogModuleManager: Shutting down and abandoning module ProfilerService (600)
[2025.04.10-17.11.23:900][456]LogModuleManager: Shutting down and abandoning module TaskGraph (598)
[2025.04.10-17.11.23:900][456]LogModuleManager: Shutting down and abandoning module AudioSynesthesiaEditor (596)
[2025.04.10-17.11.23:900][456]LogModuleManager: Shutting down and abandoning module ContentBrowserFileDataSource (594)
[2025.04.10-17.11.23:900][456]LogModuleManager: Shutting down and abandoning module ContentBrowserClassDataSource (592)
[2025.04.10-17.11.23:900][456]LogModuleManager: Shutting down and abandoning module ContentBrowserAssetDataSource (590)
[2025.04.10-17.11.23:900][456]LogModuleManager: Shutting down and abandoning module CollectionManager (589)
[2025.04.10-17.11.23:900][456]LogModuleManager: Shutting down and abandoning module TakeSequencer (586)
[2025.04.10-17.11.23:900][456]LogModuleManager: Shutting down and abandoning module TakeMovieScene (584)
[2025.04.10-17.11.23:900][456]LogModuleManager: Shutting down and abandoning module SynthesisEditor (582)
[2025.04.10-17.11.23:900][456]LogModuleManager: Shutting down and abandoning module Synthesis (580)
[2025.04.10-17.11.23:900][456]LogModuleManager: Shutting down and abandoning module ResonanceAudio (578)
[2025.04.10-17.11.23:900][456]LogModuleManager: Shutting down and abandoning module ProceduralMeshComponentEditor (576)
[2025.04.10-17.11.23:900][456]LogModuleManager: Shutting down and abandoning module ProceduralMeshComponent (574)
[2025.04.10-17.11.23:900][456]LogModuleManager: Shutting down and abandoning module OpenXREditor (572)
[2025.04.10-17.11.23:900][456]LogModuleManager: Shutting down and abandoning module MobilePatchingUtils (570)
[2025.04.10-17.11.23:900][456]LogModuleManager: Shutting down and abandoning module GooglePAD (568)
[2025.04.10-17.11.23:900][456]LogModuleManager: Shutting down and abandoning module EditableMesh (566)
[2025.04.10-17.11.23:900][456]LogModuleManager: Shutting down and abandoning module CableComponent (564)
[2025.04.10-17.11.23:900][456]LogModuleManager: Shutting down and abandoning module CustomMeshComponent (562)
[2025.04.10-17.11.23:900][456]LogModuleManager: Shutting down and abandoning module AudioCapture (560)
[2025.04.10-17.11.23:900][456]LogModuleManager: Shutting down and abandoning module AudioCaptureRtAudio (559)
[2025.04.10-17.11.23:900][456]LogModuleManager: Shutting down and abandoning module AssetTags (556)
[2025.04.10-17.11.23:900][456]LogModuleManager: Shutting down and abandoning module ArchVisCharacter (554)
[2025.04.10-17.11.23:900][456]LogModuleManager: Shutting down and abandoning module AppleImageUtilsBlueprintSupport (552)
[2025.04.10-17.11.23:900][456]LogModuleManager: Shutting down and abandoning module AppleImageUtils (550)
[2025.04.10-17.11.23:900][456]LogModuleManager: Shutting down and abandoning module AndroidPermission (548)
[2025.04.10-17.11.23:900][456]LogModuleManager: Shutting down and abandoning module ActorLayerUtilitiesEditor (546)
[2025.04.10-17.11.23:900][456]LogModuleManager: Shutting down and abandoning module ActorLayerUtilities (544)
[2025.04.10-17.11.23:900][456]LogModuleManager: Shutting down and abandoning module ScreenshotTools (542)
[2025.04.10-17.11.23:900][456]LogModuleManager: Shutting down and abandoning module TemplateSequence (540)
[2025.04.10-17.11.23:900][456]LogModuleManager: Shutting down and abandoning module MediaCompositing (538)
[2025.04.10-17.11.23:900][456]LogModuleManager: Shutting down and abandoning module ImgMedia (536)
[2025.04.10-17.11.23:900][456]LogModuleManager: Shutting down and abandoning module MagicLeapSharedWorld (534)
[2025.04.10-17.11.23:900][456]LogModuleManager: Shutting down and abandoning module MagicLeapLightEstimation (532)
[2025.04.10-17.11.23:900][456]LogModuleManager: Shutting down and abandoning module MagicLeapHelperVulkan (530)
[2025.04.10-17.11.23:900][456]LogModuleManager: Shutting down and abandoning module MagicLeapHelperOpenGL (528)
[2025.04.10-17.11.23:900][456]LogModuleManager: Shutting down and abandoning module MagicLeapAudio (526)
[2025.04.10-17.11.23:900][456]LogModuleManager: Shutting down and abandoning module MotoSynthEditor (524)
[2025.04.10-17.11.23:900][456]LogModuleManager: Shutting down and abandoning module MotoSynth (522)
[2025.04.10-17.11.23:900][456]LogModuleManager: Shutting down and abandoning module OpenImageDenoise (520)
[2025.04.10-17.11.23:900][456]LogOpenImageDenoise: OIDN shutting down
[2025.04.10-17.11.23:900][456]LogModuleManager: Shutting down and abandoning module MeshConversion (518)
[2025.04.10-17.11.23:900][456]LogModuleManager: Shutting down and abandoning module DynamicMesh (516)
[2025.04.10-17.11.23:900][456]LogModuleManager: Shutting down and abandoning module GeometryAlgorithms (514)
[2025.04.10-17.11.23:900][456]LogModuleManager: Shutting down and abandoning module GeometricObjects (512)
[2025.04.10-17.11.23:900][456]LogModuleManager: Shutting down and abandoning module NiagaraEditorWidgets (510)
[2025.04.10-17.11.23:900][456]LogModuleManager: Shutting down and abandoning module GeometryCollectionTracks (508)
[2025.04.10-17.11.23:900][456]LogModuleManager: Shutting down and abandoning module GeometryCollectionSequencer (507)
[2025.04.10-17.11.23:900][456]LogModuleManager: Shutting down and abandoning module GeometryCollectionEditor (504)
[2025.04.10-17.11.23:900][456]LogModuleManager: Shutting down and abandoning module GeometryCacheTracks (502)
[2025.04.10-17.11.23:900][456]LogModuleManager: Shutting down and abandoning module GeometryCacheStreamer (500)
[2025.04.10-17.11.23:900][456]LogModuleManager: Shutting down and abandoning module GeometryCacheSequencer (498)
[2025.04.10-17.11.23:900][456]LogModuleManager: Shutting down and abandoning module FractureEditor (496)
[2025.04.10-17.11.23:900][456]LogModuleManager: Shutting down and abandoning module ChaosSolverEditor (494)
[2025.04.10-17.11.23:900][456]LogModuleManager: Shutting down and abandoning module ChaosNiagara (492)
[2025.04.10-17.11.23:900][456]LogModuleManager: Shutting down and abandoning module FieldSystemEngine (491)
[2025.04.10-17.11.23:900][456]LogModuleManager: Shutting down and abandoning module VisualStudioCodeSourceCodeAccess (488)
[2025.04.10-17.11.23:900][456]LogModuleManager: Shutting down and abandoning module ChaosClothEditor (486)
[2025.04.10-17.11.23:900][456]LogModuleManager: Shutting down and abandoning module BackChannel (484)
[2025.04.10-17.11.23:900][456]LogModuleManager: Shutting down and abandoning module AutomationUtilsEditor (482)
[2025.04.10-17.11.23:900][456]LogModuleManager: Shutting down and abandoning module AutomationUtils (480)
[2025.04.10-17.11.23:900][456]LogModuleManager: Shutting down and abandoning module VisualStudioSourceCodeAccess (478)
[2025.04.10-17.11.23:900][456]LogModuleManager: Shutting down and abandoning module AlembicImporter (476)
[2025.04.10-17.11.23:900][456]LogModuleManager: Shutting down and abandoning module AlembicLibrary (475)
[2025.04.10-17.11.23:900][456]LogModuleManager: Shutting down and abandoning module GeometryCache (474)
[2025.04.10-17.11.23:900][456]LogModuleManager: Shutting down and abandoning module GeometryCacheEd (473)
[2025.04.10-17.11.23:900][456]LogModuleManager: Shutting down and abandoning module RiderSourceCodeAccess (468)
[2025.04.10-17.11.23:900][456]LogModuleManager: Shutting down and abandoning module UObjectPlugin (466)
[2025.04.10-17.11.23:900][456]LogModuleManager: Shutting down and abandoning module SubversionSourceControl (464)
[2025.04.10-17.11.23:900][456]LogModuleManager: Shutting down and abandoning module PluginUtils (462)
[2025.04.10-17.11.23:900][456]LogModuleManager: Shutting down and abandoning module PlasticSourceControl (460)
[2025.04.10-17.11.23:900][456]LogModuleManager: Shutting down and abandoning module PerforceSourceControl (458)
[2025.04.10-17.11.23:900][456]LogModuleManager: Shutting down and abandoning module CLionSourceCodeAccess (456)
[2025.04.10-17.11.23:900][456]LogModuleManager: Shutting down and abandoning module VariantManagerContentEditor (454)
[2025.04.10-17.11.23:900][456]LogModuleManager: Shutting down and abandoning module GitSourceControl (452)
[2025.04.10-17.11.23:901][456]LogModuleManager: Shutting down and abandoning module SourceControl (451)
[2025.04.10-17.11.23:901][456]LogModuleManager: Shutting down and abandoning module DatasmithContentEditor (448)
[2025.04.10-17.11.23:901][456]LogModuleManager: Shutting down and abandoning module AnimationSharingEd (446)
[2025.04.10-17.11.23:901][456]LogModuleManager: Shutting down and abandoning module SpeedTreeImporter (444)
[2025.04.10-17.11.23:901][456]LogModuleManager: Shutting down and abandoning module MobileLauncherProfileWizard (442)
[2025.04.10-17.11.23:901][456]LogModuleManager: Shutting down and abandoning module PluginBrowser (440)
[2025.04.10-17.11.23:901][456]LogModuleManager: Shutting down and abandoning module MaterialAnalyzer (438)
[2025.04.10-17.11.23:901][456]LogModuleManager: Shutting down and abandoning module CurveEditorTools (436)
[2025.04.10-17.11.23:901][456]LogModuleManager: Shutting down and abandoning module CryptoKeysOpenSSL (434)
[2025.04.10-17.11.23:901][456]LogModuleManager: Shutting down and abandoning module CryptoKeys (432)
[2025.04.10-17.11.23:901][456]LogModuleManager: Shutting down and abandoning module OodleNetworkHandlerComponent (430)
[2025.04.10-17.11.23:901][456]LogModuleManager: Shutting down and abandoning module LiveLinkSequencer (428)
[2025.04.10-17.11.23:901][456]LogModuleManager: Shutting down and abandoning module LiveLinkMovieScene (426)
[2025.04.10-17.11.23:901][456]LogModuleManager: Shutting down and abandoning module LiveLinkGraphNode (424)
[2025.04.10-17.11.23:901][456]LogModuleManager: Shutting down and abandoning module LiveLinkEditor (422)
[2025.04.10-17.11.23:901][456]LogModuleManager: Shutting down and abandoning module LiveLinkComponents (420)
[2025.04.10-17.11.23:901][456]LogModuleManager: Shutting down and abandoning module LiveLink (418)
[2025.04.10-17.11.23:909][456]LogModuleManager: Shutting down and abandoning module LightPropagationVolumeEditor (416)
[2025.04.10-17.11.23:909][456]LogModuleManager: Shutting down and abandoning module PaperTiledImporter (414)
[2025.04.10-17.11.23:909][456]LogModuleManager: Shutting down and abandoning module PaperSpriteSheetImporter (412)
[2025.04.10-17.11.23:909][456]LogModuleManager: Shutting down and abandoning module Paper2DEditor (410)
[2025.04.10-17.11.23:909][456]LogModuleManager: Shutting down and abandoning module MeshPaintingToolset (408)
[2025.04.10-17.11.23:909][456]LogModuleManager: Shutting down and abandoning module MeshPaintEditorMode (406)
[2025.04.10-17.11.23:910][456]LogModuleManager: Shutting down and abandoning module SoundFields (404)
[2025.04.10-17.11.23:910][456]LogModuleManager: Shutting down and abandoning module SignificanceManager (402)
[2025.04.10-17.11.23:910][456]LogModuleManager: Shutting down and abandoning module RuntimePhysXCooking (400)
[2025.04.10-17.11.23:910][456]LogModuleManager: Shutting down and abandoning module PropertyAccessEditor (398)
[2025.04.10-17.11.23:910][456]LogModuleManager: Shutting down and abandoning module PhysXVehiclesEditor (396)
[2025.04.10-17.11.23:910][456]LogModuleManager: Shutting down and abandoning module LocationServicesBPLibrary (392)
[2025.04.10-17.11.23:910][456]LogModuleManager: Shutting down and abandoning module AudioSynesthesia (390)
[2025.04.10-17.11.23:910][456]LogModuleManager: Shutting down and abandoning module AudioSynesthesiaCore (388)
[2025.04.10-17.11.23:910][456]LogModuleManager: Shutting down and abandoning module TcpMessaging (386)
[2025.04.10-17.11.24:010][456]LogModuleManager: Shutting down and abandoning module UdpMessaging (384)
[2025.04.10-17.11.24:111][456]LogModuleManager: Shutting down and abandoning module ActorSequence (382)
[2025.04.10-17.11.24:111][456]LogModuleManager: Shutting down and abandoning module ImgMediaEngine (380)
[2025.04.10-17.11.24:111][456]LogModuleManager: Shutting down and abandoning module MagicLeapARPin (378)
[2025.04.10-17.11.24:111][456]LogModuleManager: Shutting down and abandoning module PythonScriptPlugin (376)
[2025.04.10-17.11.24:111][456]LogModuleManager: Shutting down and abandoning module MagicLeapHandMeshing (374)
[2025.04.10-17.11.24:111][456]LogModuleManager: Shutting down and abandoning module MagicLeapSecureStorage (372)
[2025.04.10-17.11.24:111][456]LogModuleManager: Shutting down and abandoning module MagicLeapPrivileges (370)
[2025.04.10-17.11.24:111][456]LogModuleManager: Shutting down and abandoning module MagicLeapPlanes (368)
[2025.04.10-17.11.24:111][456]LogMagicLeapPlanes: Planes tracker already destroyed.
[2025.04.10-17.11.24:111][456]LogModuleManager: Shutting down and abandoning module MagicLeapImageTracker (366)
[2025.04.10-17.11.24:111][456]LogModuleManager: Shutting down and abandoning module MagicLeapIdentity (364)
[2025.04.10-17.11.24:111][456]LogModuleManager: Shutting down and abandoning module MagicLeapHandTracking (362)
[2025.04.10-17.11.24:111][456]LogModuleManager: Shutting down and abandoning module MagicLeapEyeTracker (360)
[2025.04.10-17.11.24:111][456]LogModuleManager: Shutting down and abandoning module MagicLeapController (358)
[2025.04.10-17.11.24:111][456]LogModuleManager: Shutting down and abandoning module MagicLeapARPinImpl (356)
[2025.04.10-17.11.24:111][456]LogModuleManager: Shutting down and abandoning module MagicLeapAR (354)
[2025.04.10-17.11.24:111][456]LogModuleManager: Shutting down and abandoning module NiagaraAnimNotifies (352)
[2025.04.10-17.11.24:111][456]LogModuleManager: Shutting down and abandoning module Niagara (350)
[2025.04.10-17.11.24:111][456]LogModuleManager: Shutting down and abandoning module SignalProcessing (349)
[2025.04.10-17.11.24:111][456]LogModuleManager: Shutting down and abandoning module NiagaraEditor (347)
[2025.04.10-17.11.24:111][456]LogModuleManager: Shutting down and abandoning module NiagaraCore (344)
[2025.04.10-17.11.24:111][456]LogModuleManager: Shutting down and abandoning module PropertyAccessNode (342)
[2025.04.10-17.11.24:111][456]LogModuleManager: Shutting down and abandoning module AnimationSharing (340)
[2025.04.10-17.11.24:111][456]LogModuleManager: Shutting down and abandoning module DataValidation (338)
[2025.04.10-17.11.24:111][456]LogModuleManager: Shutting down and abandoning module GameplayTagsEditor (336)
[2025.04.10-17.11.24:111][456]LogModuleManager: Shutting down and abandoning module FacialAnimationEditor (334)
[2025.04.10-17.11.24:111][456]LogModuleManager: Shutting down and abandoning module FacialAnimation (332)
[2025.04.10-17.11.24:111][456]LogModuleManager: Shutting down and abandoning module AssetManagerEditor (330)
[2025.04.10-17.11.24:111][456]LogModuleManager: Shutting down and abandoning module LevelEditor (329)
[2025.04.10-17.11.24:112][456]LogModuleManager: Shutting down and abandoning module PixelInspectorModule (328)
[2025.04.10-17.11.24:112][456]LogModuleManager: Shutting down and abandoning module CommonMenuExtensions (326)
[2025.04.10-17.11.24:112][456]LogModuleManager: Shutting down and abandoning module MainFrame (324)
[2025.04.10-17.11.24:112][456]LogModuleManager: Shutting down and abandoning module HotReload (323)
[2025.04.10-17.11.24:113][456]LogModuleManager: Shutting down and abandoning module ToolMenus (319)
[2025.04.10-17.11.24:113][456]LogModuleManager: Shutting down and abandoning module ContentBrowser (317)
[2025.04.10-17.11.24:113][456]LogModuleManager: Shutting down and abandoning module ContentBrowserData (316)
[2025.04.10-17.11.24:113][456]LogModuleManager: Shutting down and abandoning module TreeMap (313)
[2025.04.10-17.11.24:113][456]LogModuleManager: Shutting down and abandoning module GameplayCameras (310)
[2025.04.10-17.11.24:113][456]LogModuleManager: Shutting down and abandoning module LightPropagationVolumeRuntime (308)
[2025.04.10-17.11.24:113][456]LogModuleManager: Shutting down and abandoning module EnvironmentQueryEditor (306)
[2025.04.10-17.11.24:113][456]LogModuleManager: Shutting down and abandoning module Paper2D (304)
[2025.04.10-17.11.24:113][456]LogModuleManager: Shutting down and abandoning module WindowsMoviePlayer (302)
[2025.04.10-17.11.24:114][456]LogModuleManager: Shutting down and abandoning module WebMMoviePlayer (300)
[2025.04.10-17.11.24:114][456]LogModuleManager: Shutting down and abandoning module NetworkReplayStreaming (298)
[2025.04.10-17.11.24:114][456]LogModuleManager: Shutting down and abandoning module PacketHandler (296)
[2025.04.10-17.11.24:114][456]LogModuleManager: Shutting down and abandoning module ClothingSystemEditor (294)
[2025.04.10-17.11.24:114][456]LogModuleManager: Shutting down and abandoning module ClothingSystemRuntimeNv (292)
[2025.04.10-17.11.24:114][456]LogModuleManager: Shutting down and abandoning module MediaAssets (290)
[2025.04.10-17.11.24:114][456]LogModuleManager: Shutting down and abandoning module Overlay (288)
[2025.04.10-17.11.24:114][456]LogModuleManager: Shutting down and abandoning module OverlayEditor (287)
[2025.04.10-17.11.24:114][456]LogModuleManager: Shutting down and abandoning module VREditor (284)
[2025.04.10-17.11.24:114][456]LogModuleManager: Shutting down and abandoning module StringTableEditor (282)
[2025.04.10-17.11.24:114][456]LogModuleManager: Shutting down and abandoning module GameplayTasksEditor (280)
[2025.04.10-17.11.24:114][456]LogModuleManager: Shutting down and abandoning module BehaviorTreeEditor (278)
[2025.04.10-17.11.24:114][456]LogModuleManager: Shutting down and abandoning module FunctionalTesting (276)
[2025.04.10-17.11.24:114][456]LogModuleManager: Shutting down and abandoning module CollisionAnalyzer (274)
[2025.04.10-17.11.24:114][456]LogModuleManager: Shutting down and abandoning module WorkspaceMenuStructure (273)
[2025.04.10-17.11.24:114][456]LogModuleManager: Shutting down and abandoning module UMG (270)
[2025.04.10-17.11.24:114][456]LogModuleManager: Shutting down and abandoning module UMGEditor (269)
[2025.04.10-17.11.24:114][456]LogModuleManager: Shutting down and abandoning module MessageLog (267)
[2025.04.10-17.11.24:114][456]LogModuleManager: Shutting down and abandoning module SlateReflector (262)
[2025.04.10-17.11.24:114][456]LogModuleManager: Shutting down and abandoning module Slate (260)
[2025.04.10-17.11.24:114][456]LogModuleManager: Shutting down and abandoning module SlateCore (258)
[2025.04.10-17.11.24:115][456]LogModuleManager: Shutting down and abandoning module LandscapeEditorUtilities (256)
[2025.04.10-17.11.24:115][456]LogModuleManager: Shutting down and abandoning module UnrealEd (254)
[2025.04.10-17.11.24:115][456]LogModuleManager: Shutting down and abandoning module MRMesh (252)
[2025.04.10-17.11.24:115][456]LogModuleManager: Shutting down and abandoning module SourceCodeAccess (250)
[2025.04.10-17.11.24:115][456]LogModuleManager: Shutting down and abandoning module HeadMountedDisplay (248)
[2025.04.10-17.11.24:115][456]LogModuleManager: Shutting down and abandoning module XAudio2 (246)
[2025.04.10-17.11.24:115][456]LogModuleManager: Shutting down and abandoning module Networking (244)
[2025.04.10-17.11.24:115][456]LogModuleManager: Shutting down and abandoning module Core (242)
[2025.04.10-17.11.24:115][456]LogModuleManager: Shutting down and abandoning module MaterialEditor (240)
[2025.04.10-17.11.24:115][456]LogModuleManager: Shutting down and abandoning module MovieSceneTools (238)
[2025.04.10-17.11.24:115][456]LogModuleManager: Shutting down and abandoning module CurveEditor (237)
[2025.04.10-17.11.24:115][456]LogModuleManager: Shutting down and abandoning module Sequencer (235)
[2025.04.10-17.11.24:115][456]LogModuleManager: Shutting down and abandoning module EditorStyle (234)
[2025.04.10-17.11.24:115][456]LogModuleManager: Shutting down and abandoning module KismetCompiler (230)
[2025.04.10-17.11.24:115][456]LogModuleManager: Shutting down and abandoning module MeshBuilder (228)
[2025.04.10-17.11.24:116][456]LogModuleManager: Shutting down and abandoning module MeshUtilities (226)
[2025.04.10-17.11.24:116][456]LogModuleManager: Shutting down and abandoning module MeshMergeUtilities (225)
[2025.04.10-17.11.24:116][456]LogModuleManager: Shutting down and abandoning module MeshReductionInterface (224)
[2025.04.10-17.11.24:116][456]LogModuleManager: Shutting down and abandoning module MeshBoneReduction (223)
[2025.04.10-17.11.24:116][456]LogModuleManager: Shutting down and abandoning module SkeletalMeshReduction (221)
[2025.04.10-17.11.24:116][456]LogModuleManager: Shutting down and abandoning module ProxyLODMeshReduction (219)
[2025.04.10-17.11.24:116][456]LogModuleManager: Shutting down and abandoning module QuadricMeshReduction (217)
[2025.04.10-17.11.24:116][456]LogModuleManager: Shutting down and abandoning module MaterialBaking (213)
[2025.04.10-17.11.24:116][456]LogModuleManager: Shutting down and abandoning module NullInstallBundleManager (208)
[2025.04.10-17.11.24:116][456]LogModuleManager: Shutting down and abandoning module DerivedDataCache (206)
[2025.04.10-17.11.24:116][456]LogModuleManager: Shutting down and abandoning module TargetPlatform (204)
[2025.04.10-17.11.24:116][456]LogModuleManager: Shutting down and abandoning module VulkanShaderFormat (203)
[2025.04.10-17.11.24:116][456]LogModuleManager: Shutting down and abandoning module ShaderFormatVectorVM (201)
[2025.04.10-17.11.24:116][456]LogModuleManager: Shutting down and abandoning module ShaderFormatOpenGL (199)
[2025.04.10-17.11.24:116][456]LogModuleManager: Shutting down and abandoning module ShaderFormatD3D (197)
[2025.04.10-17.11.24:116][456]LogModuleManager: Shutting down and abandoning module MetalShaderFormat (195)
[2025.04.10-17.11.24:116][456]LogModuleManager: Shutting down and abandoning module TextureFormatOodle (193)
[2025.04.10-17.11.24:116][456]LogModuleManager: Shutting down and abandoning module TextureFormatUncompressed (191)
[2025.04.10-17.11.24:116][456]LogModuleManager: Shutting down and abandoning module TextureFormatPVR (189)
[2025.04.10-17.11.24:116][456]LogModuleManager: Shutting down and abandoning module TextureFormatETC2 (187)
[2025.04.10-17.11.24:116][456]LogModuleManager: Shutting down and abandoning module TextureFormatDXT (185)
[2025.04.10-17.11.24:116][456]LogModuleManager: Shutting down and abandoning module TextureFormatIntelISPCTexComp (183)
[2025.04.10-17.11.24:116][456]LogModuleManager: Shutting down and abandoning module TextureFormatASTC (181)
[2025.04.10-17.11.24:116][456]LogModuleManager: Shutting down and abandoning module ImageWrapper (180)
[2025.04.10-17.11.24:116][456]LogModuleManager: Shutting down and abandoning module AudioFormatOpus (177)
[2025.04.10-17.11.24:116][456]LogModuleManager: Shutting down and abandoning module AudioFormatOgg (175)
[2025.04.10-17.11.24:116][456]LogModuleManager: Shutting down and abandoning module AudioFormatADPCM (173)
[2025.04.10-17.11.24:116][456]LogModuleManager: Shutting down and abandoning module WindowsServerTargetPlatform (171)
[2025.04.10-17.11.24:116][456]LogModuleManager: Shutting down and abandoning module WindowsClientTargetPlatform (169)
[2025.04.10-17.11.24:116][456]LogModuleManager: Shutting down and abandoning module WindowsTargetPlatform (167)
[2025.04.10-17.11.24:116][456]LogModuleManager: Shutting down and abandoning module WindowsNoEditorTargetPlatform (165)
[2025.04.10-17.11.24:116][456]LogModuleManager: Shutting down and abandoning module TVOSTargetPlatform (163)
[2025.04.10-17.11.24:116][456]LogModuleManager: Shutting down and abandoning module MacServerTargetPlatform (161)
[2025.04.10-17.11.24:116][456]LogModuleManager: Shutting down and abandoning module MacClientTargetPlatform (159)
[2025.04.10-17.11.24:116][456]LogModuleManager: Shutting down and abandoning module MacTargetPlatform (157)
[2025.04.10-17.11.24:116][456]LogModuleManager: Shutting down and abandoning module MacNoEditorTargetPlatform (155)
[2025.04.10-17.11.24:117][456]LogModuleManager: Shutting down and abandoning module LuminTargetPlatform (153)
[2025.04.10-17.11.24:119][456]LogModuleManager: Shutting down and abandoning module LinuxAArch64ServerTargetPlatform (151)
[2025.04.10-17.11.24:119][456]LogModuleManager: Shutting down and abandoning module LinuxAArch64ClientTargetPlatform (149)
[2025.04.10-17.11.24:119][456]LogModuleManager: Shutting down and abandoning module LinuxAArch64NoEditorTargetPlatform (147)
[2025.04.10-17.11.24:119][456]LogModuleManager: Shutting down and abandoning module LinuxServerTargetPlatform (145)
[2025.04.10-17.11.24:119][456]LogModuleManager: Shutting down and abandoning module LinuxClientTargetPlatform (143)
[2025.04.10-17.11.24:119][456]LogModuleManager: Shutting down and abandoning module LinuxNoEditorTargetPlatform (141)
[2025.04.10-17.11.24:119][456]LogModuleManager: Shutting down and abandoning module LinuxTargetPlatform (139)
[2025.04.10-17.11.24:119][456]LogModuleManager: Shutting down and abandoning module Messaging (137)
[2025.04.10-17.11.24:119][456]LogModuleManager: Shutting down and abandoning module IOSTargetPlatform (135)
[2025.04.10-17.11.24:121][456]LogModuleManager: Shutting down and abandoning module AndroidTargetPlatform (133)
[2025.04.10-17.11.24:124][456]LogModuleManager: Shutting down and abandoning module AllDesktopTargetPlatform (131)
[2025.04.10-17.11.24:124][456]LogModuleManager: Shutting down and abandoning module D3D11RHI (128)
[2025.04.10-17.11.24:124][456]LogModuleManager: Shutting down and abandoning module InputCore (126)
[2025.04.10-17.11.24:124][456]LogModuleManager: Shutting down and abandoning module Settings (124)
[2025.04.10-17.11.24:124][456]LogModuleManager: Shutting down and abandoning module DirectoryWatcher (122)
[2025.04.10-17.11.24:124][456]LogModuleManager: Shutting down and abandoning module PhysXCooking (120)
[2025.04.10-17.11.24:124][456]LogModuleManager: Shutting down and abandoning module Chaos (118)
[2025.04.10-17.11.24:124][456]LogModuleManager: Shutting down and abandoning module WindowsPlatformFeatures (116)
[2025.04.10-17.11.24:124][456]LogModuleManager: Shutting down and abandoning module GameplayMediaEncoder (115)
[2025.04.10-17.11.24:124][456]LogModuleManager: Shutting down and abandoning module AVEncoder (114)
[2025.04.10-17.11.24:124][456]LogModuleManager: Shutting down and abandoning module OculusOpenXRHMD (110)
[2025.04.10-17.11.24:124][456]LogModuleManager: Shutting down and abandoning module OpenXRHandTracking (108)
[2025.04.10-17.11.24:124][456]LogSlate: Slate User Destroyed.  User Index 0, Is Virtual User: 0
[2025.04.10-17.11.24:124][456]LogSlate: Slate User Destroyed.  User Index 8, Is Virtual User: 1
[2025.04.10-17.11.24:124][456]LogModuleManager: Shutting down and abandoning module OpenXRAR (106)
[2025.04.10-17.11.24:124][456]LogModuleManager: Shutting down and abandoning module AugmentedReality (105)
[2025.04.10-17.11.24:124][456]LogModuleManager: Shutting down and abandoning module OpenXRHMD (102)
[2025.04.10-17.11.24:124][456]LogModuleManager: Shutting down and abandoning module OpenXREyeTracker (100)
[2025.04.10-17.11.24:124][456]LogModuleManager: Shutting down and abandoning module OnlineBlueprintSupport (98)
[2025.04.10-17.11.24:124][456]LogModuleManager: Shutting down and abandoning module ExampleDeviceProfileSelector (94)
[2025.04.10-17.11.24:124][456]LogModuleManager: Shutting down and abandoning module OnlineSubsystem (92)
[2025.04.10-17.11.24:126][456]LogModuleManager: Shutting down and abandoning module XMPP (87)
[2025.04.10-17.11.24:127][456]LogModuleManager: Shutting down and abandoning module WebSockets (86)
[2025.04.10-17.11.24:140][456]LogModuleManager: Shutting down and abandoning module HTTP (83)
[2025.04.10-17.11.24:140][456]LogHttp: Display: Http module shutting down, but needs to wait on 1 outstanding Http requests:
[2025.04.10-17.11.24:140][456]LogHttp: Display: 	verb=[POST] url=[https://datarouter.ol.epicgames.com/datarouter/api/v1/public/data?SessionID=%7BC6D6EFBD-444D-4B01-3D68-D6AB338F4B83%7D&AppID=UEEditor.Rocket.Release&AppVersion=4.27.2-18319896%2B%2B%2BUE4%2BRelease-4.27&UserID=a98fe3f4478cfa571d32e6bbe1223fe9%7C8d32778956cb44dfb34b73f885e41c5d%7Cabf14a6e-5bf6-4b84-b532-19c2061b8481&AppEnvironment=datacollector-binary&UploadType=eteventstream] refs=[1] status=Processing
[2025.04.10-17.11.24:140][456]LogHttp: Display: cleaning up 1 outstanding Http requests.
[2025.04.10-17.11.24:164][456]LogModuleManager: Shutting down and abandoning module SSL (82)
[2025.04.10-17.11.24:169][456]LogModuleManager: Shutting down and abandoning module ChunkDownloader (78)
[2025.04.10-17.11.24:169][456]LogModuleManager: Shutting down and abandoning module LauncherChunkInstaller (76)
[2025.04.10-17.11.24:169][456]LogModuleManager: Shutting down and abandoning module WmfMedia (74)
[2025.04.10-17.11.24:172][456]LogModuleManager: Shutting down and abandoning module Media (73)
[2025.04.10-17.11.24:173][456]LogModuleManager: Shutting down and abandoning module MediaInfo (72)
[2025.04.10-17.11.24:173][456]LogModuleManager: Shutting down and abandoning module ExrReaderGpu (68)
[2025.04.10-17.11.24:173][456]LogModuleManager: Shutting down and abandoning module MLSDK (66)
[2025.04.10-17.11.24:173][456]LogModuleManager: Shutting down and abandoning module MagicLeap (64)
[2025.04.10-17.11.24:173][456]LogModuleManager: Shutting down and abandoning module NiagaraVertexFactories (62)
[2025.04.10-17.11.24:173][456]LogModuleManager: Shutting down and abandoning module NiagaraShader (60)
[2025.04.10-17.11.24:173][456]LogModuleManager: Shutting down and abandoning module ChaosCloth (58)
[2025.04.10-17.11.24:173][456]LogModuleManager: Shutting down and abandoning module PixWinPlugin (56)
[2025.04.10-17.11.24:173][456]LogModuleManager: Shutting down and abandoning module VariantManagerContent (54)
[2025.04.10-17.11.24:173][456]LogModuleManager: Shutting down and abandoning module DatasmithContent (52)
[2025.04.10-17.11.24:174][456]LogModuleManager: Shutting down and abandoning module AISupportModule (50)
[2025.04.10-17.11.24:174][456]LogModuleManager: Shutting down and abandoning module DesktopPlatform (48)
[2025.04.10-17.11.24:174][456]LogModuleManager: Shutting down and abandoning module PythonScriptPluginPreload (46)
[2025.04.10-17.11.24:174][456]LogModuleManager: Shutting down and abandoning module PlatformCryptoOpenSSL (44)
[2025.04.10-17.11.24:174][456]LogModuleManager: Shutting down and abandoning module PlatformCryptoTypes (42)
[2025.04.10-17.11.24:174][456]LogModuleManager: Shutting down and abandoning module PlatformCrypto (40)
[2025.04.10-17.11.24:174][456]LogModuleManager: Shutting down and abandoning module OodleDataCompressionFormat (38)
[2025.04.10-17.11.24:174][456]LogModuleManager: Shutting down and abandoning module XGEController (36)
[2025.04.10-17.11.24:174][456]LogModuleManager: Shutting down and abandoning module AnimationModifiers (34)
[2025.04.10-17.11.24:174][456]LogModuleManager: Shutting down and abandoning module AudioEditor (32)
[2025.04.10-17.11.24:174][456]LogModuleManager: Shutting down and abandoning module PropertyEditor (31)
[2025.04.10-17.11.24:174][456]LogModuleManager: Shutting down and abandoning module TextureCompressor (28)
[2025.04.10-17.11.24:174][456]LogModuleManager: Shutting down and abandoning module RenderCore (26)
[2025.04.10-17.11.24:174][456]LogModuleManager: Shutting down and abandoning module Landscape (24)
[2025.04.10-17.11.24:174][456]LogModuleManager: Shutting down and abandoning module SlateRHIRenderer (22)
[2025.04.10-17.11.24:175][456]LogModuleManager: Shutting down and abandoning module AnimGraphRuntime (20)
[2025.04.10-17.11.24:175][456]LogModuleManager: Shutting down and abandoning module Renderer (18)
[2025.04.10-17.11.24:175][456]LogModuleManager: Shutting down and abandoning module Engine (16)
[2025.04.10-17.11.24:175][456]LogModuleManager: Shutting down and abandoning module CoreUObject (14)
[2025.04.10-17.11.24:175][456]LogModuleManager: Shutting down and abandoning module NetworkFile (12)
[2025.04.10-17.11.24:175][456]LogModuleManager: Shutting down and abandoning module CookedIterativeFile (10)
[2025.04.10-17.11.24:175][456]LogModuleManager: Shutting down and abandoning module StreamingFile (8)
[2025.04.10-17.11.24:175][456]LogModuleManager: Shutting down and abandoning module SandboxFile (6)
[2025.04.10-17.11.24:175][456]LogModuleManager: Shutting down and abandoning module PakFile (4)
[2025.04.10-17.11.24:175][456]LogModuleManager: Shutting down and abandoning module RSA (3)
[2025.04.10-17.11.24:175][456]LogContentStreaming: Display: There are 1 unreleased StreamingManagers
[2025.04.10-17.11.24:199][456]LogD3D11RHI: Shutdown
[2025.04.10-17.11.24:199][456]LogD3D11RHI: CleanupD3DDevice
[2025.04.10-17.11.24:201][456]LogExit: Exiting.
[2025.04.10-17.11.24:209][456]Log file closed, 04/10/25 20:11:24
