Log file open, 04/10/25 19:21:10
LogWindows: Failed to load 'aqProf.dll' (GetLastError=126)
LogWindows: File 'aqProf.dll' does not exist
LogWindows: Failed to load 'VtuneApi.dll' (GetLastError=126)
LogWindows: File 'VtuneApi.dll' does not exist
LogWindows: Failed to load 'VtuneApi32e.dll' (GetLastError=126)
LogWindows: File 'VtuneApi32e.dll' does not exist
LogConsoleResponse: Display: Failed to find resolution value strings in scalability ini. Falling back to default.
LogConsoleResponse: Display: Failed to find resolution value strings in scalability ini. Falling back to default.
LogInit: Display: Running engine for game: MyProject
LogPlatformFile: Not using cached read wrapper
LogTaskGraph: Started task graph with 5 named threads and 47 total threads with 3 sets of task threads.
LogStats: Stats thread started at 0.240830
LogICUInternationalization: ICU TimeZone Detection - Raw Offset: +3:00, Platform Override: ''
LogInit: Display: Loading text-based GConfig....
LogPluginManager: Mounting plugin MeshPainting
LogPluginManager: Mounting plugin XGEController
LogPluginManager: Mounting plugin Paper2D
LogPluginManager: Mounting plugin EnvironmentQueryEditor
LogPluginManager: Mounting plugin AISupport
LogPluginManager: Mounting plugin LiveLink
LogPluginManager: Mounting plugin CameraShakePreviewer
LogPluginManager: Mounting plugin GameplayCameras
LogPluginManager: Mounting plugin LightPropagationVolume
LogPluginManager: Mounting plugin OodleData
LogPluginManager: Mounting plugin AnimationSharing
LogPluginManager: Mounting plugin OodleNetwork
LogPluginManager: Mounting plugin CLionSourceCodeAccess
LogPluginManager: Mounting plugin GitSourceControl
LogPluginManager: Mounting plugin CodeLiteSourceCodeAccess
LogPluginManager: Mounting plugin NullSourceCodeAccess
LogPluginManager: Mounting plugin KDevelopSourceCodeAccess
LogPluginManager: Mounting plugin PixWinPlugin
LogPluginManager: Mounting plugin PerforceSourceControl
LogPluginManager: Mounting plugin PluginUtils
LogPluginManager: Mounting plugin PropertyAccessNode
LogPluginManager: Mounting plugin UObjectPlugin
LogPluginManager: Mounting plugin RiderSourceCodeAccess
LogPluginManager: Mounting plugin VisualStudioCodeSourceCodeAccess
LogPluginManager: Mounting plugin TextureFormatOodle
LogPluginManager: Mounting plugin SubversionSourceControl
LogPluginManager: Mounting plugin PlasticSourceControl
LogPluginManager: Mounting plugin VisualStudioSourceCodeAccess
LogPluginManager: Mounting plugin XCodeSourceCodeAccess
LogPluginManager: Mounting plugin DatasmithContent
LogPluginManager: Mounting plugin VariantManagerContent
LogPluginManager: Mounting plugin AssetManagerEditor
LogPluginManager: Mounting plugin CurveEditorTools
LogPluginManager: Mounting plugin DataValidation
LogPluginManager: Mounting plugin GameplayTagsEditor
LogPluginManager: Mounting plugin MacGraphicsSwitching
LogPluginManager: Mounting plugin GeometryMode
LogPluginManager: Mounting plugin CryptoKeys
LogPluginManager: Mounting plugin MaterialAnalyzer
LogPluginManager: Mounting plugin PluginBrowser
LogPluginManager: Mounting plugin MobileLauncherProfileWizard
LogPluginManager: Mounting plugin SpeedTreeImporter
LogPluginManager: Mounting plugin Niagara
LogPluginManager: Mounting plugin LuminPlatformFeatures
LogPluginManager: Mounting plugin MagicLeap
LogPluginManager: Mounting plugin AlembicImporter
LogPluginManager: Mounting plugin MagicLeapLightEstimation
LogPluginManager: Mounting plugin AutomationUtils
LogPluginManager: Mounting plugin BackChannel
LogPluginManager: Mounting plugin FacialAnimation
LogPluginManager: Mounting plugin MagicLeapMedia
LogPluginManager: Mounting plugin ChaosCloth
LogPluginManager: Mounting plugin ChaosClothEditor
LogPluginManager: Mounting plugin ChaosEditor
LogPluginManager: Mounting plugin ChaosNiagara
LogPluginManager: Mounting plugin ChaosSolverPlugin
LogPluginManager: Mounting plugin CharacterAI
LogPluginManager: Mounting plugin MLSDK
LogPluginManager: Mounting plugin MagicLeapPassableWorld
LogPluginManager: Mounting plugin GeometryCache
LogPluginManager: Mounting plugin GeometryCollectionPlugin
LogPluginManager: Mounting plugin GeometryProcessing
LogPluginManager: Mounting plugin MotoSynth
LogPluginManager: Mounting plugin OpenImageDenoise
LogPluginManager: Mounting plugin PlanarCut
LogPluginManager: Mounting plugin PlatformCrypto
LogPluginManager: Mounting plugin ProxyLODPlugin
LogPluginManager: Mounting plugin PythonScriptPlugin
LogPluginManager: Mounting plugin SkeletalReduction
LogPluginManager: Mounting plugin AndroidMedia
LogPluginManager: Mounting plugin AvfMedia
LogPluginManager: Mounting plugin TcpMessaging
LogPluginManager: Mounting plugin ImgMedia
LogPluginManager: Mounting plugin MediaCompositing
LogPluginManager: Mounting plugin MediaPlayerEditor
LogPluginManager: Mounting plugin UdpMessaging
LogPluginManager: Mounting plugin WebMMedia
LogPluginManager: Mounting plugin WmfMedia
LogPluginManager: Mounting plugin OnlineSubsystem
LogPluginManager: Mounting plugin OnlineSubsystemUtils
LogPluginManager: Mounting plugin ActorSequence
LogPluginManager: Mounting plugin LevelSequenceEditor
LogPluginManager: Mounting plugin MatineeToLevelSequence
LogPluginManager: Mounting plugin LauncherChunkInstaller
LogPluginManager: Mounting plugin TemplateSequence
LogPluginManager: Mounting plugin ActorLayerUtilities
LogPluginManager: Mounting plugin AndroidDeviceProfileSelector
LogPluginManager: Mounting plugin AndroidMoviePlayer
LogPluginManager: Mounting plugin ScreenshotTools
LogPluginManager: Mounting plugin OnlineSubsystemNull
LogPluginManager: Mounting plugin AppleImageUtils
LogPluginManager: Mounting plugin AppleMoviePlayer
LogPluginManager: Mounting plugin AssetTags
LogPluginManager: Mounting plugin ArchVisCharacter
LogPluginManager: Mounting plugin AudioCapture
LogPluginManager: Mounting plugin AudioSynesthesia
LogPluginManager: Mounting plugin CableComponent
LogPluginManager: Mounting plugin AndroidPermission
LogPluginManager: Mounting plugin ChunkDownloader
LogPluginManager: Mounting plugin EditableMesh
LogPluginManager: Mounting plugin GoogleCloudMessaging
LogPluginManager: Mounting plugin GooglePAD
LogPluginManager: Mounting plugin CustomMeshComponent
LogPluginManager: Mounting plugin Takes
LogPluginManager: Mounting plugin IOSDeviceProfileSelector
LogPluginManager: Mounting plugin LinuxDeviceProfileSelector
LogPluginManager: Mounting plugin LocationServicesBPLibrary
LogPluginManager: Mounting plugin MobilePatchingUtils
LogPluginManager: Mounting plugin ExampleDeviceProfileSelector
LogPluginManager: Mounting plugin OpenXR
LogPluginManager: Mounting plugin OpenXREyeTracker
LogPluginManager: Mounting plugin OpenXRHandTracking
LogPluginManager: Mounting plugin PhysXVehicles
LogPluginManager: Mounting plugin ProceduralMeshComponent
LogPluginManager: Mounting plugin PostSplashScreen
LogPluginManager: Mounting plugin PropertyAccessEditor
LogPluginManager: Mounting plugin ResonanceAudio
LogPluginManager: Mounting plugin RuntimePhysXCooking
LogPluginManager: Mounting plugin SignificanceManager
LogPluginManager: Mounting plugin SoundFields
LogPluginManager: Mounting plugin Synthesis
LogPluginManager: Mounting plugin WebMMoviePlayer
LogPluginManager: Mounting plugin WindowsMoviePlayer
LogPluginManager: Mounting plugin ContentBrowserFileDataSource
LogPluginManager: Mounting plugin ContentBrowserClassDataSource
LogPluginManager: Mounting plugin ContentBrowserAssetDataSource
LogPluginManager: Mounting plugin OnlineSubsystemGooglePlay
LogPluginManager: Mounting plugin OnlineSubsystemIOS
LogPluginManager: Mounting plugin OculusOpenXR
PixWinPlugin: PIX capture plugin failed to initialize! Check that the process is launched from PIX.
LogInit: Using libcurl 7.55.1-DEV
LogInit:  - built for x86_64-pc-win32
LogInit:  - supports SSL with OpenSSL/1.1.1
LogInit:  - supports HTTP deflate (compression) using libz 1.2.8
LogInit:  - other features:
LogInit:      CURL_VERSION_SSL
LogInit:      CURL_VERSION_LIBZ
LogInit:      CURL_VERSION_IPV6
LogInit:      CURL_VERSION_ASYNCHDNS
LogInit:      CURL_VERSION_LARGEFILE
LogInit:      CURL_VERSION_IDN
LogInit:  CurlRequestOptions (configurable via config and command line):
LogInit:  - bVerifyPeer = true  - Libcurl will verify peer certificate
LogInit:  - bUseHttpProxy = false  - Libcurl will NOT use HTTP proxy
LogInit:  - bDontReuseConnections = false  - Libcurl will reuse connections
LogInit:  - MaxHostConnections = 16  - Libcurl will limit the number of connections to a host
LogInit:  - LocalHostAddr = Default
LogInit:  - BufferSize = 65536
LogOnline: OSS: Creating online subsystem instance for: NULL
LogInit: WinSock: version 1.1 (2.2), MaxSocks=32767, MaxUdp=65467
LogOnline: OSS: TryLoadSubsystemAndSetDefault: Loaded subsystem for module [NULL]
LogInit: Build: ++UE4+Release-4.27-CL-18319896
LogInit: Engine Version: 4.27.2-18319896+++UE4+Release-4.27
LogInit: Compatible Engine Version: 4.27.0-17155196+++UE4+Release-4.27
LogInit: Net CL: 17155196
LogInit: OS: Windows 10 (Release 2009) (), CPU: 11th Gen Intel(R) Core(TM) i7-11800H @ 2.30GHz, GPU: Intel(R) UHD Graphics
LogInit: Compiled (64-bit): Nov 30 2021 07:12:08
LogInit: Compiled with Visual C++: 19.24.28315.00
LogInit: Build Configuration: Development
LogInit: Branch Name: ++UE4+Release-4.27
LogInit: Command Line: 
LogInit: Base Directory: C:/Program Files/Epic Games/UE_4.27/Engine/Binaries/Win64/
LogInit: Allocator: TBB
LogInit: Installed Engine Build: 1
LogDevObjectVersion: Number of dev versions registered: 29
LogDevObjectVersion:   Dev-Blueprints (B0D832E4-1F89-4F0D-ACCF-7EB736FD4AA2): 10
LogDevObjectVersion:   Dev-Build (E1C64328-A22C-4D53-A36C-8E866417BD8C): 0
LogDevObjectVersion:   Dev-Core (375EC13C-06E4-48FB-B500-84F0262A717E): 4
LogDevObjectVersion:   Dev-Editor (E4B068ED-F494-42E9-A231-DA0B2E46BB41): 40
LogDevObjectVersion:   Dev-Framework (CFFC743F-43B0-4480-9391-14DF171D2073): 37
LogDevObjectVersion:   Dev-Mobile (B02B49B5-BB20-44E9-A304-32B752E40360): 3
LogDevObjectVersion:   Dev-Networking (A4E4105C-59A1-49B5-A7C5-40C4547EDFEE): 0
LogDevObjectVersion:   Dev-Online (39C831C9-5AE6-47DC-9A44-9C173E1C8E7C): 0
LogDevObjectVersion:   Dev-Physics (78F01B33-EBEA-4F98-B9B4-84EACCB95AA2): 14
LogDevObjectVersion:   Dev-Platform (6631380F-2D4D-43E0-8009-CF276956A95A): 0
LogDevObjectVersion:   Dev-Rendering (12F88B9F-8875-4AFC-A67C-D90C383ABD29): 45
LogDevObjectVersion:   Dev-Sequencer (7B5AE74C-D270-4C10-A958-57980B212A5A): 13
LogDevObjectVersion:   Dev-VR (D7296918-1DD6-4BDD-9DE2-64A83CC13884): 3
LogDevObjectVersion:   Dev-LoadTimes (C2A15278-BFE7-4AFE-6C17-90FF531DF755): 1
LogDevObjectVersion:   Private-Geometry (6EACA3D4-40EC-4CC1-B786-8BED09428FC5): 3
LogDevObjectVersion:   Dev-AnimPhys (29E575DD-E0A3-4627-9D10-D276232CDCEA): 17
LogDevObjectVersion:   Dev-Anim (AF43A65D-7FD3-4947-9873-3E8ED9C1BB05): 15
LogDevObjectVersion:   Dev-ReflectionCapture (6B266CEC-1EC7-4B8F-A30B-E4D90942FC07): 1
LogDevObjectVersion:   Dev-Automation (0DF73D61-A23F-47EA-B727-89E90C41499A): 1
LogDevObjectVersion:   FortniteMain (601D1886-AC64-4F84-AA16-D3DE0DEAC7D6): 47
LogDevObjectVersion:   FortniteRelease (E7086368-6B23-4C58-8439-1B7016265E91): 1
LogDevObjectVersion:   Dev-Enterprise (9DFFBCD6-494F-0158-E221-12823C92A888): 10
LogDevObjectVersion:   Dev-Niagara (F2AED0AC-9AFE-416F-8664-AA7FFA26D6FC): 1
LogDevObjectVersion:   Dev-Destruction (174F1F0B-B4C6-45A5-B13F-2EE8D0FB917D): 10
LogDevObjectVersion:   Dev-Physics-Ext (35F94A83-E258-406C-A318-09F59610247C): 41
LogDevObjectVersion:   Dev-PhysicsMaterial-Chaos (B68FC16E-8B1B-42E2-B453-215C058844FE): 1
LogDevObjectVersion:   Dev-CineCamera (B2E18506-4273-CFC2-A54E-F4BB758BBA07): 1
LogDevObjectVersion:   Dev-VirtualProduction (64F58936-FD1B-42BA-BA96-7289D5D0FA4E): 1
LogDevObjectVersion:   Dev-MediaFramework (6F0ED827-A609-4895-9C91-998D90180EA4): 2
LogInit: Presizing for max 25165824 objects, including 0 objects not considered by GC, pre-allocating 0 bytes for permanent pool.
LogConfig: Applying CVar settings from Section [/Script/Engine.StreamingSettings] File [C:/Users/AlisaDI/Documents/MephiTasks/UnrealProject/Saved/Config/Windows/Engine.ini]
LogConfig: Setting CVar [[s.MinBulkDataSizeForAsyncLoading:131072]]
LogConfig: Setting CVar [[s.AsyncLoadingThreadEnabled:0]]
LogConfig: Setting CVar [[s.EventDrivenLoaderEnabled:1]]
LogConfig: Setting CVar [[s.WarnIfTimeLimitExceeded:0]]
LogConfig: Setting CVar [[s.TimeLimitExceededMultiplier:1.5]]
LogConfig: Setting CVar [[s.TimeLimitExceededMinTime:0.005]]
LogConfig: Setting CVar [[s.UseBackgroundLevelStreaming:1]]
LogConfig: Setting CVar [[s.PriorityAsyncLoadingExtraTime:15.0]]
LogConfig: Setting CVar [[s.LevelStreamingActorsUpdateTimeLimit:5.0]]
LogConfig: Setting CVar [[s.PriorityLevelStreamingActorsUpdateExtraTime:5.0]]
LogConfig: Setting CVar [[s.LevelStreamingComponentsRegistrationGranularity:10]]
LogConfig: Setting CVar [[s.UnregisterComponentsTimeLimit:1.0]]
LogConfig: Setting CVar [[s.LevelStreamingComponentsUnregistrationGranularity:5]]
LogConfig: Setting CVar [[s.FlushStreamingOnExit:1]]
LogInit: Object subsystem initialized
LogConfig: Setting CVar [[con.DebugEarlyDefault:1]]
LogConfig: Setting CVar [[r.setres:1280x720]]
[2025.04.10-16.21.10:938][  0]LogConfig: Setting CVar [[r.VSync:0]]
[2025.04.10-16.21.10:938][  0]LogConfig: Setting CVar [[r.RHICmdBypass:0]]
[2025.04.10-16.21.10:938][  0]LogConfig: Applying CVar settings from Section [/Script/Engine.RendererSettings] File [C:/Users/AlisaDI/Documents/MephiTasks/UnrealProject/Saved/Config/Windows/Engine.ini]
[2025.04.10-16.21.10:938][  0]LogConfig: Setting CVar [[r.GPUCrashDebugging:0]]
[2025.04.10-16.21.10:938][  0]LogConfig: Setting CVar [[r.Mobile.DisableVertexFog:1]]
[2025.04.10-16.21.10:938][  0]LogConfig: Setting CVar [[r.Shadow.CSM.MaxMobileCascades:2]]
[2025.04.10-16.21.10:938][  0]LogConfig: Setting CVar [[r.MobileMSAA:4]]
[2025.04.10-16.21.10:938][  0]LogConfig: Setting CVar [[r.Mobile.AllowDitheredLODTransition:0]]
[2025.04.10-16.21.10:938][  0]LogConfig: Setting CVar [[r.Mobile.AllowSoftwareOcclusion:0]]
[2025.04.10-16.21.10:938][  0]LogConfig: Setting CVar [[r.Mobile.VirtualTextures:0]]
[2025.04.10-16.21.10:938][  0]LogConfig: Setting CVar [[r.DiscardUnusedQuality:0]]
[2025.04.10-16.21.10:938][  0]LogConfig: Setting CVar [[r.AllowOcclusionQueries:1]]
[2025.04.10-16.21.10:938][  0]LogConfig: Setting CVar [[r.MinScreenRadiusForLights:0.030000]]
[2025.04.10-16.21.10:938][  0]LogConfig: Setting CVar [[r.MinScreenRadiusForDepthPrepass:0.030000]]
[2025.04.10-16.21.10:938][  0]LogConfig: Setting CVar [[r.MinScreenRadiusForCSMDepth:0.010000]]
[2025.04.10-16.21.10:938][  0]LogConfig: Setting CVar [[r.PrecomputedVisibilityWarning:0]]
[2025.04.10-16.21.10:938][  0]LogConfig: Setting CVar [[r.TextureStreaming:1]]
[2025.04.10-16.21.10:938][  0]LogConfig: Setting CVar [[Compat.UseDXT5NormalMaps:0]]
[2025.04.10-16.21.10:938][  0]LogConfig: Setting CVar [[r.VirtualTextures:0]]
[2025.04.10-16.21.10:938][  0]LogConfig: Setting CVar [[r.VirtualTexturedLightmaps:0]]
[2025.04.10-16.21.10:938][  0]LogConfig: Setting CVar [[r.VT.TileSize:128]]
[2025.04.10-16.21.10:938][  0]LogConfig: Setting CVar [[r.VT.TileBorderSize:4]]
[2025.04.10-16.21.10:938][  0]LogConfig: Setting CVar [[r.vt.FeedbackFactor:16]]
[2025.04.10-16.21.10:938][  0]LogConfig: Setting CVar [[r.VT.EnableCompressZlib:1]]
[2025.04.10-16.21.10:938][  0]LogConfig: Setting CVar [[r.VT.EnableCompressCrunch:0]]
[2025.04.10-16.21.10:938][  0]LogConfig: Setting CVar [[r.ClearCoatNormal:0]]
[2025.04.10-16.21.10:938][  0]LogConfig: Setting CVar [[r.ReflectionCaptureResolution:128]]
[2025.04.10-16.21.10:938][  0]LogConfig: Setting CVar [[r.Mobile.ReflectionCaptureCompression:0]]
[2025.04.10-16.21.10:938][  0]LogConfig: Setting CVar [[r.ReflectionEnvironmentLightmapMixBasedOnRoughness:1]]
[2025.04.10-16.21.10:938][  0]LogConfig: Setting CVar [[r.ForwardShading:1]]
[2025.04.10-16.21.10:938][  0]LogConfig: Setting CVar [[r.VertexFoggingForOpaque:1]]
[2025.04.10-16.21.10:938][  0]LogConfig: Setting CVar [[r.AllowStaticLighting:1]]
[2025.04.10-16.21.10:938][  0]LogConfig: Setting CVar [[r.NormalMapsForStaticLighting:0]]
[2025.04.10-16.21.10:938][  0]LogConfig: Setting CVar [[r.GenerateMeshDistanceFields:0]]
[2025.04.10-16.21.10:938][  0]LogConfig: Setting CVar [[r.DistanceFieldBuild.EightBit:0]]
[2025.04.10-16.21.10:938][  0]LogConfig: Setting CVar [[r.GenerateLandscapeGIData:0]]
[2025.04.10-16.21.10:938][  0]LogConfig: Setting CVar [[r.DistanceFieldBuild.Compress:0]]
[2025.04.10-16.21.10:938][  0]LogConfig: Setting CVar [[r.TessellationAdaptivePixelsPerTriangle:48.000000]]
[2025.04.10-16.21.10:938][  0]LogConfig: Setting CVar [[r.SeparateTranslucency:0]]
[2025.04.10-16.21.10:938][  0]LogConfig: Setting CVar [[r.TranslucentSortPolicy:0]]
[2025.04.10-16.21.10:938][  0]LogConfig: Setting CVar [[r.CustomDepth:1]]
[2025.04.10-16.21.10:938][  0]LogConfig: Setting CVar [[r.CustomDepthTemporalAAJitter:1]]
[2025.04.10-16.21.10:938][  0]LogConfig: Setting CVar [[r.PostProcessing.PropagateAlpha:0]]
[2025.04.10-16.21.10:938][  0]LogConfig: Setting CVar [[r.DefaultFeature.Bloom:0]]
[2025.04.10-16.21.10:938][  0]LogConfig: Setting CVar [[r.DefaultFeature.AmbientOcclusion:0]]
[2025.04.10-16.21.10:938][  0]LogConfig: Setting CVar [[r.DefaultFeature.AmbientOcclusionStaticFraction:1]]
[2025.04.10-16.21.10:939][  0]LogConfig: Setting CVar [[r.DefaultFeature.AutoExposure:0]]
[2025.04.10-16.21.10:939][  0]LogConfig: Setting CVar [[r.DefaultFeature.AutoExposure.Method:0]]
[2025.04.10-16.21.10:939][  0]LogConfig: Setting CVar [[r.DefaultFeature.AutoExposure.Bias:1.000000]]
[2025.04.10-16.21.10:939][  0]LogConfig: Setting CVar [[r.DefaultFeature.AutoExposure.ExtendDefaultLuminanceRange:1]]
[2025.04.10-16.21.10:939][  0]LogConfig: Setting CVar [[r.UsePreExposure:1]]
[2025.04.10-16.21.10:939][  0]LogConfig: Setting CVar [[r.EyeAdaptation.EditorOnly:0]]
[2025.04.10-16.21.10:939][  0]LogConfig: Setting CVar [[r.DefaultFeature.MotionBlur:0]]
[2025.04.10-16.21.10:939][  0]LogConfig: Setting CVar [[r.DefaultFeature.LensFlare:0]]
[2025.04.10-16.21.10:939][  0]LogConfig: Setting CVar [[r.TemporalAA.Upsampling:0]]
[2025.04.10-16.21.10:939][  0]LogConfig: Setting CVar [[r.SSGI.Enable:0]]
[2025.04.10-16.21.10:939][  0]LogConfig: Setting CVar [[r.DefaultFeature.AntiAliasing:3]]
[2025.04.10-16.21.10:939][  0]LogConfig: Setting CVar [[r.DefaultFeature.LightUnits:1]]
[2025.04.10-16.21.10:939][  0]LogConfig: Setting CVar [[r.DefaultBackBufferPixelFormat:4]]
[2025.04.10-16.21.10:939][  0]LogConfig: Setting CVar [[r.Shadow.UnbuiltPreviewInGame:1]]
[2025.04.10-16.21.10:939][  0]LogConfig: Setting CVar [[r.StencilForLODDither:0]]
[2025.04.10-16.21.10:939][  0]LogConfig: Setting CVar [[r.EarlyZPass:3]]
[2025.04.10-16.21.10:939][  0]LogConfig: Setting CVar [[r.EarlyZPassOnlyMaterialMasking:0]]
[2025.04.10-16.21.10:939][  0]LogConfig: Setting CVar [[r.DBuffer:1]]
[2025.04.10-16.21.10:939][  0]LogConfig: Setting CVar [[r.ClearSceneMethod:1]]
[2025.04.10-16.21.10:939][  0]LogConfig: Setting CVar [[r.BasePassOutputsVelocity:0]]
[2025.04.10-16.21.10:939][  0]LogConfig: Setting CVar [[r.VertexDeformationOutputsVelocity:0]]
[2025.04.10-16.21.10:939][  0]LogConfig: Setting CVar [[r.SelectiveBasePassOutputs:0]]
[2025.04.10-16.21.10:939][  0]LogConfig: Setting CVar [[fx.GPUSimulationTextureSizeX:1024]]
[2025.04.10-16.21.10:939][  0]LogConfig: Setting CVar [[fx.GPUSimulationTextureSizeY:1024]]
[2025.04.10-16.21.10:939][  0]LogConfig: Setting CVar [[r.AllowGlobalClipPlane:0]]
[2025.04.10-16.21.10:939][  0]LogConfig: Setting CVar [[r.GBufferFormat:1]]
[2025.04.10-16.21.10:939][  0]LogConfig: Setting CVar [[r.MorphTarget.Mode:1]]
[2025.04.10-16.21.10:939][  0]LogConfig: Setting CVar [[vr.InstancedStereo:1]]
[2025.04.10-16.21.10:939][  0]LogConfig: Setting CVar [[r.MobileHDR:0]]
[2025.04.10-16.21.10:939][  0]LogConfig: Setting CVar [[vr.MobileMultiView:1]]
[2025.04.10-16.21.10:939][  0]LogConfig: Setting CVar [[r.Mobile.UseHWsRGBEncoding:1]]
[2025.04.10-16.21.10:939][  0]LogConfig: Setting CVar [[vr.RoundRobinOcclusion:0]]
[2025.04.10-16.21.10:939][  0]LogConfig: Setting CVar [[vr.ODSCapture:0]]
[2025.04.10-16.21.10:939][  0]LogConfig: Setting CVar [[r.MeshStreaming:0]]
[2025.04.10-16.21.10:939][  0]LogConfig: Setting CVar [[r.WireframeCullThreshold:5.000000]]
[2025.04.10-16.21.10:939][  0]LogConfig: Setting CVar [[r.RayTracing:0]]
[2025.04.10-16.21.10:939][  0]LogConfig: Setting CVar [[r.RayTracing.UseTextureLod:0]]
[2025.04.10-16.21.10:939][  0]LogConfig: Setting CVar [[r.SupportStationarySkylight:1]]
[2025.04.10-16.21.10:939][  0]LogConfig: Setting CVar [[r.SupportLowQualityLightmaps:1]]
[2025.04.10-16.21.10:939][  0]LogConfig: Setting CVar [[r.SupportPointLightWholeSceneShadows:1]]
[2025.04.10-16.21.10:939][  0]LogConfig: Setting CVar [[r.SupportAtmosphericFog:1]]
[2025.04.10-16.21.10:939][  0]LogConfig: Setting CVar [[r.SupportSkyAtmosphere:1]]
[2025.04.10-16.21.10:939][  0]LogConfig: Setting CVar [[r.SupportSkyAtmosphereAffectsHeightFog:0]]
[2025.04.10-16.21.10:939][  0]LogConfig: Setting CVar [[r.SkinCache.CompileShaders:0]]
[2025.04.10-16.21.10:939][  0]LogConfig: Setting CVar [[r.SkinCache.DefaultBehavior:1]]
[2025.04.10-16.21.10:939][  0]LogConfig: Setting CVar [[r.SkinCache.SceneMemoryLimitInMB:128.000000]]
[2025.04.10-16.21.10:939][  0]LogConfig: Setting CVar [[r.Mobile.EnableStaticAndCSMShadowReceivers:1]]
[2025.04.10-16.21.10:939][  0]LogConfig: Setting CVar [[r.Mobile.EnableMovableLightCSMShaderCulling:1]]
[2025.04.10-16.21.10:939][  0]LogConfig: Setting CVar [[r.Mobile.AllowDistanceFieldShadows:1]]
[2025.04.10-16.21.10:939][  0]LogConfig: Setting CVar [[r.Mobile.AllowMovableDirectionalLights:1]]
[2025.04.10-16.21.10:939][  0]LogConfig: Setting CVar [[r.MobileNumDynamicPointLights:4]]
[2025.04.10-16.21.10:939][  0]LogConfig: Setting CVar [[r.MobileDynamicPointLightsUseStaticBranch:1]]
[2025.04.10-16.21.10:939][  0]LogConfig: Setting CVar [[r.Mobile.EnableMovableSpotlights:0]]
[2025.04.10-16.21.10:939][  0]LogConfig: Setting CVar [[r.Mobile.EnableMovableSpotlightsShadow:0]]
[2025.04.10-16.21.10:939][  0]LogConfig: Setting CVar [[r.GPUSkin.Support16BitBoneIndex:0]]
[2025.04.10-16.21.10:939][  0]LogConfig: Setting CVar [[r.GPUSkin.Limit2BoneInfluences:0]]
[2025.04.10-16.21.10:939][  0]LogConfig: Setting CVar [[r.SupportDepthOnlyIndexBuffers:1]]
[2025.04.10-16.21.10:939][  0]LogConfig: Setting CVar [[r.SupportReversedIndexBuffers:1]]
[2025.04.10-16.21.10:939][  0]LogConfig: Setting CVar [[r.LightPropagationVolume:0]]
[2025.04.10-16.21.10:939][  0]LogConfig: Setting CVar [[r.Mobile.AmbientOcclusion:0]]
[2025.04.10-16.21.10:939][  0]LogConfig: Setting CVar [[r.GPUSkin.UnlimitedBoneInfluences:0]]
[2025.04.10-16.21.10:939][  0]LogConfig: Setting CVar [[r.GPUSkin.UnlimitedBoneInfluencesThreshold:8]]
[2025.04.10-16.21.10:939][  0]LogConfig: Setting CVar [[r.Mobile.PlanarReflectionMode:0]]
[2025.04.10-16.21.10:939][  0]LogConfig: Setting CVar [[r.Mobile.SupportGPUScene:1]]
[2025.04.10-16.21.10:939][  0]LogConfig: Applying CVar settings from Section [/Script/Engine.RendererOverrideSettings] File [C:/Users/AlisaDI/Documents/MephiTasks/UnrealProject/Saved/Config/Windows/Engine.ini]
[2025.04.10-16.21.10:939][  0]LogConfig: Applying CVar settings from Section [/Script/Engine.StreamingSettings] File [C:/Users/AlisaDI/Documents/MephiTasks/UnrealProject/Saved/Config/Windows/Engine.ini]
[2025.04.10-16.21.10:939][  0]LogConfig: Setting CVar [[s.MinBulkDataSizeForAsyncLoading:131072]]
[2025.04.10-16.21.10:939][  0]LogConfig: Setting CVar [[s.AsyncLoadingThreadEnabled:0]]
[2025.04.10-16.21.10:939][  0]LogConfig: Setting CVar [[s.EventDrivenLoaderEnabled:1]]
[2025.04.10-16.21.10:939][  0]LogConfig: Setting CVar [[s.WarnIfTimeLimitExceeded:0]]
[2025.04.10-16.21.10:939][  0]LogConfig: Setting CVar [[s.TimeLimitExceededMultiplier:1.5]]
[2025.04.10-16.21.10:939][  0]LogConfig: Setting CVar [[s.TimeLimitExceededMinTime:0.005]]
[2025.04.10-16.21.10:939][  0]LogConfig: Setting CVar [[s.UseBackgroundLevelStreaming:1]]
[2025.04.10-16.21.10:939][  0]LogConfig: Setting CVar [[s.PriorityAsyncLoadingExtraTime:15.0]]
[2025.04.10-16.21.10:939][  0]LogConfig: Setting CVar [[s.LevelStreamingActorsUpdateTimeLimit:5.0]]
[2025.04.10-16.21.10:939][  0]LogConfig: Setting CVar [[s.PriorityLevelStreamingActorsUpdateExtraTime:5.0]]
[2025.04.10-16.21.10:939][  0]LogConfig: Setting CVar [[s.LevelStreamingComponentsRegistrationGranularity:10]]
[2025.04.10-16.21.10:939][  0]LogConfig: Setting CVar [[s.UnregisterComponentsTimeLimit:1.0]]
[2025.04.10-16.21.10:939][  0]LogConfig: Setting CVar [[s.LevelStreamingComponentsUnregistrationGranularity:5]]
[2025.04.10-16.21.10:939][  0]LogConfig: Setting CVar [[s.FlushStreamingOnExit:1]]
[2025.04.10-16.21.10:939][  0]LogConfig: Applying CVar settings from Section [/Script/Engine.GarbageCollectionSettings] File [C:/Users/AlisaDI/Documents/MephiTasks/UnrealProject/Saved/Config/Windows/Engine.ini]
[2025.04.10-16.21.10:939][  0]LogConfig: Setting CVar [[gc.MaxObjectsNotConsideredByGC:1]]
[2025.04.10-16.21.10:939][  0]LogConfig: Setting CVar [[gc.SizeOfPermanentObjectPool:0]]
[2025.04.10-16.21.10:939][  0]LogConfig: Setting CVar [[gc.FlushStreamingOnGC:0]]
[2025.04.10-16.21.10:939][  0]LogConfig: Setting CVar [[gc.NumRetriesBeforeForcingGC:10]]
[2025.04.10-16.21.10:939][  0]LogConfig: Setting CVar [[gc.AllowParallelGC:1]]
[2025.04.10-16.21.10:939][  0]LogConfig: Setting CVar [[gc.TimeBetweenPurgingPendingKillObjects:61.1]]
[2025.04.10-16.21.10:939][  0]LogConfig: Setting CVar [[gc.MaxObjectsInEditor:25165824]]
[2025.04.10-16.21.10:939][  0]LogConfig: Setting CVar [[gc.IncrementalBeginDestroyEnabled:1]]
[2025.04.10-16.21.10:939][  0]LogConfig: Setting CVar [[gc.CreateGCClusters:1]]
[2025.04.10-16.21.10:939][  0]LogConfig: Setting CVar [[gc.MinGCClusterSize:5]]
[2025.04.10-16.21.10:939][  0]LogConfig: Setting CVar [[gc.ActorClusteringEnabled:0]]
[2025.04.10-16.21.10:939][  0]LogConfig: Setting CVar [[gc.BlueprintClusteringEnabled:0]]
[2025.04.10-16.21.10:939][  0]LogConfig: Setting CVar [[gc.UseDisregardForGCOnDedicatedServers:0]]
[2025.04.10-16.21.10:939][  0]LogConfig: Setting CVar [[gc.MultithreadedDestructionEnabled:1]]
[2025.04.10-16.21.10:939][  0]LogConfig: Applying CVar settings from Section [/Script/Engine.NetworkSettings] File [C:/Users/AlisaDI/Documents/MephiTasks/UnrealProject/Saved/Config/Windows/Engine.ini]
[2025.04.10-16.21.10:939][  0]LogConfig: Applying CVar settings from Section [/Script/UnrealEd.CookerSettings] File [C:/Users/AlisaDI/Documents/MephiTasks/UnrealProject/Saved/Config/Windows/Engine.ini]
[2025.04.10-16.21.10:961][  0]LogConfig: Applying CVar settings from Section [ViewDistanceQuality@3] File [C:/Users/AlisaDI/Documents/MephiTasks/UnrealProject/Saved/Config/Windows/Scalability.ini]
[2025.04.10-16.21.10:961][  0]LogConfig: Setting CVar [[r.SkeletalMeshLODBias:0]]
[2025.04.10-16.21.10:961][  0]LogConfig: Setting CVar [[r.ViewDistanceScale:1.0]]
[2025.04.10-16.21.10:961][  0]LogConfig: Applying CVar settings from Section [AntiAliasingQuality@3] File [C:/Users/AlisaDI/Documents/MephiTasks/UnrealProject/Saved/Config/Windows/Scalability.ini]
[2025.04.10-16.21.10:961][  0]LogConfig: Setting CVar [[r.PostProcessAAQuality:4]]
[2025.04.10-16.21.10:961][  0]LogConfig: Applying CVar settings from Section [ShadowQuality@3] File [C:/Users/AlisaDI/Documents/MephiTasks/UnrealProject/Saved/Config/Windows/Scalability.ini]
[2025.04.10-16.21.10:961][  0]LogConfig: Setting CVar [[r.LightFunctionQuality:1]]
[2025.04.10-16.21.10:961][  0]LogConfig: Setting CVar [[r.ShadowQuality:5]]
[2025.04.10-16.21.10:961][  0]LogConfig: Setting CVar [[r.Shadow.CSM.MaxCascades:10]]
[2025.04.10-16.21.10:961][  0]LogConfig: Setting CVar [[r.Shadow.MaxResolution:2048]]
[2025.04.10-16.21.10:961][  0]LogConfig: Setting CVar [[r.Shadow.MaxCSMResolution:2048]]
[2025.04.10-16.21.10:961][  0]LogConfig: Setting CVar [[r.Shadow.RadiusThreshold:0.01]]
[2025.04.10-16.21.10:961][  0]LogConfig: Setting CVar [[r.Shadow.DistanceScale:1.0]]
[2025.04.10-16.21.10:961][  0]LogConfig: Setting CVar [[r.Shadow.CSM.TransitionScale:1.0]]
[2025.04.10-16.21.10:961][  0]LogConfig: Setting CVar [[r.Shadow.PreShadowResolutionFactor:1.0]]
[2025.04.10-16.21.10:961][  0]LogConfig: Setting CVar [[r.DistanceFieldShadowing:1]]
[2025.04.10-16.21.10:961][  0]LogConfig: Setting CVar [[r.DistanceFieldAO:1]]
[2025.04.10-16.21.10:961][  0]LogConfig: Setting CVar [[r.AOQuality:2]]
[2025.04.10-16.21.10:961][  0]LogConfig: Setting CVar [[r.VolumetricFog:1]]
[2025.04.10-16.21.10:961][  0]LogConfig: Setting CVar [[r.VolumetricFog.GridPixelSize:8]]
[2025.04.10-16.21.10:961][  0]LogConfig: Setting CVar [[r.VolumetricFog.GridSizeZ:128]]
[2025.04.10-16.21.10:961][  0]LogConfig: Setting CVar [[r.VolumetricFog.HistoryMissSupersampleCount:4]]
[2025.04.10-16.21.10:961][  0]LogConfig: Setting CVar [[r.LightMaxDrawDistanceScale:1]]
[2025.04.10-16.21.10:961][  0]LogConfig: Setting CVar [[r.CapsuleShadows:1]]
[2025.04.10-16.21.10:961][  0]LogConfig: Applying CVar settings from Section [PostProcessQuality@3] File [C:/Users/AlisaDI/Documents/MephiTasks/UnrealProject/Saved/Config/Windows/Scalability.ini]
[2025.04.10-16.21.10:961][  0]LogConfig: Setting CVar [[r.MotionBlurQuality:4]]
[2025.04.10-16.21.10:961][  0]LogConfig: Setting CVar [[r.AmbientOcclusionMipLevelFactor:0.4]]
[2025.04.10-16.21.10:961][  0]LogConfig: Setting CVar [[r.AmbientOcclusionMaxQuality:100]]
[2025.04.10-16.21.10:961][  0]LogConfig: Setting CVar [[r.AmbientOcclusionLevels:-1]]
[2025.04.10-16.21.10:961][  0]LogConfig: Setting CVar [[r.AmbientOcclusionRadiusScale:1.0]]
[2025.04.10-16.21.10:961][  0]LogConfig: Setting CVar [[r.DepthOfFieldQuality:2]]
[2025.04.10-16.21.10:961][  0]LogConfig: Setting CVar [[r.RenderTargetPoolMin:400]]
[2025.04.10-16.21.10:961][  0]LogConfig: Setting CVar [[r.LensFlareQuality:2]]
[2025.04.10-16.21.10:961][  0]LogConfig: Setting CVar [[r.SceneColorFringeQuality:1]]
[2025.04.10-16.21.10:961][  0]LogConfig: Setting CVar [[r.EyeAdaptationQuality:2]]
[2025.04.10-16.21.10:961][  0]LogConfig: Setting CVar [[r.BloomQuality:5]]
[2025.04.10-16.21.10:961][  0]LogConfig: Setting CVar [[r.FastBlurThreshold:100]]
[2025.04.10-16.21.10:961][  0]LogConfig: Setting CVar [[r.Upscale.Quality:3]]
[2025.04.10-16.21.10:961][  0]LogConfig: Setting CVar [[r.Tonemapper.GrainQuantization:1]]
[2025.04.10-16.21.10:961][  0]LogConfig: Setting CVar [[r.LightShaftQuality:1]]
[2025.04.10-16.21.10:961][  0]LogConfig: Setting CVar [[r.Filter.SizeScale:1]]
[2025.04.10-16.21.10:961][  0]LogConfig: Setting CVar [[r.Tonemapper.Quality:5]]
[2025.04.10-16.21.10:961][  0]LogConfig: Setting CVar [[r.DOF.Gather.AccumulatorQuality:1        ; higher gathering accumulator quality]]
[2025.04.10-16.21.10:961][  0]LogConfig: Setting CVar [[r.DOF.Gather.PostfilterMethod:1          ; Median3x3 postfilering method]]
[2025.04.10-16.21.10:961][  0]LogConfig: Setting CVar [[r.DOF.Gather.EnableBokehSettings:0       ; no bokeh simulation when gathering]]
[2025.04.10-16.21.10:961][  0]LogConfig: Setting CVar [[r.DOF.Gather.RingCount:4                 ; medium number of samples when gathering]]
[2025.04.10-16.21.10:961][  0]LogConfig: Setting CVar [[r.DOF.Scatter.ForegroundCompositing:1    ; additive foreground scattering]]
[2025.04.10-16.21.10:961][  0]LogConfig: Setting CVar [[r.DOF.Scatter.BackgroundCompositing:2    ; additive background scattering]]
[2025.04.10-16.21.10:961][  0]LogConfig: Setting CVar [[r.DOF.Scatter.EnableBokehSettings:1      ; bokeh simulation when scattering]]
[2025.04.10-16.21.10:961][  0]LogConfig: Setting CVar [[r.DOF.Scatter.MaxSpriteRatio:0.1         ; only a maximum of 10% of scattered bokeh]]
[2025.04.10-16.21.10:961][  0]LogConfig: Setting CVar [[r.DOF.Recombine.Quality:1                ; cheap slight out of focus]]
[2025.04.10-16.21.10:962][  0]LogConfig: Setting CVar [[r.DOF.Recombine.EnableBokehSettings:0    ; no bokeh simulation on slight out of focus]]
[2025.04.10-16.21.10:962][  0]LogConfig: Setting CVar [[r.DOF.TemporalAAQuality:1                ; more stable temporal accumulation]]
[2025.04.10-16.21.10:962][  0]LogConfig: Setting CVar [[r.DOF.Kernel.MaxForegroundRadius:0.025]]
[2025.04.10-16.21.10:962][  0]LogConfig: Setting CVar [[r.DOF.Kernel.MaxBackgroundRadius:0.025]]
[2025.04.10-16.21.10:962][  0]LogConfig: Applying CVar settings from Section [TextureQuality@3] File [C:/Users/AlisaDI/Documents/MephiTasks/UnrealProject/Saved/Config/Windows/Scalability.ini]
[2025.04.10-16.21.10:962][  0]LogConfig: Setting CVar [[r.Streaming.MipBias:0]]
[2025.04.10-16.21.10:962][  0]LogConfig: Setting CVar [[r.Streaming.AmortizeCPUToGPUCopy:0]]
[2025.04.10-16.21.10:962][  0]LogConfig: Setting CVar [[r.Streaming.MaxNumTexturesToStreamPerFrame:0]]
[2025.04.10-16.21.10:962][  0]LogConfig: Setting CVar [[r.Streaming.Boost:1]]
[2025.04.10-16.21.10:962][  0]LogConfig: Setting CVar [[r.MaxAnisotropy:8]]
[2025.04.10-16.21.10:962][  0]LogConfig: Setting CVar [[r.VT.MaxAnisotropy:8]]
[2025.04.10-16.21.10:962][  0]LogConfig: Setting CVar [[r.Streaming.LimitPoolSizeToVRAM:0]]
[2025.04.10-16.21.10:962][  0]LogConfig: Setting CVar [[r.Streaming.PoolSize:1000]]
[2025.04.10-16.21.10:962][  0]LogConfig: Setting CVar [[r.Streaming.MaxEffectiveScreenSize:0]]
[2025.04.10-16.21.10:962][  0]LogConfig: Applying CVar settings from Section [EffectsQuality@3] File [C:/Users/AlisaDI/Documents/MephiTasks/UnrealProject/Saved/Config/Windows/Scalability.ini]
[2025.04.10-16.21.10:962][  0]LogConfig: Setting CVar [[r.TranslucencyLightingVolumeDim:64]]
[2025.04.10-16.21.10:962][  0]LogConfig: Setting CVar [[r.RefractionQuality:2]]
[2025.04.10-16.21.10:962][  0]LogConfig: Setting CVar [[r.SSR.Quality:3]]
[2025.04.10-16.21.10:962][  0]LogConfig: Setting CVar [[r.SSR.HalfResSceneColor:0]]
[2025.04.10-16.21.10:962][  0]LogConfig: Setting CVar [[r.SceneColorFormat:4]]
[2025.04.10-16.21.10:962][  0]LogConfig: Setting CVar [[r.DetailMode:2]]
[2025.04.10-16.21.10:962][  0]LogConfig: Setting CVar [[r.TranslucencyVolumeBlur:1]]
[2025.04.10-16.21.10:962][  0]LogConfig: Setting CVar [[r.MaterialQualityLevel:1 ; High quality]]
[2025.04.10-16.21.10:962][  0]LogConfig: Setting CVar [[r.AnisotropicMaterials:1]]
[2025.04.10-16.21.10:962][  0]LogConfig: Setting CVar [[r.SSS.Scale:1]]
[2025.04.10-16.21.10:962][  0]LogConfig: Setting CVar [[r.SSS.SampleSet:2]]
[2025.04.10-16.21.10:962][  0]LogConfig: Setting CVar [[r.SSS.Quality:1]]
[2025.04.10-16.21.10:962][  0]LogConfig: Setting CVar [[r.SSS.HalfRes:0]]
[2025.04.10-16.21.10:962][  0]LogConfig: Setting CVar [[r.SSGI.Quality:3]]
[2025.04.10-16.21.10:962][  0]LogConfig: Setting CVar [[r.EmitterSpawnRateScale:1.0]]
[2025.04.10-16.21.10:962][  0]LogConfig: Setting CVar [[r.ParticleLightQuality:2]]
[2025.04.10-16.21.10:962][  0]LogConfig: Setting CVar [[r.SkyAtmosphere.AerialPerspectiveLUT.FastApplyOnOpaque:1 ; Always have FastSkyLUT 1 in this case to avoid wrong sky]]
[2025.04.10-16.21.10:962][  0]LogConfig: Setting CVar [[r.SkyAtmosphere.AerialPerspectiveLUT.SampleCountMaxPerSlice:4]]
[2025.04.10-16.21.10:962][  0]LogConfig: Setting CVar [[r.SkyAtmosphere.AerialPerspectiveLUT.DepthResolution:16.0]]
[2025.04.10-16.21.10:962][  0]LogConfig: Setting CVar [[r.SkyAtmosphere.FastSkyLUT:1]]
[2025.04.10-16.21.10:962][  0]LogConfig: Setting CVar [[r.SkyAtmosphere.FastSkyLUT.SampleCountMin:4.0]]
[2025.04.10-16.21.10:962][  0]LogConfig: Setting CVar [[r.SkyAtmosphere.FastSkyLUT.SampleCountMax:128.0]]
[2025.04.10-16.21.10:962][  0]LogConfig: Setting CVar [[r.SkyAtmosphere.SampleCountMin:4.0]]
[2025.04.10-16.21.10:962][  0]LogConfig: Setting CVar [[r.SkyAtmosphere.SampleCountMax:128.0]]
[2025.04.10-16.21.10:962][  0]LogConfig: Setting CVar [[r.SkyAtmosphere.TransmittanceLUT.UseSmallFormat:0]]
[2025.04.10-16.21.10:962][  0]LogConfig: Setting CVar [[r.SkyAtmosphere.TransmittanceLUT.SampleCount:10.0]]
[2025.04.10-16.21.10:962][  0]LogConfig: Setting CVar [[r.SkyAtmosphere.MultiScatteringLUT.SampleCount:15.0]]
[2025.04.10-16.21.10:962][  0]LogConfig: Setting CVar [[r.SkyLight.RealTimeReflectionCapture:1]]
[2025.04.10-16.21.10:962][  0]LogConfig: Applying CVar settings from Section [FoliageQuality@3] File [C:/Users/AlisaDI/Documents/MephiTasks/UnrealProject/Saved/Config/Windows/Scalability.ini]
[2025.04.10-16.21.10:962][  0]LogConfig: Setting CVar [[foliage.DensityScale:1.0]]
[2025.04.10-16.21.10:962][  0]LogConfig: Setting CVar [[grass.DensityScale:1.0]]
[2025.04.10-16.21.10:962][  0]LogConfig: Applying CVar settings from Section [ShadingQuality@3] File [C:/Users/AlisaDI/Documents/MephiTasks/UnrealProject/Saved/Config/Windows/Scalability.ini]
[2025.04.10-16.21.10:962][  0]LogConfig: Setting CVar [[r.HairStrands.SkyLighting.IntegrationType:2]]
[2025.04.10-16.21.10:962][  0]LogConfig: Setting CVar [[r.HairStrands.SkyAO.SampleCount:4]]
[2025.04.10-16.21.10:962][  0]LogConfig: Setting CVar [[r.HairStrands.Visibility.MSAA.SamplePerPixel:4]]
[2025.04.10-16.21.10:962][  0]LogInit: Selected Device Profile: [Windows]
[2025.04.10-16.21.10:962][  0]LogInit: Applying CVar settings loaded from the selected device profile: [Windows]
[2025.04.10-16.21.10:962][  0]LogHAL: Display: Platform has ~ 32 GB [34046742528 / 34359738368 / 32], which maps to Largest [LargestMinGB=32, LargerMinGB=12, DefaultMinGB=8, SmallerMinGB=6, SmallestMinGB=0)
[2025.04.10-16.21.10:962][  0]LogInit: Going up to parent DeviceProfile []
[2025.04.10-16.21.10:962][  0]LogConfig: Applying CVar settings from Section [ViewDistanceQuality@3] File [C:/Users/AlisaDI/Documents/MephiTasks/UnrealProject/Saved/Config/Windows/Scalability.ini]
[2025.04.10-16.21.10:962][  0]LogConfig: Setting CVar [[r.SkeletalMeshLODBias:0]]
[2025.04.10-16.21.10:962][  0]LogConfig: Setting CVar [[r.ViewDistanceScale:1.0]]
[2025.04.10-16.21.10:962][  0]LogConfig: Applying CVar settings from Section [AntiAliasingQuality@3] File [C:/Users/AlisaDI/Documents/MephiTasks/UnrealProject/Saved/Config/Windows/Scalability.ini]
[2025.04.10-16.21.10:962][  0]LogConfig: Setting CVar [[r.PostProcessAAQuality:4]]
[2025.04.10-16.21.10:962][  0]LogConfig: Applying CVar settings from Section [ShadowQuality@3] File [C:/Users/AlisaDI/Documents/MephiTasks/UnrealProject/Saved/Config/Windows/Scalability.ini]
[2025.04.10-16.21.10:962][  0]LogConfig: Setting CVar [[r.LightFunctionQuality:1]]
[2025.04.10-16.21.10:962][  0]LogConfig: Setting CVar [[r.ShadowQuality:5]]
[2025.04.10-16.21.10:962][  0]LogConfig: Setting CVar [[r.Shadow.CSM.MaxCascades:10]]
[2025.04.10-16.21.10:962][  0]LogConfig: Setting CVar [[r.Shadow.MaxResolution:2048]]
[2025.04.10-16.21.10:962][  0]LogConfig: Setting CVar [[r.Shadow.MaxCSMResolution:2048]]
[2025.04.10-16.21.10:962][  0]LogConfig: Setting CVar [[r.Shadow.RadiusThreshold:0.01]]
[2025.04.10-16.21.10:962][  0]LogConfig: Setting CVar [[r.Shadow.DistanceScale:1.0]]
[2025.04.10-16.21.10:962][  0]LogConfig: Setting CVar [[r.Shadow.CSM.TransitionScale:1.0]]
[2025.04.10-16.21.10:962][  0]LogConfig: Setting CVar [[r.Shadow.PreShadowResolutionFactor:1.0]]
[2025.04.10-16.21.10:962][  0]LogConfig: Setting CVar [[r.DistanceFieldShadowing:1]]
[2025.04.10-16.21.10:962][  0]LogConfig: Setting CVar [[r.DistanceFieldAO:1]]
[2025.04.10-16.21.10:962][  0]LogConfig: Setting CVar [[r.AOQuality:2]]
[2025.04.10-16.21.10:962][  0]LogConfig: Setting CVar [[r.VolumetricFog:1]]
[2025.04.10-16.21.10:962][  0]LogConfig: Setting CVar [[r.VolumetricFog.GridPixelSize:8]]
[2025.04.10-16.21.10:962][  0]LogConfig: Setting CVar [[r.VolumetricFog.GridSizeZ:128]]
[2025.04.10-16.21.10:962][  0]LogConfig: Setting CVar [[r.VolumetricFog.HistoryMissSupersampleCount:4]]
[2025.04.10-16.21.10:962][  0]LogConfig: Setting CVar [[r.LightMaxDrawDistanceScale:1]]
[2025.04.10-16.21.10:962][  0]LogConfig: Setting CVar [[r.CapsuleShadows:1]]
[2025.04.10-16.21.10:962][  0]LogConfig: Applying CVar settings from Section [PostProcessQuality@3] File [C:/Users/AlisaDI/Documents/MephiTasks/UnrealProject/Saved/Config/Windows/Scalability.ini]
[2025.04.10-16.21.10:962][  0]LogConfig: Setting CVar [[r.MotionBlurQuality:4]]
[2025.04.10-16.21.10:962][  0]LogConfig: Setting CVar [[r.AmbientOcclusionMipLevelFactor:0.4]]
[2025.04.10-16.21.10:962][  0]LogConfig: Setting CVar [[r.AmbientOcclusionMaxQuality:100]]
[2025.04.10-16.21.10:962][  0]LogConfig: Setting CVar [[r.AmbientOcclusionLevels:-1]]
[2025.04.10-16.21.10:962][  0]LogConfig: Setting CVar [[r.AmbientOcclusionRadiusScale:1.0]]
[2025.04.10-16.21.10:962][  0]LogConfig: Setting CVar [[r.DepthOfFieldQuality:2]]
[2025.04.10-16.21.10:962][  0]LogConfig: Setting CVar [[r.RenderTargetPoolMin:400]]
[2025.04.10-16.21.10:962][  0]LogConfig: Setting CVar [[r.LensFlareQuality:2]]
[2025.04.10-16.21.10:962][  0]LogConfig: Setting CVar [[r.SceneColorFringeQuality:1]]
[2025.04.10-16.21.10:962][  0]LogConfig: Setting CVar [[r.EyeAdaptationQuality:2]]
[2025.04.10-16.21.10:962][  0]LogConfig: Setting CVar [[r.BloomQuality:5]]
[2025.04.10-16.21.10:962][  0]LogConfig: Setting CVar [[r.FastBlurThreshold:100]]
[2025.04.10-16.21.10:962][  0]LogConfig: Setting CVar [[r.Upscale.Quality:3]]
[2025.04.10-16.21.10:962][  0]LogConfig: Setting CVar [[r.Tonemapper.GrainQuantization:1]]
[2025.04.10-16.21.10:962][  0]LogConfig: Setting CVar [[r.LightShaftQuality:1]]
[2025.04.10-16.21.10:962][  0]LogConfig: Setting CVar [[r.Filter.SizeScale:1]]
[2025.04.10-16.21.10:962][  0]LogConfig: Setting CVar [[r.Tonemapper.Quality:5]]
[2025.04.10-16.21.10:962][  0]LogConfig: Setting CVar [[r.DOF.Gather.AccumulatorQuality:1        ; higher gathering accumulator quality]]
[2025.04.10-16.21.10:962][  0]LogConfig: Setting CVar [[r.DOF.Gather.PostfilterMethod:1          ; Median3x3 postfilering method]]
[2025.04.10-16.21.10:962][  0]LogConfig: Setting CVar [[r.DOF.Gather.EnableBokehSettings:0       ; no bokeh simulation when gathering]]
[2025.04.10-16.21.10:962][  0]LogConfig: Setting CVar [[r.DOF.Gather.RingCount:4                 ; medium number of samples when gathering]]
[2025.04.10-16.21.10:962][  0]LogConfig: Setting CVar [[r.DOF.Scatter.ForegroundCompositing:1    ; additive foreground scattering]]
[2025.04.10-16.21.10:962][  0]LogConfig: Setting CVar [[r.DOF.Scatter.BackgroundCompositing:2    ; additive background scattering]]
[2025.04.10-16.21.10:962][  0]LogConfig: Setting CVar [[r.DOF.Scatter.EnableBokehSettings:1      ; bokeh simulation when scattering]]
[2025.04.10-16.21.10:962][  0]LogConfig: Setting CVar [[r.DOF.Scatter.MaxSpriteRatio:0.1         ; only a maximum of 10% of scattered bokeh]]
[2025.04.10-16.21.10:962][  0]LogConfig: Setting CVar [[r.DOF.Recombine.Quality:1                ; cheap slight out of focus]]
[2025.04.10-16.21.10:962][  0]LogConfig: Setting CVar [[r.DOF.Recombine.EnableBokehSettings:0    ; no bokeh simulation on slight out of focus]]
[2025.04.10-16.21.10:962][  0]LogConfig: Setting CVar [[r.DOF.TemporalAAQuality:1                ; more stable temporal accumulation]]
[2025.04.10-16.21.10:962][  0]LogConfig: Setting CVar [[r.DOF.Kernel.MaxForegroundRadius:0.025]]
[2025.04.10-16.21.10:962][  0]LogConfig: Setting CVar [[r.DOF.Kernel.MaxBackgroundRadius:0.025]]
[2025.04.10-16.21.10:962][  0]LogConfig: Applying CVar settings from Section [TextureQuality@3] File [C:/Users/AlisaDI/Documents/MephiTasks/UnrealProject/Saved/Config/Windows/Scalability.ini]
[2025.04.10-16.21.10:962][  0]LogConfig: Setting CVar [[r.Streaming.MipBias:0]]
[2025.04.10-16.21.10:962][  0]LogConfig: Setting CVar [[r.Streaming.AmortizeCPUToGPUCopy:0]]
[2025.04.10-16.21.10:963][  0]LogConfig: Setting CVar [[r.Streaming.MaxNumTexturesToStreamPerFrame:0]]
[2025.04.10-16.21.10:963][  0]LogConfig: Setting CVar [[r.Streaming.Boost:1]]
[2025.04.10-16.21.10:963][  0]LogConfig: Setting CVar [[r.MaxAnisotropy:8]]
[2025.04.10-16.21.10:963][  0]LogConfig: Setting CVar [[r.VT.MaxAnisotropy:8]]
[2025.04.10-16.21.10:963][  0]LogConfig: Setting CVar [[r.Streaming.LimitPoolSizeToVRAM:0]]
[2025.04.10-16.21.10:963][  0]LogConfig: Setting CVar [[r.Streaming.PoolSize:1000]]
[2025.04.10-16.21.10:963][  0]LogConfig: Setting CVar [[r.Streaming.MaxEffectiveScreenSize:0]]
[2025.04.10-16.21.10:963][  0]LogConfig: Applying CVar settings from Section [EffectsQuality@3] File [C:/Users/AlisaDI/Documents/MephiTasks/UnrealProject/Saved/Config/Windows/Scalability.ini]
[2025.04.10-16.21.10:963][  0]LogConfig: Setting CVar [[r.TranslucencyLightingVolumeDim:64]]
[2025.04.10-16.21.10:963][  0]LogConfig: Setting CVar [[r.RefractionQuality:2]]
[2025.04.10-16.21.10:963][  0]LogConfig: Setting CVar [[r.SSR.Quality:3]]
[2025.04.10-16.21.10:963][  0]LogConfig: Setting CVar [[r.SSR.HalfResSceneColor:0]]
[2025.04.10-16.21.10:963][  0]LogConfig: Setting CVar [[r.SceneColorFormat:4]]
[2025.04.10-16.21.10:963][  0]LogConfig: Setting CVar [[r.DetailMode:2]]
[2025.04.10-16.21.10:963][  0]LogConfig: Setting CVar [[r.TranslucencyVolumeBlur:1]]
[2025.04.10-16.21.10:963][  0]LogConfig: Setting CVar [[r.MaterialQualityLevel:1 ; High quality]]
[2025.04.10-16.21.10:963][  0]LogConfig: Setting CVar [[r.AnisotropicMaterials:1]]
[2025.04.10-16.21.10:963][  0]LogConfig: Setting CVar [[r.SSS.Scale:1]]
[2025.04.10-16.21.10:963][  0]LogConfig: Setting CVar [[r.SSS.SampleSet:2]]
[2025.04.10-16.21.10:963][  0]LogConfig: Setting CVar [[r.SSS.Quality:1]]
[2025.04.10-16.21.10:963][  0]LogConfig: Setting CVar [[r.SSS.HalfRes:0]]
[2025.04.10-16.21.10:963][  0]LogConfig: Setting CVar [[r.SSGI.Quality:3]]
[2025.04.10-16.21.10:963][  0]LogConfig: Setting CVar [[r.EmitterSpawnRateScale:1.0]]
[2025.04.10-16.21.10:963][  0]LogConfig: Setting CVar [[r.ParticleLightQuality:2]]
[2025.04.10-16.21.10:963][  0]LogConfig: Setting CVar [[r.SkyAtmosphere.AerialPerspectiveLUT.FastApplyOnOpaque:1 ; Always have FastSkyLUT 1 in this case to avoid wrong sky]]
[2025.04.10-16.21.10:963][  0]LogConfig: Setting CVar [[r.SkyAtmosphere.AerialPerspectiveLUT.SampleCountMaxPerSlice:4]]
[2025.04.10-16.21.10:963][  0]LogConfig: Setting CVar [[r.SkyAtmosphere.AerialPerspectiveLUT.DepthResolution:16.0]]
[2025.04.10-16.21.10:963][  0]LogConfig: Setting CVar [[r.SkyAtmosphere.FastSkyLUT:1]]
[2025.04.10-16.21.10:963][  0]LogConfig: Setting CVar [[r.SkyAtmosphere.FastSkyLUT.SampleCountMin:4.0]]
[2025.04.10-16.21.10:963][  0]LogConfig: Setting CVar [[r.SkyAtmosphere.FastSkyLUT.SampleCountMax:128.0]]
[2025.04.10-16.21.10:963][  0]LogConfig: Setting CVar [[r.SkyAtmosphere.SampleCountMin:4.0]]
[2025.04.10-16.21.10:963][  0]LogConfig: Setting CVar [[r.SkyAtmosphere.SampleCountMax:128.0]]
[2025.04.10-16.21.10:963][  0]LogConfig: Setting CVar [[r.SkyAtmosphere.TransmittanceLUT.UseSmallFormat:0]]
[2025.04.10-16.21.10:963][  0]LogConfig: Setting CVar [[r.SkyAtmosphere.TransmittanceLUT.SampleCount:10.0]]
[2025.04.10-16.21.10:963][  0]LogConfig: Setting CVar [[r.SkyAtmosphere.MultiScatteringLUT.SampleCount:15.0]]
[2025.04.10-16.21.10:963][  0]LogConfig: Setting CVar [[r.SkyLight.RealTimeReflectionCapture:1]]
[2025.04.10-16.21.10:963][  0]LogConfig: Applying CVar settings from Section [FoliageQuality@3] File [C:/Users/AlisaDI/Documents/MephiTasks/UnrealProject/Saved/Config/Windows/Scalability.ini]
[2025.04.10-16.21.10:963][  0]LogConfig: Setting CVar [[foliage.DensityScale:1.0]]
[2025.04.10-16.21.10:963][  0]LogConfig: Setting CVar [[grass.DensityScale:1.0]]
[2025.04.10-16.21.10:963][  0]LogConfig: Applying CVar settings from Section [ShadingQuality@3] File [C:/Users/AlisaDI/Documents/MephiTasks/UnrealProject/Saved/Config/Windows/Scalability.ini]
[2025.04.10-16.21.10:963][  0]LogConfig: Setting CVar [[r.HairStrands.SkyLighting.IntegrationType:2]]
[2025.04.10-16.21.10:963][  0]LogConfig: Setting CVar [[r.HairStrands.SkyAO.SampleCount:4]]
[2025.04.10-16.21.10:963][  0]LogConfig: Setting CVar [[r.HairStrands.Visibility.MSAA.SamplePerPixel:4]]
[2025.04.10-16.21.10:963][  0]LogConfig: Applying CVar settings from Section [Startup] File [../../../Engine/Config/ConsoleVariables.ini]
[2025.04.10-16.21.10:963][  0]LogConfig: Setting CVar [[net.UseAdaptiveNetUpdateFrequency:0]]
[2025.04.10-16.21.10:963][  0]LogConfig: Setting CVar [[p.chaos.AllowCreatePhysxBodies:1]]
[2025.04.10-16.21.10:963][  0]LogConfig: Setting CVar [[fx.SkipVectorVMBackendOptimizations:1]]
[2025.04.10-16.21.10:963][  0]LogConfig: Applying CVar settings from Section [ConsoleVariables] File [C:/Users/AlisaDI/Documents/MephiTasks/UnrealProject/Saved/Config/Windows/Engine.ini]
[2025.04.10-16.21.10:963][  0]LogConfig: Applying CVar settings from Section [ConsoleVariables] File [C:/Users/AlisaDI/Documents/MephiTasks/UnrealProject/Saved/Config/Windows/Editor.ini]
[2025.04.10-16.21.10:963][  0]LogInit: Computer: DESKTOP-N5SQRU4
[2025.04.10-16.21.10:963][  0]LogInit: User: AlisaDI
[2025.04.10-16.21.10:963][  0]LogInit: CPU Page size=4096, Cores=8
[2025.04.10-16.21.10:963][  0]LogInit: High frequency timer resolution =10.000000 MHz
[2025.04.10-16.21.10:963][  0]LogMemory: Memory total: Physical=31.7GB (32GB approx)
[2025.04.10-16.21.10:963][  0]LogMemory: Platform Memory Stats for Windows
[2025.04.10-16.21.10:963][  0]LogMemory: Process Physical Memory: 145.79 MB used, 145.79 MB peak
[2025.04.10-16.21.10:963][  0]LogMemory: Process Virtual Memory: 131.56 MB used, 131.56 MB peak
[2025.04.10-16.21.10:963][  0]LogMemory: Physical Memory: 8993.27 MB used,  23476.23 MB free, 32469.50 MB total
[2025.04.10-16.21.10:963][  0]LogMemory: Virtual Memory: 134194656.00 MB used,  23068.11 MB free, 134217728.00 MB total
[2025.04.10-16.21.10:967][  0]LogWindows: WindowsPlatformFeatures enabled
[2025.04.10-16.21.10:997][  0]LogInit: Physics initialised using underlying interface: PhysX
[2025.04.10-16.21.10:998][  0]LogInit: Using OS detected language (ru-RU).
[2025.04.10-16.21.10:998][  0]LogInit: Using OS detected locale (ru-RU).
[2025.04.10-16.21.11:000][  0]LogTextLocalizationManager: No specific localization for 'ru-RU' exists, so the 'ru' localization will be used.
[2025.04.10-16.21.11:000][  0]LogTextLocalizationResource: LocRes '../../../Engine/Content/Localization/Editor/ru/Editor.locres' could not be opened for reading!
[2025.04.10-16.21.11:000][  0]LogTextLocalizationResource: LocRes '../../../Engine/Content/Localization/EditorTutorials/ru/EditorTutorials.locres' could not be opened for reading!
[2025.04.10-16.21.11:000][  0]LogTextLocalizationResource: LocRes '../../../Engine/Content/Localization/Keywords/ru/Keywords.locres' could not be opened for reading!
[2025.04.10-16.21.11:000][  0]LogTextLocalizationResource: LocRes '../../../Engine/Content/Localization/Category/ru/Category.locres' could not be opened for reading!
[2025.04.10-16.21.11:000][  0]LogTextLocalizationResource: LocRes '../../../Engine/Content/Localization/ToolTips/ru/ToolTips.locres' could not be opened for reading!
[2025.04.10-16.21.11:000][  0]LogTextLocalizationResource: LocRes '../../../Engine/Content/Localization/PropertyNames/ru/PropertyNames.locres' could not be opened for reading!
[2025.04.10-16.21.11:000][  0]LogTextLocalizationResource: LocRes '../../../Engine/Content/Localization/Engine/ru/Engine.locres' could not be opened for reading!
[2025.04.10-16.21.11:001][  0]LogInit: Setting process to per monitor DPI aware
[2025.04.10-16.21.11:016][  0]LogWindowsTextInputMethodSystem: Display: IME system deactivated.
[2025.04.10-16.21.11:033][  0]LogSlate: New Slate User Created.  User Index 0, Is Virtual User: 0
[2025.04.10-16.21.11:033][  0]LogSlate: Slate User Registered.  User Index 0, Is Virtual User: 0
[2025.04.10-16.21.11:150][  0]LogD3D11RHI: Loaded GFSDK_Aftermath_Lib.x64.dll
[2025.04.10-16.21.11:163][  0]LogHMD: Failed to enumerate extensions. Please check that you have a valid OpenXR runtime installed.
[2025.04.10-16.21.11:163][  0]LogD3D11RHI: D3D11 min allowed feature level: 11_0
[2025.04.10-16.21.11:163][  0]LogD3D11RHI: D3D11 max allowed feature level: 11_0
[2025.04.10-16.21.11:163][  0]LogD3D11RHI: D3D11 adapters:
[2025.04.10-16.21.11:317][  0]LogD3D11RHI:    0. 'NVIDIA GeForce RTX 3050 Laptop GPU' (Feature Level 11_0)
[2025.04.10-16.21.11:317][  0]LogD3D11RHI:       3964/0/16234 MB DedicatedVideo/DedicatedSystem/SharedSystem, Outputs:1, VendorId:0x10de
[2025.04.10-16.21.11:349][  0]LogD3D11RHI:    1. 'Intel(R) UHD Graphics' (Feature Level 11_0)
[2025.04.10-16.21.11:349][  0]LogD3D11RHI:       128/0/16234 MB DedicatedVideo/DedicatedSystem/SharedSystem, Outputs:0, VendorId:0x8086
[2025.04.10-16.21.11:351][  0]LogD3D11RHI:    2. 'Microsoft Basic Render Driver' (Feature Level 11_0)
[2025.04.10-16.21.11:351][  0]LogD3D11RHI:       0/0/16234 MB DedicatedVideo/DedicatedSystem/SharedSystem, Outputs:0, VendorId:0x1414
[2025.04.10-16.21.11:351][  0]LogD3D11RHI: Chosen D3D11 Adapter:
[2025.04.10-16.21.11:351][  0]LogD3D11RHI:     Description : NVIDIA GeForce RTX 3050 Laptop GPU
[2025.04.10-16.21.11:351][  0]LogD3D11RHI:     VendorId    : 10de
[2025.04.10-16.21.11:351][  0]LogD3D11RHI:     DeviceId    : 25a2
[2025.04.10-16.21.11:351][  0]LogD3D11RHI:     SubSysId    : 12eb1462
[2025.04.10-16.21.11:351][  0]LogD3D11RHI:     Revision    : 00a1
[2025.04.10-16.21.11:351][  0]LogD3D11RHI:     DedicatedVideoMemory : 4156555264 bytes
[2025.04.10-16.21.11:351][  0]LogD3D11RHI:     DedicatedSystemMemory : 0 bytes
[2025.04.10-16.21.11:351][  0]LogD3D11RHI:     SharedSystemMemory : 17023371264 bytes
[2025.04.10-16.21.11:351][  0]LogD3D11RHI:     AdapterLuid : 0 71715
[2025.04.10-16.21.11:357][  0]LogD3D11RHI: Creating new Direct3DDevice
[2025.04.10-16.21.11:357][  0]LogD3D11RHI:     GPU DeviceId: 0x25a2 (for the marketing name, search the web for "GPU Device Id")
[2025.04.10-16.21.11:357][  0]LogWindows: EnumDisplayDevices:
[2025.04.10-16.21.11:357][  0]LogWindows:    0. 'Intel(R) UHD Graphics' (P:1 D:1)
[2025.04.10-16.21.11:357][  0]LogWindows:    1. 'Intel(R) UHD Graphics' (P:0 D:0)
[2025.04.10-16.21.11:357][  0]LogWindows:    2. 'Intel(R) UHD Graphics' (P:0 D:0)
[2025.04.10-16.21.11:358][  0]LogWindows:    3. 'Intel(R) UHD Graphics' (P:0 D:0)
[2025.04.10-16.21.11:358][  0]LogWindows: DebugString: PrimaryIsNotTheChoosenAdapter PrimaryIsNotTheChoosenAdapter PrimaryIsNotTheChoosenAdapter PrimaryIsNotTheChoosenAdapter FoundDriverCount:0 
[2025.04.10-16.21.11:358][  0]LogD3D11RHI:     Adapter Name: NVIDIA GeForce RTX 3050 Laptop GPU
[2025.04.10-16.21.11:358][  0]LogD3D11RHI:   Driver Version: Unknown (internal:Unknown, unified:Unknown)
[2025.04.10-16.21.11:358][  0]LogD3D11RHI:      Driver Date: Unknown
[2025.04.10-16.21.11:358][  0]LogRHI: Texture pool is 2774 MB (70% of 3964 MB)
[2025.04.10-16.21.11:358][  0]LogD3D11RHI: Creating D3DDevice using adapter:
[2025.04.10-16.21.11:358][  0]LogD3D11RHI:     Description : NVIDIA GeForce RTX 3050 Laptop GPU
[2025.04.10-16.21.11:358][  0]LogD3D11RHI:     VendorId    : 10de
[2025.04.10-16.21.11:358][  0]LogD3D11RHI:     DeviceId    : 25a2
[2025.04.10-16.21.11:358][  0]LogD3D11RHI:     SubSysId    : 12eb1462
[2025.04.10-16.21.11:358][  0]LogD3D11RHI:     Revision    : 00a1
[2025.04.10-16.21.11:358][  0]LogD3D11RHI:     DedicatedVideoMemory : 4156555264 bytes
[2025.04.10-16.21.11:358][  0]LogD3D11RHI:     DedicatedSystemMemory : 0 bytes
[2025.04.10-16.21.11:358][  0]LogD3D11RHI:     SharedSystemMemory : 17023371264 bytes
[2025.04.10-16.21.11:358][  0]LogD3D11RHI:     AdapterLuid : 0 71715
[2025.04.10-16.21.11:468][  0]LogD3D11RHI: RHI has support for 64 bit atomics
[2025.04.10-16.21.11:469][  0]LogD3D11RHI: Async texture creation enabled
[2025.04.10-16.21.11:469][  0]LogD3D11RHI: Array index from any shader is supported
[2025.04.10-16.21.11:482][  0]LogD3D11RHI: GPU Timing Frequency: 1000.000000 (Debug: 2 1)
[2025.04.10-16.21.11:528][  0]LogRHI: GeForceNow SDK initialized: 1
[2025.04.10-16.21.13:864][  0]LogTargetPlatformManager: Display: Loaded TargetPlatform 'AllDesktop'
[2025.04.10-16.21.13:883][  0]LogTargetPlatformManager: Display: Loaded TargetPlatform 'Android'
[2025.04.10-16.21.13:883][  0]LogTargetPlatformManager: Display: Loaded TargetPlatform 'Android_ASTC'
[2025.04.10-16.21.13:883][  0]LogTargetPlatformManager: Display: Loaded TargetPlatform 'Android_DXT'
[2025.04.10-16.21.13:883][  0]LogTargetPlatformManager: Display: Loaded TargetPlatform 'Android_ETC2'
[2025.04.10-16.21.13:883][  0]LogTargetPlatformManager: Display: Loaded TargetPlatform 'AndroidClient'
[2025.04.10-16.21.13:883][  0]LogTargetPlatformManager: Display: Loaded TargetPlatform 'Android_ASTCClient'
[2025.04.10-16.21.13:883][  0]LogTargetPlatformManager: Display: Loaded TargetPlatform 'Android_DXTClient'
[2025.04.10-16.21.13:883][  0]LogTargetPlatformManager: Display: Loaded TargetPlatform 'Android_ETC2Client'
[2025.04.10-16.21.13:883][  0]LogTargetPlatformManager: Display: Loaded TargetPlatform 'Android_Multi'
[2025.04.10-16.21.13:883][  0]LogTargetPlatformManager: Display: Loaded TargetPlatform 'Android_MultiClient'
[2025.04.10-16.21.13:898][  0]LogTargetPlatformManager: Display: Loaded TargetPlatform 'IOSClient'
[2025.04.10-16.21.13:898][  0]LogTargetPlatformManager: Display: Loaded TargetPlatform 'IOS'
[2025.04.10-16.21.13:905][  0]LogTargetPlatformManager: Display: Loaded TargetPlatform 'Linux'
[2025.04.10-16.21.13:908][  0]LogTargetPlatformManager: Display: Loaded TargetPlatform 'LinuxNoEditor'
[2025.04.10-16.21.13:912][  0]LogTargetPlatformManager: Display: Loaded TargetPlatform 'LinuxClient'
[2025.04.10-16.21.13:915][  0]LogTargetPlatformManager: Display: Loaded TargetPlatform 'LinuxServer'
[2025.04.10-16.21.13:922][  0]LogTargetPlatformManager: Display: Loaded TargetPlatform 'LinuxAArch64NoEditor'
[2025.04.10-16.21.13:925][  0]LogTargetPlatformManager: Display: Loaded TargetPlatform 'LinuxAArch64Client'
[2025.04.10-16.21.13:928][  0]LogTargetPlatformManager: Display: Loaded TargetPlatform 'LinuxAArch64Server'
[2025.04.10-16.21.13:946][  0]LogTargetPlatformManager: Display: Loaded TargetPlatform 'Lumin'
[2025.04.10-16.21.13:946][  0]LogTargetPlatformManager: Display: Loaded TargetPlatform 'LuminClient'
[2025.04.10-16.21.13:953][  0]LogTargetPlatformManager: Display: Loaded TargetPlatform 'MacNoEditor'
[2025.04.10-16.21.13:956][  0]LogTargetPlatformManager: Display: Loaded TargetPlatform 'Mac'
[2025.04.10-16.21.13:959][  0]LogTargetPlatformManager: Display: Loaded TargetPlatform 'MacClient'
[2025.04.10-16.21.13:962][  0]LogTargetPlatformManager: Display: Loaded TargetPlatform 'MacServer'
[2025.04.10-16.21.13:969][  0]LogTargetPlatformManager: Display: Loaded TargetPlatform 'TVOSClient'
[2025.04.10-16.21.13:969][  0]LogTargetPlatformManager: Display: Loaded TargetPlatform 'TVOS'
[2025.04.10-16.21.13:976][  0]LogTargetPlatformManager: Display: Loaded TargetPlatform 'WindowsNoEditor'
[2025.04.10-16.21.13:979][  0]LogTargetPlatformManager: Display: Loaded TargetPlatform 'Windows'
[2025.04.10-16.21.13:982][  0]LogTargetPlatformManager: Display: Loaded TargetPlatform 'WindowsClient'
[2025.04.10-16.21.13:985][  0]LogTargetPlatformManager: Display: Loaded TargetPlatform 'WindowsServer'
[2025.04.10-16.21.13:986][  0]LogTargetPlatformManager: Display: Building Assets For Windows
[2025.04.10-16.21.13:990][  0]LogAudioDebug: Display: Lib vorbis DLL was dynamically loaded.
[2025.04.10-16.21.14:014][  0]LogTextureFormatOodle: Display: Oodle Texture 2.9.0 init RDO Off
[2025.04.10-16.21.14:036][  0]LogRendererCore: Ray tracing is disabled. Reason: r.RayTracing=0.
[2025.04.10-16.21.14:036][  0]LogShaderCompilers: Guid format shader working directory is -19 characters bigger than the processId version (../../../../../../Users/AlisaDI/Documents/MephiTasks/UnrealProject/Intermediate/Shaders/WorkingDirectory/17768/).
[2025.04.10-16.21.14:036][  0]LogShaderCompilers: Cleaned the shader compiler working directory 'C:/Users/AlisaDI/AppData/Local/Temp/UnrealShaderWorkingDir/07E73EDA4B76B6212E1D7695B5CE0708/'.
[2025.04.10-16.21.14:036][  0]LogXGEController: Cannot use XGE Controller as Incredibuild is not installed on this machine.
[2025.04.10-16.21.14:036][  0]LogShaderCompilers: Cannot use XGE Shader Compiler as Incredibuild is not installed on this machine.
[2025.04.10-16.21.14:036][  0]LogShaderCompilers: Display: Using Local Shader Compiler.
[2025.04.10-16.21.14:646][  0]LogDerivedDataCache: Display: Max Cache Size: 512 MB
[2025.04.10-16.21.14:707][  0]LogDerivedDataCache: Loaded boot cache 0.06s 122MB C:/Users/AlisaDI/AppData/Local/UnrealEngine/4.27/DerivedDataCache/Boot.ddc.
[2025.04.10-16.21.14:723][  0]LogDerivedDataCache: Display: Loaded Boot cache: C:/Users/AlisaDI/AppData/Local/UnrealEngine/4.27/DerivedDataCache/Boot.ddc
[2025.04.10-16.21.14:723][  0]LogDerivedDataCache: FDerivedDataBackendGraph:  Pak pak cache file ../../../../../../Users/AlisaDI/Documents/MephiTasks/UnrealProject/DerivedDataCache/DDC.ddp not found, will not use a pak cache.
[2025.04.10-16.21.14:723][  0]LogDerivedDataCache: Unable to find inner node Pak for hierarchical cache Hierarchy.
[2025.04.10-16.21.14:723][  0]LogDerivedDataCache: FDerivedDataBackendGraph:  CompressedPak pak cache file ../../../../../../Users/AlisaDI/Documents/MephiTasks/UnrealProject/DerivedDataCache/Compressed.ddp not found, will not use a pak cache.
[2025.04.10-16.21.14:723][  0]LogDerivedDataCache: Unable to find inner node CompressedPak for hierarchical cache Hierarchy.
[2025.04.10-16.21.14:736][  0]LogDerivedDataCache: Display: Pak cache opened for reading ../../../Engine/DerivedDataCache/Compressed.ddp.
[2025.04.10-16.21.14:736][  0]LogDerivedDataCache: FDerivedDataBackendGraph:  EnterprisePak pak cache file ../../../Enterprise/DerivedDataCache/Compressed.ddp not found, will not use a pak cache.
[2025.04.10-16.21.14:736][  0]LogDerivedDataCache: Unable to find inner node EnterprisePak for hierarchical cache Hierarchy.
[2025.04.10-16.21.14:741][  0]LogDerivedDataCache: Speed tests for C:/Users/AlisaDI/AppData/Local/UnrealEngine/Common/DerivedDataCache took 0.00 seconds
[2025.04.10-16.21.14:741][  0]LogDerivedDataCache: Display: Performance to C:/Users/AlisaDI/AppData/Local/UnrealEngine/Common/DerivedDataCache: Latency=0.02ms. RandomReadSpeed=1303.54MBs, RandomWriteSpeed=234.08MBs. Assigned SpeedClass 'Local'
[2025.04.10-16.21.14:743][  0]LogDerivedDataCache: Using Local data cache path C:/Users/AlisaDI/AppData/Local/UnrealEngine/Common/DerivedDataCache: Writable
[2025.04.10-16.21.14:743][  0]LogDerivedDataCache: Shared data cache path not found in *engine.ini, will not use an Shared cache.
[2025.04.10-16.21.14:743][  0]LogDerivedDataCache: Unable to find inner node Shared for hierarchical cache Hierarchy.
[2025.04.10-16.21.14:791][  0]LogSlate: Using FreeType 2.10.0
[2025.04.10-16.21.14:791][  0]LogSlate: SlateFontServices - WITH_FREETYPE: 1, WITH_HARFBUZZ: 1
[2025.04.10-16.21.14:791][  0]LogHMD: Failed to enumerate extensions. Please check that you have a valid OpenXR runtime installed.
[2025.04.10-16.21.14:821][  0]LogAssetRegistry: FAssetRegistry took 0.0025 seconds to start up
[2025.04.10-16.21.15:037][  0]LogInit: Selected Device Profile: [Windows]
[2025.04.10-16.21.15:037][  0]LogInit: Active device profile: [000002CEB496C900][000002CEAFB47640 49] Windows
[2025.04.10-16.21.15:037][  0]LogInit: Profiles: [000002CEB496C900][000002CEAFB47640 49] Windows, [000002CEB494F800][000002CEAFB4F7C0 49] WindowsNoEditor, [000002CEB496F500][000002CEB2C47940 49] WindowsServer, [000002CEB494CE00][000002CEB2C4BAC0 49] WindowsClient, [000002CEB496F800][000002CEB2C4E0C0 49] IOS, [000002CEB494E800][000002CEB2C52240 49] iPadAir, [000002CEB496E000][000002CEB2C563C0 49] iPadAir2, [000002CEB48D0A00][000002CEB4E4E680 49] IPadPro, [000002CEB48D0B00][000002CEB2C5A6C0 49] iPadAir3, [000002CEB494D900][000002CEB4EC2840 49] iPadAir4, [000002CEB48D3400][000002CEB06409C0 49] iPadMini2, [000002CEB494EA00][000002CEB0644B40 49] iPadMini3, [000002CEB48D1700][000002CEB0668CC0 49] iPadMini4, [000002CEB496D100][000002CEAF97AE40 49] iPadMini5, [000002CEB48FC300][000002CEAF97F080 49] iPhone6, [000002CEB48FC400][000002CEAFB4B0C0 49] iPodTouch6, [000002CEB48D3600][000002CEB0571300 49] iPhone7, [000002CEB48D1800][000002CEB056D340 49] iPodTouch7, [000002CEB48FFF00][000002CEB05794C0 49] iPhone5S, [000002CEB494E200][000002CEB057D640 49] iPhone6Plus, [000002CEB48D0200][000002CEB05817C0 49] iPhone6S, [000002CEB494E400][000002CEB0585940 49] iPhone6SPlus, [000002CEB48D3C00][000002CEB0589AC0 49] iPhone7Plus, [000002CEB494C300][000002CEB058C0C0 49] iPhoneSE, [000002CEB48D3500][000002CEB0590240 49] iPhone8, [000002CEB494DE00][000002CEB05943C0 49] iPhone8Plus, [000002CEB48D1100][000002CEB0598540 49] iPhoneX, [000002CEB494C400][000002CEB05A06C0 49] iPhoneXS, [000002CEB48D1300][000002CEB05A4840 49] iPhoneXSMax, [000002CEB494D400][000002CEB05AC9C0 49] iPhoneXR, [000002CEB48D3800][000002CEB05B4B40 49] iPhone11, [000002CEB494EE00][000002CEB05B8CC0 49] iPhone11Pro, [000002CEB48D3700][000002CEB05BCE40 49] iPhone11ProMax, [000002CEB494CF00][000002CEB05C0FC0 49] iPhoneSE2, [000002CEB48D2E00][000002CEB05C5140 49] iPhone12Mini, [000002CEB494FC00][000002CEB0575280 49] iPhone12, [000002CEB48D2400][000002CEB05C93C0 49] iPhone12Pro, [000002CEB494C700][000002CEB05CD500 49] iPhone12ProMax, [000002CEB48D2300][000002CEB05DD680 49] iPadPro105, [000002CEB494F100][000002CEB4EBD800 49] iPadPro129, [000002CEB48D2200][000002CEB4EFF980 49] iPadPro97, [000002CEB494CB00][000002CEB4F03B00 49] iPadPro2_129, [000002CEB48D3200][000002CEB4F40100 49] iPad5, [000002CEB494F400][000002CEB4F44280 49] iPad6, [000002CEB48D3300][000002CEB505E400 49] iPad7, [000002CEB494C200][000002CEB5062580 49] iPad8, [000002CEB48D1A00][000002CEB5066700 49] iPadPro11, [000002CEB494D600][000002CEB506A880 49] iPadPro2_11, [000002CEB48D1D00][000002CEAF95AA00 49] iPadPro3_129, [000002CEB494F900][000002CEAF6E2B80 49] iPadPro4_129, [000002CEB48D3000][000002CEAF95ED00 49] AppleTV, [000002CEB494FF00][000002CEAF962E80 49] AppleTV4K, [000002CEB48D0100][000002CEAF967000 49] TVOS, [000002CEB494E500][000002CEAF96B180 49] Mac, [000002CEB48D3B00][000002CEAF96F300 49] MacClient, [000002CEB494DB00][000002CEB05D9440 49] MacNoEditor, [000002CEB48D2C00][000002CEAF977580 49] MacServer, [000002CEB494CA00][000002CEB54656C0 49] Linux, [000002CEB48D2000][000002CEB5469840 49] LinuxAArch64, [000002CEB494E700][000002CEB546D9C0 49] LinuxNoEditor, [000002CEB48D2500][000002CEB547DB40 49] LinuxAArch64NoEditor, [000002CEB494D500][000002CEB50B8140 49] LinuxClient, [000002CEB48D3900][000002CEB51DA2C0 49] LinuxAArch64Client, [000002CEB494D700][000002CEB51E8440 49] LinuxServer, [000002CEB48D1900][000002CEB51EC5C0 49] LinuxAArch64Server, [000002CEB494F700][000002CEB51F0740 49] Android, [000002CEB48D0600][000002CEB51F88C0 49] Android_Low, [000002CEB494ED00][000002CEB51FCA40 49] Android_Mid, [000002CEB496FA00][000002CEB5200BC0 49] Android_High, [000002CEB48FDC00][000002CEB5204D40 49] Android_Default, [000002CEB496E100][000002CEB5208EC0 49] Android_Adreno4xx, [000002CEB48FE700][000002CEB520D040 49] Android_Adreno5xx_Low, [000002CEB496CA00][000002CEB52111C0 49] Android_Adreno5xx, [000002CEB48FED00][000002CEB5215340 49] Android_Adreno6xx, [000002CEB496D200][000002CEB52194C0 49] Android_Adreno6xx_Vulkan, [000002CEB48FE800][000002CEB4FE5600 49] Android_Mali_T6xx, [000002CEB496E600][000002CEB521D740 49] Android_Mali_T7xx, [000002CEB48FEE00][000002CEB5221880 49] Android_Mali_T8xx, [000002CEB496F200][000002CEB52259C0 49] Android_Mali_G71, [000002CEB48FFC00][000002CEB522DB40 49] Android_Mali_G72, [000002CEB496EA00][000002CEB5230140 49] Android_Mali_G72_Vulkan, [000002CEB48FDB00][000002CEB4FEC2C0 49] Android_Mali_G76, [000002CEB496DA00][000002CEB4FF0440 49] Android_Mali_G76_Vulkan, [000002CEB48FE000][000002CEB4FF45C0 49] Android_Mali_G77, [000002CEB496ED00][000002CEB4FF8740 49] Android_Mali_G77_Vulkan, [000002CEB48FF800][000002CEB4FFC8C0 49] Android_Mali_G78, [000002CEB496E800][000002CEB5000A40 49] Android_Mali_G78_Vulkan, [000002CEB48FD200][000002CEB5004BC0 49] Android_Mali_G710, [000002CEB496CE00][000002CEB5008D40 49] Android_Mali_G710_Vulkan, [000002CEB48FF500][000002CEB500CEC0 49] Android_Vulkan_SM5, [000002CEB496F400][000002CEB5011040 49] Android_PowerVR_G6xxx, [000002CEB48FEC00][000002CEB50151C0 49] Android_PowerVR_GT7xxx, [000002CEB496FC00][000002CEB52A5340 49] Android_PowerVR_GE8xxx, [000002CEB48FCE00][000002CEB52BD4C0 49] Android_PowerVR_GM9xxx, [000002CEB496D800][000002CEB5021640 49] Android_PowerVR_GM9xxx_Vulkan, [000002CEB48FE400][000002CEB5229780 49] Android_TegraK1, [000002CEB496D000][000002CEB50258C0 49] Android_Unknown_Vulkan, [000002CEB494FA00][000002CEB5029A00 49] Lumin, [000002CEB496DE00][000002CEB502DB40 49] Lumin_Desktop, [000002CEB494DC00][000002CEB5034140 49] HoloLens, 
[2025.04.10-16.21.15:149][  0]LogMeshReduction: Using QuadricMeshReduction for automatic static mesh reduction
[2025.04.10-16.21.15:149][  0]LogMeshReduction: Using SimplygonMeshReduction for automatic skeletal mesh reduction
[2025.04.10-16.21.15:149][  0]LogMeshReduction: Using ProxyLODMeshReduction for automatic mesh merging
[2025.04.10-16.21.15:149][  0]LogMeshReduction: No distributed automatic mesh merging module available
[2025.04.10-16.21.15:149][  0]LogMeshMerging: No distributed automatic mesh merging module available
[2025.04.10-16.21.15:162][  0]LogNetVersion: MyProject 1.0.0, NetCL: 17155196, EngineNetVer: 17, GameNetVer: 0 (Checksum: 3629800737)
[2025.04.10-16.21.15:489][  0]LogTexture: Default maximum texture size for cubemaps generated from long-lat sources has been changed from 512 to unlimited. In order to preserve old behaiour for '/Engine/MapTemplates/Sky/DaylightAmbientCubemap.DaylightAmbientCubemap', its maximum texture size has been explicitly set to 512.
[2025.04.10-16.21.15:539][  0]LogUObjectArray: 17012 objects as part of root set at end of initial load.
[2025.04.10-16.21.15:539][  0]LogUObjectAllocator: 4257360 out of 0 bytes used by permanent object pool.
[2025.04.10-16.21.15:539][  0]LogUObjectArray: CloseDisregardForGC: 0/0 objects in disregard for GC pool
[2025.04.10-16.21.15:726][  0]LogNiagaraDebuggerClient: Niagara Debugger Client Initialized | Session: 3DD66E064305A339B5719D909C59EE0A | Instance: B6EBCC604979668F330F9786EBB1C460 (DESKTOP-N5SQRU4-17768).
[2025.04.10-16.21.15:819][  0]LogPython: Using Python 3.7.7
[2025.04.10-16.21.16:202][  0]LogTcpMessaging: Initializing TcpMessaging bridge
[2025.04.10-16.21.16:208][  0]LogUdpMessaging: Initializing bridge on interface 0.0.0.0:0 to multicast group 230.0.0.1:6666.
[2025.04.10-16.21.16:309][  0]SourceControl: Source control is disabled
[2025.04.10-16.21.16:309][  0]SourceControl: Source control is disabled
[2025.04.10-16.21.16:311][  0]SourceControl: Source control is disabled
[2025.04.10-16.21.16:319][  0]LogUProjectInfo: Found projects:
[2025.04.10-16.21.16:321][  0]SourceControl: Source control is disabled
[2025.04.10-16.21.16:323][  0]SourceControl: Source control is disabled
[2025.04.10-16.21.16:329][  0]LogVSAccessor: Display: Unable to create Visual Studio setup instance: 80040154
[2025.04.10-16.21.16:330][  0]LogVSAccessor: Display: Unable to create Visual Studio setup instance: 80040154
[2025.04.10-16.21.16:330][  0]LogVSAccessor: Display: Unable to create Visual Studio setup instance: 80040154
[2025.04.10-16.21.16:482][  0]LogOpenImageDenoise: OIDN starting up
[2025.04.10-16.21.16:515][  0]LogAudioCaptureCore: Display: No Audio Capture implementations found. Audio input will be silent.
[2025.04.10-16.21.16:515][  0]LogAudioCaptureCore: Display: No Audio Capture implementations found. Audio input will be silent.
[2025.04.10-16.21.16:522][  0]LogAndroidPermission: UAndroidPermissionCallbackProxy::GetInstance
[2025.04.10-16.21.16:616][  0]LogCollectionManager: Loaded 0 collections in 0.001249 seconds
[2025.04.10-16.21.16:662][  0]LogFileCache: Scanning file cache for directory 'C:/Users/AlisaDI/Documents/MephiTasks/UnrealProject/Saved/Collections/' took 0.00s
[2025.04.10-16.21.16:662][  0]LogFileCache: Scanning file cache for directory 'C:/Users/AlisaDI/Documents/MephiTasks/UnrealProject/Content/Developers/AlisaDI/Collections/' took 0.00s
[2025.04.10-16.21.16:662][  0]LogFileCache: Scanning file cache for directory 'C:/Users/AlisaDI/Documents/MephiTasks/UnrealProject/Content/Collections/' took 0.00s
[2025.04.10-16.21.16:662][  0]LogEngine: Initializing Engine...
[2025.04.10-16.21.16:663][  0]LogHMD: Failed to enumerate extensions. Please check that you have a valid OpenXR runtime installed.
[2025.04.10-16.21.16:663][  0]LogMagicLeap: Warning: VR disabled because ZI is not enabled.  To enable, in the editor, Edit -> Project Settings -> Plugins -> Magic Leap Plugin -> Enable Zero Iteration
[2025.04.10-16.21.16:664][  0]LogStats: UGameplayTagsManager::InitializeManager -  0.000 s
[2025.04.10-16.21.16:757][  0]LogInit: Initializing FReadOnlyCVARCache
[2025.04.10-16.21.16:766][  0]LogAIModule: Creating AISystem for world Untitled
[2025.04.10-16.21.16:771][  0]LogAudio: Display: Initializing Audio Device Manager...
[2025.04.10-16.21.16:774][  0]LogAudio: Display: Loading Default Audio Settings Objects...
[2025.04.10-16.21.16:774][  0]LogAudio: Display: No default SoundConcurrencyObject specified (or failed to load).
[2025.04.10-16.21.16:774][  0]LogAudio: Display: Audio Device Manager Initialized
[2025.04.10-16.21.16:774][  0]LogAudio: Display: Creating Audio Device:                 Id: 1, Scope: Shared, Realtime: True
[2025.04.10-16.21.16:774][  0]LogAudioMixer: Display: Audio Mixer Platform Settings:
[2025.04.10-16.21.16:774][  0]LogAudioMixer: Display: 	Sample Rate:						  48000
[2025.04.10-16.21.16:774][  0]LogAudioMixer: Display: 	Callback Buffer Frame Size Requested: 1024
[2025.04.10-16.21.16:774][  0]LogAudioMixer: Display: 	Callback Buffer Frame Size To Use:	  1024
[2025.04.10-16.21.16:774][  0]LogAudioMixer: Display: 	Number of buffers to queue:			  1
[2025.04.10-16.21.16:774][  0]LogAudioMixer: Display: 	Max Channels (voices):				  0
[2025.04.10-16.21.16:774][  0]LogAudioMixer: Display: 	Number of Async Source Workers:		  4
[2025.04.10-16.21.16:774][  0]LogAudio: Display: AudioDevice MaxSources: 32
[2025.04.10-16.21.16:775][  0]LogAudio: Display: Audio Spatialization Plugin: Resonance Audio is external send: 1
[2025.04.10-16.21.16:775][  0]LogAudio: Display: Audio Reverb Plugin: Resonance Audio
[2025.04.10-16.21.16:775][  0]LogAudio: Display: Audio Occlusion Plugin: None (built-in).
[2025.04.10-16.21.16:775][  0]LogAudioMixer: Display: Initializing audio mixer.
[2025.04.10-16.21.16:787][  0]LogAudioMixer: Display: 0: FrontLeft
[2025.04.10-16.21.16:787][  0]LogAudioMixer: Display: 1: FrontRight
[2025.04.10-16.21.16:985][  0]LogAudioMixer: Display: Using Audio Device Динамики (Realtek(R) Audio)
[2025.04.10-16.21.16:987][  0]LogAudioMixer: Display: Initializing Sound Submixes...
[2025.04.10-16.21.16:989][  0]LogAudioMixer: Display: Creating Master Submix 'MasterSubmixDefault'
[2025.04.10-16.21.16:989][  0]LogAudioMixer: Display: Creating Master Submix 'MasterReverbSubmixDefault'
[2025.04.10-16.21.16:989][  0]LogAudioMixer: Display: Creating Master Submix 'MasterEQSubmixDefault'
[2025.04.10-16.21.16:990][  0]LogAudioMixer: FMixerPlatformXAudio2::StartAudioStream() called
[2025.04.10-16.21.16:990][  0]LogAudioMixer: Display: Output buffers initialized: Frames=1024, Channels=2, Samples=2048
[2025.04.10-16.21.16:991][  0]LogAudioMixer: Display: Starting AudioMixerPlatformInterface::RunInternal()
[2025.04.10-16.21.16:991][  0]LogAudioMixer: Display: FMixerPlatformXAudio2::SubmitBuffer() called for the first time
[2025.04.10-16.21.16:991][  0]LogInit: FAudioDevice initialized.
[2025.04.10-16.21.16:991][  0]LogAudio: Display: Audio Device (ID: 1) registered with world 'Untitled'.
[2025.04.10-16.21.16:991][  0]LogNetVersion: Set ProjectVersion to 1.0.0.0. Version Checksum will be recalculated on next use.
[2025.04.10-16.21.17:047][  0]LogDerivedDataCache: Saved boot cache 0.06s 122MB C:/Users/AlisaDI/AppData/Local/UnrealEngine/4.27/DerivedDataCache/Boot.ddc.
[2025.04.10-16.21.17:049][  0]LogInit: Texture streaming: Enabled
[2025.04.10-16.21.17:058][  0]LogAnalytics: Display: [UEEditor.Rocket.Release] APIServer = https://datarouter.ol.epicgames.com/. AppVersion = 4.27.2-18319896+++UE4+Release-4.27
[2025.04.10-16.21.17:061][  0]LogEngineSessionManager: EngineSessionManager initialized
[2025.04.10-16.21.17:061][  0]LogEditorSessionSummary: Verbose: Initializing EditorSessionSummaryWriter for editor session tracking
[2025.04.10-16.21.17:062][  0]LogEditorSessionSummary: EditorSessionSummaryWriter initialized
[2025.04.10-16.21.17:082][  0]LogInit: Transaction tracking system initialized
[2025.04.10-16.21.17:101][  0]BlueprintLog: New page: Editor Load
[2025.04.10-16.21.17:143][  0]LocalizationService: Localization service is disabled
[2025.04.10-16.21.17:159][  0]TimingProfiler: Initialize
[2025.04.10-16.21.17:159][  0]TimingProfiler: OnSessionChanged
[2025.04.10-16.21.17:159][  0]LoadingProfiler: Initialize
[2025.04.10-16.21.17:159][  0]LoadingProfiler: OnSessionChanged
[2025.04.10-16.21.17:159][  0]NetworkingProfiler: Initialize
[2025.04.10-16.21.17:159][  0]NetworkingProfiler: OnSessionChanged
[2025.04.10-16.21.17:159][  0]MemoryProfiler: Initialize
[2025.04.10-16.21.17:159][  0]MemoryProfiler: OnSessionChanged
[2025.04.10-16.21.17:207][  0]LogVSAccessor: Display: Unable to create Visual Studio setup instance: 80040154
[2025.04.10-16.21.17:208][  0]LogVSAccessor: Display: Unable to create Visual Studio setup instance: 80040154
[2025.04.10-16.21.17:209][  0]LogVSAccessor: Display: Unable to create Visual Studio setup instance: 80040154
[2025.04.10-16.21.17:293][  0]LogCook: Display: CookSettings for Memory: MemoryMaxUsedVirtual 0MiB, MemoryMaxUsedPhysical 16384MiB, MemoryMinFreeVirtual 0MiB, MemoryMinFreePhysical 1024MiB
[2025.04.10-16.21.17:293][  0]LogCook: Display: Mobile HDR setting 0
[2025.04.10-16.21.17:396][  0]LogFileCache: Scanning file cache for directory 'C:/Users/AlisaDI/Documents/MephiTasks/UnrealProject/Content/' took 0.00s
[2025.04.10-16.21.17:466][  0]LogInit: Display: Engine is initialized. Leaving FEngineLoop::Init()
[2025.04.10-16.21.17:469][  0]SourceControl: Source control is disabled
[2025.04.10-16.21.17:469][  0]LogUnrealEdMisc: Loading editor; pre map load, took 7.510
[2025.04.10-16.21.17:469][  0]Cmd: MAP LOAD FILE="../../../../../../Users/AlisaDI/Documents/MephiTasks/UnrealProject/Content/VRTemplate/Maps/VRTemplateMap.umap" TEMPLATE=0 SHOWPROGRESS=1 FEATURELEVEL=3
[2025.04.10-16.21.17:469][  0]LightingResults: New page: Lighting Build
[2025.04.10-16.21.17:470][  0]LogWorld: UWorld::CleanupWorld for Untitled, bSessionEnded=true, bCleanupResources=true
[2025.04.10-16.21.17:471][  0]LogSlate: InvalidateAllWidgets triggered.  All widgets were invalidated
[2025.04.10-16.21.17:471][  0]MapCheck: New page: Map Check
[2025.04.10-16.21.17:471][  0]LightingResults: New page: Lighting Build
[2025.04.10-16.21.17:480][  0]LogAudio: Display: Audio Device unregistered from world 'None'.
[2025.04.10-16.21.17:483][  0]LogUObjectHash: Compacting FUObjectHashTables data took   0.62ms
[2025.04.10-16.21.17:987][  0]LogAudio: Display: Audio Device (ID: 1) registered with world 'VRTemplateMap'.
[2025.04.10-16.21.17:987][  0]LogAIModule: Creating AISystem for world VRTemplateMap
[2025.04.10-16.21.17:997][  0]LogEditorServer: Finished looking for orphan Actors (0.000 secs)
[2025.04.10-16.21.18:008][  0]LogUObjectHash: Compacting FUObjectHashTables data took   1.16ms
[2025.04.10-16.21.18:009][  0]Cmd: MAP CHECKDEP NOCLEARLOG
[2025.04.10-16.21.18:009][  0]MapCheck: Map check complete: 0 Error(s), 0 Warning(s), took 0,226ms to complete.
[2025.04.10-16.21.18:009][  0]LogFileHelpers: Loading map 'VRTemplateMap' took 0.540
[2025.04.10-16.21.18:012][  0]LogUnrealEdMisc: Total Editor Startup Time, took 8.053
[2025.04.10-16.21.18:112][  0]LogSlate: Updating window title bar state: overlay mode, drag disabled, window buttons hidden, title bar hidden
[2025.04.10-16.21.18:116][  0]LogSlate: Updating window title bar state: overlay mode, drag disabled, window buttons hidden, title bar hidden
[2025.04.10-16.21.18:121][  0]LogSlate: Updating window title bar state: overlay mode, drag disabled, window buttons hidden, title bar hidden
[2025.04.10-16.21.18:125][  0]LogSlate: Updating window title bar state: overlay mode, drag disabled, window buttons hidden, title bar hidden
[2025.04.10-16.21.18:136][  0]LogNativeClassHierarchy: Verbose: Native class hierarchy populated in 0.0077 seconds. Added 3809 classes and 916 folders.
[2025.04.10-16.21.18:137][  0]LogNativeClassHierarchy: Verbose: Native class hierarchy updated for 'WidgetCarousel' in 0.0002 seconds. Added 0 classes and 0 folders.
[2025.04.10-16.21.18:138][  0]LogPakFile: PakFile PrimaryIndexSize=187
[2025.04.10-16.21.18:139][  0]LogPakFile: PakFile PathHashIndexSize=101
[2025.04.10-16.21.18:139][  0]LogPakFile: PakFile FullDirectoryIndexSize=148
[2025.04.10-16.21.18:139][  0]LogShaderLibrary: Display: ShaderCodeLibraryPakFileMountedCallback: PakFile 'C:/Program Files/Epic Games/UE_4.27/FeaturePacks/FP_FirstPerson.upack' (chunk index -1, root 'root:/') mounted
[2025.04.10-16.21.18:139][  0]LogShaderLibrary: Display: ShaderCodeLibraryPakFileMountedCallback: pending pak file info (ChunkID:-1 Root:root:/ File:C:/Program Files/Epic Games/UE_4.27/FeaturePacks/FP_FirstPerson.upack)
[2025.04.10-16.21.18:139][  0]LogPakFile: OnPakFileMounted2Time == 0.000060
[2025.04.10-16.21.18:139][  0]LogPakFile: PakFile PrimaryIndexSize=189
[2025.04.10-16.21.18:139][  0]LogPakFile: PakFile PathHashIndexSize=101
[2025.04.10-16.21.18:139][  0]LogPakFile: PakFile FullDirectoryIndexSize=152
[2025.04.10-16.21.18:139][  0]LogShaderLibrary: Display: ShaderCodeLibraryPakFileMountedCallback: PakFile 'C:/Program Files/Epic Games/UE_4.27/FeaturePacks/FP_FirstPersonBP.upack' (chunk index -1, root 'root:/') mounted
[2025.04.10-16.21.18:139][  0]LogShaderLibrary: Display: ShaderCodeLibraryPakFileMountedCallback: pending pak file info (ChunkID:-1 Root:root:/ File:C:/Program Files/Epic Games/UE_4.27/FeaturePacks/FP_FirstPersonBP.upack)
[2025.04.10-16.21.18:139][  0]LogPakFile: OnPakFileMounted2Time == 0.000026
[2025.04.10-16.21.18:140][  0]LogPakFile: PakFile PrimaryIndexSize=191
[2025.04.10-16.21.18:140][  0]LogPakFile: PakFile PathHashIndexSize=101
[2025.04.10-16.21.18:140][  0]LogPakFile: PakFile FullDirectoryIndexSize=160
[2025.04.10-16.21.18:140][  0]LogShaderLibrary: Display: ShaderCodeLibraryPakFileMountedCallback: PakFile 'C:/Program Files/Epic Games/UE_4.27/FeaturePacks/MobileStarterContent.upack' (chunk index -1, root 'root:/') mounted
[2025.04.10-16.21.18:140][  0]LogShaderLibrary: Display: ShaderCodeLibraryPakFileMountedCallback: pending pak file info (ChunkID:-1 Root:root:/ File:C:/Program Files/Epic Games/UE_4.27/FeaturePacks/MobileStarterContent.upack)
[2025.04.10-16.21.18:140][  0]LogPakFile: OnPakFileMounted2Time == 0.000033
[2025.04.10-16.21.18:140][  0]LogPakFile: PakFile PrimaryIndexSize=185
[2025.04.10-16.21.18:140][  0]LogPakFile: PakFile PathHashIndexSize=101
[2025.04.10-16.21.18:140][  0]LogPakFile: PakFile FullDirectoryIndexSize=148
[2025.04.10-16.21.18:140][  0]LogShaderLibrary: Display: ShaderCodeLibraryPakFileMountedCallback: PakFile 'C:/Program Files/Epic Games/UE_4.27/FeaturePacks/StarterContent.upack' (chunk index -1, root 'root:/') mounted
[2025.04.10-16.21.18:140][  0]LogShaderLibrary: Display: ShaderCodeLibraryPakFileMountedCallback: pending pak file info (ChunkID:-1 Root:root:/ File:C:/Program Files/Epic Games/UE_4.27/FeaturePacks/StarterContent.upack)
[2025.04.10-16.21.18:140][  0]LogPakFile: OnPakFileMounted2Time == 0.000034
[2025.04.10-16.21.18:141][  0]LogPakFile: PakFile PrimaryIndexSize=190
[2025.04.10-16.21.18:141][  0]LogPakFile: PakFile PathHashIndexSize=101
[2025.04.10-16.21.18:141][  0]LogPakFile: PakFile FullDirectoryIndexSize=154
[2025.04.10-16.21.18:141][  0]LogShaderLibrary: Display: ShaderCodeLibraryPakFileMountedCallback: PakFile 'C:/Program Files/Epic Games/UE_4.27/FeaturePacks/TP_2DSideScroller.upack' (chunk index -1, root 'root:/') mounted
[2025.04.10-16.21.18:141][  0]LogShaderLibrary: Display: ShaderCodeLibraryPakFileMountedCallback: pending pak file info (ChunkID:-1 Root:root:/ File:C:/Program Files/Epic Games/UE_4.27/FeaturePacks/TP_2DSideScroller.upack)
[2025.04.10-16.21.18:141][  0]LogPakFile: OnPakFileMounted2Time == 0.000033
[2025.04.10-16.21.18:141][  0]LogPakFile: PakFile PrimaryIndexSize=192
[2025.04.10-16.21.18:141][  0]LogPakFile: PakFile PathHashIndexSize=101
[2025.04.10-16.21.18:141][  0]LogPakFile: PakFile FullDirectoryIndexSize=158
[2025.04.10-16.21.18:141][  0]LogShaderLibrary: Display: ShaderCodeLibraryPakFileMountedCallback: PakFile 'C:/Program Files/Epic Games/UE_4.27/FeaturePacks/TP_2DSideScrollerBP.upack' (chunk index -1, root 'root:/') mounted
[2025.04.10-16.21.18:141][  0]LogShaderLibrary: Display: ShaderCodeLibraryPakFileMountedCallback: pending pak file info (ChunkID:-1 Root:root:/ File:C:/Program Files/Epic Games/UE_4.27/FeaturePacks/TP_2DSideScrollerBP.upack)
[2025.04.10-16.21.18:141][  0]LogPakFile: OnPakFileMounted2Time == 0.000033
[2025.04.10-16.21.18:142][  0]LogPakFile: PakFile PrimaryIndexSize=182
[2025.04.10-16.21.18:142][  0]LogPakFile: PakFile PathHashIndexSize=101
[2025.04.10-16.21.18:142][  0]LogPakFile: PakFile FullDirectoryIndexSize=138
[2025.04.10-16.21.18:142][  0]LogShaderLibrary: Display: ShaderCodeLibraryPakFileMountedCallback: PakFile 'C:/Program Files/Epic Games/UE_4.27/FeaturePacks/TP_Flying.upack' (chunk index -1, root 'root:/') mounted
[2025.04.10-16.21.18:142][  0]LogShaderLibrary: Display: ShaderCodeLibraryPakFileMountedCallback: pending pak file info (ChunkID:-1 Root:root:/ File:C:/Program Files/Epic Games/UE_4.27/FeaturePacks/TP_Flying.upack)
[2025.04.10-16.21.18:142][  0]LogPakFile: OnPakFileMounted2Time == 0.000033
[2025.04.10-16.21.18:142][  0]LogPakFile: PakFile PrimaryIndexSize=184
[2025.04.10-16.21.18:142][  0]LogPakFile: PakFile PathHashIndexSize=101
[2025.04.10-16.21.18:142][  0]LogPakFile: PakFile FullDirectoryIndexSize=142
[2025.04.10-16.21.18:142][  0]LogShaderLibrary: Display: ShaderCodeLibraryPakFileMountedCallback: PakFile 'C:/Program Files/Epic Games/UE_4.27/FeaturePacks/TP_FlyingBP.upack' (chunk index -1, root 'root:/') mounted
[2025.04.10-16.21.18:142][  0]LogShaderLibrary: Display: ShaderCodeLibraryPakFileMountedCallback: pending pak file info (ChunkID:-1 Root:root:/ File:C:/Program Files/Epic Games/UE_4.27/FeaturePacks/TP_FlyingBP.upack)
[2025.04.10-16.21.18:142][  0]LogPakFile: OnPakFileMounted2Time == 0.000025
[2025.04.10-16.21.18:142][  0]LogPakFile: PakFile PrimaryIndexSize=188
[2025.04.10-16.21.18:142][  0]LogPakFile: PakFile PathHashIndexSize=101
[2025.04.10-16.21.18:142][  0]LogPakFile: PakFile FullDirectoryIndexSize=150
[2025.04.10-16.21.18:142][  0]LogShaderLibrary: Display: ShaderCodeLibraryPakFileMountedCallback: PakFile 'C:/Program Files/Epic Games/UE_4.27/FeaturePacks/TP_HandheldARBP.upack' (chunk index -1, root 'root:/') mounted
[2025.04.10-16.21.18:142][  0]LogShaderLibrary: Display: ShaderCodeLibraryPakFileMountedCallback: pending pak file info (ChunkID:-1 Root:root:/ File:C:/Program Files/Epic Games/UE_4.27/FeaturePacks/TP_HandheldARBP.upack)
[2025.04.10-16.21.18:142][  0]LogPakFile: OnPakFileMounted2Time == 0.000025
[2025.04.10-16.21.18:143][  0]LogPakFile: PakFile PrimaryIndexSize=182
[2025.04.10-16.21.18:143][  0]LogPakFile: PakFile PathHashIndexSize=101
[2025.04.10-16.21.18:143][  0]LogPakFile: PakFile FullDirectoryIndexSize=138
[2025.04.10-16.21.18:143][  0]LogShaderLibrary: Display: ShaderCodeLibraryPakFileMountedCallback: PakFile 'C:/Program Files/Epic Games/UE_4.27/FeaturePacks/TP_Puzzle.upack' (chunk index -1, root 'root:/') mounted
[2025.04.10-16.21.18:143][  0]LogShaderLibrary: Display: ShaderCodeLibraryPakFileMountedCallback: pending pak file info (ChunkID:-1 Root:root:/ File:C:/Program Files/Epic Games/UE_4.27/FeaturePacks/TP_Puzzle.upack)
[2025.04.10-16.21.18:143][  0]LogPakFile: OnPakFileMounted2Time == 0.000022
[2025.04.10-16.21.18:143][  0]LogPakFile: PakFile PrimaryIndexSize=184
[2025.04.10-16.21.18:143][  0]LogPakFile: PakFile PathHashIndexSize=101
[2025.04.10-16.21.18:143][  0]LogPakFile: PakFile FullDirectoryIndexSize=142
[2025.04.10-16.21.18:143][  0]LogShaderLibrary: Display: ShaderCodeLibraryPakFileMountedCallback: PakFile 'C:/Program Files/Epic Games/UE_4.27/FeaturePacks/TP_PuzzleBP.upack' (chunk index -1, root 'root:/') mounted
[2025.04.10-16.21.18:143][  0]LogShaderLibrary: Display: ShaderCodeLibraryPakFileMountedCallback: pending pak file info (ChunkID:-1 Root:root:/ File:C:/Program Files/Epic Games/UE_4.27/FeaturePacks/TP_PuzzleBP.upack)
[2025.04.10-16.21.18:143][  0]LogPakFile: OnPakFileMounted2Time == 0.000022
[2025.04.10-16.21.18:143][  0]LogPakFile: PakFile PrimaryIndexSize=183
[2025.04.10-16.21.18:143][  0]LogPakFile: PakFile PathHashIndexSize=101
[2025.04.10-16.21.18:143][  0]LogPakFile: PakFile FullDirectoryIndexSize=140
[2025.04.10-16.21.18:143][  0]LogShaderLibrary: Display: ShaderCodeLibraryPakFileMountedCallback: PakFile 'C:/Program Files/Epic Games/UE_4.27/FeaturePacks/TP_Rolling.upack' (chunk index -1, root 'root:/') mounted
[2025.04.10-16.21.18:143][  0]LogShaderLibrary: Display: ShaderCodeLibraryPakFileMountedCallback: pending pak file info (ChunkID:-1 Root:root:/ File:C:/Program Files/Epic Games/UE_4.27/FeaturePacks/TP_Rolling.upack)
[2025.04.10-16.21.18:143][  0]LogPakFile: OnPakFileMounted2Time == 0.000022
[2025.04.10-16.21.18:144][  0]LogPakFile: PakFile PrimaryIndexSize=185
[2025.04.10-16.21.18:144][  0]LogPakFile: PakFile PathHashIndexSize=101
[2025.04.10-16.21.18:144][  0]LogPakFile: PakFile FullDirectoryIndexSize=144
[2025.04.10-16.21.18:144][  0]LogShaderLibrary: Display: ShaderCodeLibraryPakFileMountedCallback: PakFile 'C:/Program Files/Epic Games/UE_4.27/FeaturePacks/TP_RollingBP.upack' (chunk index -1, root 'root:/') mounted
[2025.04.10-16.21.18:144][  0]LogShaderLibrary: Display: ShaderCodeLibraryPakFileMountedCallback: pending pak file info (ChunkID:-1 Root:root:/ File:C:/Program Files/Epic Games/UE_4.27/FeaturePacks/TP_RollingBP.upack)
[2025.04.10-16.21.18:144][  0]LogPakFile: OnPakFileMounted2Time == 0.000029
[2025.04.10-16.21.18:144][  0]LogPakFile: PakFile PrimaryIndexSize=188
[2025.04.10-16.21.18:144][  0]LogPakFile: PakFile PathHashIndexSize=101
[2025.04.10-16.21.18:144][  0]LogPakFile: PakFile FullDirectoryIndexSize=150
[2025.04.10-16.21.18:144][  0]LogShaderLibrary: Display: ShaderCodeLibraryPakFileMountedCallback: PakFile 'C:/Program Files/Epic Games/UE_4.27/FeaturePacks/TP_SideScroller.upack' (chunk index -1, root 'root:/') mounted
[2025.04.10-16.21.18:144][  0]LogShaderLibrary: Display: ShaderCodeLibraryPakFileMountedCallback: pending pak file info (ChunkID:-1 Root:root:/ File:C:/Program Files/Epic Games/UE_4.27/FeaturePacks/TP_SideScroller.upack)
[2025.04.10-16.21.18:144][  0]LogPakFile: OnPakFileMounted2Time == 0.000034
[2025.04.10-16.21.18:145][  0]LogPakFile: PakFile PrimaryIndexSize=190
[2025.04.10-16.21.18:145][  0]LogPakFile: PakFile PathHashIndexSize=101
[2025.04.10-16.21.18:145][  0]LogPakFile: PakFile FullDirectoryIndexSize=154
[2025.04.10-16.21.18:145][  0]LogShaderLibrary: Display: ShaderCodeLibraryPakFileMountedCallback: PakFile 'C:/Program Files/Epic Games/UE_4.27/FeaturePacks/TP_SideScrollerBP.upack' (chunk index -1, root 'root:/') mounted
[2025.04.10-16.21.18:145][  0]LogShaderLibrary: Display: ShaderCodeLibraryPakFileMountedCallback: pending pak file info (ChunkID:-1 Root:root:/ File:C:/Program Files/Epic Games/UE_4.27/FeaturePacks/TP_SideScrollerBP.upack)
[2025.04.10-16.21.18:145][  0]LogPakFile: OnPakFileMounted2Time == 0.000026
[2025.04.10-16.21.18:145][  0]LogPakFile: PakFile PrimaryIndexSize=187
[2025.04.10-16.21.18:145][  0]LogPakFile: PakFile PathHashIndexSize=101
[2025.04.10-16.21.18:145][  0]LogPakFile: PakFile FullDirectoryIndexSize=148
[2025.04.10-16.21.18:145][  0]LogShaderLibrary: Display: ShaderCodeLibraryPakFileMountedCallback: PakFile 'C:/Program Files/Epic Games/UE_4.27/FeaturePacks/TP_ThirdPerson.upack' (chunk index -1, root 'root:/') mounted
[2025.04.10-16.21.18:145][  0]LogShaderLibrary: Display: ShaderCodeLibraryPakFileMountedCallback: pending pak file info (ChunkID:-1 Root:root:/ File:C:/Program Files/Epic Games/UE_4.27/FeaturePacks/TP_ThirdPerson.upack)
[2025.04.10-16.21.18:145][  0]LogPakFile: OnPakFileMounted2Time == 0.000026
[2025.04.10-16.21.18:145][  0]LogPakFile: PakFile PrimaryIndexSize=189
[2025.04.10-16.21.18:145][  0]LogPakFile: PakFile PathHashIndexSize=101
[2025.04.10-16.21.18:145][  0]LogPakFile: PakFile FullDirectoryIndexSize=152
[2025.04.10-16.21.18:145][  0]LogShaderLibrary: Display: ShaderCodeLibraryPakFileMountedCallback: PakFile 'C:/Program Files/Epic Games/UE_4.27/FeaturePacks/TP_ThirdPersonBP.upack' (chunk index -1, root 'root:/') mounted
[2025.04.10-16.21.18:145][  0]LogShaderLibrary: Display: ShaderCodeLibraryPakFileMountedCallback: pending pak file info (ChunkID:-1 Root:root:/ File:C:/Program Files/Epic Games/UE_4.27/FeaturePacks/TP_ThirdPersonBP.upack)
[2025.04.10-16.21.18:145][  0]LogPakFile: OnPakFileMounted2Time == 0.000023
[2025.04.10-16.21.18:146][  0]LogPakFile: PakFile PrimaryIndexSize=183
[2025.04.10-16.21.18:146][  0]LogPakFile: PakFile PathHashIndexSize=101
[2025.04.10-16.21.18:146][  0]LogPakFile: PakFile FullDirectoryIndexSize=140
[2025.04.10-16.21.18:146][  0]LogShaderLibrary: Display: ShaderCodeLibraryPakFileMountedCallback: PakFile 'C:/Program Files/Epic Games/UE_4.27/FeaturePacks/TP_TopDown.upack' (chunk index -1, root 'root:/') mounted
[2025.04.10-16.21.18:146][  0]LogShaderLibrary: Display: ShaderCodeLibraryPakFileMountedCallback: pending pak file info (ChunkID:-1 Root:root:/ File:C:/Program Files/Epic Games/UE_4.27/FeaturePacks/TP_TopDown.upack)
[2025.04.10-16.21.18:146][  0]LogPakFile: OnPakFileMounted2Time == 0.000028
[2025.04.10-16.21.18:146][  0]LogPakFile: PakFile PrimaryIndexSize=185
[2025.04.10-16.21.18:146][  0]LogPakFile: PakFile PathHashIndexSize=101
[2025.04.10-16.21.18:146][  0]LogPakFile: PakFile FullDirectoryIndexSize=144
[2025.04.10-16.21.18:146][  0]LogShaderLibrary: Display: ShaderCodeLibraryPakFileMountedCallback: PakFile 'C:/Program Files/Epic Games/UE_4.27/FeaturePacks/TP_TopDownBP.upack' (chunk index -1, root 'root:/') mounted
[2025.04.10-16.21.18:146][  0]LogShaderLibrary: Display: ShaderCodeLibraryPakFileMountedCallback: pending pak file info (ChunkID:-1 Root:root:/ File:C:/Program Files/Epic Games/UE_4.27/FeaturePacks/TP_TopDownBP.upack)
[2025.04.10-16.21.18:146][  0]LogPakFile: OnPakFileMounted2Time == 0.000022
[2025.04.10-16.21.18:146][  0]LogPakFile: PakFile PrimaryIndexSize=185
[2025.04.10-16.21.18:146][  0]LogPakFile: PakFile PathHashIndexSize=101
[2025.04.10-16.21.18:146][  0]LogPakFile: PakFile FullDirectoryIndexSize=144
[2025.04.10-16.21.18:146][  0]LogShaderLibrary: Display: ShaderCodeLibraryPakFileMountedCallback: PakFile 'C:/Program Files/Epic Games/UE_4.27/FeaturePacks/TP_TwinStick.upack' (chunk index -1, root 'root:/') mounted
[2025.04.10-16.21.18:146][  0]LogShaderLibrary: Display: ShaderCodeLibraryPakFileMountedCallback: pending pak file info (ChunkID:-1 Root:root:/ File:C:/Program Files/Epic Games/UE_4.27/FeaturePacks/TP_TwinStick.upack)
[2025.04.10-16.21.18:146][  0]LogPakFile: OnPakFileMounted2Time == 0.000023
[2025.04.10-16.21.18:147][  0]LogPakFile: PakFile PrimaryIndexSize=187
[2025.04.10-16.21.18:147][  0]LogPakFile: PakFile PathHashIndexSize=101
[2025.04.10-16.21.18:147][  0]LogPakFile: PakFile FullDirectoryIndexSize=148
[2025.04.10-16.21.18:147][  0]LogShaderLibrary: Display: ShaderCodeLibraryPakFileMountedCallback: PakFile 'C:/Program Files/Epic Games/UE_4.27/FeaturePacks/TP_TwinStickBP.upack' (chunk index -1, root 'root:/') mounted
[2025.04.10-16.21.18:147][  0]LogShaderLibrary: Display: ShaderCodeLibraryPakFileMountedCallback: pending pak file info (ChunkID:-1 Root:root:/ File:C:/Program Files/Epic Games/UE_4.27/FeaturePacks/TP_TwinStickBP.upack)
[2025.04.10-16.21.18:147][  0]LogPakFile: OnPakFileMounted2Time == 0.000023
[2025.04.10-16.21.18:147][  0]LogPakFile: PakFile PrimaryIndexSize=183
[2025.04.10-16.21.18:147][  0]LogPakFile: PakFile PathHashIndexSize=101
[2025.04.10-16.21.18:147][  0]LogPakFile: PakFile FullDirectoryIndexSize=140
[2025.04.10-16.21.18:147][  0]LogShaderLibrary: Display: ShaderCodeLibraryPakFileMountedCallback: PakFile 'C:/Program Files/Epic Games/UE_4.27/FeaturePacks/TP_Vehicle.upack' (chunk index -1, root 'root:/') mounted
[2025.04.10-16.21.18:147][  0]LogShaderLibrary: Display: ShaderCodeLibraryPakFileMountedCallback: pending pak file info (ChunkID:-1 Root:root:/ File:C:/Program Files/Epic Games/UE_4.27/FeaturePacks/TP_Vehicle.upack)
[2025.04.10-16.21.18:147][  0]LogPakFile: OnPakFileMounted2Time == 0.000023
[2025.04.10-16.21.18:147][  0]LogPakFile: PakFile PrimaryIndexSize=186
[2025.04.10-16.21.18:147][  0]LogPakFile: PakFile PathHashIndexSize=101
[2025.04.10-16.21.18:147][  0]LogPakFile: PakFile FullDirectoryIndexSize=146
[2025.04.10-16.21.18:147][  0]LogShaderLibrary: Display: ShaderCodeLibraryPakFileMountedCallback: PakFile 'C:/Program Files/Epic Games/UE_4.27/FeaturePacks/TP_VehicleAdv.upack' (chunk index -1, root 'root:/') mounted
[2025.04.10-16.21.18:147][  0]LogShaderLibrary: Display: ShaderCodeLibraryPakFileMountedCallback: pending pak file info (ChunkID:-1 Root:root:/ File:C:/Program Files/Epic Games/UE_4.27/FeaturePacks/TP_VehicleAdv.upack)
[2025.04.10-16.21.18:147][  0]LogPakFile: OnPakFileMounted2Time == 0.000025
[2025.04.10-16.21.18:148][  0]LogPakFile: PakFile PrimaryIndexSize=188
[2025.04.10-16.21.18:148][  0]LogPakFile: PakFile PathHashIndexSize=101
[2025.04.10-16.21.18:148][  0]LogPakFile: PakFile FullDirectoryIndexSize=150
[2025.04.10-16.21.18:148][  0]LogShaderLibrary: Display: ShaderCodeLibraryPakFileMountedCallback: PakFile 'C:/Program Files/Epic Games/UE_4.27/FeaturePacks/TP_VehicleAdvBP.upack' (chunk index -1, root 'root:/') mounted
[2025.04.10-16.21.18:148][  0]LogShaderLibrary: Display: ShaderCodeLibraryPakFileMountedCallback: pending pak file info (ChunkID:-1 Root:root:/ File:C:/Program Files/Epic Games/UE_4.27/FeaturePacks/TP_VehicleAdvBP.upack)
[2025.04.10-16.21.18:148][  0]LogPakFile: OnPakFileMounted2Time == 0.000026
[2025.04.10-16.21.18:148][  0]LogPakFile: PakFile PrimaryIndexSize=185
[2025.04.10-16.21.18:148][  0]LogPakFile: PakFile PathHashIndexSize=101
[2025.04.10-16.21.18:148][  0]LogPakFile: PakFile FullDirectoryIndexSize=144
[2025.04.10-16.21.18:148][  0]LogShaderLibrary: Display: ShaderCodeLibraryPakFileMountedCallback: PakFile 'C:/Program Files/Epic Games/UE_4.27/FeaturePacks/TP_VehicleBP.upack' (chunk index -1, root 'root:/') mounted
[2025.04.10-16.21.18:148][  0]LogShaderLibrary: Display: ShaderCodeLibraryPakFileMountedCallback: pending pak file info (ChunkID:-1 Root:root:/ File:C:/Program Files/Epic Games/UE_4.27/FeaturePacks/TP_VehicleBP.upack)
[2025.04.10-16.21.18:148][  0]LogPakFile: OnPakFileMounted2Time == 0.000025
[2025.04.10-16.21.18:148][  0]LogPakFile: PakFile PrimaryIndexSize=192
[2025.04.10-16.21.18:148][  0]LogPakFile: PakFile PathHashIndexSize=101
[2025.04.10-16.21.18:148][  0]LogPakFile: PakFile FullDirectoryIndexSize=158
[2025.04.10-16.21.18:148][  0]LogShaderLibrary: Display: ShaderCodeLibraryPakFileMountedCallback: PakFile 'C:/Program Files/Epic Games/UE_4.27/FeaturePacks/TP_VirtualRealityBP.upack' (chunk index -1, root 'root:/') mounted
[2025.04.10-16.21.18:148][  0]LogShaderLibrary: Display: ShaderCodeLibraryPakFileMountedCallback: pending pak file info (ChunkID:-1 Root:root:/ File:C:/Program Files/Epic Games/UE_4.27/FeaturePacks/TP_VirtualRealityBP.upack)
[2025.04.10-16.21.18:148][  0]LogPakFile: OnPakFileMounted2Time == 0.000026
[2025.04.10-16.21.18:175][  0]LogNativeClassHierarchy: Verbose: Native class hierarchy updated for 'AddContentDialog' in 0.0003 seconds. Added 0 classes and 0 folders.
[2025.04.10-16.21.18:176][  0]LogNativeClassHierarchy: Verbose: Native class hierarchy updated for 'SceneOutliner' in 0.0002 seconds. Added 2 classes and 0 folders.
[2025.04.10-16.21.18:231][  0]LogSlate: Took 0.000114 seconds to synchronously load lazily loaded font '../../../Engine/Content/Slate/Fonts/Roboto-Regular.ttf' (155K)
[2025.04.10-16.21.18:232][  0]LogSlate: Took 0.000119 seconds to synchronously load lazily loaded font '../../../Engine/Content/Editor/Slate/Fonts/FontAwesome.ttf' (139K)
[2025.04.10-16.21.18:233][  0]LogSlate: Took 0.000105 seconds to synchronously load lazily loaded font '../../../Engine/Content/Slate/Fonts/Roboto-Bold.ttf' (160K)
[2025.04.10-16.21.18:305][  0]LogRenderer: Reallocating scene render targets to support 1208x572 Format 10 NumSamples 4 (Frame:1).
[2025.04.10-16.21.18:411][  0]LogNativeClassHierarchy: Verbose: Native class hierarchy updated for 'HierarchicalLODOutliner' in 0.0002 seconds. Added 0 classes and 0 folders.
[2025.04.10-16.21.18:411][  0]LogLoad: (Engine Initialization) Total time: 8.45 seconds
[2025.04.10-16.21.18:412][  0]LogLoad: (Engine Initialization) Total Blueprint compile time: 0.00 seconds
[2025.04.10-16.21.18:456][  0]LogAssetRegistry: Asset discovery search completed in 3.6359 seconds
[2025.04.10-16.21.18:462][  0]LogCollectionManager: Fixed up redirectors for 0 collections in 0.000005 seconds (updated 0 objects)
[2025.04.10-16.21.18:472][  0]LogResonanceAudio: Display: Resonance Audio Listener is initialized
[2025.04.10-16.21.18:473][  0]LogContentStreaming: Texture pool size now 1000 MB
[2025.04.10-16.21.18:588][  2]LogSlate: Took 0.000239 seconds to synchronously load lazily loaded font '../../../Engine/Content/Slate/Fonts/Roboto-Light.ttf' (167K)
[2025.04.10-16.21.26:653][883]LogActorFactory: Actor Factory created SM_Factory
[2025.04.10-16.21.27:266][945]LogActorFactory: Actor Factory created SM_Factory
[2025.04.10-16.21.50:772][360]Cmd: SELECT NONE
[2025.04.10-16.21.53:318][664]LogEditorViewport: Clicking on Actor (LMB): StaticMeshActor (SM_Factory2)
[2025.04.10-16.21.56:063][981]Cmd: SELECT NONE
[2025.04.10-16.23.17:724][320]LogActorFactory: Actor Factory created SM_Printer
[2025.04.10-16.23.18:474][365]LogActorFactory: Actor Factory created SM_Printer
[2025.04.10-16.23.35:604][390]LogWindowsTextInputMethodSystem: Display: IME system deactivated.
[2025.04.10-16.23.35:604][390]LogWindowsTextInputMethodSystem: Display: IME system deactivated.
[2025.04.10-16.24.05:265][169]LogEditorViewport: Clicking on Actor (LMB): StaticMeshActor (SM_Factory3)
[2025.04.10-16.24.05:741][196]LogEditorViewport: Clicking on Actor (CTRL LMB): StaticMeshActor (SM_Factory2)
[2025.04.10-16.24.06:495][240]LogEditorViewport: Clicking on Actor (CTRL LMB): StaticMeshActor (SM_Factory)
[2025.04.10-16.24.18:482][958]LogEditorViewport: Clicking on Actor (LMB): StaticMeshActor (SM_Printer)
[2025.04.10-16.24.20:076][ 52]LogEditorViewport: Clicking on Actor (LMB): StaticMeshActor (SM_Factory3)
[2025.04.10-16.24.21:319][125]LogEditorViewport: Clicking on Actor (CTRL LMB): StaticMeshActor (SM_Factory2)
[2025.04.10-16.24.22:069][169]LogEditorViewport: Clicking on Actor (CTRL LMB): StaticMeshActor (SM_Factory)
[2025.04.10-16.24.26:174][414]LogEditorViewport: Clicking on Actor (LMB): StaticMeshActor (SM_Printer)
[2025.04.10-16.24.45:708][583]Cmd: SELECT NONE
[2025.04.10-16.24.46:907][655]LogEditorViewport: Clicking on Actor (LMB): StaticMeshActor (SM_Printer)
[2025.04.10-16.25.01:129][507]LogEditorViewport: Clicking on Actor (LMB): StaticMeshActor (SM_Factory3)
[2025.04.10-16.25.04:717][717]LogEditorViewport: Clicking on Actor (LMB): StaticMeshActor (SM_Factory2)
[2025.04.10-16.25.07:457][880]LogEditorViewport: Clicking on Actor (LMB): StaticMeshActor (SM_Factory)
[2025.04.10-16.25.11:137][ 96]Cmd: SELECT NONE
[2025.04.10-16.29.33:081][812]LogUObjectHash: Compacting FUObjectHashTables data took   1.22ms
[2025.04.10-16.29.34:730][812]LogSlate: Window 'Save Content' being destroyed
[2025.04.10-16.29.34:751][812]LogSlate: Took 0.000194 seconds to synchronously load lazily loaded font '../../../Engine/Content/Slate/Fonts/Roboto-Light.ttf' (167K)
[2025.04.10-16.29.34:771][812]LogUObjectHash: Compacting FUObjectHashTables data took   0.33ms
[2025.04.10-16.29.34:784][812]LogSavePackage: Moving '../../../../../../Users/AlisaDI/Documents/MephiTasks/UnrealProject/Saved/VRTemplateMapD31834A843692F12396E8AB2E3F3BBEA.tmp' to '../../../../../../Users/AlisaDI/Documents/MephiTasks/UnrealProject/Content/VRTemplate/Maps/VRTemplateMap.umap'
[2025.04.10-16.29.34:795][812]LogFileHelpers: Saving map 'VRTemplateMap' took 0.034
[2025.04.10-16.29.34:808][812]AssetCheck: New page: Asset Save: VRTemplateMap
[2025.04.10-16.29.34:808][812]LogContentValidation: Display: Validating World /Game/VRTemplate/Maps/VRTemplateMap.VRTemplateMap
[2025.04.10-16.29.35:712][865]LogUObjectHash: Compacting FUObjectHashTables data took   0.37ms
[2025.04.10-16.29.35:745][865]LogSlate: Window 'MyProject - Unreal Editor' being destroyed
[2025.04.10-16.29.35:844][866]Cmd: QUIT_EDITOR
[2025.04.10-16.29.35:844][866]LogCore: Engine exit requested (reason: UUnrealEdEngine::CloseEditor())
[2025.04.10-16.29.35:848][866]LogCore: Engine exit requested (reason: EngineExit() was called; note: exit was already requested)
[2025.04.10-16.29.35:850][866]LogAudio: Display: Beginning Audio Device Manager Shutdown (Module: AudioMixerXAudio2)...
[2025.04.10-16.29.35:850][866]LogAudio: Display: Destroying 1 Remaining Audio Device(s)...
[2025.04.10-16.29.35:850][866]LogAudio: Display: Audio Device unregistered from world 'VRTemplateMap'.
[2025.04.10-16.29.35:850][866]LogResonanceAudio: Display: Resonance Audio Listener is shutdown
[2025.04.10-16.29.35:850][866]LogAudioMixer: FMixerPlatformXAudio2::StopAudioStream() called
[2025.04.10-16.29.35:852][866]LogAudioMixer: FMixerPlatformXAudio2::StopAudioStream() called
[2025.04.10-16.29.35:877][866]LogAudio: Display: Audio Device Manager Shutdown
[2025.04.10-16.29.35:877][866]LogWindowsTextInputMethodSystem: Display: IME system deactivated.
[2025.04.10-16.29.35:883][866]LogExit: Preparing to exit.
[2025.04.10-16.29.36:462][866]LogUObjectHash: Compacting FUObjectHashTables data took   0.74ms
[2025.04.10-16.29.36:566][866]LogWorld: UWorld::CleanupWorld for World_1, bSessionEnded=true, bCleanupResources=true
[2025.04.10-16.29.36:566][866]LogWorld: UWorld::CleanupWorld for World_0, bSessionEnded=true, bCleanupResources=true
[2025.04.10-16.29.36:585][866]LogDemo: Cleaned up 0 splitscreen connections with owner deletion
[2025.04.10-16.29.36:590][866]LogWorld: UWorld::CleanupWorld for None, bSessionEnded=true, bCleanupResources=true
[2025.04.10-16.29.36:590][866]LogExit: Editor shut down
[2025.04.10-16.29.36:591][866]LogExit: Transaction tracking system shut down
[2025.04.10-16.29.36:709][866]LogExit: Object subsystem successfully closed.
[2025.04.10-16.29.36:728][866]LogShaderCompilers: Display: === FShaderJobCache stats ===
[2025.04.10-16.29.36:728][866]LogShaderCompilers: Display: Total job queries 0, among them cache hits 0 (0.00%)
[2025.04.10-16.29.36:728][866]LogShaderCompilers: Display: Tracking 0 distinct input hashes that result in 0 distinct outputs (0.00%)
[2025.04.10-16.29.36:729][866]LogShaderCompilers: Display: RAM used: 0.00 MB (0.00 GB) of 1638.40 MB (1.60 GB) budget. Usage: 0.00%
[2025.04.10-16.29.36:729][866]LogShaderCompilers: Display: ================================================
[2025.04.10-16.29.36:742][866]LogShaderCompilers: Display: Shaders left to compile 0
[2025.04.10-16.29.36:764][866]LogModuleManager: Shutting down and abandoning module HierarchicalLODOutliner (860)
[2025.04.10-16.29.36:764][866]LogModuleManager: Shutting down and abandoning module SceneOutliner (858)
[2025.04.10-16.29.36:764][866]LogModuleManager: Shutting down and abandoning module AddContentDialog (856)
[2025.04.10-16.29.36:764][866]LogModuleManager: Shutting down and abandoning module WidgetCarousel (855)
[2025.04.10-16.29.36:764][866]LogModuleManager: Shutting down and abandoning module EditorWidgets (852)
[2025.04.10-16.29.36:764][866]LogModuleManager: Shutting down and abandoning module StatsViewer (850)
[2025.04.10-16.29.36:764][866]LogModuleManager: Shutting down and abandoning module PIEPreviewDeviceProfileSelector (848)
[2025.04.10-16.29.36:764][866]LogModuleManager: Shutting down and abandoning module SequenceRecorderSections (846)
[2025.04.10-16.29.36:764][866]LogModuleManager: Shutting down and abandoning module AutomationWorker (844)
[2025.04.10-16.29.36:764][866]LogModuleManager: Shutting down and abandoning module ResonanceAudioEditor (842)
[2025.04.10-16.29.36:764][866]LogModuleManager: Shutting down and abandoning module OpenXRInput (840)
[2025.04.10-16.29.36:764][866]LogModuleManager: Shutting down and abandoning module TakeRecorderSources (838)
[2025.04.10-16.29.36:764][866]LogModuleManager: Shutting down and abandoning module TakeRecorder (837)
[2025.04.10-16.29.36:764][866]LogModuleManager: Shutting down and abandoning module TakeTrackRecorders (834)
[2025.04.10-16.29.36:764][866]LogModuleManager: Shutting down and abandoning module TakesCore (832)
[2025.04.10-16.29.36:764][866]LogModuleManager: Shutting down and abandoning module GooglePADEditor (830)
[2025.04.10-16.29.36:764][866]LogModuleManager: Shutting down and abandoning module AudioCaptureEditor (828)
[2025.04.10-16.29.36:765][866]LogModuleManager: Shutting down and abandoning module TemplateSequenceEditor (826)
[2025.04.10-16.29.36:765][866]LogModuleManager: Shutting down and abandoning module MatineeToLevelSequence (824)
[2025.04.10-16.29.36:765][866]LogModuleManager: Shutting down and abandoning module LevelSequenceEditor (822)
[2025.04.10-16.29.36:765][866]LogModuleManager: Shutting down and abandoning module ActorSequenceEditor (820)
[2025.04.10-16.29.36:765][866]LogModuleManager: Shutting down and abandoning module WmfMediaFactory (818)
[2025.04.10-16.29.36:765][866]LogModuleManager: Shutting down and abandoning module WmfMediaEditor (816)
[2025.04.10-16.29.36:765][866]LogModuleManager: Shutting down and abandoning module WebMMediaFactory (814)
[2025.04.10-16.29.36:765][866]LogModuleManager: Shutting down and abandoning module WebMMediaEditor (812)
[2025.04.10-16.29.36:765][866]LogModuleManager: Shutting down and abandoning module WebMMedia (810)
[2025.04.10-16.29.36:765][866]LogModuleManager: Shutting down and abandoning module MediaPlayerEditor (808)
[2025.04.10-16.29.36:765][866]LogModuleManager: Shutting down and abandoning module MediaCompositingEditor (806)
[2025.04.10-16.29.36:765][866]LogModuleManager: Shutting down and abandoning module SequenceRecorder (805)
[2025.04.10-16.29.36:765][866]LogModuleManager: Shutting down and abandoning module OpenExrWrapper (802)
[2025.04.10-16.29.36:765][866]LogModuleManager: Shutting down and abandoning module ImgMediaFactory (800)
[2025.04.10-16.29.36:765][866]LogModuleManager: Shutting down and abandoning module ImgMediaEditor (798)
[2025.04.10-16.29.36:765][866]LogModuleManager: Shutting down and abandoning module AvfMediaFactory (796)
[2025.04.10-16.29.36:765][866]LogModuleManager: Shutting down and abandoning module AvfMediaEditor (794)
[2025.04.10-16.29.36:765][866]LogModuleManager: Shutting down and abandoning module AndroidMediaFactory (792)
[2025.04.10-16.29.36:765][866]LogModuleManager: Shutting down and abandoning module AndroidMediaEditor (790)
[2025.04.10-16.29.36:765][866]LogModuleManager: Shutting down and abandoning module PlanarCut (788)
[2025.04.10-16.29.36:765][866]LogModuleManager: Shutting down and abandoning module CharacterAI (786)
[2025.04.10-16.29.36:765][866]LogModuleManager: Shutting down and abandoning module MagicLeapMediaCodecFactory (784)
[2025.04.10-16.29.36:765][866]LogModuleManager: Shutting down and abandoning module MagicLeapMediaFactory (782)
[2025.04.10-16.29.36:765][866]LogModuleManager: Shutting down and abandoning module MagicLeapMediaEditor (780)
[2025.04.10-16.29.36:765][866]LogModuleManager: Shutting down and abandoning module TextureAlignMode (778)
[2025.04.10-16.29.36:765][866]LogModuleManager: Shutting down and abandoning module BspMode (776)
[2025.04.10-16.29.36:765][866]LogModuleManager: Shutting down and abandoning module GeometryMode (774)
[2025.04.10-16.29.36:765][866]LogModuleManager: Shutting down and abandoning module CameraShakePreviewer (772)
[2025.04.10-16.29.36:765][866]LogModuleManager: Shutting down and abandoning module SmartSnapping (770)
[2025.04.10-16.29.36:765][866]LogModuleManager: Shutting down and abandoning module SessionServices (768)
[2025.04.10-16.29.36:765][866]LogModuleManager: Shutting down and abandoning module MeshPaint (766)
[2025.04.10-16.29.36:765][866]LogModuleManager: Shutting down and abandoning module VirtualTexturingEditor (764)
[2025.04.10-16.29.36:765][866]LogModuleManager: Shutting down and abandoning module FoliageEdit (762)
[2025.04.10-16.29.36:765][866]LogModuleManager: Shutting down and abandoning module LandscapeEditor (760)
[2025.04.10-16.29.36:765][866]LogModuleManager: Shutting down and abandoning module MeshPaintMode (758)
[2025.04.10-16.29.36:765][866]LogModuleManager: Shutting down and abandoning module SceneDepthPickerMode (756)
[2025.04.10-16.29.36:765][866]LogModuleManager: Shutting down and abandoning module ActorPickerMode (754)
[2025.04.10-16.29.36:765][866]LogModuleManager: Shutting down and abandoning module PlacementMode (752)
[2025.04.10-16.29.36:765][866]LogModuleManager: Shutting down and abandoning module ViewportSnapping (750)
[2025.04.10-16.29.36:765][866]LogModuleManager: Shutting down and abandoning module ViewportInteraction (748)
[2025.04.10-16.29.36:765][866]LogModuleManager: Shutting down and abandoning module ClothPainter (746)
[2025.04.10-16.29.36:765][866]LogModuleManager: Shutting down and abandoning module SkeletalMeshEditor (745)
[2025.04.10-16.29.36:765][866]LogModuleManager: Shutting down and abandoning module LogVisualizer (742)
[2025.04.10-16.29.36:765][866]LogModuleManager: Shutting down and abandoning module IntroTutorials (740)
[2025.04.10-16.29.36:765][866]LogModuleManager: Shutting down and abandoning module GameProjectGeneration (739)
[2025.04.10-16.29.36:765][866]LogModuleManager: Shutting down and abandoning module LuminPlatformEditor (736)
[2025.04.10-16.29.36:765][866]LogModuleManager: Shutting down and abandoning module IOSPlatformEditor (734)
[2025.04.10-16.29.36:765][866]LogModuleManager: Shutting down and abandoning module AndroidPlatformEditor (732)
[2025.04.10-16.29.36:765][866]LogModuleManager: Shutting down and abandoning module AndroidDeviceDetection (731)
[2025.04.10-16.29.37:471][866]LogModuleManager: Shutting down and abandoning module WindowsPlatformEditor (728)
[2025.04.10-16.29.37:471][866]LogModuleManager: Shutting down and abandoning module LuminRuntimeSettings (726)
[2025.04.10-16.29.37:471][866]LogModuleManager: Shutting down and abandoning module IOSRuntimeSettings (724)
[2025.04.10-16.29.37:471][866]LogModuleManager: Shutting down and abandoning module AndroidRuntimeSettings (722)
[2025.04.10-16.29.37:471][866]LogModuleManager: Shutting down and abandoning module TraceInsights (720)
[2025.04.10-16.29.37:471][866]MemoryProfiler: Shutdown
[2025.04.10-16.29.37:472][866]NetworkingProfiler: Shutdown
[2025.04.10-16.29.37:472][866]LoadingProfiler: Shutdown
[2025.04.10-16.29.37:472][866]TimingProfiler: Shutdown
[2025.04.10-16.29.37:472][866]LogModuleManager: Shutting down and abandoning module TraceServices (719)
[2025.04.10-16.29.37:472][866]LogModuleManager: Shutting down and abandoning module EditorInteractiveToolsFramework (716)
[2025.04.10-16.29.37:472][866]LogModuleManager: Shutting down and abandoning module TimeManagementEditor (714)
[2025.04.10-16.29.37:472][866]LogModuleManager: Shutting down and abandoning module InputBindingEditor (712)
[2025.04.10-16.29.37:472][866]LogModuleManager: Shutting down and abandoning module MergeActors (710)
[2025.04.10-16.29.37:472][866]LogModuleManager: Shutting down and abandoning module LocalizationDashboard (708)
[2025.04.10-16.29.37:472][866]LogModuleManager: Shutting down and abandoning module LocalizationService (707)
[2025.04.10-16.29.37:473][866]LogModuleManager: Shutting down and abandoning module HardwareTargeting (704)
[2025.04.10-16.29.37:473][866]LogModuleManager: Shutting down and abandoning module DeviceProfileEditor (702)
[2025.04.10-16.29.37:473][866]LogModuleManager: Shutting down and abandoning module UndoHistory (700)
[2025.04.10-16.29.37:473][866]LogModuleManager: Shutting down and abandoning module XmlParser (698)
[2025.04.10-16.29.37:473][866]LogModuleManager: Shutting down and abandoning module Blutility (696)
[2025.04.10-16.29.37:473][866]LogModuleManager: Shutting down and abandoning module ProjectSettingsViewer (694)
[2025.04.10-16.29.37:473][866]LogModuleManager: Shutting down and abandoning module ProjectTargetPlatformEditor (693)
[2025.04.10-16.29.37:473][866]LogModuleManager: Shutting down and abandoning module EditorSettingsViewer (690)
[2025.04.10-16.29.37:473][866]LogModuleManager: Shutting down and abandoning module InternationalizationSettings (689)
[2025.04.10-16.29.37:473][866]LogModuleManager: Shutting down and abandoning module SettingsEditor (686)
[2025.04.10-16.29.37:473][866]LogModuleManager: Shutting down and abandoning module ProjectLauncher (684)
[2025.04.10-16.29.37:473][866]LogModuleManager: Shutting down and abandoning module SessionFrontend (682)
[2025.04.10-16.29.37:473][866]LogModuleManager: Shutting down and abandoning module ProfilerClient (680)
[2025.04.10-16.29.37:473][866]LogModuleManager: Shutting down and abandoning module DeviceManager (678)
[2025.04.10-16.29.37:473][866]LogModuleManager: Shutting down and abandoning module TargetDeviceServices (677)
[2025.04.10-16.29.37:506][866]LogModuleManager: Shutting down and abandoning module AutomationController (674)
[2025.04.10-16.29.37:506][866]LogModuleManager: Shutting down and abandoning module AutomationWindow (672)
[2025.04.10-16.29.37:506][866]LogModuleManager: Shutting down and abandoning module Layers (670)
[2025.04.10-16.29.37:506][866]LogModuleManager: Shutting down and abandoning module ComponentVisualizers (668)
[2025.04.10-16.29.37:506][866]LogModuleManager: Shutting down and abandoning module DetailCustomizations (666)
[2025.04.10-16.29.37:506][866]LogModuleManager: Shutting down and abandoning module PackagesDialog (664)
[2025.04.10-16.29.37:506][866]LogModuleManager: Shutting down and abandoning module AnimationBlueprintEditor (662)
[2025.04.10-16.29.37:506][866]LogModuleManager: Shutting down and abandoning module Persona (660)
[2025.04.10-16.29.37:506][866]LogModuleManager: Shutting down and abandoning module AdvancedPreviewScene (659)
[2025.04.10-16.29.37:506][866]LogModuleManager: Shutting down and abandoning module AnimGraph (657)
[2025.04.10-16.29.37:506][866]LogModuleManager: Shutting down and abandoning module Kismet (654)
[2025.04.10-16.29.37:507][866]LogModuleManager: Shutting down and abandoning module KismetWidgets (653)
[2025.04.10-16.29.37:507][866]LogModuleManager: Shutting down and abandoning module GraphEditor (650)
[2025.04.10-16.29.37:507][866]LogModuleManager: Shutting down and abandoning module StructViewer (648)
[2025.04.10-16.29.37:507][866]LogModuleManager: Shutting down and abandoning module ClassViewer (646)
[2025.04.10-16.29.37:507][866]LogModuleManager: Shutting down and abandoning module Toolbox (644)
[2025.04.10-16.29.37:507][866]LogModuleManager: Shutting down and abandoning module ModuleUI (642)
[2025.04.10-16.29.37:507][866]LogModuleManager: Shutting down and abandoning module OutputLog (640)
[2025.04.10-16.29.37:507][866]LogModuleManager: Shutting down and abandoning module GammaUI (638)
[2025.04.10-16.29.37:507][866]LogModuleManager: Shutting down and abandoning module Documentation (636)
[2025.04.10-16.29.37:507][866]LogModuleManager: Shutting down and abandoning module LiveCoding (634)
[2025.04.10-16.29.37:507][866]LogModuleManager: Shutting down and abandoning module LevelSequence (632)
[2025.04.10-16.29.37:507][866]LogModuleManager: Shutting down and abandoning module MovieSceneTracks (630)
[2025.04.10-16.29.37:507][866]LogModuleManager: Shutting down and abandoning module MovieScene (628)
[2025.04.10-16.29.37:508][866]LogModuleManager: Shutting down and abandoning module StreamingPauseRendering (626)
[2025.04.10-16.29.37:508][866]LogModuleManager: Shutting down and abandoning module LauncherPlatform (624)
[2025.04.10-16.29.37:508][866]LogModuleManager: Shutting down and abandoning module AnalyticsET (622)
[2025.04.10-16.29.37:508][866]LogModuleManager: Shutting down and abandoning module PortalServices (620)
[2025.04.10-16.29.37:508][866]LogModuleManager: Shutting down and abandoning module PortalRpc (618)
[2025.04.10-16.29.37:508][866]LogModuleManager: Shutting down and abandoning module MessagingRpc (616)
[2025.04.10-16.29.37:508][866]LogModuleManager: Shutting down and abandoning module AudioMixerXAudio2 (614)
[2025.04.10-16.29.37:508][866]LogModuleManager: Shutting down and abandoning module AudioMixerCore (613)
[2025.04.10-16.29.37:508][866]LogModuleManager: Shutting down and abandoning module AIModule (610)
[2025.04.10-16.29.37:508][866]LogModuleManager: Shutting down and abandoning module GameplayDebugger (609)
[2025.04.10-16.29.37:508][866]LogModuleManager: Shutting down and abandoning module AITestSuite (607)
[2025.04.10-16.29.37:508][866]LogModuleManager: Shutting down and abandoning module NavigationSystem (605)
[2025.04.10-16.29.37:508][866]LogModuleManager: Shutting down and abandoning module ImageWriteQueue (602)
[2025.04.10-16.29.37:512][866]LogModuleManager: Shutting down and abandoning module ProfilerService (600)
[2025.04.10-16.29.37:595][866]LogModuleManager: Shutting down and abandoning module TaskGraph (598)
[2025.04.10-16.29.37:595][866]LogModuleManager: Shutting down and abandoning module AudioSynesthesiaEditor (596)
[2025.04.10-16.29.37:595][866]LogModuleManager: Shutting down and abandoning module ContentBrowserAssetDataSource (594)
[2025.04.10-16.29.37:595][866]LogModuleManager: Shutting down and abandoning module ContentBrowserClassDataSource (592)
[2025.04.10-16.29.37:595][866]LogModuleManager: Shutting down and abandoning module CollectionManager (591)
[2025.04.10-16.29.37:595][866]LogModuleManager: Shutting down and abandoning module ContentBrowserFileDataSource (588)
[2025.04.10-16.29.37:595][866]LogModuleManager: Shutting down and abandoning module SynthesisEditor (586)
[2025.04.10-16.29.37:595][866]LogModuleManager: Shutting down and abandoning module Synthesis (584)
[2025.04.10-16.29.37:595][866]LogModuleManager: Shutting down and abandoning module ResonanceAudio (582)
[2025.04.10-16.29.37:595][866]LogModuleManager: Shutting down and abandoning module ProceduralMeshComponentEditor (580)
[2025.04.10-16.29.37:595][866]LogModuleManager: Shutting down and abandoning module ProceduralMeshComponent (578)
[2025.04.10-16.29.37:595][866]LogModuleManager: Shutting down and abandoning module OpenXREditor (576)
[2025.04.10-16.29.37:595][866]LogModuleManager: Shutting down and abandoning module MobilePatchingUtils (574)
[2025.04.10-16.29.37:595][866]LogModuleManager: Shutting down and abandoning module TakeSequencer (572)
[2025.04.10-16.29.37:595][866]LogModuleManager: Shutting down and abandoning module TakeMovieScene (570)
[2025.04.10-16.29.37:595][866]LogModuleManager: Shutting down and abandoning module CustomMeshComponent (568)
[2025.04.10-16.29.37:595][866]LogModuleManager: Shutting down and abandoning module GooglePAD (566)
[2025.04.10-16.29.37:595][866]LogModuleManager: Shutting down and abandoning module EditableMesh (564)
[2025.04.10-16.29.37:595][866]LogModuleManager: Shutting down and abandoning module AndroidPermission (562)
[2025.04.10-16.29.37:595][866]LogModuleManager: Shutting down and abandoning module CableComponent (560)
[2025.04.10-16.29.37:595][866]LogModuleManager: Shutting down and abandoning module AudioCapture (558)
[2025.04.10-16.29.37:595][866]LogModuleManager: Shutting down and abandoning module AudioCaptureRtAudio (557)
[2025.04.10-16.29.37:595][866]LogModuleManager: Shutting down and abandoning module ArchVisCharacter (554)
[2025.04.10-16.29.37:595][866]LogModuleManager: Shutting down and abandoning module AssetTags (552)
[2025.04.10-16.29.37:595][866]LogModuleManager: Shutting down and abandoning module AppleImageUtilsBlueprintSupport (550)
[2025.04.10-16.29.37:595][866]LogModuleManager: Shutting down and abandoning module AppleImageUtils (548)
[2025.04.10-16.29.37:595][866]LogModuleManager: Shutting down and abandoning module ScreenshotTools (546)
[2025.04.10-16.29.37:595][866]LogModuleManager: Shutting down and abandoning module ActorLayerUtilitiesEditor (544)
[2025.04.10-16.29.37:595][866]LogModuleManager: Shutting down and abandoning module ActorLayerUtilities (542)
[2025.04.10-16.29.37:595][866]LogModuleManager: Shutting down and abandoning module TemplateSequence (540)
[2025.04.10-16.29.37:595][866]LogModuleManager: Shutting down and abandoning module MediaCompositing (538)
[2025.04.10-16.29.37:595][866]LogModuleManager: Shutting down and abandoning module ImgMedia (536)
[2025.04.10-16.29.37:595][866]LogModuleManager: Shutting down and abandoning module OpenImageDenoise (534)
[2025.04.10-16.29.37:595][866]LogOpenImageDenoise: OIDN shutting down
[2025.04.10-16.29.37:595][866]LogModuleManager: Shutting down and abandoning module MotoSynthEditor (532)
[2025.04.10-16.29.37:595][866]LogModuleManager: Shutting down and abandoning module MotoSynth (530)
[2025.04.10-16.29.37:595][866]LogModuleManager: Shutting down and abandoning module MeshConversion (528)
[2025.04.10-16.29.37:595][866]LogModuleManager: Shutting down and abandoning module DynamicMesh (526)
[2025.04.10-16.29.37:595][866]LogModuleManager: Shutting down and abandoning module GeometryAlgorithms (524)
[2025.04.10-16.29.37:595][866]LogModuleManager: Shutting down and abandoning module GeometricObjects (522)
[2025.04.10-16.29.37:595][866]LogModuleManager: Shutting down and abandoning module GeometryCollectionTracks (520)
[2025.04.10-16.29.37:595][866]LogModuleManager: Shutting down and abandoning module GeometryCollectionSequencer (519)
[2025.04.10-16.29.37:595][866]LogModuleManager: Shutting down and abandoning module GeometryCollectionEditor (516)
[2025.04.10-16.29.37:595][866]LogModuleManager: Shutting down and abandoning module GeometryCacheTracks (514)
[2025.04.10-16.29.37:595][866]LogModuleManager: Shutting down and abandoning module GeometryCacheStreamer (512)
[2025.04.10-16.29.37:595][866]LogModuleManager: Shutting down and abandoning module GeometryCacheSequencer (510)
[2025.04.10-16.29.37:595][866]LogModuleManager: Shutting down and abandoning module MagicLeapSharedWorld (508)
[2025.04.10-16.29.37:595][866]LogModuleManager: Shutting down and abandoning module ChaosSolverEditor (506)
[2025.04.10-16.29.37:595][866]LogModuleManager: Shutting down and abandoning module ChaosNiagara (504)
[2025.04.10-16.29.37:595][866]LogModuleManager: Shutting down and abandoning module FractureEditor (502)
[2025.04.10-16.29.37:595][866]LogModuleManager: Shutting down and abandoning module FieldSystemEngine (501)
[2025.04.10-16.29.37:595][866]LogModuleManager: Shutting down and abandoning module ChaosClothEditor (498)
[2025.04.10-16.29.37:595][866]LogModuleManager: Shutting down and abandoning module BackChannel (496)
[2025.04.10-16.29.37:595][866]LogModuleManager: Shutting down and abandoning module AutomationUtilsEditor (494)
[2025.04.10-16.29.37:595][866]LogModuleManager: Shutting down and abandoning module AutomationUtils (492)
[2025.04.10-16.29.37:595][866]LogModuleManager: Shutting down and abandoning module MagicLeapLightEstimation (490)
[2025.04.10-16.29.37:595][866]LogModuleManager: Shutting down and abandoning module AlembicImporter (488)
[2025.04.10-16.29.37:595][866]LogModuleManager: Shutting down and abandoning module AlembicLibrary (487)
[2025.04.10-16.29.37:595][866]LogModuleManager: Shutting down and abandoning module GeometryCache (486)
[2025.04.10-16.29.37:595][866]LogModuleManager: Shutting down and abandoning module GeometryCacheEd (485)
[2025.04.10-16.29.37:595][866]LogModuleManager: Shutting down and abandoning module MagicLeapHelperVulkan (480)
[2025.04.10-16.29.37:595][866]LogModuleManager: Shutting down and abandoning module MagicLeapHelperOpenGL (478)
[2025.04.10-16.29.37:595][866]LogModuleManager: Shutting down and abandoning module MagicLeapAudio (476)
[2025.04.10-16.29.37:595][866]LogModuleManager: Shutting down and abandoning module NiagaraEditorWidgets (474)
[2025.04.10-16.29.37:596][866]LogModuleManager: Shutting down and abandoning module SpeedTreeImporter (472)
[2025.04.10-16.29.37:596][866]LogModuleManager: Shutting down and abandoning module MobileLauncherProfileWizard (470)
[2025.04.10-16.29.37:596][866]LogModuleManager: Shutting down and abandoning module PluginBrowser (468)
[2025.04.10-16.29.37:596][866]LogModuleManager: Shutting down and abandoning module MaterialAnalyzer (466)
[2025.04.10-16.29.37:596][866]LogModuleManager: Shutting down and abandoning module CryptoKeysOpenSSL (464)
[2025.04.10-16.29.37:596][866]LogModuleManager: Shutting down and abandoning module CryptoKeys (462)
[2025.04.10-16.29.37:596][866]LogModuleManager: Shutting down and abandoning module CurveEditorTools (460)
[2025.04.10-16.29.37:596][866]LogModuleManager: Shutting down and abandoning module VariantManagerContentEditor (458)
[2025.04.10-16.29.37:596][866]LogModuleManager: Shutting down and abandoning module DatasmithContentEditor (456)
[2025.04.10-16.29.37:596][866]LogModuleManager: Shutting down and abandoning module VisualStudioSourceCodeAccess (454)
[2025.04.10-16.29.37:596][866]LogModuleManager: Shutting down and abandoning module PlasticSourceControl (452)
[2025.04.10-16.29.37:596][866]LogModuleManager: Shutting down and abandoning module SubversionSourceControl (450)
[2025.04.10-16.29.37:596][866]LogModuleManager: Shutting down and abandoning module VisualStudioCodeSourceCodeAccess (448)
[2025.04.10-16.29.37:596][866]LogModuleManager: Shutting down and abandoning module RiderSourceCodeAccess (446)
[2025.04.10-16.29.37:596][866]LogModuleManager: Shutting down and abandoning module UObjectPlugin (444)
[2025.04.10-16.29.37:596][866]LogModuleManager: Shutting down and abandoning module PluginUtils (442)
[2025.04.10-16.29.37:596][866]LogModuleManager: Shutting down and abandoning module PerforceSourceControl (440)
[2025.04.10-16.29.37:596][866]LogModuleManager: Shutting down and abandoning module GitSourceControl (438)
[2025.04.10-16.29.37:596][866]LogModuleManager: Shutting down and abandoning module SourceControl (437)
[2025.04.10-16.29.37:596][866]LogModuleManager: Shutting down and abandoning module CLionSourceCodeAccess (434)
[2025.04.10-16.29.37:596][866]LogModuleManager: Shutting down and abandoning module OodleNetworkHandlerComponent (432)
[2025.04.10-16.29.37:596][866]LogModuleManager: Shutting down and abandoning module AnimationSharingEd (430)
[2025.04.10-16.29.37:596][866]LogModuleManager: Shutting down and abandoning module LightPropagationVolumeEditor (428)
[2025.04.10-16.29.37:596][866]LogModuleManager: Shutting down and abandoning module LiveLinkSequencer (426)
[2025.04.10-16.29.37:596][866]LogModuleManager: Shutting down and abandoning module LiveLinkMovieScene (424)
[2025.04.10-16.29.37:596][866]LogModuleManager: Shutting down and abandoning module LiveLinkGraphNode (422)
[2025.04.10-16.29.37:596][866]LogModuleManager: Shutting down and abandoning module LiveLinkEditor (420)
[2025.04.10-16.29.37:596][866]LogModuleManager: Shutting down and abandoning module LiveLinkComponents (418)
[2025.04.10-16.29.37:596][866]LogModuleManager: Shutting down and abandoning module LiveLink (416)
[2025.04.10-16.29.38:521][866]LogModuleManager: Shutting down and abandoning module PaperTiledImporter (414)
[2025.04.10-16.29.38:521][866]LogModuleManager: Shutting down and abandoning module PaperSpriteSheetImporter (412)
[2025.04.10-16.29.38:521][866]LogModuleManager: Shutting down and abandoning module Paper2DEditor (410)
[2025.04.10-16.29.38:521][866]LogModuleManager: Shutting down and abandoning module MeshPaintingToolset (408)
[2025.04.10-16.29.38:521][866]LogModuleManager: Shutting down and abandoning module MeshPaintEditorMode (406)
[2025.04.10-16.29.38:521][866]LogModuleManager: Shutting down and abandoning module SoundFields (404)
[2025.04.10-16.29.38:521][866]LogModuleManager: Shutting down and abandoning module SignificanceManager (402)
[2025.04.10-16.29.38:521][866]LogModuleManager: Shutting down and abandoning module RuntimePhysXCooking (400)
[2025.04.10-16.29.38:521][866]LogModuleManager: Shutting down and abandoning module PropertyAccessEditor (398)
[2025.04.10-16.29.38:521][866]LogModuleManager: Shutting down and abandoning module PhysXVehiclesEditor (396)
[2025.04.10-16.29.38:523][866]LogModuleManager: Shutting down and abandoning module LocationServicesBPLibrary (392)
[2025.04.10-16.29.38:523][866]LogModuleManager: Shutting down and abandoning module AudioSynesthesia (390)
[2025.04.10-16.29.38:523][866]LogModuleManager: Shutting down and abandoning module AudioSynesthesiaCore (388)
[2025.04.10-16.29.38:523][866]LogModuleManager: Shutting down and abandoning module ActorSequence (386)
[2025.04.10-16.29.38:523][866]LogModuleManager: Shutting down and abandoning module UdpMessaging (384)
[2025.04.10-16.29.38:624][866]LogModuleManager: Shutting down and abandoning module ImgMediaEngine (382)
[2025.04.10-16.29.38:624][866]LogModuleManager: Shutting down and abandoning module TcpMessaging (380)
[2025.04.10-16.29.38:724][866]LogModuleManager: Shutting down and abandoning module PythonScriptPlugin (378)
[2025.04.10-16.29.38:724][866]LogModuleManager: Shutting down and abandoning module MagicLeapARPin (376)
[2025.04.10-16.29.38:724][866]LogModuleManager: Shutting down and abandoning module FacialAnimationEditor (374)
[2025.04.10-16.29.38:724][866]LogModuleManager: Shutting down and abandoning module FacialAnimation (372)
[2025.04.10-16.29.38:724][866]LogModuleManager: Shutting down and abandoning module MagicLeapHandMeshing (370)
[2025.04.10-16.29.38:724][866]LogModuleManager: Shutting down and abandoning module MagicLeapSecureStorage (368)
[2025.04.10-16.29.38:724][866]LogModuleManager: Shutting down and abandoning module MagicLeapPrivileges (366)
[2025.04.10-16.29.38:724][866]LogModuleManager: Shutting down and abandoning module MagicLeapPlanes (364)
[2025.04.10-16.29.38:724][866]LogMagicLeapPlanes: Planes tracker already destroyed.
[2025.04.10-16.29.38:724][866]LogModuleManager: Shutting down and abandoning module MagicLeapImageTracker (362)
[2025.04.10-16.29.38:724][866]LogModuleManager: Shutting down and abandoning module MagicLeapIdentity (360)
[2025.04.10-16.29.38:724][866]LogModuleManager: Shutting down and abandoning module MagicLeapHandTracking (358)
[2025.04.10-16.29.38:724][866]LogModuleManager: Shutting down and abandoning module MagicLeapEyeTracker (356)
[2025.04.10-16.29.38:724][866]LogModuleManager: Shutting down and abandoning module MagicLeapController (354)
[2025.04.10-16.29.38:724][866]LogModuleManager: Shutting down and abandoning module MagicLeapARPinImpl (352)
[2025.04.10-16.29.38:724][866]LogModuleManager: Shutting down and abandoning module MagicLeapAR (350)
[2025.04.10-16.29.38:724][866]LogModuleManager: Shutting down and abandoning module NiagaraAnimNotifies (348)
[2025.04.10-16.29.38:724][866]LogModuleManager: Shutting down and abandoning module Niagara (346)
[2025.04.10-16.29.38:724][866]LogModuleManager: Shutting down and abandoning module SignalProcessing (345)
[2025.04.10-16.29.38:724][866]LogModuleManager: Shutting down and abandoning module NiagaraEditor (343)
[2025.04.10-16.29.38:725][866]LogModuleManager: Shutting down and abandoning module NiagaraCore (340)
[2025.04.10-16.29.38:725][866]LogModuleManager: Shutting down and abandoning module GameplayTagsEditor (338)
[2025.04.10-16.29.38:725][866]LogModuleManager: Shutting down and abandoning module DataValidation (336)
[2025.04.10-16.29.38:725][866]LogModuleManager: Shutting down and abandoning module AssetManagerEditor (334)
[2025.04.10-16.29.38:725][866]LogModuleManager: Shutting down and abandoning module LevelEditor (333)
[2025.04.10-16.29.38:726][866]LogModuleManager: Shutting down and abandoning module PixelInspectorModule (332)
[2025.04.10-16.29.38:726][866]LogModuleManager: Shutting down and abandoning module CommonMenuExtensions (330)
[2025.04.10-16.29.38:727][866]LogModuleManager: Shutting down and abandoning module MainFrame (328)
[2025.04.10-16.29.38:727][866]LogModuleManager: Shutting down and abandoning module HotReload (327)
[2025.04.10-16.29.38:728][866]LogModuleManager: Shutting down and abandoning module ToolMenus (323)
[2025.04.10-16.29.38:728][866]LogModuleManager: Shutting down and abandoning module ContentBrowser (321)
[2025.04.10-16.29.38:728][866]LogModuleManager: Shutting down and abandoning module ContentBrowserData (320)
[2025.04.10-16.29.38:728][866]LogModuleManager: Shutting down and abandoning module TreeMap (317)
[2025.04.10-16.29.38:728][866]LogModuleManager: Shutting down and abandoning module PropertyAccessNode (314)
[2025.04.10-16.29.38:728][866]LogModuleManager: Shutting down and abandoning module AnimationSharing (312)
[2025.04.10-16.29.38:728][866]LogModuleManager: Shutting down and abandoning module LightPropagationVolumeRuntime (310)
[2025.04.10-16.29.38:728][866]LogModuleManager: Shutting down and abandoning module GameplayCameras (308)
[2025.04.10-16.29.38:728][866]LogModuleManager: Shutting down and abandoning module EnvironmentQueryEditor (306)
[2025.04.10-16.29.38:728][866]LogModuleManager: Shutting down and abandoning module Paper2D (304)
[2025.04.10-16.29.38:728][866]LogModuleManager: Shutting down and abandoning module WindowsMoviePlayer (302)
[2025.04.10-16.29.38:730][866]LogModuleManager: Shutting down and abandoning module WebMMoviePlayer (300)
[2025.04.10-16.29.38:730][866]LogModuleManager: Shutting down and abandoning module NetworkReplayStreaming (298)
[2025.04.10-16.29.38:730][866]LogModuleManager: Shutting down and abandoning module PacketHandler (296)
[2025.04.10-16.29.38:730][866]LogModuleManager: Shutting down and abandoning module ClothingSystemEditor (294)
[2025.04.10-16.29.38:730][866]LogModuleManager: Shutting down and abandoning module ClothingSystemRuntimeNv (292)
[2025.04.10-16.29.38:730][866]LogModuleManager: Shutting down and abandoning module MediaAssets (290)
[2025.04.10-16.29.38:730][866]LogModuleManager: Shutting down and abandoning module Overlay (288)
[2025.04.10-16.29.38:730][866]LogModuleManager: Shutting down and abandoning module OverlayEditor (287)
[2025.04.10-16.29.38:730][866]LogModuleManager: Shutting down and abandoning module VREditor (284)
[2025.04.10-16.29.38:730][866]LogModuleManager: Shutting down and abandoning module StringTableEditor (282)
[2025.04.10-16.29.38:730][866]LogModuleManager: Shutting down and abandoning module GameplayTasksEditor (280)
[2025.04.10-16.29.38:730][866]LogModuleManager: Shutting down and abandoning module BehaviorTreeEditor (278)
[2025.04.10-16.29.38:730][866]LogModuleManager: Shutting down and abandoning module FunctionalTesting (276)
[2025.04.10-16.29.38:730][866]LogModuleManager: Shutting down and abandoning module CollisionAnalyzer (274)
[2025.04.10-16.29.38:730][866]LogModuleManager: Shutting down and abandoning module WorkspaceMenuStructure (273)
[2025.04.10-16.29.38:730][866]LogModuleManager: Shutting down and abandoning module UMG (270)
[2025.04.10-16.29.38:730][866]LogModuleManager: Shutting down and abandoning module UMGEditor (269)
[2025.04.10-16.29.38:730][866]LogModuleManager: Shutting down and abandoning module MessageLog (267)
[2025.04.10-16.29.38:730][866]LogModuleManager: Shutting down and abandoning module SlateReflector (262)
[2025.04.10-16.29.38:730][866]LogModuleManager: Shutting down and abandoning module Slate (260)
[2025.04.10-16.29.38:730][866]LogModuleManager: Shutting down and abandoning module SlateCore (258)
[2025.04.10-16.29.38:731][866]LogModuleManager: Shutting down and abandoning module LandscapeEditorUtilities (256)
[2025.04.10-16.29.38:731][866]LogModuleManager: Shutting down and abandoning module UnrealEd (254)
[2025.04.10-16.29.38:731][866]LogModuleManager: Shutting down and abandoning module MRMesh (252)
[2025.04.10-16.29.38:731][866]LogModuleManager: Shutting down and abandoning module SourceCodeAccess (250)
[2025.04.10-16.29.38:731][866]LogModuleManager: Shutting down and abandoning module HeadMountedDisplay (248)
[2025.04.10-16.29.38:731][866]LogModuleManager: Shutting down and abandoning module XAudio2 (246)
[2025.04.10-16.29.38:731][866]LogModuleManager: Shutting down and abandoning module Networking (244)
[2025.04.10-16.29.38:731][866]LogModuleManager: Shutting down and abandoning module Core (242)
[2025.04.10-16.29.38:731][866]LogModuleManager: Shutting down and abandoning module MaterialEditor (240)
[2025.04.10-16.29.38:731][866]LogModuleManager: Shutting down and abandoning module MovieSceneTools (238)
[2025.04.10-16.29.38:731][866]LogModuleManager: Shutting down and abandoning module CurveEditor (237)
[2025.04.10-16.29.38:731][866]LogModuleManager: Shutting down and abandoning module Sequencer (235)
[2025.04.10-16.29.38:731][866]LogModuleManager: Shutting down and abandoning module EditorStyle (234)
[2025.04.10-16.29.38:732][866]LogModuleManager: Shutting down and abandoning module KismetCompiler (230)
[2025.04.10-16.29.38:732][866]LogModuleManager: Shutting down and abandoning module MeshBuilder (228)
[2025.04.10-16.29.38:732][866]LogModuleManager: Shutting down and abandoning module MeshUtilities (226)
[2025.04.10-16.29.38:732][866]LogModuleManager: Shutting down and abandoning module MeshMergeUtilities (225)
[2025.04.10-16.29.38:732][866]LogModuleManager: Shutting down and abandoning module MeshReductionInterface (224)
[2025.04.10-16.29.38:732][866]LogModuleManager: Shutting down and abandoning module MeshBoneReduction (223)
[2025.04.10-16.29.38:732][866]LogModuleManager: Shutting down and abandoning module SkeletalMeshReduction (221)
[2025.04.10-16.29.38:732][866]LogModuleManager: Shutting down and abandoning module ProxyLODMeshReduction (219)
[2025.04.10-16.29.38:732][866]LogModuleManager: Shutting down and abandoning module QuadricMeshReduction (217)
[2025.04.10-16.29.38:732][866]LogModuleManager: Shutting down and abandoning module MaterialBaking (213)
[2025.04.10-16.29.38:732][866]LogModuleManager: Shutting down and abandoning module NullInstallBundleManager (208)
[2025.04.10-16.29.38:732][866]LogModuleManager: Shutting down and abandoning module DerivedDataCache (206)
[2025.04.10-16.29.38:732][866]LogModuleManager: Shutting down and abandoning module TargetPlatform (204)
[2025.04.10-16.29.38:732][866]LogModuleManager: Shutting down and abandoning module VulkanShaderFormat (203)
[2025.04.10-16.29.38:732][866]LogModuleManager: Shutting down and abandoning module ShaderFormatVectorVM (201)
[2025.04.10-16.29.38:732][866]LogModuleManager: Shutting down and abandoning module ShaderFormatOpenGL (199)
[2025.04.10-16.29.38:732][866]LogModuleManager: Shutting down and abandoning module ShaderFormatD3D (197)
[2025.04.10-16.29.38:732][866]LogModuleManager: Shutting down and abandoning module MetalShaderFormat (195)
[2025.04.10-16.29.38:732][866]LogModuleManager: Shutting down and abandoning module TextureFormatOodle (193)
[2025.04.10-16.29.38:732][866]LogModuleManager: Shutting down and abandoning module TextureFormatUncompressed (191)
[2025.04.10-16.29.38:732][866]LogModuleManager: Shutting down and abandoning module TextureFormatPVR (189)
[2025.04.10-16.29.38:732][866]LogModuleManager: Shutting down and abandoning module TextureFormatETC2 (187)
[2025.04.10-16.29.38:732][866]LogModuleManager: Shutting down and abandoning module TextureFormatDXT (185)
[2025.04.10-16.29.38:732][866]LogModuleManager: Shutting down and abandoning module TextureFormatIntelISPCTexComp (183)
[2025.04.10-16.29.38:732][866]LogModuleManager: Shutting down and abandoning module TextureFormatASTC (181)
[2025.04.10-16.29.38:732][866]LogModuleManager: Shutting down and abandoning module ImageWrapper (180)
[2025.04.10-16.29.38:732][866]LogModuleManager: Shutting down and abandoning module AudioFormatOpus (177)
[2025.04.10-16.29.38:732][866]LogModuleManager: Shutting down and abandoning module AudioFormatOgg (175)
[2025.04.10-16.29.38:732][866]LogModuleManager: Shutting down and abandoning module AudioFormatADPCM (173)
[2025.04.10-16.29.38:732][866]LogModuleManager: Shutting down and abandoning module WindowsServerTargetPlatform (171)
[2025.04.10-16.29.38:732][866]LogModuleManager: Shutting down and abandoning module WindowsClientTargetPlatform (169)
[2025.04.10-16.29.38:732][866]LogModuleManager: Shutting down and abandoning module WindowsTargetPlatform (167)
[2025.04.10-16.29.38:732][866]LogModuleManager: Shutting down and abandoning module WindowsNoEditorTargetPlatform (165)
[2025.04.10-16.29.38:732][866]LogModuleManager: Shutting down and abandoning module TVOSTargetPlatform (163)
[2025.04.10-16.29.38:733][866]LogModuleManager: Shutting down and abandoning module MacServerTargetPlatform (161)
[2025.04.10-16.29.38:733][866]LogModuleManager: Shutting down and abandoning module MacClientTargetPlatform (159)
[2025.04.10-16.29.38:733][866]LogModuleManager: Shutting down and abandoning module MacTargetPlatform (157)
[2025.04.10-16.29.38:733][866]LogModuleManager: Shutting down and abandoning module MacNoEditorTargetPlatform (155)
[2025.04.10-16.29.38:733][866]LogModuleManager: Shutting down and abandoning module LuminTargetPlatform (153)
[2025.04.10-16.29.38:735][866]LogModuleManager: Shutting down and abandoning module LinuxAArch64ServerTargetPlatform (151)
[2025.04.10-16.29.38:735][866]LogModuleManager: Shutting down and abandoning module LinuxAArch64ClientTargetPlatform (149)
[2025.04.10-16.29.38:735][866]LogModuleManager: Shutting down and abandoning module LinuxAArch64NoEditorTargetPlatform (147)
[2025.04.10-16.29.38:735][866]LogModuleManager: Shutting down and abandoning module LinuxServerTargetPlatform (145)
[2025.04.10-16.29.38:735][866]LogModuleManager: Shutting down and abandoning module LinuxClientTargetPlatform (143)
[2025.04.10-16.29.38:735][866]LogModuleManager: Shutting down and abandoning module LinuxNoEditorTargetPlatform (141)
[2025.04.10-16.29.38:735][866]LogModuleManager: Shutting down and abandoning module LinuxTargetPlatform (139)
[2025.04.10-16.29.38:735][866]LogModuleManager: Shutting down and abandoning module Messaging (137)
[2025.04.10-16.29.38:735][866]LogModuleManager: Shutting down and abandoning module IOSTargetPlatform (135)
[2025.04.10-16.29.38:737][866]LogModuleManager: Shutting down and abandoning module AndroidTargetPlatform (133)
[2025.04.10-16.29.38:740][866]LogModuleManager: Shutting down and abandoning module AllDesktopTargetPlatform (131)
[2025.04.10-16.29.38:740][866]LogModuleManager: Shutting down and abandoning module D3D11RHI (128)
[2025.04.10-16.29.38:740][866]LogModuleManager: Shutting down and abandoning module InputCore (126)
[2025.04.10-16.29.38:740][866]LogModuleManager: Shutting down and abandoning module Settings (124)
[2025.04.10-16.29.38:741][866]LogModuleManager: Shutting down and abandoning module DirectoryWatcher (122)
[2025.04.10-16.29.38:741][866]LogModuleManager: Shutting down and abandoning module PhysXCooking (120)
[2025.04.10-16.29.38:741][866]LogModuleManager: Shutting down and abandoning module Chaos (118)
[2025.04.10-16.29.38:741][866]LogModuleManager: Shutting down and abandoning module WindowsPlatformFeatures (116)
[2025.04.10-16.29.38:741][866]LogModuleManager: Shutting down and abandoning module GameplayMediaEncoder (115)
[2025.04.10-16.29.38:741][866]LogModuleManager: Shutting down and abandoning module AVEncoder (114)
[2025.04.10-16.29.38:741][866]LogModuleManager: Shutting down and abandoning module OculusOpenXRHMD (110)
[2025.04.10-16.29.38:741][866]LogModuleManager: Shutting down and abandoning module OpenXRHandTracking (108)
[2025.04.10-16.29.38:741][866]LogSlate: Slate User Destroyed.  User Index 0, Is Virtual User: 0
[2025.04.10-16.29.38:741][866]LogModuleManager: Shutting down and abandoning module OpenXREyeTracker (106)
[2025.04.10-16.29.38:741][866]LogModuleManager: Shutting down and abandoning module OpenXRAR (104)
[2025.04.10-16.29.38:741][866]LogModuleManager: Shutting down and abandoning module AugmentedReality (103)
[2025.04.10-16.29.38:741][866]LogModuleManager: Shutting down and abandoning module OpenXRHMD (100)
[2025.04.10-16.29.38:741][866]LogModuleManager: Shutting down and abandoning module ExampleDeviceProfileSelector (98)
[2025.04.10-16.29.38:741][866]LogModuleManager: Shutting down and abandoning module ChunkDownloader (96)
[2025.04.10-16.29.38:741][866]LogModuleManager: Shutting down and abandoning module LauncherChunkInstaller (94)
[2025.04.10-16.29.38:741][866]LogModuleManager: Shutting down and abandoning module OnlineBlueprintSupport (92)
[2025.04.10-16.29.38:741][866]LogModuleManager: Shutting down and abandoning module OnlineSubsystem (88)
[2025.04.10-16.29.38:743][866]LogModuleManager: Shutting down and abandoning module XMPP (83)
[2025.04.10-16.29.38:743][866]LogModuleManager: Shutting down and abandoning module WebSockets (82)
[2025.04.10-16.29.38:775][866]LogModuleManager: Shutting down and abandoning module HTTP (79)
[2025.04.10-16.29.38:775][866]LogHttp: Display: Http module shutting down, but needs to wait on 1 outstanding Http requests:
[2025.04.10-16.29.38:775][866]LogHttp: Display: 	verb=[POST] url=[https://datarouter.ol.epicgames.com/datarouter/api/v1/public/data?SessionID=%7BFA83497B-47F7-725A-FD2A-9DAAFE32A553%7D&AppID=UEEditor.Rocket.Release&AppVersion=4.27.2-18319896%2B%2B%2BUE4%2BRelease-4.27&UserID=a98fe3f4478cfa571d32e6bbe1223fe9%7C8d32778956cb44dfb34b73f885e41c5d%7Cabf14a6e-5bf6-4b84-b532-19c2061b8481&AppEnvironment=datacollector-binary&UploadType=eteventstream] refs=[1] status=Processing
[2025.04.10-16.29.38:775][866]LogHttp: Display: cleaning up 1 outstanding Http requests.
[2025.04.10-16.29.38:790][866]LogModuleManager: Shutting down and abandoning module SSL (78)
[2025.04.10-16.29.38:791][866]LogModuleManager: Shutting down and abandoning module WmfMedia (74)
[2025.04.10-16.29.38:792][866]LogModuleManager: Shutting down and abandoning module Media (73)
[2025.04.10-16.29.38:793][866]LogModuleManager: Shutting down and abandoning module MediaInfo (72)
[2025.04.10-16.29.38:793][866]LogModuleManager: Shutting down and abandoning module ExrReaderGpu (68)
[2025.04.10-16.29.38:793][866]LogModuleManager: Shutting down and abandoning module MLSDK (66)
[2025.04.10-16.29.38:793][866]LogModuleManager: Shutting down and abandoning module ChaosCloth (64)
[2025.04.10-16.29.38:793][866]LogModuleManager: Shutting down and abandoning module MagicLeap (62)
[2025.04.10-16.29.38:793][866]LogModuleManager: Shutting down and abandoning module NiagaraVertexFactories (60)
[2025.04.10-16.29.38:793][866]LogModuleManager: Shutting down and abandoning module NiagaraShader (58)
[2025.04.10-16.29.38:793][866]LogModuleManager: Shutting down and abandoning module VariantManagerContent (56)
[2025.04.10-16.29.38:793][866]LogModuleManager: Shutting down and abandoning module DatasmithContent (54)
[2025.04.10-16.29.38:793][866]LogModuleManager: Shutting down and abandoning module PixWinPlugin (52)
[2025.04.10-16.29.38:793][866]LogModuleManager: Shutting down and abandoning module AISupportModule (50)
[2025.04.10-16.29.38:793][866]LogModuleManager: Shutting down and abandoning module DesktopPlatform (48)
[2025.04.10-16.29.38:793][866]LogModuleManager: Shutting down and abandoning module PythonScriptPluginPreload (46)
[2025.04.10-16.29.38:793][866]LogModuleManager: Shutting down and abandoning module PlatformCryptoOpenSSL (44)
[2025.04.10-16.29.38:793][866]LogModuleManager: Shutting down and abandoning module PlatformCryptoTypes (42)
[2025.04.10-16.29.38:793][866]LogModuleManager: Shutting down and abandoning module PlatformCrypto (40)
[2025.04.10-16.29.38:793][866]LogModuleManager: Shutting down and abandoning module OodleDataCompressionFormat (38)
[2025.04.10-16.29.38:793][866]LogModuleManager: Shutting down and abandoning module XGEController (36)
[2025.04.10-16.29.38:793][866]LogModuleManager: Shutting down and abandoning module AnimationModifiers (34)
[2025.04.10-16.29.38:793][866]LogModuleManager: Shutting down and abandoning module AudioEditor (32)
[2025.04.10-16.29.38:793][866]LogModuleManager: Shutting down and abandoning module PropertyEditor (31)
[2025.04.10-16.29.38:793][866]LogModuleManager: Shutting down and abandoning module TextureCompressor (28)
[2025.04.10-16.29.38:793][866]LogModuleManager: Shutting down and abandoning module RenderCore (26)
[2025.04.10-16.29.38:793][866]LogModuleManager: Shutting down and abandoning module Landscape (24)
[2025.04.10-16.29.38:793][866]LogModuleManager: Shutting down and abandoning module SlateRHIRenderer (22)
[2025.04.10-16.29.38:794][866]LogModuleManager: Shutting down and abandoning module AnimGraphRuntime (20)
[2025.04.10-16.29.38:794][866]LogModuleManager: Shutting down and abandoning module Renderer (18)
[2025.04.10-16.29.38:794][866]LogModuleManager: Shutting down and abandoning module Engine (16)
[2025.04.10-16.29.38:794][866]LogModuleManager: Shutting down and abandoning module CoreUObject (14)
[2025.04.10-16.29.38:794][866]LogModuleManager: Shutting down and abandoning module NetworkFile (12)
[2025.04.10-16.29.38:794][866]LogModuleManager: Shutting down and abandoning module CookedIterativeFile (10)
[2025.04.10-16.29.38:794][866]LogModuleManager: Shutting down and abandoning module StreamingFile (8)
[2025.04.10-16.29.38:794][866]LogModuleManager: Shutting down and abandoning module SandboxFile (6)
[2025.04.10-16.29.38:794][866]LogModuleManager: Shutting down and abandoning module PakFile (4)
[2025.04.10-16.29.38:794][866]LogModuleManager: Shutting down and abandoning module RSA (3)
[2025.04.10-16.29.38:794][866]LogContentStreaming: Display: There are 1 unreleased StreamingManagers
[2025.04.10-16.29.38:811][866]LogD3D11RHI: Shutdown
[2025.04.10-16.29.38:811][866]LogD3D11RHI: CleanupD3DDevice
[2025.04.10-16.29.38:812][866]LogExit: Exiting.
[2025.04.10-16.29.38:817][866]Log file closed, 04/10/25 19:29:38
