Log file open, 05/26/25 09:11:04
LogWindows: Failed to load 'aqProf.dll' (GetLastError=126)
LogWindows: File 'aqProf.dll' does not exist
LogWindows: Failed to load 'VtuneApi.dll' (GetLastError=126)
LogWindows: File 'VtuneApi.dll' does not exist
LogWindows: Failed to load 'VtuneApi32e.dll' (GetLastError=126)
LogWindows: File 'VtuneApi32e.dll' does not exist
LogConsoleResponse: Display: Failed to find resolution value strings in scalability ini. Falling back to default.
LogConsoleResponse: Display: Failed to find resolution value strings in scalability ini. Falling back to default.
LogInit: Display: Running engine for game: MyProject
LogPlatformFile: Not using cached read wrapper
LogTaskGraph: Started task graph with 5 named threads and 35 total threads with 3 sets of task threads.
LogStats: Stats thread started at 0.700257
LogICUInternationalization: ICU TimeZone Detection - Raw Offset: +3:00, Platform Override: ''
LogInit: Display: Loading text-based GConfig....
LogPluginManager: Mounting plugin MeshPainting
LogPluginManager: Mounting plugin XGEController
LogPluginManager: Mounting plugin Paper2D
LogPluginManager: Mounting plugin EnvironmentQueryEditor
LogPluginManager: Mounting plugin AISupport
LogPluginManager: Mounting plugin LightPropagationVolume
LogPluginManager: Mounting plugin CameraShakePreviewer
LogPluginManager: Mounting plugin GameplayCameras
LogPluginManager: Mounting plugin LiveLink
LogPluginManager: Mounting plugin AssetManagerEditor
LogPluginManager: Mounting plugin CryptoKeys
LogPluginManager: Mounting plugin CurveEditorTools
LogPluginManager: Mounting plugin DataValidation
LogPluginManager: Mounting plugin FacialAnimation
LogPluginManager: Mounting plugin AnimationSharing
LogPluginManager: Mounting plugin GameplayTagsEditor
LogPluginManager: Mounting plugin DatasmithContent
LogPluginManager: Mounting plugin GeometryMode
LogPluginManager: Mounting plugin CLionSourceCodeAccess
LogPluginManager: Mounting plugin MaterialAnalyzer
LogPluginManager: Mounting plugin MobileLauncherProfileWizard
LogPluginManager: Mounting plugin PluginBrowser
LogPluginManager: Mounting plugin MacGraphicsSwitching
LogPluginManager: Mounting plugin VariantManagerContent
LogPluginManager: Mounting plugin SpeedTreeImporter
LogPluginManager: Mounting plugin CodeLiteSourceCodeAccess
LogPluginManager: Mounting plugin GitSourceControl
LogPluginManager: Mounting plugin KDevelopSourceCodeAccess
LogPluginManager: Mounting plugin NullSourceCodeAccess
LogPluginManager: Mounting plugin PixWinPlugin
LogPluginManager: Mounting plugin PlasticSourceControl
LogPluginManager: Mounting plugin PerforceSourceControl
LogPluginManager: Mounting plugin PropertyAccessNode
LogPluginManager: Mounting plugin PluginUtils
LogPluginManager: Mounting plugin RiderSourceCodeAccess
LogPluginManager: Mounting plugin TextureFormatOodle
LogPluginManager: Mounting plugin SubversionSourceControl
LogPluginManager: Mounting plugin UObjectPlugin
LogPluginManager: Mounting plugin VisualStudioCodeSourceCodeAccess
LogPluginManager: Mounting plugin VisualStudioSourceCodeAccess
LogPluginManager: Mounting plugin Niagara
LogPluginManager: Mounting plugin OodleData
LogPluginManager: Mounting plugin XCodeSourceCodeAccess
LogPluginManager: Mounting plugin OodleNetwork
LogPluginManager: Mounting plugin AlembicImporter
LogPluginManager: Mounting plugin AutomationUtils
LogPluginManager: Mounting plugin BackChannel
LogPluginManager: Mounting plugin ChaosClothEditor
LogPluginManager: Mounting plugin ChaosEditor
LogPluginManager: Mounting plugin ChaosCloth
LogPluginManager: Mounting plugin ChaosNiagara
LogPluginManager: Mounting plugin ChaosSolverPlugin
LogPluginManager: Mounting plugin CharacterAI
LogPluginManager: Mounting plugin AndroidMedia
LogPluginManager: Mounting plugin AvfMedia
LogPluginManager: Mounting plugin ImgMedia
LogPluginManager: Mounting plugin LuminPlatformFeatures
LogPluginManager: Mounting plugin MagicLeap
LogPluginManager: Mounting plugin MediaCompositing
LogPluginManager: Mounting plugin MediaPlayerEditor
LogPluginManager: Mounting plugin WebMMedia
LogPluginManager: Mounting plugin WmfMedia
LogPluginManager: Mounting plugin TcpMessaging
LogPluginManager: Mounting plugin UdpMessaging
LogPluginManager: Mounting plugin MagicLeapLightEstimation
LogPluginManager: Mounting plugin MagicLeapMedia
LogPluginManager: Mounting plugin MagicLeapPassableWorld
LogPluginManager: Mounting plugin MLSDK
LogPluginManager: Mounting plugin GeometryCache
LogPluginManager: Mounting plugin GeometryProcessing
LogPluginManager: Mounting plugin GeometryCollectionPlugin
LogPluginManager: Mounting plugin MotoSynth
LogPluginManager: Mounting plugin OpenImageDenoise
LogPluginManager: Mounting plugin PlanarCut
LogPluginManager: Mounting plugin PlatformCrypto
LogPluginManager: Mounting plugin ProxyLODPlugin
LogPluginManager: Mounting plugin PythonScriptPlugin
LogPluginManager: Mounting plugin LauncherChunkInstaller
LogPluginManager: Mounting plugin ActorSequence
LogPluginManager: Mounting plugin LevelSequenceEditor
LogPluginManager: Mounting plugin MatineeToLevelSequence
LogPluginManager: Mounting plugin SkeletalReduction
LogPluginManager: Mounting plugin TemplateSequence
LogPluginManager: Mounting plugin OnlineSubsystem
LogPluginManager: Mounting plugin OnlineSubsystemNull
LogPluginManager: Mounting plugin OnlineSubsystemUtils
LogPluginManager: Mounting plugin ActorLayerUtilities
LogPluginManager: Mounting plugin AndroidDeviceProfileSelector
LogPluginManager: Mounting plugin AndroidMoviePlayer
LogPluginManager: Mounting plugin AndroidPermission
LogPluginManager: Mounting plugin AppleImageUtils
LogPluginManager: Mounting plugin AppleMoviePlayer
LogPluginManager: Mounting plugin AudioSynesthesia
LogPluginManager: Mounting plugin AssetTags
LogPluginManager: Mounting plugin CableComponent
LogPluginManager: Mounting plugin ArchVisCharacter
LogPluginManager: Mounting plugin ChunkDownloader
LogPluginManager: Mounting plugin AudioCapture
LogPluginManager: Mounting plugin CustomMeshComponent
LogPluginManager: Mounting plugin ExampleDeviceProfileSelector
LogPluginManager: Mounting plugin EditableMesh
LogPluginManager: Mounting plugin GoogleCloudMessaging
LogPluginManager: Mounting plugin ScreenshotTools
LogPluginManager: Mounting plugin GooglePAD
LogPluginManager: Mounting plugin IOSDeviceProfileSelector
LogPluginManager: Mounting plugin LinuxDeviceProfileSelector
LogPluginManager: Mounting plugin LocationServicesBPLibrary
LogPluginManager: Mounting plugin MobilePatchingUtils
LogPluginManager: Mounting plugin OpenXR
LogPluginManager: Mounting plugin OpenXREyeTracker
LogPluginManager: Mounting plugin OpenXRHandTracking
LogPluginManager: Mounting plugin Takes
LogPluginManager: Mounting plugin PhysXVehicles
LogPluginManager: Mounting plugin PostSplashScreen
LogPluginManager: Mounting plugin ProceduralMeshComponent
LogPluginManager: Mounting plugin ResonanceAudio
LogPluginManager: Mounting plugin PropertyAccessEditor
LogPluginManager: Mounting plugin RuntimePhysXCooking
LogPluginManager: Mounting plugin SignificanceManager
LogPluginManager: Mounting plugin SoundFields
LogPluginManager: Mounting plugin Synthesis
LogPluginManager: Mounting plugin WebMMoviePlayer
LogPluginManager: Mounting plugin WindowsMoviePlayer
LogPluginManager: Mounting plugin ContentBrowserAssetDataSource
LogPluginManager: Mounting plugin ContentBrowserClassDataSource
LogPluginManager: Mounting plugin ContentBrowserFileDataSource
LogPluginManager: Mounting plugin OnlineSubsystemIOS
LogPluginManager: Mounting plugin OnlineSubsystemGooglePlay
LogPluginManager: Mounting plugin OculusOpenXR
PixWinPlugin: PIX capture plugin failed to initialize! Check that the process is launched from PIX.
LogInit: Using libcurl 7.55.1-DEV
LogInit:  - built for x86_64-pc-win32
LogInit:  - supports SSL with OpenSSL/1.1.1
LogInit:  - supports HTTP deflate (compression) using libz 1.2.8
LogInit:  - other features:
LogInit:      CURL_VERSION_SSL
LogInit:      CURL_VERSION_LIBZ
LogInit:      CURL_VERSION_IPV6
LogInit:      CURL_VERSION_ASYNCHDNS
LogInit:      CURL_VERSION_LARGEFILE
LogInit:      CURL_VERSION_IDN
LogInit:  CurlRequestOptions (configurable via config and command line):
LogInit:  - bVerifyPeer = true  - Libcurl will verify peer certificate
LogInit:  - bUseHttpProxy = false  - Libcurl will NOT use HTTP proxy
LogInit:  - bDontReuseConnections = false  - Libcurl will reuse connections
LogInit:  - MaxHostConnections = 16  - Libcurl will limit the number of connections to a host
LogInit:  - LocalHostAddr = Default
LogInit:  - BufferSize = 65536
LogOnline: OSS: Creating online subsystem instance for: NULL
LogInit: WinSock: version 1.1 (2.2), MaxSocks=32767, MaxUdp=65467
LogOnline: OSS: TryLoadSubsystemAndSetDefault: Loaded subsystem for module [NULL]
LogInit: Build: ++UE4+Release-4.27-CL-18319896
LogInit: Engine Version: 4.27.2-18319896+++UE4+Release-4.27
LogInit: Compatible Engine Version: 4.27.0-17155196+++UE4+Release-4.27
LogInit: Net CL: 17155196
LogInit: OS: Windows 10 (Release 2009) (), CPU: 11th Gen Intel(R) Core(TM) i5-11400H @ 2.70GHz, GPU: Intel(R) UHD Graphics
LogInit: Compiled (64-bit): Nov 30 2021 07:12:08
LogInit: Compiled with Visual C++: 19.24.28315.00
LogInit: Build Configuration: Development
LogInit: Branch Name: ++UE4+Release-4.27
LogInit: Command Line: 
LogInit: Base Directory: C:/Program Files/Epic Games/UE_4.27/Engine/Binaries/Win64/
LogInit: Allocator: TBB
LogInit: Installed Engine Build: 1
LogDevObjectVersion: Number of dev versions registered: 29
LogDevObjectVersion:   Dev-Blueprints (B0D832E4-1F89-4F0D-ACCF-7EB736FD4AA2): 10
LogDevObjectVersion:   Dev-Build (E1C64328-A22C-4D53-A36C-8E866417BD8C): 0
LogDevObjectVersion:   Dev-Core (375EC13C-06E4-48FB-B500-84F0262A717E): 4
LogDevObjectVersion:   Dev-Editor (E4B068ED-F494-42E9-A231-DA0B2E46BB41): 40
LogDevObjectVersion:   Dev-Framework (CFFC743F-43B0-4480-9391-14DF171D2073): 37
LogDevObjectVersion:   Dev-Mobile (B02B49B5-BB20-44E9-A304-32B752E40360): 3
LogDevObjectVersion:   Dev-Networking (A4E4105C-59A1-49B5-A7C5-40C4547EDFEE): 0
LogDevObjectVersion:   Dev-Online (39C831C9-5AE6-47DC-9A44-9C173E1C8E7C): 0
LogDevObjectVersion:   Dev-Physics (78F01B33-EBEA-4F98-B9B4-84EACCB95AA2): 14
LogDevObjectVersion:   Dev-Platform (6631380F-2D4D-43E0-8009-CF276956A95A): 0
LogDevObjectVersion:   Dev-Rendering (12F88B9F-8875-4AFC-A67C-D90C383ABD29): 45
LogDevObjectVersion:   Dev-Sequencer (7B5AE74C-D270-4C10-A958-57980B212A5A): 13
LogDevObjectVersion:   Dev-VR (D7296918-1DD6-4BDD-9DE2-64A83CC13884): 3
LogDevObjectVersion:   Dev-LoadTimes (C2A15278-BFE7-4AFE-6C17-90FF531DF755): 1
LogDevObjectVersion:   Private-Geometry (6EACA3D4-40EC-4CC1-B786-8BED09428FC5): 3
LogDevObjectVersion:   Dev-AnimPhys (29E575DD-E0A3-4627-9D10-D276232CDCEA): 17
LogDevObjectVersion:   Dev-Anim (AF43A65D-7FD3-4947-9873-3E8ED9C1BB05): 15
LogDevObjectVersion:   Dev-ReflectionCapture (6B266CEC-1EC7-4B8F-A30B-E4D90942FC07): 1
LogDevObjectVersion:   Dev-Automation (0DF73D61-A23F-47EA-B727-89E90C41499A): 1
LogDevObjectVersion:   FortniteMain (601D1886-AC64-4F84-AA16-D3DE0DEAC7D6): 47
LogDevObjectVersion:   FortniteRelease (E7086368-6B23-4C58-8439-1B7016265E91): 1
LogDevObjectVersion:   Dev-Enterprise (9DFFBCD6-494F-0158-E221-12823C92A888): 10
LogDevObjectVersion:   Dev-Niagara (F2AED0AC-9AFE-416F-8664-AA7FFA26D6FC): 1
LogDevObjectVersion:   Dev-Destruction (174F1F0B-B4C6-45A5-B13F-2EE8D0FB917D): 10
LogDevObjectVersion:   Dev-Physics-Ext (35F94A83-E258-406C-A318-09F59610247C): 41
LogDevObjectVersion:   Dev-PhysicsMaterial-Chaos (B68FC16E-8B1B-42E2-B453-215C058844FE): 1
LogDevObjectVersion:   Dev-CineCamera (B2E18506-4273-CFC2-A54E-F4BB758BBA07): 1
LogDevObjectVersion:   Dev-VirtualProduction (64F58936-FD1B-42BA-BA96-7289D5D0FA4E): 1
LogDevObjectVersion:   Dev-MediaFramework (6F0ED827-A609-4895-9C91-998D90180EA4): 2
LogInit: Presizing for max 25165824 objects, including 0 objects not considered by GC, pre-allocating 0 bytes for permanent pool.
LogConfig: Applying CVar settings from Section [/Script/Engine.StreamingSettings] File [C:/Users/sasha/Documents/GitHub/unreal_project/Saved/Config/Windows/Engine.ini]
LogConfig: Setting CVar [[s.MinBulkDataSizeForAsyncLoading:131072]]
LogConfig: Setting CVar [[s.AsyncLoadingThreadEnabled:0]]
LogConfig: Setting CVar [[s.EventDrivenLoaderEnabled:1]]
LogConfig: Setting CVar [[s.WarnIfTimeLimitExceeded:0]]
LogConfig: Setting CVar [[s.TimeLimitExceededMultiplier:1.5]]
LogConfig: Setting CVar [[s.TimeLimitExceededMinTime:0.005]]
LogConfig: Setting CVar [[s.UseBackgroundLevelStreaming:1]]
LogConfig: Setting CVar [[s.PriorityAsyncLoadingExtraTime:15.0]]
LogConfig: Setting CVar [[s.LevelStreamingActorsUpdateTimeLimit:5.0]]
LogConfig: Setting CVar [[s.PriorityLevelStreamingActorsUpdateExtraTime:5.0]]
LogConfig: Setting CVar [[s.LevelStreamingComponentsRegistrationGranularity:10]]
LogConfig: Setting CVar [[s.UnregisterComponentsTimeLimit:1.0]]
LogConfig: Setting CVar [[s.LevelStreamingComponentsUnregistrationGranularity:5]]
LogConfig: Setting CVar [[s.FlushStreamingOnExit:1]]
LogInit: Object subsystem initialized
LogConfig: Setting CVar [[con.DebugEarlyDefault:1]]
LogConfig: Setting CVar [[r.setres:1280x720]]
[2025.05.26-06.11.06:945][  0]LogConfig: Setting CVar [[r.VSync:0]]
[2025.05.26-06.11.06:945][  0]LogConfig: Setting CVar [[r.RHICmdBypass:0]]
[2025.05.26-06.11.06:945][  0]LogConfig: Applying CVar settings from Section [/Script/Engine.RendererSettings] File [C:/Users/sasha/Documents/GitHub/unreal_project/Saved/Config/Windows/Engine.ini]
[2025.05.26-06.11.06:945][  0]LogConfig: Setting CVar [[r.GPUCrashDebugging:0]]
[2025.05.26-06.11.06:945][  0]LogConfig: Setting CVar [[r.Mobile.DisableVertexFog:1]]
[2025.05.26-06.11.06:945][  0]LogConfig: Setting CVar [[r.Shadow.CSM.MaxMobileCascades:2]]
[2025.05.26-06.11.06:945][  0]LogConfig: Setting CVar [[r.MobileMSAA:4]]
[2025.05.26-06.11.06:945][  0]LogConfig: Setting CVar [[r.Mobile.AllowDitheredLODTransition:0]]
[2025.05.26-06.11.06:945][  0]LogConfig: Setting CVar [[r.Mobile.AllowSoftwareOcclusion:0]]
[2025.05.26-06.11.06:945][  0]LogConfig: Setting CVar [[r.Mobile.VirtualTextures:0]]
[2025.05.26-06.11.06:945][  0]LogConfig: Setting CVar [[r.DiscardUnusedQuality:0]]
[2025.05.26-06.11.06:945][  0]LogConfig: Setting CVar [[r.AllowOcclusionQueries:1]]
[2025.05.26-06.11.06:945][  0]LogConfig: Setting CVar [[r.MinScreenRadiusForLights:0.030000]]
[2025.05.26-06.11.06:945][  0]LogConfig: Setting CVar [[r.MinScreenRadiusForDepthPrepass:0.030000]]
[2025.05.26-06.11.06:945][  0]LogConfig: Setting CVar [[r.MinScreenRadiusForCSMDepth:0.010000]]
[2025.05.26-06.11.06:945][  0]LogConfig: Setting CVar [[r.PrecomputedVisibilityWarning:0]]
[2025.05.26-06.11.06:945][  0]LogConfig: Setting CVar [[r.TextureStreaming:1]]
[2025.05.26-06.11.06:945][  0]LogConfig: Setting CVar [[Compat.UseDXT5NormalMaps:0]]
[2025.05.26-06.11.06:945][  0]LogConfig: Setting CVar [[r.VirtualTextures:0]]
[2025.05.26-06.11.06:945][  0]LogConfig: Setting CVar [[r.VirtualTexturedLightmaps:0]]
[2025.05.26-06.11.06:945][  0]LogConfig: Setting CVar [[r.VT.TileSize:128]]
[2025.05.26-06.11.06:945][  0]LogConfig: Setting CVar [[r.VT.TileBorderSize:4]]
[2025.05.26-06.11.06:946][  0]LogConfig: Setting CVar [[r.vt.FeedbackFactor:16]]
[2025.05.26-06.11.06:946][  0]LogConfig: Setting CVar [[r.VT.EnableCompressZlib:1]]
[2025.05.26-06.11.06:946][  0]LogConfig: Setting CVar [[r.VT.EnableCompressCrunch:0]]
[2025.05.26-06.11.06:946][  0]LogConfig: Setting CVar [[r.ClearCoatNormal:0]]
[2025.05.26-06.11.06:946][  0]LogConfig: Setting CVar [[r.ReflectionCaptureResolution:128]]
[2025.05.26-06.11.06:946][  0]LogConfig: Setting CVar [[r.Mobile.ReflectionCaptureCompression:0]]
[2025.05.26-06.11.06:946][  0]LogConfig: Setting CVar [[r.ReflectionEnvironmentLightmapMixBasedOnRoughness:1]]
[2025.05.26-06.11.06:946][  0]LogConfig: Setting CVar [[r.ForwardShading:1]]
[2025.05.26-06.11.06:946][  0]LogConfig: Setting CVar [[r.VertexFoggingForOpaque:1]]
[2025.05.26-06.11.06:946][  0]LogConfig: Setting CVar [[r.AllowStaticLighting:1]]
[2025.05.26-06.11.06:946][  0]LogConfig: Setting CVar [[r.NormalMapsForStaticLighting:0]]
[2025.05.26-06.11.06:946][  0]LogConfig: Setting CVar [[r.GenerateMeshDistanceFields:0]]
[2025.05.26-06.11.06:946][  0]LogConfig: Setting CVar [[r.DistanceFieldBuild.EightBit:0]]
[2025.05.26-06.11.06:946][  0]LogConfig: Setting CVar [[r.GenerateLandscapeGIData:0]]
[2025.05.26-06.11.06:946][  0]LogConfig: Setting CVar [[r.DistanceFieldBuild.Compress:0]]
[2025.05.26-06.11.06:946][  0]LogConfig: Setting CVar [[r.TessellationAdaptivePixelsPerTriangle:48.000000]]
[2025.05.26-06.11.06:946][  0]LogConfig: Setting CVar [[r.SeparateTranslucency:0]]
[2025.05.26-06.11.06:946][  0]LogConfig: Setting CVar [[r.TranslucentSortPolicy:0]]
[2025.05.26-06.11.06:946][  0]LogConfig: Setting CVar [[r.CustomDepth:1]]
[2025.05.26-06.11.06:946][  0]LogConfig: Setting CVar [[r.CustomDepthTemporalAAJitter:1]]
[2025.05.26-06.11.06:946][  0]LogConfig: Setting CVar [[r.PostProcessing.PropagateAlpha:0]]
[2025.05.26-06.11.06:946][  0]LogConfig: Setting CVar [[r.DefaultFeature.Bloom:0]]
[2025.05.26-06.11.06:946][  0]LogConfig: Setting CVar [[r.DefaultFeature.AmbientOcclusion:0]]
[2025.05.26-06.11.06:946][  0]LogConfig: Setting CVar [[r.DefaultFeature.AmbientOcclusionStaticFraction:1]]
[2025.05.26-06.11.06:946][  0]LogConfig: Setting CVar [[r.DefaultFeature.AutoExposure:0]]
[2025.05.26-06.11.06:946][  0]LogConfig: Setting CVar [[r.DefaultFeature.AutoExposure.Method:0]]
[2025.05.26-06.11.06:946][  0]LogConfig: Setting CVar [[r.DefaultFeature.AutoExposure.Bias:1.000000]]
[2025.05.26-06.11.06:946][  0]LogConfig: Setting CVar [[r.DefaultFeature.AutoExposure.ExtendDefaultLuminanceRange:1]]
[2025.05.26-06.11.06:946][  0]LogConfig: Setting CVar [[r.UsePreExposure:1]]
[2025.05.26-06.11.06:946][  0]LogConfig: Setting CVar [[r.EyeAdaptation.EditorOnly:0]]
[2025.05.26-06.11.06:946][  0]LogConfig: Setting CVar [[r.DefaultFeature.MotionBlur:0]]
[2025.05.26-06.11.06:946][  0]LogConfig: Setting CVar [[r.DefaultFeature.LensFlare:0]]
[2025.05.26-06.11.06:946][  0]LogConfig: Setting CVar [[r.TemporalAA.Upsampling:0]]
[2025.05.26-06.11.06:946][  0]LogConfig: Setting CVar [[r.SSGI.Enable:0]]
[2025.05.26-06.11.06:946][  0]LogConfig: Setting CVar [[r.DefaultFeature.AntiAliasing:3]]
[2025.05.26-06.11.06:946][  0]LogConfig: Setting CVar [[r.DefaultFeature.LightUnits:1]]
[2025.05.26-06.11.06:946][  0]LogConfig: Setting CVar [[r.DefaultBackBufferPixelFormat:4]]
[2025.05.26-06.11.06:946][  0]LogConfig: Setting CVar [[r.Shadow.UnbuiltPreviewInGame:1]]
[2025.05.26-06.11.06:946][  0]LogConfig: Setting CVar [[r.StencilForLODDither:0]]
[2025.05.26-06.11.06:946][  0]LogConfig: Setting CVar [[r.EarlyZPass:3]]
[2025.05.26-06.11.06:946][  0]LogConfig: Setting CVar [[r.EarlyZPassOnlyMaterialMasking:0]]
[2025.05.26-06.11.06:946][  0]LogConfig: Setting CVar [[r.DBuffer:1]]
[2025.05.26-06.11.06:946][  0]LogConfig: Setting CVar [[r.ClearSceneMethod:1]]
[2025.05.26-06.11.06:946][  0]LogConfig: Setting CVar [[r.BasePassOutputsVelocity:0]]
[2025.05.26-06.11.06:946][  0]LogConfig: Setting CVar [[r.VertexDeformationOutputsVelocity:0]]
[2025.05.26-06.11.06:946][  0]LogConfig: Setting CVar [[r.SelectiveBasePassOutputs:0]]
[2025.05.26-06.11.06:946][  0]LogConfig: Setting CVar [[fx.GPUSimulationTextureSizeX:1024]]
[2025.05.26-06.11.06:946][  0]LogConfig: Setting CVar [[fx.GPUSimulationTextureSizeY:1024]]
[2025.05.26-06.11.06:946][  0]LogConfig: Setting CVar [[r.AllowGlobalClipPlane:0]]
[2025.05.26-06.11.06:946][  0]LogConfig: Setting CVar [[r.GBufferFormat:1]]
[2025.05.26-06.11.06:946][  0]LogConfig: Setting CVar [[r.MorphTarget.Mode:1]]
[2025.05.26-06.11.06:946][  0]LogConfig: Setting CVar [[vr.InstancedStereo:1]]
[2025.05.26-06.11.06:946][  0]LogConfig: Setting CVar [[r.MobileHDR:0]]
[2025.05.26-06.11.06:946][  0]LogConfig: Setting CVar [[vr.MobileMultiView:1]]
[2025.05.26-06.11.06:946][  0]LogConfig: Setting CVar [[r.Mobile.UseHWsRGBEncoding:1]]
[2025.05.26-06.11.06:946][  0]LogConfig: Setting CVar [[vr.RoundRobinOcclusion:0]]
[2025.05.26-06.11.06:946][  0]LogConfig: Setting CVar [[vr.ODSCapture:0]]
[2025.05.26-06.11.06:946][  0]LogConfig: Setting CVar [[r.MeshStreaming:0]]
[2025.05.26-06.11.06:946][  0]LogConfig: Setting CVar [[r.WireframeCullThreshold:5.000000]]
[2025.05.26-06.11.06:946][  0]LogConfig: Setting CVar [[r.RayTracing:0]]
[2025.05.26-06.11.06:946][  0]LogConfig: Setting CVar [[r.RayTracing.UseTextureLod:0]]
[2025.05.26-06.11.06:946][  0]LogConfig: Setting CVar [[r.SupportStationarySkylight:1]]
[2025.05.26-06.11.06:946][  0]LogConfig: Setting CVar [[r.SupportLowQualityLightmaps:1]]
[2025.05.26-06.11.06:946][  0]LogConfig: Setting CVar [[r.SupportPointLightWholeSceneShadows:1]]
[2025.05.26-06.11.06:946][  0]LogConfig: Setting CVar [[r.SupportAtmosphericFog:1]]
[2025.05.26-06.11.06:946][  0]LogConfig: Setting CVar [[r.SupportSkyAtmosphere:1]]
[2025.05.26-06.11.06:946][  0]LogConfig: Setting CVar [[r.SupportSkyAtmosphereAffectsHeightFog:0]]
[2025.05.26-06.11.06:946][  0]LogConfig: Setting CVar [[r.SkinCache.CompileShaders:0]]
[2025.05.26-06.11.06:946][  0]LogConfig: Setting CVar [[r.SkinCache.DefaultBehavior:1]]
[2025.05.26-06.11.06:946][  0]LogConfig: Setting CVar [[r.SkinCache.SceneMemoryLimitInMB:128.000000]]
[2025.05.26-06.11.06:946][  0]LogConfig: Setting CVar [[r.Mobile.EnableStaticAndCSMShadowReceivers:1]]
[2025.05.26-06.11.06:946][  0]LogConfig: Setting CVar [[r.Mobile.EnableMovableLightCSMShaderCulling:1]]
[2025.05.26-06.11.06:946][  0]LogConfig: Setting CVar [[r.Mobile.AllowDistanceFieldShadows:1]]
[2025.05.26-06.11.06:946][  0]LogConfig: Setting CVar [[r.Mobile.AllowMovableDirectionalLights:1]]
[2025.05.26-06.11.06:946][  0]LogConfig: Setting CVar [[r.MobileNumDynamicPointLights:4]]
[2025.05.26-06.11.06:946][  0]LogConfig: Setting CVar [[r.MobileDynamicPointLightsUseStaticBranch:1]]
[2025.05.26-06.11.06:946][  0]LogConfig: Setting CVar [[r.Mobile.EnableMovableSpotlights:0]]
[2025.05.26-06.11.06:946][  0]LogConfig: Setting CVar [[r.Mobile.EnableMovableSpotlightsShadow:0]]
[2025.05.26-06.11.06:946][  0]LogConfig: Setting CVar [[r.GPUSkin.Support16BitBoneIndex:0]]
[2025.05.26-06.11.06:946][  0]LogConfig: Setting CVar [[r.GPUSkin.Limit2BoneInfluences:0]]
[2025.05.26-06.11.06:946][  0]LogConfig: Setting CVar [[r.SupportDepthOnlyIndexBuffers:1]]
[2025.05.26-06.11.06:946][  0]LogConfig: Setting CVar [[r.SupportReversedIndexBuffers:1]]
[2025.05.26-06.11.06:946][  0]LogConfig: Setting CVar [[r.LightPropagationVolume:0]]
[2025.05.26-06.11.06:946][  0]LogConfig: Setting CVar [[r.Mobile.AmbientOcclusion:0]]
[2025.05.26-06.11.06:946][  0]LogConfig: Setting CVar [[r.GPUSkin.UnlimitedBoneInfluences:0]]
[2025.05.26-06.11.06:946][  0]LogConfig: Setting CVar [[r.GPUSkin.UnlimitedBoneInfluencesThreshold:8]]
[2025.05.26-06.11.06:946][  0]LogConfig: Setting CVar [[r.Mobile.PlanarReflectionMode:0]]
[2025.05.26-06.11.06:946][  0]LogConfig: Setting CVar [[r.Mobile.SupportGPUScene:1]]
[2025.05.26-06.11.06:946][  0]LogConfig: Applying CVar settings from Section [/Script/Engine.RendererOverrideSettings] File [C:/Users/sasha/Documents/GitHub/unreal_project/Saved/Config/Windows/Engine.ini]
[2025.05.26-06.11.06:946][  0]LogConfig: Applying CVar settings from Section [/Script/Engine.StreamingSettings] File [C:/Users/sasha/Documents/GitHub/unreal_project/Saved/Config/Windows/Engine.ini]
[2025.05.26-06.11.06:946][  0]LogConfig: Setting CVar [[s.MinBulkDataSizeForAsyncLoading:131072]]
[2025.05.26-06.11.06:946][  0]LogConfig: Setting CVar [[s.AsyncLoadingThreadEnabled:0]]
[2025.05.26-06.11.06:946][  0]LogConfig: Setting CVar [[s.EventDrivenLoaderEnabled:1]]
[2025.05.26-06.11.06:946][  0]LogConfig: Setting CVar [[s.WarnIfTimeLimitExceeded:0]]
[2025.05.26-06.11.06:946][  0]LogConfig: Setting CVar [[s.TimeLimitExceededMultiplier:1.5]]
[2025.05.26-06.11.06:946][  0]LogConfig: Setting CVar [[s.TimeLimitExceededMinTime:0.005]]
[2025.05.26-06.11.06:946][  0]LogConfig: Setting CVar [[s.UseBackgroundLevelStreaming:1]]
[2025.05.26-06.11.06:946][  0]LogConfig: Setting CVar [[s.PriorityAsyncLoadingExtraTime:15.0]]
[2025.05.26-06.11.06:946][  0]LogConfig: Setting CVar [[s.LevelStreamingActorsUpdateTimeLimit:5.0]]
[2025.05.26-06.11.06:946][  0]LogConfig: Setting CVar [[s.PriorityLevelStreamingActorsUpdateExtraTime:5.0]]
[2025.05.26-06.11.06:946][  0]LogConfig: Setting CVar [[s.LevelStreamingComponentsRegistrationGranularity:10]]
[2025.05.26-06.11.06:946][  0]LogConfig: Setting CVar [[s.UnregisterComponentsTimeLimit:1.0]]
[2025.05.26-06.11.06:946][  0]LogConfig: Setting CVar [[s.LevelStreamingComponentsUnregistrationGranularity:5]]
[2025.05.26-06.11.06:946][  0]LogConfig: Setting CVar [[s.FlushStreamingOnExit:1]]
[2025.05.26-06.11.06:946][  0]LogConfig: Applying CVar settings from Section [/Script/Engine.GarbageCollectionSettings] File [C:/Users/sasha/Documents/GitHub/unreal_project/Saved/Config/Windows/Engine.ini]
[2025.05.26-06.11.06:946][  0]LogConfig: Setting CVar [[gc.MaxObjectsNotConsideredByGC:1]]
[2025.05.26-06.11.06:946][  0]LogConfig: Setting CVar [[gc.SizeOfPermanentObjectPool:0]]
[2025.05.26-06.11.06:946][  0]LogConfig: Setting CVar [[gc.FlushStreamingOnGC:0]]
[2025.05.26-06.11.06:946][  0]LogConfig: Setting CVar [[gc.NumRetriesBeforeForcingGC:10]]
[2025.05.26-06.11.06:946][  0]LogConfig: Setting CVar [[gc.AllowParallelGC:1]]
[2025.05.26-06.11.06:946][  0]LogConfig: Setting CVar [[gc.TimeBetweenPurgingPendingKillObjects:61.1]]
[2025.05.26-06.11.06:946][  0]LogConfig: Setting CVar [[gc.MaxObjectsInEditor:25165824]]
[2025.05.26-06.11.06:946][  0]LogConfig: Setting CVar [[gc.IncrementalBeginDestroyEnabled:1]]
[2025.05.26-06.11.06:946][  0]LogConfig: Setting CVar [[gc.CreateGCClusters:1]]
[2025.05.26-06.11.06:946][  0]LogConfig: Setting CVar [[gc.MinGCClusterSize:5]]
[2025.05.26-06.11.06:946][  0]LogConfig: Setting CVar [[gc.ActorClusteringEnabled:0]]
[2025.05.26-06.11.06:946][  0]LogConfig: Setting CVar [[gc.BlueprintClusteringEnabled:0]]
[2025.05.26-06.11.06:946][  0]LogConfig: Setting CVar [[gc.UseDisregardForGCOnDedicatedServers:0]]
[2025.05.26-06.11.06:946][  0]LogConfig: Setting CVar [[gc.MultithreadedDestructionEnabled:1]]
[2025.05.26-06.11.06:946][  0]LogConfig: Applying CVar settings from Section [/Script/Engine.NetworkSettings] File [C:/Users/sasha/Documents/GitHub/unreal_project/Saved/Config/Windows/Engine.ini]
[2025.05.26-06.11.06:946][  0]LogConfig: Applying CVar settings from Section [/Script/UnrealEd.CookerSettings] File [C:/Users/sasha/Documents/GitHub/unreal_project/Saved/Config/Windows/Engine.ini]
[2025.05.26-06.11.06:971][  0]LogConfig: Applying CVar settings from Section [ViewDistanceQuality@3] File [C:/Users/sasha/Documents/GitHub/unreal_project/Saved/Config/Windows/Scalability.ini]
[2025.05.26-06.11.06:971][  0]LogConfig: Setting CVar [[r.SkeletalMeshLODBias:0]]
[2025.05.26-06.11.06:971][  0]LogConfig: Setting CVar [[r.ViewDistanceScale:1.0]]
[2025.05.26-06.11.06:971][  0]LogConfig: Applying CVar settings from Section [AntiAliasingQuality@3] File [C:/Users/sasha/Documents/GitHub/unreal_project/Saved/Config/Windows/Scalability.ini]
[2025.05.26-06.11.06:971][  0]LogConfig: Setting CVar [[r.PostProcessAAQuality:4]]
[2025.05.26-06.11.06:971][  0]LogConfig: Applying CVar settings from Section [ShadowQuality@3] File [C:/Users/sasha/Documents/GitHub/unreal_project/Saved/Config/Windows/Scalability.ini]
[2025.05.26-06.11.06:971][  0]LogConfig: Setting CVar [[r.LightFunctionQuality:1]]
[2025.05.26-06.11.06:971][  0]LogConfig: Setting CVar [[r.ShadowQuality:5]]
[2025.05.26-06.11.06:971][  0]LogConfig: Setting CVar [[r.Shadow.CSM.MaxCascades:10]]
[2025.05.26-06.11.06:971][  0]LogConfig: Setting CVar [[r.Shadow.MaxResolution:2048]]
[2025.05.26-06.11.06:971][  0]LogConfig: Setting CVar [[r.Shadow.MaxCSMResolution:2048]]
[2025.05.26-06.11.06:971][  0]LogConfig: Setting CVar [[r.Shadow.RadiusThreshold:0.01]]
[2025.05.26-06.11.06:971][  0]LogConfig: Setting CVar [[r.Shadow.DistanceScale:1.0]]
[2025.05.26-06.11.06:971][  0]LogConfig: Setting CVar [[r.Shadow.CSM.TransitionScale:1.0]]
[2025.05.26-06.11.06:971][  0]LogConfig: Setting CVar [[r.Shadow.PreShadowResolutionFactor:1.0]]
[2025.05.26-06.11.06:971][  0]LogConfig: Setting CVar [[r.DistanceFieldShadowing:1]]
[2025.05.26-06.11.06:971][  0]LogConfig: Setting CVar [[r.DistanceFieldAO:1]]
[2025.05.26-06.11.06:971][  0]LogConfig: Setting CVar [[r.AOQuality:2]]
[2025.05.26-06.11.06:971][  0]LogConfig: Setting CVar [[r.VolumetricFog:1]]
[2025.05.26-06.11.06:971][  0]LogConfig: Setting CVar [[r.VolumetricFog.GridPixelSize:8]]
[2025.05.26-06.11.06:971][  0]LogConfig: Setting CVar [[r.VolumetricFog.GridSizeZ:128]]
[2025.05.26-06.11.06:971][  0]LogConfig: Setting CVar [[r.VolumetricFog.HistoryMissSupersampleCount:4]]
[2025.05.26-06.11.06:971][  0]LogConfig: Setting CVar [[r.LightMaxDrawDistanceScale:1]]
[2025.05.26-06.11.06:971][  0]LogConfig: Setting CVar [[r.CapsuleShadows:1]]
[2025.05.26-06.11.06:971][  0]LogConfig: Applying CVar settings from Section [PostProcessQuality@3] File [C:/Users/sasha/Documents/GitHub/unreal_project/Saved/Config/Windows/Scalability.ini]
[2025.05.26-06.11.06:971][  0]LogConfig: Setting CVar [[r.MotionBlurQuality:4]]
[2025.05.26-06.11.06:971][  0]LogConfig: Setting CVar [[r.AmbientOcclusionMipLevelFactor:0.4]]
[2025.05.26-06.11.06:971][  0]LogConfig: Setting CVar [[r.AmbientOcclusionMaxQuality:100]]
[2025.05.26-06.11.06:971][  0]LogConfig: Setting CVar [[r.AmbientOcclusionLevels:-1]]
[2025.05.26-06.11.06:971][  0]LogConfig: Setting CVar [[r.AmbientOcclusionRadiusScale:1.0]]
[2025.05.26-06.11.06:971][  0]LogConfig: Setting CVar [[r.DepthOfFieldQuality:2]]
[2025.05.26-06.11.06:971][  0]LogConfig: Setting CVar [[r.RenderTargetPoolMin:400]]
[2025.05.26-06.11.06:971][  0]LogConfig: Setting CVar [[r.LensFlareQuality:2]]
[2025.05.26-06.11.06:971][  0]LogConfig: Setting CVar [[r.SceneColorFringeQuality:1]]
[2025.05.26-06.11.06:971][  0]LogConfig: Setting CVar [[r.EyeAdaptationQuality:2]]
[2025.05.26-06.11.06:971][  0]LogConfig: Setting CVar [[r.BloomQuality:5]]
[2025.05.26-06.11.06:971][  0]LogConfig: Setting CVar [[r.FastBlurThreshold:100]]
[2025.05.26-06.11.06:971][  0]LogConfig: Setting CVar [[r.Upscale.Quality:3]]
[2025.05.26-06.11.06:971][  0]LogConfig: Setting CVar [[r.Tonemapper.GrainQuantization:1]]
[2025.05.26-06.11.06:971][  0]LogConfig: Setting CVar [[r.LightShaftQuality:1]]
[2025.05.26-06.11.06:971][  0]LogConfig: Setting CVar [[r.Filter.SizeScale:1]]
[2025.05.26-06.11.06:971][  0]LogConfig: Setting CVar [[r.Tonemapper.Quality:5]]
[2025.05.26-06.11.06:971][  0]LogConfig: Setting CVar [[r.DOF.Gather.AccumulatorQuality:1        ; higher gathering accumulator quality]]
[2025.05.26-06.11.06:971][  0]LogConfig: Setting CVar [[r.DOF.Gather.PostfilterMethod:1          ; Median3x3 postfilering method]]
[2025.05.26-06.11.06:971][  0]LogConfig: Setting CVar [[r.DOF.Gather.EnableBokehSettings:0       ; no bokeh simulation when gathering]]
[2025.05.26-06.11.06:971][  0]LogConfig: Setting CVar [[r.DOF.Gather.RingCount:4                 ; medium number of samples when gathering]]
[2025.05.26-06.11.06:971][  0]LogConfig: Setting CVar [[r.DOF.Scatter.ForegroundCompositing:1    ; additive foreground scattering]]
[2025.05.26-06.11.06:971][  0]LogConfig: Setting CVar [[r.DOF.Scatter.BackgroundCompositing:2    ; additive background scattering]]
[2025.05.26-06.11.06:971][  0]LogConfig: Setting CVar [[r.DOF.Scatter.EnableBokehSettings:1      ; bokeh simulation when scattering]]
[2025.05.26-06.11.06:971][  0]LogConfig: Setting CVar [[r.DOF.Scatter.MaxSpriteRatio:0.1         ; only a maximum of 10% of scattered bokeh]]
[2025.05.26-06.11.06:971][  0]LogConfig: Setting CVar [[r.DOF.Recombine.Quality:1                ; cheap slight out of focus]]
[2025.05.26-06.11.06:971][  0]LogConfig: Setting CVar [[r.DOF.Recombine.EnableBokehSettings:0    ; no bokeh simulation on slight out of focus]]
[2025.05.26-06.11.06:971][  0]LogConfig: Setting CVar [[r.DOF.TemporalAAQuality:1                ; more stable temporal accumulation]]
[2025.05.26-06.11.06:971][  0]LogConfig: Setting CVar [[r.DOF.Kernel.MaxForegroundRadius:0.025]]
[2025.05.26-06.11.06:971][  0]LogConfig: Setting CVar [[r.DOF.Kernel.MaxBackgroundRadius:0.025]]
[2025.05.26-06.11.06:971][  0]LogConfig: Applying CVar settings from Section [TextureQuality@3] File [C:/Users/sasha/Documents/GitHub/unreal_project/Saved/Config/Windows/Scalability.ini]
[2025.05.26-06.11.06:971][  0]LogConfig: Setting CVar [[r.Streaming.MipBias:0]]
[2025.05.26-06.11.06:971][  0]LogConfig: Setting CVar [[r.Streaming.AmortizeCPUToGPUCopy:0]]
[2025.05.26-06.11.06:971][  0]LogConfig: Setting CVar [[r.Streaming.MaxNumTexturesToStreamPerFrame:0]]
[2025.05.26-06.11.06:971][  0]LogConfig: Setting CVar [[r.Streaming.Boost:1]]
[2025.05.26-06.11.06:972][  0]LogConfig: Setting CVar [[r.MaxAnisotropy:8]]
[2025.05.26-06.11.06:972][  0]LogConfig: Setting CVar [[r.VT.MaxAnisotropy:8]]
[2025.05.26-06.11.06:972][  0]LogConfig: Setting CVar [[r.Streaming.LimitPoolSizeToVRAM:0]]
[2025.05.26-06.11.06:972][  0]LogConfig: Setting CVar [[r.Streaming.PoolSize:1000]]
[2025.05.26-06.11.06:972][  0]LogConfig: Setting CVar [[r.Streaming.MaxEffectiveScreenSize:0]]
[2025.05.26-06.11.06:972][  0]LogConfig: Applying CVar settings from Section [EffectsQuality@3] File [C:/Users/sasha/Documents/GitHub/unreal_project/Saved/Config/Windows/Scalability.ini]
[2025.05.26-06.11.06:972][  0]LogConfig: Setting CVar [[r.TranslucencyLightingVolumeDim:64]]
[2025.05.26-06.11.06:972][  0]LogConfig: Setting CVar [[r.RefractionQuality:2]]
[2025.05.26-06.11.06:972][  0]LogConfig: Setting CVar [[r.SSR.Quality:3]]
[2025.05.26-06.11.06:972][  0]LogConfig: Setting CVar [[r.SSR.HalfResSceneColor:0]]
[2025.05.26-06.11.06:972][  0]LogConfig: Setting CVar [[r.SceneColorFormat:4]]
[2025.05.26-06.11.06:972][  0]LogConfig: Setting CVar [[r.DetailMode:2]]
[2025.05.26-06.11.06:972][  0]LogConfig: Setting CVar [[r.TranslucencyVolumeBlur:1]]
[2025.05.26-06.11.06:972][  0]LogConfig: Setting CVar [[r.MaterialQualityLevel:1 ; High quality]]
[2025.05.26-06.11.06:972][  0]LogConfig: Setting CVar [[r.AnisotropicMaterials:1]]
[2025.05.26-06.11.06:972][  0]LogConfig: Setting CVar [[r.SSS.Scale:1]]
[2025.05.26-06.11.06:972][  0]LogConfig: Setting CVar [[r.SSS.SampleSet:2]]
[2025.05.26-06.11.06:972][  0]LogConfig: Setting CVar [[r.SSS.Quality:1]]
[2025.05.26-06.11.06:972][  0]LogConfig: Setting CVar [[r.SSS.HalfRes:0]]
[2025.05.26-06.11.06:972][  0]LogConfig: Setting CVar [[r.SSGI.Quality:3]]
[2025.05.26-06.11.06:972][  0]LogConfig: Setting CVar [[r.EmitterSpawnRateScale:1.0]]
[2025.05.26-06.11.06:972][  0]LogConfig: Setting CVar [[r.ParticleLightQuality:2]]
[2025.05.26-06.11.06:972][  0]LogConfig: Setting CVar [[r.SkyAtmosphere.AerialPerspectiveLUT.FastApplyOnOpaque:1 ; Always have FastSkyLUT 1 in this case to avoid wrong sky]]
[2025.05.26-06.11.06:972][  0]LogConfig: Setting CVar [[r.SkyAtmosphere.AerialPerspectiveLUT.SampleCountMaxPerSlice:4]]
[2025.05.26-06.11.06:972][  0]LogConfig: Setting CVar [[r.SkyAtmosphere.AerialPerspectiveLUT.DepthResolution:16.0]]
[2025.05.26-06.11.06:972][  0]LogConfig: Setting CVar [[r.SkyAtmosphere.FastSkyLUT:1]]
[2025.05.26-06.11.06:972][  0]LogConfig: Setting CVar [[r.SkyAtmosphere.FastSkyLUT.SampleCountMin:4.0]]
[2025.05.26-06.11.06:972][  0]LogConfig: Setting CVar [[r.SkyAtmosphere.FastSkyLUT.SampleCountMax:128.0]]
[2025.05.26-06.11.06:972][  0]LogConfig: Setting CVar [[r.SkyAtmosphere.SampleCountMin:4.0]]
[2025.05.26-06.11.06:972][  0]LogConfig: Setting CVar [[r.SkyAtmosphere.SampleCountMax:128.0]]
[2025.05.26-06.11.06:972][  0]LogConfig: Setting CVar [[r.SkyAtmosphere.TransmittanceLUT.UseSmallFormat:0]]
[2025.05.26-06.11.06:972][  0]LogConfig: Setting CVar [[r.SkyAtmosphere.TransmittanceLUT.SampleCount:10.0]]
[2025.05.26-06.11.06:972][  0]LogConfig: Setting CVar [[r.SkyAtmosphere.MultiScatteringLUT.SampleCount:15.0]]
[2025.05.26-06.11.06:972][  0]LogConfig: Setting CVar [[r.SkyLight.RealTimeReflectionCapture:1]]
[2025.05.26-06.11.06:972][  0]LogConfig: Applying CVar settings from Section [FoliageQuality@3] File [C:/Users/sasha/Documents/GitHub/unreal_project/Saved/Config/Windows/Scalability.ini]
[2025.05.26-06.11.06:972][  0]LogConfig: Setting CVar [[foliage.DensityScale:1.0]]
[2025.05.26-06.11.06:972][  0]LogConfig: Setting CVar [[grass.DensityScale:1.0]]
[2025.05.26-06.11.06:972][  0]LogConfig: Applying CVar settings from Section [ShadingQuality@3] File [C:/Users/sasha/Documents/GitHub/unreal_project/Saved/Config/Windows/Scalability.ini]
[2025.05.26-06.11.06:972][  0]LogConfig: Setting CVar [[r.HairStrands.SkyLighting.IntegrationType:2]]
[2025.05.26-06.11.06:972][  0]LogConfig: Setting CVar [[r.HairStrands.SkyAO.SampleCount:4]]
[2025.05.26-06.11.06:972][  0]LogConfig: Setting CVar [[r.HairStrands.Visibility.MSAA.SamplePerPixel:4]]
[2025.05.26-06.11.06:972][  0]LogInit: Selected Device Profile: [Windows]
[2025.05.26-06.11.06:972][  0]LogInit: Applying CVar settings loaded from the selected device profile: [Windows]
[2025.05.26-06.11.06:972][  0]LogHAL: Display: Platform has ~ 32 GB [34046914560 / 34359738368 / 32], which maps to Largest [LargestMinGB=32, LargerMinGB=12, DefaultMinGB=8, SmallerMinGB=6, SmallestMinGB=0)
[2025.05.26-06.11.06:972][  0]LogInit: Going up to parent DeviceProfile []
[2025.05.26-06.11.06:972][  0]LogConfig: Applying CVar settings from Section [ViewDistanceQuality@1] File [C:/Users/sasha/Documents/GitHub/unreal_project/Saved/Config/Windows/Scalability.ini]
[2025.05.26-06.11.06:972][  0]LogConfig: Setting CVar [[r.SkeletalMeshLODBias:1]]
[2025.05.26-06.11.06:972][  0]LogConfig: Setting CVar [[r.ViewDistanceScale:0.6]]
[2025.05.26-06.11.06:972][  0]LogConfig: Applying CVar settings from Section [AntiAliasingQuality@1] File [C:/Users/sasha/Documents/GitHub/unreal_project/Saved/Config/Windows/Scalability.ini]
[2025.05.26-06.11.06:972][  0]LogConfig: Setting CVar [[r.PostProcessAAQuality:2]]
[2025.05.26-06.11.06:972][  0]LogConfig: Applying CVar settings from Section [ShadowQuality@1] File [C:/Users/sasha/Documents/GitHub/unreal_project/Saved/Config/Windows/Scalability.ini]
[2025.05.26-06.11.06:972][  0]LogConfig: Setting CVar [[r.LightFunctionQuality:1]]
[2025.05.26-06.11.06:972][  0]LogConfig: Setting CVar [[r.ShadowQuality:3]]
[2025.05.26-06.11.06:972][  0]LogConfig: Setting CVar [[r.Shadow.CSM.MaxCascades:1]]
[2025.05.26-06.11.06:972][  0]LogConfig: Setting CVar [[r.Shadow.MaxResolution:1024]]
[2025.05.26-06.11.06:972][  0]LogConfig: Setting CVar [[r.Shadow.MaxCSMResolution:1024]]
[2025.05.26-06.11.06:972][  0]LogConfig: Setting CVar [[r.Shadow.RadiusThreshold:0.05]]
[2025.05.26-06.11.06:972][  0]LogConfig: Setting CVar [[r.Shadow.DistanceScale:0.7]]
[2025.05.26-06.11.06:972][  0]LogConfig: Setting CVar [[r.Shadow.CSM.TransitionScale:0.25]]
[2025.05.26-06.11.06:972][  0]LogConfig: Setting CVar [[r.Shadow.PreShadowResolutionFactor:0.5]]
[2025.05.26-06.11.06:972][  0]LogConfig: Setting CVar [[r.DistanceFieldShadowing:0]]
[2025.05.26-06.11.06:972][  0]LogConfig: Setting CVar [[r.DistanceFieldAO:0]]
[2025.05.26-06.11.06:972][  0]LogConfig: Setting CVar [[r.VolumetricFog:0]]
[2025.05.26-06.11.06:972][  0]LogConfig: Setting CVar [[r.LightMaxDrawDistanceScale:.5]]
[2025.05.26-06.11.06:972][  0]LogConfig: Setting CVar [[r.CapsuleShadows:1]]
[2025.05.26-06.11.06:972][  0]LogConfig: Applying CVar settings from Section [PostProcessQuality@1] File [C:/Users/sasha/Documents/GitHub/unreal_project/Saved/Config/Windows/Scalability.ini]
[2025.05.26-06.11.06:972][  0]LogConfig: Setting CVar [[r.MotionBlurQuality:3]]
[2025.05.26-06.11.06:972][  0]LogConfig: Setting CVar [[r.AmbientOcclusionMipLevelFactor:1.0]]
[2025.05.26-06.11.06:972][  0]LogConfig: Setting CVar [[r.AmbientOcclusionMaxQuality:60]]
[2025.05.26-06.11.06:972][  0]LogConfig: Setting CVar [[r.AmbientOcclusionLevels:-1]]
[2025.05.26-06.11.06:972][  0]LogConfig: Setting CVar [[r.AmbientOcclusionRadiusScale:1.5]]
[2025.05.26-06.11.06:972][  0]LogConfig: Setting CVar [[r.DepthOfFieldQuality:1]]
[2025.05.26-06.11.06:972][  0]LogConfig: Setting CVar [[r.RenderTargetPoolMin:350]]
[2025.05.26-06.11.06:972][  0]LogConfig: Setting CVar [[r.LensFlareQuality:0]]
[2025.05.26-06.11.06:972][  0]LogConfig: Setting CVar [[r.SceneColorFringeQuality:0]]
[2025.05.26-06.11.06:972][  0]LogConfig: Setting CVar [[r.EyeAdaptationQuality:2]]
[2025.05.26-06.11.06:972][  0]LogConfig: Setting CVar [[r.BloomQuality:4]]
[2025.05.26-06.11.06:972][  0]LogConfig: Setting CVar [[r.FastBlurThreshold:2]]
[2025.05.26-06.11.06:972][  0]LogConfig: Setting CVar [[r.Upscale.Quality:2]]
[2025.05.26-06.11.06:972][  0]LogConfig: Setting CVar [[r.Tonemapper.GrainQuantization:0]]
[2025.05.26-06.11.06:972][  0]LogConfig: Setting CVar [[r.LightShaftQuality:0]]
[2025.05.26-06.11.06:972][  0]LogConfig: Setting CVar [[r.Filter.SizeScale:0.7]]
[2025.05.26-06.11.06:972][  0]LogConfig: Setting CVar [[r.Tonemapper.Quality:2]]
[2025.05.26-06.11.06:972][  0]LogConfig: Setting CVar [[r.DOF.Gather.AccumulatorQuality:0        ; lower gathering accumulator quality]]
[2025.05.26-06.11.06:972][  0]LogConfig: Setting CVar [[r.DOF.Gather.PostfilterMethod:2          ; Max3x3 postfilering method]]
[2025.05.26-06.11.06:972][  0]LogConfig: Setting CVar [[r.DOF.Gather.EnableBokehSettings:0       ; no bokeh simulation when gathering]]
[2025.05.26-06.11.06:972][  0]LogConfig: Setting CVar [[r.DOF.Gather.RingCount:3                 ; low number of samples when gathering]]
[2025.05.26-06.11.06:972][  0]LogConfig: Setting CVar [[r.DOF.Scatter.ForegroundCompositing:0    ; no foreground scattering]]
[2025.05.26-06.11.06:972][  0]LogConfig: Setting CVar [[r.DOF.Scatter.BackgroundCompositing:0    ; no foreground scattering]]
[2025.05.26-06.11.06:972][  0]LogConfig: Setting CVar [[r.DOF.Recombine.Quality:0                ; no slight out of focus]]
[2025.05.26-06.11.06:972][  0]LogConfig: Setting CVar [[r.DOF.TemporalAAQuality:0                ; faster temporal accumulation]]
[2025.05.26-06.11.06:972][  0]LogConfig: Setting CVar [[r.DOF.Kernel.MaxForegroundRadius:0.006   ; required because low gathering and no scattering and not looking great at 1080p]]
[2025.05.26-06.11.06:972][  0]LogConfig: Setting CVar [[r.DOF.Kernel.MaxBackgroundRadius:0.006   ; required because low gathering and no scattering and not looking great at 1080p]]
[2025.05.26-06.11.06:972][  0]LogConfig: Applying CVar settings from Section [TextureQuality@1] File [C:/Users/sasha/Documents/GitHub/unreal_project/Saved/Config/Windows/Scalability.ini]
[2025.05.26-06.11.06:972][  0]LogConfig: Setting CVar [[r.Streaming.MipBias:1]]
[2025.05.26-06.11.06:972][  0]LogConfig: Setting CVar [[r.Streaming.AmortizeCPUToGPUCopy:0]]
[2025.05.26-06.11.06:972][  0]LogConfig: Setting CVar [[r.Streaming.MaxNumTexturesToStreamPerFrame:0]]
[2025.05.26-06.11.06:972][  0]LogConfig: Setting CVar [[r.Streaming.Boost:1]]
[2025.05.26-06.11.06:972][  0]LogConfig: Setting CVar [[r.MaxAnisotropy:2]]
[2025.05.26-06.11.06:972][  0]LogConfig: Setting CVar [[r.VT.MaxAnisotropy:4]]
[2025.05.26-06.11.06:972][  0]LogConfig: Setting CVar [[r.Streaming.LimitPoolSizeToVRAM:1]]
[2025.05.26-06.11.06:972][  0]LogConfig: Setting CVar [[r.Streaming.PoolSize:600]]
[2025.05.26-06.11.06:972][  0]LogConfig: Setting CVar [[r.Streaming.MaxEffectiveScreenSize:0]]
[2025.05.26-06.11.06:972][  0]LogConfig: Applying CVar settings from Section [EffectsQuality@1] File [C:/Users/sasha/Documents/GitHub/unreal_project/Saved/Config/Windows/Scalability.ini]
[2025.05.26-06.11.06:972][  0]LogConfig: Setting CVar [[r.TranslucencyLightingVolumeDim:32]]
[2025.05.26-06.11.06:972][  0]LogConfig: Setting CVar [[r.RefractionQuality:0]]
[2025.05.26-06.11.06:972][  0]LogConfig: Setting CVar [[r.SSR.Quality:0]]
[2025.05.26-06.11.06:972][  0]LogConfig: Setting CVar [[r.SSR.HalfResSceneColor:1]]
[2025.05.26-06.11.06:972][  0]LogConfig: Setting CVar [[r.SceneColorFormat:3]]
[2025.05.26-06.11.06:972][  0]LogConfig: Setting CVar [[r.DetailMode:1]]
[2025.05.26-06.11.06:972][  0]LogConfig: Setting CVar [[r.TranslucencyVolumeBlur:0]]
[2025.05.26-06.11.06:972][  0]LogConfig: Setting CVar [[r.MaterialQualityLevel:2 ; Medium quality]]
[2025.05.26-06.11.06:972][  0]LogConfig: Setting CVar [[r.AnisotropicMaterials:0]]
[2025.05.26-06.11.06:972][  0]LogConfig: Setting CVar [[r.SSS.Scale:0.75]]
[2025.05.26-06.11.06:972][  0]LogConfig: Setting CVar [[r.SSS.SampleSet:0]]
[2025.05.26-06.11.06:972][  0]LogConfig: Setting CVar [[r.SSS.Quality:0]]
[2025.05.26-06.11.06:972][  0]LogConfig: Setting CVar [[r.SSS.HalfRes:1]]
[2025.05.26-06.11.06:972][  0]LogConfig: Setting CVar [[r.SSGI.Quality:1]]
[2025.05.26-06.11.06:972][  0]LogConfig: Setting CVar [[r.EmitterSpawnRateScale:0.25]]
[2025.05.26-06.11.06:972][  0]LogConfig: Setting CVar [[r.ParticleLightQuality:0]]
[2025.05.26-06.11.06:973][  0]LogConfig: Setting CVar [[r.SkyAtmosphere.AerialPerspectiveLUT.FastApplyOnOpaque:1 ; Always have FastSkyLUT 1 in this case to avoid wrong sky]]
[2025.05.26-06.11.06:973][  0]LogConfig: Setting CVar [[r.SkyAtmosphere.AerialPerspectiveLUT.SampleCountMaxPerSlice:1]]
[2025.05.26-06.11.06:973][  0]LogConfig: Setting CVar [[r.SkyAtmosphere.AerialPerspectiveLUT.DepthResolution:16.0]]
[2025.05.26-06.11.06:973][  0]LogConfig: Setting CVar [[r.SkyAtmosphere.FastSkyLUT:1]]
[2025.05.26-06.11.06:973][  0]LogConfig: Setting CVar [[r.SkyAtmosphere.FastSkyLUT.SampleCountMin:4.0]]
[2025.05.26-06.11.06:973][  0]LogConfig: Setting CVar [[r.SkyAtmosphere.FastSkyLUT.SampleCountMax:32.0]]
[2025.05.26-06.11.06:973][  0]LogConfig: Setting CVar [[r.SkyAtmosphere.SampleCountMin:4.0]]
[2025.05.26-06.11.06:973][  0]LogConfig: Setting CVar [[r.SkyAtmosphere.SampleCountMax:32.0]]
[2025.05.26-06.11.06:973][  0]LogConfig: Setting CVar [[r.SkyAtmosphere.TransmittanceLUT.UseSmallFormat:0]]
[2025.05.26-06.11.06:973][  0]LogConfig: Setting CVar [[r.SkyAtmosphere.TransmittanceLUT.SampleCount:10.0]]
[2025.05.26-06.11.06:973][  0]LogConfig: Setting CVar [[r.SkyAtmosphere.MultiScatteringLUT.SampleCount:15.0]]
[2025.05.26-06.11.06:973][  0]LogConfig: Setting CVar [[r.SkyLight.RealTimeReflectionCapture:0]]
[2025.05.26-06.11.06:973][  0]LogConfig: Applying CVar settings from Section [FoliageQuality@1] File [C:/Users/sasha/Documents/GitHub/unreal_project/Saved/Config/Windows/Scalability.ini]
[2025.05.26-06.11.06:973][  0]LogConfig: Setting CVar [[foliage.DensityScale:0.4]]
[2025.05.26-06.11.06:973][  0]LogConfig: Setting CVar [[grass.DensityScale:0.4]]
[2025.05.26-06.11.06:973][  0]LogConfig: Applying CVar settings from Section [ShadingQuality@1] File [C:/Users/sasha/Documents/GitHub/unreal_project/Saved/Config/Windows/Scalability.ini]
[2025.05.26-06.11.06:973][  0]LogConfig: Setting CVar [[r.HairStrands.SkyLighting.IntegrationType:2]]
[2025.05.26-06.11.06:973][  0]LogConfig: Setting CVar [[r.HairStrands.SkyAO.SampleCount:4]]
[2025.05.26-06.11.06:973][  0]LogConfig: Setting CVar [[r.HairStrands.Visibility.MSAA.SamplePerPixel:1]]
[2025.05.26-06.11.06:973][  0]LogConfig: Applying CVar settings from Section [Startup] File [../../../Engine/Config/ConsoleVariables.ini]
[2025.05.26-06.11.06:973][  0]LogConfig: Setting CVar [[net.UseAdaptiveNetUpdateFrequency:0]]
[2025.05.26-06.11.06:973][  0]LogConfig: Setting CVar [[p.chaos.AllowCreatePhysxBodies:1]]
[2025.05.26-06.11.06:973][  0]LogConfig: Setting CVar [[fx.SkipVectorVMBackendOptimizations:1]]
[2025.05.26-06.11.06:973][  0]LogConfig: Applying CVar settings from Section [ConsoleVariables] File [C:/Users/sasha/Documents/GitHub/unreal_project/Saved/Config/Windows/Engine.ini]
[2025.05.26-06.11.06:973][  0]LogConfig: Applying CVar settings from Section [ConsoleVariables] File [C:/Users/sasha/Documents/GitHub/unreal_project/Saved/Config/Windows/Editor.ini]
[2025.05.26-06.11.06:973][  0]LogInit: Computer: ALEXF
[2025.05.26-06.11.06:973][  0]LogInit: User: sasha
[2025.05.26-06.11.06:973][  0]LogInit: CPU Page size=4096, Cores=6
[2025.05.26-06.11.06:973][  0]LogInit: High frequency timer resolution =10.000000 MHz
[2025.05.26-06.11.06:973][  0]LogMemory: Memory total: Physical=31.7GB (32GB approx)
[2025.05.26-06.11.06:973][  0]LogMemory: Platform Memory Stats for Windows
[2025.05.26-06.11.06:973][  0]LogMemory: Process Physical Memory: 147.93 MB used, 147.93 MB peak
[2025.05.26-06.11.06:973][  0]LogMemory: Process Virtual Memory: 129.68 MB used, 129.68 MB peak
[2025.05.26-06.11.06:973][  0]LogMemory: Physical Memory: 8183.65 MB used,  24286.02 MB free, 32469.67 MB total
[2025.05.26-06.11.06:973][  0]LogMemory: Virtual Memory: 134187360.00 MB used,  30368.66 MB free, 134217728.00 MB total
[2025.05.26-06.11.07:002][  0]LogWindows: WindowsPlatformFeatures enabled
[2025.05.26-06.11.07:035][  0]LogInit: Physics initialised using underlying interface: PhysX
[2025.05.26-06.11.07:035][  0]LogInit: Using OS detected language (ru-RU).
[2025.05.26-06.11.07:035][  0]LogInit: Using OS detected locale (ru-RU).
[2025.05.26-06.11.07:038][  0]LogTextLocalizationManager: No specific localization for 'ru-RU' exists, so the 'ru' localization will be used.
[2025.05.26-06.11.07:039][  0]LogTextLocalizationResource: LocRes '../../../Engine/Content/Localization/Editor/ru/Editor.locres' could not be opened for reading!
[2025.05.26-06.11.07:039][  0]LogTextLocalizationResource: LocRes '../../../Engine/Content/Localization/EditorTutorials/ru/EditorTutorials.locres' could not be opened for reading!
[2025.05.26-06.11.07:039][  0]LogTextLocalizationResource: LocRes '../../../Engine/Content/Localization/Keywords/ru/Keywords.locres' could not be opened for reading!
[2025.05.26-06.11.07:039][  0]LogTextLocalizationResource: LocRes '../../../Engine/Content/Localization/Category/ru/Category.locres' could not be opened for reading!
[2025.05.26-06.11.07:039][  0]LogTextLocalizationResource: LocRes '../../../Engine/Content/Localization/ToolTips/ru/ToolTips.locres' could not be opened for reading!
[2025.05.26-06.11.07:039][  0]LogTextLocalizationResource: LocRes '../../../Engine/Content/Localization/PropertyNames/ru/PropertyNames.locres' could not be opened for reading!
[2025.05.26-06.11.07:039][  0]LogTextLocalizationResource: LocRes '../../../Engine/Content/Localization/Engine/ru/Engine.locres' could not be opened for reading!
[2025.05.26-06.11.07:040][  0]LogInit: Setting process to per monitor DPI aware
[2025.05.26-06.11.07:087][  0]LogWindowsTextInputMethodSystem: Display: IME system deactivated.
[2025.05.26-06.11.07:096][  0]LogSlate: New Slate User Created.  User Index 0, Is Virtual User: 0
[2025.05.26-06.11.07:096][  0]LogSlate: Slate User Registered.  User Index 0, Is Virtual User: 0
[2025.05.26-06.11.07:244][  0]LogD3D11RHI: Loaded GFSDK_Aftermath_Lib.x64.dll
[2025.05.26-06.11.07:937][  0]LogHMD: Optional extension XR_VARJO_quad_views is not available
[2025.05.26-06.11.08:164][  0]LogHMD: Failed to create an OpenXR instance, result is XR_ERROR_RUNTIME_FAILURE. Please check if you have an OpenXR runtime installed. The following extensions were enabled:
[2025.05.26-06.11.08:164][  0]LogHMD: - XR_KHR_D3D11_enable
[2025.05.26-06.11.08:164][  0]LogHMD: - XR_KHR_D3D12_enable
[2025.05.26-06.11.08:164][  0]LogHMD: - XR_KHR_opengl_enable
[2025.05.26-06.11.08:164][  0]LogHMD: - XR_KHR_vulkan_enable
[2025.05.26-06.11.08:164][  0]LogHMD: - XR_KHR_composition_layer_depth
[2025.05.26-06.11.08:164][  0]LogHMD: - XR_KHR_visibility_mask
[2025.05.26-06.11.08:164][  0]LogHMD: - XR_EXT_hand_tracking
[2025.05.26-06.11.08:164][  0]LogHMD: - XR_EXT_eye_gaze_interaction
[2025.05.26-06.11.08:164][  0]LogD3D11RHI: D3D11 min allowed feature level: 11_0
[2025.05.26-06.11.08:164][  0]LogD3D11RHI: D3D11 max allowed feature level: 11_0
[2025.05.26-06.11.08:164][  0]LogD3D11RHI: D3D11 adapters:
[2025.05.26-06.11.08:731][  0]LogD3D11RHI:    0. 'NVIDIA GeForce RTX 3050 Ti Laptop GPU' (Feature Level 11_0)
[2025.05.26-06.11.08:731][  0]LogD3D11RHI:       3965/0/16234 MB DedicatedVideo/DedicatedSystem/SharedSystem, Outputs:2, VendorId:0x10de
[2025.05.26-06.11.08:757][  0]LogD3D11RHI:    1. 'Intel(R) UHD Graphics' (Feature Level 11_0)
[2025.05.26-06.11.08:757][  0]LogD3D11RHI:       128/0/16234 MB DedicatedVideo/DedicatedSystem/SharedSystem, Outputs:0, VendorId:0x8086
[2025.05.26-06.11.08:759][  0]LogD3D11RHI:    2. 'Microsoft Basic Render Driver' (Feature Level 11_0)
[2025.05.26-06.11.08:760][  0]LogD3D11RHI:       0/0/16234 MB DedicatedVideo/DedicatedSystem/SharedSystem, Outputs:0, VendorId:0x1414
[2025.05.26-06.11.08:760][  0]LogD3D11RHI: Chosen D3D11 Adapter:
[2025.05.26-06.11.08:760][  0]LogD3D11RHI:     Description : NVIDIA GeForce RTX 3050 Ti Laptop GPU
[2025.05.26-06.11.08:760][  0]LogD3D11RHI:     VendorId    : 10de
[2025.05.26-06.11.08:760][  0]LogD3D11RHI:     DeviceId    : 25a0
[2025.05.26-06.11.08:760][  0]LogD3D11RHI:     SubSysId    : 132e1462
[2025.05.26-06.11.08:760][  0]LogD3D11RHI:     Revision    : 00a1
[2025.05.26-06.11.08:760][  0]LogD3D11RHI:     DedicatedVideoMemory : 4157603840 bytes
[2025.05.26-06.11.08:760][  0]LogD3D11RHI:     DedicatedSystemMemory : 0 bytes
[2025.05.26-06.11.08:760][  0]LogD3D11RHI:     SharedSystemMemory : 17023457280 bytes
[2025.05.26-06.11.08:760][  0]LogD3D11RHI:     AdapterLuid : 0 59074
[2025.05.26-06.11.08:764][  0]LogD3D11RHI: Creating new Direct3DDevice
[2025.05.26-06.11.08:764][  0]LogD3D11RHI:     GPU DeviceId: 0x25a0 (for the marketing name, search the web for "GPU Device Id")
[2025.05.26-06.11.08:764][  0]LogWindows: EnumDisplayDevices:
[2025.05.26-06.11.08:764][  0]LogWindows:    0. 'Intel(R) UHD Graphics' (P:1 D:1)
[2025.05.26-06.11.08:764][  0]LogWindows:    1. 'Intel(R) UHD Graphics' (P:0 D:1)
[2025.05.26-06.11.08:765][  0]LogWindows:    2. 'Intel(R) UHD Graphics' (P:0 D:0)
[2025.05.26-06.11.08:765][  0]LogWindows:    3. 'Intel(R) UHD Graphics' (P:0 D:0)
[2025.05.26-06.11.08:765][  0]LogWindows: DebugString: PrimaryIsNotTheChoosenAdapter PrimaryIsNotTheChoosenAdapter PrimaryIsNotTheChoosenAdapter PrimaryIsNotTheChoosenAdapter FoundDriverCount:0 
[2025.05.26-06.11.08:765][  0]LogD3D11RHI:     Adapter Name: NVIDIA GeForce RTX 3050 Ti Laptop GPU
[2025.05.26-06.11.08:765][  0]LogD3D11RHI:   Driver Version: Unknown (internal:Unknown, unified:Unknown)
[2025.05.26-06.11.08:765][  0]LogD3D11RHI:      Driver Date: Unknown
[2025.05.26-06.11.08:765][  0]LogRHI: Texture pool is 2775 MB (70% of 3965 MB)
[2025.05.26-06.11.08:765][  0]LogD3D11RHI: Creating D3DDevice using adapter:
[2025.05.26-06.11.08:765][  0]LogD3D11RHI:     Description : NVIDIA GeForce RTX 3050 Ti Laptop GPU
[2025.05.26-06.11.08:765][  0]LogD3D11RHI:     VendorId    : 10de
[2025.05.26-06.11.08:765][  0]LogD3D11RHI:     DeviceId    : 25a0
[2025.05.26-06.11.08:765][  0]LogD3D11RHI:     SubSysId    : 132e1462
[2025.05.26-06.11.08:765][  0]LogD3D11RHI:     Revision    : 00a1
[2025.05.26-06.11.08:765][  0]LogD3D11RHI:     DedicatedVideoMemory : 4157603840 bytes
[2025.05.26-06.11.08:765][  0]LogD3D11RHI:     DedicatedSystemMemory : 0 bytes
[2025.05.26-06.11.08:765][  0]LogD3D11RHI:     SharedSystemMemory : 17023457280 bytes
[2025.05.26-06.11.08:765][  0]LogD3D11RHI:     AdapterLuid : 0 59074
[2025.05.26-06.11.08:838][  0]LogD3D11RHI: RHI has support for 64 bit atomics
[2025.05.26-06.11.08:838][  0]LogD3D11RHI: Async texture creation enabled
[2025.05.26-06.11.08:838][  0]LogD3D11RHI: Array index from any shader is supported
[2025.05.26-06.11.08:857][  0]LogD3D11RHI: GPU Timing Frequency: 1000.000000 (Debug: 2 2)
[2025.05.26-06.11.08:878][  0]LogRHI: GeForceNow SDK initialized: 1
[2025.05.26-06.11.09:096][  0]LogTargetPlatformManager: Display: Loaded TargetPlatform 'AllDesktop'
[2025.05.26-06.11.09:113][  0]LogTargetPlatformManager: Display: Loaded TargetPlatform 'Android'
[2025.05.26-06.11.09:113][  0]LogTargetPlatformManager: Display: Loaded TargetPlatform 'Android_ASTC'
[2025.05.26-06.11.09:113][  0]LogTargetPlatformManager: Display: Loaded TargetPlatform 'Android_DXT'
[2025.05.26-06.11.09:113][  0]LogTargetPlatformManager: Display: Loaded TargetPlatform 'Android_ETC2'
[2025.05.26-06.11.09:113][  0]LogTargetPlatformManager: Display: Loaded TargetPlatform 'AndroidClient'
[2025.05.26-06.11.09:113][  0]LogTargetPlatformManager: Display: Loaded TargetPlatform 'Android_ASTCClient'
[2025.05.26-06.11.09:113][  0]LogTargetPlatformManager: Display: Loaded TargetPlatform 'Android_DXTClient'
[2025.05.26-06.11.09:113][  0]LogTargetPlatformManager: Display: Loaded TargetPlatform 'Android_ETC2Client'
[2025.05.26-06.11.09:113][  0]LogTargetPlatformManager: Display: Loaded TargetPlatform 'Android_Multi'
[2025.05.26-06.11.09:113][  0]LogTargetPlatformManager: Display: Loaded TargetPlatform 'Android_MultiClient'
[2025.05.26-06.11.09:127][  0]LogTargetPlatformManager: Display: Loaded TargetPlatform 'IOSClient'
[2025.05.26-06.11.09:127][  0]LogTargetPlatformManager: Display: Loaded TargetPlatform 'IOS'
[2025.05.26-06.11.09:135][  0]LogTargetPlatformManager: Display: Loaded TargetPlatform 'Linux'
[2025.05.26-06.11.09:138][  0]LogTargetPlatformManager: Display: Loaded TargetPlatform 'LinuxNoEditor'
[2025.05.26-06.11.09:141][  0]LogTargetPlatformManager: Display: Loaded TargetPlatform 'LinuxClient'
[2025.05.26-06.11.09:144][  0]LogTargetPlatformManager: Display: Loaded TargetPlatform 'LinuxServer'
[2025.05.26-06.11.09:151][  0]LogTargetPlatformManager: Display: Loaded TargetPlatform 'LinuxAArch64NoEditor'
[2025.05.26-06.11.09:154][  0]LogTargetPlatformManager: Display: Loaded TargetPlatform 'LinuxAArch64Client'
[2025.05.26-06.11.09:158][  0]LogTargetPlatformManager: Display: Loaded TargetPlatform 'LinuxAArch64Server'
[2025.05.26-06.11.09:176][  0]LogTargetPlatformManager: Display: Loaded TargetPlatform 'Lumin'
[2025.05.26-06.11.09:176][  0]LogTargetPlatformManager: Display: Loaded TargetPlatform 'LuminClient'
[2025.05.26-06.11.09:182][  0]LogTargetPlatformManager: Display: Loaded TargetPlatform 'MacNoEditor'
[2025.05.26-06.11.09:186][  0]LogTargetPlatformManager: Display: Loaded TargetPlatform 'Mac'
[2025.05.26-06.11.09:189][  0]LogTargetPlatformManager: Display: Loaded TargetPlatform 'MacClient'
[2025.05.26-06.11.09:192][  0]LogTargetPlatformManager: Display: Loaded TargetPlatform 'MacServer'
[2025.05.26-06.11.09:200][  0]LogTargetPlatformManager: Display: Loaded TargetPlatform 'TVOSClient'
[2025.05.26-06.11.09:200][  0]LogTargetPlatformManager: Display: Loaded TargetPlatform 'TVOS'
[2025.05.26-06.11.09:207][  0]LogTargetPlatformManager: Display: Loaded TargetPlatform 'WindowsNoEditor'
[2025.05.26-06.11.09:210][  0]LogTargetPlatformManager: Display: Loaded TargetPlatform 'Windows'
[2025.05.26-06.11.09:214][  0]LogTargetPlatformManager: Display: Loaded TargetPlatform 'WindowsClient'
[2025.05.26-06.11.09:217][  0]LogTargetPlatformManager: Display: Loaded TargetPlatform 'WindowsServer'
[2025.05.26-06.11.09:217][  0]LogTargetPlatformManager: Display: Building Assets For Windows
[2025.05.26-06.11.09:222][  0]LogAudioDebug: Display: Lib vorbis DLL was dynamically loaded.
[2025.05.26-06.11.09:244][  0]LogTextureFormatOodle: Display: Oodle Texture 2.9.0 init RDO Off
[2025.05.26-06.11.09:266][  0]LogRendererCore: Ray tracing is disabled. Reason: r.RayTracing=0.
[2025.05.26-06.11.09:266][  0]LogShaderCompilers: Guid format shader working directory is -16 characters bigger than the processId version (../../../../../../Users/sasha/Documents/GitHub/unreal_project/Intermediate/Shaders/WorkingDirectory/10104/).
[2025.05.26-06.11.09:266][  0]LogShaderCompilers: Cleaned the shader compiler working directory 'C:/Users/sasha/AppData/Local/Temp/UnrealShaderWorkingDir/63D010684EDB5B04D06D30ADF85356D8/'.
[2025.05.26-06.11.09:267][  0]LogXGEController: Cannot use XGE Controller as Incredibuild is not installed on this machine.
[2025.05.26-06.11.09:267][  0]LogShaderCompilers: Cannot use XGE Shader Compiler as Incredibuild is not installed on this machine.
[2025.05.26-06.11.09:267][  0]LogShaderCompilers: Display: Using Local Shader Compiler.
[2025.05.26-06.11.09:855][  0]LogDerivedDataCache: Display: Max Cache Size: 512 MB
[2025.05.26-06.11.09:915][  0]LogDerivedDataCache: Loaded boot cache 0.06s 122MB C:/Users/sasha/AppData/Local/UnrealEngine/4.27/DerivedDataCache/Boot.ddc.
[2025.05.26-06.11.09:915][  0]LogDerivedDataCache: Display: Loaded Boot cache: C:/Users/sasha/AppData/Local/UnrealEngine/4.27/DerivedDataCache/Boot.ddc
[2025.05.26-06.11.09:915][  0]LogDerivedDataCache: FDerivedDataBackendGraph:  Pak pak cache file ../../../../../../Users/sasha/Documents/GitHub/unreal_project/DerivedDataCache/DDC.ddp not found, will not use a pak cache.
[2025.05.26-06.11.09:915][  0]LogDerivedDataCache: Unable to find inner node Pak for hierarchical cache Hierarchy.
[2025.05.26-06.11.09:915][  0]LogDerivedDataCache: FDerivedDataBackendGraph:  CompressedPak pak cache file ../../../../../../Users/sasha/Documents/GitHub/unreal_project/DerivedDataCache/Compressed.ddp not found, will not use a pak cache.
[2025.05.26-06.11.09:915][  0]LogDerivedDataCache: Unable to find inner node CompressedPak for hierarchical cache Hierarchy.
[2025.05.26-06.11.09:929][  0]LogDerivedDataCache: Display: Pak cache opened for reading ../../../Engine/DerivedDataCache/Compressed.ddp.
[2025.05.26-06.11.09:929][  0]LogDerivedDataCache: FDerivedDataBackendGraph:  EnterprisePak pak cache file ../../../Enterprise/DerivedDataCache/Compressed.ddp not found, will not use a pak cache.
[2025.05.26-06.11.09:929][  0]LogDerivedDataCache: Unable to find inner node EnterprisePak for hierarchical cache Hierarchy.
[2025.05.26-06.11.10:815][  0]LogDerivedDataCache: Speed tests for C:/Users/sasha/AppData/Local/UnrealEngine/Common/DerivedDataCache took 0.89 seconds
[2025.05.26-06.11.10:815][  0]LogDerivedDataCache: Display: Performance to C:/Users/sasha/AppData/Local/UnrealEngine/Common/DerivedDataCache: Latency=0.01ms. RandomReadSpeed=1073.17MBs, RandomWriteSpeed=1.05MBs. Assigned SpeedClass 'Local'
[2025.05.26-06.11.10:816][  0]LogDerivedDataCache: Using Local data cache path C:/Users/sasha/AppData/Local/UnrealEngine/Common/DerivedDataCache: Writable
[2025.05.26-06.11.10:816][  0]LogDerivedDataCache: Shared data cache path not found in *engine.ini, will not use an Shared cache.
[2025.05.26-06.11.10:816][  0]LogDerivedDataCache: Unable to find inner node Shared for hierarchical cache Hierarchy.
[2025.05.26-06.11.10:850][  0]LogSlate: Using FreeType 2.10.0
[2025.05.26-06.11.10:851][  0]LogSlate: SlateFontServices - WITH_FREETYPE: 1, WITH_HARFBUZZ: 1
[2025.05.26-06.11.11:069][  0]LogHMD: Optional extension XR_VARJO_quad_views is not available
[2025.05.26-06.11.11:097][  0]LogHMD: Failed to create an OpenXR instance, result is XR_ERROR_RUNTIME_FAILURE. Please check if you have an OpenXR runtime installed. The following extensions were enabled:
[2025.05.26-06.11.11:097][  0]LogHMD: - XR_KHR_D3D11_enable
[2025.05.26-06.11.11:097][  0]LogHMD: - XR_KHR_D3D12_enable
[2025.05.26-06.11.11:097][  0]LogHMD: - XR_KHR_opengl_enable
[2025.05.26-06.11.11:097][  0]LogHMD: - XR_KHR_vulkan_enable
[2025.05.26-06.11.11:097][  0]LogHMD: - XR_KHR_composition_layer_depth
[2025.05.26-06.11.11:097][  0]LogHMD: - XR_KHR_visibility_mask
[2025.05.26-06.11.11:097][  0]LogHMD: - XR_EXT_hand_tracking
[2025.05.26-06.11.11:097][  0]LogHMD: - XR_EXT_eye_gaze_interaction
[2025.05.26-06.11.11:117][  0]LogAssetRegistry: FAssetRegistry took 0.0025 seconds to start up
[2025.05.26-06.11.11:289][  0]LogInit: Selected Device Profile: [Windows]
[2025.05.26-06.11.11:289][  0]LogInit: Active device profile: [0000021FFD312300][0000021FFBBE8700 49] Windows
[2025.05.26-06.11.11:289][  0]LogInit: Profiles: [0000021FFD312300][0000021FFBBE8700 49] Windows, [0000021FFD2DA200][0000021FFA8DE880 49] WindowsNoEditor, [0000021FFD312600][0000021FFA8E2A00 49] WindowsServer, [0000021FFD2DAB00][0000021FFA8E6B80 49] WindowsClient, [0000021FFD312800][0000021FFA8EAD00 49] IOS, [0000021FFD2D9F00][0000021FFBBECE40 49] iPadAir, [0000021FFD312500][0000021FFA8EEF80 49] iPadAir2, [0000021FFD275D00][0000021FFDF591C0 49] IPadPro, [0000021FFD275E00][0000021FFDF55200 49] iPadAir3, [0000021FFD311A00][0000021FFDF61380 49] iPadAir4, [0000021FFD275C00][0000021FFDF65500 49] iPadMini2, [0000021FFD311E00][0000021FFDF69680 49] iPadMini3, [0000021FFD274400][0000021FFDF6D800 49] iPadMini4, [0000021FFD311B00][0000021FFDF71980 49] iPadMini5, [0000021FFD291300][0000021FFDF780C0 49] iPhone6, [0000021FFD291400][0000021FFDF74100 49] iPodTouch6, [0000021FFD275400][0000021FFDF803C0 49] iPhone7, [0000021FFD275500][0000021FFDF7C400 49] iPodTouch7, [0000021FFD293700][0000021FFDF84580 49] iPhone5S, [0000021FFD276000][0000021FFDF88700 49] iPhone6Plus, [0000021FFD290200][0000021FFDF8C880 49] iPhone6S, [0000021FFD275B00][0000021FFDF90A00 49] iPhone6SPlus, [0000021FFD293B00][0000021FFDF94B80 49] iPhone7Plus, [0000021FFD275A00][0000021FFDF98D00 49] iPhoneSE, [0000021FFD292E00][0000021FFDF9CE80 49] iPhone8, [0000021FFD276300][0000021FFDF5CFC0 49] iPhone8Plus, [0000021FFD292D00][0000021FFDFA1100 49] iPhoneX, [0000021FFD276700][0000021FFDFA5240 49] iPhoneXS, [0000021FFD290C00][0000021FFDFA9380 49] iPhoneXSMax, [0000021FFD277200][0000021FFDFB1500 49] iPhoneXR, [0000021FFD293100][0000021FFDFB5680 49] iPhone11, [0000021FFD276600][0000021FFDFB9800 49] iPhone11Pro, [0000021FFD291D00][0000021FFDFBD980 49] iPhone11ProMax, [0000021FFD275300][0000021FFDFC1B00 49] iPhoneSE2, [0000021FFD291F00][0000021FFDFC4100 49] iPhone12Mini, [0000021FFD276F00][0000021FFDFC8280 49] iPhone12, [0000021FFD291700][0000021FFDFCC400 49] iPhone12Pro, [0000021FFD274D00][0000021FFDFD0580 49] iPhone12ProMax, [0000021FFD290E00][0000021FFDFD4700 49] iPadPro105, [0000021FFD275000][0000021FFDFD8880 49] iPadPro129, [0000021FFD291900][0000021FFDFDCA00 49] iPadPro97, [0000021FFD275600][0000021FFDFE0B80 49] iPadPro2_129, [0000021FFD291B00][0000021FFDFE4D00 49] iPad5, [0000021FFD277800][0000021FFDFE8E80 49] iPad6, [0000021FFD293400][0000021FFDFED000 49] iPad7, [0000021FFD2DB900][0000021FFDFAD140 49] iPad8, [0000021FFD361100][0000021FFDFF1280 49] iPadPro11, [0000021FFD2D9500][0000021FFDFF53C0 49] iPadPro2_11, [0000021FFD360F00][0000021FFDFF9500 49] iPadPro3_129, [0000021FFD293300][0000021FFE011680 49] iPadPro4_129, [0000021FFD274A00][0000021FFE015800 49] AppleTV, [0000021FFD293C00][0000021FFE019980 49] AppleTV4K, [0000021FFD276900][0000021FFE01DB00 49] TVOS, [0000021FFD292500][0000021FFE020100 49] Mac, [0000021FFD276500][0000021FFE024280 49] MacClient, [0000021FFD291500][0000021FFE028400 49] MacNoEditor, [0000021FFD274600][0000021FFE02C580 49] MacServer, [0000021FFD291200][0000021FFE030700 49] Linux, [0000021FFD274C00][0000021FFE034880 49] LinuxAArch64, [0000021FFD293F00][0000021FFE038A00 49] LinuxNoEditor, [0000021FFD275F00][0000021FFE03CB80 49] LinuxAArch64NoEditor, [0000021FFD290600][0000021FFE040D00 49] LinuxClient, [0000021FFD277B00][0000021FFE044E80 49] LinuxAArch64Client, [0000021FFD293200][0000021FFE049000 49] LinuxServer, [0000021FFD277900][0000021FFE04D180 49] LinuxAArch64Server, [0000021FFD292100][0000021FFE051300 49] Android, [0000021FFD277400][0000021FFDFFD440 49] Android_Low, [0000021FFD290300][0000021FFE055580 49] Android_Mid, [0000021FFD274300][0000021FFE0596C0 49] Android_High, [0000021FFD293E00][0000021FFE061840 49] Android_Default, [0000021FFD276400][0000021FFE0659C0 49] Android_Adreno4xx, [0000021FFD293500][0000021FFE069B40 49] Android_Adreno5xx_Low, [0000021FFD275900][0000021FFE06C140 49] Android_Adreno5xx, [0000021FFD361700][0000021FFE0702C0 49] Android_Adreno6xx, [0000021FFD277300][0000021FFE074440 49] Android_Adreno6xx_Vulkan, [0000021FFD290F00][0000021FFE0785C0 49] Android_Mali_T6xx, [0000021FFD275700][0000021FFE07C740 49] Android_Mali_T7xx, [0000021FFD292800][0000021FFE0808C0 49] Android_Mali_T8xx, [0000021FFD277A00][0000021FFE084A40 49] Android_Mali_G71, [0000021FFD292A00][0000021FFE088BC0 49] Android_Mali_G72, [0000021FFD274200][0000021FFE08CD40 49] Android_Mali_G72_Vulkan, [0000021FFD293D00][0000021FFE090EC0 49] Android_Mali_G76, [0000021FFD276E00][0000021FFE095040 49] Android_Mali_G76_Vulkan, [0000021FFD293600][0000021FFE0991C0 49] Android_Mali_G77, [0000021FFD276B00][0000021FFE09D340 49] Android_Mali_G77_Vulkan, [0000021FFD292400][0000021FFE0A14C0 49] Android_Mali_G78, [0000021FFD276100][0000021FFE05D600 49] Android_Mali_G78_Vulkan, [0000021FFD292C00][0000021FFE0A5740 49] Android_Mali_G710, [0000021FFD276200][0000021FFE0A9880 49] Android_Mali_G710_Vulkan, [0000021FFD290800][0000021FFE0AD9C0 49] Android_Vulkan_SM5, [0000021FFD276800][0000021FFE0B5B40 49] Android_PowerVR_G6xxx, [0000021FFD293900][0000021FFE0B8140 49] Android_PowerVR_GT7xxx, [0000021FFD275800][0000021FFE0BC2C0 49] Android_PowerVR_GE8xxx, [0000021FFD291800][0000021FFE0C0440 49] Android_PowerVR_GM9xxx, [0000021FFD2DBD00][0000021FFE0C45C0 49] Android_PowerVR_GM9xxx_Vulkan, [0000021FFD291A00][0000021FFE0C8740 49] Android_TegraK1, [0000021FFD311800][0000021FFE0CC8C0 49] Android_Unknown_Vulkan, [0000021FFD274700][0000021FFE0D0A40 49] Lumin, [0000021FFD310800][0000021FFE0D4BC0 49] Lumin_Desktop, [0000021FFD2DA300][0000021FFE0D8D40 49] HoloLens, 
[2025.05.26-06.11.12:005][  0]LogMeshReduction: Using QuadricMeshReduction for automatic static mesh reduction
[2025.05.26-06.11.12:006][  0]LogMeshReduction: Using SimplygonMeshReduction for automatic skeletal mesh reduction
[2025.05.26-06.11.12:006][  0]LogMeshReduction: Using ProxyLODMeshReduction for automatic mesh merging
[2025.05.26-06.11.12:006][  0]LogMeshReduction: No distributed automatic mesh merging module available
[2025.05.26-06.11.12:006][  0]LogMeshMerging: No distributed automatic mesh merging module available
[2025.05.26-06.11.12:018][  0]LogNetVersion: MyProject 1.0.0, NetCL: 17155196, EngineNetVer: 17, GameNetVer: 0 (Checksum: 3629800737)
[2025.05.26-06.11.12:539][  0]LogTexture: Default maximum texture size for cubemaps generated from long-lat sources has been changed from 512 to unlimited. In order to preserve old behaiour for '/Engine/MapTemplates/Sky/DaylightAmbientCubemap.DaylightAmbientCubemap', its maximum texture size has been explicitly set to 512.
[2025.05.26-06.11.12:585][  0]LogUObjectArray: 17011 objects as part of root set at end of initial load.
[2025.05.26-06.11.12:585][  0]LogUObjectAllocator: 4257152 out of 0 bytes used by permanent object pool.
[2025.05.26-06.11.12:585][  0]LogUObjectArray: CloseDisregardForGC: 0/0 objects in disregard for GC pool
[2025.05.26-06.11.12:855][  0]LogNiagaraDebuggerClient: Niagara Debugger Client Initialized | Session: 306F6896407B053FC689D495FDB3C9D3 | Instance: CF5512544BD42A2D360FB9B104D70A99 (ALEXF-10104).
[2025.05.26-06.11.12:946][  0]LogTcpMessaging: Initializing TcpMessaging bridge
[2025.05.26-06.11.12:950][  0]LogUdpMessaging: Initializing bridge on interface 0.0.0.0:0 to multicast group 230.0.0.1:6666.
[2025.05.26-06.11.12:962][  0]LogPython: Using Python 3.7.7
[2025.05.26-06.11.13:516][  0]SourceControl: Source control is disabled
[2025.05.26-06.11.13:516][  0]SourceControl: Source control is disabled
[2025.05.26-06.11.13:519][  0]SourceControl: Source control is disabled
[2025.05.26-06.11.13:521][  0]SourceControl: Source control is disabled
[2025.05.26-06.11.13:526][  0]SourceControl: Source control is disabled
[2025.05.26-06.11.13:531][  0]LogUProjectInfo: Found projects:
[2025.05.26-06.11.13:537][  0]LogVSAccessor: Display: Unable to create Visual Studio setup instance: 80040154
[2025.05.26-06.11.13:537][  0]LogVSAccessor: Display: Unable to create Visual Studio setup instance: 80040154
[2025.05.26-06.11.13:538][  0]LogVSAccessor: Display: Unable to create Visual Studio setup instance: 80040154
[2025.05.26-06.11.13:666][  0]LogOpenImageDenoise: OIDN starting up
[2025.05.26-06.11.13:678][  0]LogAndroidPermission: UAndroidPermissionCallbackProxy::GetInstance
[2025.05.26-06.11.13:699][  0]LogAudioCaptureCore: Display: No Audio Capture implementations found. Audio input will be silent.
[2025.05.26-06.11.13:699][  0]LogAudioCaptureCore: Display: No Audio Capture implementations found. Audio input will be silent.
[2025.05.26-06.11.14:720][  0]LogCollectionManager: Loaded 0 collections in 0.157839 seconds
[2025.05.26-06.11.14:770][  0]LogFileCache: Scanning file cache for directory 'C:/Users/sasha/Documents/GitHub/unreal_project/Saved/Collections/' took 0.00s
[2025.05.26-06.11.14:770][  0]LogFileCache: Scanning file cache for directory 'C:/Users/sasha/Documents/GitHub/unreal_project/Content/Developers/sasha/Collections/' took 0.00s
[2025.05.26-06.11.14:770][  0]LogFileCache: Scanning file cache for directory 'C:/Users/sasha/Documents/GitHub/unreal_project/Content/Collections/' took 0.00s
[2025.05.26-06.11.14:770][  0]LogEngine: Initializing Engine...
[2025.05.26-06.11.14:929][  0]LogHMD: Optional extension XR_VARJO_quad_views is not available
[2025.05.26-06.11.14:950][  0]LogHMD: Failed to create an OpenXR instance, result is XR_ERROR_RUNTIME_FAILURE. Please check if you have an OpenXR runtime installed. The following extensions were enabled:
[2025.05.26-06.11.14:950][  0]LogHMD: - XR_KHR_D3D11_enable
[2025.05.26-06.11.14:950][  0]LogHMD: - XR_KHR_D3D12_enable
[2025.05.26-06.11.14:950][  0]LogHMD: - XR_KHR_opengl_enable
[2025.05.26-06.11.14:950][  0]LogHMD: - XR_KHR_vulkan_enable
[2025.05.26-06.11.14:950][  0]LogHMD: - XR_KHR_composition_layer_depth
[2025.05.26-06.11.14:950][  0]LogHMD: - XR_KHR_visibility_mask
[2025.05.26-06.11.14:950][  0]LogHMD: - XR_EXT_hand_tracking
[2025.05.26-06.11.14:950][  0]LogHMD: - XR_EXT_eye_gaze_interaction
[2025.05.26-06.11.14:950][  0]LogMagicLeap: Warning: VR disabled because ZI is not enabled.  To enable, in the editor, Edit -> Project Settings -> Plugins -> Magic Leap Plugin -> Enable Zero Iteration
[2025.05.26-06.11.14:951][  0]LogStats: UGameplayTagsManager::InitializeManager -  0.000 s
[2025.05.26-06.11.15:046][  0]LogInit: Initializing FReadOnlyCVARCache
[2025.05.26-06.11.15:053][  0]LogAIModule: Creating AISystem for world Untitled
[2025.05.26-06.11.15:055][  0]LogAudio: Display: Initializing Audio Device Manager...
[2025.05.26-06.11.15:058][  0]LogAudio: Display: Loading Default Audio Settings Objects...
[2025.05.26-06.11.15:058][  0]LogAudio: Display: No default SoundConcurrencyObject specified (or failed to load).
[2025.05.26-06.11.15:059][  0]LogAudio: Display: Audio Device Manager Initialized
[2025.05.26-06.11.15:059][  0]LogAudio: Display: Creating Audio Device:                 Id: 1, Scope: Shared, Realtime: True
[2025.05.26-06.11.15:059][  0]LogAudioMixer: Display: Audio Mixer Platform Settings:
[2025.05.26-06.11.15:059][  0]LogAudioMixer: Display: 	Sample Rate:						  48000
[2025.05.26-06.11.15:059][  0]LogAudioMixer: Display: 	Callback Buffer Frame Size Requested: 1024
[2025.05.26-06.11.15:059][  0]LogAudioMixer: Display: 	Callback Buffer Frame Size To Use:	  1024
[2025.05.26-06.11.15:059][  0]LogAudioMixer: Display: 	Number of buffers to queue:			  1
[2025.05.26-06.11.15:059][  0]LogAudioMixer: Display: 	Max Channels (voices):				  0
[2025.05.26-06.11.15:059][  0]LogAudioMixer: Display: 	Number of Async Source Workers:		  4
[2025.05.26-06.11.15:059][  0]LogAudio: Display: AudioDevice MaxSources: 32
[2025.05.26-06.11.15:059][  0]LogAudio: Display: Audio Spatialization Plugin: Resonance Audio is external send: 1
[2025.05.26-06.11.15:059][  0]LogAudio: Display: Audio Reverb Plugin: Resonance Audio
[2025.05.26-06.11.15:059][  0]LogAudio: Display: Audio Occlusion Plugin: None (built-in).
[2025.05.26-06.11.15:059][  0]LogAudioMixer: Display: Initializing audio mixer.
[2025.05.26-06.11.15:334][  0]LogAudioMixer: Display: 0: FrontLeft
[2025.05.26-06.11.15:334][  0]LogAudioMixer: Display: 1: FrontRight
[2025.05.26-06.11.15:350][  0]LogAudioMixer: Display: Using Audio Device Headset Earphone (HyperX Cloud Alpha S Chat)
[2025.05.26-06.11.15:350][  0]LogAudioMixer: Display: Initializing Sound Submixes...
[2025.05.26-06.11.15:352][  0]LogAudioMixer: Display: Creating Master Submix 'MasterSubmixDefault'
[2025.05.26-06.11.15:352][  0]LogAudioMixer: Display: Creating Master Submix 'MasterReverbSubmixDefault'
[2025.05.26-06.11.15:354][  0]LogAudioMixer: Display: Creating Master Submix 'MasterEQSubmixDefault'
[2025.05.26-06.11.15:739][  0]LogAudioMixer: FMixerPlatformXAudio2::StartAudioStream() called
[2025.05.26-06.11.15:739][  0]LogAudioMixer: Display: Output buffers initialized: Frames=1024, Channels=2, Samples=2048
[2025.05.26-06.11.15:740][  0]LogAudioMixer: Display: Starting AudioMixerPlatformInterface::RunInternal()
[2025.05.26-06.11.15:740][  0]LogAudioMixer: Display: FMixerPlatformXAudio2::SubmitBuffer() called for the first time
[2025.05.26-06.11.15:740][  0]LogInit: FAudioDevice initialized.
[2025.05.26-06.11.15:740][  0]LogAudio: Display: Audio Device (ID: 1) registered with world 'Untitled'.
[2025.05.26-06.11.15:740][  0]LogNetVersion: Set ProjectVersion to 1.0.0.0. Version Checksum will be recalculated on next use.
[2025.05.26-06.11.28:975][  0]LogDerivedDataCache: Saved boot cache 13.23s 122MB C:/Users/sasha/AppData/Local/UnrealEngine/4.27/DerivedDataCache/Boot.ddc.
[2025.05.26-06.11.29:154][  0]LogInit: Texture streaming: Enabled
[2025.05.26-06.11.29:164][  0]LogAnalytics: Display: [UEEditor.Rocket.Release] APIServer = https://datarouter.ol.epicgames.com/. AppVersion = 4.27.2-18319896+++UE4+Release-4.27
[2025.05.26-06.11.29:167][  0]LogEngineSessionManager: EngineSessionManager initialized
[2025.05.26-06.11.29:167][  0]LogEditorSessionSummary: Verbose: Initializing EditorSessionSummaryWriter for editor session tracking
[2025.05.26-06.11.29:169][  0]LogEditorSessionSummary: EditorSessionSummaryWriter initialized
[2025.05.26-06.11.29:190][  0]LogInit: Transaction tracking system initialized
[2025.05.26-06.11.29:208][  0]BlueprintLog: New page: Editor Load
[2025.05.26-06.11.29:257][  0]LocalizationService: Localization service is disabled
[2025.05.26-06.11.29:277][  0]TimingProfiler: Initialize
[2025.05.26-06.11.29:277][  0]TimingProfiler: OnSessionChanged
[2025.05.26-06.11.29:277][  0]LoadingProfiler: Initialize
[2025.05.26-06.11.29:277][  0]LoadingProfiler: OnSessionChanged
[2025.05.26-06.11.29:277][  0]NetworkingProfiler: Initialize
[2025.05.26-06.11.29:277][  0]NetworkingProfiler: OnSessionChanged
[2025.05.26-06.11.29:278][  0]MemoryProfiler: Initialize
[2025.05.26-06.11.29:278][  0]MemoryProfiler: OnSessionChanged
[2025.05.26-06.11.29:332][  0]LogVSAccessor: Display: Unable to create Visual Studio setup instance: 80040154
[2025.05.26-06.11.29:332][  0]LogVSAccessor: Display: Unable to create Visual Studio setup instance: 80040154
[2025.05.26-06.11.29:333][  0]LogVSAccessor: Display: Unable to create Visual Studio setup instance: 80040154
[2025.05.26-06.11.34:197][  0]LogCook: Display: CookSettings for Memory: MemoryMaxUsedVirtual 0MiB, MemoryMaxUsedPhysical 16384MiB, MemoryMinFreeVirtual 0MiB, MemoryMinFreePhysical 1024MiB
[2025.05.26-06.11.34:197][  0]LogCook: Display: Mobile HDR setting 0
[2025.05.26-06.11.34:606][  0]LogFileCache: Scanning file cache for directory 'C:/Users/sasha/Documents/GitHub/unreal_project/Content/' took 0.01s
[2025.05.26-06.11.34:606][  0]LogInit: Display: Engine is initialized. Leaving FEngineLoop::Init()
[2025.05.26-06.11.34:609][  0]SourceControl: Source control is disabled
[2025.05.26-06.11.34:609][  0]LogUnrealEdMisc: Loading editor; pre map load, took 31.193
[2025.05.26-06.11.34:609][  0]Cmd: MAP LOAD FILE="../../../../../../Users/sasha/Documents/GitHub/unreal_project/Content/VRTemplate/Maps/VRTemplateMap.umap" TEMPLATE=0 SHOWPROGRESS=1 FEATURELEVEL=3
[2025.05.26-06.11.34:609][  0]LightingResults: New page: Lighting Build
[2025.05.26-06.11.34:611][  0]LogWorld: UWorld::CleanupWorld for Untitled, bSessionEnded=true, bCleanupResources=true
[2025.05.26-06.11.34:611][  0]LogSlate: InvalidateAllWidgets triggered.  All widgets were invalidated
[2025.05.26-06.11.34:611][  0]MapCheck: New page: Map Check
[2025.05.26-06.11.34:611][  0]LightingResults: New page: Lighting Build
[2025.05.26-06.11.34:615][  0]LogAudio: Display: Audio Device unregistered from world 'None'.
[2025.05.26-06.11.34:617][  0]LogUObjectHash: Compacting FUObjectHashTables data took   0.55ms
[2025.05.26-06.11.44:066][  0]LogStaticMesh: Building static mesh Platform...
[2025.05.26-06.11.44:089][  0]LogStaticMesh: Built static mesh [0.02s] /Game/Resources/Meshes/Platform.Platform
[2025.05.26-06.11.45:749][  0]LogAudio: Display: Audio Device (ID: 1) registered with world 'VRTemplateMap'.
[2025.05.26-06.11.45:750][  0]LogAIModule: Creating AISystem for world VRTemplateMap
[2025.05.26-06.11.45:975][  0]LogEditorServer: Finished looking for orphan Actors (0.000 secs)
[2025.05.26-06.11.46:038][  0]LogUObjectHash: Compacting FUObjectHashTables data took   1.02ms
[2025.05.26-06.11.46:039][  0]Cmd: MAP CHECKDEP NOCLEARLOG
[2025.05.26-06.11.46:039][  0]MapCheck: Map check complete: 0 Error(s), 0 Warning(s), took 0,145ms to complete.
[2025.05.26-06.11.46:039][  0]LogFileHelpers: Loading map 'VRTemplateMap' took 11.430
[2025.05.26-06.11.46:041][  0]LogUnrealEdMisc: Total Editor Startup Time, took 42.625
[2025.05.26-06.11.46:634][  0]LogSlate: Updating window title bar state: overlay mode, drag disabled, window buttons hidden, title bar hidden
[2025.05.26-06.11.46:641][  0]LogSlate: Updating window title bar state: overlay mode, drag disabled, window buttons hidden, title bar hidden
[2025.05.26-06.11.46:646][  0]LogSlate: Updating window title bar state: overlay mode, drag disabled, window buttons hidden, title bar hidden
[2025.05.26-06.11.46:651][  0]LogSlate: Updating window title bar state: overlay mode, drag disabled, window buttons hidden, title bar hidden
[2025.05.26-06.11.47:007][  0]LogNativeClassHierarchy: Verbose: Native class hierarchy populated in 0.0077 seconds. Added 3809 classes and 916 folders.
[2025.05.26-06.11.47:132][  0]LogNativeClassHierarchy: Verbose: Native class hierarchy updated for 'WidgetCarousel' in 0.0003 seconds. Added 0 classes and 0 folders.
[2025.05.26-06.11.47:214][  0]LogPakFile: PakFile PrimaryIndexSize=187
[2025.05.26-06.11.47:214][  0]LogPakFile: PakFile PathHashIndexSize=101
[2025.05.26-06.11.47:214][  0]LogPakFile: PakFile FullDirectoryIndexSize=148
[2025.05.26-06.11.47:214][  0]LogShaderLibrary: Display: ShaderCodeLibraryPakFileMountedCallback: PakFile 'C:/Program Files/Epic Games/UE_4.27/FeaturePacks/FP_FirstPerson.upack' (chunk index -1, root 'root:/') mounted
[2025.05.26-06.11.47:214][  0]LogShaderLibrary: Display: ShaderCodeLibraryPakFileMountedCallback: pending pak file info (ChunkID:-1 Root:root:/ File:C:/Program Files/Epic Games/UE_4.27/FeaturePacks/FP_FirstPerson.upack)
[2025.05.26-06.11.47:214][  0]LogPakFile: OnPakFileMounted2Time == 0.000614
[2025.05.26-06.11.47:282][  0]LogPakFile: PakFile PrimaryIndexSize=189
[2025.05.26-06.11.47:282][  0]LogPakFile: PakFile PathHashIndexSize=101
[2025.05.26-06.11.47:282][  0]LogPakFile: PakFile FullDirectoryIndexSize=152
[2025.05.26-06.11.47:282][  0]LogShaderLibrary: Display: ShaderCodeLibraryPakFileMountedCallback: PakFile 'C:/Program Files/Epic Games/UE_4.27/FeaturePacks/FP_FirstPersonBP.upack' (chunk index -1, root 'root:/') mounted
[2025.05.26-06.11.47:282][  0]LogShaderLibrary: Display: ShaderCodeLibraryPakFileMountedCallback: pending pak file info (ChunkID:-1 Root:root:/ File:C:/Program Files/Epic Games/UE_4.27/FeaturePacks/FP_FirstPersonBP.upack)
[2025.05.26-06.11.47:282][  0]LogPakFile: OnPakFileMounted2Time == 0.000040
[2025.05.26-06.11.47:285][  0]LogPakFile: PakFile PrimaryIndexSize=191
[2025.05.26-06.11.47:285][  0]LogPakFile: PakFile PathHashIndexSize=101
[2025.05.26-06.11.47:285][  0]LogPakFile: PakFile FullDirectoryIndexSize=160
[2025.05.26-06.11.47:285][  0]LogShaderLibrary: Display: ShaderCodeLibraryPakFileMountedCallback: PakFile 'C:/Program Files/Epic Games/UE_4.27/FeaturePacks/MobileStarterContent.upack' (chunk index -1, root 'root:/') mounted
[2025.05.26-06.11.47:285][  0]LogShaderLibrary: Display: ShaderCodeLibraryPakFileMountedCallback: pending pak file info (ChunkID:-1 Root:root:/ File:C:/Program Files/Epic Games/UE_4.27/FeaturePacks/MobileStarterContent.upack)
[2025.05.26-06.11.47:285][  0]LogPakFile: OnPakFileMounted2Time == 0.000047
[2025.05.26-06.11.47:347][  0]LogPakFile: PakFile PrimaryIndexSize=185
[2025.05.26-06.11.47:347][  0]LogPakFile: PakFile PathHashIndexSize=101
[2025.05.26-06.11.47:347][  0]LogPakFile: PakFile FullDirectoryIndexSize=148
[2025.05.26-06.11.47:347][  0]LogShaderLibrary: Display: ShaderCodeLibraryPakFileMountedCallback: PakFile 'C:/Program Files/Epic Games/UE_4.27/FeaturePacks/StarterContent.upack' (chunk index -1, root 'root:/') mounted
[2025.05.26-06.11.47:347][  0]LogShaderLibrary: Display: ShaderCodeLibraryPakFileMountedCallback: pending pak file info (ChunkID:-1 Root:root:/ File:C:/Program Files/Epic Games/UE_4.27/FeaturePacks/StarterContent.upack)
[2025.05.26-06.11.47:347][  0]LogPakFile: OnPakFileMounted2Time == 0.000046
[2025.05.26-06.11.47:351][  0]LogPakFile: PakFile PrimaryIndexSize=190
[2025.05.26-06.11.47:351][  0]LogPakFile: PakFile PathHashIndexSize=101
[2025.05.26-06.11.47:351][  0]LogPakFile: PakFile FullDirectoryIndexSize=154
[2025.05.26-06.11.47:351][  0]LogShaderLibrary: Display: ShaderCodeLibraryPakFileMountedCallback: PakFile 'C:/Program Files/Epic Games/UE_4.27/FeaturePacks/TP_2DSideScroller.upack' (chunk index -1, root 'root:/') mounted
[2025.05.26-06.11.47:351][  0]LogShaderLibrary: Display: ShaderCodeLibraryPakFileMountedCallback: pending pak file info (ChunkID:-1 Root:root:/ File:C:/Program Files/Epic Games/UE_4.27/FeaturePacks/TP_2DSideScroller.upack)
[2025.05.26-06.11.47:351][  0]LogPakFile: OnPakFileMounted2Time == 0.000048
[2025.05.26-06.11.47:355][  0]LogPakFile: PakFile PrimaryIndexSize=192
[2025.05.26-06.11.47:355][  0]LogPakFile: PakFile PathHashIndexSize=101
[2025.05.26-06.11.47:355][  0]LogPakFile: PakFile FullDirectoryIndexSize=158
[2025.05.26-06.11.47:355][  0]LogShaderLibrary: Display: ShaderCodeLibraryPakFileMountedCallback: PakFile 'C:/Program Files/Epic Games/UE_4.27/FeaturePacks/TP_2DSideScrollerBP.upack' (chunk index -1, root 'root:/') mounted
[2025.05.26-06.11.47:355][  0]LogShaderLibrary: Display: ShaderCodeLibraryPakFileMountedCallback: pending pak file info (ChunkID:-1 Root:root:/ File:C:/Program Files/Epic Games/UE_4.27/FeaturePacks/TP_2DSideScrollerBP.upack)
[2025.05.26-06.11.47:355][  0]LogPakFile: OnPakFileMounted2Time == 0.000036
[2025.05.26-06.11.47:357][  0]LogPakFile: PakFile PrimaryIndexSize=182
[2025.05.26-06.11.47:357][  0]LogPakFile: PakFile PathHashIndexSize=101
[2025.05.26-06.11.47:357][  0]LogPakFile: PakFile FullDirectoryIndexSize=138
[2025.05.26-06.11.47:357][  0]LogShaderLibrary: Display: ShaderCodeLibraryPakFileMountedCallback: PakFile 'C:/Program Files/Epic Games/UE_4.27/FeaturePacks/TP_Flying.upack' (chunk index -1, root 'root:/') mounted
[2025.05.26-06.11.47:357][  0]LogShaderLibrary: Display: ShaderCodeLibraryPakFileMountedCallback: pending pak file info (ChunkID:-1 Root:root:/ File:C:/Program Files/Epic Games/UE_4.27/FeaturePacks/TP_Flying.upack)
[2025.05.26-06.11.47:357][  0]LogPakFile: OnPakFileMounted2Time == 0.000055
[2025.05.26-06.11.47:360][  0]LogPakFile: PakFile PrimaryIndexSize=184
[2025.05.26-06.11.47:360][  0]LogPakFile: PakFile PathHashIndexSize=101
[2025.05.26-06.11.47:360][  0]LogPakFile: PakFile FullDirectoryIndexSize=142
[2025.05.26-06.11.47:360][  0]LogShaderLibrary: Display: ShaderCodeLibraryPakFileMountedCallback: PakFile 'C:/Program Files/Epic Games/UE_4.27/FeaturePacks/TP_FlyingBP.upack' (chunk index -1, root 'root:/') mounted
[2025.05.26-06.11.47:360][  0]LogShaderLibrary: Display: ShaderCodeLibraryPakFileMountedCallback: pending pak file info (ChunkID:-1 Root:root:/ File:C:/Program Files/Epic Games/UE_4.27/FeaturePacks/TP_FlyingBP.upack)
[2025.05.26-06.11.47:360][  0]LogPakFile: OnPakFileMounted2Time == 0.000071
[2025.05.26-06.11.47:423][  0]LogPakFile: PakFile PrimaryIndexSize=188
[2025.05.26-06.11.47:423][  0]LogPakFile: PakFile PathHashIndexSize=101
[2025.05.26-06.11.47:423][  0]LogPakFile: PakFile FullDirectoryIndexSize=150
[2025.05.26-06.11.47:423][  0]LogShaderLibrary: Display: ShaderCodeLibraryPakFileMountedCallback: PakFile 'C:/Program Files/Epic Games/UE_4.27/FeaturePacks/TP_HandheldARBP.upack' (chunk index -1, root 'root:/') mounted
[2025.05.26-06.11.47:423][  0]LogShaderLibrary: Display: ShaderCodeLibraryPakFileMountedCallback: pending pak file info (ChunkID:-1 Root:root:/ File:C:/Program Files/Epic Games/UE_4.27/FeaturePacks/TP_HandheldARBP.upack)
[2025.05.26-06.11.47:423][  0]LogPakFile: OnPakFileMounted2Time == 0.000037
[2025.05.26-06.11.47:429][  0]LogPakFile: PakFile PrimaryIndexSize=182
[2025.05.26-06.11.47:429][  0]LogPakFile: PakFile PathHashIndexSize=101
[2025.05.26-06.11.47:429][  0]LogPakFile: PakFile FullDirectoryIndexSize=138
[2025.05.26-06.11.47:429][  0]LogShaderLibrary: Display: ShaderCodeLibraryPakFileMountedCallback: PakFile 'C:/Program Files/Epic Games/UE_4.27/FeaturePacks/TP_Puzzle.upack' (chunk index -1, root 'root:/') mounted
[2025.05.26-06.11.47:429][  0]LogShaderLibrary: Display: ShaderCodeLibraryPakFileMountedCallback: pending pak file info (ChunkID:-1 Root:root:/ File:C:/Program Files/Epic Games/UE_4.27/FeaturePacks/TP_Puzzle.upack)
[2025.05.26-06.11.47:429][  0]LogPakFile: OnPakFileMounted2Time == 0.000038
[2025.05.26-06.11.47:431][  0]LogPakFile: PakFile PrimaryIndexSize=184
[2025.05.26-06.11.47:431][  0]LogPakFile: PakFile PathHashIndexSize=101
[2025.05.26-06.11.47:431][  0]LogPakFile: PakFile FullDirectoryIndexSize=142
[2025.05.26-06.11.47:431][  0]LogShaderLibrary: Display: ShaderCodeLibraryPakFileMountedCallback: PakFile 'C:/Program Files/Epic Games/UE_4.27/FeaturePacks/TP_PuzzleBP.upack' (chunk index -1, root 'root:/') mounted
[2025.05.26-06.11.47:431][  0]LogShaderLibrary: Display: ShaderCodeLibraryPakFileMountedCallback: pending pak file info (ChunkID:-1 Root:root:/ File:C:/Program Files/Epic Games/UE_4.27/FeaturePacks/TP_PuzzleBP.upack)
[2025.05.26-06.11.47:431][  0]LogPakFile: OnPakFileMounted2Time == 0.000053
[2025.05.26-06.11.47:433][  0]LogPakFile: PakFile PrimaryIndexSize=183
[2025.05.26-06.11.47:433][  0]LogPakFile: PakFile PathHashIndexSize=101
[2025.05.26-06.11.47:433][  0]LogPakFile: PakFile FullDirectoryIndexSize=140
[2025.05.26-06.11.47:433][  0]LogShaderLibrary: Display: ShaderCodeLibraryPakFileMountedCallback: PakFile 'C:/Program Files/Epic Games/UE_4.27/FeaturePacks/TP_Rolling.upack' (chunk index -1, root 'root:/') mounted
[2025.05.26-06.11.47:433][  0]LogShaderLibrary: Display: ShaderCodeLibraryPakFileMountedCallback: pending pak file info (ChunkID:-1 Root:root:/ File:C:/Program Files/Epic Games/UE_4.27/FeaturePacks/TP_Rolling.upack)
[2025.05.26-06.11.47:433][  0]LogPakFile: OnPakFileMounted2Time == 0.000052
[2025.05.26-06.11.47:435][  0]LogPakFile: PakFile PrimaryIndexSize=185
[2025.05.26-06.11.47:435][  0]LogPakFile: PakFile PathHashIndexSize=101
[2025.05.26-06.11.47:435][  0]LogPakFile: PakFile FullDirectoryIndexSize=144
[2025.05.26-06.11.47:435][  0]LogShaderLibrary: Display: ShaderCodeLibraryPakFileMountedCallback: PakFile 'C:/Program Files/Epic Games/UE_4.27/FeaturePacks/TP_RollingBP.upack' (chunk index -1, root 'root:/') mounted
[2025.05.26-06.11.47:435][  0]LogShaderLibrary: Display: ShaderCodeLibraryPakFileMountedCallback: pending pak file info (ChunkID:-1 Root:root:/ File:C:/Program Files/Epic Games/UE_4.27/FeaturePacks/TP_RollingBP.upack)
[2025.05.26-06.11.47:435][  0]LogPakFile: OnPakFileMounted2Time == 0.000040
[2025.05.26-06.11.47:497][  0]LogPakFile: PakFile PrimaryIndexSize=188
[2025.05.26-06.11.47:497][  0]LogPakFile: PakFile PathHashIndexSize=101
[2025.05.26-06.11.47:497][  0]LogPakFile: PakFile FullDirectoryIndexSize=150
[2025.05.26-06.11.47:497][  0]LogShaderLibrary: Display: ShaderCodeLibraryPakFileMountedCallback: PakFile 'C:/Program Files/Epic Games/UE_4.27/FeaturePacks/TP_SideScroller.upack' (chunk index -1, root 'root:/') mounted
[2025.05.26-06.11.47:497][  0]LogShaderLibrary: Display: ShaderCodeLibraryPakFileMountedCallback: pending pak file info (ChunkID:-1 Root:root:/ File:C:/Program Files/Epic Games/UE_4.27/FeaturePacks/TP_SideScroller.upack)
[2025.05.26-06.11.47:497][  0]LogPakFile: OnPakFileMounted2Time == 0.000041
[2025.05.26-06.11.47:499][  0]LogPakFile: PakFile PrimaryIndexSize=190
[2025.05.26-06.11.47:499][  0]LogPakFile: PakFile PathHashIndexSize=101
[2025.05.26-06.11.47:499][  0]LogPakFile: PakFile FullDirectoryIndexSize=154
[2025.05.26-06.11.47:499][  0]LogShaderLibrary: Display: ShaderCodeLibraryPakFileMountedCallback: PakFile 'C:/Program Files/Epic Games/UE_4.27/FeaturePacks/TP_SideScrollerBP.upack' (chunk index -1, root 'root:/') mounted
[2025.05.26-06.11.47:499][  0]LogShaderLibrary: Display: ShaderCodeLibraryPakFileMountedCallback: pending pak file info (ChunkID:-1 Root:root:/ File:C:/Program Files/Epic Games/UE_4.27/FeaturePacks/TP_SideScrollerBP.upack)
[2025.05.26-06.11.47:499][  0]LogPakFile: OnPakFileMounted2Time == 0.000041
[2025.05.26-06.11.47:501][  0]LogPakFile: PakFile PrimaryIndexSize=187
[2025.05.26-06.11.47:501][  0]LogPakFile: PakFile PathHashIndexSize=101
[2025.05.26-06.11.47:501][  0]LogPakFile: PakFile FullDirectoryIndexSize=148
[2025.05.26-06.11.47:501][  0]LogShaderLibrary: Display: ShaderCodeLibraryPakFileMountedCallback: PakFile 'C:/Program Files/Epic Games/UE_4.27/FeaturePacks/TP_ThirdPerson.upack' (chunk index -1, root 'root:/') mounted
[2025.05.26-06.11.47:501][  0]LogShaderLibrary: Display: ShaderCodeLibraryPakFileMountedCallback: pending pak file info (ChunkID:-1 Root:root:/ File:C:/Program Files/Epic Games/UE_4.27/FeaturePacks/TP_ThirdPerson.upack)
[2025.05.26-06.11.47:501][  0]LogPakFile: OnPakFileMounted2Time == 0.000038
[2025.05.26-06.11.47:503][  0]LogPakFile: PakFile PrimaryIndexSize=189
[2025.05.26-06.11.47:503][  0]LogPakFile: PakFile PathHashIndexSize=101
[2025.05.26-06.11.47:503][  0]LogPakFile: PakFile FullDirectoryIndexSize=152
[2025.05.26-06.11.47:503][  0]LogShaderLibrary: Display: ShaderCodeLibraryPakFileMountedCallback: PakFile 'C:/Program Files/Epic Games/UE_4.27/FeaturePacks/TP_ThirdPersonBP.upack' (chunk index -1, root 'root:/') mounted
[2025.05.26-06.11.47:503][  0]LogShaderLibrary: Display: ShaderCodeLibraryPakFileMountedCallback: pending pak file info (ChunkID:-1 Root:root:/ File:C:/Program Files/Epic Games/UE_4.27/FeaturePacks/TP_ThirdPersonBP.upack)
[2025.05.26-06.11.47:503][  0]LogPakFile: OnPakFileMounted2Time == 0.000033
[2025.05.26-06.11.47:505][  0]LogPakFile: PakFile PrimaryIndexSize=183
[2025.05.26-06.11.47:505][  0]LogPakFile: PakFile PathHashIndexSize=101
[2025.05.26-06.11.47:505][  0]LogPakFile: PakFile FullDirectoryIndexSize=140
[2025.05.26-06.11.47:505][  0]LogShaderLibrary: Display: ShaderCodeLibraryPakFileMountedCallback: PakFile 'C:/Program Files/Epic Games/UE_4.27/FeaturePacks/TP_TopDown.upack' (chunk index -1, root 'root:/') mounted
[2025.05.26-06.11.47:505][  0]LogShaderLibrary: Display: ShaderCodeLibraryPakFileMountedCallback: pending pak file info (ChunkID:-1 Root:root:/ File:C:/Program Files/Epic Games/UE_4.27/FeaturePacks/TP_TopDown.upack)
[2025.05.26-06.11.47:505][  0]LogPakFile: OnPakFileMounted2Time == 0.000042
[2025.05.26-06.11.47:506][  0]LogPakFile: PakFile PrimaryIndexSize=185
[2025.05.26-06.11.47:506][  0]LogPakFile: PakFile PathHashIndexSize=101
[2025.05.26-06.11.47:506][  0]LogPakFile: PakFile FullDirectoryIndexSize=144
[2025.05.26-06.11.47:506][  0]LogShaderLibrary: Display: ShaderCodeLibraryPakFileMountedCallback: PakFile 'C:/Program Files/Epic Games/UE_4.27/FeaturePacks/TP_TopDownBP.upack' (chunk index -1, root 'root:/') mounted
[2025.05.26-06.11.47:506][  0]LogShaderLibrary: Display: ShaderCodeLibraryPakFileMountedCallback: pending pak file info (ChunkID:-1 Root:root:/ File:C:/Program Files/Epic Games/UE_4.27/FeaturePacks/TP_TopDownBP.upack)
[2025.05.26-06.11.47:506][  0]LogPakFile: OnPakFileMounted2Time == 0.000032
[2025.05.26-06.11.47:567][  0]LogPakFile: PakFile PrimaryIndexSize=185
[2025.05.26-06.11.47:567][  0]LogPakFile: PakFile PathHashIndexSize=101
[2025.05.26-06.11.47:567][  0]LogPakFile: PakFile FullDirectoryIndexSize=144
[2025.05.26-06.11.47:567][  0]LogShaderLibrary: Display: ShaderCodeLibraryPakFileMountedCallback: PakFile 'C:/Program Files/Epic Games/UE_4.27/FeaturePacks/TP_TwinStick.upack' (chunk index -1, root 'root:/') mounted
[2025.05.26-06.11.47:567][  0]LogShaderLibrary: Display: ShaderCodeLibraryPakFileMountedCallback: pending pak file info (ChunkID:-1 Root:root:/ File:C:/Program Files/Epic Games/UE_4.27/FeaturePacks/TP_TwinStick.upack)
[2025.05.26-06.11.47:567][  0]LogPakFile: OnPakFileMounted2Time == 0.000050
[2025.05.26-06.11.47:570][  0]LogPakFile: PakFile PrimaryIndexSize=187
[2025.05.26-06.11.47:570][  0]LogPakFile: PakFile PathHashIndexSize=101
[2025.05.26-06.11.47:570][  0]LogPakFile: PakFile FullDirectoryIndexSize=148
[2025.05.26-06.11.47:570][  0]LogShaderLibrary: Display: ShaderCodeLibraryPakFileMountedCallback: PakFile 'C:/Program Files/Epic Games/UE_4.27/FeaturePacks/TP_TwinStickBP.upack' (chunk index -1, root 'root:/') mounted
[2025.05.26-06.11.47:570][  0]LogShaderLibrary: Display: ShaderCodeLibraryPakFileMountedCallback: pending pak file info (ChunkID:-1 Root:root:/ File:C:/Program Files/Epic Games/UE_4.27/FeaturePacks/TP_TwinStickBP.upack)
[2025.05.26-06.11.47:570][  0]LogPakFile: OnPakFileMounted2Time == 0.000035
[2025.05.26-06.11.47:572][  0]LogPakFile: PakFile PrimaryIndexSize=183
[2025.05.26-06.11.47:572][  0]LogPakFile: PakFile PathHashIndexSize=101
[2025.05.26-06.11.47:572][  0]LogPakFile: PakFile FullDirectoryIndexSize=140
[2025.05.26-06.11.47:572][  0]LogShaderLibrary: Display: ShaderCodeLibraryPakFileMountedCallback: PakFile 'C:/Program Files/Epic Games/UE_4.27/FeaturePacks/TP_Vehicle.upack' (chunk index -1, root 'root:/') mounted
[2025.05.26-06.11.47:572][  0]LogShaderLibrary: Display: ShaderCodeLibraryPakFileMountedCallback: pending pak file info (ChunkID:-1 Root:root:/ File:C:/Program Files/Epic Games/UE_4.27/FeaturePacks/TP_Vehicle.upack)
[2025.05.26-06.11.47:572][  0]LogPakFile: OnPakFileMounted2Time == 0.000033
[2025.05.26-06.11.47:574][  0]LogPakFile: PakFile PrimaryIndexSize=186
[2025.05.26-06.11.47:574][  0]LogPakFile: PakFile PathHashIndexSize=101
[2025.05.26-06.11.47:574][  0]LogPakFile: PakFile FullDirectoryIndexSize=146
[2025.05.26-06.11.47:574][  0]LogShaderLibrary: Display: ShaderCodeLibraryPakFileMountedCallback: PakFile 'C:/Program Files/Epic Games/UE_4.27/FeaturePacks/TP_VehicleAdv.upack' (chunk index -1, root 'root:/') mounted
[2025.05.26-06.11.47:574][  0]LogShaderLibrary: Display: ShaderCodeLibraryPakFileMountedCallback: pending pak file info (ChunkID:-1 Root:root:/ File:C:/Program Files/Epic Games/UE_4.27/FeaturePacks/TP_VehicleAdv.upack)
[2025.05.26-06.11.47:574][  0]LogPakFile: OnPakFileMounted2Time == 0.000033
[2025.05.26-06.11.47:576][  0]LogPakFile: PakFile PrimaryIndexSize=188
[2025.05.26-06.11.47:576][  0]LogPakFile: PakFile PathHashIndexSize=101
[2025.05.26-06.11.47:576][  0]LogPakFile: PakFile FullDirectoryIndexSize=150
[2025.05.26-06.11.47:576][  0]LogShaderLibrary: Display: ShaderCodeLibraryPakFileMountedCallback: PakFile 'C:/Program Files/Epic Games/UE_4.27/FeaturePacks/TP_VehicleAdvBP.upack' (chunk index -1, root 'root:/') mounted
[2025.05.26-06.11.47:576][  0]LogShaderLibrary: Display: ShaderCodeLibraryPakFileMountedCallback: pending pak file info (ChunkID:-1 Root:root:/ File:C:/Program Files/Epic Games/UE_4.27/FeaturePacks/TP_VehicleAdvBP.upack)
[2025.05.26-06.11.47:576][  0]LogPakFile: OnPakFileMounted2Time == 0.000030
[2025.05.26-06.11.47:638][  0]LogPakFile: PakFile PrimaryIndexSize=185
[2025.05.26-06.11.47:638][  0]LogPakFile: PakFile PathHashIndexSize=101
[2025.05.26-06.11.47:638][  0]LogPakFile: PakFile FullDirectoryIndexSize=144
[2025.05.26-06.11.47:638][  0]LogShaderLibrary: Display: ShaderCodeLibraryPakFileMountedCallback: PakFile 'C:/Program Files/Epic Games/UE_4.27/FeaturePacks/TP_VehicleBP.upack' (chunk index -1, root 'root:/') mounted
[2025.05.26-06.11.47:638][  0]LogShaderLibrary: Display: ShaderCodeLibraryPakFileMountedCallback: pending pak file info (ChunkID:-1 Root:root:/ File:C:/Program Files/Epic Games/UE_4.27/FeaturePacks/TP_VehicleBP.upack)
[2025.05.26-06.11.47:638][  0]LogPakFile: OnPakFileMounted2Time == 0.000036
[2025.05.26-06.11.47:641][  0]LogPakFile: PakFile PrimaryIndexSize=192
[2025.05.26-06.11.47:641][  0]LogPakFile: PakFile PathHashIndexSize=101
[2025.05.26-06.11.47:641][  0]LogPakFile: PakFile FullDirectoryIndexSize=158
[2025.05.26-06.11.47:641][  0]LogShaderLibrary: Display: ShaderCodeLibraryPakFileMountedCallback: PakFile 'C:/Program Files/Epic Games/UE_4.27/FeaturePacks/TP_VirtualRealityBP.upack' (chunk index -1, root 'root:/') mounted
[2025.05.26-06.11.47:641][  0]LogShaderLibrary: Display: ShaderCodeLibraryPakFileMountedCallback: pending pak file info (ChunkID:-1 Root:root:/ File:C:/Program Files/Epic Games/UE_4.27/FeaturePacks/TP_VirtualRealityBP.upack)
[2025.05.26-06.11.47:641][  0]LogPakFile: OnPakFileMounted2Time == 0.000034
[2025.05.26-06.11.48:092][  0]LogNativeClassHierarchy: Verbose: Native class hierarchy updated for 'AddContentDialog' in 0.0002 seconds. Added 0 classes and 0 folders.
[2025.05.26-06.11.48:096][  0]LogNativeClassHierarchy: Verbose: Native class hierarchy updated for 'SceneOutliner' in 0.0003 seconds. Added 2 classes and 0 folders.
[2025.05.26-06.11.48:164][  0]LogSlate: Took 0.000216 seconds to synchronously load lazily loaded font '../../../Engine/Content/Slate/Fonts/Roboto-Regular.ttf' (155K)
[2025.05.26-06.11.48:166][  0]LogSlate: Took 0.000585 seconds to synchronously load lazily loaded font '../../../Engine/Content/Editor/Slate/Fonts/FontAwesome.ttf' (139K)
[2025.05.26-06.11.48:167][  0]LogSlate: Took 0.000149 seconds to synchronously load lazily loaded font '../../../Engine/Content/Slate/Fonts/Roboto-Bold.ttf' (160K)
[2025.05.26-06.11.48:863][  0]LogRenderer: Reallocating scene render targets to support 1208x568 Format 9 NumSamples 4 (Frame:1).
[2025.05.26-06.11.49:198][  0]LogNativeClassHierarchy: Verbose: Native class hierarchy updated for 'HierarchicalLODOutliner' in 0.0003 seconds. Added 0 classes and 0 folders.
[2025.05.26-06.11.49:198][  0]LogLoad: (Engine Initialization) Total time: 45.78 seconds
[2025.05.26-06.11.49:198][  0]LogLoad: (Engine Initialization) Total Blueprint compile time: 0.00 seconds
[2025.05.26-06.11.49:315][  0]LogAssetRegistry: Asset discovery search completed in 38.1993 seconds
[2025.05.26-06.11.49:319][  0]LogCollectionManager: Fixed up redirectors for 0 collections in 0.000003 seconds (updated 0 objects)
[2025.05.26-06.11.49:321][  0]LogContentStreaming: Texture pool size now 600 MB
[2025.05.26-06.11.50:232][  2]LogResonanceAudio: Display: Resonance Audio Listener is initialized
[2025.05.26-06.11.50:245][  2]LogSlate: Took 0.000727 seconds to synchronously load lazily loaded font '../../../Engine/Content/Slate/Fonts/Roboto-Light.ttf' (167K)
[2025.05.26-06.11.50:798][  4]LogSlate: Took 0.000295 seconds to synchronously load lazily loaded font '../../../Engine/Content/Slate/Fonts/Roboto-Light.ttf' (167K)
[2025.05.26-06.11.55:488][ 18]LogAssetEditorSubsystem: Opening Asset editor for StaticMesh /Game/Resources/Meshes/Platform.Platform
[2025.05.26-06.11.55:508][ 18]LogTexture: Default maximum texture size for cubemaps generated from long-lat sources has been changed from 512 to unlimited. In order to preserve old behaiour for '/Engine/EditorMaterials/AssetViewer/EpicQuadPanorama_CC+EV1.EpicQuadPanorama_CC+EV1', its maximum texture size has been explicitly set to 512.
[2025.05.26-06.11.55:636][ 18]LogTexture: Default maximum texture size for cubemaps generated from long-lat sources has been changed from 512 to unlimited. In order to preserve old behaiour for '/Engine/MapTemplates/Sky/SunsetAmbientCubemap.SunsetAmbientCubemap', its maximum texture size has been explicitly set to 512.
[2025.05.26-06.11.55:926][ 18]LogAssetEditorSubsystem: Opening Asset editor for Blueprint /Game/Andrey/Objects/BP_Platform.BP_Platform
[2025.05.26-06.11.56:090][ 18]LogNativeClassHierarchy: Verbose: Native class hierarchy updated for 'BlueprintGraph' in 0.0005 seconds. Added 126 classes and 0 folders.
[2025.05.26-06.11.56:830][ 18]LogSlate: Took 0.000194 seconds to synchronously load lazily loaded font '../../../Engine/Content/Slate/Fonts/Roboto-BoldCondensed.ttf' (158K)
[2025.05.26-06.11.56:899][ 19]LogSlate: Took 0.000633 seconds to synchronously load lazily loaded font '../../../Engine/Content/Slate/Fonts/Roboto-Italic.ttf' (157K)
[2025.05.26-06.12.37:529][411]LogAssetEditorSubsystem: Opening Asset editor for Blueprint /Game/Sanya_Durex/BP_components/BP_Wheel.BP_Wheel
[2025.05.26-06.12.45:852][894]LogAssetEditorSubsystem: Opening Asset editor for Blueprint /Game/Andrey/Objects/BP_Wheel.BP_Wheel
[2025.05.26-06.12.50:282][146]LogRenderer: Reallocating scene render targets to support 1208x704 Format 9 NumSamples 4 (Frame:1).
[2025.05.26-06.13.06:563][121]LogWindowsTextInputMethodSystem: Display: IME system deactivated.
[2025.05.26-06.13.06:563][121]LogWindowsTextInputMethodSystem: Display: IME system deactivated.
[2025.05.26-06.14.18:179][404]Cmd: OBJ SAVEPACKAGE PACKAGE="/Game/Andrey/Objects/BP_Wheel" FILE="../../../../../../Users/sasha/Documents/GitHub/unreal_project/Content/Andrey/Objects/BP_Wheel.uasset" SILENT=true
[2025.05.26-06.14.18:189][404]LogSavePackage: Moving '../../../../../../Users/sasha/Documents/GitHub/unreal_project/Saved/BP_WheelB8F5BA5E493E54C523120BAE333EC4A0.tmp' to '../../../../../../Users/sasha/Documents/GitHub/unreal_project/Content/Andrey/Objects/BP_Wheel.uasset'
[2025.05.26-06.14.18:202][404]AssetCheck: New page: Asset Save: BP_Wheel
[2025.05.26-06.14.18:203][404]LogContentValidation: Display: Validating Blueprint /Game/Andrey/Objects/BP_Wheel.BP_Wheel
[2025.05.26-06.14.24:392][775]Cmd: OBJ SAVEPACKAGE PACKAGE="/Game/Sanya_Durex/BP_components/BP_Wheel" FILE="../../../../../../Users/sasha/Documents/GitHub/unreal_project/Content/Sanya_Durex/BP_components/BP_Wheel.uasset" SILENT=true
[2025.05.26-06.14.24:399][775]LogSavePackage: Moving '../../../../../../Users/sasha/Documents/GitHub/unreal_project/Saved/BP_Wheel1FAED3C147F0B0420A047BA5F24E5529.tmp' to '../../../../../../Users/sasha/Documents/GitHub/unreal_project/Content/Sanya_Durex/BP_components/BP_Wheel.uasset'
[2025.05.26-06.14.24:412][775]AssetCheck: New page: Asset Save: BP_Wheel
[2025.05.26-06.14.24:412][775]LogContentValidation: Display: Validating Blueprint /Game/Sanya_Durex/BP_components/BP_Wheel.BP_Wheel
[2025.05.26-06.14.28:905][ 45]LogWorld: UWorld::CleanupWorld for World_15, bSessionEnded=true, bCleanupResources=true
[2025.05.26-06.14.28:905][ 45]LogSlate: InvalidateAllWidgets triggered.  All widgets were invalidated
[2025.05.26-06.14.30:616][145]LogActorComponent: UnregisterComponent: (/Engine/Transient.EditorFloorComp) Not registered. Aborting.
[2025.05.26-06.14.30:616][145]LogWorld: UWorld::CleanupWorld for World_16, bSessionEnded=true, bCleanupResources=true
[2025.05.26-06.14.30:616][145]LogSlate: InvalidateAllWidgets triggered.  All widgets were invalidated
[2025.05.26-06.14.34:626][384]LogEditorViewport: Clicking on Actor (LMB): BP_Wheel_C (BP_Wheel)
[2025.05.26-06.14.36:455][493]Cmd: DELETE
[2025.05.26-06.14.36:455][493]Cmd: ACTOR DELETE
[2025.05.26-06.14.36:466][493]LogEditorActor: Deleted Actor: BP_Wheel_C
[2025.05.26-06.14.36:486][493]LogUObjectHash: Compacting FUObjectHashTables data took   1.88ms
[2025.05.26-06.14.36:490][493]LogEditorActor: Deleted 1 Actors (0.034 secs)
[2025.05.26-06.15.07:137][326]LogTemp: Repeating last play command: Simulate
[2025.05.26-06.15.07:143][326]BlueprintLog: New page: Pre-Play auto-recompile
[2025.05.26-06.15.07:143][326]LogPlayLevel: [PlayLevel] Compiling BP_Wheel before play...
[2025.05.26-06.15.07:179][326]LogUObjectHash: Compacting FUObjectHashTables data took   1.69ms
[2025.05.26-06.15.07:181][326]LogPlayLevel: PlayLevel: Blueprint regeneration took 38 ms (1 blueprints)
[2025.05.26-06.15.07:184][326]PIE: New page: SIE session: VRTemplateMap (26 мая 2025 г., 12:15:07)
[2025.05.26-06.15.07:185][326]LogOnline: OSS: Creating online subsystem instance for: NULL
[2025.05.26-06.15.07:187][326]LogOnline: OSS: TryLoadSubsystemAndSetDefault: Loaded subsystem for module [NULL]
[2025.05.26-06.15.07:187][326]LogPlayLevel: Creating play world package: /Game/VRTemplate/Maps/UEDPIE_0_VRTemplateMap
[2025.05.26-06.15.07:194][326]LogPlayLevel: PIE: StaticDuplicateObject took: (0.005987s)
[2025.05.26-06.15.07:195][326]LogAIModule: Creating AISystem for world VRTemplateMap
[2025.05.26-06.15.07:195][326]LogPlayLevel: PIE: World Init took: (0.000928s)
[2025.05.26-06.15.07:195][326]LogPlayLevel: PIE: Created PIE world by copying editor world from /Game/VRTemplate/Maps/VRTemplateMap.VRTemplateMap to /Game/VRTemplate/Maps/UEDPIE_0_VRTemplateMap.VRTemplateMap (0.007054s)
[2025.05.26-06.15.07:211][326]LogUObjectHash: Compacting FUObjectHashTables data took   1.29ms
[2025.05.26-06.15.07:211][326]LogAudio: Display: Creating Audio Device:                 Id: 2, Scope: Unique, Realtime: True
[2025.05.26-06.15.07:211][326]LogAudioMixer: Display: Audio Mixer Platform Settings:
[2025.05.26-06.15.07:211][326]LogAudioMixer: Display: 	Sample Rate:						  48000
[2025.05.26-06.15.07:211][326]LogAudioMixer: Display: 	Callback Buffer Frame Size Requested: 1024
[2025.05.26-06.15.07:211][326]LogAudioMixer: Display: 	Callback Buffer Frame Size To Use:	  1024
[2025.05.26-06.15.07:211][326]LogAudioMixer: Display: 	Number of buffers to queue:			  1
[2025.05.26-06.15.07:211][326]LogAudioMixer: Display: 	Max Channels (voices):				  0
[2025.05.26-06.15.07:211][326]LogAudioMixer: Display: 	Number of Async Source Workers:		  4
[2025.05.26-06.15.07:211][326]LogAudio: Display: AudioDevice MaxSources: 32
[2025.05.26-06.15.07:212][326]LogAudio: Display: Audio Spatialization Plugin: Resonance Audio is external send: 1
[2025.05.26-06.15.07:212][326]LogAudio: Display: Audio Reverb Plugin: Resonance Audio
[2025.05.26-06.15.07:212][326]LogAudio: Display: Audio Occlusion Plugin: None (built-in).
[2025.05.26-06.15.07:212][326]LogAudioMixer: Display: Initializing audio mixer.
[2025.05.26-06.15.07:217][326]LogAudioMixer: Display: 0: FrontLeft
[2025.05.26-06.15.07:217][326]LogAudioMixer: Display: 1: FrontRight
[2025.05.26-06.15.07:225][326]LogAudioMixer: Display: Using Audio Device Headset Earphone (HyperX Cloud Alpha S Chat)
[2025.05.26-06.15.07:225][326]LogAudioMixer: Display: Initializing Sound Submixes...
[2025.05.26-06.15.07:225][326]LogAudioMixer: Display: Creating Master Submix 'MasterSubmixDefault'
[2025.05.26-06.15.07:225][326]LogAudioMixer: Display: Creating Master Submix 'MasterReverbSubmixDefault'
[2025.05.26-06.15.07:225][326]LogAudioMixer: Display: Creating Master Submix 'MasterEQSubmixDefault'
[2025.05.26-06.15.07:225][326]LogAudioMixer: FMixerPlatformXAudio2::StartAudioStream() called
[2025.05.26-06.15.07:225][326]LogAudioMixer: Display: Output buffers initialized: Frames=1024, Channels=2, Samples=2048
[2025.05.26-06.15.07:226][326]LogAudioMixer: Display: Starting AudioMixerPlatformInterface::RunInternal()
[2025.05.26-06.15.07:226][326]LogAudioMixer: Display: FMixerPlatformXAudio2::SubmitBuffer() called for the first time
[2025.05.26-06.15.07:226][326]LogInit: FAudioDevice initialized.
[2025.05.26-06.15.07:226][326]LogAudio: Display: Audio Device (ID: 2) registered with world 'VRTemplateMap'.
[2025.05.26-06.15.07:236][326]LogLoad: Game class is 'VRGameMode_C'
[2025.05.26-06.15.07:239][326]LogWorld: Bringing World /Game/VRTemplate/Maps/UEDPIE_0_VRTemplateMap.VRTemplateMap up for play (max tick rate 60) at 2025.05.26-09.15.07
[2025.05.26-06.15.07:240][326]LogWorld: Bringing up level for play took: 0.002400
[2025.05.26-06.15.07:240][326]LogOnline: OSS: Creating online subsystem instance for: :Context_20
[2025.05.26-06.15.07:242][326]LogSpawn: Warning: SpawnActor failed because no class was specified
[2025.05.26-06.15.07:243][326]LogNativeClassHierarchy: Verbose: Native class hierarchy updated for 'MovieSceneCapture' in 0.0003 seconds. Added 20 classes and 0 folders.
[2025.05.26-06.15.07:246][326]PIE: Server logged in
[2025.05.26-06.15.07:247][326]PIE: Play in editor total start time 0,106 seconds.
[2025.05.26-06.15.07:262][326]LogResonanceAudio: Display: Resonance Audio Listener is initialized
[2025.05.26-06.15.10:295][494]LogEditorViewport: Clicking on Actor (LMB): BP_Wheel_C (BP_Wheel)
[2025.05.26-06.15.22:767][242]LogEditorViewport: Clicking on Actor (LMB): StaticMeshActor (TemplateFloor)
[2025.05.26-06.15.24:042][316]LogEditorViewport: Clicking on Actor (LMB): BP_Encoder_Petals_C (BP_Encoder_Petals)
[2025.05.26-06.15.31:711][775]LogEditorViewport: Clicking on Actor (LMB): BP_Wheel_C (BP_Wheel)
[2025.05.26-06.15.39:756][256]LogEditorViewport: Clicking on Actor (LMB): BP_Motor_Holder_C (BP_Motor_Holder4)
[2025.05.26-06.15.45:534][602]PIE: Warning: AttachTo: '/Game/VRTemplate/Maps/UEDPIE_0_VRTemplateMap.VRTemplateMap:PersistentLevel.BP_Motor_2.DefaultSceneRoot' already attached to '/Game/VRTemplate/Maps/UEDPIE_0_VRTemplateMap.VRTemplateMap:PersistentLevel.BP_Motor_Holder4.DefaultSceneRoot', would form cycle. Aborting.
[2025.05.26-06.15.50:871][919]LogSlate: Updating window title bar state: overlay mode, drag disabled, window buttons hidden, title bar hidden
[2025.05.26-06.15.50:871][919]LogWorld: BeginTearingDown for /Game/VRTemplate/Maps/UEDPIE_0_VRTemplateMap
[2025.05.26-06.15.50:872][919]LogWorld: UWorld::CleanupWorld for VRTemplateMap, bSessionEnded=true, bCleanupResources=true
[2025.05.26-06.15.50:872][919]LogSlate: InvalidateAllWidgets triggered.  All widgets were invalidated
[2025.05.26-06.15.50:880][919]LogPlayLevel: Display: Shutting down PIE online subsystems
[2025.05.26-06.15.50:889][919]LogSlate: InvalidateAllWidgets triggered.  All widgets were invalidated
[2025.05.26-06.15.50:911][919]LogSlate: Updating window title bar state: overlay mode, drag disabled, window buttons hidden, title bar hidden
[2025.05.26-06.15.50:912][919]LogResonanceAudio: Display: Resonance Audio Listener is shutdown
[2025.05.26-06.15.50:912][919]LogAudioMixer: FMixerPlatformXAudio2::StopAudioStream() called
[2025.05.26-06.15.50:913][919]LogAudioMixer: FMixerPlatformXAudio2::StopAudioStream() called
[2025.05.26-06.15.50:932][919]LogUObjectHash: Compacting FUObjectHashTables data took   2.73ms
[2025.05.26-06.15.50:995][919]LogSlate: Took 0.000695 seconds to synchronously load lazily loaded font '../../../Engine/Content/Slate/Fonts/DroidSansMono.ttf' (77K)
[2025.05.26-06.15.50:999][920]LogPlayLevel: Display: Destroying online subsystem :Context_20
[2025.05.26-06.15.54:371][115]LogSlate: Window 'Message Log' being destroyed
[2025.05.26-06.15.54:374][115]LogSlate: Window 'Message Log' being destroyed
[2025.05.26-06.16.13:361][253]LogAssetEditorSubsystem: Opening Asset editor for Blueprint /Game/Sanya_Durex/BP_components/BP_Encoder_Petals.BP_Encoder_Petals
[2025.05.26-06.16.24:435][896]LogAssetEditorSubsystem: Opening Asset editor for StaticMesh /Game/Resources/Meshes/Encoder_Petals.Encoder_Petals
[2025.05.26-06.16.24:654][897]LogRenderer: Reallocating scene render targets to support 1432x912 Format 9 NumSamples 4 (Frame:1).
[2025.05.26-06.16.36:285][593]Cmd: OBJ SAVEPACKAGE PACKAGE="/Game/Resources/Meshes/Encoder_Petals" FILE="../../../../../../Users/sasha/Documents/GitHub/unreal_project/Content/Resources/Meshes/Encoder_Petals.uasset" SILENT=true
[2025.05.26-06.16.36:293][593]LogSavePackage: Moving '../../../../../../Users/sasha/Documents/GitHub/unreal_project/Saved/Encoder_Petals94DF25144E550E66ABED2DBB7350A5BB.tmp' to '../../../../../../Users/sasha/Documents/GitHub/unreal_project/Content/Resources/Meshes/Encoder_Petals.uasset'
[2025.05.26-06.16.36:308][593]AssetCheck: New page: Asset Save: Encoder_Petals
[2025.05.26-06.16.36:308][593]LogContentValidation: Display: Validating StaticMesh /Game/Resources/Meshes/Encoder_Petals.Encoder_Petals
[2025.05.26-06.16.39:067][759]LogWorld: UWorld::CleanupWorld for World_20, bSessionEnded=true, bCleanupResources=true
[2025.05.26-06.16.39:067][759]LogSlate: InvalidateAllWidgets triggered.  All widgets were invalidated
[2025.05.26-06.16.50:345][433]LogAssetEditorSubsystem: Opening Asset editor for Blueprint /Game/Andrey/Objects/BP_EncoderPetals.BP_EncoderPetals
[2025.05.26-06.16.53:875][624]LogSlate: Window 'BP_EncoderPetals' being destroyed
[2025.05.26-06.17.43:711][608]LogAssetEditorSubsystem: Opening Asset editor for StaticMesh /Game/Resources/Meshes/Encoder_Petals.Encoder_Petals
[2025.05.26-06.17.55:691][315]LogStaticMesh: Building static mesh Encoder_Petals...
[2025.05.26-06.17.55:720][315]LogStaticMesh: Built static mesh [0.03s] /Game/Resources/Meshes/Encoder_Petals.Encoder_Petals
[2025.05.26-06.18.23:329][969]Cmd: OBJ SAVEPACKAGE PACKAGE="/Game/Resources/Meshes/Encoder_Petals" FILE="../../../../../../Users/sasha/Documents/GitHub/unreal_project/Content/Resources/Meshes/Encoder_Petals.uasset" SILENT=true
[2025.05.26-06.18.23:336][969]LogSavePackage: Moving '../../../../../../Users/sasha/Documents/GitHub/unreal_project/Saved/Encoder_PetalsA3E8FA9F4FED4A5C4999B5A401F72875.tmp' to '../../../../../../Users/sasha/Documents/GitHub/unreal_project/Content/Resources/Meshes/Encoder_Petals.uasset'
[2025.05.26-06.18.23:350][969]AssetCheck: New page: Asset Save: Encoder_Petals
[2025.05.26-06.18.23:350][969]LogContentValidation: Display: Validating StaticMesh /Game/Resources/Meshes/Encoder_Petals.Encoder_Petals
[2025.05.26-06.18.58:976][ 99]BlueprintLog: New page: Compile BP_EncoderPetals
[2025.05.26-06.18.59:020][ 99]LogUObjectHash: Compacting FUObjectHashTables data took   2.80ms
[2025.05.26-06.18.59:799][144]Cmd: OBJ SAVEPACKAGE PACKAGE="/Game/Andrey/Objects/BP_EncoderPetals" FILE="../../../../../../Users/sasha/Documents/GitHub/unreal_project/Content/Andrey/Objects/BP_EncoderPetals.uasset" SILENT=true
[2025.05.26-06.18.59:806][144]LogSavePackage: Moving '../../../../../../Users/sasha/Documents/GitHub/unreal_project/Saved/BP_EncoderPetals228F8C214A9DE1B7BEC65A809453B38D.tmp' to '../../../../../../Users/sasha/Documents/GitHub/unreal_project/Content/Andrey/Objects/BP_EncoderPetals.uasset'
[2025.05.26-06.18.59:818][144]AssetCheck: New page: Asset Save: BP_EncoderPetals
[2025.05.26-06.18.59:818][144]LogContentValidation: Display: Validating Blueprint /Game/Andrey/Objects/BP_EncoderPetals.BP_EncoderPetals
[2025.05.26-06.19.11:086][816]LogEditorTransaction: Undo Add Node
[2025.05.26-06.19.15:796][ 86]BlueprintLog: New page: Compile BP_EncoderPetals
[2025.05.26-06.19.15:835][ 86]LogUObjectHash: Compacting FUObjectHashTables data took   2.55ms
[2025.05.26-06.19.18:810][263]Cmd: OBJ SAVEPACKAGE PACKAGE="/Game/Andrey/Objects/BP_EncoderPetals" FILE="../../../../../../Users/sasha/Documents/GitHub/unreal_project/Content/Andrey/Objects/BP_EncoderPetals.uasset" SILENT=true
[2025.05.26-06.19.18:820][263]LogSavePackage: Moving '../../../../../../Users/sasha/Documents/GitHub/unreal_project/Saved/BP_EncoderPetals9875087B4E35EB93EAAFDFA99DBDB7AF.tmp' to '../../../../../../Users/sasha/Documents/GitHub/unreal_project/Content/Andrey/Objects/BP_EncoderPetals.uasset'
[2025.05.26-06.19.18:831][263]AssetCheck: New page: Asset Save: BP_EncoderPetals
[2025.05.26-06.19.18:831][263]LogContentValidation: Display: Validating Blueprint /Game/Andrey/Objects/BP_EncoderPetals.BP_EncoderPetals
[2025.05.26-06.19.23:305][532]LogEditorViewport: Clicking on Actor (LMB): BP_Encoder_Petals_C (BP_Encoder_Petals)
[2025.05.26-06.19.25:169][643]Cmd: DELETE
[2025.05.26-06.19.25:169][643]Cmd: ACTOR DELETE
[2025.05.26-06.19.25:171][643]LogEditorActor: Deleted Actor: BP_Encoder_Petals_C
[2025.05.26-06.19.25:195][643]LogUObjectHash: Compacting FUObjectHashTables data took   2.25ms
[2025.05.26-06.19.25:198][643]LogEditorActor: Deleted 1 Actors (0.029 secs)
[2025.05.26-06.19.28:594][847]BlueprintLog: New page: Compile BP_Encoder_Petals
[2025.05.26-06.19.28:630][847]LogUObjectHash: Compacting FUObjectHashTables data took   2.04ms
[2025.05.26-06.22.01:260][986]Cmd: OBJ SAVEPACKAGE PACKAGE="/Game/Andrey/Objects/BP_EncoderPetals" FILE="../../../../../../Users/sasha/Documents/GitHub/unreal_project/Content/Andrey/Objects/BP_EncoderPetals.uasset" SILENT=true
[2025.05.26-06.22.01:267][986]LogSavePackage: Moving '../../../../../../Users/sasha/Documents/GitHub/unreal_project/Saved/BP_EncoderPetalsD2DB45214AB77B3EFCC98AAEBCB1DC42.tmp' to '../../../../../../Users/sasha/Documents/GitHub/unreal_project/Content/Andrey/Objects/BP_EncoderPetals.uasset'
[2025.05.26-06.22.01:281][986]AssetCheck: New page: Asset Save: BP_EncoderPetals
[2025.05.26-06.22.01:281][986]LogContentValidation: Display: Validating Blueprint /Game/Andrey/Objects/BP_EncoderPetals.BP_EncoderPetals
[2025.05.26-06.22.05:155][210]LogSavePackage: Moving '../../../../../../Users/sasha/Documents/GitHub/unreal_project/Saved/BP_Encoder_PetalsFB3971444221506F78D7EF942756C714.tmp' to '../../../../../../Users/sasha/Documents/GitHub/unreal_project/Content/Sanya_Durex/BP_components/BP_Encoder_Petals.uasset'
[2025.05.26-06.22.05:169][210]AssetCheck: New page: Asset Save: BP_Encoder_Petals
[2025.05.26-06.22.05:169][210]LogContentValidation: Display: Validating Blueprint /Game/Sanya_Durex/BP_components/BP_Encoder_Petals.BP_Encoder_Petals
[2025.05.26-06.22.06:349][281]LogWorld: UWorld::CleanupWorld for World_19, bSessionEnded=true, bCleanupResources=true
[2025.05.26-06.22.06:349][281]LogSlate: InvalidateAllWidgets triggered.  All widgets were invalidated
[2025.05.26-06.22.09:575][472]LogWorld: UWorld::CleanupWorld for World_22, bSessionEnded=true, bCleanupResources=true
[2025.05.26-06.22.09:575][472]LogSlate: InvalidateAllWidgets triggered.  All widgets were invalidated
[2025.05.26-06.22.19:720][ 78]LogTemp: Repeating last play command: Simulate
[2025.05.26-06.22.19:727][ 78]LogPlayLevel: PlayLevel: No blueprints needed recompiling
[2025.05.26-06.22.19:727][ 78]PIE: New page: SIE session: VRTemplateMap (26 мая 2025 г., 12:22:19)
[2025.05.26-06.22.19:727][ 78]LogPlayLevel: Creating play world package: /Game/VRTemplate/Maps/UEDPIE_0_VRTemplateMap
[2025.05.26-06.22.19:734][ 78]LogPlayLevel: PIE: StaticDuplicateObject took: (0.005977s)
[2025.05.26-06.22.19:735][ 78]LogAIModule: Creating AISystem for world VRTemplateMap
[2025.05.26-06.22.19:735][ 78]LogPlayLevel: PIE: World Init took: (0.000878s)
[2025.05.26-06.22.19:735][ 78]LogPlayLevel: PIE: Created PIE world by copying editor world from /Game/VRTemplate/Maps/VRTemplateMap.VRTemplateMap to /Game/VRTemplate/Maps/UEDPIE_0_VRTemplateMap.VRTemplateMap (0.006992s)
[2025.05.26-06.22.19:764][ 78]LogUObjectHash: Compacting FUObjectHashTables data took   2.55ms
[2025.05.26-06.22.19:772][ 78]LogAudio: Display: Creating Audio Device:                 Id: 3, Scope: Unique, Realtime: True
[2025.05.26-06.22.19:772][ 78]LogAudioMixer: Display: Audio Mixer Platform Settings:
[2025.05.26-06.22.19:772][ 78]LogAudioMixer: Display: 	Sample Rate:						  48000
[2025.05.26-06.22.19:772][ 78]LogAudioMixer: Display: 	Callback Buffer Frame Size Requested: 1024
[2025.05.26-06.22.19:772][ 78]LogAudioMixer: Display: 	Callback Buffer Frame Size To Use:	  1024
[2025.05.26-06.22.19:772][ 78]LogAudioMixer: Display: 	Number of buffers to queue:			  1
[2025.05.26-06.22.19:772][ 78]LogAudioMixer: Display: 	Max Channels (voices):				  0
[2025.05.26-06.22.19:772][ 78]LogAudioMixer: Display: 	Number of Async Source Workers:		  4
[2025.05.26-06.22.19:772][ 78]LogAudio: Display: AudioDevice MaxSources: 32
[2025.05.26-06.22.19:772][ 78]LogAudio: Display: Audio Spatialization Plugin: Resonance Audio is external send: 1
[2025.05.26-06.22.19:773][ 78]LogAudio: Display: Audio Reverb Plugin: Resonance Audio
[2025.05.26-06.22.19:773][ 78]LogAudio: Display: Audio Occlusion Plugin: None (built-in).
[2025.05.26-06.22.19:773][ 78]LogAudioMixer: Display: Initializing audio mixer.
[2025.05.26-06.22.19:778][ 78]LogAudioMixer: Display: 0: FrontLeft
[2025.05.26-06.22.19:779][ 78]LogAudioMixer: Display: 1: FrontRight
[2025.05.26-06.22.19:785][ 78]LogAudioMixer: Display: Using Audio Device Headset Earphone (HyperX Cloud Alpha S Chat)
[2025.05.26-06.22.19:785][ 78]LogAudioMixer: Display: Initializing Sound Submixes...
[2025.05.26-06.22.19:785][ 78]LogAudioMixer: Display: Creating Master Submix 'MasterSubmixDefault'
[2025.05.26-06.22.19:785][ 78]LogAudioMixer: Display: Creating Master Submix 'MasterReverbSubmixDefault'
[2025.05.26-06.22.19:785][ 78]LogAudioMixer: Display: Creating Master Submix 'MasterEQSubmixDefault'
[2025.05.26-06.22.19:785][ 78]LogAudioMixer: FMixerPlatformXAudio2::StartAudioStream() called
[2025.05.26-06.22.19:785][ 78]LogAudioMixer: Display: Output buffers initialized: Frames=1024, Channels=2, Samples=2048
[2025.05.26-06.22.19:786][ 78]LogAudioMixer: Display: Starting AudioMixerPlatformInterface::RunInternal()
[2025.05.26-06.22.19:786][ 78]LogAudioMixer: Display: FMixerPlatformXAudio2::SubmitBuffer() called for the first time
[2025.05.26-06.22.19:786][ 78]LogInit: FAudioDevice initialized.
[2025.05.26-06.22.19:786][ 78]LogAudio: Display: Audio Device (ID: 3) registered with world 'VRTemplateMap'.
[2025.05.26-06.22.19:796][ 78]LogLoad: Game class is 'VRGameMode_C'
[2025.05.26-06.22.19:799][ 78]LogWorld: Bringing World /Game/VRTemplate/Maps/UEDPIE_0_VRTemplateMap.VRTemplateMap up for play (max tick rate 60) at 2025.05.26-09.22.19
[2025.05.26-06.22.19:799][ 78]LogWorld: Bringing up level for play took: 0.002091
[2025.05.26-06.22.19:799][ 78]LogOnline: OSS: Creating online subsystem instance for: :Context_25
[2025.05.26-06.22.19:801][ 78]LogSpawn: Warning: SpawnActor failed because no class was specified
[2025.05.26-06.22.19:803][ 78]PIE: Server logged in
[2025.05.26-06.22.19:804][ 78]PIE: Play in editor total start time 0,08 seconds.
[2025.05.26-06.22.19:816][ 78]LogResonanceAudio: Display: Resonance Audio Listener is initialized
[2025.05.26-06.22.21:977][207]LogEditorViewport: Clicking on Actor (LMB): BP_EncoderPetals_C (BP_EncoderPetals)
[2025.05.26-06.22.29:264][644]LogEditorViewport: Clicking on Actor (double click): BP_Wheel_C (BP_Wheel)
[2025.05.26-06.22.37:876][159]LogEditorViewport: Clicking on Actor (LMB): BP_EncoderPetals_C (BP_EncoderPetals)
[2025.05.26-06.22.39:989][285]LogEditorViewport: Clicking on Actor (LMB): BP_Wheel_C (BP_Wheel)
[2025.05.26-06.22.44:383][548]LogEditorViewport: Clicking on Actor (LMB): BP_Motor_C (BP_Motor)
[2025.05.26-06.22.49:663][864]LogEditorViewport: Clicking on Actor (LMB): BP_Motor_Holder_C (BP_Motor_Holder4)
[2025.05.26-06.23.04:392][746]PIE: Warning: AttachTo: '/Game/VRTemplate/Maps/UEDPIE_0_VRTemplateMap.VRTemplateMap:PersistentLevel.BP_Motor_Holder4.DefaultSceneRoot' already attached to '/Game/VRTemplate/Maps/UEDPIE_0_VRTemplateMap.VRTemplateMap:PersistentLevel.BP_Motor_2.DefaultSceneRoot', would form cycle. Aborting.
[2025.05.26-06.23.04:392][746]PIE: Warning: AttachTo: '/Game/VRTemplate/Maps/UEDPIE_0_VRTemplateMap.VRTemplateMap:PersistentLevel.BP_Motor_Holder4.DefaultSceneRoot' already attached to '/Game/VRTemplate/Maps/UEDPIE_0_VRTemplateMap.VRTemplateMap:PersistentLevel.BP_Motor_2.DefaultSceneRoot', would form cycle. Aborting.
[2025.05.26-06.23.04:392][746]PIE: Warning: AttachTo: '/Game/VRTemplate/Maps/UEDPIE_0_VRTemplateMap.VRTemplateMap:PersistentLevel.BP_Motor_Holder4.DefaultSceneRoot' already attached to '/Game/VRTemplate/Maps/UEDPIE_0_VRTemplateMap.VRTemplateMap:PersistentLevel.BP_Motor_2.DefaultSceneRoot', would form cycle. Aborting.
[2025.05.26-06.23.12:746][247]LogEditorViewport: Clicking on Actor (LMB): BP_Motor_C (BP_Motor)
[2025.05.26-06.23.16:741][484]LogSlate: Updating window title bar state: overlay mode, drag disabled, window buttons hidden, title bar hidden
[2025.05.26-06.23.16:741][484]LogWorld: BeginTearingDown for /Game/VRTemplate/Maps/UEDPIE_0_VRTemplateMap
[2025.05.26-06.23.16:741][484]LogWorld: UWorld::CleanupWorld for VRTemplateMap, bSessionEnded=true, bCleanupResources=true
[2025.05.26-06.23.16:742][484]LogSlate: InvalidateAllWidgets triggered.  All widgets were invalidated
[2025.05.26-06.23.16:753][484]LogPlayLevel: Display: Shutting down PIE online subsystems
[2025.05.26-06.23.16:762][484]LogSlate: InvalidateAllWidgets triggered.  All widgets were invalidated
[2025.05.26-06.23.16:783][484]LogAudio: Display: Audio Device unregistered from world 'None'.
[2025.05.26-06.23.16:783][484]LogResonanceAudio: Display: Resonance Audio Listener is shutdown
[2025.05.26-06.23.16:783][484]LogAudioMixer: FMixerPlatformXAudio2::StopAudioStream() called
[2025.05.26-06.23.16:784][484]LogAudioMixer: FMixerPlatformXAudio2::StopAudioStream() called
[2025.05.26-06.23.16:786][484]LogSlate: Updating window title bar state: overlay mode, drag disabled, window buttons hidden, title bar hidden
[2025.05.26-06.23.16:789][484]LogUObjectHash: Compacting FUObjectHashTables data took   1.94ms
[2025.05.26-06.23.16:875][485]LogPlayLevel: Display: Destroying online subsystem :Context_25
[2025.05.26-06.23.18:520][576]LogSlate: Window 'Message Log' being destroyed
[2025.05.26-06.23.18:525][576]LogSlate: Window 'Message Log' being destroyed
[2025.05.26-06.23.31:437][351]LogEditorViewport: Clicking on Actor (LMB): BP_ESP_Holder_C (BP_ESP_Holder)
[2025.05.26-06.23.46:738][267]LogAssetEditorSubsystem: Opening Asset editor for Blueprint /Game/Andrey/Objects/BP_ESP_Holder.BP_ESP_Holder
[2025.05.26-06.23.48:908][383]LogWorld: UWorld::CleanupWorld for World_21, bSessionEnded=true, bCleanupResources=true
[2025.05.26-06.23.48:908][383]LogSlate: InvalidateAllWidgets triggered.  All widgets were invalidated
[2025.05.26-06.23.53:953][683]LogAssetEditorSubsystem: Opening Asset editor for Blueprint /Game/Sanya_Durex/BP_components/BP_ESP_Holder.BP_ESP_Holder
[2025.05.26-06.24.04:160][279]LogAssetEditorSubsystem: Opening Asset editor for StaticMesh /Game/Resources/Meshes/ESP_Holder.ESP_Holder
[2025.05.26-06.24.35:554][147]LogWorld: UWorld::CleanupWorld for World_25, bSessionEnded=true, bCleanupResources=true
[2025.05.26-06.24.35:554][147]LogSlate: InvalidateAllWidgets triggered.  All widgets were invalidated
[2025.05.26-06.25.06:715][ 14]LogEditorTransaction: Undo Modify Component(s)
[2025.05.26-06.25.47:503][452]LogAssetEditorSubsystem: Opening Asset editor for StaticMesh /Game/Resources/Meshes/ESP_Holder.ESP_Holder
[2025.05.26-06.25.54:097][836]LogWorld: UWorld::CleanupWorld for World_26, bSessionEnded=true, bCleanupResources=true
[2025.05.26-06.25.54:098][836]LogSlate: InvalidateAllWidgets triggered.  All widgets were invalidated
[2025.05.26-06.26.51:750][279]LogUObjectHash: Compacting FUObjectHashTables data took   2.79ms
[2025.05.26-06.26.51:782][279]LogSavePackage: Moving '../../../../../../Users/sasha/Documents/GitHub/unreal_project/Saved/VRTemplateMap_Auto1E29A63F74ECDE17547D18D8D88367025.tmp' to '../../../../../../Users/sasha/Documents/GitHub/unreal_project/Saved/Autosaves/Game/VRTemplate/Maps/VRTemplateMap_Auto1.umap'
[2025.05.26-06.26.51:785][279]LogFileHelpers: Editor autosave (incl. external actors) for '/Game/VRTemplate/Maps/VRTemplateMap' took 0.071
[2025.05.26-06.26.51:785][279]LogFileHelpers: Editor autosave (incl. sublevels & external actors) for all levels took 0.071
[2025.05.26-06.26.51:786][279]OBJ SavePackage: Generating thumbnails for [2] asset(s) in package [/Game/Andrey/Objects/BP_ESP_Holder] ([2] browsable assets)...
[2025.05.26-06.26.51:792][279]OBJ SavePackage:     Rendered thumbnail for [Blueprint /Game/Andrey/Objects/BP_ESP_Holder.BP_ESP_Holder]
[2025.05.26-06.26.51:792][279]OBJ SavePackage: Finished generating thumbnails for package [/Game/Andrey/Objects/BP_ESP_Holder]
[2025.05.26-06.26.51:800][279]LogSavePackage: Moving '../../../../../../Users/sasha/Documents/GitHub/unreal_project/Saved/BP_ESP_Holder_Auto1AC18163444B558982565ECA1CD7E78CB.tmp' to '../../../../../../Users/sasha/Documents/GitHub/unreal_project/Saved/Autosaves/Game/Andrey/Objects/BP_ESP_Holder_Auto1.uasset'
[2025.05.26-06.26.51:802][279]LogFileHelpers: Auto-saving content packages took 0.017
[2025.05.26-06.27.28:927][500]BlueprintLog: New page: Compile BP_ESP_Holder
[2025.05.26-06.27.28:967][500]LogUObjectHash: Compacting FUObjectHashTables data took   2.37ms
[2025.05.26-06.27.29:375][523]Cmd: OBJ SAVEPACKAGE PACKAGE="/Game/Andrey/Objects/BP_ESP_Holder" FILE="../../../../../../Users/sasha/Documents/GitHub/unreal_project/Content/Andrey/Objects/BP_ESP_Holder.uasset" SILENT=true
[2025.05.26-06.27.29:383][523]LogSavePackage: Moving '../../../../../../Users/sasha/Documents/GitHub/unreal_project/Saved/BP_ESP_Holder71ECB5074520E84F85EBC5B18550ABAC.tmp' to '../../../../../../Users/sasha/Documents/GitHub/unreal_project/Content/Andrey/Objects/BP_ESP_Holder.uasset'
[2025.05.26-06.27.29:396][523]AssetCheck: New page: Asset Save: BP_ESP_Holder
[2025.05.26-06.27.29:396][523]LogContentValidation: Display: Validating Blueprint /Game/Andrey/Objects/BP_ESP_Holder.BP_ESP_Holder
[2025.05.26-06.27.36:460][946]LogAssetEditorSubsystem: Opening Asset editor for StaticMesh /Game/Resources/Meshes/ESP_Holder.ESP_Holder
[2025.05.26-06.29.20:905][198]LogAssetEditorSubsystem: Opening Asset editor for Blueprint /Game/Sanya_Durex/BP_components/BP_ESP32.BP_ESP32
[2025.05.26-06.29.26:519][519]LogAssetEditorSubsystem: Opening Asset editor for StaticMesh /Game/Resources/Meshes/ESP32.ESP32
[2025.05.26-06.29.35:743][ 60]LogWorld: UWorld::CleanupWorld for World_29, bSessionEnded=true, bCleanupResources=true
[2025.05.26-06.29.35:743][ 60]LogSlate: InvalidateAllWidgets triggered.  All widgets were invalidated
[2025.05.26-06.29.39:573][288]LogWorld: UWorld::CleanupWorld for World_28, bSessionEnded=true, bCleanupResources=true
[2025.05.26-06.29.39:573][288]LogSlate: InvalidateAllWidgets triggered.  All widgets were invalidated
[2025.05.26-06.30.48:833][435]Cmd: OBJ SAVEPACKAGE PACKAGE="/Game/Resources/Meshes/ESP_Holder" FILE="../../../../../../Users/sasha/Documents/GitHub/unreal_project/Content/Resources/Meshes/ESP_Holder.uasset" SILENT=true
[2025.05.26-06.30.48:841][435]LogSavePackage: Moving '../../../../../../Users/sasha/Documents/GitHub/unreal_project/Saved/ESP_Holder0FCEBD5242947D1B432FA5920E8E6DDD.tmp' to '../../../../../../Users/sasha/Documents/GitHub/unreal_project/Content/Resources/Meshes/ESP_Holder.uasset'
[2025.05.26-06.30.48:855][435]AssetCheck: New page: Asset Save: ESP_Holder
[2025.05.26-06.30.48:855][435]LogContentValidation: Display: Validating StaticMesh /Game/Resources/Meshes/ESP_Holder.ESP_Holder
[2025.05.26-06.30.51:289][580]LogWorld: UWorld::CleanupWorld for World_27, bSessionEnded=true, bCleanupResources=true
[2025.05.26-06.30.51:289][580]LogSlate: InvalidateAllWidgets triggered.  All widgets were invalidated
[2025.05.26-06.31.07:504][548]BlueprintLog: New page: Compile BP_ESP_Holder
[2025.05.26-06.31.07:506][548]LogBlueprint: Warning: [AssetLog] C:\Users\sasha\Documents\GitHub\unreal_project\Content\Andrey\Objects\BP_ESP_Holder.uasset: [Compiler] Could not find a variable named "ESP_Socket" in 'BP_ESP_Holder_C'.
Make sure 'BP_ESP_Holder_C' has been compiled for  Get ESP_Socket
[2025.05.26-06.31.07:507][548]LogBlueprint: Error: [AssetLog] C:\Users\sasha\Documents\GitHub\unreal_project\Content\Andrey\Objects\BP_ESP_Holder.uasset: [Compiler] The property associated with  ESP Socket  could not be found in '/Game/Andrey/Objects/BP_ESP_Holder.BP_ESP_Holder_C'
[2025.05.26-06.31.07:554][548]LogUObjectHash: Compacting FUObjectHashTables data took   2.69ms
[2025.05.26-06.31.07:943][569]Cmd: OBJ SAVEPACKAGE PACKAGE="/Game/Andrey/Objects/BP_ESP_Holder" FILE="../../../../../../Users/sasha/Documents/GitHub/unreal_project/Content/Andrey/Objects/BP_ESP_Holder.uasset" SILENT=true
[2025.05.26-06.31.07:953][569]LogSavePackage: Moving '../../../../../../Users/sasha/Documents/GitHub/unreal_project/Saved/BP_ESP_Holder8080DE8C4A9FE16D3AF9E8A9FFE58AC9.tmp' to '../../../../../../Users/sasha/Documents/GitHub/unreal_project/Content/Andrey/Objects/BP_ESP_Holder.uasset'
[2025.05.26-06.31.07:965][569]AssetCheck: New page: Asset Save: BP_ESP_Holder
[2025.05.26-06.31.07:965][569]LogContentValidation: Display: Validating Blueprint /Game/Andrey/Objects/BP_ESP_Holder.BP_ESP_Holder
[2025.05.26-06.31.37:271][326]BlueprintLog: New page: Compile BP_ESP_Holder
[2025.05.26-06.31.37:310][326]LogUObjectHash: Compacting FUObjectHashTables data took   2.45ms
[2025.05.26-06.31.38:067][369]Cmd: OBJ SAVEPACKAGE PACKAGE="/Game/Andrey/Objects/BP_ESP_Holder" FILE="../../../../../../Users/sasha/Documents/GitHub/unreal_project/Content/Andrey/Objects/BP_ESP_Holder.uasset" SILENT=true
[2025.05.26-06.31.38:076][369]LogSavePackage: Moving '../../../../../../Users/sasha/Documents/GitHub/unreal_project/Saved/BP_ESP_HolderE5438070449D532AD80C8C9B54C49FC9.tmp' to '../../../../../../Users/sasha/Documents/GitHub/unreal_project/Content/Andrey/Objects/BP_ESP_Holder.uasset'
[2025.05.26-06.31.38:089][369]AssetCheck: New page: Asset Save: BP_ESP_Holder
[2025.05.26-06.31.38:089][369]LogContentValidation: Display: Validating Blueprint /Game/Andrey/Objects/BP_ESP_Holder.BP_ESP_Holder
[2025.05.26-06.31.40:490][512]LogActorComponent: UnregisterComponent: (/Engine/Transient.EditorFloorComp) Not registered. Aborting.
[2025.05.26-06.31.40:490][512]LogWorld: UWorld::CleanupWorld for World_24, bSessionEnded=true, bCleanupResources=true
[2025.05.26-06.31.40:490][512]LogSlate: InvalidateAllWidgets triggered.  All widgets were invalidated
[2025.05.26-06.31.41:495][570]LogActorComponent: UnregisterComponent: (/Engine/Transient.EditorFloorComp) Not registered. Aborting.
[2025.05.26-06.31.41:495][570]LogWorld: UWorld::CleanupWorld for World_23, bSessionEnded=true, bCleanupResources=true
[2025.05.26-06.31.41:495][570]LogSlate: InvalidateAllWidgets triggered.  All widgets were invalidated
[2025.05.26-06.31.44:204][730]LogEditorViewport: Clicking on Actor (LMB): BP_ESP_Holder_C (BP_ESP_Holder)
[2025.05.26-06.31.45:964][835]Cmd: DELETE
[2025.05.26-06.31.45:964][835]Cmd: ACTOR DELETE
[2025.05.26-06.31.45:966][835]LogEditorActor: Deleted Actor: BP_ESP_Holder_C
[2025.05.26-06.31.45:991][835]LogUObjectHash: Compacting FUObjectHashTables data took   2.45ms
[2025.05.26-06.31.45:994][835]LogEditorActor: Deleted 1 Actors (0.030 secs)
[2025.05.26-06.32.00:999][733]Cmd: DELETE
[2025.05.26-06.32.00:999][733]Cmd: ACTOR DELETE
[2025.05.26-06.32.01:002][733]LogEditorActor: Deleted Actor: BP_EncoderPetals_C
[2025.05.26-06.32.01:023][733]LogUObjectHash: Compacting FUObjectHashTables data took   1.91ms
[2025.05.26-06.32.01:029][733]LogEditorActor: Deleted 1 Actors (0.029 secs)
[2025.05.26-06.32.30:079][468]LogTemp: Repeating last play command: Simulate
[2025.05.26-06.32.30:084][468]LogPlayLevel: PlayLevel: No blueprints needed recompiling
[2025.05.26-06.32.30:084][468]PIE: New page: SIE session: VRTemplateMap (26 мая 2025 г., 12:32:30)
[2025.05.26-06.32.30:084][468]LogPlayLevel: Creating play world package: /Game/VRTemplate/Maps/UEDPIE_0_VRTemplateMap
[2025.05.26-06.32.30:091][468]LogPlayLevel: PIE: StaticDuplicateObject took: (0.006334s)
[2025.05.26-06.32.30:092][468]LogAIModule: Creating AISystem for world VRTemplateMap
[2025.05.26-06.32.30:092][468]LogPlayLevel: PIE: World Init took: (0.000858s)
[2025.05.26-06.32.30:092][468]LogPlayLevel: PIE: Created PIE world by copying editor world from /Game/VRTemplate/Maps/VRTemplateMap.VRTemplateMap to /Game/VRTemplate/Maps/UEDPIE_0_VRTemplateMap.VRTemplateMap (0.007322s)
[2025.05.26-06.32.30:119][468]LogUObjectHash: Compacting FUObjectHashTables data took   1.99ms
[2025.05.26-06.32.30:129][468]LogAudio: Display: Creating Audio Device:                 Id: 4, Scope: Unique, Realtime: True
[2025.05.26-06.32.30:129][468]LogAudioMixer: Display: Audio Mixer Platform Settings:
[2025.05.26-06.32.30:129][468]LogAudioMixer: Display: 	Sample Rate:						  48000
[2025.05.26-06.32.30:129][468]LogAudioMixer: Display: 	Callback Buffer Frame Size Requested: 1024
[2025.05.26-06.32.30:129][468]LogAudioMixer: Display: 	Callback Buffer Frame Size To Use:	  1024
[2025.05.26-06.32.30:129][468]LogAudioMixer: Display: 	Number of buffers to queue:			  1
[2025.05.26-06.32.30:129][468]LogAudioMixer: Display: 	Max Channels (voices):				  0
[2025.05.26-06.32.30:129][468]LogAudioMixer: Display: 	Number of Async Source Workers:		  4
[2025.05.26-06.32.30:129][468]LogAudio: Display: AudioDevice MaxSources: 32
[2025.05.26-06.32.30:129][468]LogAudio: Display: Audio Spatialization Plugin: Resonance Audio is external send: 1
[2025.05.26-06.32.30:129][468]LogAudio: Display: Audio Reverb Plugin: Resonance Audio
[2025.05.26-06.32.30:129][468]LogAudio: Display: Audio Occlusion Plugin: None (built-in).
[2025.05.26-06.32.30:129][468]LogAudioMixer: Display: Initializing audio mixer.
[2025.05.26-06.32.30:136][468]LogAudioMixer: Display: 0: FrontLeft
[2025.05.26-06.32.30:136][468]LogAudioMixer: Display: 1: FrontRight
[2025.05.26-06.32.30:143][468]LogAudioMixer: Display: Using Audio Device Headset Earphone (HyperX Cloud Alpha S Chat)
[2025.05.26-06.32.30:143][468]LogAudioMixer: Display: Initializing Sound Submixes...
[2025.05.26-06.32.30:143][468]LogAudioMixer: Display: Creating Master Submix 'MasterSubmixDefault'
[2025.05.26-06.32.30:143][468]LogAudioMixer: Display: Creating Master Submix 'MasterReverbSubmixDefault'
[2025.05.26-06.32.30:143][468]LogAudioMixer: Display: Creating Master Submix 'MasterEQSubmixDefault'
[2025.05.26-06.32.30:143][468]LogAudioMixer: FMixerPlatformXAudio2::StartAudioStream() called
[2025.05.26-06.32.30:143][468]LogAudioMixer: Display: Output buffers initialized: Frames=1024, Channels=2, Samples=2048
[2025.05.26-06.32.30:144][468]LogAudioMixer: Display: Starting AudioMixerPlatformInterface::RunInternal()
[2025.05.26-06.32.30:144][468]LogAudioMixer: Display: FMixerPlatformXAudio2::SubmitBuffer() called for the first time
[2025.05.26-06.32.30:144][468]LogInit: FAudioDevice initialized.
[2025.05.26-06.32.30:144][468]LogAudio: Display: Audio Device (ID: 4) registered with world 'VRTemplateMap'.
[2025.05.26-06.32.30:153][468]LogLoad: Game class is 'VRGameMode_C'
[2025.05.26-06.32.30:155][468]LogWorld: Bringing World /Game/VRTemplate/Maps/UEDPIE_0_VRTemplateMap.VRTemplateMap up for play (max tick rate 60) at 2025.05.26-09.32.30
[2025.05.26-06.32.30:156][468]LogWorld: Bringing up level for play took: 0.002115
[2025.05.26-06.32.30:156][468]LogOnline: OSS: Creating online subsystem instance for: :Context_34
[2025.05.26-06.32.30:158][468]LogSpawn: Warning: SpawnActor failed because no class was specified
[2025.05.26-06.32.30:160][468]PIE: Server logged in
[2025.05.26-06.32.30:160][468]PIE: Play in editor total start time 0,077 seconds.
[2025.05.26-06.32.30:172][468]LogResonanceAudio: Display: Resonance Audio Listener is initialized
[2025.05.26-06.32.30:731][501]LogEditorViewport: Clicking on Actor (LMB): BP_ESP_Holder_C (BP_ESP_Holder)
[2025.05.26-06.32.38:618][974]LogEditorViewport: Clicking on Actor (LMB): BP_ESP32_C (BP_ESP32)
[2025.05.26-06.32.39:213][  9]LogEditorViewport: Clicking on Actor (LMB): BP_ESP_Holder_C (BP_ESP_Holder)
[2025.05.26-06.32.41:708][158]LogEditorViewport: Clicking on Actor (LMB): BP_ESP32_C (BP_ESP32)
[2025.05.26-06.32.47:921][526]LogSlate: Updating window title bar state: overlay mode, drag disabled, window buttons hidden, title bar hidden
[2025.05.26-06.32.47:921][526]LogWorld: BeginTearingDown for /Game/VRTemplate/Maps/UEDPIE_0_VRTemplateMap
[2025.05.26-06.32.47:921][526]LogWorld: UWorld::CleanupWorld for VRTemplateMap, bSessionEnded=true, bCleanupResources=true
[2025.05.26-06.32.47:922][526]LogSlate: InvalidateAllWidgets triggered.  All widgets were invalidated
[2025.05.26-06.32.47:928][526]LogPlayLevel: Display: Shutting down PIE online subsystems
[2025.05.26-06.32.47:937][526]LogSlate: InvalidateAllWidgets triggered.  All widgets were invalidated
[2025.05.26-06.32.47:955][526]LogAudio: Display: Audio Device unregistered from world 'None'.
[2025.05.26-06.32.47:955][526]LogResonanceAudio: Display: Resonance Audio Listener is shutdown
[2025.05.26-06.32.47:955][526]LogAudioMixer: FMixerPlatformXAudio2::StopAudioStream() called
[2025.05.26-06.32.47:957][526]LogAudioMixer: FMixerPlatformXAudio2::StopAudioStream() called
[2025.05.26-06.32.47:958][526]LogSlate: Updating window title bar state: overlay mode, drag disabled, window buttons hidden, title bar hidden
[2025.05.26-06.32.47:962][526]LogUObjectHash: Compacting FUObjectHashTables data took   1.91ms
[2025.05.26-06.32.48:004][528]LogPlayLevel: Display: Destroying online subsystem :Context_34
[2025.05.26-06.33.08:371][749]LogAssetEditorSubsystem: Opening Asset editor for Blueprint /Game/Andrey/Objects/BP_HC-SR_Holder.BP_HC-SR_Holder
[2025.05.26-06.33.10:708][873]LogWorld: UWorld::CleanupWorld for World_31, bSessionEnded=true, bCleanupResources=true
[2025.05.26-06.33.10:708][873]LogSlate: InvalidateAllWidgets triggered.  All widgets were invalidated
[2025.05.26-06.36.34:869][115]LogAssetEditorSubsystem: Opening Asset editor for StaticMesh /Game/Resources/Meshes/BatteryContainer.BatteryContainer
[2025.05.26-06.36.37:039][233]LogWorld: UWorld::CleanupWorld for World_35, bSessionEnded=true, bCleanupResources=true
[2025.05.26-06.36.37:039][233]LogSlate: InvalidateAllWidgets triggered.  All widgets were invalidated
[2025.05.26-06.36.50:921][ 57]LogEditorClassViewer: Warning: Class /Engine/Tutorial/InWorldBlueprintEditing/TutorialAssets/IWBE_Blutility.IWBE_Blutility_C has parent /Script/Blutility.PlacedEditorUtilityBase, but this parent is not found. The Class will not be shown in ClassViewer.
[2025.05.26-06.36.52:705][ 57]LogSlate: Window 'Pick Parent Class' being destroyed
[2025.05.26-06.36.52:710][ 57]LogContentBrowser: Deferred new asset file creation: NewBlueprint
[2025.05.26-06.36.52:723][ 57]LogContentBrowser: Creating deferred item: NewBlueprint
[2025.05.26-06.37.10:594][124]LogContentBrowser: Attempting asset rename: NewBlueprint -> BP_BatteryContainer
[2025.05.26-06.37.10:598][124]LogContentBrowser: End creating deferred item NewBlueprint
[2025.05.26-06.37.12:811][256]LogAssetEditorSubsystem: Opening Asset editor for Blueprint /Game/Sanya_Durex/BP_components/BP_BatteryContainer.BP_BatteryContainer
[2025.05.26-06.37.16:148][429]LogSlate: Window 'BP_BatteryContainer' being destroyed
[2025.05.26-06.38.36:438][214]LogUObjectHash: Compacting FUObjectHashTables data took   3.84ms
[2025.05.26-06.38.36:470][214]LogSavePackage: Moving '../../../../../../Users/sasha/Documents/GitHub/unreal_project/Saved/VRTemplateMap_Auto2C169E9C442BFF35FD11A609853319A6C.tmp' to '../../../../../../Users/sasha/Documents/GitHub/unreal_project/Saved/Autosaves/Game/VRTemplate/Maps/VRTemplateMap_Auto2.umap'
[2025.05.26-06.38.36:474][214]LogFileHelpers: Editor autosave (incl. external actors) for '/Game/VRTemplate/Maps/VRTemplateMap' took 0.090
[2025.05.26-06.38.36:474][214]LogFileHelpers: Editor autosave (incl. sublevels & external actors) for all levels took 0.090
[2025.05.26-06.40.37:827][492]BlueprintLog: New page: Compile BP_BatteryContainer
[2025.05.26-06.40.37:887][492]LogUObjectHash: Compacting FUObjectHashTables data took   3.29ms
[2025.05.26-06.40.38:291][513]LogSavePackage: Moving '../../../../../../Users/sasha/Documents/GitHub/unreal_project/Saved/BP_BatteryContainer17A50A974F2F67233FBBA9BB6CEDF90A.tmp' to '../../../../../../Users/sasha/Documents/GitHub/unreal_project/Content/Sanya_Durex/BP_components/BP_BatteryContainer.uasset'
[2025.05.26-06.40.38:305][513]AssetCheck: New page: Asset Save: BP_BatteryContainer
[2025.05.26-06.40.38:305][513]LogContentValidation: Display: Validating Blueprint /Game/Sanya_Durex/BP_components/BP_BatteryContainer.BP_BatteryContainer
[2025.05.26-06.40.39:548][587]LogSavePackage: Moving '../../../../../../Users/sasha/Documents/GitHub/unreal_project/Saved/BP_BatteryContainer42946A4149B36C4E88712EB6F1CCD296.tmp' to '../../../../../../Users/sasha/Documents/GitHub/unreal_project/Content/Sanya_Durex/BP_components/BP_BatteryContainer.uasset'
[2025.05.26-06.40.39:560][587]AssetCheck: New page: Asset Save: BP_BatteryContainer
[2025.05.26-06.40.39:560][587]LogContentValidation: Display: Validating Blueprint /Game/Sanya_Durex/BP_components/BP_BatteryContainer.BP_BatteryContainer
[2025.05.26-06.40.57:585][665]LogEditorViewport: Clicking on Actor (LMB): BP_BatteryContainer_C (BP_BatteryContainer)
[2025.05.26-06.41.54:343][ 68]BlueprintLog: New page: Compile BP_BatteryContainer
[2025.05.26-06.41.54:410][ 68]LogUObjectHash: Compacting FUObjectHashTables data took   3.01ms
[2025.05.26-06.41.54:724][ 83]LogSavePackage: Moving '../../../../../../Users/sasha/Documents/GitHub/unreal_project/Saved/BP_BatteryContainer8ED4D67D42018F3FD39007A4BBF680A6.tmp' to '../../../../../../Users/sasha/Documents/GitHub/unreal_project/Content/Sanya_Durex/BP_components/BP_BatteryContainer.uasset'
[2025.05.26-06.41.54:736][ 83]AssetCheck: New page: Asset Save: BP_BatteryContainer
[2025.05.26-06.41.54:736][ 83]LogContentValidation: Display: Validating Blueprint /Game/Sanya_Durex/BP_components/BP_BatteryContainer.BP_BatteryContainer
[2025.05.26-06.42.00:077][404]LogTemp: Repeating last play command: Simulate
[2025.05.26-06.42.00:082][404]LogPlayLevel: PlayLevel: No blueprints needed recompiling
[2025.05.26-06.42.00:082][404]PIE: New page: SIE session: VRTemplateMap (26 мая 2025 г., 12:42:00)
[2025.05.26-06.42.00:082][404]LogPlayLevel: Creating play world package: /Game/VRTemplate/Maps/UEDPIE_0_VRTemplateMap
[2025.05.26-06.42.00:089][404]LogPlayLevel: PIE: StaticDuplicateObject took: (0.006031s)
[2025.05.26-06.42.00:089][404]LogAIModule: Creating AISystem for world VRTemplateMap
[2025.05.26-06.42.00:090][404]LogPlayLevel: PIE: World Init took: (0.000975s)
[2025.05.26-06.42.00:090][404]LogPlayLevel: PIE: Created PIE world by copying editor world from /Game/VRTemplate/Maps/VRTemplateMap.VRTemplateMap to /Game/VRTemplate/Maps/UEDPIE_0_VRTemplateMap.VRTemplateMap (0.007123s)
[2025.05.26-06.42.00:116][404]LogUObjectHash: Compacting FUObjectHashTables data took   2.76ms
[2025.05.26-06.42.00:119][404]LogAudio: Display: Creating Audio Device:                 Id: 5, Scope: Unique, Realtime: True
[2025.05.26-06.42.00:119][404]LogAudioMixer: Display: Audio Mixer Platform Settings:
[2025.05.26-06.42.00:119][404]LogAudioMixer: Display: 	Sample Rate:						  48000
[2025.05.26-06.42.00:119][404]LogAudioMixer: Display: 	Callback Buffer Frame Size Requested: 1024
[2025.05.26-06.42.00:119][404]LogAudioMixer: Display: 	Callback Buffer Frame Size To Use:	  1024
[2025.05.26-06.42.00:119][404]LogAudioMixer: Display: 	Number of buffers to queue:			  1
[2025.05.26-06.42.00:119][404]LogAudioMixer: Display: 	Max Channels (voices):				  0
[2025.05.26-06.42.00:119][404]LogAudioMixer: Display: 	Number of Async Source Workers:		  4
[2025.05.26-06.42.00:119][404]LogAudio: Display: AudioDevice MaxSources: 32
[2025.05.26-06.42.00:119][404]LogAudio: Display: Audio Spatialization Plugin: Resonance Audio is external send: 1
[2025.05.26-06.42.00:119][404]LogAudio: Display: Audio Reverb Plugin: Resonance Audio
[2025.05.26-06.42.00:119][404]LogAudio: Display: Audio Occlusion Plugin: None (built-in).
[2025.05.26-06.42.00:119][404]LogAudioMixer: Display: Initializing audio mixer.
[2025.05.26-06.42.00:126][404]LogAudioMixer: Display: 0: FrontLeft
[2025.05.26-06.42.00:126][404]LogAudioMixer: Display: 1: FrontRight
[2025.05.26-06.42.00:132][404]LogAudioMixer: Display: Using Audio Device Headset Earphone (HyperX Cloud Alpha S Chat)
[2025.05.26-06.42.00:132][404]LogAudioMixer: Display: Initializing Sound Submixes...
[2025.05.26-06.42.00:132][404]LogAudioMixer: Display: Creating Master Submix 'MasterSubmixDefault'
[2025.05.26-06.42.00:132][404]LogAudioMixer: Display: Creating Master Submix 'MasterReverbSubmixDefault'
[2025.05.26-06.42.00:132][404]LogAudioMixer: Display: Creating Master Submix 'MasterEQSubmixDefault'
[2025.05.26-06.42.00:133][404]LogAudioMixer: FMixerPlatformXAudio2::StartAudioStream() called
[2025.05.26-06.42.00:133][404]LogAudioMixer: Display: Output buffers initialized: Frames=1024, Channels=2, Samples=2048
[2025.05.26-06.42.00:133][404]LogAudioMixer: Display: Starting AudioMixerPlatformInterface::RunInternal()
[2025.05.26-06.42.00:133][404]LogAudioMixer: Display: FMixerPlatformXAudio2::SubmitBuffer() called for the first time
[2025.05.26-06.42.00:133][404]LogInit: FAudioDevice initialized.
[2025.05.26-06.42.00:133][404]LogAudio: Display: Audio Device (ID: 5) registered with world 'VRTemplateMap'.
[2025.05.26-06.42.00:142][404]LogLoad: Game class is 'VRGameMode_C'
[2025.05.26-06.42.00:145][404]LogWorld: Bringing World /Game/VRTemplate/Maps/UEDPIE_0_VRTemplateMap.VRTemplateMap up for play (max tick rate 60) at 2025.05.26-09.42.00
[2025.05.26-06.42.00:145][404]LogWorld: Bringing up level for play took: 0.002147
[2025.05.26-06.42.00:145][404]LogOnline: OSS: Creating online subsystem instance for: :Context_42
[2025.05.26-06.42.00:147][404]LogSpawn: Warning: SpawnActor failed because no class was specified
[2025.05.26-06.42.00:148][404]PIE: Server logged in
[2025.05.26-06.42.00:149][404]PIE: Play in editor total start time 0,068 seconds.
[2025.05.26-06.42.00:161][404]LogResonanceAudio: Display: Resonance Audio Listener is initialized
[2025.05.26-06.42.01:054][457]LogEditorViewport: Clicking on Actor (LMB): BP_Platform_C (BP_Platform)
[2025.05.26-06.42.01:820][502]LogEditorViewport: Clicking on Actor (LMB): BP_BatteryContainer_C (BP_BatteryContainer)
[2025.05.26-06.42.18:480][495]LogSlate: Updating window title bar state: overlay mode, drag disabled, window buttons hidden, title bar hidden
[2025.05.26-06.42.18:480][495]LogWorld: BeginTearingDown for /Game/VRTemplate/Maps/UEDPIE_0_VRTemplateMap
[2025.05.26-06.42.18:480][495]LogWorld: UWorld::CleanupWorld for VRTemplateMap, bSessionEnded=true, bCleanupResources=true
[2025.05.26-06.42.18:481][495]LogSlate: InvalidateAllWidgets triggered.  All widgets were invalidated
[2025.05.26-06.42.18:492][495]LogPlayLevel: Display: Shutting down PIE online subsystems
[2025.05.26-06.42.18:502][495]LogSlate: InvalidateAllWidgets triggered.  All widgets were invalidated
[2025.05.26-06.42.18:526][495]LogAudio: Display: Audio Device unregistered from world 'None'.
[2025.05.26-06.42.18:526][495]LogResonanceAudio: Display: Resonance Audio Listener is shutdown
[2025.05.26-06.42.18:526][495]LogAudioMixer: FMixerPlatformXAudio2::StopAudioStream() called
[2025.05.26-06.42.18:528][495]LogAudioMixer: FMixerPlatformXAudio2::StopAudioStream() called
[2025.05.26-06.42.18:529][495]LogSlate: Updating window title bar state: overlay mode, drag disabled, window buttons hidden, title bar hidden
[2025.05.26-06.42.18:533][495]LogUObjectHash: Compacting FUObjectHashTables data took   2.84ms
[2025.05.26-06.42.18:561][496]LogPlayLevel: Display: Destroying online subsystem :Context_42
[2025.05.26-06.42.28:684][102]LogEditorTransaction: Undo Modify Component(s)
[2025.05.26-06.42.36:935][591]BlueprintLog: New page: Compile BP_BatteryContainer
[2025.05.26-06.42.36:996][591]LogUObjectHash: Compacting FUObjectHashTables data took   2.36ms
[2025.05.26-06.42.39:336][730]LogTemp: Repeating last play command: Simulate
[2025.05.26-06.42.39:340][730]LogPlayLevel: PlayLevel: No blueprints needed recompiling
[2025.05.26-06.42.39:340][730]PIE: New page: SIE session: VRTemplateMap (26 мая 2025 г., 12:42:39)
[2025.05.26-06.42.39:340][730]LogPlayLevel: Creating play world package: /Game/VRTemplate/Maps/UEDPIE_0_VRTemplateMap
[2025.05.26-06.42.39:346][730]LogPlayLevel: PIE: StaticDuplicateObject took: (0.005969s)
[2025.05.26-06.42.39:346][730]LogAIModule: Creating AISystem for world VRTemplateMap
[2025.05.26-06.42.39:346][730]LogPlayLevel: PIE: World Init took: (0.000844s)
[2025.05.26-06.42.39:346][730]LogPlayLevel: PIE: Created PIE world by copying editor world from /Game/VRTemplate/Maps/VRTemplateMap.VRTemplateMap to /Game/VRTemplate/Maps/UEDPIE_0_VRTemplateMap.VRTemplateMap (0.006923s)
[2025.05.26-06.42.39:374][730]LogUObjectHash: Compacting FUObjectHashTables data took   2.70ms
[2025.05.26-06.42.39:376][730]LogAudio: Display: Creating Audio Device:                 Id: 6, Scope: Unique, Realtime: True
[2025.05.26-06.42.39:376][730]LogAudioMixer: Display: Audio Mixer Platform Settings:
[2025.05.26-06.42.39:376][730]LogAudioMixer: Display: 	Sample Rate:						  48000
[2025.05.26-06.42.39:376][730]LogAudioMixer: Display: 	Callback Buffer Frame Size Requested: 1024
[2025.05.26-06.42.39:376][730]LogAudioMixer: Display: 	Callback Buffer Frame Size To Use:	  1024
[2025.05.26-06.42.39:376][730]LogAudioMixer: Display: 	Number of buffers to queue:			  1
[2025.05.26-06.42.39:376][730]LogAudioMixer: Display: 	Max Channels (voices):				  0
[2025.05.26-06.42.39:376][730]LogAudioMixer: Display: 	Number of Async Source Workers:		  4
[2025.05.26-06.42.39:376][730]LogAudio: Display: AudioDevice MaxSources: 32
[2025.05.26-06.42.39:377][730]LogAudio: Display: Audio Spatialization Plugin: Resonance Audio is external send: 1
[2025.05.26-06.42.39:377][730]LogAudio: Display: Audio Reverb Plugin: Resonance Audio
[2025.05.26-06.42.39:377][730]LogAudio: Display: Audio Occlusion Plugin: None (built-in).
[2025.05.26-06.42.39:377][730]LogAudioMixer: Display: Initializing audio mixer.
[2025.05.26-06.42.39:382][730]LogAudioMixer: Display: 0: FrontLeft
[2025.05.26-06.42.39:382][730]LogAudioMixer: Display: 1: FrontRight
[2025.05.26-06.42.39:386][730]LogAudioMixer: Display: Using Audio Device Headset Earphone (HyperX Cloud Alpha S Chat)
[2025.05.26-06.42.39:388][730]LogAudioMixer: Display: Initializing Sound Submixes...
[2025.05.26-06.42.39:388][730]LogAudioMixer: Display: Creating Master Submix 'MasterSubmixDefault'
[2025.05.26-06.42.39:388][730]LogAudioMixer: Display: Creating Master Submix 'MasterReverbSubmixDefault'
[2025.05.26-06.42.39:388][730]LogAudioMixer: Display: Creating Master Submix 'MasterEQSubmixDefault'
[2025.05.26-06.42.39:388][730]LogAudioMixer: FMixerPlatformXAudio2::StartAudioStream() called
[2025.05.26-06.42.39:388][730]LogAudioMixer: Display: Output buffers initialized: Frames=1024, Channels=2, Samples=2048
[2025.05.26-06.42.39:389][730]LogAudioMixer: Display: Starting AudioMixerPlatformInterface::RunInternal()
[2025.05.26-06.42.39:389][730]LogAudioMixer: Display: FMixerPlatformXAudio2::SubmitBuffer() called for the first time
[2025.05.26-06.42.39:389][730]LogInit: FAudioDevice initialized.
[2025.05.26-06.42.39:389][730]LogAudio: Display: Audio Device (ID: 6) registered with world 'VRTemplateMap'.
[2025.05.26-06.42.39:395][730]LogLoad: Game class is 'VRGameMode_C'
[2025.05.26-06.42.39:397][730]LogWorld: Bringing World /Game/VRTemplate/Maps/UEDPIE_0_VRTemplateMap.VRTemplateMap up for play (max tick rate 60) at 2025.05.26-09.42.39
[2025.05.26-06.42.39:397][730]LogWorld: Bringing up level for play took: 0.002040
[2025.05.26-06.42.39:397][730]LogOnline: OSS: Creating online subsystem instance for: :Context_43
[2025.05.26-06.42.39:398][730]LogSpawn: Warning: SpawnActor failed because no class was specified
[2025.05.26-06.42.39:400][730]PIE: Server logged in
[2025.05.26-06.42.39:401][730]PIE: Play in editor total start time 0,062 seconds.
[2025.05.26-06.42.39:413][730]LogResonanceAudio: Display: Resonance Audio Listener is initialized
[2025.05.26-06.42.40:154][774]LogEditorViewport: Clicking on Actor (LMB): BP_BatteryContainer_C (BP_BatteryContainer)
[2025.05.26-06.43.19:160][109]LogSlate: Updating window title bar state: overlay mode, drag disabled, window buttons hidden, title bar hidden
[2025.05.26-06.43.19:160][109]LogWorld: BeginTearingDown for /Game/VRTemplate/Maps/UEDPIE_0_VRTemplateMap
[2025.05.26-06.43.19:161][109]LogWorld: UWorld::CleanupWorld for VRTemplateMap, bSessionEnded=true, bCleanupResources=true
[2025.05.26-06.43.19:161][109]LogSlate: InvalidateAllWidgets triggered.  All widgets were invalidated
[2025.05.26-06.43.19:169][109]LogPlayLevel: Display: Shutting down PIE online subsystems
[2025.05.26-06.43.19:179][109]LogSlate: InvalidateAllWidgets triggered.  All widgets were invalidated
[2025.05.26-06.43.19:203][109]LogAudio: Display: Audio Device unregistered from world 'None'.
[2025.05.26-06.43.19:203][109]LogResonanceAudio: Display: Resonance Audio Listener is shutdown
[2025.05.26-06.43.19:203][109]LogAudioMixer: FMixerPlatformXAudio2::StopAudioStream() called
[2025.05.26-06.43.19:204][109]LogAudioMixer: FMixerPlatformXAudio2::StopAudioStream() called
[2025.05.26-06.43.19:206][109]LogSlate: Updating window title bar state: overlay mode, drag disabled, window buttons hidden, title bar hidden
[2025.05.26-06.43.19:211][109]LogUObjectHash: Compacting FUObjectHashTables data took   2.45ms
[2025.05.26-06.43.19:241][110]LogPlayLevel: Display: Destroying online subsystem :Context_43
[2025.05.26-06.43.20:761][199]LogSavePackage: Moving '../../../../../../Users/sasha/Documents/GitHub/unreal_project/Saved/BP_BatteryContainer16D20CA549557829C90E89BB5A1C9CF7.tmp' to '../../../../../../Users/sasha/Documents/GitHub/unreal_project/Content/Sanya_Durex/BP_components/BP_BatteryContainer.uasset'
[2025.05.26-06.43.20:776][199]AssetCheck: New page: Asset Save: BP_BatteryContainer
[2025.05.26-06.43.20:776][199]LogContentValidation: Display: Validating Blueprint /Game/Sanya_Durex/BP_components/BP_BatteryContainer.BP_BatteryContainer
[2025.05.26-06.44.07:731][ 11]LogStaticMesh: Building static mesh MX1508...
[2025.05.26-06.44.07:835][ 11]LogStaticMesh: Built static mesh [0.11s] /Game/Resources/Meshes/MX1508.MX1508
[2025.05.26-06.44.11:086][202]LogContentBrowser: Attempting asset rename: MX1508 -> MX1508
[2025.05.26-06.44.17:522][506]LogSlate: Window 'Pick Parent Class' being destroyed
[2025.05.26-06.44.17:527][506]LogContentBrowser: Deferred new asset file creation: NewBlueprint
[2025.05.26-06.44.17:544][506]LogContentBrowser: Creating deferred item: NewBlueprint
[2025.05.26-06.44.21:917][769]LogContentBrowser: Attempting asset rename: NewBlueprint -> DP_MX1508
[2025.05.26-06.44.21:921][769]LogContentBrowser: End creating deferred item NewBlueprint
[2025.05.26-06.44.23:319][852]Cmd: OBJ SAVEPACKAGE PACKAGE="/Game/Sanya_Durex/BP_components/DP_MX1508" FILE="../../../../../../Users/sasha/Documents/GitHub/unreal_project/Content/Sanya_Durex/BP_components/DP_MX1508.uasset" SILENT=true
[2025.05.26-06.44.23:322][852]LogSavePackage: Moving '../../../../../../Users/sasha/Documents/GitHub/unreal_project/Saved/DP_MX1508A5DD8EEF49107F2F0981FEA6C66C5679.tmp' to '../../../../../../Users/sasha/Documents/GitHub/unreal_project/Content/Sanya_Durex/BP_components/DP_MX1508.uasset'
[2025.05.26-06.44.23:335][852]AssetCheck: New page: Asset Save: DP_MX1508
[2025.05.26-06.44.23:336][852]LogContentValidation: Display: Validating Blueprint /Game/Sanya_Durex/BP_components/DP_MX1508.DP_MX1508
[2025.05.26-06.49.34:928][537]LogUObjectHash: Compacting FUObjectHashTables data took   3.61ms
[2025.05.26-06.49.34:968][537]LogSavePackage: Moving '../../../../../../Users/sasha/Documents/GitHub/unreal_project/Saved/VRTemplateMap_Auto3A801789A4A75A7951459D08912473255.tmp' to '../../../../../../Users/sasha/Documents/GitHub/unreal_project/Saved/Autosaves/Game/VRTemplate/Maps/VRTemplateMap_Auto3.umap'
[2025.05.26-06.49.34:971][537]LogFileHelpers: Editor autosave (incl. external actors) for '/Game/VRTemplate/Maps/VRTemplateMap' took 0.076
[2025.05.26-06.49.34:971][537]LogFileHelpers: Editor autosave (incl. sublevels & external actors) for all levels took 0.076
[2025.05.26-06.49.34:971][537]OBJ SavePackage: Generating thumbnails for [1] asset(s) in package [/Game/Resources/Meshes/Platform] ([1] browsable assets)...
[2025.05.26-06.49.34:977][537]OBJ SavePackage:     Rendered thumbnail for [StaticMesh /Game/Resources/Meshes/Platform.Platform]
[2025.05.26-06.49.34:977][537]OBJ SavePackage: Finished generating thumbnails for package [/Game/Resources/Meshes/Platform]
[2025.05.26-06.49.34:989][537]LogSavePackage: Moving '../../../../../../Users/sasha/Documents/GitHub/unreal_project/Saved/Platform_Auto3A7F0B9A7440C9A23A4EEBA9957B9452E.tmp' to '../../../../../../Users/sasha/Documents/GitHub/unreal_project/Saved/Autosaves/Game/Resources/Meshes/Platform_Auto3.uasset'
[2025.05.26-06.49.34:991][537]LogFileHelpers: Auto-saving content packages took 0.020
[2025.05.26-07.09.48:285][333]LogAssetEditorSubsystem: Opening Asset editor for Blueprint /Game/Sanya_Durex/BP_components/DP_MX1508.DP_MX1508
[2025.05.26-07.11.10:620][236]LogPhysics: Warning: Scale for /Engine/Transient.World_38:PersistentLevel.DP_MX1508_C_0.MX1508_Socket has a component set to zero, which will result in a bad body instance. Scale:X=1.000 Y=1.000 Z=0.000
[2025.05.26-07.11.53:974][833]LogAssetEditorSubsystem: Opening Asset editor for StaticMesh /Game/Resources/Meshes/MX1508.MX1508
[2025.05.26-07.12.39:148][525]Cmd: OBJ SAVEPACKAGE PACKAGE="/Game/Resources/Meshes/MX1508" FILE="../../../../../../Users/sasha/Documents/GitHub/unreal_project/Content/Resources/Meshes/MX1508.uasset" SILENT=true
[2025.05.26-07.12.39:176][525]LogSavePackage: Moving '../../../../../../Users/sasha/Documents/GitHub/unreal_project/Saved/MX1508DCE826C44D87C80550E82D85316362D3.tmp' to '../../../../../../Users/sasha/Documents/GitHub/unreal_project/Content/Resources/Meshes/MX1508.uasset'
[2025.05.26-07.12.39:192][525]AssetCheck: New page: Asset Save: MX1508
[2025.05.26-07.12.39:192][525]LogContentValidation: Display: Validating StaticMesh /Game/Resources/Meshes/MX1508.MX1508
[2025.05.26-07.12.43:042][756]BlueprintLog: New page: Compile DP_MX1508
[2025.05.26-07.12.43:094][756]LogUObjectHash: Compacting FUObjectHashTables data took   3.17ms
[2025.05.26-07.12.43:490][777]Cmd: OBJ SAVEPACKAGE PACKAGE="/Game/Sanya_Durex/BP_components/DP_MX1508" FILE="../../../../../../Users/sasha/Documents/GitHub/unreal_project/Content/Sanya_Durex/BP_components/DP_MX1508.uasset" SILENT=true
[2025.05.26-07.12.43:497][777]LogSavePackage: Moving '../../../../../../Users/sasha/Documents/GitHub/unreal_project/Saved/DP_MX15081BCD4205409B0A62654E5B8786F315ED.tmp' to '../../../../../../Users/sasha/Documents/GitHub/unreal_project/Content/Sanya_Durex/BP_components/DP_MX1508.uasset'
[2025.05.26-07.12.43:509][777]AssetCheck: New page: Asset Save: DP_MX1508
[2025.05.26-07.12.43:509][777]LogContentValidation: Display: Validating Blueprint /Game/Sanya_Durex/BP_components/DP_MX1508.DP_MX1508
[2025.05.26-07.13.00:634][804]BlueprintLog: New page: Compile DP_MX1508
[2025.05.26-07.13.00:680][804]LogUObjectHash: Compacting FUObjectHashTables data took   3.12ms
[2025.05.26-07.13.00:965][820]Cmd: OBJ SAVEPACKAGE PACKAGE="/Game/Sanya_Durex/BP_components/DP_MX1508" FILE="../../../../../../Users/sasha/Documents/GitHub/unreal_project/Content/Sanya_Durex/BP_components/DP_MX1508.uasset" SILENT=true
[2025.05.26-07.13.00:972][820]LogSavePackage: Moving '../../../../../../Users/sasha/Documents/GitHub/unreal_project/Saved/DP_MX150871E3406D4135659E258388B82068A0FD.tmp' to '../../../../../../Users/sasha/Documents/GitHub/unreal_project/Content/Sanya_Durex/BP_components/DP_MX1508.uasset'
[2025.05.26-07.13.00:987][820]AssetCheck: New page: Asset Save: DP_MX1508
[2025.05.26-07.13.00:987][820]LogContentValidation: Display: Validating Blueprint /Game/Sanya_Durex/BP_components/DP_MX1508.DP_MX1508
[2025.05.26-07.13.03:077][944]Cmd: OBJ SAVEPACKAGE PACKAGE="/Game/Resources/Meshes/Platform" FILE="../../../../../../Users/sasha/Documents/GitHub/unreal_project/Content/Resources/Meshes/Platform.uasset" SILENT=true
[2025.05.26-07.13.03:083][944]LogSavePackage: Moving '../../../../../../Users/sasha/Documents/GitHub/unreal_project/Saved/Platform4E18F5714626D107C1AC919EF0DF8A8E.tmp' to '../../../../../../Users/sasha/Documents/GitHub/unreal_project/Content/Resources/Meshes/Platform.uasset'
[2025.05.26-07.13.03:096][944]AssetCheck: New page: Asset Save: Platform
[2025.05.26-07.13.03:096][944]LogContentValidation: Display: Validating StaticMesh /Game/Resources/Meshes/Platform.Platform
[2025.05.26-07.13.57:340][193]BlueprintLog: New page: Compile BP_Platform
[2025.05.26-07.13.57:477][193]LogUObjectHash: Compacting FUObjectHashTables data took   3.57ms
[2025.05.26-07.13.57:824][211]Cmd: OBJ SAVEPACKAGE PACKAGE="/Game/Andrey/Objects/BP_Platform" FILE="../../../../../../Users/sasha/Documents/GitHub/unreal_project/Content/Andrey/Objects/BP_Platform.uasset" SILENT=true
[2025.05.26-07.13.57:867][211]LogSavePackage: Moving '../../../../../../Users/sasha/Documents/GitHub/unreal_project/Saved/BP_Platform8D0B1D9047D3AFAF919A2496B48A696C.tmp' to '../../../../../../Users/sasha/Documents/GitHub/unreal_project/Content/Andrey/Objects/BP_Platform.uasset'
[2025.05.26-07.13.57:880][211]AssetCheck: New page: Asset Save: BP_Platform
[2025.05.26-07.13.57:880][211]LogContentValidation: Display: Validating Blueprint /Game/Andrey/Objects/BP_Platform.BP_Platform
[2025.05.26-07.15.04:810][197]BlueprintLog: New page: Compile BP_Platform
[2025.05.26-07.15.04:874][197]LogUObjectHash: Compacting FUObjectHashTables data took   3.36ms
[2025.05.26-07.15.05:483][228]Cmd: OBJ SAVEPACKAGE PACKAGE="/Game/Andrey/Objects/BP_Platform" FILE="../../../../../../Users/sasha/Documents/GitHub/unreal_project/Content/Andrey/Objects/BP_Platform.uasset" SILENT=true
[2025.05.26-07.15.05:527][228]LogSavePackage: Moving '../../../../../../Users/sasha/Documents/GitHub/unreal_project/Saved/BP_PlatformB8EBFD604DFD77512D1A8E928A5D3A5B.tmp' to '../../../../../../Users/sasha/Documents/GitHub/unreal_project/Content/Andrey/Objects/BP_Platform.uasset'
[2025.05.26-07.15.05:545][228]AssetCheck: New page: Asset Save: BP_Platform
[2025.05.26-07.15.05:545][228]LogContentValidation: Display: Validating Blueprint /Game/Andrey/Objects/BP_Platform.BP_Platform
[2025.05.26-07.15.20:453][118]LogEditorViewport: Clicking on Actor (LMB): DP_MX1508_C (DP_MX1508)
[2025.05.26-07.15.20:956][148]LogEditorViewport: Clicking on Actor (LMB): DP_MX1508_C (DP_MX1508)
[2025.05.26-07.15.39:427][254]LogTemp: Repeating last play command: Simulate
[2025.05.26-07.15.39:433][254]LogPlayLevel: PlayLevel: No blueprints needed recompiling
[2025.05.26-07.15.39:433][254]PIE: New page: SIE session: VRTemplateMap (26 мая 2025 г., 13:15:39)
[2025.05.26-07.15.39:434][254]LogPlayLevel: Creating play world package: /Game/VRTemplate/Maps/UEDPIE_0_VRTemplateMap
[2025.05.26-07.15.39:440][254]LogPlayLevel: PIE: StaticDuplicateObject took: (0.006316s)
[2025.05.26-07.15.39:441][254]LogAIModule: Creating AISystem for world VRTemplateMap
[2025.05.26-07.15.39:441][254]LogPlayLevel: PIE: World Init took: (0.000945s)
[2025.05.26-07.15.39:441][254]LogPlayLevel: PIE: Created PIE world by copying editor world from /Game/VRTemplate/Maps/VRTemplateMap.VRTemplateMap to /Game/VRTemplate/Maps/UEDPIE_0_VRTemplateMap.VRTemplateMap (0.007369s)
[2025.05.26-07.15.39:473][254]LogUObjectHash: Compacting FUObjectHashTables data took   3.01ms
[2025.05.26-07.15.39:477][254]LogAudio: Display: Creating Audio Device:                 Id: 7, Scope: Unique, Realtime: True
[2025.05.26-07.15.39:477][254]LogAudioMixer: Display: Audio Mixer Platform Settings:
[2025.05.26-07.15.39:477][254]LogAudioMixer: Display: 	Sample Rate:						  48000
[2025.05.26-07.15.39:477][254]LogAudioMixer: Display: 	Callback Buffer Frame Size Requested: 1024
[2025.05.26-07.15.39:477][254]LogAudioMixer: Display: 	Callback Buffer Frame Size To Use:	  1024
[2025.05.26-07.15.39:477][254]LogAudioMixer: Display: 	Number of buffers to queue:			  1
[2025.05.26-07.15.39:477][254]LogAudioMixer: Display: 	Max Channels (voices):				  0
[2025.05.26-07.15.39:477][254]LogAudioMixer: Display: 	Number of Async Source Workers:		  4
[2025.05.26-07.15.39:477][254]LogAudio: Display: AudioDevice MaxSources: 32
[2025.05.26-07.15.39:477][254]LogAudio: Display: Audio Spatialization Plugin: Resonance Audio is external send: 1
[2025.05.26-07.15.39:477][254]LogAudio: Display: Audio Reverb Plugin: Resonance Audio
[2025.05.26-07.15.39:477][254]LogAudio: Display: Audio Occlusion Plugin: None (built-in).
[2025.05.26-07.15.39:477][254]LogAudioMixer: Display: Initializing audio mixer.
[2025.05.26-07.15.39:484][254]LogAudioMixer: Display: 0: FrontLeft
[2025.05.26-07.15.39:484][254]LogAudioMixer: Display: 1: FrontRight
[2025.05.26-07.15.39:491][254]LogAudioMixer: Display: Using Audio Device Headset Earphone (HyperX Cloud Alpha S Chat)
[2025.05.26-07.15.39:492][254]LogAudioMixer: Display: Initializing Sound Submixes...
[2025.05.26-07.15.39:492][254]LogAudioMixer: Display: Creating Master Submix 'MasterSubmixDefault'
[2025.05.26-07.15.39:492][254]LogAudioMixer: Display: Creating Master Submix 'MasterReverbSubmixDefault'
[2025.05.26-07.15.39:492][254]LogAudioMixer: Display: Creating Master Submix 'MasterEQSubmixDefault'
[2025.05.26-07.15.39:492][254]LogAudioMixer: FMixerPlatformXAudio2::StartAudioStream() called
[2025.05.26-07.15.39:492][254]LogAudioMixer: Display: Output buffers initialized: Frames=1024, Channels=2, Samples=2048
[2025.05.26-07.15.39:493][254]LogAudioMixer: Display: Starting AudioMixerPlatformInterface::RunInternal()
[2025.05.26-07.15.39:493][254]LogAudioMixer: Display: FMixerPlatformXAudio2::SubmitBuffer() called for the first time
[2025.05.26-07.15.39:493][254]LogInit: FAudioDevice initialized.
[2025.05.26-07.15.39:493][254]LogAudio: Display: Audio Device (ID: 7) registered with world 'VRTemplateMap'.
[2025.05.26-07.15.39:500][254]LogLoad: Game class is 'VRGameMode_C'
[2025.05.26-07.15.39:502][254]LogWorld: Bringing World /Game/VRTemplate/Maps/UEDPIE_0_VRTemplateMap.VRTemplateMap up for play (max tick rate 60) at 2025.05.26-10.15.39
[2025.05.26-07.15.39:502][254]LogWorld: Bringing up level for play took: 0.002199
[2025.05.26-07.15.39:503][254]LogOnline: OSS: Creating online subsystem instance for: :Context_47
[2025.05.26-07.15.39:504][254]LogSpawn: Warning: SpawnActor failed because no class was specified
[2025.05.26-07.15.39:506][254]PIE: Server logged in
[2025.05.26-07.15.39:507][254]PIE: Play in editor total start time 0,075 seconds.
[2025.05.26-07.15.39:519][254]LogResonanceAudio: Display: Resonance Audio Listener is initialized
[2025.05.26-07.15.40:211][295]LogEditorViewport: Clicking on Actor (LMB): DP_MX1508_C (DP_MX1508)
[2025.05.26-07.15.48:329][778]LogSlate: Updating window title bar state: overlay mode, drag disabled, window buttons hidden, title bar hidden
[2025.05.26-07.15.48:329][778]LogWorld: BeginTearingDown for /Game/VRTemplate/Maps/UEDPIE_0_VRTemplateMap
[2025.05.26-07.15.48:329][778]LogWorld: UWorld::CleanupWorld for VRTemplateMap, bSessionEnded=true, bCleanupResources=true
[2025.05.26-07.15.48:330][778]LogSlate: InvalidateAllWidgets triggered.  All widgets were invalidated
[2025.05.26-07.15.48:339][778]LogPlayLevel: Display: Shutting down PIE online subsystems
[2025.05.26-07.15.48:349][778]LogSlate: InvalidateAllWidgets triggered.  All widgets were invalidated
[2025.05.26-07.15.48:375][778]LogAudio: Display: Audio Device unregistered from world 'None'.
[2025.05.26-07.15.48:376][778]LogResonanceAudio: Display: Resonance Audio Listener is shutdown
[2025.05.26-07.15.48:376][778]LogAudioMixer: FMixerPlatformXAudio2::StopAudioStream() called
[2025.05.26-07.15.48:377][778]LogAudioMixer: FMixerPlatformXAudio2::StopAudioStream() called
[2025.05.26-07.15.48:378][778]LogSlate: Updating window title bar state: overlay mode, drag disabled, window buttons hidden, title bar hidden
[2025.05.26-07.15.48:383][778]LogUObjectHash: Compacting FUObjectHashTables data took   2.47ms
[2025.05.26-07.15.48:404][779]LogPlayLevel: Display: Destroying online subsystem :Context_47
[2025.05.26-07.16.12:626][232]BlueprintLog: New page: Compile DP_MX1508
[2025.05.26-07.16.12:680][232]LogUObjectHash: Compacting FUObjectHashTables data took   2.79ms
[2025.05.26-07.16.13:207][261]Cmd: OBJ SAVEPACKAGE PACKAGE="/Game/Sanya_Durex/BP_components/DP_MX1508" FILE="../../../../../../Users/sasha/Documents/GitHub/unreal_project/Content/Sanya_Durex/BP_components/DP_MX1508.uasset" SILENT=true
[2025.05.26-07.16.13:213][261]LogSavePackage: Moving '../../../../../../Users/sasha/Documents/GitHub/unreal_project/Saved/DP_MX1508219A127C4B61441D6551B28EB9AC839A.tmp' to '../../../../../../Users/sasha/Documents/GitHub/unreal_project/Content/Sanya_Durex/BP_components/DP_MX1508.uasset'
[2025.05.26-07.16.13:226][261]AssetCheck: New page: Asset Save: DP_MX1508
[2025.05.26-07.16.13:227][261]LogContentValidation: Display: Validating Blueprint /Game/Sanya_Durex/BP_components/DP_MX1508.DP_MX1508
[2025.05.26-07.16.15:217][381]LogTemp: Repeating last play command: Simulate
[2025.05.26-07.16.15:221][381]LogPlayLevel: PlayLevel: No blueprints needed recompiling
[2025.05.26-07.16.15:221][381]PIE: New page: SIE session: VRTemplateMap (26 мая 2025 г., 13:16:15)
[2025.05.26-07.16.15:221][381]LogPlayLevel: Creating play world package: /Game/VRTemplate/Maps/UEDPIE_0_VRTemplateMap
[2025.05.26-07.16.15:227][381]LogPlayLevel: PIE: StaticDuplicateObject took: (0.006437s)
[2025.05.26-07.16.15:228][381]LogAIModule: Creating AISystem for world VRTemplateMap
[2025.05.26-07.16.15:228][381]LogPlayLevel: PIE: World Init took: (0.000900s)
[2025.05.26-07.16.15:228][381]LogPlayLevel: PIE: Created PIE world by copying editor world from /Game/VRTemplate/Maps/VRTemplateMap.VRTemplateMap to /Game/VRTemplate/Maps/UEDPIE_0_VRTemplateMap.VRTemplateMap (0.007454s)
[2025.05.26-07.16.15:257][381]LogUObjectHash: Compacting FUObjectHashTables data took   2.94ms
[2025.05.26-07.16.15:259][381]LogAudio: Display: Creating Audio Device:                 Id: 8, Scope: Unique, Realtime: True
[2025.05.26-07.16.15:259][381]LogAudioMixer: Display: Audio Mixer Platform Settings:
[2025.05.26-07.16.15:259][381]LogAudioMixer: Display: 	Sample Rate:						  48000
[2025.05.26-07.16.15:259][381]LogAudioMixer: Display: 	Callback Buffer Frame Size Requested: 1024
[2025.05.26-07.16.15:259][381]LogAudioMixer: Display: 	Callback Buffer Frame Size To Use:	  1024
[2025.05.26-07.16.15:259][381]LogAudioMixer: Display: 	Number of buffers to queue:			  1
[2025.05.26-07.16.15:259][381]LogAudioMixer: Display: 	Max Channels (voices):				  0
[2025.05.26-07.16.15:259][381]LogAudioMixer: Display: 	Number of Async Source Workers:		  4
[2025.05.26-07.16.15:259][381]LogAudio: Display: AudioDevice MaxSources: 32
[2025.05.26-07.16.15:260][381]LogAudio: Display: Audio Spatialization Plugin: Resonance Audio is external send: 1
[2025.05.26-07.16.15:260][381]LogAudio: Display: Audio Reverb Plugin: Resonance Audio
[2025.05.26-07.16.15:260][381]LogAudio: Display: Audio Occlusion Plugin: None (built-in).
[2025.05.26-07.16.15:260][381]LogAudioMixer: Display: Initializing audio mixer.
[2025.05.26-07.16.15:265][381]LogAudioMixer: Display: 0: FrontLeft
[2025.05.26-07.16.15:265][381]LogAudioMixer: Display: 1: FrontRight
[2025.05.26-07.16.15:271][381]LogAudioMixer: Display: Using Audio Device Headset Earphone (HyperX Cloud Alpha S Chat)
[2025.05.26-07.16.15:271][381]LogAudioMixer: Display: Initializing Sound Submixes...
[2025.05.26-07.16.15:271][381]LogAudioMixer: Display: Creating Master Submix 'MasterSubmixDefault'
[2025.05.26-07.16.15:271][381]LogAudioMixer: Display: Creating Master Submix 'MasterReverbSubmixDefault'
[2025.05.26-07.16.15:272][381]LogAudioMixer: Display: Creating Master Submix 'MasterEQSubmixDefault'
[2025.05.26-07.16.15:272][381]LogAudioMixer: FMixerPlatformXAudio2::StartAudioStream() called
[2025.05.26-07.16.15:272][381]LogAudioMixer: Display: Output buffers initialized: Frames=1024, Channels=2, Samples=2048
[2025.05.26-07.16.15:273][381]LogAudioMixer: Display: Starting AudioMixerPlatformInterface::RunInternal()
[2025.05.26-07.16.15:273][381]LogAudioMixer: Display: FMixerPlatformXAudio2::SubmitBuffer() called for the first time
[2025.05.26-07.16.15:273][381]LogInit: FAudioDevice initialized.
[2025.05.26-07.16.15:273][381]LogAudio: Display: Audio Device (ID: 8) registered with world 'VRTemplateMap'.
[2025.05.26-07.16.15:280][381]LogLoad: Game class is 'VRGameMode_C'
[2025.05.26-07.16.15:283][381]LogWorld: Bringing World /Game/VRTemplate/Maps/UEDPIE_0_VRTemplateMap.VRTemplateMap up for play (max tick rate 60) at 2025.05.26-10.16.15
[2025.05.26-07.16.15:283][381]LogWorld: Bringing up level for play took: 0.002074
[2025.05.26-07.16.15:283][381]LogOnline: OSS: Creating online subsystem instance for: :Context_48
[2025.05.26-07.16.15:285][381]LogSpawn: Warning: SpawnActor failed because no class was specified
[2025.05.26-07.16.15:287][381]PIE: Server logged in
[2025.05.26-07.16.15:287][381]PIE: Play in editor total start time 0,067 seconds.
[2025.05.26-07.16.15:299][381]LogResonanceAudio: Display: Resonance Audio Listener is initialized
[2025.05.26-07.16.17:011][483]LogEditorViewport: Clicking on Actor (LMB): DP_MX1508_C (DP_MX1508)
[2025.05.26-07.16.31:529][350]LogSlate: Updating window title bar state: overlay mode, drag disabled, window buttons hidden, title bar hidden
[2025.05.26-07.16.31:529][350]LogWorld: BeginTearingDown for /Game/VRTemplate/Maps/UEDPIE_0_VRTemplateMap
[2025.05.26-07.16.31:530][350]LogWorld: UWorld::CleanupWorld for VRTemplateMap, bSessionEnded=true, bCleanupResources=true
[2025.05.26-07.16.31:530][350]LogSlate: InvalidateAllWidgets triggered.  All widgets were invalidated
[2025.05.26-07.16.31:539][350]LogPlayLevel: Display: Shutting down PIE online subsystems
[2025.05.26-07.16.31:549][350]LogSlate: InvalidateAllWidgets triggered.  All widgets were invalidated
[2025.05.26-07.16.31:576][350]LogAudio: Display: Audio Device unregistered from world 'None'.
[2025.05.26-07.16.31:576][350]LogResonanceAudio: Display: Resonance Audio Listener is shutdown
[2025.05.26-07.16.31:577][350]LogAudioMixer: FMixerPlatformXAudio2::StopAudioStream() called
[2025.05.26-07.16.31:577][350]LogAudioMixer: FMixerPlatformXAudio2::StopAudioStream() called
[2025.05.26-07.16.31:579][350]LogSlate: Updating window title bar state: overlay mode, drag disabled, window buttons hidden, title bar hidden
[2025.05.26-07.16.31:583][350]LogUObjectHash: Compacting FUObjectHashTables data took   2.67ms
[2025.05.26-07.16.31:610][351]LogPlayLevel: Display: Destroying online subsystem :Context_48
[2025.05.26-07.16.50:636][492]BlueprintLog: New page: Compile DP_MX1508
[2025.05.26-07.16.50:688][492]LogUObjectHash: Compacting FUObjectHashTables data took   2.58ms
[2025.05.26-07.16.51:032][510]Cmd: OBJ SAVEPACKAGE PACKAGE="/Game/Sanya_Durex/BP_components/DP_MX1508" FILE="../../../../../../Users/sasha/Documents/GitHub/unreal_project/Content/Sanya_Durex/BP_components/DP_MX1508.uasset" SILENT=true
[2025.05.26-07.16.51:040][510]LogSavePackage: Moving '../../../../../../Users/sasha/Documents/GitHub/unreal_project/Saved/DP_MX150887BCF19C46E5040B8C3FCE9C86FD2B92.tmp' to '../../../../../../Users/sasha/Documents/GitHub/unreal_project/Content/Sanya_Durex/BP_components/DP_MX1508.uasset'
[2025.05.26-07.16.51:055][510]AssetCheck: New page: Asset Save: DP_MX1508
[2025.05.26-07.16.51:055][510]LogContentValidation: Display: Validating Blueprint /Game/Sanya_Durex/BP_components/DP_MX1508.DP_MX1508
[2025.05.26-07.16.53:044][629]LogTemp: Repeating last play command: Simulate
[2025.05.26-07.16.53:049][629]LogPlayLevel: PlayLevel: No blueprints needed recompiling
[2025.05.26-07.16.53:049][629]PIE: New page: SIE session: VRTemplateMap (26 мая 2025 г., 13:16:53)
[2025.05.26-07.16.53:049][629]LogPlayLevel: Creating play world package: /Game/VRTemplate/Maps/UEDPIE_0_VRTemplateMap
[2025.05.26-07.16.53:055][629]LogPlayLevel: PIE: StaticDuplicateObject took: (0.006215s)
[2025.05.26-07.16.53:056][629]LogAIModule: Creating AISystem for world VRTemplateMap
[2025.05.26-07.16.53:056][629]LogPlayLevel: PIE: World Init took: (0.000819s)
[2025.05.26-07.16.53:057][629]LogPlayLevel: PIE: Created PIE world by copying editor world from /Game/VRTemplate/Maps/VRTemplateMap.VRTemplateMap to /Game/VRTemplate/Maps/UEDPIE_0_VRTemplateMap.VRTemplateMap (0.007160s)
[2025.05.26-07.16.53:085][629]LogUObjectHash: Compacting FUObjectHashTables data took   2.89ms
[2025.05.26-07.16.53:089][629]LogAudio: Display: Creating Audio Device:                 Id: 9, Scope: Unique, Realtime: True
[2025.05.26-07.16.53:089][629]LogAudioMixer: Display: Audio Mixer Platform Settings:
[2025.05.26-07.16.53:089][629]LogAudioMixer: Display: 	Sample Rate:						  48000
[2025.05.26-07.16.53:089][629]LogAudioMixer: Display: 	Callback Buffer Frame Size Requested: 1024
[2025.05.26-07.16.53:089][629]LogAudioMixer: Display: 	Callback Buffer Frame Size To Use:	  1024
[2025.05.26-07.16.53:089][629]LogAudioMixer: Display: 	Number of buffers to queue:			  1
[2025.05.26-07.16.53:089][629]LogAudioMixer: Display: 	Max Channels (voices):				  0
[2025.05.26-07.16.53:089][629]LogAudioMixer: Display: 	Number of Async Source Workers:		  4
[2025.05.26-07.16.53:089][629]LogAudio: Display: AudioDevice MaxSources: 32
[2025.05.26-07.16.53:090][629]LogAudio: Display: Audio Spatialization Plugin: Resonance Audio is external send: 1
[2025.05.26-07.16.53:090][629]LogAudio: Display: Audio Reverb Plugin: Resonance Audio
[2025.05.26-07.16.53:090][629]LogAudio: Display: Audio Occlusion Plugin: None (built-in).
[2025.05.26-07.16.53:090][629]LogAudioMixer: Display: Initializing audio mixer.
[2025.05.26-07.16.53:095][629]LogAudioMixer: Display: 0: FrontLeft
[2025.05.26-07.16.53:095][629]LogAudioMixer: Display: 1: FrontRight
[2025.05.26-07.16.53:099][629]LogAudioMixer: Display: Using Audio Device Headset Earphone (HyperX Cloud Alpha S Chat)
[2025.05.26-07.16.53:100][629]LogAudioMixer: Display: Initializing Sound Submixes...
[2025.05.26-07.16.53:100][629]LogAudioMixer: Display: Creating Master Submix 'MasterSubmixDefault'
[2025.05.26-07.16.53:100][629]LogAudioMixer: Display: Creating Master Submix 'MasterReverbSubmixDefault'
[2025.05.26-07.16.53:100][629]LogAudioMixer: Display: Creating Master Submix 'MasterEQSubmixDefault'
[2025.05.26-07.16.53:100][629]LogAudioMixer: FMixerPlatformXAudio2::StartAudioStream() called
[2025.05.26-07.16.53:100][629]LogAudioMixer: Display: Output buffers initialized: Frames=1024, Channels=2, Samples=2048
[2025.05.26-07.16.53:101][629]LogAudioMixer: Display: Starting AudioMixerPlatformInterface::RunInternal()
[2025.05.26-07.16.53:101][629]LogAudioMixer: Display: FMixerPlatformXAudio2::SubmitBuffer() called for the first time
[2025.05.26-07.16.53:101][629]LogInit: FAudioDevice initialized.
[2025.05.26-07.16.53:101][629]LogAudio: Display: Audio Device (ID: 9) registered with world 'VRTemplateMap'.
[2025.05.26-07.16.53:113][629]LogLoad: Game class is 'VRGameMode_C'
[2025.05.26-07.16.53:115][629]LogWorld: Bringing World /Game/VRTemplate/Maps/UEDPIE_0_VRTemplateMap.VRTemplateMap up for play (max tick rate 60) at 2025.05.26-10.16.53
[2025.05.26-07.16.53:115][629]LogWorld: Bringing up level for play took: 0.002088
[2025.05.26-07.16.53:116][629]LogOnline: OSS: Creating online subsystem instance for: :Context_49
[2025.05.26-07.16.53:117][629]LogSpawn: Warning: SpawnActor failed because no class was specified
[2025.05.26-07.16.53:118][629]PIE: Server logged in
[2025.05.26-07.16.53:119][629]PIE: Play in editor total start time 0,071 seconds.
[2025.05.26-07.16.53:131][629]LogResonanceAudio: Display: Resonance Audio Listener is initialized
[2025.05.26-07.16.53:725][664]LogEditorViewport: Clicking on Actor (LMB): DP_MX1508_C (DP_MX1508)
[2025.05.26-07.17.12:029][758]LogSlate: Updating window title bar state: overlay mode, drag disabled, window buttons hidden, title bar hidden
[2025.05.26-07.17.12:029][758]LogWorld: BeginTearingDown for /Game/VRTemplate/Maps/UEDPIE_0_VRTemplateMap
[2025.05.26-07.17.12:029][758]LogWorld: UWorld::CleanupWorld for VRTemplateMap, bSessionEnded=true, bCleanupResources=true
[2025.05.26-07.17.12:030][758]LogSlate: InvalidateAllWidgets triggered.  All widgets were invalidated
[2025.05.26-07.17.12:042][758]LogPlayLevel: Display: Shutting down PIE online subsystems
[2025.05.26-07.17.12:053][758]LogSlate: InvalidateAllWidgets triggered.  All widgets were invalidated
[2025.05.26-07.17.12:082][758]LogAudio: Display: Audio Device unregistered from world 'None'.
[2025.05.26-07.17.12:082][758]LogResonanceAudio: Display: Resonance Audio Listener is shutdown
[2025.05.26-07.17.12:082][758]LogAudioMixer: FMixerPlatformXAudio2::StopAudioStream() called
[2025.05.26-07.17.12:083][758]LogAudioMixer: FMixerPlatformXAudio2::StopAudioStream() called
[2025.05.26-07.17.12:085][758]LogSlate: Updating window title bar state: overlay mode, drag disabled, window buttons hidden, title bar hidden
[2025.05.26-07.17.12:090][758]LogUObjectHash: Compacting FUObjectHashTables data took   2.56ms
[2025.05.26-07.17.12:115][759]LogPlayLevel: Display: Destroying online subsystem :Context_49
[2025.05.26-07.18.05:690][960]LogUObjectHash: Compacting FUObjectHashTables data took   2.54ms
[2025.05.26-07.18.05:718][960]LogSavePackage: Moving '../../../../../../Users/sasha/Documents/GitHub/unreal_project/Saved/VRTemplateMap_Auto46BEECB7C47752D1292F012AC5D3B1382.tmp' to '../../../../../../Users/sasha/Documents/GitHub/unreal_project/Saved/Autosaves/Game/VRTemplate/Maps/VRTemplateMap_Auto4.umap'
[2025.05.26-07.18.05:722][960]LogFileHelpers: Editor autosave (incl. external actors) for '/Game/VRTemplate/Maps/VRTemplateMap' took 0.060
[2025.05.26-07.18.05:722][960]LogFileHelpers: Editor autosave (incl. sublevels & external actors) for all levels took 0.060
[2025.05.26-07.19.29:609][991]LogWorld: UWorld::CleanupWorld for World_40, bSessionEnded=true, bCleanupResources=true
[2025.05.26-07.19.29:609][991]LogSlate: InvalidateAllWidgets triggered.  All widgets were invalidated
[2025.05.26-07.19.56:109][570]BlueprintLog: New page: Compile DP_MX1508
[2025.05.26-07.19.56:167][570]LogUObjectHash: Compacting FUObjectHashTables data took   3.57ms
[2025.05.26-07.20.30:794][638]BlueprintLog: New page: Compile DP_MX1508
[2025.05.26-07.20.30:848][638]LogUObjectHash: Compacting FUObjectHashTables data took   3.44ms
[2025.05.26-07.20.42:277][315]LogContentBrowser: Attempting asset rename: DP_MX1508 -> BP_MX1508
[2025.05.26-07.20.42:302][315]LogMetaData: Removing '/Game/Sanya_Durex/BP_components/BP_MX1508.BP_MX1508:UserConstructionScript.K2Node_FunctionEntry_0' ref from Metadata '/Game/Sanya_Durex/BP_components/DP_MX1508.PackageMetaData'
[2025.05.26-07.20.42:302][315]LogMetaData: Removing '/Game/Sanya_Durex/BP_components/BP_MX1508.SKEL_BP_MX1508_C' ref from Metadata '/Game/Sanya_Durex/BP_components/DP_MX1508.PackageMetaData'
[2025.05.26-07.20.42:302][315]LogMetaData: Removing '/Game/Sanya_Durex/BP_components/BP_MX1508.BP_MX1508_C' ref from Metadata '/Game/Sanya_Durex/BP_components/DP_MX1508.PackageMetaData'
[2025.05.26-07.20.42:302][315]LogMetaData: Removing '/Game/Sanya_Durex/BP_components/BP_MX1508.BP_MX1508:EventGraph.K2Node_Event_0' ref from Metadata '/Game/Sanya_Durex/BP_components/DP_MX1508.PackageMetaData'
[2025.05.26-07.20.42:302][315]LogMetaData: Removing '/Game/Sanya_Durex/BP_components/BP_MX1508.BP_MX1508:EventGraph.K2Node_Event_1' ref from Metadata '/Game/Sanya_Durex/BP_components/DP_MX1508.PackageMetaData'
[2025.05.26-07.20.42:302][315]LogMetaData: Removing '/Game/Sanya_Durex/BP_components/BP_MX1508.BP_MX1508:EventGraph.K2Node_Event_2' ref from Metadata '/Game/Sanya_Durex/BP_components/DP_MX1508.PackageMetaData'
[2025.05.26-07.20.42:302][315]LogMetaData: Removing '/Game/Sanya_Durex/BP_components/BP_MX1508.SKEL_BP_MX1508_C:UserConstructionScript' ref from Metadata '/Game/Sanya_Durex/BP_components/DP_MX1508.PackageMetaData'
[2025.05.26-07.20.42:302][315]LogMetaData: Removing '/Game/Sanya_Durex/BP_components/BP_MX1508.SKEL_BP_MX1508_C:BndEvt__DP_MX1508_MX1508_Socket_K2Node_ComponentBoundEvent_0_ComponentBeginOverlapSignature__DelegateSignature' ref from Metadata '/Game/Sanya_Durex/BP_components/DP_MX1508.PackageMetaData'
[2025.05.26-07.20.42:328][315]Cmd: OBJ SAVEPACKAGE PACKAGE="/Game/Sanya_Durex/BP_components/BP_MX1508" FILE="../../../../../../Users/sasha/Documents/GitHub/unreal_project/Content/Sanya_Durex/BP_components/BP_MX1508.uasset" SILENT=true
[2025.05.26-07.20.42:338][315]LogSavePackage: Moving '../../../../../../Users/sasha/Documents/GitHub/unreal_project/Saved/BP_MX150808C35E384EE84EC0FA0ABCBB10202752.tmp' to '../../../../../../Users/sasha/Documents/GitHub/unreal_project/Content/Sanya_Durex/BP_components/BP_MX1508.uasset'
[2025.05.26-07.20.42:431][315]LogUObjectHash: Compacting FUObjectHashTables data took   3.30ms
[2025.05.26-07.20.42:468][315]LogUObjectHash: Compacting FUObjectHashTables data took   2.40ms
[2025.05.26-07.20.42:495][315]LogUObjectHash: Compacting FUObjectHashTables data took   0.61ms
[2025.05.26-07.20.42:566][315]AssetCheck: New page: Asset Save: BP_MX1508
[2025.05.26-07.20.42:566][315]LogContentValidation: Display: Validating Blueprint /Game/Sanya_Durex/BP_components/BP_MX1508.BP_MX1508
[2025.05.26-07.20.56:501][147]LogAssetEditorSubsystem: Opening Asset editor for StaticMesh /Game/Resources/Meshes/MX1508.MX1508
[2025.05.26-07.20.59:995][345]LogWorld: UWorld::CleanupWorld for World_42, bSessionEnded=true, bCleanupResources=true
[2025.05.26-07.20.59:995][345]LogSlate: InvalidateAllWidgets triggered.  All widgets were invalidated
[2025.05.26-07.21.12:610][ 91]LogAssetEditorSubsystem: Opening Asset editor for StaticMesh /Game/Resources/Meshes/Screw.Screw
[2025.05.26-07.21.24:546][794]LogWorld: UWorld::CleanupWorld for World_43, bSessionEnded=true, bCleanupResources=true
[2025.05.26-07.21.24:546][794]LogSlate: InvalidateAllWidgets triggered.  All widgets were invalidated
[2025.05.26-07.21.30:190][ 66]LogSlate: Window 'Pick Parent Class' being destroyed
[2025.05.26-07.21.30:194][ 66]LogContentBrowser: Deferred new asset file creation: NewBlueprint
[2025.05.26-07.21.30:212][ 66]LogContentBrowser: Creating deferred item: NewBlueprint
[2025.05.26-07.21.34:882][347]LogContentBrowser: Attempting asset rename: NewBlueprint -> BP_Screw
[2025.05.26-07.21.34:886][347]LogContentBrowser: End creating deferred item NewBlueprint
[2025.05.26-07.21.37:719][516]LogAssetEditorSubsystem: Opening Asset editor for Blueprint /Game/Sanya_Durex/BP_components/BP_Screw.BP_Screw
[2025.05.26-07.23.27:892][ 98]LogAssetEditorSubsystem: Opening Asset editor for StaticMesh /Game/Resources/Meshes/Screw.Screw
[2025.05.26-07.24.30:099][206]Cmd: OBJ SAVEPACKAGE PACKAGE="/Game/Resources/Meshes/Screw" FILE="../../../../../../Users/sasha/Documents/GitHub/unreal_project/Content/Resources/Meshes/Screw.uasset" SILENT=true
[2025.05.26-07.24.30:105][206]LogSavePackage: Moving '../../../../../../Users/sasha/Documents/GitHub/unreal_project/Saved/ScrewC499D8C3405626138AFB219F12C3ABB0.tmp' to '../../../../../../Users/sasha/Documents/GitHub/unreal_project/Content/Resources/Meshes/Screw.uasset'
[2025.05.26-07.24.30:125][206]AssetCheck: New page: Asset Save: Screw
[2025.05.26-07.24.30:125][206]LogContentValidation: Display: Validating StaticMesh /Game/Resources/Meshes/Screw.Screw
[2025.05.26-07.25.11:167][663]BlueprintLog: New page: Compile BP_Screw
[2025.05.26-07.25.11:230][663]LogUObjectHash: Compacting FUObjectHashTables data took   3.77ms
[2025.05.26-07.25.11:683][687]Cmd: OBJ SAVEPACKAGE PACKAGE="/Game/Sanya_Durex/BP_components/BP_Screw" FILE="../../../../../../Users/sasha/Documents/GitHub/unreal_project/Content/Sanya_Durex/BP_components/BP_Screw.uasset" SILENT=true
[2025.05.26-07.25.11:689][687]LogSavePackage: Moving '../../../../../../Users/sasha/Documents/GitHub/unreal_project/Saved/BP_Screw77D734C344206CD979944383E26ED6CF.tmp' to '../../../../../../Users/sasha/Documents/GitHub/unreal_project/Content/Sanya_Durex/BP_components/BP_Screw.uasset'
[2025.05.26-07.25.11:703][687]AssetCheck: New page: Asset Save: BP_Screw
[2025.05.26-07.25.11:703][687]LogContentValidation: Display: Validating Blueprint /Game/Sanya_Durex/BP_components/BP_Screw.BP_Screw
[2025.05.26-07.25.19:652][163]Cmd: TRANSACTION UNDO
[2025.05.26-07.25.19:652][163]LogEditorTransaction: Undo Duplicate Component
[2025.05.26-07.25.59:379][520]Cmd: OBJ SAVEPACKAGE PACKAGE="/Game/Sanya_Durex/BP_components/BP_Screw" FILE="../../../../../../Users/sasha/Documents/GitHub/unreal_project/Content/Sanya_Durex/BP_components/BP_Screw.uasset" SILENT=true
[2025.05.26-07.25.59:387][520]LogSavePackage: Moving '../../../../../../Users/sasha/Documents/GitHub/unreal_project/Saved/BP_ScrewEE045D9449043A2482D290A594EAAD6C.tmp' to '../../../../../../Users/sasha/Documents/GitHub/unreal_project/Content/Sanya_Durex/BP_components/BP_Screw.uasset'
[2025.05.26-07.25.59:402][520]AssetCheck: New page: Asset Save: BP_Screw
[2025.05.26-07.25.59:402][520]LogContentValidation: Display: Validating Blueprint /Game/Sanya_Durex/BP_components/BP_Screw.BP_Screw
[2025.05.26-07.26.14:901][448]BlueprintLog: New page: Compile BP_Screw
[2025.05.26-07.26.14:951][448]LogUObjectHash: Compacting FUObjectHashTables data took   3.31ms
[2025.05.26-07.26.15:445][475]Cmd: OBJ SAVEPACKAGE PACKAGE="/Game/Sanya_Durex/BP_components/BP_Screw" FILE="../../../../../../Users/sasha/Documents/GitHub/unreal_project/Content/Sanya_Durex/BP_components/BP_Screw.uasset" SILENT=true
[2025.05.26-07.26.15:454][475]LogSavePackage: Moving '../../../../../../Users/sasha/Documents/GitHub/unreal_project/Saved/BP_ScrewBEEA72074DED80CE9B4E92A1CA1C6A99.tmp' to '../../../../../../Users/sasha/Documents/GitHub/unreal_project/Content/Sanya_Durex/BP_components/BP_Screw.uasset'
[2025.05.26-07.26.15:469][475]AssetCheck: New page: Asset Save: BP_Screw
[2025.05.26-07.26.15:469][475]LogContentValidation: Display: Validating Blueprint /Game/Sanya_Durex/BP_components/BP_Screw.BP_Screw
[2025.05.26-07.26.31:699][444]LogTemp: Repeating last play command: Simulate
[2025.05.26-07.26.31:707][444]LogPlayLevel: PlayLevel: No blueprints needed recompiling
[2025.05.26-07.26.31:707][444]PIE: New page: SIE session: VRTemplateMap (26 мая 2025 г., 13:26:31)
[2025.05.26-07.26.31:707][444]LogPlayLevel: Creating play world package: /Game/VRTemplate/Maps/UEDPIE_0_VRTemplateMap
[2025.05.26-07.26.31:714][444]LogPlayLevel: PIE: StaticDuplicateObject took: (0.006372s)
[2025.05.26-07.26.31:714][444]LogAIModule: Creating AISystem for world VRTemplateMap
[2025.05.26-07.26.31:715][444]LogPlayLevel: PIE: World Init took: (0.000940s)
[2025.05.26-07.26.31:715][444]LogPlayLevel: PIE: Created PIE world by copying editor world from /Game/VRTemplate/Maps/VRTemplateMap.VRTemplateMap to /Game/VRTemplate/Maps/UEDPIE_0_VRTemplateMap.VRTemplateMap (0.007428s)
[2025.05.26-07.26.31:747][444]LogUObjectHash: Compacting FUObjectHashTables data took   3.00ms
[2025.05.26-07.26.31:753][444]LogAudio: Display: Creating Audio Device:                 Id: 10, Scope: Unique, Realtime: True
[2025.05.26-07.26.31:753][444]LogAudioMixer: Display: Audio Mixer Platform Settings:
[2025.05.26-07.26.31:753][444]LogAudioMixer: Display: 	Sample Rate:						  48000
[2025.05.26-07.26.31:753][444]LogAudioMixer: Display: 	Callback Buffer Frame Size Requested: 1024
[2025.05.26-07.26.31:753][444]LogAudioMixer: Display: 	Callback Buffer Frame Size To Use:	  1024
[2025.05.26-07.26.31:753][444]LogAudioMixer: Display: 	Number of buffers to queue:			  1
[2025.05.26-07.26.31:753][444]LogAudioMixer: Display: 	Max Channels (voices):				  0
[2025.05.26-07.26.31:753][444]LogAudioMixer: Display: 	Number of Async Source Workers:		  4
[2025.05.26-07.26.31:753][444]LogAudio: Display: AudioDevice MaxSources: 32
[2025.05.26-07.26.31:753][444]LogAudio: Display: Audio Spatialization Plugin: Resonance Audio is external send: 1
[2025.05.26-07.26.31:753][444]LogAudio: Display: Audio Reverb Plugin: Resonance Audio
[2025.05.26-07.26.31:753][444]LogAudio: Display: Audio Occlusion Plugin: None (built-in).
[2025.05.26-07.26.31:753][444]LogAudioMixer: Display: Initializing audio mixer.
[2025.05.26-07.26.31:759][444]LogAudioMixer: Display: 0: FrontLeft
[2025.05.26-07.26.31:759][444]LogAudioMixer: Display: 1: FrontRight
[2025.05.26-07.26.31:764][444]LogAudioMixer: Display: Using Audio Device Headset Earphone (HyperX Cloud Alpha S Chat)
[2025.05.26-07.26.31:764][444]LogAudioMixer: Display: Initializing Sound Submixes...
[2025.05.26-07.26.31:764][444]LogAudioMixer: Display: Creating Master Submix 'MasterSubmixDefault'
[2025.05.26-07.26.31:764][444]LogAudioMixer: Display: Creating Master Submix 'MasterReverbSubmixDefault'
[2025.05.26-07.26.31:765][444]LogAudioMixer: Display: Creating Master Submix 'MasterEQSubmixDefault'
[2025.05.26-07.26.31:765][444]LogAudioMixer: FMixerPlatformXAudio2::StartAudioStream() called
[2025.05.26-07.26.31:765][444]LogAudioMixer: Display: Output buffers initialized: Frames=1024, Channels=2, Samples=2048
[2025.05.26-07.26.31:765][444]LogAudioMixer: Display: Starting AudioMixerPlatformInterface::RunInternal()
[2025.05.26-07.26.31:765][444]LogAudioMixer: Display: FMixerPlatformXAudio2::SubmitBuffer() called for the first time
[2025.05.26-07.26.31:765][444]LogInit: FAudioDevice initialized.
[2025.05.26-07.26.31:765][444]LogAudio: Display: Audio Device (ID: 10) registered with world 'VRTemplateMap'.
[2025.05.26-07.26.31:776][444]LogLoad: Game class is 'VRGameMode_C'
[2025.05.26-07.26.31:779][444]LogWorld: Bringing World /Game/VRTemplate/Maps/UEDPIE_0_VRTemplateMap.VRTemplateMap up for play (max tick rate 60) at 2025.05.26-10.26.31
[2025.05.26-07.26.31:779][444]LogWorld: Bringing up level for play took: 0.002209
[2025.05.26-07.26.31:780][444]LogOnline: OSS: Creating online subsystem instance for: :Context_56
[2025.05.26-07.26.31:781][444]LogSpawn: Warning: SpawnActor failed because no class was specified
[2025.05.26-07.26.31:783][444]PIE: Server logged in
[2025.05.26-07.26.31:784][444]PIE: Play in editor total start time 0,079 seconds.
[2025.05.26-07.26.31:795][444]LogResonanceAudio: Display: Resonance Audio Listener is initialized
[2025.05.26-07.26.32:681][496]LogEditorViewport: Clicking on Actor (LMB): StaticMeshActor (TemplateFloor)
[2025.05.26-07.26.33:241][528]LogEditorViewport: Clicking on Actor (LMB): BP_Screw_C (BP_Screw)
[2025.05.26-07.26.38:473][840]PIE: Warning: AttachTo: '/Game/VRTemplate/Maps/UEDPIE_0_VRTemplateMap.VRTemplateMap:PersistentLevel.BP_Platform_2.DefaultSceneRoot' already attached to '/Game/VRTemplate/Maps/UEDPIE_0_VRTemplateMap.VRTemplateMap:PersistentLevel.DP_MX1508_2.DefaultSceneRoot', would form cycle. Aborting.
[2025.05.26-07.26.38:474][840]PIE: Warning: AttachTo: '/Game/VRTemplate/Maps/UEDPIE_0_VRTemplateMap.VRTemplateMap:PersistentLevel.BP_Platform_2.DefaultSceneRoot' already attached to '/Game/VRTemplate/Maps/UEDPIE_0_VRTemplateMap.VRTemplateMap:PersistentLevel.DP_MX1508_2.DefaultSceneRoot', would form cycle. Aborting.
[2025.05.26-07.26.38:475][840]PIE: Warning: AttachTo: '/Game/VRTemplate/Maps/UEDPIE_0_VRTemplateMap.VRTemplateMap:PersistentLevel.BP_Platform_2.DefaultSceneRoot' already attached to '/Game/VRTemplate/Maps/UEDPIE_0_VRTemplateMap.VRTemplateMap:PersistentLevel.DP_MX1508_2.DefaultSceneRoot', would form cycle. Aborting.
[2025.05.26-07.26.38:475][840]PIE: Warning: AttachTo: '/Game/VRTemplate/Maps/UEDPIE_0_VRTemplateMap.VRTemplateMap:PersistentLevel.BP_Platform_2.DefaultSceneRoot' already attached to '/Game/VRTemplate/Maps/UEDPIE_0_VRTemplateMap.VRTemplateMap:PersistentLevel.DP_MX1508_2.DefaultSceneRoot', would form cycle. Aborting.
[2025.05.26-07.26.43:242][126]PIE: Warning: AttachTo: '/Game/VRTemplate/Maps/UEDPIE_0_VRTemplateMap.VRTemplateMap:PersistentLevel.BP_Platform_2.DefaultSceneRoot' already attached to '/Game/VRTemplate/Maps/UEDPIE_0_VRTemplateMap.VRTemplateMap:PersistentLevel.DP_MX1508_2.DefaultSceneRoot', would form cycle. Aborting.
[2025.05.26-07.26.43:325][131]PIE: Warning: AttachTo: '/Game/VRTemplate/Maps/UEDPIE_0_VRTemplateMap.VRTemplateMap:PersistentLevel.DP_MX1508_2.DefaultSceneRoot' already attached to '/Game/VRTemplate/Maps/UEDPIE_0_VRTemplateMap.VRTemplateMap:PersistentLevel.BP_Platform_2.DefaultSceneRoot', would form cycle. Aborting.
[2025.05.26-07.26.47:555][384]LogEditorViewport: Clicking on Actor (LMB): BP_Platform_C (BP_Platform)
[2025.05.26-07.26.57:408][969]LogSlate: Updating window title bar state: overlay mode, drag disabled, window buttons hidden, title bar hidden
[2025.05.26-07.26.57:408][969]LogWorld: BeginTearingDown for /Game/VRTemplate/Maps/UEDPIE_0_VRTemplateMap
[2025.05.26-07.26.57:409][969]LogWorld: UWorld::CleanupWorld for VRTemplateMap, bSessionEnded=true, bCleanupResources=true
[2025.05.26-07.26.57:409][969]LogSlate: InvalidateAllWidgets triggered.  All widgets were invalidated
[2025.05.26-07.26.57:420][969]LogPlayLevel: Display: Shutting down PIE online subsystems
[2025.05.26-07.26.57:429][969]LogSlate: InvalidateAllWidgets triggered.  All widgets were invalidated
[2025.05.26-07.26.57:456][969]LogAudio: Display: Audio Device unregistered from world 'None'.
[2025.05.26-07.26.57:458][969]LogResonanceAudio: Display: Resonance Audio Listener is shutdown
[2025.05.26-07.26.57:458][969]LogAudioMixer: FMixerPlatformXAudio2::StopAudioStream() called
[2025.05.26-07.26.57:459][969]LogAudioMixer: FMixerPlatformXAudio2::StopAudioStream() called
[2025.05.26-07.26.57:461][969]LogSlate: Updating window title bar state: overlay mode, drag disabled, window buttons hidden, title bar hidden
[2025.05.26-07.26.57:465][969]LogUObjectHash: Compacting FUObjectHashTables data took   2.46ms
[2025.05.26-07.26.57:537][970]LogPlayLevel: Display: Destroying online subsystem :Context_56
[2025.05.26-07.26.59:395][ 74]LogSlate: Window 'Message Log' being destroyed
[2025.05.26-07.26.59:399][ 74]LogSlate: Window 'Message Log' being destroyed
[2025.05.26-07.27.11:037][767]LogStaticMesh: Building static mesh Nut...
[2025.05.26-07.27.11:057][767]LogStaticMesh: Built static mesh [0.02s] /Game/Resources/Meshes/Nut.Nut
[2025.05.26-07.27.11:139][771]LogActorFactory: Actor Factory created Nut
[2025.05.26-07.27.11:822][812]LogActorFactory: Actor Factory created Nut
[2025.05.26-07.27.13:783][928]Cmd: TRANSACTION UNDO
[2025.05.26-07.27.13:783][928]LogEditorTransaction: Undo Move Actors
[2025.05.26-07.27.14:628][962]Cmd: TRANSACTION UNDO
[2025.05.26-07.27.14:628][962]LogEditorTransaction: Undo Create Actors
[2025.05.26-07.27.20:245][206]LogSlate: Window 'Pick Parent Class' being destroyed
[2025.05.26-07.27.20:250][206]LogContentBrowser: Deferred new asset file creation: NewBlueprint
[2025.05.26-07.27.20:267][206]LogContentBrowser: Creating deferred item: NewBlueprint
[2025.05.26-07.27.23:764][416]LogContentBrowser: Attempting asset rename: NewBlueprint -> BP_Nut
[2025.05.26-07.27.23:768][416]LogContentBrowser: End creating deferred item NewBlueprint
[2025.05.26-07.27.25:344][510]LogAssetEditorSubsystem: Opening Asset editor for Blueprint /Game/Sanya_Durex/BP_components/BP_Nut.BP_Nut
[2025.05.26-07.28.36:301][736]BlueprintLog: New page: Compile BP_Nut
[2025.05.26-07.28.36:353][736]LogUObjectHash: Compacting FUObjectHashTables data took   3.20ms
[2025.05.26-07.28.36:799][760]Cmd: OBJ SAVEPACKAGE PACKAGE="/Game/Sanya_Durex/BP_components/BP_Nut" FILE="../../../../../../Users/sasha/Documents/GitHub/unreal_project/Content/Sanya_Durex/BP_components/BP_Nut.uasset" SILENT=true
[2025.05.26-07.28.36:805][760]LogSavePackage: Moving '../../../../../../Users/sasha/Documents/GitHub/unreal_project/Saved/BP_NutA96C9382439FFDF05CEFDC96A2F487D8.tmp' to '../../../../../../Users/sasha/Documents/GitHub/unreal_project/Content/Sanya_Durex/BP_components/BP_Nut.uasset'
[2025.05.26-07.28.36:819][760]AssetCheck: New page: Asset Save: BP_Nut
[2025.05.26-07.28.36:819][760]LogContentValidation: Display: Validating Blueprint /Game/Sanya_Durex/BP_components/BP_Nut.BP_Nut
[2025.05.26-07.28.44:009][189]LogTemp: Repeating last play command: Simulate
[2025.05.26-07.28.44:015][189]LogPlayLevel: PlayLevel: No blueprints needed recompiling
[2025.05.26-07.28.44:015][189]PIE: New page: SIE session: VRTemplateMap (26 мая 2025 г., 13:28:44)
[2025.05.26-07.28.44:015][189]LogPlayLevel: Creating play world package: /Game/VRTemplate/Maps/UEDPIE_0_VRTemplateMap
[2025.05.26-07.28.44:022][189]LogPlayLevel: PIE: StaticDuplicateObject took: (0.006526s)
[2025.05.26-07.28.44:022][189]LogAIModule: Creating AISystem for world VRTemplateMap
[2025.05.26-07.28.44:023][189]LogPlayLevel: PIE: World Init took: (0.000859s)
[2025.05.26-07.28.44:023][189]LogPlayLevel: PIE: Created PIE world by copying editor world from /Game/VRTemplate/Maps/VRTemplateMap.VRTemplateMap to /Game/VRTemplate/Maps/UEDPIE_0_VRTemplateMap.VRTemplateMap (0.007494s)
[2025.05.26-07.28.44:057][189]LogUObjectHash: Compacting FUObjectHashTables data took   3.02ms
[2025.05.26-07.28.44:060][189]LogAudio: Display: Creating Audio Device:                 Id: 11, Scope: Unique, Realtime: True
[2025.05.26-07.28.44:060][189]LogAudioMixer: Display: Audio Mixer Platform Settings:
[2025.05.26-07.28.44:060][189]LogAudioMixer: Display: 	Sample Rate:						  48000
[2025.05.26-07.28.44:060][189]LogAudioMixer: Display: 	Callback Buffer Frame Size Requested: 1024
[2025.05.26-07.28.44:060][189]LogAudioMixer: Display: 	Callback Buffer Frame Size To Use:	  1024
[2025.05.26-07.28.44:060][189]LogAudioMixer: Display: 	Number of buffers to queue:			  1
[2025.05.26-07.28.44:060][189]LogAudioMixer: Display: 	Max Channels (voices):				  0
[2025.05.26-07.28.44:060][189]LogAudioMixer: Display: 	Number of Async Source Workers:		  4
[2025.05.26-07.28.44:060][189]LogAudio: Display: AudioDevice MaxSources: 32
[2025.05.26-07.28.44:061][189]LogAudio: Display: Audio Spatialization Plugin: Resonance Audio is external send: 1
[2025.05.26-07.28.44:061][189]LogAudio: Display: Audio Reverb Plugin: Resonance Audio
[2025.05.26-07.28.44:061][189]LogAudio: Display: Audio Occlusion Plugin: None (built-in).
[2025.05.26-07.28.44:061][189]LogAudioMixer: Display: Initializing audio mixer.
[2025.05.26-07.28.44:067][189]LogAudioMixer: Display: 0: FrontLeft
[2025.05.26-07.28.44:067][189]LogAudioMixer: Display: 1: FrontRight
[2025.05.26-07.28.44:072][189]LogAudioMixer: Display: Using Audio Device Headset Earphone (HyperX Cloud Alpha S Chat)
[2025.05.26-07.28.44:072][189]LogAudioMixer: Display: Initializing Sound Submixes...
[2025.05.26-07.28.44:072][189]LogAudioMixer: Display: Creating Master Submix 'MasterSubmixDefault'
[2025.05.26-07.28.44:072][189]LogAudioMixer: Display: Creating Master Submix 'MasterReverbSubmixDefault'
[2025.05.26-07.28.44:073][189]LogAudioMixer: Display: Creating Master Submix 'MasterEQSubmixDefault'
[2025.05.26-07.28.44:073][189]LogAudioMixer: FMixerPlatformXAudio2::StartAudioStream() called
[2025.05.26-07.28.44:073][189]LogAudioMixer: Display: Output buffers initialized: Frames=1024, Channels=2, Samples=2048
[2025.05.26-07.28.44:074][189]LogAudioMixer: Display: Starting AudioMixerPlatformInterface::RunInternal()
[2025.05.26-07.28.44:074][189]LogAudioMixer: Display: FMixerPlatformXAudio2::SubmitBuffer() called for the first time
[2025.05.26-07.28.44:074][189]LogInit: FAudioDevice initialized.
[2025.05.26-07.28.44:074][189]LogAudio: Display: Audio Device (ID: 11) registered with world 'VRTemplateMap'.
[2025.05.26-07.28.44:082][189]LogLoad: Game class is 'VRGameMode_C'
[2025.05.26-07.28.44:085][189]LogWorld: Bringing World /Game/VRTemplate/Maps/UEDPIE_0_VRTemplateMap.VRTemplateMap up for play (max tick rate 60) at 2025.05.26-10.28.44
[2025.05.26-07.28.44:085][189]LogWorld: Bringing up level for play took: 0.002138
[2025.05.26-07.28.44:085][189]LogOnline: OSS: Creating online subsystem instance for: :Context_59
[2025.05.26-07.28.44:088][189]LogSpawn: Warning: SpawnActor failed because no class was specified
[2025.05.26-07.28.44:089][189]PIE: Server logged in
[2025.05.26-07.28.44:090][189]PIE: Play in editor total start time 0,076 seconds.
[2025.05.26-07.28.44:101][189]LogResonanceAudio: Display: Resonance Audio Listener is initialized
[2025.05.26-07.28.48:547][455]LogEditorViewport: Clicking on Actor (LMB): BP_Nut_C (BP_Nut)
[2025.05.26-07.29.01:888][253]LogSlate: Updating window title bar state: overlay mode, drag disabled, window buttons hidden, title bar hidden
[2025.05.26-07.29.01:888][253]LogWorld: BeginTearingDown for /Game/VRTemplate/Maps/UEDPIE_0_VRTemplateMap
[2025.05.26-07.29.01:889][253]LogWorld: UWorld::CleanupWorld for VRTemplateMap, bSessionEnded=true, bCleanupResources=true
[2025.05.26-07.29.01:889][253]LogSlate: InvalidateAllWidgets triggered.  All widgets were invalidated
[2025.05.26-07.29.01:902][253]LogPlayLevel: Display: Shutting down PIE online subsystems
[2025.05.26-07.29.01:913][253]LogSlate: InvalidateAllWidgets triggered.  All widgets were invalidated
[2025.05.26-07.29.01:944][253]LogAudio: Display: Audio Device unregistered from world 'None'.
[2025.05.26-07.29.01:944][253]LogResonanceAudio: Display: Resonance Audio Listener is shutdown
[2025.05.26-07.29.01:944][253]LogAudioMixer: FMixerPlatformXAudio2::StopAudioStream() called
[2025.05.26-07.29.01:945][253]LogAudioMixer: FMixerPlatformXAudio2::StopAudioStream() called
[2025.05.26-07.29.01:947][253]LogSlate: Updating window title bar state: overlay mode, drag disabled, window buttons hidden, title bar hidden
[2025.05.26-07.29.01:951][253]LogUObjectHash: Compacting FUObjectHashTables data took   2.48ms
[2025.05.26-07.29.01:975][254]LogPlayLevel: Display: Destroying online subsystem :Context_59
[2025.05.26-07.29.02:792][300]LogUObjectHash: Compacting FUObjectHashTables data took   2.44ms
[2025.05.26-07.29.02:817][300]LogSavePackage: Moving '../../../../../../Users/sasha/Documents/GitHub/unreal_project/Saved/VRTemplateMap82B862424DEC857AA67BE1AD715B67BD.tmp' to '../../../../../../Users/sasha/Documents/GitHub/unreal_project/Content/VRTemplate/Maps/VRTemplateMap.umap'
[2025.05.26-07.29.02:915][300]LogSavePackage: Moving '../../../../../../Users/sasha/Documents/GitHub/unreal_project/Saved/VRTemplateMap_BuiltData96A1B536456EA0F4028F7C9F4EBF185F.tmp' to '../../../../../../Users/sasha/Documents/GitHub/unreal_project/Content/VRTemplate/Maps/VRTemplateMap_BuiltData.uasset'
[2025.05.26-07.29.02:932][300]AssetCheck: New page: Asset Save: multiple assets
[2025.05.26-07.29.02:932][300]LogContentValidation: Display: Validating MapBuildDataRegistry /Game/VRTemplate/Maps/VRTemplateMap_BuiltData.VRTemplateMap_BuiltData
[2025.05.26-07.29.02:932][300]LogContentValidation: Display: Validating World /Game/VRTemplate/Maps/VRTemplateMap.VRTemplateMap
[2025.05.26-07.30.20:041][603]LogWindowsTextInputMethodSystem: Display: IME system deactivated.
[2025.05.26-07.30.20:041][603]LogWindowsTextInputMethodSystem: Display: IME system deactivated.
[2025.05.26-07.30.20:164][605]LogUObjectHash: Compacting FUObjectHashTables data took   2.75ms
[2025.05.26-07.30.20:191][605]LogSavePackage: Moving '../../../../../../Users/sasha/Documents/GitHub/unreal_project/Saved/VRTemplateMap0747E376415FC145665C399B0E781AB0.tmp' to '../../../../../../Users/sasha/Documents/GitHub/unreal_project/Content/VRTemplate/Maps/VRTemplateMap.umap'
[2025.05.26-07.30.20:258][605]LogSavePackage: Moving '../../../../../../Users/sasha/Documents/GitHub/unreal_project/Saved/VRTemplateMap_BuiltData1529AFC0461292D88231A29970392BB1.tmp' to '../../../../../../Users/sasha/Documents/GitHub/unreal_project/Content/VRTemplate/Maps/VRTemplateMap_BuiltData.uasset'
[2025.05.26-07.30.20:276][605]AssetCheck: New page: Asset Save: multiple assets
[2025.05.26-07.30.20:276][605]LogContentValidation: Display: Validating MapBuildDataRegistry /Game/VRTemplate/Maps/VRTemplateMap_BuiltData.VRTemplateMap_BuiltData
[2025.05.26-07.30.20:276][605]LogContentValidation: Display: Validating World /Game/VRTemplate/Maps/VRTemplateMap.VRTemplateMap
[2025.05.26-07.30.26:931][993]LogUObjectHash: Compacting FUObjectHashTables data took   0.87ms
[2025.05.26-07.30.26:960][993]LogWorld: UWorld::CleanupWorld for World_8, bSessionEnded=true, bCleanupResources=true
[2025.05.26-07.30.26:960][993]LogSlate: InvalidateAllWidgets triggered.  All widgets were invalidated
[2025.05.26-07.30.26:979][993]LogWorld: UWorld::CleanupWorld for World_9, bSessionEnded=true, bCleanupResources=true
[2025.05.26-07.30.26:979][993]LogSlate: InvalidateAllWidgets triggered.  All widgets were invalidated
[2025.05.26-07.30.27:025][993]LogActorComponent: UnregisterComponent: (/Engine/Transient.EditorFloorComp) Not registered. Aborting.
[2025.05.26-07.30.27:025][993]LogWorld: UWorld::CleanupWorld for World_38, bSessionEnded=true, bCleanupResources=true
[2025.05.26-07.30.27:025][993]LogSlate: InvalidateAllWidgets triggered.  All widgets were invalidated
[2025.05.26-07.30.27:074][993]LogActorComponent: UnregisterComponent: (/Engine/Transient.EditorFloorComp) Not registered. Aborting.
[2025.05.26-07.30.27:074][993]LogWorld: UWorld::CleanupWorld for World_44, bSessionEnded=true, bCleanupResources=true
[2025.05.26-07.30.27:074][993]LogSlate: InvalidateAllWidgets triggered.  All widgets were invalidated
[2025.05.26-07.30.27:117][993]LogActorComponent: UnregisterComponent: (/Engine/Transient.EditorFloorComp) Not registered. Aborting.
[2025.05.26-07.30.27:117][993]LogWorld: UWorld::CleanupWorld for World_36, bSessionEnded=true, bCleanupResources=true
[2025.05.26-07.30.27:117][993]LogSlate: InvalidateAllWidgets triggered.  All widgets were invalidated
[2025.05.26-07.30.27:183][993]LogWorld: UWorld::CleanupWorld for World_46, bSessionEnded=true, bCleanupResources=true
[2025.05.26-07.30.27:183][993]LogSlate: InvalidateAllWidgets triggered.  All widgets were invalidated
[2025.05.26-07.30.27:202][993]LogActorComponent: UnregisterComponent: (/Engine/Transient.EditorFloorComp) Not registered. Aborting.
[2025.05.26-07.30.27:202][993]LogWorld: UWorld::CleanupWorld for World_47, bSessionEnded=true, bCleanupResources=true
[2025.05.26-07.30.27:202][993]LogSlate: InvalidateAllWidgets triggered.  All widgets were invalidated
[2025.05.26-07.30.27:266][993]LogSlate: Window 'MyProject - Unreal Editor' being destroyed
[2025.05.26-07.30.27:359][994]Cmd: QUIT_EDITOR
[2025.05.26-07.30.27:359][994]LogCore: Engine exit requested (reason: UUnrealEdEngine::CloseEditor())
[2025.05.26-07.30.27:363][994]LogCore: Engine exit requested (reason: EngineExit() was called; note: exit was already requested)
[2025.05.26-07.30.27:729][994]LogAudio: Display: Beginning Audio Device Manager Shutdown (Module: AudioMixerXAudio2)...
[2025.05.26-07.30.27:729][994]LogAudio: Display: Destroying 1 Remaining Audio Device(s)...
[2025.05.26-07.30.27:729][994]LogAudio: Display: Audio Device unregistered from world 'VRTemplateMap'.
[2025.05.26-07.30.27:729][994]LogResonanceAudio: Display: Resonance Audio Listener is shutdown
[2025.05.26-07.30.27:729][994]LogAudioMixer: FMixerPlatformXAudio2::StopAudioStream() called
[2025.05.26-07.30.27:730][994]LogAudioMixer: FMixerPlatformXAudio2::StopAudioStream() called
[2025.05.26-07.30.27:733][994]LogAudio: Display: Audio Device Manager Shutdown
[2025.05.26-07.30.27:733][994]LogWindowsTextInputMethodSystem: Display: IME system deactivated.
[2025.05.26-07.30.27:737][994]LogExit: Preparing to exit.
[2025.05.26-07.30.27:810][994]LogUObjectHash: Compacting FUObjectHashTables data took   3.00ms
[2025.05.26-07.30.28:564][994]LogWorld: UWorld::CleanupWorld for World_0, bSessionEnded=true, bCleanupResources=true
[2025.05.26-07.30.28:568][994]LogWorld: UWorld::CleanupWorld for World_1, bSessionEnded=true, bCleanupResources=true
[2025.05.26-07.30.28:572][994]LogWorld: UWorld::CleanupWorld for World_2, bSessionEnded=true, bCleanupResources=true
[2025.05.26-07.30.28:575][994]LogWorld: UWorld::CleanupWorld for World_3, bSessionEnded=true, bCleanupResources=true
[2025.05.26-07.30.28:578][994]LogWorld: UWorld::CleanupWorld for World_4, bSessionEnded=true, bCleanupResources=true
[2025.05.26-07.30.28:582][994]LogWorld: UWorld::CleanupWorld for World_5, bSessionEnded=true, bCleanupResources=true
[2025.05.26-07.30.28:587][994]LogWorld: UWorld::CleanupWorld for World_6, bSessionEnded=true, bCleanupResources=true
[2025.05.26-07.30.28:590][994]LogWorld: UWorld::CleanupWorld for World_7, bSessionEnded=true, bCleanupResources=true
[2025.05.26-07.30.28:594][994]LogWorld: UWorld::CleanupWorld for World_10, bSessionEnded=true, bCleanupResources=true
[2025.05.26-07.30.28:597][994]LogWorld: UWorld::CleanupWorld for World_11, bSessionEnded=true, bCleanupResources=true
[2025.05.26-07.30.28:601][994]LogWorld: UWorld::CleanupWorld for World_12, bSessionEnded=true, bCleanupResources=true
[2025.05.26-07.30.28:605][994]LogWorld: UWorld::CleanupWorld for World_13, bSessionEnded=true, bCleanupResources=true
[2025.05.26-07.30.28:609][994]LogWorld: UWorld::CleanupWorld for World_14, bSessionEnded=true, bCleanupResources=true
[2025.05.26-07.30.28:612][994]LogWorld: UWorld::CleanupWorld for World_30, bSessionEnded=true, bCleanupResources=true
[2025.05.26-07.30.28:615][994]LogWorld: UWorld::CleanupWorld for World_37, bSessionEnded=true, bCleanupResources=true
[2025.05.26-07.30.28:619][994]LogWorld: UWorld::CleanupWorld for World_39, bSessionEnded=true, bCleanupResources=true
[2025.05.26-07.30.28:622][994]LogWorld: UWorld::CleanupWorld for World_41, bSessionEnded=true, bCleanupResources=true
[2025.05.26-07.30.28:626][994]LogWorld: UWorld::CleanupWorld for World_45, bSessionEnded=true, bCleanupResources=true
[2025.05.26-07.30.28:630][994]LogWorld: UWorld::CleanupWorld for World_48, bSessionEnded=true, bCleanupResources=true
[2025.05.26-07.30.28:634][994]LogWorld: UWorld::CleanupWorld for World_17, bSessionEnded=true, bCleanupResources=true
[2025.05.26-07.30.28:637][994]LogWorld: UWorld::CleanupWorld for World_18, bSessionEnded=true, bCleanupResources=true
[2025.05.26-07.30.28:640][994]LogWorld: UWorld::CleanupWorld for World_34, bSessionEnded=true, bCleanupResources=true
[2025.05.26-07.30.28:645][994]LogWorld: UWorld::CleanupWorld for World_33, bSessionEnded=true, bCleanupResources=true
[2025.05.26-07.30.28:648][994]LogWorld: UWorld::CleanupWorld for World_32, bSessionEnded=true, bCleanupResources=true
[2025.05.26-07.30.28:710][994]LogDemo: Cleaned up 0 splitscreen connections with owner deletion
[2025.05.26-07.30.28:717][994]LogWorld: UWorld::CleanupWorld for None, bSessionEnded=true, bCleanupResources=true
[2025.05.26-07.30.28:717][994]LogExit: Editor shut down
[2025.05.26-07.30.28:717][994]LogExit: Transaction tracking system shut down
[2025.05.26-07.30.28:881][994]LogExit: Object subsystem successfully closed.
[2025.05.26-07.30.28:895][994]LogShaderCompilers: Display: === FShaderJobCache stats ===
[2025.05.26-07.30.28:895][994]LogShaderCompilers: Display: Total job queries 0, among them cache hits 0 (0.00%)
[2025.05.26-07.30.28:895][994]LogShaderCompilers: Display: Tracking 0 distinct input hashes that result in 0 distinct outputs (0.00%)
[2025.05.26-07.30.28:895][994]LogShaderCompilers: Display: RAM used: 0.00 MB (0.00 GB) of 1638.40 MB (1.60 GB) budget. Usage: 0.00%
[2025.05.26-07.30.28:895][994]LogShaderCompilers: Display: ================================================
[2025.05.26-07.30.28:911][994]LogShaderCompilers: Display: Shaders left to compile 0
[2025.05.26-07.30.28:928][994]LogModuleManager: Shutting down and abandoning module HierarchicalLODUtilities (870)
[2025.05.26-07.30.28:928][994]LogModuleManager: Shutting down and abandoning module MovieSceneCapture (868)
[2025.05.26-07.30.28:928][994]LogModuleManager: Shutting down and abandoning module Voice (866)
[2025.05.26-07.30.28:928][994]LogModuleManager: Shutting down and abandoning module BlueprintGraph (864)
[2025.05.26-07.30.28:928][994]LogModuleManager: Shutting down and abandoning module StaticMeshEditor (862)
[2025.05.26-07.30.28:928][994]LogModuleManager: Shutting down and abandoning module HierarchicalLODOutliner (860)
[2025.05.26-07.30.28:928][994]LogModuleManager: Shutting down and abandoning module SceneOutliner (858)
[2025.05.26-07.30.28:928][994]LogModuleManager: Shutting down and abandoning module AddContentDialog (856)
[2025.05.26-07.30.28:929][994]LogModuleManager: Shutting down and abandoning module WidgetCarousel (855)
[2025.05.26-07.30.28:929][994]LogModuleManager: Shutting down and abandoning module EditorWidgets (852)
[2025.05.26-07.30.28:929][994]LogModuleManager: Shutting down and abandoning module StatsViewer (850)
[2025.05.26-07.30.28:929][994]LogModuleManager: Shutting down and abandoning module PIEPreviewDeviceProfileSelector (848)
[2025.05.26-07.30.28:929][994]LogModuleManager: Shutting down and abandoning module SequenceRecorderSections (846)
[2025.05.26-07.30.28:929][994]LogModuleManager: Shutting down and abandoning module AutomationWorker (844)
[2025.05.26-07.30.28:929][994]LogModuleManager: Shutting down and abandoning module ResonanceAudioEditor (842)
[2025.05.26-07.30.28:929][994]LogModuleManager: Shutting down and abandoning module TakeRecorderSources (840)
[2025.05.26-07.30.28:929][994]LogModuleManager: Shutting down and abandoning module TakeRecorder (839)
[2025.05.26-07.30.28:929][994]LogModuleManager: Shutting down and abandoning module TakeTrackRecorders (836)
[2025.05.26-07.30.28:929][994]LogModuleManager: Shutting down and abandoning module TakesCore (834)
[2025.05.26-07.30.28:929][994]LogModuleManager: Shutting down and abandoning module OpenXRInput (832)
[2025.05.26-07.30.28:929][994]LogModuleManager: Shutting down and abandoning module GooglePADEditor (830)
[2025.05.26-07.30.28:929][994]LogModuleManager: Shutting down and abandoning module AudioCaptureEditor (828)
[2025.05.26-07.30.28:929][994]LogModuleManager: Shutting down and abandoning module TemplateSequenceEditor (826)
[2025.05.26-07.30.28:929][994]LogModuleManager: Shutting down and abandoning module MatineeToLevelSequence (824)
[2025.05.26-07.30.28:929][994]LogModuleManager: Shutting down and abandoning module LevelSequenceEditor (822)
[2025.05.26-07.30.28:929][994]LogModuleManager: Shutting down and abandoning module ActorSequenceEditor (820)
[2025.05.26-07.30.28:929][994]LogModuleManager: Shutting down and abandoning module PlanarCut (818)
[2025.05.26-07.30.28:929][994]LogModuleManager: Shutting down and abandoning module MagicLeapMediaCodecFactory (816)
[2025.05.26-07.30.28:929][994]LogModuleManager: Shutting down and abandoning module MagicLeapMediaFactory (814)
[2025.05.26-07.30.28:929][994]LogModuleManager: Shutting down and abandoning module MagicLeapMediaEditor (812)
[2025.05.26-07.30.28:929][994]LogModuleManager: Shutting down and abandoning module WmfMediaFactory (810)
[2025.05.26-07.30.28:929][994]LogModuleManager: Shutting down and abandoning module WmfMediaEditor (808)
[2025.05.26-07.30.28:929][994]LogModuleManager: Shutting down and abandoning module WebMMediaFactory (806)
[2025.05.26-07.30.28:929][994]LogModuleManager: Shutting down and abandoning module WebMMediaEditor (804)
[2025.05.26-07.30.28:929][994]LogModuleManager: Shutting down and abandoning module WebMMedia (802)
[2025.05.26-07.30.28:929][994]LogModuleManager: Shutting down and abandoning module MediaPlayerEditor (800)
[2025.05.26-07.30.28:929][994]LogModuleManager: Shutting down and abandoning module MediaCompositingEditor (798)
[2025.05.26-07.30.28:929][994]LogModuleManager: Shutting down and abandoning module SequenceRecorder (797)
[2025.05.26-07.30.28:929][994]LogModuleManager: Shutting down and abandoning module OpenExrWrapper (794)
[2025.05.26-07.30.28:929][994]LogModuleManager: Shutting down and abandoning module ImgMediaFactory (792)
[2025.05.26-07.30.28:929][994]LogModuleManager: Shutting down and abandoning module ImgMediaEditor (790)
[2025.05.26-07.30.28:929][994]LogModuleManager: Shutting down and abandoning module AvfMediaFactory (788)
[2025.05.26-07.30.28:929][994]LogModuleManager: Shutting down and abandoning module AvfMediaEditor (786)
[2025.05.26-07.30.28:929][994]LogModuleManager: Shutting down and abandoning module AndroidMediaFactory (784)
[2025.05.26-07.30.28:929][994]LogModuleManager: Shutting down and abandoning module AndroidMediaEditor (782)
[2025.05.26-07.30.28:929][994]LogModuleManager: Shutting down and abandoning module CharacterAI (780)
[2025.05.26-07.30.28:929][994]LogModuleManager: Shutting down and abandoning module TextureAlignMode (778)
[2025.05.26-07.30.28:929][994]LogModuleManager: Shutting down and abandoning module BspMode (776)
[2025.05.26-07.30.28:929][994]LogModuleManager: Shutting down and abandoning module GeometryMode (774)
[2025.05.26-07.30.28:929][994]LogModuleManager: Shutting down and abandoning module CameraShakePreviewer (772)
[2025.05.26-07.30.28:929][994]LogModuleManager: Shutting down and abandoning module SmartSnapping (770)
[2025.05.26-07.30.28:929][994]LogModuleManager: Shutting down and abandoning module SessionServices (768)
[2025.05.26-07.30.28:930][994]LogModuleManager: Shutting down and abandoning module MeshPaint (766)
[2025.05.26-07.30.28:930][994]LogModuleManager: Shutting down and abandoning module VirtualTexturingEditor (764)
[2025.05.26-07.30.28:930][994]LogModuleManager: Shutting down and abandoning module FoliageEdit (762)
[2025.05.26-07.30.28:930][994]LogModuleManager: Shutting down and abandoning module LandscapeEditor (760)
[2025.05.26-07.30.28:930][994]LogModuleManager: Shutting down and abandoning module MeshPaintMode (758)
[2025.05.26-07.30.28:930][994]LogModuleManager: Shutting down and abandoning module SceneDepthPickerMode (756)
[2025.05.26-07.30.28:930][994]LogModuleManager: Shutting down and abandoning module ActorPickerMode (754)
[2025.05.26-07.30.28:930][994]LogModuleManager: Shutting down and abandoning module PlacementMode (752)
[2025.05.26-07.30.28:930][994]LogModuleManager: Shutting down and abandoning module ViewportSnapping (750)
[2025.05.26-07.30.28:930][994]LogModuleManager: Shutting down and abandoning module ViewportInteraction (748)
[2025.05.26-07.30.28:930][994]LogModuleManager: Shutting down and abandoning module ClothPainter (746)
[2025.05.26-07.30.28:930][994]LogModuleManager: Shutting down and abandoning module SkeletalMeshEditor (745)
[2025.05.26-07.30.28:930][994]LogModuleManager: Shutting down and abandoning module LogVisualizer (742)
[2025.05.26-07.30.28:930][994]LogModuleManager: Shutting down and abandoning module IntroTutorials (740)
[2025.05.26-07.30.28:930][994]LogModuleManager: Shutting down and abandoning module GameProjectGeneration (739)
[2025.05.26-07.30.28:930][994]LogModuleManager: Shutting down and abandoning module LuminPlatformEditor (736)
[2025.05.26-07.30.28:930][994]LogModuleManager: Shutting down and abandoning module IOSPlatformEditor (734)
[2025.05.26-07.30.28:930][994]LogModuleManager: Shutting down and abandoning module AndroidPlatformEditor (732)
[2025.05.26-07.30.28:930][994]LogModuleManager: Shutting down and abandoning module AndroidDeviceDetection (731)
[2025.05.26-07.30.28:963][994]LogModuleManager: Shutting down and abandoning module WindowsPlatformEditor (728)
[2025.05.26-07.30.28:963][994]LogModuleManager: Shutting down and abandoning module LuminRuntimeSettings (726)
[2025.05.26-07.30.28:963][994]LogModuleManager: Shutting down and abandoning module IOSRuntimeSettings (724)
[2025.05.26-07.30.28:963][994]LogModuleManager: Shutting down and abandoning module AndroidRuntimeSettings (722)
[2025.05.26-07.30.28:963][994]LogModuleManager: Shutting down and abandoning module TraceInsights (720)
[2025.05.26-07.30.28:963][994]MemoryProfiler: Shutdown
[2025.05.26-07.30.28:963][994]NetworkingProfiler: Shutdown
[2025.05.26-07.30.28:963][994]LoadingProfiler: Shutdown
[2025.05.26-07.30.28:963][994]TimingProfiler: Shutdown
[2025.05.26-07.30.28:963][994]LogModuleManager: Shutting down and abandoning module TraceServices (719)
[2025.05.26-07.30.28:963][994]LogModuleManager: Shutting down and abandoning module EditorInteractiveToolsFramework (716)
[2025.05.26-07.30.28:963][994]LogModuleManager: Shutting down and abandoning module TimeManagementEditor (714)
[2025.05.26-07.30.28:963][994]LogModuleManager: Shutting down and abandoning module InputBindingEditor (712)
[2025.05.26-07.30.28:963][994]LogModuleManager: Shutting down and abandoning module MergeActors (710)
[2025.05.26-07.30.28:963][994]LogModuleManager: Shutting down and abandoning module LocalizationDashboard (708)
[2025.05.26-07.30.28:963][994]LogModuleManager: Shutting down and abandoning module LocalizationService (707)
[2025.05.26-07.30.28:963][994]LogModuleManager: Shutting down and abandoning module HardwareTargeting (704)
[2025.05.26-07.30.28:963][994]LogModuleManager: Shutting down and abandoning module DeviceProfileEditor (702)
[2025.05.26-07.30.28:963][994]LogModuleManager: Shutting down and abandoning module UndoHistory (700)
[2025.05.26-07.30.28:963][994]LogModuleManager: Shutting down and abandoning module XmlParser (698)
[2025.05.26-07.30.28:963][994]LogModuleManager: Shutting down and abandoning module Blutility (696)
[2025.05.26-07.30.28:963][994]LogModuleManager: Shutting down and abandoning module ProjectSettingsViewer (694)
[2025.05.26-07.30.28:963][994]LogModuleManager: Shutting down and abandoning module ProjectTargetPlatformEditor (693)
[2025.05.26-07.30.28:963][994]LogModuleManager: Shutting down and abandoning module EditorSettingsViewer (690)
[2025.05.26-07.30.28:963][994]LogModuleManager: Shutting down and abandoning module InternationalizationSettings (689)
[2025.05.26-07.30.28:963][994]LogModuleManager: Shutting down and abandoning module SettingsEditor (686)
[2025.05.26-07.30.28:963][994]LogModuleManager: Shutting down and abandoning module ProjectLauncher (684)
[2025.05.26-07.30.28:963][994]LogModuleManager: Shutting down and abandoning module SessionFrontend (682)
[2025.05.26-07.30.28:963][994]LogModuleManager: Shutting down and abandoning module ProfilerClient (680)
[2025.05.26-07.30.28:963][994]LogModuleManager: Shutting down and abandoning module DeviceManager (678)
[2025.05.26-07.30.28:963][994]LogModuleManager: Shutting down and abandoning module TargetDeviceServices (677)
[2025.05.26-07.30.28:996][994]LogModuleManager: Shutting down and abandoning module AutomationController (674)
[2025.05.26-07.30.28:996][994]LogModuleManager: Shutting down and abandoning module AutomationWindow (672)
[2025.05.26-07.30.28:996][994]LogModuleManager: Shutting down and abandoning module Layers (670)
[2025.05.26-07.30.28:996][994]LogModuleManager: Shutting down and abandoning module ComponentVisualizers (668)
[2025.05.26-07.30.28:996][994]LogModuleManager: Shutting down and abandoning module DetailCustomizations (666)
[2025.05.26-07.30.28:996][994]LogModuleManager: Shutting down and abandoning module PackagesDialog (664)
[2025.05.26-07.30.28:996][994]LogModuleManager: Shutting down and abandoning module AnimationBlueprintEditor (662)
[2025.05.26-07.30.28:996][994]LogModuleManager: Shutting down and abandoning module Persona (660)
[2025.05.26-07.30.28:996][994]LogModuleManager: Shutting down and abandoning module AdvancedPreviewScene (659)
[2025.05.26-07.30.28:996][994]LogModuleManager: Shutting down and abandoning module AnimGraph (657)
[2025.05.26-07.30.28:996][994]LogModuleManager: Shutting down and abandoning module Kismet (654)
[2025.05.26-07.30.29:009][994]LogModuleManager: Shutting down and abandoning module KismetWidgets (653)
[2025.05.26-07.30.29:009][994]LogModuleManager: Shutting down and abandoning module GraphEditor (650)
[2025.05.26-07.30.29:009][994]LogModuleManager: Shutting down and abandoning module StructViewer (648)
[2025.05.26-07.30.29:009][994]LogModuleManager: Shutting down and abandoning module ClassViewer (646)
[2025.05.26-07.30.29:010][994]LogModuleManager: Shutting down and abandoning module Toolbox (644)
[2025.05.26-07.30.29:010][994]LogModuleManager: Shutting down and abandoning module ModuleUI (642)
[2025.05.26-07.30.29:010][994]LogModuleManager: Shutting down and abandoning module OutputLog (640)
[2025.05.26-07.30.29:011][994]LogModuleManager: Shutting down and abandoning module GammaUI (638)
[2025.05.26-07.30.29:011][994]LogModuleManager: Shutting down and abandoning module Documentation (636)
[2025.05.26-07.30.29:011][994]LogModuleManager: Shutting down and abandoning module LiveCoding (634)
[2025.05.26-07.30.29:011][994]LogModuleManager: Shutting down and abandoning module LevelSequence (632)
[2025.05.26-07.30.29:011][994]LogModuleManager: Shutting down and abandoning module MovieSceneTracks (630)
[2025.05.26-07.30.29:011][994]LogModuleManager: Shutting down and abandoning module MovieScene (628)
[2025.05.26-07.30.29:011][994]LogModuleManager: Shutting down and abandoning module StreamingPauseRendering (626)
[2025.05.26-07.30.29:011][994]LogModuleManager: Shutting down and abandoning module LauncherPlatform (624)
[2025.05.26-07.30.29:011][994]LogModuleManager: Shutting down and abandoning module AnalyticsET (622)
[2025.05.26-07.30.29:011][994]LogModuleManager: Shutting down and abandoning module PortalServices (620)
[2025.05.26-07.30.29:011][994]LogModuleManager: Shutting down and abandoning module PortalRpc (618)
[2025.05.26-07.30.29:011][994]LogModuleManager: Shutting down and abandoning module MessagingRpc (616)
[2025.05.26-07.30.29:011][994]LogModuleManager: Shutting down and abandoning module AudioMixerXAudio2 (614)
[2025.05.26-07.30.29:011][994]LogModuleManager: Shutting down and abandoning module AudioMixerCore (613)
[2025.05.26-07.30.29:011][994]LogModuleManager: Shutting down and abandoning module AIModule (610)
[2025.05.26-07.30.29:011][994]LogModuleManager: Shutting down and abandoning module GameplayDebugger (609)
[2025.05.26-07.30.29:011][994]LogModuleManager: Shutting down and abandoning module AITestSuite (607)
[2025.05.26-07.30.29:011][994]LogModuleManager: Shutting down and abandoning module NavigationSystem (605)
[2025.05.26-07.30.29:011][994]LogModuleManager: Shutting down and abandoning module ImageWriteQueue (602)
[2025.05.26-07.30.29:014][994]LogModuleManager: Shutting down and abandoning module ProfilerService (600)
[2025.05.26-07.30.29:241][994]LogModuleManager: Shutting down and abandoning module TaskGraph (598)
[2025.05.26-07.30.29:241][994]LogModuleManager: Shutting down and abandoning module AudioSynesthesiaEditor (596)
[2025.05.26-07.30.29:241][994]LogModuleManager: Shutting down and abandoning module ContentBrowserFileDataSource (594)
[2025.05.26-07.30.29:241][994]LogModuleManager: Shutting down and abandoning module ContentBrowserClassDataSource (592)
[2025.05.26-07.30.29:241][994]LogModuleManager: Shutting down and abandoning module ContentBrowserAssetDataSource (590)
[2025.05.26-07.30.29:241][994]LogModuleManager: Shutting down and abandoning module CollectionManager (589)
[2025.05.26-07.30.29:241][994]LogModuleManager: Shutting down and abandoning module SynthesisEditor (586)
[2025.05.26-07.30.29:241][994]LogModuleManager: Shutting down and abandoning module Synthesis (584)
[2025.05.26-07.30.29:241][994]LogModuleManager: Shutting down and abandoning module ResonanceAudio (582)
[2025.05.26-07.30.29:241][994]LogModuleManager: Shutting down and abandoning module ProceduralMeshComponentEditor (580)
[2025.05.26-07.30.29:241][994]LogModuleManager: Shutting down and abandoning module ProceduralMeshComponent (578)
[2025.05.26-07.30.29:241][994]LogModuleManager: Shutting down and abandoning module TakeSequencer (576)
[2025.05.26-07.30.29:241][994]LogModuleManager: Shutting down and abandoning module TakeMovieScene (574)
[2025.05.26-07.30.29:241][994]LogModuleManager: Shutting down and abandoning module OpenXREditor (572)
[2025.05.26-07.30.29:241][994]LogModuleManager: Shutting down and abandoning module MobilePatchingUtils (570)
[2025.05.26-07.30.29:241][994]LogModuleManager: Shutting down and abandoning module GooglePAD (568)
[2025.05.26-07.30.29:241][994]LogModuleManager: Shutting down and abandoning module ScreenshotTools (566)
[2025.05.26-07.30.29:243][994]LogModuleManager: Shutting down and abandoning module EditableMesh (564)
[2025.05.26-07.30.29:243][994]LogModuleManager: Shutting down and abandoning module CustomMeshComponent (562)
[2025.05.26-07.30.29:243][994]LogModuleManager: Shutting down and abandoning module AudioCapture (560)
[2025.05.26-07.30.29:243][994]LogModuleManager: Shutting down and abandoning module AudioCaptureRtAudio (559)
[2025.05.26-07.30.29:243][994]LogModuleManager: Shutting down and abandoning module ArchVisCharacter (556)
[2025.05.26-07.30.29:243][994]LogModuleManager: Shutting down and abandoning module CableComponent (554)
[2025.05.26-07.30.29:243][994]LogModuleManager: Shutting down and abandoning module AssetTags (552)
[2025.05.26-07.30.29:243][994]LogModuleManager: Shutting down and abandoning module AppleImageUtilsBlueprintSupport (550)
[2025.05.26-07.30.29:243][994]LogModuleManager: Shutting down and abandoning module AppleImageUtils (548)
[2025.05.26-07.30.29:243][994]LogModuleManager: Shutting down and abandoning module AndroidPermission (546)
[2025.05.26-07.30.29:243][994]LogModuleManager: Shutting down and abandoning module ActorLayerUtilitiesEditor (544)
[2025.05.26-07.30.29:243][994]LogModuleManager: Shutting down and abandoning module ActorLayerUtilities (542)
[2025.05.26-07.30.29:243][994]LogModuleManager: Shutting down and abandoning module TemplateSequence (540)
[2025.05.26-07.30.29:243][994]LogModuleManager: Shutting down and abandoning module OpenImageDenoise (538)
[2025.05.26-07.30.29:243][994]LogOpenImageDenoise: OIDN shutting down
[2025.05.26-07.30.29:243][994]LogModuleManager: Shutting down and abandoning module MotoSynthEditor (536)
[2025.05.26-07.30.29:243][994]LogModuleManager: Shutting down and abandoning module MotoSynth (534)
[2025.05.26-07.30.29:243][994]LogModuleManager: Shutting down and abandoning module GeometryCollectionTracks (532)
[2025.05.26-07.30.29:243][994]LogModuleManager: Shutting down and abandoning module GeometryCollectionSequencer (531)
[2025.05.26-07.30.29:243][994]LogModuleManager: Shutting down and abandoning module GeometryCollectionEditor (528)
[2025.05.26-07.30.29:243][994]LogModuleManager: Shutting down and abandoning module MeshConversion (526)
[2025.05.26-07.30.29:243][994]LogModuleManager: Shutting down and abandoning module DynamicMesh (524)
[2025.05.26-07.30.29:243][994]LogModuleManager: Shutting down and abandoning module GeometryAlgorithms (522)
[2025.05.26-07.30.29:243][994]LogModuleManager: Shutting down and abandoning module GeometricObjects (520)
[2025.05.26-07.30.29:243][994]LogModuleManager: Shutting down and abandoning module GeometryCacheTracks (518)
[2025.05.26-07.30.29:243][994]LogModuleManager: Shutting down and abandoning module GeometryCacheStreamer (516)
[2025.05.26-07.30.29:243][994]LogModuleManager: Shutting down and abandoning module GeometryCacheSequencer (514)
[2025.05.26-07.30.29:243][994]LogModuleManager: Shutting down and abandoning module MagicLeapSharedWorld (512)
[2025.05.26-07.30.29:243][994]LogModuleManager: Shutting down and abandoning module MagicLeapLightEstimation (510)
[2025.05.26-07.30.29:243][994]LogModuleManager: Shutting down and abandoning module MediaCompositing (508)
[2025.05.26-07.30.29:243][994]LogModuleManager: Shutting down and abandoning module MagicLeapHelperVulkan (506)
[2025.05.26-07.30.29:243][994]LogModuleManager: Shutting down and abandoning module MagicLeapHelperOpenGL (504)
[2025.05.26-07.30.29:243][994]LogModuleManager: Shutting down and abandoning module MagicLeapAudio (502)
[2025.05.26-07.30.29:243][994]LogModuleManager: Shutting down and abandoning module ImgMedia (500)
[2025.05.26-07.30.29:243][994]LogModuleManager: Shutting down and abandoning module ChaosSolverEditor (498)
[2025.05.26-07.30.29:243][994]LogModuleManager: Shutting down and abandoning module ChaosNiagara (496)
[2025.05.26-07.30.29:243][994]LogModuleManager: Shutting down and abandoning module FractureEditor (494)
[2025.05.26-07.30.29:243][994]LogModuleManager: Shutting down and abandoning module FieldSystemEngine (493)
[2025.05.26-07.30.29:243][994]LogModuleManager: Shutting down and abandoning module ChaosClothEditor (490)
[2025.05.26-07.30.29:243][994]LogModuleManager: Shutting down and abandoning module BackChannel (488)
[2025.05.26-07.30.29:243][994]LogModuleManager: Shutting down and abandoning module AutomationUtilsEditor (486)
[2025.05.26-07.30.29:243][994]LogModuleManager: Shutting down and abandoning module AutomationUtils (484)
[2025.05.26-07.30.29:243][994]LogModuleManager: Shutting down and abandoning module AlembicImporter (482)
[2025.05.26-07.30.29:243][994]LogModuleManager: Shutting down and abandoning module AlembicLibrary (481)
[2025.05.26-07.30.29:243][994]LogModuleManager: Shutting down and abandoning module GeometryCache (480)
[2025.05.26-07.30.29:243][994]LogModuleManager: Shutting down and abandoning module GeometryCacheEd (479)
[2025.05.26-07.30.29:243][994]LogModuleManager: Shutting down and abandoning module OodleNetworkHandlerComponent (474)
[2025.05.26-07.30.29:243][994]LogModuleManager: Shutting down and abandoning module NiagaraEditorWidgets (472)
[2025.05.26-07.30.29:243][994]LogModuleManager: Shutting down and abandoning module VisualStudioSourceCodeAccess (470)
[2025.05.26-07.30.29:243][994]LogModuleManager: Shutting down and abandoning module VisualStudioCodeSourceCodeAccess (468)
[2025.05.26-07.30.29:243][994]LogModuleManager: Shutting down and abandoning module UObjectPlugin (466)
[2025.05.26-07.30.29:243][994]LogModuleManager: Shutting down and abandoning module SubversionSourceControl (464)
[2025.05.26-07.30.29:243][994]LogModuleManager: Shutting down and abandoning module RiderSourceCodeAccess (462)
[2025.05.26-07.30.29:243][994]LogModuleManager: Shutting down and abandoning module PluginUtils (460)
[2025.05.26-07.30.29:243][994]LogModuleManager: Shutting down and abandoning module PerforceSourceControl (458)
[2025.05.26-07.30.29:243][994]LogModuleManager: Shutting down and abandoning module PlasticSourceControl (456)
[2025.05.26-07.30.29:243][994]LogModuleManager: Shutting down and abandoning module GitSourceControl (454)
[2025.05.26-07.30.29:243][994]LogModuleManager: Shutting down and abandoning module SourceControl (453)
[2025.05.26-07.30.29:243][994]LogModuleManager: Shutting down and abandoning module SpeedTreeImporter (450)
[2025.05.26-07.30.29:243][994]LogModuleManager: Shutting down and abandoning module VariantManagerContentEditor (448)
[2025.05.26-07.30.29:243][994]LogModuleManager: Shutting down and abandoning module PluginBrowser (446)
[2025.05.26-07.30.29:243][994]LogModuleManager: Shutting down and abandoning module MobileLauncherProfileWizard (444)
[2025.05.26-07.30.29:243][994]LogModuleManager: Shutting down and abandoning module MaterialAnalyzer (442)
[2025.05.26-07.30.29:243][994]LogModuleManager: Shutting down and abandoning module CLionSourceCodeAccess (440)
[2025.05.26-07.30.29:243][994]LogModuleManager: Shutting down and abandoning module DatasmithContentEditor (438)
[2025.05.26-07.30.29:243][994]LogModuleManager: Shutting down and abandoning module AnimationSharingEd (436)
[2025.05.26-07.30.29:243][994]LogModuleManager: Shutting down and abandoning module CurveEditorTools (434)
[2025.05.26-07.30.29:243][994]LogModuleManager: Shutting down and abandoning module CryptoKeysOpenSSL (432)
[2025.05.26-07.30.29:243][994]LogModuleManager: Shutting down and abandoning module CryptoKeys (430)
[2025.05.26-07.30.29:243][994]LogModuleManager: Shutting down and abandoning module LiveLinkSequencer (428)
[2025.05.26-07.30.29:243][994]LogModuleManager: Shutting down and abandoning module LiveLinkMovieScene (426)
[2025.05.26-07.30.29:243][994]LogModuleManager: Shutting down and abandoning module LiveLinkGraphNode (424)
[2025.05.26-07.30.29:243][994]LogModuleManager: Shutting down and abandoning module LiveLinkEditor (422)
[2025.05.26-07.30.29:243][994]LogModuleManager: Shutting down and abandoning module LiveLinkComponents (420)
[2025.05.26-07.30.29:243][994]LogModuleManager: Shutting down and abandoning module LiveLink (418)
[2025.05.26-07.30.30:070][994]LogModuleManager: Shutting down and abandoning module LightPropagationVolumeEditor (416)
[2025.05.26-07.30.30:070][994]LogModuleManager: Shutting down and abandoning module PaperTiledImporter (414)
[2025.05.26-07.30.30:070][994]LogModuleManager: Shutting down and abandoning module PaperSpriteSheetImporter (412)
[2025.05.26-07.30.30:070][994]LogModuleManager: Shutting down and abandoning module Paper2DEditor (410)
[2025.05.26-07.30.30:070][994]LogModuleManager: Shutting down and abandoning module MeshPaintingToolset (408)
[2025.05.26-07.30.30:070][994]LogModuleManager: Shutting down and abandoning module MeshPaintEditorMode (406)
[2025.05.26-07.30.30:070][994]LogModuleManager: Shutting down and abandoning module SoundFields (404)
[2025.05.26-07.30.30:070][994]LogModuleManager: Shutting down and abandoning module SignificanceManager (402)
[2025.05.26-07.30.30:070][994]LogModuleManager: Shutting down and abandoning module RuntimePhysXCooking (400)
[2025.05.26-07.30.30:070][994]LogModuleManager: Shutting down and abandoning module PropertyAccessEditor (398)
[2025.05.26-07.30.30:070][994]LogModuleManager: Shutting down and abandoning module PhysXVehiclesEditor (396)
[2025.05.26-07.30.30:070][994]LogModuleManager: Shutting down and abandoning module LocationServicesBPLibrary (392)
[2025.05.26-07.30.30:070][994]LogModuleManager: Shutting down and abandoning module AudioSynesthesia (390)
[2025.05.26-07.30.30:070][994]LogModuleManager: Shutting down and abandoning module AudioSynesthesiaCore (388)
[2025.05.26-07.30.30:070][994]LogModuleManager: Shutting down and abandoning module ActorSequence (386)
[2025.05.26-07.30.30:070][994]LogModuleManager: Shutting down and abandoning module PythonScriptPlugin (384)
[2025.05.26-07.30.30:070][994]LogModuleManager: Shutting down and abandoning module MagicLeapARPin (382)
[2025.05.26-07.30.30:070][994]LogModuleManager: Shutting down and abandoning module UdpMessaging (380)
[2025.05.26-07.30.30:172][994]LogModuleManager: Shutting down and abandoning module TcpMessaging (378)
[2025.05.26-07.30.30:272][994]LogModuleManager: Shutting down and abandoning module MagicLeapHandMeshing (376)
[2025.05.26-07.30.30:272][994]LogModuleManager: Shutting down and abandoning module MagicLeapSecureStorage (374)
[2025.05.26-07.30.30:272][994]LogModuleManager: Shutting down and abandoning module MagicLeapPrivileges (372)
[2025.05.26-07.30.30:272][994]LogModuleManager: Shutting down and abandoning module MagicLeapPlanes (370)
[2025.05.26-07.30.30:272][994]LogMagicLeapPlanes: Planes tracker already destroyed.
[2025.05.26-07.30.30:272][994]LogModuleManager: Shutting down and abandoning module MagicLeapImageTracker (368)
[2025.05.26-07.30.30:272][994]LogModuleManager: Shutting down and abandoning module MagicLeapIdentity (366)
[2025.05.26-07.30.30:272][994]LogModuleManager: Shutting down and abandoning module MagicLeapHandTracking (364)
[2025.05.26-07.30.30:272][994]LogModuleManager: Shutting down and abandoning module MagicLeapEyeTracker (362)
[2025.05.26-07.30.30:272][994]LogModuleManager: Shutting down and abandoning module MagicLeapController (360)
[2025.05.26-07.30.30:272][994]LogModuleManager: Shutting down and abandoning module MagicLeapARPinImpl (358)
[2025.05.26-07.30.30:272][994]LogModuleManager: Shutting down and abandoning module MagicLeapAR (356)
[2025.05.26-07.30.30:272][994]LogModuleManager: Shutting down and abandoning module ImgMediaEngine (354)
[2025.05.26-07.30.30:272][994]LogModuleManager: Shutting down and abandoning module NiagaraAnimNotifies (352)
[2025.05.26-07.30.30:272][994]LogModuleManager: Shutting down and abandoning module Niagara (350)
[2025.05.26-07.30.30:272][994]LogModuleManager: Shutting down and abandoning module SignalProcessing (349)
[2025.05.26-07.30.30:272][994]LogModuleManager: Shutting down and abandoning module NiagaraEditor (347)
[2025.05.26-07.30.30:272][994]LogModuleManager: Shutting down and abandoning module NiagaraCore (344)
[2025.05.26-07.30.30:272][994]LogModuleManager: Shutting down and abandoning module PropertyAccessNode (342)
[2025.05.26-07.30.30:272][994]LogModuleManager: Shutting down and abandoning module GameplayTagsEditor (340)
[2025.05.26-07.30.30:272][994]LogModuleManager: Shutting down and abandoning module AnimationSharing (338)
[2025.05.26-07.30.30:272][994]LogModuleManager: Shutting down and abandoning module FacialAnimationEditor (336)
[2025.05.26-07.30.30:272][994]LogModuleManager: Shutting down and abandoning module FacialAnimation (334)
[2025.05.26-07.30.30:272][994]LogModuleManager: Shutting down and abandoning module DataValidation (332)
[2025.05.26-07.30.30:272][994]LogModuleManager: Shutting down and abandoning module AssetManagerEditor (330)
[2025.05.26-07.30.30:272][994]LogModuleManager: Shutting down and abandoning module LevelEditor (329)
[2025.05.26-07.30.30:273][994]LogModuleManager: Shutting down and abandoning module PixelInspectorModule (328)
[2025.05.26-07.30.30:273][994]LogModuleManager: Shutting down and abandoning module CommonMenuExtensions (326)
[2025.05.26-07.30.30:273][994]LogModuleManager: Shutting down and abandoning module MainFrame (324)
[2025.05.26-07.30.30:273][994]LogModuleManager: Shutting down and abandoning module HotReload (323)
[2025.05.26-07.30.30:274][994]LogModuleManager: Shutting down and abandoning module ToolMenus (319)
[2025.05.26-07.30.30:274][994]LogModuleManager: Shutting down and abandoning module ContentBrowser (317)
[2025.05.26-07.30.30:274][994]LogModuleManager: Shutting down and abandoning module ContentBrowserData (316)
[2025.05.26-07.30.30:274][994]LogModuleManager: Shutting down and abandoning module TreeMap (313)
[2025.05.26-07.30.30:274][994]LogModuleManager: Shutting down and abandoning module GameplayCameras (310)
[2025.05.26-07.30.30:274][994]LogModuleManager: Shutting down and abandoning module LightPropagationVolumeRuntime (308)
[2025.05.26-07.30.30:274][994]LogModuleManager: Shutting down and abandoning module EnvironmentQueryEditor (306)
[2025.05.26-07.30.30:274][994]LogModuleManager: Shutting down and abandoning module Paper2D (304)
[2025.05.26-07.30.30:274][994]LogModuleManager: Shutting down and abandoning module WindowsMoviePlayer (302)
[2025.05.26-07.30.30:275][994]LogModuleManager: Shutting down and abandoning module WebMMoviePlayer (300)
[2025.05.26-07.30.30:275][994]LogModuleManager: Shutting down and abandoning module NetworkReplayStreaming (298)
[2025.05.26-07.30.30:275][994]LogModuleManager: Shutting down and abandoning module PacketHandler (296)
[2025.05.26-07.30.30:275][994]LogModuleManager: Shutting down and abandoning module ClothingSystemEditor (294)
[2025.05.26-07.30.30:275][994]LogModuleManager: Shutting down and abandoning module ClothingSystemRuntimeNv (292)
[2025.05.26-07.30.30:275][994]LogModuleManager: Shutting down and abandoning module MediaAssets (290)
[2025.05.26-07.30.30:275][994]LogModuleManager: Shutting down and abandoning module Overlay (288)
[2025.05.26-07.30.30:275][994]LogModuleManager: Shutting down and abandoning module OverlayEditor (287)
[2025.05.26-07.30.30:275][994]LogModuleManager: Shutting down and abandoning module VREditor (284)
[2025.05.26-07.30.30:275][994]LogModuleManager: Shutting down and abandoning module StringTableEditor (282)
[2025.05.26-07.30.30:275][994]LogModuleManager: Shutting down and abandoning module GameplayTasksEditor (280)
[2025.05.26-07.30.30:275][994]LogModuleManager: Shutting down and abandoning module BehaviorTreeEditor (278)
[2025.05.26-07.30.30:275][994]LogModuleManager: Shutting down and abandoning module FunctionalTesting (276)
[2025.05.26-07.30.30:275][994]LogModuleManager: Shutting down and abandoning module CollisionAnalyzer (274)
[2025.05.26-07.30.30:275][994]LogModuleManager: Shutting down and abandoning module WorkspaceMenuStructure (273)
[2025.05.26-07.30.30:275][994]LogModuleManager: Shutting down and abandoning module UMG (270)
[2025.05.26-07.30.30:275][994]LogModuleManager: Shutting down and abandoning module UMGEditor (269)
[2025.05.26-07.30.30:275][994]LogModuleManager: Shutting down and abandoning module MessageLog (267)
[2025.05.26-07.30.30:275][994]LogModuleManager: Shutting down and abandoning module SlateReflector (262)
[2025.05.26-07.30.30:275][994]LogModuleManager: Shutting down and abandoning module Slate (260)
[2025.05.26-07.30.30:275][994]LogModuleManager: Shutting down and abandoning module SlateCore (258)
[2025.05.26-07.30.30:276][994]LogModuleManager: Shutting down and abandoning module LandscapeEditorUtilities (256)
[2025.05.26-07.30.30:276][994]LogModuleManager: Shutting down and abandoning module UnrealEd (254)
[2025.05.26-07.30.30:276][994]LogModuleManager: Shutting down and abandoning module MRMesh (252)
[2025.05.26-07.30.30:276][994]LogModuleManager: Shutting down and abandoning module SourceCodeAccess (250)
[2025.05.26-07.30.30:276][994]LogModuleManager: Shutting down and abandoning module HeadMountedDisplay (248)
[2025.05.26-07.30.30:276][994]LogModuleManager: Shutting down and abandoning module XAudio2 (246)
[2025.05.26-07.30.30:276][994]LogModuleManager: Shutting down and abandoning module Networking (244)
[2025.05.26-07.30.30:276][994]LogModuleManager: Shutting down and abandoning module Core (242)
[2025.05.26-07.30.30:276][994]LogModuleManager: Shutting down and abandoning module MaterialEditor (240)
[2025.05.26-07.30.30:276][994]LogModuleManager: Shutting down and abandoning module MovieSceneTools (238)
[2025.05.26-07.30.30:276][994]LogModuleManager: Shutting down and abandoning module CurveEditor (237)
[2025.05.26-07.30.30:276][994]LogModuleManager: Shutting down and abandoning module Sequencer (235)
[2025.05.26-07.30.30:276][994]LogModuleManager: Shutting down and abandoning module EditorStyle (234)
[2025.05.26-07.30.30:276][994]LogModuleManager: Shutting down and abandoning module KismetCompiler (230)
[2025.05.26-07.30.30:276][994]LogModuleManager: Shutting down and abandoning module MeshBuilder (228)
[2025.05.26-07.30.30:276][994]LogModuleManager: Shutting down and abandoning module MeshUtilities (226)
[2025.05.26-07.30.30:276][994]LogModuleManager: Shutting down and abandoning module MeshMergeUtilities (225)
[2025.05.26-07.30.30:276][994]LogModuleManager: Shutting down and abandoning module MeshReductionInterface (224)
[2025.05.26-07.30.30:278][994]LogModuleManager: Shutting down and abandoning module MeshBoneReduction (223)
[2025.05.26-07.30.30:278][994]LogModuleManager: Shutting down and abandoning module SkeletalMeshReduction (221)
[2025.05.26-07.30.30:278][994]LogModuleManager: Shutting down and abandoning module ProxyLODMeshReduction (219)
[2025.05.26-07.30.30:278][994]LogModuleManager: Shutting down and abandoning module QuadricMeshReduction (217)
[2025.05.26-07.30.30:278][994]LogModuleManager: Shutting down and abandoning module MaterialBaking (213)
[2025.05.26-07.30.30:278][994]LogModuleManager: Shutting down and abandoning module NullInstallBundleManager (208)
[2025.05.26-07.30.30:278][994]LogModuleManager: Shutting down and abandoning module DerivedDataCache (206)
[2025.05.26-07.30.30:278][994]LogModuleManager: Shutting down and abandoning module TargetPlatform (204)
[2025.05.26-07.30.30:278][994]LogModuleManager: Shutting down and abandoning module VulkanShaderFormat (203)
[2025.05.26-07.30.30:278][994]LogModuleManager: Shutting down and abandoning module ShaderFormatVectorVM (201)
[2025.05.26-07.30.30:278][994]LogModuleManager: Shutting down and abandoning module ShaderFormatOpenGL (199)
[2025.05.26-07.30.30:278][994]LogModuleManager: Shutting down and abandoning module ShaderFormatD3D (197)
[2025.05.26-07.30.30:278][994]LogModuleManager: Shutting down and abandoning module MetalShaderFormat (195)
[2025.05.26-07.30.30:278][994]LogModuleManager: Shutting down and abandoning module TextureFormatOodle (193)
[2025.05.26-07.30.30:278][994]LogModuleManager: Shutting down and abandoning module TextureFormatUncompressed (191)
[2025.05.26-07.30.30:278][994]LogModuleManager: Shutting down and abandoning module TextureFormatPVR (189)
[2025.05.26-07.30.30:278][994]LogModuleManager: Shutting down and abandoning module TextureFormatETC2 (187)
[2025.05.26-07.30.30:278][994]LogModuleManager: Shutting down and abandoning module TextureFormatDXT (185)
[2025.05.26-07.30.30:278][994]LogModuleManager: Shutting down and abandoning module TextureFormatIntelISPCTexComp (183)
[2025.05.26-07.30.30:278][994]LogModuleManager: Shutting down and abandoning module TextureFormatASTC (181)
[2025.05.26-07.30.30:278][994]LogModuleManager: Shutting down and abandoning module ImageWrapper (180)
[2025.05.26-07.30.30:278][994]LogModuleManager: Shutting down and abandoning module AudioFormatOpus (177)
[2025.05.26-07.30.30:278][994]LogModuleManager: Shutting down and abandoning module AudioFormatOgg (175)
[2025.05.26-07.30.30:278][994]LogModuleManager: Shutting down and abandoning module AudioFormatADPCM (173)
[2025.05.26-07.30.30:278][994]LogModuleManager: Shutting down and abandoning module WindowsServerTargetPlatform (171)
[2025.05.26-07.30.30:278][994]LogModuleManager: Shutting down and abandoning module WindowsClientTargetPlatform (169)
[2025.05.26-07.30.30:278][994]LogModuleManager: Shutting down and abandoning module WindowsTargetPlatform (167)
[2025.05.26-07.30.30:278][994]LogModuleManager: Shutting down and abandoning module WindowsNoEditorTargetPlatform (165)
[2025.05.26-07.30.30:278][994]LogModuleManager: Shutting down and abandoning module TVOSTargetPlatform (163)
[2025.05.26-07.30.30:279][994]LogModuleManager: Shutting down and abandoning module MacServerTargetPlatform (161)
[2025.05.26-07.30.30:279][994]LogModuleManager: Shutting down and abandoning module MacClientTargetPlatform (159)
[2025.05.26-07.30.30:279][994]LogModuleManager: Shutting down and abandoning module MacTargetPlatform (157)
[2025.05.26-07.30.30:279][994]LogModuleManager: Shutting down and abandoning module MacNoEditorTargetPlatform (155)
[2025.05.26-07.30.30:279][994]LogModuleManager: Shutting down and abandoning module LuminTargetPlatform (153)
[2025.05.26-07.30.30:279][994]LogModuleManager: Shutting down and abandoning module LinuxAArch64ServerTargetPlatform (151)
[2025.05.26-07.30.30:279][994]LogModuleManager: Shutting down and abandoning module LinuxAArch64ClientTargetPlatform (149)
[2025.05.26-07.30.30:279][994]LogModuleManager: Shutting down and abandoning module LinuxAArch64NoEditorTargetPlatform (147)
[2025.05.26-07.30.30:279][994]LogModuleManager: Shutting down and abandoning module LinuxServerTargetPlatform (145)
[2025.05.26-07.30.30:279][994]LogModuleManager: Shutting down and abandoning module LinuxClientTargetPlatform (143)
[2025.05.26-07.30.30:279][994]LogModuleManager: Shutting down and abandoning module LinuxNoEditorTargetPlatform (141)
[2025.05.26-07.30.30:280][994]LogModuleManager: Shutting down and abandoning module LinuxTargetPlatform (139)
[2025.05.26-07.30.30:280][994]LogModuleManager: Shutting down and abandoning module Messaging (137)
[2025.05.26-07.30.30:280][994]LogModuleManager: Shutting down and abandoning module IOSTargetPlatform (135)
[2025.05.26-07.30.30:280][994]LogModuleManager: Shutting down and abandoning module AndroidTargetPlatform (133)
[2025.05.26-07.30.30:282][994]LogModuleManager: Shutting down and abandoning module AllDesktopTargetPlatform (131)
[2025.05.26-07.30.30:282][994]LogModuleManager: Shutting down and abandoning module D3D11RHI (128)
[2025.05.26-07.30.30:282][994]LogModuleManager: Shutting down and abandoning module InputCore (126)
[2025.05.26-07.30.30:282][994]LogModuleManager: Shutting down and abandoning module Settings (124)
[2025.05.26-07.30.30:282][994]LogModuleManager: Shutting down and abandoning module DirectoryWatcher (122)
[2025.05.26-07.30.30:282][994]LogModuleManager: Shutting down and abandoning module PhysXCooking (120)
[2025.05.26-07.30.30:282][994]LogModuleManager: Shutting down and abandoning module Chaos (118)
[2025.05.26-07.30.30:282][994]LogModuleManager: Shutting down and abandoning module WindowsPlatformFeatures (116)
[2025.05.26-07.30.30:282][994]LogModuleManager: Shutting down and abandoning module GameplayMediaEncoder (115)
[2025.05.26-07.30.30:282][994]LogModuleManager: Shutting down and abandoning module AVEncoder (114)
[2025.05.26-07.30.30:282][994]LogModuleManager: Shutting down and abandoning module OculusOpenXRHMD (110)
[2025.05.26-07.30.30:282][994]LogModuleManager: Shutting down and abandoning module OpenXRHandTracking (108)
[2025.05.26-07.30.30:282][994]LogSlate: Slate User Destroyed.  User Index 0, Is Virtual User: 0
[2025.05.26-07.30.30:283][994]LogModuleManager: Shutting down and abandoning module OpenXREyeTracker (106)
[2025.05.26-07.30.30:283][994]LogModuleManager: Shutting down and abandoning module OpenXRAR (104)
[2025.05.26-07.30.30:283][994]LogModuleManager: Shutting down and abandoning module AugmentedReality (103)
[2025.05.26-07.30.30:283][994]LogModuleManager: Shutting down and abandoning module OpenXRHMD (100)
[2025.05.26-07.30.30:283][994]LogModuleManager: Shutting down and abandoning module ExampleDeviceProfileSelector (98)
[2025.05.26-07.30.30:283][994]LogModuleManager: Shutting down and abandoning module ChunkDownloader (96)
[2025.05.26-07.30.30:283][994]LogModuleManager: Shutting down and abandoning module OnlineBlueprintSupport (94)
[2025.05.26-07.30.30:283][994]LogModuleManager: Shutting down and abandoning module OnlineSubsystem (90)
[2025.05.26-07.30.30:284][994]LogModuleManager: Shutting down and abandoning module XMPP (85)
[2025.05.26-07.30.30:284][994]LogModuleManager: Shutting down and abandoning module WebSockets (84)
[2025.05.26-07.30.30:318][994]LogModuleManager: Shutting down and abandoning module HTTP (81)
[2025.05.26-07.30.30:318][994]LogHttp: Display: Http module shutting down, but needs to wait on 1 outstanding Http requests:
[2025.05.26-07.30.30:318][994]LogHttp: Display: 	verb=[POST] url=[https://datarouter.ol.epicgames.com/datarouter/api/v1/public/data?SessionID=%7B98528790-4DFE-531C-5839-979D7212203C%7D&AppID=UEEditor.Rocket.Release&AppVersion=4.27.2-18319896%2B%2B%2BUE4%2BRelease-4.27&UserID=8f81e17f46360d0d130dba9b6452456c%7C047f60e4029c4fa180fd4031df82706c%7C82fea602-2be7-42e1-a651-dfe5ff9bb82e&AppEnvironment=datacollector-binary&UploadType=eteventstream] refs=[1] status=Processing
[2025.05.26-07.30.30:318][994]LogHttp: Display: cleaning up 1 outstanding Http requests.
[2025.05.26-07.30.30:322][994]LogModuleManager: Shutting down and abandoning module SSL (80)
[2025.05.26-07.30.30:322][994]LogModuleManager: Shutting down and abandoning module LauncherChunkInstaller (76)
[2025.05.26-07.30.30:322][994]LogModuleManager: Shutting down and abandoning module MLSDK (74)
[2025.05.26-07.30.30:322][994]LogModuleManager: Shutting down and abandoning module WmfMedia (72)
[2025.05.26-07.30.30:323][994]LogModuleManager: Shutting down and abandoning module Media (71)
[2025.05.26-07.30.30:324][994]LogModuleManager: Shutting down and abandoning module MediaInfo (70)
[2025.05.26-07.30.30:324][994]LogModuleManager: Shutting down and abandoning module MagicLeap (66)
[2025.05.26-07.30.30:324][994]LogModuleManager: Shutting down and abandoning module ExrReaderGpu (64)
[2025.05.26-07.30.30:324][994]LogModuleManager: Shutting down and abandoning module ChaosCloth (62)
[2025.05.26-07.30.30:324][994]LogModuleManager: Shutting down and abandoning module NiagaraVertexFactories (60)
[2025.05.26-07.30.30:324][994]LogModuleManager: Shutting down and abandoning module NiagaraShader (58)
[2025.05.26-07.30.30:324][994]LogModuleManager: Shutting down and abandoning module PixWinPlugin (56)
[2025.05.26-07.30.30:324][994]LogModuleManager: Shutting down and abandoning module VariantManagerContent (54)
[2025.05.26-07.30.30:324][994]LogModuleManager: Shutting down and abandoning module DatasmithContent (52)
[2025.05.26-07.30.30:326][994]LogModuleManager: Shutting down and abandoning module AISupportModule (50)
[2025.05.26-07.30.30:326][994]LogModuleManager: Shutting down and abandoning module DesktopPlatform (48)
[2025.05.26-07.30.30:326][994]LogModuleManager: Shutting down and abandoning module PythonScriptPluginPreload (46)
[2025.05.26-07.30.30:326][994]LogModuleManager: Shutting down and abandoning module PlatformCryptoOpenSSL (44)
[2025.05.26-07.30.30:326][994]LogModuleManager: Shutting down and abandoning module PlatformCryptoTypes (42)
[2025.05.26-07.30.30:326][994]LogModuleManager: Shutting down and abandoning module PlatformCrypto (40)
[2025.05.26-07.30.30:326][994]LogModuleManager: Shutting down and abandoning module OodleDataCompressionFormat (38)
[2025.05.26-07.30.30:326][994]LogModuleManager: Shutting down and abandoning module XGEController (36)
[2025.05.26-07.30.30:326][994]LogModuleManager: Shutting down and abandoning module AnimationModifiers (34)
[2025.05.26-07.30.30:326][994]LogModuleManager: Shutting down and abandoning module AudioEditor (32)
[2025.05.26-07.30.30:327][994]LogModuleManager: Shutting down and abandoning module PropertyEditor (31)
[2025.05.26-07.30.30:327][994]LogModuleManager: Shutting down and abandoning module TextureCompressor (28)
[2025.05.26-07.30.30:327][994]LogModuleManager: Shutting down and abandoning module RenderCore (26)
[2025.05.26-07.30.30:327][994]LogModuleManager: Shutting down and abandoning module Landscape (24)
[2025.05.26-07.30.30:327][994]LogModuleManager: Shutting down and abandoning module SlateRHIRenderer (22)
[2025.05.26-07.30.30:328][994]LogModuleManager: Shutting down and abandoning module AnimGraphRuntime (20)
[2025.05.26-07.30.30:328][994]LogModuleManager: Shutting down and abandoning module Renderer (18)
[2025.05.26-07.30.30:328][994]LogModuleManager: Shutting down and abandoning module Engine (16)
[2025.05.26-07.30.30:328][994]LogModuleManager: Shutting down and abandoning module CoreUObject (14)
[2025.05.26-07.30.30:328][994]LogModuleManager: Shutting down and abandoning module NetworkFile (12)
[2025.05.26-07.30.30:328][994]LogModuleManager: Shutting down and abandoning module CookedIterativeFile (10)
[2025.05.26-07.30.30:328][994]LogModuleManager: Shutting down and abandoning module StreamingFile (8)
[2025.05.26-07.30.30:328][994]LogModuleManager: Shutting down and abandoning module SandboxFile (6)
[2025.05.26-07.30.30:328][994]LogModuleManager: Shutting down and abandoning module PakFile (4)
[2025.05.26-07.30.30:328][994]LogModuleManager: Shutting down and abandoning module RSA (3)
[2025.05.26-07.30.30:328][994]LogContentStreaming: Display: There are 1 unreleased StreamingManagers
[2025.05.26-07.30.30:342][994]LogD3D11RHI: Shutdown
[2025.05.26-07.30.30:342][994]LogD3D11RHI: CleanupD3DDevice
[2025.05.26-07.30.30:344][994]LogExit: Exiting.
[2025.05.26-07.30.30:353][994]Log file closed, 05/26/25 10:30:30
