Log file open, 05/24/25 15:48:12
LogWindows: Failed to load 'aqProf.dll' (GetLastError=126)
LogWindows: File 'aqProf.dll' does not exist
LogWindows: Failed to load 'VtuneApi.dll' (GetLastError=126)
LogWindows: File 'VtuneApi.dll' does not exist
LogWindows: Failed to load 'VtuneApi32e.dll' (GetLastError=126)
LogWindows: File 'VtuneApi32e.dll' does not exist
LogConsoleResponse: Display: Failed to find resolution value strings in scalability ini. Falling back to default.
LogConsoleResponse: Display: Failed to find resolution value strings in scalability ini. Falling back to default.
LogInit: Display: Running engine for game: MyProject
LogPlatformFile: Not using cached read wrapper
LogTaskGraph: Started task graph with 5 named threads and 47 total threads with 3 sets of task threads.
LogStats: Stats thread started at 0.240155
LogICUInternationalization: ICU TimeZone Detection - Raw Offset: +3:00, Platform Override: ''
LogInit: Display: Loading text-based GConfig....
LogPluginManager: Mounting plugin MeshPainting
LogPluginManager: Mounting plugin XGEController
LogPluginManager: Mounting plugin Paper2D
LogPluginManager: Mounting plugin LiveLink
LogPluginManager: Mounting plugin AISupport
LogPluginManager: Mounting plugin EnvironmentQueryEditor
LogPluginManager: Mounting plugin LightPropagationVolume
LogPluginManager: Mounting plugin AnimationSharing
LogPluginManager: Mounting plugin CodeLiteSourceCodeAccess
LogPluginManager: Mounting plugin KDevelopSourceCodeAccess
LogPluginManager: Mounting plugin CLionSourceCodeAccess
LogPluginManager: Mounting plugin GameplayCameras
LogPluginManager: Mounting plugin NullSourceCodeAccess
LogPluginManager: Mounting plugin GitSourceControl
LogPluginManager: Mounting plugin CameraShakePreviewer
LogPluginManager: Mounting plugin PerforceSourceControl
LogPluginManager: Mounting plugin PixWinPlugin
LogPluginManager: Mounting plugin PluginUtils
LogPluginManager: Mounting plugin PropertyAccessNode
LogPluginManager: Mounting plugin PlasticSourceControl
LogPluginManager: Mounting plugin TextureFormatOodle
LogPluginManager: Mounting plugin RiderSourceCodeAccess
LogPluginManager: Mounting plugin AssetManagerEditor
LogPluginManager: Mounting plugin SubversionSourceControl
LogPluginManager: Mounting plugin UObjectPlugin
LogPluginManager: Mounting plugin VisualStudioCodeSourceCodeAccess
LogPluginManager: Mounting plugin CurveEditorTools
LogPluginManager: Mounting plugin CryptoKeys
LogPluginManager: Mounting plugin FacialAnimation
LogPluginManager: Mounting plugin DataValidation
LogPluginManager: Mounting plugin OodleNetwork
LogPluginManager: Mounting plugin OodleData
LogPluginManager: Mounting plugin GeometryMode
LogPluginManager: Mounting plugin GameplayTagsEditor
LogPluginManager: Mounting plugin VisualStudioSourceCodeAccess
LogPluginManager: Mounting plugin MaterialAnalyzer
LogPluginManager: Mounting plugin MobileLauncherProfileWizard
LogPluginManager: Mounting plugin XCodeSourceCodeAccess
LogPluginManager: Mounting plugin SpeedTreeImporter
LogPluginManager: Mounting plugin PluginBrowser
LogPluginManager: Mounting plugin DatasmithContent
LogPluginManager: Mounting plugin MacGraphicsSwitching
LogPluginManager: Mounting plugin VariantManagerContent
LogPluginManager: Mounting plugin LuminPlatformFeatures
LogPluginManager: Mounting plugin MagicLeap
LogPluginManager: Mounting plugin Niagara
LogPluginManager: Mounting plugin AutomationUtils
LogPluginManager: Mounting plugin MagicLeapLightEstimation
LogPluginManager: Mounting plugin AlembicImporter
LogPluginManager: Mounting plugin MagicLeapMedia
LogPluginManager: Mounting plugin BackChannel
LogPluginManager: Mounting plugin MagicLeapPassableWorld
LogPluginManager: Mounting plugin ChaosCloth
LogPluginManager: Mounting plugin MLSDK
LogPluginManager: Mounting plugin ChaosClothEditor
LogPluginManager: Mounting plugin ChaosNiagara
LogPluginManager: Mounting plugin ChaosEditor
LogPluginManager: Mounting plugin ChaosSolverPlugin
LogPluginManager: Mounting plugin CharacterAI
LogPluginManager: Mounting plugin GeometryCache
LogPluginManager: Mounting plugin GeometryCollectionPlugin
LogPluginManager: Mounting plugin TcpMessaging
LogPluginManager: Mounting plugin UdpMessaging
LogPluginManager: Mounting plugin GeometryProcessing
LogPluginManager: Mounting plugin OpenImageDenoise
LogPluginManager: Mounting plugin MotoSynth
LogPluginManager: Mounting plugin PlanarCut
LogPluginManager: Mounting plugin ProxyLODPlugin
LogPluginManager: Mounting plugin PlatformCrypto
LogPluginManager: Mounting plugin PythonScriptPlugin
LogPluginManager: Mounting plugin AndroidMedia
LogPluginManager: Mounting plugin SkeletalReduction
LogPluginManager: Mounting plugin AvfMedia
LogPluginManager: Mounting plugin ImgMedia
LogPluginManager: Mounting plugin MediaCompositing
LogPluginManager: Mounting plugin MediaPlayerEditor
LogPluginManager: Mounting plugin WebMMedia
LogPluginManager: Mounting plugin WmfMedia
LogPluginManager: Mounting plugin ActorSequence
LogPluginManager: Mounting plugin LevelSequenceEditor
LogPluginManager: Mounting plugin MatineeToLevelSequence
LogPluginManager: Mounting plugin LauncherChunkInstaller
LogPluginManager: Mounting plugin OnlineSubsystem
LogPluginManager: Mounting plugin TemplateSequence
LogPluginManager: Mounting plugin OnlineSubsystemNull
LogPluginManager: Mounting plugin OnlineSubsystemUtils
LogPluginManager: Mounting plugin Takes
LogPluginManager: Mounting plugin ActorLayerUtilities
LogPluginManager: Mounting plugin ScreenshotTools
LogPluginManager: Mounting plugin AndroidMoviePlayer
LogPluginManager: Mounting plugin AndroidPermission
LogPluginManager: Mounting plugin AppleMoviePlayer
LogPluginManager: Mounting plugin ArchVisCharacter
LogPluginManager: Mounting plugin AssetTags
LogPluginManager: Mounting plugin AudioCapture
LogPluginManager: Mounting plugin CableComponent
LogPluginManager: Mounting plugin AudioSynesthesia
LogPluginManager: Mounting plugin AndroidDeviceProfileSelector
LogPluginManager: Mounting plugin CustomMeshComponent
LogPluginManager: Mounting plugin ChunkDownloader
LogPluginManager: Mounting plugin ExampleDeviceProfileSelector
LogPluginManager: Mounting plugin GoogleCloudMessaging
LogPluginManager: Mounting plugin IOSDeviceProfileSelector
LogPluginManager: Mounting plugin LinuxDeviceProfileSelector
LogPluginManager: Mounting plugin LocationServicesBPLibrary
LogPluginManager: Mounting plugin GooglePAD
LogPluginManager: Mounting plugin MobilePatchingUtils
LogPluginManager: Mounting plugin EditableMesh
LogPluginManager: Mounting plugin OpenXR
LogPluginManager: Mounting plugin OpenXREyeTracker
LogPluginManager: Mounting plugin PostSplashScreen
LogPluginManager: Mounting plugin PhysXVehicles
LogPluginManager: Mounting plugin ProceduralMeshComponent
LogPluginManager: Mounting plugin ResonanceAudio
LogPluginManager: Mounting plugin PropertyAccessEditor
LogPluginManager: Mounting plugin OpenXRHandTracking
LogPluginManager: Mounting plugin RuntimePhysXCooking
LogPluginManager: Mounting plugin SignificanceManager
LogPluginManager: Mounting plugin SoundFields
LogPluginManager: Mounting plugin Synthesis
LogPluginManager: Mounting plugin WebMMoviePlayer
LogPluginManager: Mounting plugin AppleImageUtils
LogPluginManager: Mounting plugin WindowsMoviePlayer
LogPluginManager: Mounting plugin ContentBrowserAssetDataSource
LogPluginManager: Mounting plugin ContentBrowserClassDataSource
LogPluginManager: Mounting plugin ContentBrowserFileDataSource
LogPluginManager: Mounting plugin OnlineSubsystemIOS
LogPluginManager: Mounting plugin OnlineSubsystemGooglePlay
LogPluginManager: Mounting plugin OculusOpenXR
PixWinPlugin: PIX capture plugin failed to initialize! Check that the process is launched from PIX.
LogInit: Using libcurl 7.55.1-DEV
LogInit:  - built for x86_64-pc-win32
LogInit:  - supports SSL with OpenSSL/1.1.1
LogInit:  - supports HTTP deflate (compression) using libz 1.2.8
LogInit:  - other features:
LogInit:      CURL_VERSION_SSL
LogInit:      CURL_VERSION_LIBZ
LogInit:      CURL_VERSION_IPV6
LogInit:      CURL_VERSION_ASYNCHDNS
LogInit:      CURL_VERSION_LARGEFILE
LogInit:      CURL_VERSION_IDN
LogInit:  CurlRequestOptions (configurable via config and command line):
LogInit:  - bVerifyPeer = true  - Libcurl will verify peer certificate
LogInit:  - bUseHttpProxy = false  - Libcurl will NOT use HTTP proxy
LogInit:  - bDontReuseConnections = false  - Libcurl will reuse connections
LogInit:  - MaxHostConnections = 16  - Libcurl will limit the number of connections to a host
LogInit:  - LocalHostAddr = Default
LogInit:  - BufferSize = 65536
LogOnline: OSS: Creating online subsystem instance for: NULL
LogInit: WinSock: version 1.1 (2.2), MaxSocks=32767, MaxUdp=65467
LogOnline: OSS: TryLoadSubsystemAndSetDefault: Loaded subsystem for module [NULL]
LogInit: Build: ++UE4+Release-4.27-CL-18319896
LogInit: Engine Version: 4.27.2-18319896+++UE4+Release-4.27
LogInit: Compatible Engine Version: 4.27.0-17155196+++UE4+Release-4.27
LogInit: Net CL: 17155196
LogInit: OS: Windows 10 (Release 2009) (), CPU: 11th Gen Intel(R) Core(TM) i7-11800H @ 2.30GHz, GPU: Intel(R) UHD Graphics
LogInit: Compiled (64-bit): Nov 30 2021 07:12:08
LogInit: Compiled with Visual C++: 19.24.28315.00
LogInit: Build Configuration: Development
LogInit: Branch Name: ++UE4+Release-4.27
LogInit: Command Line: 
LogInit: Base Directory: C:/Program Files/Epic Games/UE_4.27/Engine/Binaries/Win64/
LogInit: Allocator: TBB
LogInit: Installed Engine Build: 1
LogDevObjectVersion: Number of dev versions registered: 29
LogDevObjectVersion:   Dev-Blueprints (B0D832E4-1F89-4F0D-ACCF-7EB736FD4AA2): 10
LogDevObjectVersion:   Dev-Build (E1C64328-A22C-4D53-A36C-8E866417BD8C): 0
LogDevObjectVersion:   Dev-Core (375EC13C-06E4-48FB-B500-84F0262A717E): 4
LogDevObjectVersion:   Dev-Editor (E4B068ED-F494-42E9-A231-DA0B2E46BB41): 40
LogDevObjectVersion:   Dev-Framework (CFFC743F-43B0-4480-9391-14DF171D2073): 37
LogDevObjectVersion:   Dev-Mobile (B02B49B5-BB20-44E9-A304-32B752E40360): 3
LogDevObjectVersion:   Dev-Networking (A4E4105C-59A1-49B5-A7C5-40C4547EDFEE): 0
LogDevObjectVersion:   Dev-Online (39C831C9-5AE6-47DC-9A44-9C173E1C8E7C): 0
LogDevObjectVersion:   Dev-Physics (78F01B33-EBEA-4F98-B9B4-84EACCB95AA2): 14
LogDevObjectVersion:   Dev-Platform (6631380F-2D4D-43E0-8009-CF276956A95A): 0
LogDevObjectVersion:   Dev-Rendering (12F88B9F-8875-4AFC-A67C-D90C383ABD29): 45
LogDevObjectVersion:   Dev-Sequencer (7B5AE74C-D270-4C10-A958-57980B212A5A): 13
LogDevObjectVersion:   Dev-VR (D7296918-1DD6-4BDD-9DE2-64A83CC13884): 3
LogDevObjectVersion:   Dev-LoadTimes (C2A15278-BFE7-4AFE-6C17-90FF531DF755): 1
LogDevObjectVersion:   Private-Geometry (6EACA3D4-40EC-4CC1-B786-8BED09428FC5): 3
LogDevObjectVersion:   Dev-AnimPhys (29E575DD-E0A3-4627-9D10-D276232CDCEA): 17
LogDevObjectVersion:   Dev-Anim (AF43A65D-7FD3-4947-9873-3E8ED9C1BB05): 15
LogDevObjectVersion:   Dev-ReflectionCapture (6B266CEC-1EC7-4B8F-A30B-E4D90942FC07): 1
LogDevObjectVersion:   Dev-Automation (0DF73D61-A23F-47EA-B727-89E90C41499A): 1
LogDevObjectVersion:   FortniteMain (601D1886-AC64-4F84-AA16-D3DE0DEAC7D6): 47
LogDevObjectVersion:   FortniteRelease (E7086368-6B23-4C58-8439-1B7016265E91): 1
LogDevObjectVersion:   Dev-Enterprise (9DFFBCD6-494F-0158-E221-12823C92A888): 10
LogDevObjectVersion:   Dev-Niagara (F2AED0AC-9AFE-416F-8664-AA7FFA26D6FC): 1
LogDevObjectVersion:   Dev-Destruction (174F1F0B-B4C6-45A5-B13F-2EE8D0FB917D): 10
LogDevObjectVersion:   Dev-Physics-Ext (35F94A83-E258-406C-A318-09F59610247C): 41
LogDevObjectVersion:   Dev-PhysicsMaterial-Chaos (B68FC16E-8B1B-42E2-B453-215C058844FE): 1
LogDevObjectVersion:   Dev-CineCamera (B2E18506-4273-CFC2-A54E-F4BB758BBA07): 1
LogDevObjectVersion:   Dev-VirtualProduction (64F58936-FD1B-42BA-BA96-7289D5D0FA4E): 1
LogDevObjectVersion:   Dev-MediaFramework (6F0ED827-A609-4895-9C91-998D90180EA4): 2
LogInit: Presizing for max 25165824 objects, including 0 objects not considered by GC, pre-allocating 0 bytes for permanent pool.
LogConfig: Applying CVar settings from Section [/Script/Engine.StreamingSettings] File [C:/Users/AlisaDI/Documents/MephiTasks/UnrealProject/Saved/Config/Windows/Engine.ini]
LogConfig: Setting CVar [[s.MinBulkDataSizeForAsyncLoading:131072]]
LogConfig: Setting CVar [[s.AsyncLoadingThreadEnabled:0]]
LogConfig: Setting CVar [[s.EventDrivenLoaderEnabled:1]]
LogConfig: Setting CVar [[s.WarnIfTimeLimitExceeded:0]]
LogConfig: Setting CVar [[s.TimeLimitExceededMultiplier:1.5]]
LogConfig: Setting CVar [[s.TimeLimitExceededMinTime:0.005]]
LogConfig: Setting CVar [[s.UseBackgroundLevelStreaming:1]]
LogConfig: Setting CVar [[s.PriorityAsyncLoadingExtraTime:15.0]]
LogConfig: Setting CVar [[s.LevelStreamingActorsUpdateTimeLimit:5.0]]
LogConfig: Setting CVar [[s.PriorityLevelStreamingActorsUpdateExtraTime:5.0]]
LogConfig: Setting CVar [[s.LevelStreamingComponentsRegistrationGranularity:10]]
LogConfig: Setting CVar [[s.UnregisterComponentsTimeLimit:1.0]]
LogConfig: Setting CVar [[s.LevelStreamingComponentsUnregistrationGranularity:5]]
LogConfig: Setting CVar [[s.FlushStreamingOnExit:1]]
LogInit: Object subsystem initialized
LogConfig: Setting CVar [[con.DebugEarlyDefault:1]]
LogConfig: Setting CVar [[r.setres:1280x720]]
[2025.05.24-12.48.13:280][  0]LogConfig: Setting CVar [[r.VSync:0]]
[2025.05.24-12.48.13:280][  0]LogConfig: Setting CVar [[r.RHICmdBypass:0]]
[2025.05.24-12.48.13:280][  0]LogConfig: Applying CVar settings from Section [/Script/Engine.RendererSettings] File [C:/Users/AlisaDI/Documents/MephiTasks/UnrealProject/Saved/Config/Windows/Engine.ini]
[2025.05.24-12.48.13:280][  0]LogConfig: Setting CVar [[r.GPUCrashDebugging:0]]
[2025.05.24-12.48.13:280][  0]LogConfig: Setting CVar [[r.Mobile.DisableVertexFog:1]]
[2025.05.24-12.48.13:280][  0]LogConfig: Setting CVar [[r.Shadow.CSM.MaxMobileCascades:2]]
[2025.05.24-12.48.13:280][  0]LogConfig: Setting CVar [[r.MobileMSAA:4]]
[2025.05.24-12.48.13:280][  0]LogConfig: Setting CVar [[r.Mobile.AllowDitheredLODTransition:0]]
[2025.05.24-12.48.13:280][  0]LogConfig: Setting CVar [[r.Mobile.AllowSoftwareOcclusion:0]]
[2025.05.24-12.48.13:280][  0]LogConfig: Setting CVar [[r.Mobile.VirtualTextures:0]]
[2025.05.24-12.48.13:280][  0]LogConfig: Setting CVar [[r.DiscardUnusedQuality:0]]
[2025.05.24-12.48.13:280][  0]LogConfig: Setting CVar [[r.AllowOcclusionQueries:1]]
[2025.05.24-12.48.13:280][  0]LogConfig: Setting CVar [[r.MinScreenRadiusForLights:0.030000]]
[2025.05.24-12.48.13:280][  0]LogConfig: Setting CVar [[r.MinScreenRadiusForDepthPrepass:0.030000]]
[2025.05.24-12.48.13:280][  0]LogConfig: Setting CVar [[r.MinScreenRadiusForCSMDepth:0.010000]]
[2025.05.24-12.48.13:280][  0]LogConfig: Setting CVar [[r.PrecomputedVisibilityWarning:0]]
[2025.05.24-12.48.13:280][  0]LogConfig: Setting CVar [[r.TextureStreaming:1]]
[2025.05.24-12.48.13:280][  0]LogConfig: Setting CVar [[Compat.UseDXT5NormalMaps:0]]
[2025.05.24-12.48.13:280][  0]LogConfig: Setting CVar [[r.VirtualTextures:0]]
[2025.05.24-12.48.13:280][  0]LogConfig: Setting CVar [[r.VirtualTexturedLightmaps:0]]
[2025.05.24-12.48.13:280][  0]LogConfig: Setting CVar [[r.VT.TileSize:128]]
[2025.05.24-12.48.13:280][  0]LogConfig: Setting CVar [[r.VT.TileBorderSize:4]]
[2025.05.24-12.48.13:280][  0]LogConfig: Setting CVar [[r.vt.FeedbackFactor:16]]
[2025.05.24-12.48.13:280][  0]LogConfig: Setting CVar [[r.VT.EnableCompressZlib:1]]
[2025.05.24-12.48.13:280][  0]LogConfig: Setting CVar [[r.VT.EnableCompressCrunch:0]]
[2025.05.24-12.48.13:280][  0]LogConfig: Setting CVar [[r.ClearCoatNormal:0]]
[2025.05.24-12.48.13:280][  0]LogConfig: Setting CVar [[r.ReflectionCaptureResolution:128]]
[2025.05.24-12.48.13:280][  0]LogConfig: Setting CVar [[r.Mobile.ReflectionCaptureCompression:0]]
[2025.05.24-12.48.13:280][  0]LogConfig: Setting CVar [[r.ReflectionEnvironmentLightmapMixBasedOnRoughness:1]]
[2025.05.24-12.48.13:280][  0]LogConfig: Setting CVar [[r.ForwardShading:1]]
[2025.05.24-12.48.13:280][  0]LogConfig: Setting CVar [[r.VertexFoggingForOpaque:1]]
[2025.05.24-12.48.13:280][  0]LogConfig: Setting CVar [[r.AllowStaticLighting:1]]
[2025.05.24-12.48.13:280][  0]LogConfig: Setting CVar [[r.NormalMapsForStaticLighting:0]]
[2025.05.24-12.48.13:280][  0]LogConfig: Setting CVar [[r.GenerateMeshDistanceFields:0]]
[2025.05.24-12.48.13:280][  0]LogConfig: Setting CVar [[r.DistanceFieldBuild.EightBit:0]]
[2025.05.24-12.48.13:280][  0]LogConfig: Setting CVar [[r.GenerateLandscapeGIData:0]]
[2025.05.24-12.48.13:280][  0]LogConfig: Setting CVar [[r.DistanceFieldBuild.Compress:0]]
[2025.05.24-12.48.13:280][  0]LogConfig: Setting CVar [[r.TessellationAdaptivePixelsPerTriangle:48.000000]]
[2025.05.24-12.48.13:280][  0]LogConfig: Setting CVar [[r.SeparateTranslucency:0]]
[2025.05.24-12.48.13:280][  0]LogConfig: Setting CVar [[r.TranslucentSortPolicy:0]]
[2025.05.24-12.48.13:280][  0]LogConfig: Setting CVar [[r.CustomDepth:1]]
[2025.05.24-12.48.13:280][  0]LogConfig: Setting CVar [[r.CustomDepthTemporalAAJitter:1]]
[2025.05.24-12.48.13:280][  0]LogConfig: Setting CVar [[r.PostProcessing.PropagateAlpha:0]]
[2025.05.24-12.48.13:280][  0]LogConfig: Setting CVar [[r.DefaultFeature.Bloom:0]]
[2025.05.24-12.48.13:280][  0]LogConfig: Setting CVar [[r.DefaultFeature.AmbientOcclusion:0]]
[2025.05.24-12.48.13:280][  0]LogConfig: Setting CVar [[r.DefaultFeature.AmbientOcclusionStaticFraction:1]]
[2025.05.24-12.48.13:280][  0]LogConfig: Setting CVar [[r.DefaultFeature.AutoExposure:0]]
[2025.05.24-12.48.13:280][  0]LogConfig: Setting CVar [[r.DefaultFeature.AutoExposure.Method:0]]
[2025.05.24-12.48.13:280][  0]LogConfig: Setting CVar [[r.DefaultFeature.AutoExposure.Bias:1.000000]]
[2025.05.24-12.48.13:280][  0]LogConfig: Setting CVar [[r.DefaultFeature.AutoExposure.ExtendDefaultLuminanceRange:1]]
[2025.05.24-12.48.13:280][  0]LogConfig: Setting CVar [[r.UsePreExposure:1]]
[2025.05.24-12.48.13:280][  0]LogConfig: Setting CVar [[r.EyeAdaptation.EditorOnly:0]]
[2025.05.24-12.48.13:280][  0]LogConfig: Setting CVar [[r.DefaultFeature.MotionBlur:0]]
[2025.05.24-12.48.13:280][  0]LogConfig: Setting CVar [[r.DefaultFeature.LensFlare:0]]
[2025.05.24-12.48.13:280][  0]LogConfig: Setting CVar [[r.TemporalAA.Upsampling:0]]
[2025.05.24-12.48.13:280][  0]LogConfig: Setting CVar [[r.SSGI.Enable:0]]
[2025.05.24-12.48.13:280][  0]LogConfig: Setting CVar [[r.DefaultFeature.AntiAliasing:3]]
[2025.05.24-12.48.13:280][  0]LogConfig: Setting CVar [[r.DefaultFeature.LightUnits:1]]
[2025.05.24-12.48.13:280][  0]LogConfig: Setting CVar [[r.DefaultBackBufferPixelFormat:4]]
[2025.05.24-12.48.13:280][  0]LogConfig: Setting CVar [[r.Shadow.UnbuiltPreviewInGame:1]]
[2025.05.24-12.48.13:281][  0]LogConfig: Setting CVar [[r.StencilForLODDither:0]]
[2025.05.24-12.48.13:281][  0]LogConfig: Setting CVar [[r.EarlyZPass:3]]
[2025.05.24-12.48.13:281][  0]LogConfig: Setting CVar [[r.EarlyZPassOnlyMaterialMasking:0]]
[2025.05.24-12.48.13:281][  0]LogConfig: Setting CVar [[r.DBuffer:1]]
[2025.05.24-12.48.13:281][  0]LogConfig: Setting CVar [[r.ClearSceneMethod:1]]
[2025.05.24-12.48.13:281][  0]LogConfig: Setting CVar [[r.BasePassOutputsVelocity:0]]
[2025.05.24-12.48.13:281][  0]LogConfig: Setting CVar [[r.VertexDeformationOutputsVelocity:0]]
[2025.05.24-12.48.13:281][  0]LogConfig: Setting CVar [[r.SelectiveBasePassOutputs:0]]
[2025.05.24-12.48.13:281][  0]LogConfig: Setting CVar [[fx.GPUSimulationTextureSizeX:1024]]
[2025.05.24-12.48.13:281][  0]LogConfig: Setting CVar [[fx.GPUSimulationTextureSizeY:1024]]
[2025.05.24-12.48.13:281][  0]LogConfig: Setting CVar [[r.AllowGlobalClipPlane:0]]
[2025.05.24-12.48.13:281][  0]LogConfig: Setting CVar [[r.GBufferFormat:1]]
[2025.05.24-12.48.13:281][  0]LogConfig: Setting CVar [[r.MorphTarget.Mode:1]]
[2025.05.24-12.48.13:281][  0]LogConfig: Setting CVar [[vr.InstancedStereo:1]]
[2025.05.24-12.48.13:281][  0]LogConfig: Setting CVar [[r.MobileHDR:0]]
[2025.05.24-12.48.13:281][  0]LogConfig: Setting CVar [[vr.MobileMultiView:1]]
[2025.05.24-12.48.13:281][  0]LogConfig: Setting CVar [[r.Mobile.UseHWsRGBEncoding:1]]
[2025.05.24-12.48.13:281][  0]LogConfig: Setting CVar [[vr.RoundRobinOcclusion:0]]
[2025.05.24-12.48.13:281][  0]LogConfig: Setting CVar [[vr.ODSCapture:0]]
[2025.05.24-12.48.13:281][  0]LogConfig: Setting CVar [[r.MeshStreaming:0]]
[2025.05.24-12.48.13:281][  0]LogConfig: Setting CVar [[r.WireframeCullThreshold:5.000000]]
[2025.05.24-12.48.13:281][  0]LogConfig: Setting CVar [[r.RayTracing:0]]
[2025.05.24-12.48.13:281][  0]LogConfig: Setting CVar [[r.RayTracing.UseTextureLod:0]]
[2025.05.24-12.48.13:281][  0]LogConfig: Setting CVar [[r.SupportStationarySkylight:1]]
[2025.05.24-12.48.13:281][  0]LogConfig: Setting CVar [[r.SupportLowQualityLightmaps:1]]
[2025.05.24-12.48.13:281][  0]LogConfig: Setting CVar [[r.SupportPointLightWholeSceneShadows:1]]
[2025.05.24-12.48.13:281][  0]LogConfig: Setting CVar [[r.SupportAtmosphericFog:1]]
[2025.05.24-12.48.13:281][  0]LogConfig: Setting CVar [[r.SupportSkyAtmosphere:1]]
[2025.05.24-12.48.13:281][  0]LogConfig: Setting CVar [[r.SupportSkyAtmosphereAffectsHeightFog:0]]
[2025.05.24-12.48.13:281][  0]LogConfig: Setting CVar [[r.SkinCache.CompileShaders:0]]
[2025.05.24-12.48.13:281][  0]LogConfig: Setting CVar [[r.SkinCache.DefaultBehavior:1]]
[2025.05.24-12.48.13:281][  0]LogConfig: Setting CVar [[r.SkinCache.SceneMemoryLimitInMB:128.000000]]
[2025.05.24-12.48.13:281][  0]LogConfig: Setting CVar [[r.Mobile.EnableStaticAndCSMShadowReceivers:1]]
[2025.05.24-12.48.13:281][  0]LogConfig: Setting CVar [[r.Mobile.EnableMovableLightCSMShaderCulling:1]]
[2025.05.24-12.48.13:281][  0]LogConfig: Setting CVar [[r.Mobile.AllowDistanceFieldShadows:1]]
[2025.05.24-12.48.13:281][  0]LogConfig: Setting CVar [[r.Mobile.AllowMovableDirectionalLights:1]]
[2025.05.24-12.48.13:281][  0]LogConfig: Setting CVar [[r.MobileNumDynamicPointLights:4]]
[2025.05.24-12.48.13:281][  0]LogConfig: Setting CVar [[r.MobileDynamicPointLightsUseStaticBranch:1]]
[2025.05.24-12.48.13:281][  0]LogConfig: Setting CVar [[r.Mobile.EnableMovableSpotlights:0]]
[2025.05.24-12.48.13:281][  0]LogConfig: Setting CVar [[r.Mobile.EnableMovableSpotlightsShadow:0]]
[2025.05.24-12.48.13:281][  0]LogConfig: Setting CVar [[r.GPUSkin.Support16BitBoneIndex:0]]
[2025.05.24-12.48.13:281][  0]LogConfig: Setting CVar [[r.GPUSkin.Limit2BoneInfluences:0]]
[2025.05.24-12.48.13:281][  0]LogConfig: Setting CVar [[r.SupportDepthOnlyIndexBuffers:1]]
[2025.05.24-12.48.13:281][  0]LogConfig: Setting CVar [[r.SupportReversedIndexBuffers:1]]
[2025.05.24-12.48.13:281][  0]LogConfig: Setting CVar [[r.LightPropagationVolume:0]]
[2025.05.24-12.48.13:281][  0]LogConfig: Setting CVar [[r.Mobile.AmbientOcclusion:0]]
[2025.05.24-12.48.13:281][  0]LogConfig: Setting CVar [[r.GPUSkin.UnlimitedBoneInfluences:0]]
[2025.05.24-12.48.13:281][  0]LogConfig: Setting CVar [[r.GPUSkin.UnlimitedBoneInfluencesThreshold:8]]
[2025.05.24-12.48.13:281][  0]LogConfig: Setting CVar [[r.Mobile.PlanarReflectionMode:0]]
[2025.05.24-12.48.13:281][  0]LogConfig: Setting CVar [[r.Mobile.SupportGPUScene:1]]
[2025.05.24-12.48.13:281][  0]LogConfig: Applying CVar settings from Section [/Script/Engine.RendererOverrideSettings] File [C:/Users/AlisaDI/Documents/MephiTasks/UnrealProject/Saved/Config/Windows/Engine.ini]
[2025.05.24-12.48.13:281][  0]LogConfig: Applying CVar settings from Section [/Script/Engine.StreamingSettings] File [C:/Users/AlisaDI/Documents/MephiTasks/UnrealProject/Saved/Config/Windows/Engine.ini]
[2025.05.24-12.48.13:281][  0]LogConfig: Setting CVar [[s.MinBulkDataSizeForAsyncLoading:131072]]
[2025.05.24-12.48.13:281][  0]LogConfig: Setting CVar [[s.AsyncLoadingThreadEnabled:0]]
[2025.05.24-12.48.13:281][  0]LogConfig: Setting CVar [[s.EventDrivenLoaderEnabled:1]]
[2025.05.24-12.48.13:281][  0]LogConfig: Setting CVar [[s.WarnIfTimeLimitExceeded:0]]
[2025.05.24-12.48.13:281][  0]LogConfig: Setting CVar [[s.TimeLimitExceededMultiplier:1.5]]
[2025.05.24-12.48.13:281][  0]LogConfig: Setting CVar [[s.TimeLimitExceededMinTime:0.005]]
[2025.05.24-12.48.13:281][  0]LogConfig: Setting CVar [[s.UseBackgroundLevelStreaming:1]]
[2025.05.24-12.48.13:281][  0]LogConfig: Setting CVar [[s.PriorityAsyncLoadingExtraTime:15.0]]
[2025.05.24-12.48.13:281][  0]LogConfig: Setting CVar [[s.LevelStreamingActorsUpdateTimeLimit:5.0]]
[2025.05.24-12.48.13:281][  0]LogConfig: Setting CVar [[s.PriorityLevelStreamingActorsUpdateExtraTime:5.0]]
[2025.05.24-12.48.13:281][  0]LogConfig: Setting CVar [[s.LevelStreamingComponentsRegistrationGranularity:10]]
[2025.05.24-12.48.13:281][  0]LogConfig: Setting CVar [[s.UnregisterComponentsTimeLimit:1.0]]
[2025.05.24-12.48.13:281][  0]LogConfig: Setting CVar [[s.LevelStreamingComponentsUnregistrationGranularity:5]]
[2025.05.24-12.48.13:281][  0]LogConfig: Setting CVar [[s.FlushStreamingOnExit:1]]
[2025.05.24-12.48.13:281][  0]LogConfig: Applying CVar settings from Section [/Script/Engine.GarbageCollectionSettings] File [C:/Users/AlisaDI/Documents/MephiTasks/UnrealProject/Saved/Config/Windows/Engine.ini]
[2025.05.24-12.48.13:281][  0]LogConfig: Setting CVar [[gc.MaxObjectsNotConsideredByGC:1]]
[2025.05.24-12.48.13:281][  0]LogConfig: Setting CVar [[gc.SizeOfPermanentObjectPool:0]]
[2025.05.24-12.48.13:281][  0]LogConfig: Setting CVar [[gc.FlushStreamingOnGC:0]]
[2025.05.24-12.48.13:281][  0]LogConfig: Setting CVar [[gc.NumRetriesBeforeForcingGC:10]]
[2025.05.24-12.48.13:281][  0]LogConfig: Setting CVar [[gc.AllowParallelGC:1]]
[2025.05.24-12.48.13:281][  0]LogConfig: Setting CVar [[gc.TimeBetweenPurgingPendingKillObjects:61.1]]
[2025.05.24-12.48.13:281][  0]LogConfig: Setting CVar [[gc.MaxObjectsInEditor:25165824]]
[2025.05.24-12.48.13:281][  0]LogConfig: Setting CVar [[gc.IncrementalBeginDestroyEnabled:1]]
[2025.05.24-12.48.13:281][  0]LogConfig: Setting CVar [[gc.CreateGCClusters:1]]
[2025.05.24-12.48.13:281][  0]LogConfig: Setting CVar [[gc.MinGCClusterSize:5]]
[2025.05.24-12.48.13:281][  0]LogConfig: Setting CVar [[gc.ActorClusteringEnabled:0]]
[2025.05.24-12.48.13:281][  0]LogConfig: Setting CVar [[gc.BlueprintClusteringEnabled:0]]
[2025.05.24-12.48.13:281][  0]LogConfig: Setting CVar [[gc.UseDisregardForGCOnDedicatedServers:0]]
[2025.05.24-12.48.13:281][  0]LogConfig: Setting CVar [[gc.MultithreadedDestructionEnabled:1]]
[2025.05.24-12.48.13:281][  0]LogConfig: Applying CVar settings from Section [/Script/Engine.NetworkSettings] File [C:/Users/AlisaDI/Documents/MephiTasks/UnrealProject/Saved/Config/Windows/Engine.ini]
[2025.05.24-12.48.13:281][  0]LogConfig: Applying CVar settings from Section [/Script/UnrealEd.CookerSettings] File [C:/Users/AlisaDI/Documents/MephiTasks/UnrealProject/Saved/Config/Windows/Engine.ini]
[2025.05.24-12.48.13:307][  0]LogConfig: Applying CVar settings from Section [ViewDistanceQuality@3] File [C:/Users/AlisaDI/Documents/MephiTasks/UnrealProject/Saved/Config/Windows/Scalability.ini]
[2025.05.24-12.48.13:307][  0]LogConfig: Setting CVar [[r.SkeletalMeshLODBias:0]]
[2025.05.24-12.48.13:307][  0]LogConfig: Setting CVar [[r.ViewDistanceScale:1.0]]
[2025.05.24-12.48.13:307][  0]LogConfig: Applying CVar settings from Section [AntiAliasingQuality@3] File [C:/Users/AlisaDI/Documents/MephiTasks/UnrealProject/Saved/Config/Windows/Scalability.ini]
[2025.05.24-12.48.13:307][  0]LogConfig: Setting CVar [[r.PostProcessAAQuality:4]]
[2025.05.24-12.48.13:307][  0]LogConfig: Applying CVar settings from Section [ShadowQuality@3] File [C:/Users/AlisaDI/Documents/MephiTasks/UnrealProject/Saved/Config/Windows/Scalability.ini]
[2025.05.24-12.48.13:307][  0]LogConfig: Setting CVar [[r.LightFunctionQuality:1]]
[2025.05.24-12.48.13:307][  0]LogConfig: Setting CVar [[r.ShadowQuality:5]]
[2025.05.24-12.48.13:307][  0]LogConfig: Setting CVar [[r.Shadow.CSM.MaxCascades:10]]
[2025.05.24-12.48.13:307][  0]LogConfig: Setting CVar [[r.Shadow.MaxResolution:2048]]
[2025.05.24-12.48.13:307][  0]LogConfig: Setting CVar [[r.Shadow.MaxCSMResolution:2048]]
[2025.05.24-12.48.13:307][  0]LogConfig: Setting CVar [[r.Shadow.RadiusThreshold:0.01]]
[2025.05.24-12.48.13:307][  0]LogConfig: Setting CVar [[r.Shadow.DistanceScale:1.0]]
[2025.05.24-12.48.13:307][  0]LogConfig: Setting CVar [[r.Shadow.CSM.TransitionScale:1.0]]
[2025.05.24-12.48.13:307][  0]LogConfig: Setting CVar [[r.Shadow.PreShadowResolutionFactor:1.0]]
[2025.05.24-12.48.13:307][  0]LogConfig: Setting CVar [[r.DistanceFieldShadowing:1]]
[2025.05.24-12.48.13:307][  0]LogConfig: Setting CVar [[r.DistanceFieldAO:1]]
[2025.05.24-12.48.13:307][  0]LogConfig: Setting CVar [[r.AOQuality:2]]
[2025.05.24-12.48.13:307][  0]LogConfig: Setting CVar [[r.VolumetricFog:1]]
[2025.05.24-12.48.13:307][  0]LogConfig: Setting CVar [[r.VolumetricFog.GridPixelSize:8]]
[2025.05.24-12.48.13:307][  0]LogConfig: Setting CVar [[r.VolumetricFog.GridSizeZ:128]]
[2025.05.24-12.48.13:307][  0]LogConfig: Setting CVar [[r.VolumetricFog.HistoryMissSupersampleCount:4]]
[2025.05.24-12.48.13:307][  0]LogConfig: Setting CVar [[r.LightMaxDrawDistanceScale:1]]
[2025.05.24-12.48.13:307][  0]LogConfig: Setting CVar [[r.CapsuleShadows:1]]
[2025.05.24-12.48.13:307][  0]LogConfig: Applying CVar settings from Section [PostProcessQuality@3] File [C:/Users/AlisaDI/Documents/MephiTasks/UnrealProject/Saved/Config/Windows/Scalability.ini]
[2025.05.24-12.48.13:307][  0]LogConfig: Setting CVar [[r.MotionBlurQuality:4]]
[2025.05.24-12.48.13:307][  0]LogConfig: Setting CVar [[r.AmbientOcclusionMipLevelFactor:0.4]]
[2025.05.24-12.48.13:307][  0]LogConfig: Setting CVar [[r.AmbientOcclusionMaxQuality:100]]
[2025.05.24-12.48.13:307][  0]LogConfig: Setting CVar [[r.AmbientOcclusionLevels:-1]]
[2025.05.24-12.48.13:307][  0]LogConfig: Setting CVar [[r.AmbientOcclusionRadiusScale:1.0]]
[2025.05.24-12.48.13:307][  0]LogConfig: Setting CVar [[r.DepthOfFieldQuality:2]]
[2025.05.24-12.48.13:307][  0]LogConfig: Setting CVar [[r.RenderTargetPoolMin:400]]
[2025.05.24-12.48.13:307][  0]LogConfig: Setting CVar [[r.LensFlareQuality:2]]
[2025.05.24-12.48.13:307][  0]LogConfig: Setting CVar [[r.SceneColorFringeQuality:1]]
[2025.05.24-12.48.13:307][  0]LogConfig: Setting CVar [[r.EyeAdaptationQuality:2]]
[2025.05.24-12.48.13:307][  0]LogConfig: Setting CVar [[r.BloomQuality:5]]
[2025.05.24-12.48.13:307][  0]LogConfig: Setting CVar [[r.FastBlurThreshold:100]]
[2025.05.24-12.48.13:307][  0]LogConfig: Setting CVar [[r.Upscale.Quality:3]]
[2025.05.24-12.48.13:307][  0]LogConfig: Setting CVar [[r.Tonemapper.GrainQuantization:1]]
[2025.05.24-12.48.13:307][  0]LogConfig: Setting CVar [[r.LightShaftQuality:1]]
[2025.05.24-12.48.13:307][  0]LogConfig: Setting CVar [[r.Filter.SizeScale:1]]
[2025.05.24-12.48.13:307][  0]LogConfig: Setting CVar [[r.Tonemapper.Quality:5]]
[2025.05.24-12.48.13:307][  0]LogConfig: Setting CVar [[r.DOF.Gather.AccumulatorQuality:1        ; higher gathering accumulator quality]]
[2025.05.24-12.48.13:307][  0]LogConfig: Setting CVar [[r.DOF.Gather.PostfilterMethod:1          ; Median3x3 postfilering method]]
[2025.05.24-12.48.13:307][  0]LogConfig: Setting CVar [[r.DOF.Gather.EnableBokehSettings:0       ; no bokeh simulation when gathering]]
[2025.05.24-12.48.13:307][  0]LogConfig: Setting CVar [[r.DOF.Gather.RingCount:4                 ; medium number of samples when gathering]]
[2025.05.24-12.48.13:307][  0]LogConfig: Setting CVar [[r.DOF.Scatter.ForegroundCompositing:1    ; additive foreground scattering]]
[2025.05.24-12.48.13:307][  0]LogConfig: Setting CVar [[r.DOF.Scatter.BackgroundCompositing:2    ; additive background scattering]]
[2025.05.24-12.48.13:307][  0]LogConfig: Setting CVar [[r.DOF.Scatter.EnableBokehSettings:1      ; bokeh simulation when scattering]]
[2025.05.24-12.48.13:307][  0]LogConfig: Setting CVar [[r.DOF.Scatter.MaxSpriteRatio:0.1         ; only a maximum of 10% of scattered bokeh]]
[2025.05.24-12.48.13:307][  0]LogConfig: Setting CVar [[r.DOF.Recombine.Quality:1                ; cheap slight out of focus]]
[2025.05.24-12.48.13:307][  0]LogConfig: Setting CVar [[r.DOF.Recombine.EnableBokehSettings:0    ; no bokeh simulation on slight out of focus]]
[2025.05.24-12.48.13:307][  0]LogConfig: Setting CVar [[r.DOF.TemporalAAQuality:1                ; more stable temporal accumulation]]
[2025.05.24-12.48.13:307][  0]LogConfig: Setting CVar [[r.DOF.Kernel.MaxForegroundRadius:0.025]]
[2025.05.24-12.48.13:308][  0]LogConfig: Setting CVar [[r.DOF.Kernel.MaxBackgroundRadius:0.025]]
[2025.05.24-12.48.13:308][  0]LogConfig: Applying CVar settings from Section [TextureQuality@3] File [C:/Users/AlisaDI/Documents/MephiTasks/UnrealProject/Saved/Config/Windows/Scalability.ini]
[2025.05.24-12.48.13:308][  0]LogConfig: Setting CVar [[r.Streaming.MipBias:0]]
[2025.05.24-12.48.13:308][  0]LogConfig: Setting CVar [[r.Streaming.AmortizeCPUToGPUCopy:0]]
[2025.05.24-12.48.13:308][  0]LogConfig: Setting CVar [[r.Streaming.MaxNumTexturesToStreamPerFrame:0]]
[2025.05.24-12.48.13:308][  0]LogConfig: Setting CVar [[r.Streaming.Boost:1]]
[2025.05.24-12.48.13:308][  0]LogConfig: Setting CVar [[r.MaxAnisotropy:8]]
[2025.05.24-12.48.13:308][  0]LogConfig: Setting CVar [[r.VT.MaxAnisotropy:8]]
[2025.05.24-12.48.13:308][  0]LogConfig: Setting CVar [[r.Streaming.LimitPoolSizeToVRAM:0]]
[2025.05.24-12.48.13:308][  0]LogConfig: Setting CVar [[r.Streaming.PoolSize:1000]]
[2025.05.24-12.48.13:308][  0]LogConfig: Setting CVar [[r.Streaming.MaxEffectiveScreenSize:0]]
[2025.05.24-12.48.13:308][  0]LogConfig: Applying CVar settings from Section [EffectsQuality@3] File [C:/Users/AlisaDI/Documents/MephiTasks/UnrealProject/Saved/Config/Windows/Scalability.ini]
[2025.05.24-12.48.13:308][  0]LogConfig: Setting CVar [[r.TranslucencyLightingVolumeDim:64]]
[2025.05.24-12.48.13:308][  0]LogConfig: Setting CVar [[r.RefractionQuality:2]]
[2025.05.24-12.48.13:308][  0]LogConfig: Setting CVar [[r.SSR.Quality:3]]
[2025.05.24-12.48.13:308][  0]LogConfig: Setting CVar [[r.SSR.HalfResSceneColor:0]]
[2025.05.24-12.48.13:308][  0]LogConfig: Setting CVar [[r.SceneColorFormat:4]]
[2025.05.24-12.48.13:308][  0]LogConfig: Setting CVar [[r.DetailMode:2]]
[2025.05.24-12.48.13:308][  0]LogConfig: Setting CVar [[r.TranslucencyVolumeBlur:1]]
[2025.05.24-12.48.13:308][  0]LogConfig: Setting CVar [[r.MaterialQualityLevel:1 ; High quality]]
[2025.05.24-12.48.13:308][  0]LogConfig: Setting CVar [[r.AnisotropicMaterials:1]]
[2025.05.24-12.48.13:308][  0]LogConfig: Setting CVar [[r.SSS.Scale:1]]
[2025.05.24-12.48.13:308][  0]LogConfig: Setting CVar [[r.SSS.SampleSet:2]]
[2025.05.24-12.48.13:308][  0]LogConfig: Setting CVar [[r.SSS.Quality:1]]
[2025.05.24-12.48.13:308][  0]LogConfig: Setting CVar [[r.SSS.HalfRes:0]]
[2025.05.24-12.48.13:308][  0]LogConfig: Setting CVar [[r.SSGI.Quality:3]]
[2025.05.24-12.48.13:308][  0]LogConfig: Setting CVar [[r.EmitterSpawnRateScale:1.0]]
[2025.05.24-12.48.13:308][  0]LogConfig: Setting CVar [[r.ParticleLightQuality:2]]
[2025.05.24-12.48.13:308][  0]LogConfig: Setting CVar [[r.SkyAtmosphere.AerialPerspectiveLUT.FastApplyOnOpaque:1 ; Always have FastSkyLUT 1 in this case to avoid wrong sky]]
[2025.05.24-12.48.13:308][  0]LogConfig: Setting CVar [[r.SkyAtmosphere.AerialPerspectiveLUT.SampleCountMaxPerSlice:4]]
[2025.05.24-12.48.13:308][  0]LogConfig: Setting CVar [[r.SkyAtmosphere.AerialPerspectiveLUT.DepthResolution:16.0]]
[2025.05.24-12.48.13:308][  0]LogConfig: Setting CVar [[r.SkyAtmosphere.FastSkyLUT:1]]
[2025.05.24-12.48.13:308][  0]LogConfig: Setting CVar [[r.SkyAtmosphere.FastSkyLUT.SampleCountMin:4.0]]
[2025.05.24-12.48.13:308][  0]LogConfig: Setting CVar [[r.SkyAtmosphere.FastSkyLUT.SampleCountMax:128.0]]
[2025.05.24-12.48.13:308][  0]LogConfig: Setting CVar [[r.SkyAtmosphere.SampleCountMin:4.0]]
[2025.05.24-12.48.13:308][  0]LogConfig: Setting CVar [[r.SkyAtmosphere.SampleCountMax:128.0]]
[2025.05.24-12.48.13:308][  0]LogConfig: Setting CVar [[r.SkyAtmosphere.TransmittanceLUT.UseSmallFormat:0]]
[2025.05.24-12.48.13:308][  0]LogConfig: Setting CVar [[r.SkyAtmosphere.TransmittanceLUT.SampleCount:10.0]]
[2025.05.24-12.48.13:308][  0]LogConfig: Setting CVar [[r.SkyAtmosphere.MultiScatteringLUT.SampleCount:15.0]]
[2025.05.24-12.48.13:308][  0]LogConfig: Setting CVar [[r.SkyLight.RealTimeReflectionCapture:1]]
[2025.05.24-12.48.13:308][  0]LogConfig: Applying CVar settings from Section [FoliageQuality@3] File [C:/Users/AlisaDI/Documents/MephiTasks/UnrealProject/Saved/Config/Windows/Scalability.ini]
[2025.05.24-12.48.13:308][  0]LogConfig: Setting CVar [[foliage.DensityScale:1.0]]
[2025.05.24-12.48.13:308][  0]LogConfig: Setting CVar [[grass.DensityScale:1.0]]
[2025.05.24-12.48.13:308][  0]LogConfig: Applying CVar settings from Section [ShadingQuality@3] File [C:/Users/AlisaDI/Documents/MephiTasks/UnrealProject/Saved/Config/Windows/Scalability.ini]
[2025.05.24-12.48.13:308][  0]LogConfig: Setting CVar [[r.HairStrands.SkyLighting.IntegrationType:2]]
[2025.05.24-12.48.13:308][  0]LogConfig: Setting CVar [[r.HairStrands.SkyAO.SampleCount:4]]
[2025.05.24-12.48.13:308][  0]LogConfig: Setting CVar [[r.HairStrands.Visibility.MSAA.SamplePerPixel:4]]
[2025.05.24-12.48.13:308][  0]LogInit: Selected Device Profile: [Windows]
[2025.05.24-12.48.13:308][  0]LogInit: Applying CVar settings loaded from the selected device profile: [Windows]
[2025.05.24-12.48.13:308][  0]LogHAL: Display: Platform has ~ 32 GB [34046742528 / 34359738368 / 32], which maps to Largest [LargestMinGB=32, LargerMinGB=12, DefaultMinGB=8, SmallerMinGB=6, SmallestMinGB=0)
[2025.05.24-12.48.13:308][  0]LogInit: Going up to parent DeviceProfile []
[2025.05.24-12.48.13:308][  0]LogConfig: Applying CVar settings from Section [ViewDistanceQuality@3] File [C:/Users/AlisaDI/Documents/MephiTasks/UnrealProject/Saved/Config/Windows/Scalability.ini]
[2025.05.24-12.48.13:308][  0]LogConfig: Setting CVar [[r.SkeletalMeshLODBias:0]]
[2025.05.24-12.48.13:308][  0]LogConfig: Setting CVar [[r.ViewDistanceScale:1.0]]
[2025.05.24-12.48.13:308][  0]LogConfig: Applying CVar settings from Section [AntiAliasingQuality@3] File [C:/Users/AlisaDI/Documents/MephiTasks/UnrealProject/Saved/Config/Windows/Scalability.ini]
[2025.05.24-12.48.13:308][  0]LogConfig: Setting CVar [[r.PostProcessAAQuality:4]]
[2025.05.24-12.48.13:308][  0]LogConfig: Applying CVar settings from Section [ShadowQuality@3] File [C:/Users/AlisaDI/Documents/MephiTasks/UnrealProject/Saved/Config/Windows/Scalability.ini]
[2025.05.24-12.48.13:308][  0]LogConfig: Setting CVar [[r.LightFunctionQuality:1]]
[2025.05.24-12.48.13:308][  0]LogConfig: Setting CVar [[r.ShadowQuality:5]]
[2025.05.24-12.48.13:308][  0]LogConfig: Setting CVar [[r.Shadow.CSM.MaxCascades:10]]
[2025.05.24-12.48.13:308][  0]LogConfig: Setting CVar [[r.Shadow.MaxResolution:2048]]
[2025.05.24-12.48.13:308][  0]LogConfig: Setting CVar [[r.Shadow.MaxCSMResolution:2048]]
[2025.05.24-12.48.13:308][  0]LogConfig: Setting CVar [[r.Shadow.RadiusThreshold:0.01]]
[2025.05.24-12.48.13:308][  0]LogConfig: Setting CVar [[r.Shadow.DistanceScale:1.0]]
[2025.05.24-12.48.13:308][  0]LogConfig: Setting CVar [[r.Shadow.CSM.TransitionScale:1.0]]
[2025.05.24-12.48.13:308][  0]LogConfig: Setting CVar [[r.Shadow.PreShadowResolutionFactor:1.0]]
[2025.05.24-12.48.13:308][  0]LogConfig: Setting CVar [[r.DistanceFieldShadowing:1]]
[2025.05.24-12.48.13:308][  0]LogConfig: Setting CVar [[r.DistanceFieldAO:1]]
[2025.05.24-12.48.13:308][  0]LogConfig: Setting CVar [[r.AOQuality:2]]
[2025.05.24-12.48.13:308][  0]LogConfig: Setting CVar [[r.VolumetricFog:1]]
[2025.05.24-12.48.13:308][  0]LogConfig: Setting CVar [[r.VolumetricFog.GridPixelSize:8]]
[2025.05.24-12.48.13:308][  0]LogConfig: Setting CVar [[r.VolumetricFog.GridSizeZ:128]]
[2025.05.24-12.48.13:308][  0]LogConfig: Setting CVar [[r.VolumetricFog.HistoryMissSupersampleCount:4]]
[2025.05.24-12.48.13:308][  0]LogConfig: Setting CVar [[r.LightMaxDrawDistanceScale:1]]
[2025.05.24-12.48.13:308][  0]LogConfig: Setting CVar [[r.CapsuleShadows:1]]
[2025.05.24-12.48.13:308][  0]LogConfig: Applying CVar settings from Section [PostProcessQuality@3] File [C:/Users/AlisaDI/Documents/MephiTasks/UnrealProject/Saved/Config/Windows/Scalability.ini]
[2025.05.24-12.48.13:308][  0]LogConfig: Setting CVar [[r.MotionBlurQuality:4]]
[2025.05.24-12.48.13:308][  0]LogConfig: Setting CVar [[r.AmbientOcclusionMipLevelFactor:0.4]]
[2025.05.24-12.48.13:308][  0]LogConfig: Setting CVar [[r.AmbientOcclusionMaxQuality:100]]
[2025.05.24-12.48.13:308][  0]LogConfig: Setting CVar [[r.AmbientOcclusionLevels:-1]]
[2025.05.24-12.48.13:308][  0]LogConfig: Setting CVar [[r.AmbientOcclusionRadiusScale:1.0]]
[2025.05.24-12.48.13:308][  0]LogConfig: Setting CVar [[r.DepthOfFieldQuality:2]]
[2025.05.24-12.48.13:308][  0]LogConfig: Setting CVar [[r.RenderTargetPoolMin:400]]
[2025.05.24-12.48.13:308][  0]LogConfig: Setting CVar [[r.LensFlareQuality:2]]
[2025.05.24-12.48.13:308][  0]LogConfig: Setting CVar [[r.SceneColorFringeQuality:1]]
[2025.05.24-12.48.13:308][  0]LogConfig: Setting CVar [[r.EyeAdaptationQuality:2]]
[2025.05.24-12.48.13:308][  0]LogConfig: Setting CVar [[r.BloomQuality:5]]
[2025.05.24-12.48.13:308][  0]LogConfig: Setting CVar [[r.FastBlurThreshold:100]]
[2025.05.24-12.48.13:308][  0]LogConfig: Setting CVar [[r.Upscale.Quality:3]]
[2025.05.24-12.48.13:308][  0]LogConfig: Setting CVar [[r.Tonemapper.GrainQuantization:1]]
[2025.05.24-12.48.13:308][  0]LogConfig: Setting CVar [[r.LightShaftQuality:1]]
[2025.05.24-12.48.13:309][  0]LogConfig: Setting CVar [[r.Filter.SizeScale:1]]
[2025.05.24-12.48.13:309][  0]LogConfig: Setting CVar [[r.Tonemapper.Quality:5]]
[2025.05.24-12.48.13:309][  0]LogConfig: Setting CVar [[r.DOF.Gather.AccumulatorQuality:1        ; higher gathering accumulator quality]]
[2025.05.24-12.48.13:309][  0]LogConfig: Setting CVar [[r.DOF.Gather.PostfilterMethod:1          ; Median3x3 postfilering method]]
[2025.05.24-12.48.13:309][  0]LogConfig: Setting CVar [[r.DOF.Gather.EnableBokehSettings:0       ; no bokeh simulation when gathering]]
[2025.05.24-12.48.13:309][  0]LogConfig: Setting CVar [[r.DOF.Gather.RingCount:4                 ; medium number of samples when gathering]]
[2025.05.24-12.48.13:309][  0]LogConfig: Setting CVar [[r.DOF.Scatter.ForegroundCompositing:1    ; additive foreground scattering]]
[2025.05.24-12.48.13:309][  0]LogConfig: Setting CVar [[r.DOF.Scatter.BackgroundCompositing:2    ; additive background scattering]]
[2025.05.24-12.48.13:309][  0]LogConfig: Setting CVar [[r.DOF.Scatter.EnableBokehSettings:1      ; bokeh simulation when scattering]]
[2025.05.24-12.48.13:309][  0]LogConfig: Setting CVar [[r.DOF.Scatter.MaxSpriteRatio:0.1         ; only a maximum of 10% of scattered bokeh]]
[2025.05.24-12.48.13:309][  0]LogConfig: Setting CVar [[r.DOF.Recombine.Quality:1                ; cheap slight out of focus]]
[2025.05.24-12.48.13:309][  0]LogConfig: Setting CVar [[r.DOF.Recombine.EnableBokehSettings:0    ; no bokeh simulation on slight out of focus]]
[2025.05.24-12.48.13:309][  0]LogConfig: Setting CVar [[r.DOF.TemporalAAQuality:1                ; more stable temporal accumulation]]
[2025.05.24-12.48.13:309][  0]LogConfig: Setting CVar [[r.DOF.Kernel.MaxForegroundRadius:0.025]]
[2025.05.24-12.48.13:309][  0]LogConfig: Setting CVar [[r.DOF.Kernel.MaxBackgroundRadius:0.025]]
[2025.05.24-12.48.13:309][  0]LogConfig: Applying CVar settings from Section [TextureQuality@3] File [C:/Users/AlisaDI/Documents/MephiTasks/UnrealProject/Saved/Config/Windows/Scalability.ini]
[2025.05.24-12.48.13:309][  0]LogConfig: Setting CVar [[r.Streaming.MipBias:0]]
[2025.05.24-12.48.13:309][  0]LogConfig: Setting CVar [[r.Streaming.AmortizeCPUToGPUCopy:0]]
[2025.05.24-12.48.13:309][  0]LogConfig: Setting CVar [[r.Streaming.MaxNumTexturesToStreamPerFrame:0]]
[2025.05.24-12.48.13:309][  0]LogConfig: Setting CVar [[r.Streaming.Boost:1]]
[2025.05.24-12.48.13:309][  0]LogConfig: Setting CVar [[r.MaxAnisotropy:8]]
[2025.05.24-12.48.13:309][  0]LogConfig: Setting CVar [[r.VT.MaxAnisotropy:8]]
[2025.05.24-12.48.13:309][  0]LogConfig: Setting CVar [[r.Streaming.LimitPoolSizeToVRAM:0]]
[2025.05.24-12.48.13:309][  0]LogConfig: Setting CVar [[r.Streaming.PoolSize:1000]]
[2025.05.24-12.48.13:309][  0]LogConfig: Setting CVar [[r.Streaming.MaxEffectiveScreenSize:0]]
[2025.05.24-12.48.13:309][  0]LogConfig: Applying CVar settings from Section [EffectsQuality@3] File [C:/Users/AlisaDI/Documents/MephiTasks/UnrealProject/Saved/Config/Windows/Scalability.ini]
[2025.05.24-12.48.13:309][  0]LogConfig: Setting CVar [[r.TranslucencyLightingVolumeDim:64]]
[2025.05.24-12.48.13:309][  0]LogConfig: Setting CVar [[r.RefractionQuality:2]]
[2025.05.24-12.48.13:309][  0]LogConfig: Setting CVar [[r.SSR.Quality:3]]
[2025.05.24-12.48.13:309][  0]LogConfig: Setting CVar [[r.SSR.HalfResSceneColor:0]]
[2025.05.24-12.48.13:309][  0]LogConfig: Setting CVar [[r.SceneColorFormat:4]]
[2025.05.24-12.48.13:309][  0]LogConfig: Setting CVar [[r.DetailMode:2]]
[2025.05.24-12.48.13:309][  0]LogConfig: Setting CVar [[r.TranslucencyVolumeBlur:1]]
[2025.05.24-12.48.13:309][  0]LogConfig: Setting CVar [[r.MaterialQualityLevel:1 ; High quality]]
[2025.05.24-12.48.13:309][  0]LogConfig: Setting CVar [[r.AnisotropicMaterials:1]]
[2025.05.24-12.48.13:309][  0]LogConfig: Setting CVar [[r.SSS.Scale:1]]
[2025.05.24-12.48.13:309][  0]LogConfig: Setting CVar [[r.SSS.SampleSet:2]]
[2025.05.24-12.48.13:309][  0]LogConfig: Setting CVar [[r.SSS.Quality:1]]
[2025.05.24-12.48.13:309][  0]LogConfig: Setting CVar [[r.SSS.HalfRes:0]]
[2025.05.24-12.48.13:309][  0]LogConfig: Setting CVar [[r.SSGI.Quality:3]]
[2025.05.24-12.48.13:309][  0]LogConfig: Setting CVar [[r.EmitterSpawnRateScale:1.0]]
[2025.05.24-12.48.13:309][  0]LogConfig: Setting CVar [[r.ParticleLightQuality:2]]
[2025.05.24-12.48.13:309][  0]LogConfig: Setting CVar [[r.SkyAtmosphere.AerialPerspectiveLUT.FastApplyOnOpaque:1 ; Always have FastSkyLUT 1 in this case to avoid wrong sky]]
[2025.05.24-12.48.13:309][  0]LogConfig: Setting CVar [[r.SkyAtmosphere.AerialPerspectiveLUT.SampleCountMaxPerSlice:4]]
[2025.05.24-12.48.13:309][  0]LogConfig: Setting CVar [[r.SkyAtmosphere.AerialPerspectiveLUT.DepthResolution:16.0]]
[2025.05.24-12.48.13:309][  0]LogConfig: Setting CVar [[r.SkyAtmosphere.FastSkyLUT:1]]
[2025.05.24-12.48.13:309][  0]LogConfig: Setting CVar [[r.SkyAtmosphere.FastSkyLUT.SampleCountMin:4.0]]
[2025.05.24-12.48.13:309][  0]LogConfig: Setting CVar [[r.SkyAtmosphere.FastSkyLUT.SampleCountMax:128.0]]
[2025.05.24-12.48.13:309][  0]LogConfig: Setting CVar [[r.SkyAtmosphere.SampleCountMin:4.0]]
[2025.05.24-12.48.13:309][  0]LogConfig: Setting CVar [[r.SkyAtmosphere.SampleCountMax:128.0]]
[2025.05.24-12.48.13:309][  0]LogConfig: Setting CVar [[r.SkyAtmosphere.TransmittanceLUT.UseSmallFormat:0]]
[2025.05.24-12.48.13:309][  0]LogConfig: Setting CVar [[r.SkyAtmosphere.TransmittanceLUT.SampleCount:10.0]]
[2025.05.24-12.48.13:309][  0]LogConfig: Setting CVar [[r.SkyAtmosphere.MultiScatteringLUT.SampleCount:15.0]]
[2025.05.24-12.48.13:309][  0]LogConfig: Setting CVar [[r.SkyLight.RealTimeReflectionCapture:1]]
[2025.05.24-12.48.13:309][  0]LogConfig: Applying CVar settings from Section [FoliageQuality@3] File [C:/Users/AlisaDI/Documents/MephiTasks/UnrealProject/Saved/Config/Windows/Scalability.ini]
[2025.05.24-12.48.13:309][  0]LogConfig: Setting CVar [[foliage.DensityScale:1.0]]
[2025.05.24-12.48.13:309][  0]LogConfig: Setting CVar [[grass.DensityScale:1.0]]
[2025.05.24-12.48.13:309][  0]LogConfig: Applying CVar settings from Section [ShadingQuality@3] File [C:/Users/AlisaDI/Documents/MephiTasks/UnrealProject/Saved/Config/Windows/Scalability.ini]
[2025.05.24-12.48.13:309][  0]LogConfig: Setting CVar [[r.HairStrands.SkyLighting.IntegrationType:2]]
[2025.05.24-12.48.13:309][  0]LogConfig: Setting CVar [[r.HairStrands.SkyAO.SampleCount:4]]
[2025.05.24-12.48.13:309][  0]LogConfig: Setting CVar [[r.HairStrands.Visibility.MSAA.SamplePerPixel:4]]
[2025.05.24-12.48.13:309][  0]LogConfig: Applying CVar settings from Section [Startup] File [../../../Engine/Config/ConsoleVariables.ini]
[2025.05.24-12.48.13:309][  0]LogConfig: Setting CVar [[net.UseAdaptiveNetUpdateFrequency:0]]
[2025.05.24-12.48.13:309][  0]LogConfig: Setting CVar [[p.chaos.AllowCreatePhysxBodies:1]]
[2025.05.24-12.48.13:309][  0]LogConfig: Setting CVar [[fx.SkipVectorVMBackendOptimizations:1]]
[2025.05.24-12.48.13:309][  0]LogConfig: Applying CVar settings from Section [ConsoleVariables] File [C:/Users/AlisaDI/Documents/MephiTasks/UnrealProject/Saved/Config/Windows/Engine.ini]
[2025.05.24-12.48.13:309][  0]LogConfig: Applying CVar settings from Section [ConsoleVariables] File [C:/Users/AlisaDI/Documents/MephiTasks/UnrealProject/Saved/Config/Windows/Editor.ini]
[2025.05.24-12.48.13:309][  0]LogInit: Computer: DESKTOP-N5SQRU4
[2025.05.24-12.48.13:309][  0]LogInit: User: AlisaDI
[2025.05.24-12.48.13:309][  0]LogInit: CPU Page size=4096, Cores=8
[2025.05.24-12.48.13:309][  0]LogInit: High frequency timer resolution =10.000000 MHz
[2025.05.24-12.48.13:309][  0]LogMemory: Memory total: Physical=31.7GB (32GB approx)
[2025.05.24-12.48.13:309][  0]LogMemory: Platform Memory Stats for Windows
[2025.05.24-12.48.13:309][  0]LogMemory: Process Physical Memory: 145.46 MB used, 145.46 MB peak
[2025.05.24-12.48.13:309][  0]LogMemory: Process Virtual Memory: 121.87 MB used, 121.87 MB peak
[2025.05.24-12.48.13:309][  0]LogMemory: Physical Memory: 13560.25 MB used,  18909.25 MB free, 32469.50 MB total
[2025.05.24-12.48.13:309][  0]LogMemory: Virtual Memory: 134206824.00 MB used,  10904.07 MB free, 134217728.00 MB total
[2025.05.24-12.48.13:314][  0]LogWindows: WindowsPlatformFeatures enabled
[2025.05.24-12.48.13:345][  0]LogInit: Physics initialised using underlying interface: PhysX
[2025.05.24-12.48.13:346][  0]LogInit: Using OS detected language (ru-RU).
[2025.05.24-12.48.13:346][  0]LogInit: Using OS detected locale (ru-RU).
[2025.05.24-12.48.13:348][  0]LogTextLocalizationManager: No specific localization for 'ru-RU' exists, so the 'ru' localization will be used.
[2025.05.24-12.48.13:348][  0]LogTextLocalizationResource: LocRes '../../../Engine/Content/Localization/Editor/ru/Editor.locres' could not be opened for reading!
[2025.05.24-12.48.13:348][  0]LogTextLocalizationResource: LocRes '../../../Engine/Content/Localization/EditorTutorials/ru/EditorTutorials.locres' could not be opened for reading!
[2025.05.24-12.48.13:348][  0]LogTextLocalizationResource: LocRes '../../../Engine/Content/Localization/Keywords/ru/Keywords.locres' could not be opened for reading!
[2025.05.24-12.48.13:348][  0]LogTextLocalizationResource: LocRes '../../../Engine/Content/Localization/Category/ru/Category.locres' could not be opened for reading!
[2025.05.24-12.48.13:348][  0]LogTextLocalizationResource: LocRes '../../../Engine/Content/Localization/ToolTips/ru/ToolTips.locres' could not be opened for reading!
[2025.05.24-12.48.13:348][  0]LogTextLocalizationResource: LocRes '../../../Engine/Content/Localization/PropertyNames/ru/PropertyNames.locres' could not be opened for reading!
[2025.05.24-12.48.13:348][  0]LogTextLocalizationResource: LocRes '../../../Engine/Content/Localization/Engine/ru/Engine.locres' could not be opened for reading!
[2025.05.24-12.48.13:349][  0]LogInit: Setting process to per monitor DPI aware
[2025.05.24-12.48.13:363][  0]LogWindowsTextInputMethodSystem: Display: IME system deactivated.
[2025.05.24-12.48.13:379][  0]LogSlate: New Slate User Created.  User Index 0, Is Virtual User: 0
[2025.05.24-12.48.13:379][  0]LogSlate: Slate User Registered.  User Index 0, Is Virtual User: 0
[2025.05.24-12.48.13:496][  0]LogD3D11RHI: Loaded GFSDK_Aftermath_Lib.x64.dll
[2025.05.24-12.48.13:509][  0]LogHMD: Failed to enumerate extensions. Please check that you have a valid OpenXR runtime installed.
[2025.05.24-12.48.13:509][  0]LogD3D11RHI: D3D11 min allowed feature level: 11_0
[2025.05.24-12.48.13:509][  0]LogD3D11RHI: D3D11 max allowed feature level: 11_0
[2025.05.24-12.48.13:509][  0]LogD3D11RHI: D3D11 adapters:
[2025.05.24-12.48.13:675][  0]LogD3D11RHI:    0. 'NVIDIA GeForce RTX 3050 Laptop GPU' (Feature Level 11_0)
[2025.05.24-12.48.13:675][  0]LogD3D11RHI:       3964/0/16234 MB DedicatedVideo/DedicatedSystem/SharedSystem, Outputs:1, VendorId:0x10de
[2025.05.24-12.48.13:711][  0]LogD3D11RHI:    1. 'Intel(R) UHD Graphics' (Feature Level 11_0)
[2025.05.24-12.48.13:711][  0]LogD3D11RHI:       128/0/16234 MB DedicatedVideo/DedicatedSystem/SharedSystem, Outputs:0, VendorId:0x8086
[2025.05.24-12.48.13:713][  0]LogD3D11RHI:    2. 'Microsoft Basic Render Driver' (Feature Level 11_0)
[2025.05.24-12.48.13:713][  0]LogD3D11RHI:       0/0/16234 MB DedicatedVideo/DedicatedSystem/SharedSystem, Outputs:0, VendorId:0x1414
[2025.05.24-12.48.13:713][  0]LogD3D11RHI: Chosen D3D11 Adapter:
[2025.05.24-12.48.13:713][  0]LogD3D11RHI:     Description : NVIDIA GeForce RTX 3050 Laptop GPU
[2025.05.24-12.48.13:713][  0]LogD3D11RHI:     VendorId    : 10de
[2025.05.24-12.48.13:713][  0]LogD3D11RHI:     DeviceId    : 25a2
[2025.05.24-12.48.13:713][  0]LogD3D11RHI:     SubSysId    : 12eb1462
[2025.05.24-12.48.13:713][  0]LogD3D11RHI:     Revision    : 00a1
[2025.05.24-12.48.13:713][  0]LogD3D11RHI:     DedicatedVideoMemory : 4156555264 bytes
[2025.05.24-12.48.13:713][  0]LogD3D11RHI:     DedicatedSystemMemory : 0 bytes
[2025.05.24-12.48.13:713][  0]LogD3D11RHI:     SharedSystemMemory : 17023371264 bytes
[2025.05.24-12.48.13:713][  0]LogD3D11RHI:     AdapterLuid : 0 71625
[2025.05.24-12.48.13:721][  0]LogD3D11RHI: Creating new Direct3DDevice
[2025.05.24-12.48.13:721][  0]LogD3D11RHI:     GPU DeviceId: 0x25a2 (for the marketing name, search the web for "GPU Device Id")
[2025.05.24-12.48.13:721][  0]LogWindows: EnumDisplayDevices:
[2025.05.24-12.48.13:721][  0]LogWindows:    0. 'Intel(R) UHD Graphics' (P:1 D:1)
[2025.05.24-12.48.13:721][  0]LogWindows:    1. 'Intel(R) UHD Graphics' (P:0 D:0)
[2025.05.24-12.48.13:721][  0]LogWindows:    2. 'Intel(R) UHD Graphics' (P:0 D:0)
[2025.05.24-12.48.13:722][  0]LogWindows:    3. 'Intel(R) UHD Graphics' (P:0 D:0)
[2025.05.24-12.48.13:722][  0]LogWindows: DebugString: PrimaryIsNotTheChoosenAdapter PrimaryIsNotTheChoosenAdapter PrimaryIsNotTheChoosenAdapter PrimaryIsNotTheChoosenAdapter FoundDriverCount:0 
[2025.05.24-12.48.13:722][  0]LogD3D11RHI:     Adapter Name: NVIDIA GeForce RTX 3050 Laptop GPU
[2025.05.24-12.48.13:722][  0]LogD3D11RHI:   Driver Version: Unknown (internal:Unknown, unified:Unknown)
[2025.05.24-12.48.13:722][  0]LogD3D11RHI:      Driver Date: Unknown
[2025.05.24-12.48.13:722][  0]LogRHI: Texture pool is 2774 MB (70% of 3964 MB)
[2025.05.24-12.48.13:722][  0]LogD3D11RHI: Creating D3DDevice using adapter:
[2025.05.24-12.48.13:722][  0]LogD3D11RHI:     Description : NVIDIA GeForce RTX 3050 Laptop GPU
[2025.05.24-12.48.13:722][  0]LogD3D11RHI:     VendorId    : 10de
[2025.05.24-12.48.13:722][  0]LogD3D11RHI:     DeviceId    : 25a2
[2025.05.24-12.48.13:722][  0]LogD3D11RHI:     SubSysId    : 12eb1462
[2025.05.24-12.48.13:722][  0]LogD3D11RHI:     Revision    : 00a1
[2025.05.24-12.48.13:722][  0]LogD3D11RHI:     DedicatedVideoMemory : 4156555264 bytes
[2025.05.24-12.48.13:722][  0]LogD3D11RHI:     DedicatedSystemMemory : 0 bytes
[2025.05.24-12.48.13:722][  0]LogD3D11RHI:     SharedSystemMemory : 17023371264 bytes
[2025.05.24-12.48.13:722][  0]LogD3D11RHI:     AdapterLuid : 0 71625
[2025.05.24-12.48.13:831][  0]LogD3D11RHI: RHI has support for 64 bit atomics
[2025.05.24-12.48.13:831][  0]LogD3D11RHI: Async texture creation enabled
[2025.05.24-12.48.13:831][  0]LogD3D11RHI: Array index from any shader is supported
[2025.05.24-12.48.13:849][  0]LogD3D11RHI: GPU Timing Frequency: 1000.000000 (Debug: 2 2)
[2025.05.24-12.48.13:875][  0]LogRHI: GeForceNow SDK initialized: 1
[2025.05.24-12.48.16:225][  0]LogTargetPlatformManager: Display: Loaded TargetPlatform 'AllDesktop'
[2025.05.24-12.48.16:244][  0]LogTargetPlatformManager: Display: Loaded TargetPlatform 'Android'
[2025.05.24-12.48.16:244][  0]LogTargetPlatformManager: Display: Loaded TargetPlatform 'Android_ASTC'
[2025.05.24-12.48.16:244][  0]LogTargetPlatformManager: Display: Loaded TargetPlatform 'Android_DXT'
[2025.05.24-12.48.16:244][  0]LogTargetPlatformManager: Display: Loaded TargetPlatform 'Android_ETC2'
[2025.05.24-12.48.16:244][  0]LogTargetPlatformManager: Display: Loaded TargetPlatform 'AndroidClient'
[2025.05.24-12.48.16:244][  0]LogTargetPlatformManager: Display: Loaded TargetPlatform 'Android_ASTCClient'
[2025.05.24-12.48.16:244][  0]LogTargetPlatformManager: Display: Loaded TargetPlatform 'Android_DXTClient'
[2025.05.24-12.48.16:244][  0]LogTargetPlatformManager: Display: Loaded TargetPlatform 'Android_ETC2Client'
[2025.05.24-12.48.16:244][  0]LogTargetPlatformManager: Display: Loaded TargetPlatform 'Android_Multi'
[2025.05.24-12.48.16:244][  0]LogTargetPlatformManager: Display: Loaded TargetPlatform 'Android_MultiClient'
[2025.05.24-12.48.16:260][  0]LogTargetPlatformManager: Display: Loaded TargetPlatform 'IOSClient'
[2025.05.24-12.48.16:260][  0]LogTargetPlatformManager: Display: Loaded TargetPlatform 'IOS'
[2025.05.24-12.48.16:269][  0]LogTargetPlatformManager: Display: Loaded TargetPlatform 'Linux'
[2025.05.24-12.48.16:274][  0]LogTargetPlatformManager: Display: Loaded TargetPlatform 'LinuxNoEditor'
[2025.05.24-12.48.16:277][  0]LogTargetPlatformManager: Display: Loaded TargetPlatform 'LinuxClient'
[2025.05.24-12.48.16:281][  0]LogTargetPlatformManager: Display: Loaded TargetPlatform 'LinuxServer'
[2025.05.24-12.48.16:289][  0]LogTargetPlatformManager: Display: Loaded TargetPlatform 'LinuxAArch64NoEditor'
[2025.05.24-12.48.16:293][  0]LogTargetPlatformManager: Display: Loaded TargetPlatform 'LinuxAArch64Client'
[2025.05.24-12.48.16:296][  0]LogTargetPlatformManager: Display: Loaded TargetPlatform 'LinuxAArch64Server'
[2025.05.24-12.48.16:317][  0]LogTargetPlatformManager: Display: Loaded TargetPlatform 'Lumin'
[2025.05.24-12.48.16:317][  0]LogTargetPlatformManager: Display: Loaded TargetPlatform 'LuminClient'
[2025.05.24-12.48.16:325][  0]LogTargetPlatformManager: Display: Loaded TargetPlatform 'MacNoEditor'
[2025.05.24-12.48.16:329][  0]LogTargetPlatformManager: Display: Loaded TargetPlatform 'Mac'
[2025.05.24-12.48.16:333][  0]LogTargetPlatformManager: Display: Loaded TargetPlatform 'MacClient'
[2025.05.24-12.48.16:336][  0]LogTargetPlatformManager: Display: Loaded TargetPlatform 'MacServer'
[2025.05.24-12.48.16:346][  0]LogTargetPlatformManager: Display: Loaded TargetPlatform 'TVOSClient'
[2025.05.24-12.48.16:346][  0]LogTargetPlatformManager: Display: Loaded TargetPlatform 'TVOS'
[2025.05.24-12.48.16:354][  0]LogTargetPlatformManager: Display: Loaded TargetPlatform 'WindowsNoEditor'
[2025.05.24-12.48.16:357][  0]LogTargetPlatformManager: Display: Loaded TargetPlatform 'Windows'
[2025.05.24-12.48.16:361][  0]LogTargetPlatformManager: Display: Loaded TargetPlatform 'WindowsClient'
[2025.05.24-12.48.16:365][  0]LogTargetPlatformManager: Display: Loaded TargetPlatform 'WindowsServer'
[2025.05.24-12.48.16:365][  0]LogTargetPlatformManager: Display: Building Assets For Windows
[2025.05.24-12.48.16:371][  0]LogAudioDebug: Display: Lib vorbis DLL was dynamically loaded.
[2025.05.24-12.48.16:397][  0]LogTextureFormatOodle: Display: Oodle Texture 2.9.0 init RDO Off
[2025.05.24-12.48.16:423][  0]LogRendererCore: Ray tracing is disabled. Reason: r.RayTracing=0.
[2025.05.24-12.48.16:423][  0]LogShaderCompilers: Guid format shader working directory is -19 characters bigger than the processId version (../../../../../../Users/AlisaDI/Documents/MephiTasks/UnrealProject/Intermediate/Shaders/WorkingDirectory/20640/).
[2025.05.24-12.48.16:423][  0]LogShaderCompilers: Cleaned the shader compiler working directory 'C:/Users/AlisaDI/AppData/Local/Temp/UnrealShaderWorkingDir/B374A36F4A85946768C8469270104D82/'.
[2025.05.24-12.48.16:423][  0]LogXGEController: Cannot use XGE Controller as Incredibuild is not installed on this machine.
[2025.05.24-12.48.16:423][  0]LogShaderCompilers: Cannot use XGE Shader Compiler as Incredibuild is not installed on this machine.
[2025.05.24-12.48.16:423][  0]LogShaderCompilers: Display: Using Local Shader Compiler.
[2025.05.24-12.48.17:090][  0]LogDerivedDataCache: Display: Max Cache Size: 512 MB
[2025.05.24-12.48.17:153][  0]LogDerivedDataCache: Loaded boot cache 0.06s 122MB C:/Users/AlisaDI/AppData/Local/UnrealEngine/4.27/DerivedDataCache/Boot.ddc.
[2025.05.24-12.48.17:153][  0]LogDerivedDataCache: Display: Loaded Boot cache: C:/Users/AlisaDI/AppData/Local/UnrealEngine/4.27/DerivedDataCache/Boot.ddc
[2025.05.24-12.48.17:153][  0]LogDerivedDataCache: FDerivedDataBackendGraph:  Pak pak cache file ../../../../../../Users/AlisaDI/Documents/MephiTasks/UnrealProject/DerivedDataCache/DDC.ddp not found, will not use a pak cache.
[2025.05.24-12.48.17:153][  0]LogDerivedDataCache: Unable to find inner node Pak for hierarchical cache Hierarchy.
[2025.05.24-12.48.17:153][  0]LogDerivedDataCache: FDerivedDataBackendGraph:  CompressedPak pak cache file ../../../../../../Users/AlisaDI/Documents/MephiTasks/UnrealProject/DerivedDataCache/Compressed.ddp not found, will not use a pak cache.
[2025.05.24-12.48.17:153][  0]LogDerivedDataCache: Unable to find inner node CompressedPak for hierarchical cache Hierarchy.
[2025.05.24-12.48.17:166][  0]LogDerivedDataCache: Display: Pak cache opened for reading ../../../Engine/DerivedDataCache/Compressed.ddp.
[2025.05.24-12.48.17:166][  0]LogDerivedDataCache: FDerivedDataBackendGraph:  EnterprisePak pak cache file ../../../Enterprise/DerivedDataCache/Compressed.ddp not found, will not use a pak cache.
[2025.05.24-12.48.17:166][  0]LogDerivedDataCache: Unable to find inner node EnterprisePak for hierarchical cache Hierarchy.
[2025.05.24-12.48.17:183][  0]LogDerivedDataCache: Speed tests for C:/Users/AlisaDI/AppData/Local/UnrealEngine/Common/DerivedDataCache took 0.02 seconds
[2025.05.24-12.48.17:183][  0]LogDerivedDataCache: Display: Performance to C:/Users/AlisaDI/AppData/Local/UnrealEngine/Common/DerivedDataCache: Latency=0.02ms. RandomReadSpeed=1591.39MBs, RandomWriteSpeed=59.01MBs. Assigned SpeedClass 'Local'
[2025.05.24-12.48.17:185][  0]LogDerivedDataCache: Using Local data cache path C:/Users/AlisaDI/AppData/Local/UnrealEngine/Common/DerivedDataCache: Writable
[2025.05.24-12.48.17:185][  0]LogDerivedDataCache: Shared data cache path not found in *engine.ini, will not use an Shared cache.
[2025.05.24-12.48.17:185][  0]LogDerivedDataCache: Unable to find inner node Shared for hierarchical cache Hierarchy.
[2025.05.24-12.48.17:235][  0]LogSlate: Using FreeType 2.10.0
[2025.05.24-12.48.17:236][  0]LogSlate: SlateFontServices - WITH_FREETYPE: 1, WITH_HARFBUZZ: 1
[2025.05.24-12.48.17:236][  0]LogHMD: Failed to enumerate extensions. Please check that you have a valid OpenXR runtime installed.
[2025.05.24-12.48.17:261][  0]LogAssetRegistry: FAssetRegistry took 0.0024 seconds to start up
[2025.05.24-12.48.17:482][  0]LogInit: Selected Device Profile: [Windows]
[2025.05.24-12.48.17:482][  0]LogInit: Active device profile: [000001D3AFF64900][000001D3AE062F80 49] Windows
[2025.05.24-12.48.17:482][  0]LogInit: Profiles: [000001D3AFF64900][000001D3AE062F80 49] Windows, [000001D3AFF4B800][000001D3AE0670C0 49] WindowsNoEditor, [000001D3AFF67500][000001D3AEA77240 49] WindowsServer, [000001D3AFF48E00][000001D3AEA7B3C0 49] WindowsClient, [000001D3AFF67800][000001D3AEA7F540 49] IOS, [000001D3AFF4A800][000001D3AEA836C0 49] iPadAir, [000001D3AFF66000][000001D3AEA8B840 49] iPadAir2, [000001D3B11D0A00][000001D3B0E45B00 49] IPadPro, [000001D3B11D0B00][000001D3B0E1DB40 49] iPadAir3, [000001D3AFF49900][000001D3B0E48140 49] iPadAir4, [000001D3B11D3400][000001D3B0E682C0 49] iPadMini2, [000001D3AFF4AA00][000001D3AD258440 49] iPadMini3, [000001D3B11D1700][000001D3ACB9A5C0 49] iPadMini4, [000001D3AFF65100][000001D3ACB9E740 49] iPadMini5, [000001D3B1210300][000001D3ACBA6A00 49] iPhone6, [000001D3B1210400][000001D3ACBA2A40 49] iPodTouch6, [000001D3B11D3600][000001D3ACBAED00 49] iPhone7, [000001D3B11D1800][000001D3ACBAAD40 49] iPodTouch7, [000001D3B1213F00][000001D3ACBB6EC0 49] iPhone5S, [000001D3AFF4A200][000001D3AE06B000 49] iPhone6Plus, [000001D3B11D0200][000001D3ACBC3140 49] iPhone6S, [000001D3AFF4A400][000001D3ACBC7280 49] iPhone6SPlus, [000001D3B11D3C00][000001D3ACBCB3C0 49] iPhone7Plus, [000001D3AFF48300][000001D3B0DB1540 49] iPhoneSE, [000001D3B11D3500][000001D3B0DB56C0 49] iPhone8, [000001D3AFF49E00][000001D3B0DB9840 49] iPhone8Plus, [000001D3B11D1100][000001D3B0DE39C0 49] iPhoneX, [000001D3AFF48400][000001D3B0DE7B40 49] iPhoneXS, [000001D3B11D1300][000001D3B0DEA140 49] iPhoneXSMax, [000001D3AFF49400][000001D3B0DF22C0 49] iPhoneXR, [000001D3B11D3800][000001D3B0DFA440 49] iPhone11, [000001D3AFF4AE00][000001D3B0E0E5C0 49] iPhone11Pro, [000001D3B11D3700][000001D3B1EF8740 49] iPhone11ProMax, [000001D3AFF48F00][000001D3B1F088C0 49] iPhoneSE2, [000001D3B11D2E00][000001D3B1F0CA40 49] iPhone12Mini, [000001D3AFF4BC00][000001D3B1F10BC0 49] iPhone12, [000001D3B11D2400][000001D3B1F14D40 49] iPhone12Pro, [000001D3AFF48700][000001D3B1F18EC0 49] iPhone12ProMax, [000001D3B11D2300][000001D3ACB49040 49] iPadPro105, [000001D3AFF4B100][000001D3ACBCF180 49] iPadPro129, [000001D3B11D2200][000001D3ACB4D2C0 49] iPadPro97, [000001D3AFF48B00][000001D3ACB51400 49] iPadPro2_129, [000001D3B11D3200][000001D3ACB55540 49] iPad5, [000001D3AFF4B400][000001D3B26156C0 49] iPad6, [000001D3B11D3300][000001D3B2619840 49] iPad7, [000001D3AFF48200][000001D3B264D9C0 49] iPad8, [000001D3B11D1A00][000001D3B2651B40 49] iPadPro11, [000001D3AFF49600][000001D3B2654140 49] iPadPro2_11, [000001D3B11D1D00][000001D3B26942C0 49] iPadPro3_129, [000001D3AFF4B900][000001D3B269C440 49] iPadPro4_129, [000001D3B11D3000][000001D3B26A85C0 49] AppleTV, [000001D3AFF4BF00][000001D3B26AC740 49] AppleTV4K, [000001D3B11D0100][000001D3B26B48C0 49] TVOS, [000001D3AFF4A500][000001D3B2030A40 49] Mac, [000001D3B11D3B00][000001D3B2038BC0 49] MacClient, [000001D3AFF49B00][000001D3B209AD40 49] MacNoEditor, [000001D3B11D2C00][000001D3B21C4EC0 49] MacServer, [000001D3AFF48A00][000001D3B21DD040 49] Linux, [000001D3B11D2000][000001D3B21E11C0 49] LinuxAArch64, [000001D3AFF4A700][000001D3B21E9340 49] LinuxNoEditor, [000001D3B11D2500][000001D3ADE61480 49] LinuxAArch64NoEditor, [000001D3AFF49500][000001D3B21ED5C0 49] LinuxClient, [000001D3B11D3900][000001D3B21F1700 49] LinuxAArch64Client, [000001D3AFF49700][000001D3B21F9880 49] LinuxServer, [000001D3B11D1900][000001D3ACAF9A00 49] LinuxAArch64Server, [000001D3AFF4B700][000001D3ACAFDB80 49] Android, [000001D3B11D0600][000001D3ACB00180 49] Android_Low, [000001D3AFF4AD00][000001D3ACB04300 49] Android_Mid, [000001D3AFF67A00][000001D3ACB08480 49] Android_High, [000001D3B1211C00][000001D3ACB0C600 49] Android_Default, [000001D3AFF66100][000001D3B22A0780 49] Android_Adreno4xx, [000001D3B1212700][000001D3B22AC900 49] Android_Adreno5xx_Low, [000001D3AFF64A00][000001D3AD1E6A80 49] Android_Adreno5xx, [000001D3B1212D00][000001D3AD1EAC00 49] Android_Adreno6xx, [000001D3AFF65200][000001D3AD1EED80 49] Android_Adreno6xx_Vulkan, [000001D3B1212800][000001D3AD1F2F00 49] Android_Mali_T6xx, [000001D3AFF66600][000001D3AD1F7080 49] Android_Mali_T7xx, [000001D3B1212E00][000001D3AD1FB200 49] Android_Mali_T8xx, [000001D3AFF67200][000001D3AD1FF380 49] Android_Mali_G71, [000001D3B1213C00][000001D3AD203500 49] Android_Mali_G72, [000001D3AFF66A00][000001D3B21F5640 49] Android_Mali_G72_Vulkan, [000001D3B1211B00][000001D3AD241780 49] Android_Mali_G76, [000001D3AFF65A00][000001D3AD2458C0 49] Android_Mali_G76_Vulkan, [000001D3B1212000][000001D3AD24DA40 49] Android_Mali_G77, [000001D3AFF66D00][000001D3AD251BC0 49] Android_Mali_G77_Vulkan, [000001D3B1213800][000001D3B2ED61C0 49] Android_Mali_G78, [000001D3AFF66800][000001D3AD1C6340 49] Android_Mali_G78_Vulkan, [000001D3B1211200][000001D3AD1CA4C0 49] Android_Mali_G710, [000001D3AFF64E00][000001D3AD1CE640 49] Android_Mali_G710_Vulkan, [000001D3B1213500][000001D3AD1D27C0 49] Android_Vulkan_SM5, [000001D3AFF67400][000001D3AD1D6940 49] Android_PowerVR_G6xxx, [000001D3B1212C00][000001D3AD1DAAC0 49] Android_PowerVR_GT7xxx, [000001D3AFF67C00][000001D3AD1DEC40 49] Android_PowerVR_GE8xxx, [000001D3B1210E00][000001D3AD1E2DC0 49] Android_PowerVR_GM9xxx, [000001D3AFF65800][000001D3B2CACF40 49] Android_PowerVR_GM9xxx_Vulkan, [000001D3B1212400][000001D3B0DF70C0 49] Android_TegraK1, [000001D3AFF65000][000001D3B1F99240 49] Android_Unknown_Vulkan, [000001D3AFF4BA00][000001D3B1F9D3C0 49] Lumin, [000001D3AFF65E00][000001D3B1FA1540 49] Lumin_Desktop, [000001D3AFF49C00][000001D3B1FA56C0 49] HoloLens, 
[2025.05.24-12.48.17:593][  0]LogMeshReduction: Using QuadricMeshReduction for automatic static mesh reduction
[2025.05.24-12.48.17:593][  0]LogMeshReduction: Using SimplygonMeshReduction for automatic skeletal mesh reduction
[2025.05.24-12.48.17:593][  0]LogMeshReduction: Using ProxyLODMeshReduction for automatic mesh merging
[2025.05.24-12.48.17:593][  0]LogMeshReduction: No distributed automatic mesh merging module available
[2025.05.24-12.48.17:593][  0]LogMeshMerging: No distributed automatic mesh merging module available
[2025.05.24-12.48.17:607][  0]LogNetVersion: MyProject 1.0.0, NetCL: 17155196, EngineNetVer: 17, GameNetVer: 0 (Checksum: 3629800737)
[2025.05.24-12.48.17:972][  0]LogTexture: Default maximum texture size for cubemaps generated from long-lat sources has been changed from 512 to unlimited. In order to preserve old behaiour for '/Engine/MapTemplates/Sky/DaylightAmbientCubemap.DaylightAmbientCubemap', its maximum texture size has been explicitly set to 512.
[2025.05.24-12.48.18:027][  0]LogUObjectArray: 17012 objects as part of root set at end of initial load.
[2025.05.24-12.48.18:028][  0]LogUObjectAllocator: 4257360 out of 0 bytes used by permanent object pool.
[2025.05.24-12.48.18:028][  0]LogUObjectArray: CloseDisregardForGC: 0/0 objects in disregard for GC pool
[2025.05.24-12.48.18:302][  0]LogNiagaraDebuggerClient: Niagara Debugger Client Initialized | Session: 40C059CF426B1384DF13C895300D7E67 | Instance: 3869D7264A9A07BD4F1D199ED6DCD458 (DESKTOP-N5SQRU4-20640).
[2025.05.24-12.48.18:330][  0]LogTcpMessaging: Initializing TcpMessaging bridge
[2025.05.24-12.48.18:333][  0]LogUdpMessaging: Initializing bridge on interface 0.0.0.0:0 to multicast group 230.0.0.1:6666.
[2025.05.24-12.48.18:343][  0]LogPython: Using Python 3.7.7
[2025.05.24-12.48.18:886][  0]SourceControl: Source control is disabled
[2025.05.24-12.48.18:886][  0]SourceControl: Source control is disabled
[2025.05.24-12.48.18:889][  0]SourceControl: Source control is disabled
[2025.05.24-12.48.18:893][  0]SourceControl: Source control is disabled
[2025.05.24-12.48.18:897][  0]SourceControl: Source control is disabled
[2025.05.24-12.48.18:901][  0]LogUProjectInfo: Found projects:
[2025.05.24-12.48.18:921][  0]LogVSAccessor: Display: Unable to create Visual Studio setup instance: 80040154
[2025.05.24-12.48.18:923][  0]LogVSAccessor: Display: Unable to create Visual Studio setup instance: 80040154
[2025.05.24-12.48.18:924][  0]LogVSAccessor: Display: Unable to create Visual Studio setup instance: 80040154
[2025.05.24-12.48.19:076][  0]LogOpenImageDenoise: OIDN starting up
[2025.05.24-12.48.19:107][  0]LogAndroidPermission: UAndroidPermissionCallbackProxy::GetInstance
[2025.05.24-12.48.19:119][  0]LogAudioCaptureCore: Display: No Audio Capture implementations found. Audio input will be silent.
[2025.05.24-12.48.19:119][  0]LogAudioCaptureCore: Display: No Audio Capture implementations found. Audio input will be silent.
[2025.05.24-12.48.19:232][  0]LogCollectionManager: Loaded 0 collections in 0.001420 seconds
[2025.05.24-12.48.19:286][  0]LogFileCache: Scanning file cache for directory 'C:/Users/AlisaDI/Documents/MephiTasks/UnrealProject/Saved/Collections/' took 0.00s
[2025.05.24-12.48.19:286][  0]LogFileCache: Scanning file cache for directory 'C:/Users/AlisaDI/Documents/MephiTasks/UnrealProject/Content/Developers/AlisaDI/Collections/' took 0.00s
[2025.05.24-12.48.19:286][  0]LogFileCache: Scanning file cache for directory 'C:/Users/AlisaDI/Documents/MephiTasks/UnrealProject/Content/Collections/' took 0.00s
[2025.05.24-12.48.19:286][  0]LogEngine: Initializing Engine...
[2025.05.24-12.48.19:287][  0]LogHMD: Failed to enumerate extensions. Please check that you have a valid OpenXR runtime installed.
[2025.05.24-12.48.19:287][  0]LogMagicLeap: Warning: VR disabled because ZI is not enabled.  To enable, in the editor, Edit -> Project Settings -> Plugins -> Magic Leap Plugin -> Enable Zero Iteration
[2025.05.24-12.48.19:288][  0]LogStats: UGameplayTagsManager::InitializeManager -  0.000 s
[2025.05.24-12.48.19:393][  0]LogInit: Initializing FReadOnlyCVARCache
[2025.05.24-12.48.19:400][  0]LogAIModule: Creating AISystem for world Untitled
[2025.05.24-12.48.19:409][  0]LogAudio: Display: Initializing Audio Device Manager...
[2025.05.24-12.48.19:411][  0]LogAudio: Display: Loading Default Audio Settings Objects...
[2025.05.24-12.48.19:412][  0]LogAudio: Display: No default SoundConcurrencyObject specified (or failed to load).
[2025.05.24-12.48.19:412][  0]LogAudio: Display: Audio Device Manager Initialized
[2025.05.24-12.48.19:412][  0]LogAudio: Display: Creating Audio Device:                 Id: 1, Scope: Shared, Realtime: True
[2025.05.24-12.48.19:412][  0]LogAudioMixer: Display: Audio Mixer Platform Settings:
[2025.05.24-12.48.19:412][  0]LogAudioMixer: Display: 	Sample Rate:						  48000
[2025.05.24-12.48.19:412][  0]LogAudioMixer: Display: 	Callback Buffer Frame Size Requested: 1024
[2025.05.24-12.48.19:412][  0]LogAudioMixer: Display: 	Callback Buffer Frame Size To Use:	  1024
[2025.05.24-12.48.19:412][  0]LogAudioMixer: Display: 	Number of buffers to queue:			  1
[2025.05.24-12.48.19:412][  0]LogAudioMixer: Display: 	Max Channels (voices):				  0
[2025.05.24-12.48.19:412][  0]LogAudioMixer: Display: 	Number of Async Source Workers:		  4
[2025.05.24-12.48.19:412][  0]LogAudio: Display: AudioDevice MaxSources: 32
[2025.05.24-12.48.19:413][  0]LogAudio: Display: Audio Spatialization Plugin: Resonance Audio is external send: 1
[2025.05.24-12.48.19:413][  0]LogAudio: Display: Audio Reverb Plugin: Resonance Audio
[2025.05.24-12.48.19:413][  0]LogAudio: Display: Audio Occlusion Plugin: None (built-in).
[2025.05.24-12.48.19:413][  0]LogAudioMixer: Display: Initializing audio mixer.
[2025.05.24-12.48.19:425][  0]LogAudioMixer: Display: 0: FrontLeft
[2025.05.24-12.48.19:425][  0]LogAudioMixer: Display: 1: FrontRight
[2025.05.24-12.48.19:466][  0]LogAudioMixer: Display: Using Audio Device Динамики (Realtek(R) Audio)
[2025.05.24-12.48.19:469][  0]LogAudioMixer: Display: Initializing Sound Submixes...
[2025.05.24-12.48.19:471][  0]LogAudioMixer: Display: Creating Master Submix 'MasterSubmixDefault'
[2025.05.24-12.48.19:471][  0]LogAudioMixer: Display: Creating Master Submix 'MasterReverbSubmixDefault'
[2025.05.24-12.48.19:471][  0]LogAudioMixer: Display: Creating Master Submix 'MasterEQSubmixDefault'
[2025.05.24-12.48.19:472][  0]LogAudioMixer: FMixerPlatformXAudio2::StartAudioStream() called
[2025.05.24-12.48.19:472][  0]LogAudioMixer: Display: Output buffers initialized: Frames=1024, Channels=2, Samples=2048
[2025.05.24-12.48.19:472][  0]LogAudioMixer: Display: Starting AudioMixerPlatformInterface::RunInternal()
[2025.05.24-12.48.19:472][  0]LogAudioMixer: Display: FMixerPlatformXAudio2::SubmitBuffer() called for the first time
[2025.05.24-12.48.19:472][  0]LogInit: FAudioDevice initialized.
[2025.05.24-12.48.19:473][  0]LogAudio: Display: Audio Device (ID: 1) registered with world 'Untitled'.
[2025.05.24-12.48.19:473][  0]LogNetVersion: Set ProjectVersion to 1.0.0.0. Version Checksum will be recalculated on next use.
[2025.05.24-12.48.19:529][  0]LogDerivedDataCache: Saved boot cache 0.06s 122MB C:/Users/AlisaDI/AppData/Local/UnrealEngine/4.27/DerivedDataCache/Boot.ddc.
[2025.05.24-12.48.19:532][  0]LogInit: Texture streaming: Enabled
[2025.05.24-12.48.19:542][  0]LogAnalytics: Display: [UEEditor.Rocket.Release] APIServer = https://datarouter.ol.epicgames.com/. AppVersion = 4.27.2-18319896+++UE4+Release-4.27
[2025.05.24-12.48.19:545][  0]LogEngineSessionManager: EngineSessionManager initialized
[2025.05.24-12.48.19:545][  0]LogEditorSessionSummary: Verbose: Initializing EditorSessionSummaryWriter for editor session tracking
[2025.05.24-12.48.19:546][  0]LogEditorSessionSummary: EditorSessionSummaryWriter initialized
[2025.05.24-12.48.19:574][  0]LogInit: Transaction tracking system initialized
[2025.05.24-12.48.19:594][  0]BlueprintLog: New page: Editor Load
[2025.05.24-12.48.19:638][  0]LocalizationService: Localization service is disabled
[2025.05.24-12.48.19:654][  0]TimingProfiler: Initialize
[2025.05.24-12.48.19:654][  0]TimingProfiler: OnSessionChanged
[2025.05.24-12.48.19:654][  0]LoadingProfiler: Initialize
[2025.05.24-12.48.19:654][  0]LoadingProfiler: OnSessionChanged
[2025.05.24-12.48.19:654][  0]NetworkingProfiler: Initialize
[2025.05.24-12.48.19:655][  0]NetworkingProfiler: OnSessionChanged
[2025.05.24-12.48.19:655][  0]MemoryProfiler: Initialize
[2025.05.24-12.48.19:655][  0]MemoryProfiler: OnSessionChanged
[2025.05.24-12.48.19:703][  0]LogVSAccessor: Display: Unable to create Visual Studio setup instance: 80040154
[2025.05.24-12.48.19:705][  0]LogVSAccessor: Display: Unable to create Visual Studio setup instance: 80040154
[2025.05.24-12.48.19:706][  0]LogVSAccessor: Display: Unable to create Visual Studio setup instance: 80040154
[2025.05.24-12.48.19:783][  0]LogCook: Display: CookSettings for Memory: MemoryMaxUsedVirtual 0MiB, MemoryMaxUsedPhysical 16384MiB, MemoryMinFreeVirtual 0MiB, MemoryMinFreePhysical 1024MiB
[2025.05.24-12.48.19:783][  0]LogCook: Display: Mobile HDR setting 0
[2025.05.24-12.48.19:826][  0]LogFileCache: Scanning file cache for directory 'C:/Users/AlisaDI/Documents/MephiTasks/UnrealProject/Content/' took 0.00s
[2025.05.24-12.48.19:949][  0]LogInit: Display: Engine is initialized. Leaving FEngineLoop::Init()
[2025.05.24-12.48.19:952][  0]SourceControl: Source control is disabled
[2025.05.24-12.48.19:952][  0]LogUnrealEdMisc: Loading editor; pre map load, took 7.667
[2025.05.24-12.48.19:952][  0]Cmd: MAP LOAD FILE="../../../../../../Users/AlisaDI/Documents/MephiTasks/UnrealProject/Content/VRTemplate/Maps/VRTemplateMap.umap" TEMPLATE=0 SHOWPROGRESS=1 FEATURELEVEL=3
[2025.05.24-12.48.19:953][  0]LightingResults: New page: Lighting Build
[2025.05.24-12.48.19:954][  0]LogWorld: UWorld::CleanupWorld for Untitled, bSessionEnded=true, bCleanupResources=true
[2025.05.24-12.48.19:954][  0]LogSlate: InvalidateAllWidgets triggered.  All widgets were invalidated
[2025.05.24-12.48.19:954][  0]MapCheck: New page: Map Check
[2025.05.24-12.48.19:954][  0]LightingResults: New page: Lighting Build
[2025.05.24-12.48.19:960][  0]LogAudio: Display: Audio Device unregistered from world 'None'.
[2025.05.24-12.48.19:963][  0]LogUObjectHash: Compacting FUObjectHashTables data took   0.66ms
[2025.05.24-12.48.20:537][  0]LogAudio: Display: Audio Device (ID: 1) registered with world 'VRTemplateMap'.
[2025.05.24-12.48.20:538][  0]LogAIModule: Creating AISystem for world VRTemplateMap
[2025.05.24-12.48.20:549][  0]LogEditorServer: Finished looking for orphan Actors (0.000 secs)
[2025.05.24-12.48.20:561][  0]LogUObjectHash: Compacting FUObjectHashTables data took   1.14ms
[2025.05.24-12.48.20:561][  0]Cmd: MAP CHECKDEP NOCLEARLOG
[2025.05.24-12.48.20:562][  0]MapCheck: Map check complete: 0 Error(s), 0 Warning(s), took 0,162ms to complete.
[2025.05.24-12.48.20:562][  0]LogFileHelpers: Loading map 'VRTemplateMap' took 0.609
[2025.05.24-12.48.20:564][  0]LogUnrealEdMisc: Total Editor Startup Time, took 8.278
[2025.05.24-12.48.20:670][  0]LogSlate: Updating window title bar state: overlay mode, drag disabled, window buttons hidden, title bar hidden
[2025.05.24-12.48.20:677][  0]LogSlate: Updating window title bar state: overlay mode, drag disabled, window buttons hidden, title bar hidden
[2025.05.24-12.48.20:682][  0]LogSlate: Updating window title bar state: overlay mode, drag disabled, window buttons hidden, title bar hidden
[2025.05.24-12.48.20:687][  0]LogSlate: Updating window title bar state: overlay mode, drag disabled, window buttons hidden, title bar hidden
[2025.05.24-12.48.20:699][  0]LogNativeClassHierarchy: Verbose: Native class hierarchy populated in 0.0081 seconds. Added 3809 classes and 916 folders.
[2025.05.24-12.48.20:700][  0]LogNativeClassHierarchy: Verbose: Native class hierarchy updated for 'WidgetCarousel' in 0.0002 seconds. Added 0 classes and 0 folders.
[2025.05.24-12.48.20:702][  0]LogPakFile: PakFile PrimaryIndexSize=187
[2025.05.24-12.48.20:702][  0]LogPakFile: PakFile PathHashIndexSize=101
[2025.05.24-12.48.20:702][  0]LogPakFile: PakFile FullDirectoryIndexSize=148
[2025.05.24-12.48.20:702][  0]LogShaderLibrary: Display: ShaderCodeLibraryPakFileMountedCallback: PakFile 'C:/Program Files/Epic Games/UE_4.27/FeaturePacks/FP_FirstPerson.upack' (chunk index -1, root 'root:/') mounted
[2025.05.24-12.48.20:702][  0]LogShaderLibrary: Display: ShaderCodeLibraryPakFileMountedCallback: pending pak file info (ChunkID:-1 Root:root:/ File:C:/Program Files/Epic Games/UE_4.27/FeaturePacks/FP_FirstPerson.upack)
[2025.05.24-12.48.20:702][  0]LogPakFile: OnPakFileMounted2Time == 0.000046
[2025.05.24-12.48.20:702][  0]LogPakFile: PakFile PrimaryIndexSize=189
[2025.05.24-12.48.20:702][  0]LogPakFile: PakFile PathHashIndexSize=101
[2025.05.24-12.48.20:702][  0]LogPakFile: PakFile FullDirectoryIndexSize=152
[2025.05.24-12.48.20:702][  0]LogShaderLibrary: Display: ShaderCodeLibraryPakFileMountedCallback: PakFile 'C:/Program Files/Epic Games/UE_4.27/FeaturePacks/FP_FirstPersonBP.upack' (chunk index -1, root 'root:/') mounted
[2025.05.24-12.48.20:702][  0]LogShaderLibrary: Display: ShaderCodeLibraryPakFileMountedCallback: pending pak file info (ChunkID:-1 Root:root:/ File:C:/Program Files/Epic Games/UE_4.27/FeaturePacks/FP_FirstPersonBP.upack)
[2025.05.24-12.48.20:702][  0]LogPakFile: OnPakFileMounted2Time == 0.000077
[2025.05.24-12.48.20:703][  0]LogPakFile: PakFile PrimaryIndexSize=191
[2025.05.24-12.48.20:703][  0]LogPakFile: PakFile PathHashIndexSize=101
[2025.05.24-12.48.20:703][  0]LogPakFile: PakFile FullDirectoryIndexSize=160
[2025.05.24-12.48.20:703][  0]LogShaderLibrary: Display: ShaderCodeLibraryPakFileMountedCallback: PakFile 'C:/Program Files/Epic Games/UE_4.27/FeaturePacks/MobileStarterContent.upack' (chunk index -1, root 'root:/') mounted
[2025.05.24-12.48.20:703][  0]LogShaderLibrary: Display: ShaderCodeLibraryPakFileMountedCallback: pending pak file info (ChunkID:-1 Root:root:/ File:C:/Program Files/Epic Games/UE_4.27/FeaturePacks/MobileStarterContent.upack)
[2025.05.24-12.48.20:703][  0]LogPakFile: OnPakFileMounted2Time == 0.000044
[2025.05.24-12.48.20:704][  0]LogPakFile: PakFile PrimaryIndexSize=185
[2025.05.24-12.48.20:704][  0]LogPakFile: PakFile PathHashIndexSize=101
[2025.05.24-12.48.20:704][  0]LogPakFile: PakFile FullDirectoryIndexSize=148
[2025.05.24-12.48.20:704][  0]LogShaderLibrary: Display: ShaderCodeLibraryPakFileMountedCallback: PakFile 'C:/Program Files/Epic Games/UE_4.27/FeaturePacks/StarterContent.upack' (chunk index -1, root 'root:/') mounted
[2025.05.24-12.48.20:704][  0]LogShaderLibrary: Display: ShaderCodeLibraryPakFileMountedCallback: pending pak file info (ChunkID:-1 Root:root:/ File:C:/Program Files/Epic Games/UE_4.27/FeaturePacks/StarterContent.upack)
[2025.05.24-12.48.20:704][  0]LogPakFile: OnPakFileMounted2Time == 0.000031
[2025.05.24-12.48.20:704][  0]LogPakFile: PakFile PrimaryIndexSize=190
[2025.05.24-12.48.20:704][  0]LogPakFile: PakFile PathHashIndexSize=101
[2025.05.24-12.48.20:704][  0]LogPakFile: PakFile FullDirectoryIndexSize=154
[2025.05.24-12.48.20:704][  0]LogShaderLibrary: Display: ShaderCodeLibraryPakFileMountedCallback: PakFile 'C:/Program Files/Epic Games/UE_4.27/FeaturePacks/TP_2DSideScroller.upack' (chunk index -1, root 'root:/') mounted
[2025.05.24-12.48.20:704][  0]LogShaderLibrary: Display: ShaderCodeLibraryPakFileMountedCallback: pending pak file info (ChunkID:-1 Root:root:/ File:C:/Program Files/Epic Games/UE_4.27/FeaturePacks/TP_2DSideScroller.upack)
[2025.05.24-12.48.20:704][  0]LogPakFile: OnPakFileMounted2Time == 0.000030
[2025.05.24-12.48.20:705][  0]LogPakFile: PakFile PrimaryIndexSize=192
[2025.05.24-12.48.20:705][  0]LogPakFile: PakFile PathHashIndexSize=101
[2025.05.24-12.48.20:705][  0]LogPakFile: PakFile FullDirectoryIndexSize=158
[2025.05.24-12.48.20:705][  0]LogShaderLibrary: Display: ShaderCodeLibraryPakFileMountedCallback: PakFile 'C:/Program Files/Epic Games/UE_4.27/FeaturePacks/TP_2DSideScrollerBP.upack' (chunk index -1, root 'root:/') mounted
[2025.05.24-12.48.20:705][  0]LogShaderLibrary: Display: ShaderCodeLibraryPakFileMountedCallback: pending pak file info (ChunkID:-1 Root:root:/ File:C:/Program Files/Epic Games/UE_4.27/FeaturePacks/TP_2DSideScrollerBP.upack)
[2025.05.24-12.48.20:705][  0]LogPakFile: OnPakFileMounted2Time == 0.000030
[2025.05.24-12.48.20:705][  0]LogPakFile: PakFile PrimaryIndexSize=182
[2025.05.24-12.48.20:705][  0]LogPakFile: PakFile PathHashIndexSize=101
[2025.05.24-12.48.20:705][  0]LogPakFile: PakFile FullDirectoryIndexSize=138
[2025.05.24-12.48.20:705][  0]LogShaderLibrary: Display: ShaderCodeLibraryPakFileMountedCallback: PakFile 'C:/Program Files/Epic Games/UE_4.27/FeaturePacks/TP_Flying.upack' (chunk index -1, root 'root:/') mounted
[2025.05.24-12.48.20:705][  0]LogShaderLibrary: Display: ShaderCodeLibraryPakFileMountedCallback: pending pak file info (ChunkID:-1 Root:root:/ File:C:/Program Files/Epic Games/UE_4.27/FeaturePacks/TP_Flying.upack)
[2025.05.24-12.48.20:705][  0]LogPakFile: OnPakFileMounted2Time == 0.000025
[2025.05.24-12.48.20:705][  0]LogPakFile: PakFile PrimaryIndexSize=184
[2025.05.24-12.48.20:705][  0]LogPakFile: PakFile PathHashIndexSize=101
[2025.05.24-12.48.20:705][  0]LogPakFile: PakFile FullDirectoryIndexSize=142
[2025.05.24-12.48.20:705][  0]LogShaderLibrary: Display: ShaderCodeLibraryPakFileMountedCallback: PakFile 'C:/Program Files/Epic Games/UE_4.27/FeaturePacks/TP_FlyingBP.upack' (chunk index -1, root 'root:/') mounted
[2025.05.24-12.48.20:705][  0]LogShaderLibrary: Display: ShaderCodeLibraryPakFileMountedCallback: pending pak file info (ChunkID:-1 Root:root:/ File:C:/Program Files/Epic Games/UE_4.27/FeaturePacks/TP_FlyingBP.upack)
[2025.05.24-12.48.20:705][  0]LogPakFile: OnPakFileMounted2Time == 0.000026
[2025.05.24-12.48.20:706][  0]LogPakFile: PakFile PrimaryIndexSize=188
[2025.05.24-12.48.20:706][  0]LogPakFile: PakFile PathHashIndexSize=101
[2025.05.24-12.48.20:706][  0]LogPakFile: PakFile FullDirectoryIndexSize=150
[2025.05.24-12.48.20:706][  0]LogShaderLibrary: Display: ShaderCodeLibraryPakFileMountedCallback: PakFile 'C:/Program Files/Epic Games/UE_4.27/FeaturePacks/TP_HandheldARBP.upack' (chunk index -1, root 'root:/') mounted
[2025.05.24-12.48.20:706][  0]LogShaderLibrary: Display: ShaderCodeLibraryPakFileMountedCallback: pending pak file info (ChunkID:-1 Root:root:/ File:C:/Program Files/Epic Games/UE_4.27/FeaturePacks/TP_HandheldARBP.upack)
[2025.05.24-12.48.20:706][  0]LogPakFile: OnPakFileMounted2Time == 0.000027
[2025.05.24-12.48.20:706][  0]LogPakFile: PakFile PrimaryIndexSize=182
[2025.05.24-12.48.20:706][  0]LogPakFile: PakFile PathHashIndexSize=101
[2025.05.24-12.48.20:706][  0]LogPakFile: PakFile FullDirectoryIndexSize=138
[2025.05.24-12.48.20:706][  0]LogShaderLibrary: Display: ShaderCodeLibraryPakFileMountedCallback: PakFile 'C:/Program Files/Epic Games/UE_4.27/FeaturePacks/TP_Puzzle.upack' (chunk index -1, root 'root:/') mounted
[2025.05.24-12.48.20:706][  0]LogShaderLibrary: Display: ShaderCodeLibraryPakFileMountedCallback: pending pak file info (ChunkID:-1 Root:root:/ File:C:/Program Files/Epic Games/UE_4.27/FeaturePacks/TP_Puzzle.upack)
[2025.05.24-12.48.20:706][  0]LogPakFile: OnPakFileMounted2Time == 0.000027
[2025.05.24-12.48.20:707][  0]LogPakFile: PakFile PrimaryIndexSize=184
[2025.05.24-12.48.20:707][  0]LogPakFile: PakFile PathHashIndexSize=101
[2025.05.24-12.48.20:707][  0]LogPakFile: PakFile FullDirectoryIndexSize=142
[2025.05.24-12.48.20:707][  0]LogShaderLibrary: Display: ShaderCodeLibraryPakFileMountedCallback: PakFile 'C:/Program Files/Epic Games/UE_4.27/FeaturePacks/TP_PuzzleBP.upack' (chunk index -1, root 'root:/') mounted
[2025.05.24-12.48.20:707][  0]LogShaderLibrary: Display: ShaderCodeLibraryPakFileMountedCallback: pending pak file info (ChunkID:-1 Root:root:/ File:C:/Program Files/Epic Games/UE_4.27/FeaturePacks/TP_PuzzleBP.upack)
[2025.05.24-12.48.20:707][  0]LogPakFile: OnPakFileMounted2Time == 0.000030
[2025.05.24-12.48.20:707][  0]LogPakFile: PakFile PrimaryIndexSize=183
[2025.05.24-12.48.20:707][  0]LogPakFile: PakFile PathHashIndexSize=101
[2025.05.24-12.48.20:707][  0]LogPakFile: PakFile FullDirectoryIndexSize=140
[2025.05.24-12.48.20:707][  0]LogShaderLibrary: Display: ShaderCodeLibraryPakFileMountedCallback: PakFile 'C:/Program Files/Epic Games/UE_4.27/FeaturePacks/TP_Rolling.upack' (chunk index -1, root 'root:/') mounted
[2025.05.24-12.48.20:707][  0]LogShaderLibrary: Display: ShaderCodeLibraryPakFileMountedCallback: pending pak file info (ChunkID:-1 Root:root:/ File:C:/Program Files/Epic Games/UE_4.27/FeaturePacks/TP_Rolling.upack)
[2025.05.24-12.48.20:707][  0]LogPakFile: OnPakFileMounted2Time == 0.000025
[2025.05.24-12.48.20:707][  0]LogPakFile: PakFile PrimaryIndexSize=185
[2025.05.24-12.48.20:707][  0]LogPakFile: PakFile PathHashIndexSize=101
[2025.05.24-12.48.20:707][  0]LogPakFile: PakFile FullDirectoryIndexSize=144
[2025.05.24-12.48.20:707][  0]LogShaderLibrary: Display: ShaderCodeLibraryPakFileMountedCallback: PakFile 'C:/Program Files/Epic Games/UE_4.27/FeaturePacks/TP_RollingBP.upack' (chunk index -1, root 'root:/') mounted
[2025.05.24-12.48.20:708][  0]LogShaderLibrary: Display: ShaderCodeLibraryPakFileMountedCallback: pending pak file info (ChunkID:-1 Root:root:/ File:C:/Program Files/Epic Games/UE_4.27/FeaturePacks/TP_RollingBP.upack)
[2025.05.24-12.48.20:708][  0]LogPakFile: OnPakFileMounted2Time == 0.000027
[2025.05.24-12.48.20:708][  0]LogPakFile: PakFile PrimaryIndexSize=188
[2025.05.24-12.48.20:708][  0]LogPakFile: PakFile PathHashIndexSize=101
[2025.05.24-12.48.20:708][  0]LogPakFile: PakFile FullDirectoryIndexSize=150
[2025.05.24-12.48.20:708][  0]LogShaderLibrary: Display: ShaderCodeLibraryPakFileMountedCallback: PakFile 'C:/Program Files/Epic Games/UE_4.27/FeaturePacks/TP_SideScroller.upack' (chunk index -1, root 'root:/') mounted
[2025.05.24-12.48.20:708][  0]LogShaderLibrary: Display: ShaderCodeLibraryPakFileMountedCallback: pending pak file info (ChunkID:-1 Root:root:/ File:C:/Program Files/Epic Games/UE_4.27/FeaturePacks/TP_SideScroller.upack)
[2025.05.24-12.48.20:708][  0]LogPakFile: OnPakFileMounted2Time == 0.000027
[2025.05.24-12.48.20:708][  0]LogPakFile: PakFile PrimaryIndexSize=190
[2025.05.24-12.48.20:708][  0]LogPakFile: PakFile PathHashIndexSize=101
[2025.05.24-12.48.20:708][  0]LogPakFile: PakFile FullDirectoryIndexSize=154
[2025.05.24-12.48.20:708][  0]LogShaderLibrary: Display: ShaderCodeLibraryPakFileMountedCallback: PakFile 'C:/Program Files/Epic Games/UE_4.27/FeaturePacks/TP_SideScrollerBP.upack' (chunk index -1, root 'root:/') mounted
[2025.05.24-12.48.20:708][  0]LogShaderLibrary: Display: ShaderCodeLibraryPakFileMountedCallback: pending pak file info (ChunkID:-1 Root:root:/ File:C:/Program Files/Epic Games/UE_4.27/FeaturePacks/TP_SideScrollerBP.upack)
[2025.05.24-12.48.20:708][  0]LogPakFile: OnPakFileMounted2Time == 0.000027
[2025.05.24-12.48.20:709][  0]LogPakFile: PakFile PrimaryIndexSize=187
[2025.05.24-12.48.20:709][  0]LogPakFile: PakFile PathHashIndexSize=101
[2025.05.24-12.48.20:709][  0]LogPakFile: PakFile FullDirectoryIndexSize=148
[2025.05.24-12.48.20:709][  0]LogShaderLibrary: Display: ShaderCodeLibraryPakFileMountedCallback: PakFile 'C:/Program Files/Epic Games/UE_4.27/FeaturePacks/TP_ThirdPerson.upack' (chunk index -1, root 'root:/') mounted
[2025.05.24-12.48.20:709][  0]LogShaderLibrary: Display: ShaderCodeLibraryPakFileMountedCallback: pending pak file info (ChunkID:-1 Root:root:/ File:C:/Program Files/Epic Games/UE_4.27/FeaturePacks/TP_ThirdPerson.upack)
[2025.05.24-12.48.20:709][  0]LogPakFile: OnPakFileMounted2Time == 0.000030
[2025.05.24-12.48.20:709][  0]LogPakFile: PakFile PrimaryIndexSize=189
[2025.05.24-12.48.20:709][  0]LogPakFile: PakFile PathHashIndexSize=101
[2025.05.24-12.48.20:709][  0]LogPakFile: PakFile FullDirectoryIndexSize=152
[2025.05.24-12.48.20:709][  0]LogShaderLibrary: Display: ShaderCodeLibraryPakFileMountedCallback: PakFile 'C:/Program Files/Epic Games/UE_4.27/FeaturePacks/TP_ThirdPersonBP.upack' (chunk index -1, root 'root:/') mounted
[2025.05.24-12.48.20:709][  0]LogShaderLibrary: Display: ShaderCodeLibraryPakFileMountedCallback: pending pak file info (ChunkID:-1 Root:root:/ File:C:/Program Files/Epic Games/UE_4.27/FeaturePacks/TP_ThirdPersonBP.upack)
[2025.05.24-12.48.20:709][  0]LogPakFile: OnPakFileMounted2Time == 0.000038
[2025.05.24-12.48.20:710][  0]LogPakFile: PakFile PrimaryIndexSize=183
[2025.05.24-12.48.20:710][  0]LogPakFile: PakFile PathHashIndexSize=101
[2025.05.24-12.48.20:710][  0]LogPakFile: PakFile FullDirectoryIndexSize=140
[2025.05.24-12.48.20:710][  0]LogShaderLibrary: Display: ShaderCodeLibraryPakFileMountedCallback: PakFile 'C:/Program Files/Epic Games/UE_4.27/FeaturePacks/TP_TopDown.upack' (chunk index -1, root 'root:/') mounted
[2025.05.24-12.48.20:710][  0]LogShaderLibrary: Display: ShaderCodeLibraryPakFileMountedCallback: pending pak file info (ChunkID:-1 Root:root:/ File:C:/Program Files/Epic Games/UE_4.27/FeaturePacks/TP_TopDown.upack)
[2025.05.24-12.48.20:710][  0]LogPakFile: OnPakFileMounted2Time == 0.000037
[2025.05.24-12.48.20:710][  0]LogPakFile: PakFile PrimaryIndexSize=185
[2025.05.24-12.48.20:710][  0]LogPakFile: PakFile PathHashIndexSize=101
[2025.05.24-12.48.20:710][  0]LogPakFile: PakFile FullDirectoryIndexSize=144
[2025.05.24-12.48.20:710][  0]LogShaderLibrary: Display: ShaderCodeLibraryPakFileMountedCallback: PakFile 'C:/Program Files/Epic Games/UE_4.27/FeaturePacks/TP_TopDownBP.upack' (chunk index -1, root 'root:/') mounted
[2025.05.24-12.48.20:710][  0]LogShaderLibrary: Display: ShaderCodeLibraryPakFileMountedCallback: pending pak file info (ChunkID:-1 Root:root:/ File:C:/Program Files/Epic Games/UE_4.27/FeaturePacks/TP_TopDownBP.upack)
[2025.05.24-12.48.20:710][  0]LogPakFile: OnPakFileMounted2Time == 0.000024
[2025.05.24-12.48.20:710][  0]LogPakFile: PakFile PrimaryIndexSize=185
[2025.05.24-12.48.20:710][  0]LogPakFile: PakFile PathHashIndexSize=101
[2025.05.24-12.48.20:710][  0]LogPakFile: PakFile FullDirectoryIndexSize=144
[2025.05.24-12.48.20:710][  0]LogShaderLibrary: Display: ShaderCodeLibraryPakFileMountedCallback: PakFile 'C:/Program Files/Epic Games/UE_4.27/FeaturePacks/TP_TwinStick.upack' (chunk index -1, root 'root:/') mounted
[2025.05.24-12.48.20:710][  0]LogShaderLibrary: Display: ShaderCodeLibraryPakFileMountedCallback: pending pak file info (ChunkID:-1 Root:root:/ File:C:/Program Files/Epic Games/UE_4.27/FeaturePacks/TP_TwinStick.upack)
[2025.05.24-12.48.20:710][  0]LogPakFile: OnPakFileMounted2Time == 0.000024
[2025.05.24-12.48.20:711][  0]LogPakFile: PakFile PrimaryIndexSize=187
[2025.05.24-12.48.20:711][  0]LogPakFile: PakFile PathHashIndexSize=101
[2025.05.24-12.48.20:711][  0]LogPakFile: PakFile FullDirectoryIndexSize=148
[2025.05.24-12.48.20:711][  0]LogShaderLibrary: Display: ShaderCodeLibraryPakFileMountedCallback: PakFile 'C:/Program Files/Epic Games/UE_4.27/FeaturePacks/TP_TwinStickBP.upack' (chunk index -1, root 'root:/') mounted
[2025.05.24-12.48.20:711][  0]LogShaderLibrary: Display: ShaderCodeLibraryPakFileMountedCallback: pending pak file info (ChunkID:-1 Root:root:/ File:C:/Program Files/Epic Games/UE_4.27/FeaturePacks/TP_TwinStickBP.upack)
[2025.05.24-12.48.20:711][  0]LogPakFile: OnPakFileMounted2Time == 0.000028
[2025.05.24-12.48.20:711][  0]LogPakFile: PakFile PrimaryIndexSize=183
[2025.05.24-12.48.20:711][  0]LogPakFile: PakFile PathHashIndexSize=101
[2025.05.24-12.48.20:711][  0]LogPakFile: PakFile FullDirectoryIndexSize=140
[2025.05.24-12.48.20:711][  0]LogShaderLibrary: Display: ShaderCodeLibraryPakFileMountedCallback: PakFile 'C:/Program Files/Epic Games/UE_4.27/FeaturePacks/TP_Vehicle.upack' (chunk index -1, root 'root:/') mounted
[2025.05.24-12.48.20:711][  0]LogShaderLibrary: Display: ShaderCodeLibraryPakFileMountedCallback: pending pak file info (ChunkID:-1 Root:root:/ File:C:/Program Files/Epic Games/UE_4.27/FeaturePacks/TP_Vehicle.upack)
[2025.05.24-12.48.20:711][  0]LogPakFile: OnPakFileMounted2Time == 0.000028
[2025.05.24-12.48.20:712][  0]LogPakFile: PakFile PrimaryIndexSize=186
[2025.05.24-12.48.20:712][  0]LogPakFile: PakFile PathHashIndexSize=101
[2025.05.24-12.48.20:712][  0]LogPakFile: PakFile FullDirectoryIndexSize=146
[2025.05.24-12.48.20:712][  0]LogShaderLibrary: Display: ShaderCodeLibraryPakFileMountedCallback: PakFile 'C:/Program Files/Epic Games/UE_4.27/FeaturePacks/TP_VehicleAdv.upack' (chunk index -1, root 'root:/') mounted
[2025.05.24-12.48.20:712][  0]LogShaderLibrary: Display: ShaderCodeLibraryPakFileMountedCallback: pending pak file info (ChunkID:-1 Root:root:/ File:C:/Program Files/Epic Games/UE_4.27/FeaturePacks/TP_VehicleAdv.upack)
[2025.05.24-12.48.20:712][  0]LogPakFile: OnPakFileMounted2Time == 0.000028
[2025.05.24-12.48.20:712][  0]LogPakFile: PakFile PrimaryIndexSize=188
[2025.05.24-12.48.20:712][  0]LogPakFile: PakFile PathHashIndexSize=101
[2025.05.24-12.48.20:712][  0]LogPakFile: PakFile FullDirectoryIndexSize=150
[2025.05.24-12.48.20:712][  0]LogShaderLibrary: Display: ShaderCodeLibraryPakFileMountedCallback: PakFile 'C:/Program Files/Epic Games/UE_4.27/FeaturePacks/TP_VehicleAdvBP.upack' (chunk index -1, root 'root:/') mounted
[2025.05.24-12.48.20:712][  0]LogShaderLibrary: Display: ShaderCodeLibraryPakFileMountedCallback: pending pak file info (ChunkID:-1 Root:root:/ File:C:/Program Files/Epic Games/UE_4.27/FeaturePacks/TP_VehicleAdvBP.upack)
[2025.05.24-12.48.20:712][  0]LogPakFile: OnPakFileMounted2Time == 0.000030
[2025.05.24-12.48.20:712][  0]LogPakFile: PakFile PrimaryIndexSize=185
[2025.05.24-12.48.20:712][  0]LogPakFile: PakFile PathHashIndexSize=101
[2025.05.24-12.48.20:712][  0]LogPakFile: PakFile FullDirectoryIndexSize=144
[2025.05.24-12.48.20:713][  0]LogShaderLibrary: Display: ShaderCodeLibraryPakFileMountedCallback: PakFile 'C:/Program Files/Epic Games/UE_4.27/FeaturePacks/TP_VehicleBP.upack' (chunk index -1, root 'root:/') mounted
[2025.05.24-12.48.20:713][  0]LogShaderLibrary: Display: ShaderCodeLibraryPakFileMountedCallback: pending pak file info (ChunkID:-1 Root:root:/ File:C:/Program Files/Epic Games/UE_4.27/FeaturePacks/TP_VehicleBP.upack)
[2025.05.24-12.48.20:713][  0]LogPakFile: OnPakFileMounted2Time == 0.000027
[2025.05.24-12.48.20:713][  0]LogPakFile: PakFile PrimaryIndexSize=192
[2025.05.24-12.48.20:713][  0]LogPakFile: PakFile PathHashIndexSize=101
[2025.05.24-12.48.20:713][  0]LogPakFile: PakFile FullDirectoryIndexSize=158
[2025.05.24-12.48.20:713][  0]LogShaderLibrary: Display: ShaderCodeLibraryPakFileMountedCallback: PakFile 'C:/Program Files/Epic Games/UE_4.27/FeaturePacks/TP_VirtualRealityBP.upack' (chunk index -1, root 'root:/') mounted
[2025.05.24-12.48.20:713][  0]LogShaderLibrary: Display: ShaderCodeLibraryPakFileMountedCallback: pending pak file info (ChunkID:-1 Root:root:/ File:C:/Program Files/Epic Games/UE_4.27/FeaturePacks/TP_VirtualRealityBP.upack)
[2025.05.24-12.48.20:713][  0]LogPakFile: OnPakFileMounted2Time == 0.000025
[2025.05.24-12.48.20:750][  0]LogNativeClassHierarchy: Verbose: Native class hierarchy updated for 'AddContentDialog' in 0.0003 seconds. Added 0 classes and 0 folders.
[2025.05.24-12.48.20:751][  0]LogNativeClassHierarchy: Verbose: Native class hierarchy updated for 'SceneOutliner' in 0.0002 seconds. Added 2 classes and 0 folders.
[2025.05.24-12.48.20:875][  0]LogSlate: Took 0.000180 seconds to synchronously load lazily loaded font '../../../Engine/Content/Slate/Fonts/Roboto-Regular.ttf' (155K)
[2025.05.24-12.48.20:877][  0]LogSlate: Took 0.000338 seconds to synchronously load lazily loaded font '../../../Engine/Content/Editor/Slate/Fonts/FontAwesome.ttf' (139K)
[2025.05.24-12.48.20:879][  0]LogSlate: Took 0.000217 seconds to synchronously load lazily loaded font '../../../Engine/Content/Slate/Fonts/Roboto-Bold.ttf' (160K)
[2025.05.24-12.48.20:967][  0]LogRenderer: Reallocating scene render targets to support 1208x488 Format 10 NumSamples 4 (Frame:1).
[2025.05.24-12.48.21:075][  0]LogNativeClassHierarchy: Verbose: Native class hierarchy updated for 'HierarchicalLODOutliner' in 0.0003 seconds. Added 0 classes and 0 folders.
[2025.05.24-12.48.21:075][  0]LogLoad: (Engine Initialization) Total time: 8.79 seconds
[2025.05.24-12.48.21:075][  0]LogLoad: (Engine Initialization) Total Blueprint compile time: 0.00 seconds
[2025.05.24-12.48.21:144][  0]LogAssetRegistry: Asset discovery search completed in 3.8831 seconds
[2025.05.24-12.48.21:151][  0]LogCollectionManager: Fixed up redirectors for 0 collections in 0.000004 seconds (updated 0 objects)
[2025.05.24-12.48.21:153][  0]LogContentStreaming: Texture pool size now 1000 MB
[2025.05.24-12.48.21:197][  1]LogResonanceAudio: Display: Resonance Audio Listener is initialized
[2025.05.24-12.48.21:247][  3]LogSlate: Took 0.000173 seconds to synchronously load lazily loaded font '../../../Engine/Content/Slate/Fonts/Roboto-Light.ttf' (167K)
[2025.05.24-12.48.22:115][ 55]LogSlate: Took 0.000160 seconds to synchronously load lazily loaded font '../../../Engine/Content/Slate/Fonts/Roboto-Light.ttf' (167K)
[2025.05.24-12.48.32:544][675]LogTemp: Repeating last play command: Simulate
[2025.05.24-12.48.32:549][675]LogPlayLevel: PlayLevel: No blueprints needed recompiling
[2025.05.24-12.48.32:550][675]PIE: New page: SIE session: VRTemplateMap (24 мая 2025 г., 18:48:32)
[2025.05.24-12.48.32:551][675]LogOnline: OSS: Creating online subsystem instance for: NULL
[2025.05.24-12.48.32:552][675]LogOnline: OSS: TryLoadSubsystemAndSetDefault: Loaded subsystem for module [NULL]
[2025.05.24-12.48.32:553][675]LogPlayLevel: Creating play world package: /Game/VRTemplate/Maps/UEDPIE_0_VRTemplateMap
[2025.05.24-12.48.32:557][675]LogPlayLevel: PIE: StaticDuplicateObject took: (0.003964s)
[2025.05.24-12.48.32:558][675]LogAIModule: Creating AISystem for world VRTemplateMap
[2025.05.24-12.48.32:558][675]LogPlayLevel: PIE: World Init took: (0.001267s)
[2025.05.24-12.48.32:558][675]LogPlayLevel: PIE: Created PIE world by copying editor world from /Game/VRTemplate/Maps/VRTemplateMap.VRTemplateMap to /Game/VRTemplate/Maps/UEDPIE_0_VRTemplateMap.VRTemplateMap (0.005369s)
[2025.05.24-12.48.32:567][675]LogUObjectHash: Compacting FUObjectHashTables data took   0.80ms
[2025.05.24-12.48.32:571][675]LogAudio: Display: Creating Audio Device:                 Id: 2, Scope: Unique, Realtime: True
[2025.05.24-12.48.32:571][675]LogAudioMixer: Display: Audio Mixer Platform Settings:
[2025.05.24-12.48.32:571][675]LogAudioMixer: Display: 	Sample Rate:						  48000
[2025.05.24-12.48.32:571][675]LogAudioMixer: Display: 	Callback Buffer Frame Size Requested: 1024
[2025.05.24-12.48.32:571][675]LogAudioMixer: Display: 	Callback Buffer Frame Size To Use:	  1024
[2025.05.24-12.48.32:571][675]LogAudioMixer: Display: 	Number of buffers to queue:			  1
[2025.05.24-12.48.32:571][675]LogAudioMixer: Display: 	Max Channels (voices):				  0
[2025.05.24-12.48.32:571][675]LogAudioMixer: Display: 	Number of Async Source Workers:		  4
[2025.05.24-12.48.32:571][675]LogAudio: Display: AudioDevice MaxSources: 32
[2025.05.24-12.48.32:571][675]LogAudio: Display: Audio Spatialization Plugin: Resonance Audio is external send: 1
[2025.05.24-12.48.32:571][675]LogAudio: Display: Audio Reverb Plugin: Resonance Audio
[2025.05.24-12.48.32:571][675]LogAudio: Display: Audio Occlusion Plugin: None (built-in).
[2025.05.24-12.48.32:571][675]LogAudioMixer: Display: Initializing audio mixer.
[2025.05.24-12.48.32:576][675]LogAudioMixer: Display: 0: FrontLeft
[2025.05.24-12.48.32:576][675]LogAudioMixer: Display: 1: FrontRight
[2025.05.24-12.48.32:620][675]LogAudioMixer: Display: Using Audio Device Динамики (Realtek(R) Audio)
[2025.05.24-12.48.32:621][675]LogAudioMixer: Display: Initializing Sound Submixes...
[2025.05.24-12.48.32:621][675]LogAudioMixer: Display: Creating Master Submix 'MasterSubmixDefault'
[2025.05.24-12.48.32:621][675]LogAudioMixer: Display: Creating Master Submix 'MasterReverbSubmixDefault'
[2025.05.24-12.48.32:621][675]LogAudioMixer: Display: Creating Master Submix 'MasterEQSubmixDefault'
[2025.05.24-12.48.32:621][675]LogAudioMixer: FMixerPlatformXAudio2::StartAudioStream() called
[2025.05.24-12.48.32:621][675]LogAudioMixer: Display: Output buffers initialized: Frames=1024, Channels=2, Samples=2048
[2025.05.24-12.48.32:622][675]LogAudioMixer: Display: Starting AudioMixerPlatformInterface::RunInternal()
[2025.05.24-12.48.32:622][675]LogAudioMixer: Display: FMixerPlatformXAudio2::SubmitBuffer() called for the first time
[2025.05.24-12.48.32:622][675]LogInit: FAudioDevice initialized.
[2025.05.24-12.48.32:622][675]LogAudio: Display: Audio Device (ID: 2) registered with world 'VRTemplateMap'.
[2025.05.24-12.48.32:630][675]LogLoad: Game class is 'VRGameMode_C'
[2025.05.24-12.48.32:632][675]LogWorld: Bringing World /Game/VRTemplate/Maps/UEDPIE_0_VRTemplateMap.VRTemplateMap up for play (max tick rate 60) at 2025.05.24-15.48.32
[2025.05.24-12.48.32:633][675]LogWorld: Bringing up level for play took: 0.000954
[2025.05.24-12.48.32:633][675]LogOnline: OSS: Creating online subsystem instance for: :Context_1
[2025.05.24-12.48.32:634][675]LogSpawn: Warning: SpawnActor failed because no class was specified
[2025.05.24-12.48.32:635][675]LogNativeClassHierarchy: Verbose: Native class hierarchy updated for 'MovieSceneCapture' in 0.0003 seconds. Added 20 classes and 0 folders.
[2025.05.24-12.48.32:636][675]PIE: Server logged in
[2025.05.24-12.48.32:637][675]PIE: Play in editor total start time 0,088 seconds.
[2025.05.24-12.48.32:647][675]LogResonanceAudio: Display: Resonance Audio Listener is initialized
[2025.05.24-12.48.40:008][114]LogSlate: Updating window title bar state: overlay mode, drag disabled, window buttons hidden, title bar hidden
[2025.05.24-12.48.40:008][114]LogWorld: BeginTearingDown for /Game/VRTemplate/Maps/UEDPIE_0_VRTemplateMap
[2025.05.24-12.48.40:009][114]LogWorld: UWorld::CleanupWorld for VRTemplateMap, bSessionEnded=true, bCleanupResources=true
[2025.05.24-12.48.40:009][114]LogSlate: InvalidateAllWidgets triggered.  All widgets were invalidated
[2025.05.24-12.48.40:015][114]LogPlayLevel: Display: Shutting down PIE online subsystems
[2025.05.24-12.48.40:016][114]LogSlate: InvalidateAllWidgets triggered.  All widgets were invalidated
[2025.05.24-12.48.40:024][114]LogAudio: Display: Audio Device unregistered from world 'None'.
[2025.05.24-12.48.40:024][114]LogResonanceAudio: Display: Resonance Audio Listener is shutdown
[2025.05.24-12.48.40:024][114]LogAudioMixer: FMixerPlatformXAudio2::StopAudioStream() called
[2025.05.24-12.48.40:025][114]LogAudioMixer: FMixerPlatformXAudio2::StopAudioStream() called
[2025.05.24-12.48.40:034][114]LogSlate: Updating window title bar state: overlay mode, drag disabled, window buttons hidden, title bar hidden
[2025.05.24-12.48.40:036][114]LogUObjectHash: Compacting FUObjectHashTables data took   0.54ms
[2025.05.24-12.48.40:066][116]LogPlayLevel: Display: Destroying online subsystem :Context_1
[2025.05.24-12.48.48:029][590]LogEditorViewport: Clicking on Actor (LMB): StaticMeshActor (Wall_400x300)
[2025.05.24-12.48.49:067][647]LogEditorViewport: Clicking on Actor (LMB): BP_menu_C (BP_menu2)
[2025.05.24-12.48.50:471][729]LogAssetEditorSubsystem: Opening Asset editor for Blueprint /Game/Andrey/Menu/BP_Menu.BP_menu
[2025.05.24-12.48.50:629][729]LogNativeClassHierarchy: Verbose: Native class hierarchy updated for 'BlueprintGraph' in 0.0006 seconds. Added 126 classes and 0 folders.
[2025.05.24-12.48.51:313][729]LogSlate: Took 0.000187 seconds to synchronously load lazily loaded font '../../../Engine/Content/Slate/Fonts/Roboto-BoldCondensed.ttf' (158K)
[2025.05.24-12.48.51:344][730]LogSlate: Took 0.000397 seconds to synchronously load lazily loaded font '../../../Engine/Content/Slate/Fonts/Roboto-Italic.ttf' (157K)
[2025.05.24-12.48.57:816][113]LogRenderer: Reallocating scene render targets to support 1208x512 Format 10 NumSamples 4 (Frame:1).
[2025.05.24-12.49.07:291][668]LogEditorClassViewer: Warning: Class /Engine/Tutorial/InWorldBlueprintEditing/TutorialAssets/IWBE_Blutility.IWBE_Blutility_C has parent /Script/Blutility.PlacedEditorUtilityBase, but this parent is not found. The Class will not be shown in ClassViewer.
[2025.05.24-12.49.15:443][147]BlueprintLog: New page: Compile BP_menu
[2025.05.24-12.49.15:499][147]LogUObjectHash: Compacting FUObjectHashTables data took   2.54ms
[2025.05.24-12.49.15:534][147]LogSlate: Took 0.000236 seconds to synchronously load lazily loaded font '../../../Engine/Content/Slate/Fonts/DroidSansMono.ttf' (77K)
[2025.05.24-12.49.15:847][164]Cmd: OBJ SAVEPACKAGE PACKAGE="/Game/Andrey/Menu/BP_Menu" FILE="../../../../../../Users/AlisaDI/Documents/MephiTasks/UnrealProject/Content/Andrey/Menu/BP_Menu.uasset" SILENT=true
[2025.05.24-12.49.15:852][164]LogSavePackage: Moving '../../../../../../Users/AlisaDI/Documents/MephiTasks/UnrealProject/Saved/BP_MenuE207D4DB43E3C3ADDBBFDFB8F1DF80B9.tmp' to '../../../../../../Users/AlisaDI/Documents/MephiTasks/UnrealProject/Content/Andrey/Menu/BP_Menu.uasset'
[2025.05.24-12.49.15:869][164]AssetCheck: New page: Asset Save: BP_menu
[2025.05.24-12.49.15:869][164]LogContentValidation: Display: Validating Blueprint /Game/Andrey/Menu/BP_Menu.BP_menu
[2025.05.24-12.49.17:005][230]LogSlate: Window 'BP_menu' being destroyed
[2025.05.24-12.49.17:011][230]LogSlate: Window 'BP_menu' being destroyed
[2025.05.24-12.49.17:015][230]LogWorld: UWorld::CleanupWorld for World_2, bSessionEnded=true, bCleanupResources=true
[2025.05.24-12.49.17:016][230]LogSlate: InvalidateAllWidgets triggered.  All widgets were invalidated
[2025.05.24-12.49.19:128][349]LogUObjectHash: Compacting FUObjectHashTables data took   1.83ms
[2025.05.24-12.49.19:141][349]LogSavePackage: Moving '../../../../../../Users/AlisaDI/Documents/MephiTasks/UnrealProject/Saved/VRTemplateMapDBEE95224CD535BB063C158580AAEC60.tmp' to '../../../../../../Users/AlisaDI/Documents/MephiTasks/UnrealProject/Content/VRTemplate/Maps/VRTemplateMap.umap'
[2025.05.24-12.49.19:281][349]LogSavePackage: Moving '../../../../../../Users/AlisaDI/Documents/MephiTasks/UnrealProject/Saved/VRTemplateMap_BuiltDataDE92264347BD50FE457265AEB7076B3F.tmp' to '../../../../../../Users/AlisaDI/Documents/MephiTasks/UnrealProject/Content/VRTemplate/Maps/VRTemplateMap_BuiltData.uasset'
[2025.05.24-12.49.19:296][349]AssetCheck: New page: Asset Save: multiple assets
[2025.05.24-12.49.19:296][349]LogContentValidation: Display: Validating MapBuildDataRegistry /Game/VRTemplate/Maps/VRTemplateMap_BuiltData.VRTemplateMap_BuiltData
[2025.05.24-12.49.19:296][349]LogContentValidation: Display: Validating World /Game/VRTemplate/Maps/VRTemplateMap.VRTemplateMap
[2025.05.24-12.49.21:019][449]LogEditorViewport: Clicking on Actor (LMB): BP_menu_C (BP_menu2)
[2025.05.24-12.49.32:670][147]LogEditorViewport: Clicking on Actor (LMB): StaticMeshActor (Wall_400x303)
[2025.05.24-12.49.34:498][255]LogEditorViewport: Clicking on Actor (LMB): BP_menu_C (BP_menu)
[2025.05.24-12.49.35:642][323]Cmd: DELETE
[2025.05.24-12.49.35:642][323]Cmd: ACTOR DELETE
[2025.05.24-12.49.35:658][323]LogEditorActor: Deleted Actor: BP_menu_C
[2025.05.24-12.49.35:683][323]LogUObjectHash: Compacting FUObjectHashTables data took   2.01ms
[2025.05.24-12.49.35:688][323]LogEditorActor: Deleted 1 Actors (0.046 secs)
[2025.05.24-12.49.37:898][456]LogEditorViewport: Clicking on Actor (LMB): BP_menu_C (BP_menu2)
[2025.05.24-12.50.05:103][ 87]LogEditorViewport: Clicking on Actor (LMB): StaticMeshActor (TemplateFloor)
[2025.05.24-12.50.09:209][332]LogEditorViewport: Clicking on Actor (LMB): StaticMeshActor (Wall_400x300)
[2025.05.24-12.59.19:239][298]LogUObjectHash: Compacting FUObjectHashTables data took   2.67ms
[2025.05.24-12.59.19:270][298]LogSavePackage: Moving '../../../../../../Users/AlisaDI/Documents/MephiTasks/UnrealProject/Saved/VRTemplateMap_Auto12A102F624C960479CBDEF9A14F469E57.tmp' to '../../../../../../Users/AlisaDI/Documents/MephiTasks/UnrealProject/Saved/Autosaves/Game/VRTemplate/Maps/VRTemplateMap_Auto1.umap'
[2025.05.24-12.59.19:272][298]LogFileHelpers: Editor autosave (incl. external actors) for '/Game/VRTemplate/Maps/VRTemplateMap' took 0.077
[2025.05.24-12.59.19:272][298]LogFileHelpers: Editor autosave (incl. sublevels & external actors) for all levels took 0.077
[2025.05.24-12.59.49:741][390]LogWindowsTextInputMethodSystem: Display: IME system deactivated.
[2025.05.24-12.59.49:741][390]LogWindowsTextInputMethodSystem: Display: IME system deactivated.
[2025.05.24-12.59.53:444][598]LogAssetEditorSubsystem: Opening Asset editor for Blueprint /Game/Andrey/Menu/Menu_Int.Menu_Int
[2025.05.24-12.59.57:566][826]LogAssetEditorSubsystem: Opening Asset editor for WidgetBlueprint /Game/Andrey/Menu/WD_Menu.WD_Menu
[2025.05.24-13.00.16:182][904]LogProperty: Warning: ObjectProperty /Script/Engine.MemberReference:MemberParent: unresolved reference to 'BlueprintGeneratedClass'"/Game/MyLogic/3DPrinterwithMenu/BPI_PrintInterection.BPI_PrintInterection_C"',MemberName="PrintButtenPres",MemberGuid=BF63A47A47089A4722892E871A711D2D)'
[2025.05.24-13.00.16:184][904]LogProperty: Warning: ObjectProperty /Script/Engine.MemberReference:MemberParent: unresolved reference to 'BlueprintGeneratedClass'"/Game/MyLogic/Scoure/BPI_TransferScoure.BPI_TransferScoure_C"',MemberName="TransferScoureFunction",MemberGuid=33F2ECFB46917B52941216818868C0E7)'
[2025.05.24-13.01.18:827][106]LogEditorTransaction: Undo Add Node
[2025.05.24-13.01.19:127][114]LogEditorTransaction: Undo Delete current selection
[2025.05.24-13.01.53:449][147]LogEditorTransaction: Undo Create Pin Link
[2025.05.24-13.01.53:989][165]LogEditorTransaction: Undo Add Node
[2025.05.24-13.01.54:571][192]LogEditorTransaction: Undo Delete current selection
[2025.05.24-13.02.23:659][919]LogEditorTransaction: Undo Add Node
[2025.05.24-13.02.31:106][333]LogSlate: Took 0.000253 seconds to synchronously load lazily loaded font '../../../Engine/Content/Slate/Fonts/Roboto-BoldCondensedItalic.ttf' (160K)
[2025.05.24-13.02.35:099][562]BlueprintLog: New page: Compile WD_Menu
[2025.05.24-13.02.35:111][562]LogBlueprint: Error: [AssetLog] C:\Users\AlisaDI\Documents\MephiTasks\UnrealProject\Content\Andrey\Menu\WD_Menu.uasset: [Compiler] Message node  Invalid Message Node  has an invalid interface.
[2025.05.24-13.02.35:113][562]LogBlueprint: Warning: [AssetLog] C:\Users\AlisaDI\Documents\MephiTasks\UnrealProject\Content\Andrey\Menu\WD_Menu.uasset: [Compiler] Could not find a variable named "ErrorPrintCounter" in 'WD_Menu_C'.
Make sure 'WD_Menu_C' has been compiled for  Get ErrorPrintCounter
[2025.05.24-13.02.35:113][562]LogBlueprint: Warning: [AssetLog] C:\Users\AlisaDI\Documents\MephiTasks\UnrealProject\Content\Andrey\Menu\WD_Menu.uasset: [Compiler] Could not find a variable named "ErrorPrintCounter" in 'WD_Menu_C'.
Make sure 'WD_Menu_C' has been compiled for  Set ErrorPrintCounter
[2025.05.24-13.02.35:113][562]LogBlueprint: Warning: [AssetLog] C:\Users\AlisaDI\Documents\MephiTasks\UnrealProject\Content\Andrey\Menu\WD_Menu.uasset: [Compiler] Could not find a variable named "ErrorPrintCounter" in 'WD_Menu_C'.
Make sure 'WD_Menu_C' has been compiled for  Get ErrorPrintCounter
[2025.05.24-13.02.35:113][562]LogBlueprint: Warning: [AssetLog] C:\Users\AlisaDI\Documents\MephiTasks\UnrealProject\Content\Andrey\Menu\WD_Menu.uasset: [Compiler] Could not find a variable named "ErrorPrintCounter" in 'WD_Menu_C'.
Make sure 'WD_Menu_C' has been compiled for  Set ErrorPrintCounter
[2025.05.24-13.02.35:113][562]LogBlueprint: Warning: [AssetLog] C:\Users\AlisaDI\Documents\MephiTasks\UnrealProject\Content\Andrey\Menu\WD_Menu.uasset: [Compiler] Could not find a variable named "ErrorPrintCounter" in 'WD_Menu_C'.
Make sure 'WD_Menu_C' has been compiled for  Get ErrorPrintCounter
[2025.05.24-13.02.35:114][562]LogBlueprint: Warning: [AssetLog] C:\Users\AlisaDI\Documents\MephiTasks\UnrealProject\Content\Andrey\Menu\WD_Menu.uasset: [Compiler] Could not find a variable named "ErrorPrintCounter" in 'WD_Menu_C'.
Make sure 'WD_Menu_C' has been compiled for  Set ErrorPrintCounter
[2025.05.24-13.02.35:114][562]LogBlueprint: Warning: [AssetLog] C:\Users\AlisaDI\Documents\MephiTasks\UnrealProject\Content\Andrey\Menu\WD_Menu.uasset: [Compiler] Could not find a variable named "ErrorPrintCounter" in 'WD_Menu_C'.
Make sure 'WD_Menu_C' has been compiled for  Set ErrorPrintCounter
[2025.05.24-13.02.35:114][562]LogBlueprint: Warning: [AssetLog] C:\Users\AlisaDI\Documents\MephiTasks\UnrealProject\Content\Andrey\Menu\WD_Menu.uasset: [Compiler] Could not find a variable named "NumberDetail" in 'WD_Menu_C'.
Make sure 'WD_Menu_C' has been compiled for  Get NumberDetail
[2025.05.24-13.02.35:114][562]LogBlueprint: Warning: [AssetLog] C:\Users\AlisaDI\Documents\MephiTasks\UnrealProject\Content\Andrey\Menu\WD_Menu.uasset: [Compiler] Could not find a variable named "FinalTime" in 'WD_Menu_C'.
Make sure 'WD_Menu_C' has been compiled for  Get FinalTime
[2025.05.24-13.02.35:114][562]LogBlueprint: Warning: [AssetLog] C:\Users\AlisaDI\Documents\MephiTasks\UnrealProject\Content\Andrey\Menu\WD_Menu.uasset: [Compiler] Could not find a variable named "FinalMass" in 'WD_Menu_C'.
Make sure 'WD_Menu_C' has been compiled for  Get FinalMass
[2025.05.24-13.02.35:115][562]LogBlueprint: Warning: [AssetLog] C:\Users\AlisaDI\Documents\MephiTasks\UnrealProject\Content\Andrey\Menu\WD_Menu.uasset: [Compiler] Could not find a variable named "ConditionSupportClick" in 'WD_Menu_C'.
Make sure 'WD_Menu_C' has been compiled for  Get ConditionSupportClick
[2025.05.24-13.02.35:115][562]LogBlueprint: Warning: [AssetLog] C:\Users\AlisaDI\Documents\MephiTasks\UnrealProject\Content\Andrey\Menu\WD_Menu.uasset: [Compiler] Could not find a variable named "CounterPercent" in 'WD_Menu_C'.
Make sure 'WD_Menu_C' has been compiled for  Get CounterPercent
[2025.05.24-13.02.35:115][562]LogBlueprint: Warning: [AssetLog] C:\Users\AlisaDI\Documents\MephiTasks\UnrealProject\Content\Andrey\Menu\WD_Menu.uasset: [Compiler] Could not find a variable named "CounterDetail" in 'WD_Menu_C'.
Make sure 'WD_Menu_C' has been compiled for  Get CounterDetail
[2025.05.24-13.02.35:115][562]LogBlueprint: Error: [AssetLog] C:\Users\AlisaDI\Documents\MephiTasks\UnrealProject\Content\Andrey\Menu\WD_Menu.uasset: [Compiler] In use pin  <Unnamed>  no longer exists on node  Invalid Message Node . Please refresh node or break links to remove pin.
[2025.05.24-13.02.35:115][562]LogBlueprint: Error: [AssetLog] C:\Users\AlisaDI\Documents\MephiTasks\UnrealProject\Content\Andrey\Menu\WD_Menu.uasset: [Compiler] In use pin  Target  no longer exists on node  Invalid Message Node . Please refresh node or break links to remove pin.
[2025.05.24-13.02.35:115][562]LogBlueprint: Error: [AssetLog] C:\Users\AlisaDI\Documents\MephiTasks\UnrealProject\Content\Andrey\Menu\WD_Menu.uasset: [Compiler] In use pin  Number Of Prints I  no longer exists on node  Invalid Message Node . Please refresh node or break links to remove pin.
[2025.05.24-13.02.35:115][562]LogBlueprint: Error: [AssetLog] C:\Users\AlisaDI\Documents\MephiTasks\UnrealProject\Content\Andrey\Menu\WD_Menu.uasset: [Compiler] In use pin  Number Detail I  no longer exists on node  Invalid Message Node . Please refresh node or break links to remove pin.
[2025.05.24-13.02.35:115][562]LogBlueprint: Error: [AssetLog] C:\Users\AlisaDI\Documents\MephiTasks\UnrealProject\Content\Andrey\Menu\WD_Menu.uasset: [Compiler] Could not find a function named "PrintButtenPres" in 'WD_Menu'.
Make sure 'WD_Menu' has been compiled for  Invalid Message Node
[2025.05.24-13.02.35:118][562]LogBlueprint: Error: [AssetLog] C:\Users\AlisaDI\Documents\MephiTasks\UnrealProject\Content\Andrey\Menu\WD_Menu.uasset: [Compiler] The property associated with  Error Print Counter  could not be found in '/Game/Andrey/Menu/WD_Menu.WD_Menu_C'
[2025.05.24-13.02.35:118][562]LogBlueprint: Error: [AssetLog] C:\Users\AlisaDI\Documents\MephiTasks\UnrealProject\Content\Andrey\Menu\WD_Menu.uasset: [Compiler] The property associated with  Error Print Counter  could not be found in '/Game/Andrey/Menu/WD_Menu.WD_Menu_C'
[2025.05.24-13.02.35:118][562]LogBlueprint: Error: [AssetLog] C:\Users\AlisaDI\Documents\MephiTasks\UnrealProject\Content\Andrey\Menu\WD_Menu.uasset: [Compiler] The property associated with  Error Print Counter  could not be found in '/Game/Andrey/Menu/WD_Menu.WD_Menu_C'
[2025.05.24-13.02.35:118][562]LogBlueprint: Error: [AssetLog] C:\Users\AlisaDI\Documents\MephiTasks\UnrealProject\Content\Andrey\Menu\WD_Menu.uasset: [Compiler] The property associated with  Error Print Counter  could not be found in '/Game/Andrey/Menu/WD_Menu.WD_Menu_C'
[2025.05.24-13.02.35:119][562]LogBlueprint: Error: [AssetLog] C:\Users\AlisaDI\Documents\MephiTasks\UnrealProject\Content\Andrey\Menu\WD_Menu.uasset: [Compiler] The property associated with  Counter Detail  could not be found in '/Game/Andrey/Menu/WD_Menu.WD_Menu_C'
[2025.05.24-13.02.35:119][562]LogBlueprint: Error: [AssetLog] C:\Users\AlisaDI\Documents\MephiTasks\UnrealProject\Content\Andrey\Menu\WD_Menu.uasset: [Compiler] The property associated with  Counter Percent  could not be found in '/Game/Andrey/Menu/WD_Menu.WD_Menu_C'
[2025.05.24-13.02.35:119][562]LogBlueprint: Error: [AssetLog] C:\Users\AlisaDI\Documents\MephiTasks\UnrealProject\Content\Andrey\Menu\WD_Menu.uasset: [Compiler] The property associated with  Condition Support Click  could not be found in '/Game/Andrey/Menu/WD_Menu.WD_Menu_C'
[2025.05.24-13.02.35:119][562]LogBlueprint: Error: [AssetLog] C:\Users\AlisaDI\Documents\MephiTasks\UnrealProject\Content\Andrey\Menu\WD_Menu.uasset: [Compiler] The property associated with  Final Mass  could not be found in '/Game/Andrey/Menu/WD_Menu.WD_Menu_C'
[2025.05.24-13.02.35:119][562]LogBlueprint: Error: [AssetLog] C:\Users\AlisaDI\Documents\MephiTasks\UnrealProject\Content\Andrey\Menu\WD_Menu.uasset: [Compiler] The property associated with  Final Time  could not be found in '/Game/Andrey/Menu/WD_Menu.WD_Menu_C'
[2025.05.24-13.02.35:119][562]LogBlueprint: Error: [AssetLog] C:\Users\AlisaDI\Documents\MephiTasks\UnrealProject\Content\Andrey\Menu\WD_Menu.uasset: [Compiler] The property associated with  Number Detail  could not be found in '/Game/Andrey/Menu/WD_Menu.WD_Menu_C'
[2025.05.24-13.02.35:119][562]LogBlueprint: Error: [AssetLog] C:\Users\AlisaDI\Documents\MephiTasks\UnrealProject\Content\Andrey\Menu\WD_Menu.uasset: [Compiler] The property associated with  Error Print Counter  could not be found in '/Game/Andrey/Menu/WD_Menu.WD_Menu_C'
[2025.05.24-13.02.35:119][562]LogBlueprint: Error: [AssetLog] C:\Users\AlisaDI\Documents\MephiTasks\UnrealProject\Content\Andrey\Menu\WD_Menu.uasset: [Compiler] The property associated with  Error Print Counter  could not be found in '/Game/Andrey/Menu/WD_Menu.WD_Menu_C'
[2025.05.24-13.02.35:119][562]LogBlueprint: Error: [AssetLog] C:\Users\AlisaDI\Documents\MephiTasks\UnrealProject\Content\Andrey\Menu\WD_Menu.uasset: [Compiler] The property associated with  Error Print Counter  could not be found in '/Game/Andrey/Menu/WD_Menu.WD_Menu_C'
[2025.05.24-13.02.35:206][562]LogUObjectHash: Compacting FUObjectHashTables data took   3.31ms
[2025.05.24-13.02.35:622][578]Cmd: OBJ SAVEPACKAGE PACKAGE="/Game/Andrey/Menu/WD_Menu" FILE="../../../../../../Users/AlisaDI/Documents/MephiTasks/UnrealProject/Content/Andrey/Menu/WD_Menu.uasset" SILENT=true
[2025.05.24-13.02.35:685][578]LogSavePackage: Moving '../../../../../../Users/AlisaDI/Documents/MephiTasks/UnrealProject/Saved/WD_Menu50791F7A45A69E292094DE919F02A48F.tmp' to '../../../../../../Users/AlisaDI/Documents/MephiTasks/UnrealProject/Content/Andrey/Menu/WD_Menu.uasset'
[2025.05.24-13.02.35:703][578]AssetCheck: New page: Asset Save: WD_Menu
[2025.05.24-13.02.35:703][578]LogContentValidation: Display: Validating WidgetBlueprint /Game/Andrey/Menu/WD_Menu.WD_Menu
[2025.05.24-13.03.49:768][986]LogEditorTransaction: Undo Add Node
[2025.05.24-13.03.50:029][992]LogEditorTransaction: Undo Delete current selection
[2025.05.24-13.04.46:850][898]Cmd: OBJ SAVEPACKAGE PACKAGE="/Game/Andrey/Menu/WD_Menu" FILE="../../../../../../Users/AlisaDI/Documents/MephiTasks/UnrealProject/Content/Andrey/Menu/WD_Menu.uasset" SILENT=true
[2025.05.24-13.04.46:916][898]LogSavePackage: Moving '../../../../../../Users/AlisaDI/Documents/MephiTasks/UnrealProject/Saved/WD_MenuB60593C14C6C0A5F2BB7799925B65175.tmp' to '../../../../../../Users/AlisaDI/Documents/MephiTasks/UnrealProject/Content/Andrey/Menu/WD_Menu.uasset'
[2025.05.24-13.04.46:935][898]AssetCheck: New page: Asset Save: WD_Menu
[2025.05.24-13.04.46:935][898]LogContentValidation: Display: Validating WidgetBlueprint /Game/Andrey/Menu/WD_Menu.WD_Menu
[2025.05.24-13.04.47:525][934]BlueprintLog: New page: Compile WD_Menu
[2025.05.24-13.04.47:535][934]LogBlueprint: Error: [AssetLog] C:\Users\AlisaDI\Documents\MephiTasks\UnrealProject\Content\Andrey\Menu\WD_Menu.uasset: [Compiler] Message node  Invalid Message Node  has an invalid interface.
[2025.05.24-13.04.47:536][934]LogBlueprint: Warning: [AssetLog] C:\Users\AlisaDI\Documents\MephiTasks\UnrealProject\Content\Andrey\Menu\WD_Menu.uasset: [Compiler] Could not find a variable named "ErrorPrintCounter" in 'WD_Menu_C'.
Make sure 'WD_Menu_C' has been compiled for  Get ErrorPrintCounter
[2025.05.24-13.04.47:537][934]LogBlueprint: Warning: [AssetLog] C:\Users\AlisaDI\Documents\MephiTasks\UnrealProject\Content\Andrey\Menu\WD_Menu.uasset: [Compiler] Could not find a variable named "ErrorPrintCounter" in 'WD_Menu_C'.
Make sure 'WD_Menu_C' has been compiled for  Set ErrorPrintCounter
[2025.05.24-13.04.47:537][934]LogBlueprint: Warning: [AssetLog] C:\Users\AlisaDI\Documents\MephiTasks\UnrealProject\Content\Andrey\Menu\WD_Menu.uasset: [Compiler] Could not find a variable named "ErrorPrintCounter" in 'WD_Menu_C'.
Make sure 'WD_Menu_C' has been compiled for  Get ErrorPrintCounter
[2025.05.24-13.04.47:537][934]LogBlueprint: Warning: [AssetLog] C:\Users\AlisaDI\Documents\MephiTasks\UnrealProject\Content\Andrey\Menu\WD_Menu.uasset: [Compiler] Could not find a variable named "ErrorPrintCounter" in 'WD_Menu_C'.
Make sure 'WD_Menu_C' has been compiled for  Set ErrorPrintCounter
[2025.05.24-13.04.47:537][934]LogBlueprint: Warning: [AssetLog] C:\Users\AlisaDI\Documents\MephiTasks\UnrealProject\Content\Andrey\Menu\WD_Menu.uasset: [Compiler] Could not find a variable named "ErrorPrintCounter" in 'WD_Menu_C'.
Make sure 'WD_Menu_C' has been compiled for  Set ErrorPrintCounter
[2025.05.24-13.04.47:537][934]LogBlueprint: Warning: [AssetLog] C:\Users\AlisaDI\Documents\MephiTasks\UnrealProject\Content\Andrey\Menu\WD_Menu.uasset: [Compiler] Could not find a variable named "NumberDetail" in 'WD_Menu_C'.
Make sure 'WD_Menu_C' has been compiled for  Get NumberDetail
[2025.05.24-13.04.47:537][934]LogBlueprint: Warning: [AssetLog] C:\Users\AlisaDI\Documents\MephiTasks\UnrealProject\Content\Andrey\Menu\WD_Menu.uasset: [Compiler] Could not find a variable named "FinalTime" in 'WD_Menu_C'.
Make sure 'WD_Menu_C' has been compiled for  Get FinalTime
[2025.05.24-13.04.47:537][934]LogBlueprint: Warning: [AssetLog] C:\Users\AlisaDI\Documents\MephiTasks\UnrealProject\Content\Andrey\Menu\WD_Menu.uasset: [Compiler] Could not find a variable named "FinalMass" in 'WD_Menu_C'.
Make sure 'WD_Menu_C' has been compiled for  Get FinalMass
[2025.05.24-13.04.47:538][934]LogBlueprint: Warning: [AssetLog] C:\Users\AlisaDI\Documents\MephiTasks\UnrealProject\Content\Andrey\Menu\WD_Menu.uasset: [Compiler] Could not find a variable named "ConditionSupportClick" in 'WD_Menu_C'.
Make sure 'WD_Menu_C' has been compiled for  Get ConditionSupportClick
[2025.05.24-13.04.47:538][934]LogBlueprint: Warning: [AssetLog] C:\Users\AlisaDI\Documents\MephiTasks\UnrealProject\Content\Andrey\Menu\WD_Menu.uasset: [Compiler] Could not find a variable named "CounterDetail" in 'WD_Menu_C'.
Make sure 'WD_Menu_C' has been compiled for  Get CounterDetail
[2025.05.24-13.04.47:538][934]LogBlueprint: Error: [AssetLog] C:\Users\AlisaDI\Documents\MephiTasks\UnrealProject\Content\Andrey\Menu\WD_Menu.uasset: [Compiler] In use pin  <Unnamed>  no longer exists on node  Invalid Message Node . Please refresh node or break links to remove pin.
[2025.05.24-13.04.47:538][934]LogBlueprint: Error: [AssetLog] C:\Users\AlisaDI\Documents\MephiTasks\UnrealProject\Content\Andrey\Menu\WD_Menu.uasset: [Compiler] In use pin  Target  no longer exists on node  Invalid Message Node . Please refresh node or break links to remove pin.
[2025.05.24-13.04.47:538][934]LogBlueprint: Error: [AssetLog] C:\Users\AlisaDI\Documents\MephiTasks\UnrealProject\Content\Andrey\Menu\WD_Menu.uasset: [Compiler] In use pin  Number Of Prints I  no longer exists on node  Invalid Message Node . Please refresh node or break links to remove pin.
[2025.05.24-13.04.47:538][934]LogBlueprint: Error: [AssetLog] C:\Users\AlisaDI\Documents\MephiTasks\UnrealProject\Content\Andrey\Menu\WD_Menu.uasset: [Compiler] In use pin  Number Detail I  no longer exists on node  Invalid Message Node . Please refresh node or break links to remove pin.
[2025.05.24-13.04.47:538][934]LogBlueprint: Error: [AssetLog] C:\Users\AlisaDI\Documents\MephiTasks\UnrealProject\Content\Andrey\Menu\WD_Menu.uasset: [Compiler] Could not find a function named "PrintButtenPres" in 'WD_Menu'.
Make sure 'WD_Menu' has been compiled for  Invalid Message Node
[2025.05.24-13.04.47:540][934]LogBlueprint: Error: [AssetLog] C:\Users\AlisaDI\Documents\MephiTasks\UnrealProject\Content\Andrey\Menu\WD_Menu.uasset: [Compiler] The property associated with  Error Print Counter  could not be found in '/Game/Andrey/Menu/WD_Menu.WD_Menu_C'
[2025.05.24-13.04.47:540][934]LogBlueprint: Error: [AssetLog] C:\Users\AlisaDI\Documents\MephiTasks\UnrealProject\Content\Andrey\Menu\WD_Menu.uasset: [Compiler] The property associated with  Error Print Counter  could not be found in '/Game/Andrey/Menu/WD_Menu.WD_Menu_C'
[2025.05.24-13.04.47:540][934]LogBlueprint: Error: [AssetLog] C:\Users\AlisaDI\Documents\MephiTasks\UnrealProject\Content\Andrey\Menu\WD_Menu.uasset: [Compiler] The property associated with  Error Print Counter  could not be found in '/Game/Andrey/Menu/WD_Menu.WD_Menu_C'
[2025.05.24-13.04.47:541][934]LogBlueprint: Error: [AssetLog] C:\Users\AlisaDI\Documents\MephiTasks\UnrealProject\Content\Andrey\Menu\WD_Menu.uasset: [Compiler] The property associated with  Counter Detail  could not be found in '/Game/Andrey/Menu/WD_Menu.WD_Menu_C'
[2025.05.24-13.04.47:541][934]LogBlueprint: Error: [AssetLog] C:\Users\AlisaDI\Documents\MephiTasks\UnrealProject\Content\Andrey\Menu\WD_Menu.uasset: [Compiler] The property associated with  Condition Support Click  could not be found in '/Game/Andrey/Menu/WD_Menu.WD_Menu_C'
[2025.05.24-13.04.47:541][934]LogBlueprint: Error: [AssetLog] C:\Users\AlisaDI\Documents\MephiTasks\UnrealProject\Content\Andrey\Menu\WD_Menu.uasset: [Compiler] The property associated with  Final Mass  could not be found in '/Game/Andrey/Menu/WD_Menu.WD_Menu_C'
[2025.05.24-13.04.47:541][934]LogBlueprint: Error: [AssetLog] C:\Users\AlisaDI\Documents\MephiTasks\UnrealProject\Content\Andrey\Menu\WD_Menu.uasset: [Compiler] The property associated with  Final Time  could not be found in '/Game/Andrey/Menu/WD_Menu.WD_Menu_C'
[2025.05.24-13.04.47:541][934]LogBlueprint: Error: [AssetLog] C:\Users\AlisaDI\Documents\MephiTasks\UnrealProject\Content\Andrey\Menu\WD_Menu.uasset: [Compiler] The property associated with  Number Detail  could not be found in '/Game/Andrey/Menu/WD_Menu.WD_Menu_C'
[2025.05.24-13.04.47:541][934]LogBlueprint: Error: [AssetLog] C:\Users\AlisaDI\Documents\MephiTasks\UnrealProject\Content\Andrey\Menu\WD_Menu.uasset: [Compiler] The property associated with  Error Print Counter  could not be found in '/Game/Andrey/Menu/WD_Menu.WD_Menu_C'
[2025.05.24-13.04.47:542][934]LogBlueprint: Error: [AssetLog] C:\Users\AlisaDI\Documents\MephiTasks\UnrealProject\Content\Andrey\Menu\WD_Menu.uasset: [Compiler] The property associated with  Error Print Counter  could not be found in '/Game/Andrey/Menu/WD_Menu.WD_Menu_C'
[2025.05.24-13.04.47:610][934]LogUObjectHash: Compacting FUObjectHashTables data took   3.02ms
[2025.05.24-13.04.48:086][954]Cmd: OBJ SAVEPACKAGE PACKAGE="/Game/Andrey/Menu/WD_Menu" FILE="../../../../../../Users/AlisaDI/Documents/MephiTasks/UnrealProject/Content/Andrey/Menu/WD_Menu.uasset" SILENT=true
[2025.05.24-13.04.48:149][954]LogSavePackage: Moving '../../../../../../Users/AlisaDI/Documents/MephiTasks/UnrealProject/Saved/WD_Menu7541FCA444A5C99CEC27209C92FEDAFD.tmp' to '../../../../../../Users/AlisaDI/Documents/MephiTasks/UnrealProject/Content/Andrey/Menu/WD_Menu.uasset'
[2025.05.24-13.04.48:167][954]AssetCheck: New page: Asset Save: WD_Menu
[2025.05.24-13.04.48:167][954]LogContentValidation: Display: Validating WidgetBlueprint /Game/Andrey/Menu/WD_Menu.WD_Menu
[2025.05.24-13.05.26:087][193]LogEditorTransaction: Undo Create Pin Link
[2025.05.24-13.05.59:497][152]LogEditorTransaction: Undo Delete current selection
[2025.05.24-13.05.59:958][165]LogEditorTransaction: Undo Delete current selection
[2025.05.24-13.07.47:357][558]BlueprintLog: New page: Compile Menu_Int
[2025.05.24-13.07.47:395][558]LogUObjectHash: Compacting FUObjectHashTables data took   3.08ms
[2025.05.24-13.07.47:961][591]Cmd: OBJ SAVEPACKAGE PACKAGE="/Game/Andrey/Menu/Menu_Int" FILE="../../../../../../Users/AlisaDI/Documents/MephiTasks/UnrealProject/Content/Andrey/Menu/Menu_Int.uasset" SILENT=true
[2025.05.24-13.07.47:963][591]LogSavePackage: Moving '../../../../../../Users/AlisaDI/Documents/MephiTasks/UnrealProject/Saved/Menu_IntE21246B342081FDE5ED2228F9C3D325F.tmp' to '../../../../../../Users/AlisaDI/Documents/MephiTasks/UnrealProject/Content/Andrey/Menu/Menu_Int.uasset'
[2025.05.24-13.07.47:981][591]AssetCheck: New page: Asset Save: Menu_Int
[2025.05.24-13.07.47:981][591]LogContentValidation: Display: Validating Blueprint /Game/Andrey/Menu/Menu_Int.Menu_Int
[2025.05.24-13.08.12:723][ 58]LogEditorTransaction: Undo Move Node
[2025.05.24-13.08.13:162][ 72]LogEditorTransaction: Undo Move Node
[2025.05.24-13.09.19:781][ 48]LogUObjectHash: Compacting FUObjectHashTables data took   2.87ms
[2025.05.24-13.09.19:795][ 48]LogSavePackage: Moving '../../../../../../Users/AlisaDI/Documents/MephiTasks/UnrealProject/Saved/VRTemplateMap_Auto219509292497269AA7E9121823D54D8B2.tmp' to '../../../../../../Users/AlisaDI/Documents/MephiTasks/UnrealProject/Saved/Autosaves/Game/VRTemplate/Maps/VRTemplateMap_Auto2.umap'
[2025.05.24-13.09.19:796][ 48]LogFileHelpers: Editor autosave (incl. external actors) for '/Game/VRTemplate/Maps/VRTemplateMap' took 0.048
[2025.05.24-13.09.19:796][ 48]LogFileHelpers: Editor autosave (incl. sublevels & external actors) for all levels took 0.048
[2025.05.24-13.09.19:796][ 48]OBJ SavePackage: Generating thumbnails for [0] asset(s) in package [/Game/Andrey/Menu/WD_Menu] ([2] browsable assets)...
[2025.05.24-13.09.19:796][ 48]OBJ SavePackage: Finished generating thumbnails for package [/Game/Andrey/Menu/WD_Menu]
[2025.05.24-13.09.19:856][ 48]LogSavePackage: Moving '../../../../../../Users/AlisaDI/Documents/MephiTasks/UnrealProject/Saved/WD_Menu_Auto2AC96EF0A431CE39409498993E8DED275.tmp' to '../../../../../../Users/AlisaDI/Documents/MephiTasks/UnrealProject/Saved/Autosaves/Game/Andrey/Menu/WD_Menu_Auto2.uasset'
[2025.05.24-13.09.19:857][ 48]LogFileHelpers: Auto-saving content packages took 0.062
[2025.05.24-13.10.12:201][880]BlueprintLog: New page: Compile WD_Menu
[2025.05.24-13.10.12:273][880]LogUObjectHash: Compacting FUObjectHashTables data took   2.38ms
[2025.05.24-13.10.12:647][896]Cmd: OBJ SAVEPACKAGE PACKAGE="/Game/Andrey/Menu/WD_Menu" FILE="../../../../../../Users/AlisaDI/Documents/MephiTasks/UnrealProject/Content/Andrey/Menu/WD_Menu.uasset" SILENT=true
[2025.05.24-13.10.12:708][896]LogSavePackage: Moving '../../../../../../Users/AlisaDI/Documents/MephiTasks/UnrealProject/Saved/WD_MenuAE10DE464C535CA567534EA23A4B5D4E.tmp' to '../../../../../../Users/AlisaDI/Documents/MephiTasks/UnrealProject/Content/Andrey/Menu/WD_Menu.uasset'
[2025.05.24-13.10.12:727][896]AssetCheck: New page: Asset Save: WD_Menu
[2025.05.24-13.10.12:728][896]LogContentValidation: Display: Validating WidgetBlueprint /Game/Andrey/Menu/WD_Menu.WD_Menu
[2025.05.24-13.10.15:142][ 41]LogTemp: Repeating last play command: Simulate
[2025.05.24-13.10.15:148][ 41]LogPlayLevel: PlayLevel: No blueprints needed recompiling
[2025.05.24-13.10.15:148][ 41]PIE: New page: SIE session: VRTemplateMap (24 мая 2025 г., 19:10:15)
[2025.05.24-13.10.15:148][ 41]LogPlayLevel: Creating play world package: /Game/VRTemplate/Maps/UEDPIE_0_VRTemplateMap
[2025.05.24-13.10.15:153][ 41]LogPlayLevel: PIE: StaticDuplicateObject took: (0.004561s)
[2025.05.24-13.10.15:154][ 41]LogAIModule: Creating AISystem for world VRTemplateMap
[2025.05.24-13.10.15:154][ 41]LogPlayLevel: PIE: World Init took: (0.001106s)
[2025.05.24-13.10.15:154][ 41]LogPlayLevel: PIE: Created PIE world by copying editor world from /Game/VRTemplate/Maps/VRTemplateMap.VRTemplateMap to /Game/VRTemplate/Maps/UEDPIE_0_VRTemplateMap.VRTemplateMap (0.005826s)
[2025.05.24-13.10.15:187][ 41]LogUObjectHash: Compacting FUObjectHashTables data took   2.87ms
[2025.05.24-13.10.15:189][ 41]LogAudio: Display: Creating Audio Device:                 Id: 3, Scope: Unique, Realtime: True
[2025.05.24-13.10.15:189][ 41]LogAudioMixer: Display: Audio Mixer Platform Settings:
[2025.05.24-13.10.15:189][ 41]LogAudioMixer: Display: 	Sample Rate:						  48000
[2025.05.24-13.10.15:189][ 41]LogAudioMixer: Display: 	Callback Buffer Frame Size Requested: 1024
[2025.05.24-13.10.15:189][ 41]LogAudioMixer: Display: 	Callback Buffer Frame Size To Use:	  1024
[2025.05.24-13.10.15:189][ 41]LogAudioMixer: Display: 	Number of buffers to queue:			  1
[2025.05.24-13.10.15:189][ 41]LogAudioMixer: Display: 	Max Channels (voices):				  0
[2025.05.24-13.10.15:189][ 41]LogAudioMixer: Display: 	Number of Async Source Workers:		  4
[2025.05.24-13.10.15:189][ 41]LogAudio: Display: AudioDevice MaxSources: 32
[2025.05.24-13.10.15:189][ 41]LogAudio: Display: Audio Spatialization Plugin: Resonance Audio is external send: 1
[2025.05.24-13.10.15:189][ 41]LogAudio: Display: Audio Reverb Plugin: Resonance Audio
[2025.05.24-13.10.15:189][ 41]LogAudio: Display: Audio Occlusion Plugin: None (built-in).
[2025.05.24-13.10.15:189][ 41]LogAudioMixer: Display: Initializing audio mixer.
[2025.05.24-13.10.15:194][ 41]LogAudioMixer: Display: 0: FrontLeft
[2025.05.24-13.10.15:194][ 41]LogAudioMixer: Display: 1: FrontRight
[2025.05.24-13.10.15:234][ 41]LogAudioMixer: Display: Using Audio Device Динамики (Realtek(R) Audio)
[2025.05.24-13.10.15:234][ 41]LogAudioMixer: Display: Initializing Sound Submixes...
[2025.05.24-13.10.15:234][ 41]LogAudioMixer: Display: Creating Master Submix 'MasterSubmixDefault'
[2025.05.24-13.10.15:234][ 41]LogAudioMixer: Display: Creating Master Submix 'MasterReverbSubmixDefault'
[2025.05.24-13.10.15:234][ 41]LogAudioMixer: Display: Creating Master Submix 'MasterEQSubmixDefault'
[2025.05.24-13.10.15:234][ 41]LogAudioMixer: FMixerPlatformXAudio2::StartAudioStream() called
[2025.05.24-13.10.15:234][ 41]LogAudioMixer: Display: Output buffers initialized: Frames=1024, Channels=2, Samples=2048
[2025.05.24-13.10.15:235][ 41]LogAudioMixer: Display: Starting AudioMixerPlatformInterface::RunInternal()
[2025.05.24-13.10.15:235][ 41]LogAudioMixer: Display: FMixerPlatformXAudio2::SubmitBuffer() called for the first time
[2025.05.24-13.10.15:235][ 41]LogInit: FAudioDevice initialized.
[2025.05.24-13.10.15:235][ 41]LogAudio: Display: Audio Device (ID: 3) registered with world 'VRTemplateMap'.
[2025.05.24-13.10.15:243][ 41]LogLoad: Game class is 'VRGameMode_C'
[2025.05.24-13.10.15:244][ 41]LogWorld: Bringing World /Game/VRTemplate/Maps/UEDPIE_0_VRTemplateMap.VRTemplateMap up for play (max tick rate 60) at 2025.05.24-16.10.15
[2025.05.24-13.10.15:244][ 41]LogWorld: Bringing up level for play took: 0.001186
[2025.05.24-13.10.15:244][ 41]LogOnline: OSS: Creating online subsystem instance for: :Context_8
[2025.05.24-13.10.15:246][ 41]LogSpawn: Warning: SpawnActor failed because no class was specified
[2025.05.24-13.10.15:247][ 41]PIE: Server logged in
[2025.05.24-13.10.15:248][ 41]PIE: Play in editor total start time 0,101 seconds.
[2025.05.24-13.10.15:271][ 41]LogResonanceAudio: Display: Resonance Audio Listener is initialized
[2025.05.24-13.10.26:219][694]LogSlate: Updating window title bar state: overlay mode, drag disabled, window buttons hidden, title bar hidden
[2025.05.24-13.10.26:219][694]LogWorld: BeginTearingDown for /Game/VRTemplate/Maps/UEDPIE_0_VRTemplateMap
[2025.05.24-13.10.26:219][694]LogWorld: UWorld::CleanupWorld for VRTemplateMap, bSessionEnded=true, bCleanupResources=true
[2025.05.24-13.10.26:219][694]LogSlate: InvalidateAllWidgets triggered.  All widgets were invalidated
[2025.05.24-13.10.26:228][694]LogPlayLevel: Display: Shutting down PIE online subsystems
[2025.05.24-13.10.26:244][694]LogSlate: InvalidateAllWidgets triggered.  All widgets were invalidated
[2025.05.24-13.10.26:273][694]LogAudio: Display: Audio Device unregistered from world 'None'.
[2025.05.24-13.10.26:274][694]LogResonanceAudio: Display: Resonance Audio Listener is shutdown
[2025.05.24-13.10.26:274][694]LogAudioMixer: FMixerPlatformXAudio2::StopAudioStream() called
[2025.05.24-13.10.26:275][694]LogAudioMixer: FMixerPlatformXAudio2::StopAudioStream() called
[2025.05.24-13.10.26:282][694]LogSlate: Updating window title bar state: overlay mode, drag disabled, window buttons hidden, title bar hidden
[2025.05.24-13.10.26:286][694]LogUObjectHash: Compacting FUObjectHashTables data took   2.24ms
[2025.05.24-13.10.26:319][696]LogPlayLevel: Display: Destroying online subsystem :Context_8
[2025.05.24-13.10.50:138][479]LogSlate: Window 'Pick Parent Class' being destroyed
[2025.05.24-13.10.50:144][479]LogContentBrowser: Deferred new asset file creation: NewBlueprint
[2025.05.24-13.10.50:158][479]LogContentBrowser: Creating deferred item: NewBlueprint
[2025.05.24-13.10.58:938][  3]LogContentBrowser: Attempting asset rename: NewBlueprint -> BP_Printer
[2025.05.24-13.10.58:943][  3]LogContentBrowser: End creating deferred item NewBlueprint
[2025.05.24-13.11.00:960][121]LogAssetEditorSubsystem: Opening Asset editor for Blueprint /Game/Andrey/Menu/BP_Printer.BP_Printer
[2025.05.24-13.11.31:161][685]LogSlate: Window 'BP_Printer' being destroyed
[2025.05.24-13.11.31:166][685]LogSlate: Window 'BP_Printer' being destroyed
[2025.05.24-13.11.31:172][685]LogWorld: UWorld::CleanupWorld for World_10, bSessionEnded=true, bCleanupResources=true
[2025.05.24-13.11.31:172][685]LogSlate: InvalidateAllWidgets triggered.  All widgets were invalidated
[2025.05.24-13.11.33:379][811]LogAssetEditorSubsystem: Opening Asset editor for Blueprint /Game/Andrey/Menu/BP_test_menu.BP_test_menu
[2025.05.24-13.12.03:618][585]LogSlate: Window 'BP_test_menu' being destroyed
[2025.05.24-13.14.22:480][949]LogEditorTransaction: Undo Add Node
[2025.05.24-13.14.44:071][209]LogSlate: Prevented a slow task dialog from being summoned while a context menu was open
[2025.05.24-13.14.44:089][209]LogEditorClassViewer: Warning: Class /Engine/Tutorial/InWorldBlueprintEditing/TutorialAssets/IWBE_Blutility.IWBE_Blutility_C has parent /Script/Blutility.PlacedEditorUtilityBase, but this parent is not found. The Class will not be shown in ClassViewer.
[2025.05.24-13.14.55:647][900]BlueprintLog: New page: Compile BP_test_menu
[2025.05.24-13.14.55:715][900]LogUObjectHash: Compacting FUObjectHashTables data took   3.04ms
[2025.05.24-13.15.27:975][814]BlueprintLog: New page: Compile BP_test_menu
[2025.05.24-13.15.28:036][814]LogUObjectHash: Compacting FUObjectHashTables data took   3.52ms
[2025.05.24-13.15.28:416][834]Cmd: OBJ SAVEPACKAGE PACKAGE="/Game/Andrey/Menu/BP_test_menu" FILE="../../../../../../Users/AlisaDI/Documents/MephiTasks/UnrealProject/Content/Andrey/Menu/BP_test_menu.uasset" SILENT=true
[2025.05.24-13.15.28:430][834]LogSavePackage: Moving '../../../../../../Users/AlisaDI/Documents/MephiTasks/UnrealProject/Saved/BP_test_menuECEEB5FC480DF2C4CCF9AF8ACAF3C2E4.tmp' to '../../../../../../Users/AlisaDI/Documents/MephiTasks/UnrealProject/Content/Andrey/Menu/BP_test_menu.uasset'
[2025.05.24-13.15.28:452][834]AssetCheck: New page: Asset Save: BP_test_menu
[2025.05.24-13.15.28:452][834]LogContentValidation: Display: Validating Blueprint /Game/Andrey/Menu/BP_test_menu.BP_test_menu
[2025.05.24-13.15.30:237][940]LogTemp: Repeating last play command: Simulate
[2025.05.24-13.15.30:242][940]LogPlayLevel: PlayLevel: No blueprints needed recompiling
[2025.05.24-13.15.30:242][940]PIE: New page: SIE session: VRTemplateMap (24 мая 2025 г., 19:15:30)
[2025.05.24-13.15.30:242][940]LogPlayLevel: Creating play world package: /Game/VRTemplate/Maps/UEDPIE_0_VRTemplateMap
[2025.05.24-13.15.30:246][940]LogPlayLevel: PIE: StaticDuplicateObject took: (0.003866s)
[2025.05.24-13.15.30:247][940]LogAIModule: Creating AISystem for world VRTemplateMap
[2025.05.24-13.15.30:247][940]LogPlayLevel: PIE: World Init took: (0.000940s)
[2025.05.24-13.15.30:247][940]LogPlayLevel: PIE: Created PIE world by copying editor world from /Game/VRTemplate/Maps/VRTemplateMap.VRTemplateMap to /Game/VRTemplate/Maps/UEDPIE_0_VRTemplateMap.VRTemplateMap (0.004919s)
[2025.05.24-13.15.30:282][940]LogUObjectHash: Compacting FUObjectHashTables data took   3.06ms
[2025.05.24-13.15.30:284][940]LogAudio: Display: Creating Audio Device:                 Id: 4, Scope: Unique, Realtime: True
[2025.05.24-13.15.30:284][940]LogAudioMixer: Display: Audio Mixer Platform Settings:
[2025.05.24-13.15.30:284][940]LogAudioMixer: Display: 	Sample Rate:						  48000
[2025.05.24-13.15.30:284][940]LogAudioMixer: Display: 	Callback Buffer Frame Size Requested: 1024
[2025.05.24-13.15.30:284][940]LogAudioMixer: Display: 	Callback Buffer Frame Size To Use:	  1024
[2025.05.24-13.15.30:284][940]LogAudioMixer: Display: 	Number of buffers to queue:			  1
[2025.05.24-13.15.30:284][940]LogAudioMixer: Display: 	Max Channels (voices):				  0
[2025.05.24-13.15.30:284][940]LogAudioMixer: Display: 	Number of Async Source Workers:		  4
[2025.05.24-13.15.30:284][940]LogAudio: Display: AudioDevice MaxSources: 32
[2025.05.24-13.15.30:284][940]LogAudio: Display: Audio Spatialization Plugin: Resonance Audio is external send: 1
[2025.05.24-13.15.30:284][940]LogAudio: Display: Audio Reverb Plugin: Resonance Audio
[2025.05.24-13.15.30:284][940]LogAudio: Display: Audio Occlusion Plugin: None (built-in).
[2025.05.24-13.15.30:284][940]LogAudioMixer: Display: Initializing audio mixer.
[2025.05.24-13.15.30:289][940]LogAudioMixer: Display: 0: FrontLeft
[2025.05.24-13.15.30:289][940]LogAudioMixer: Display: 1: FrontRight
[2025.05.24-13.15.30:334][940]LogAudioMixer: Display: Using Audio Device Динамики (Realtek(R) Audio)
[2025.05.24-13.15.30:334][940]LogAudioMixer: Display: Initializing Sound Submixes...
[2025.05.24-13.15.30:334][940]LogAudioMixer: Display: Creating Master Submix 'MasterSubmixDefault'
[2025.05.24-13.15.30:334][940]LogAudioMixer: Display: Creating Master Submix 'MasterReverbSubmixDefault'
[2025.05.24-13.15.30:334][940]LogAudioMixer: Display: Creating Master Submix 'MasterEQSubmixDefault'
[2025.05.24-13.15.30:334][940]LogAudioMixer: FMixerPlatformXAudio2::StartAudioStream() called
[2025.05.24-13.15.30:334][940]LogAudioMixer: Display: Output buffers initialized: Frames=1024, Channels=2, Samples=2048
[2025.05.24-13.15.30:335][940]LogAudioMixer: Display: Starting AudioMixerPlatformInterface::RunInternal()
[2025.05.24-13.15.30:335][940]LogAudioMixer: Display: FMixerPlatformXAudio2::SubmitBuffer() called for the first time
[2025.05.24-13.15.30:335][940]LogInit: FAudioDevice initialized.
[2025.05.24-13.15.30:335][940]LogAudio: Display: Audio Device (ID: 4) registered with world 'VRTemplateMap'.
[2025.05.24-13.15.30:342][940]LogLoad: Game class is 'VRGameMode_C'
[2025.05.24-13.15.30:343][940]LogWorld: Bringing World /Game/VRTemplate/Maps/UEDPIE_0_VRTemplateMap.VRTemplateMap up for play (max tick rate 60) at 2025.05.24-16.15.30
[2025.05.24-13.15.30:344][940]LogWorld: Bringing up level for play took: 0.001130
[2025.05.24-13.15.30:344][940]LogOnline: OSS: Creating online subsystem instance for: :Context_12
[2025.05.24-13.15.30:345][940]LogSpawn: Warning: SpawnActor failed because no class was specified
[2025.05.24-13.15.30:346][940]PIE: Server logged in
[2025.05.24-13.15.30:347][940]PIE: Play in editor total start time 0,106 seconds.
[2025.05.24-13.15.30:368][940]LogResonanceAudio: Display: Resonance Audio Listener is initialized
[2025.05.24-13.15.35:056][220]LogEditorViewport: Clicking on Actor (LMB): BP_menu_C (BP_menu2)
[2025.05.24-13.15.35:945][272]LogEditorViewport: Clicking on Actor (LMB): StaticMeshActor (Wall_400x300)
[2025.05.24-13.15.38:009][390]LogSlate: Updating window title bar state: overlay mode, drag disabled, window buttons hidden, title bar hidden
[2025.05.24-13.15.38:009][390]LogWorld: BeginTearingDown for /Game/VRTemplate/Maps/UEDPIE_0_VRTemplateMap
[2025.05.24-13.15.38:010][390]LogWorld: UWorld::CleanupWorld for VRTemplateMap, bSessionEnded=true, bCleanupResources=true
[2025.05.24-13.15.38:010][390]LogSlate: InvalidateAllWidgets triggered.  All widgets were invalidated
[2025.05.24-13.15.38:016][390]LogPlayLevel: Display: Shutting down PIE online subsystems
[2025.05.24-13.15.38:033][390]LogSlate: InvalidateAllWidgets triggered.  All widgets were invalidated
[2025.05.24-13.15.38:063][390]LogAudio: Display: Audio Device unregistered from world 'None'.
[2025.05.24-13.15.38:064][390]LogResonanceAudio: Display: Resonance Audio Listener is shutdown
[2025.05.24-13.15.38:064][390]LogAudioMixer: FMixerPlatformXAudio2::StopAudioStream() called
[2025.05.24-13.15.38:065][390]LogAudioMixer: FMixerPlatformXAudio2::StopAudioStream() called
[2025.05.24-13.15.38:069][390]LogSlate: Updating window title bar state: overlay mode, drag disabled, window buttons hidden, title bar hidden
[2025.05.24-13.15.38:073][390]LogUObjectHash: Compacting FUObjectHashTables data took   2.35ms
[2025.05.24-13.15.38:106][391]LogPlayLevel: Display: Destroying online subsystem :Context_12
[2025.05.24-13.16.24:376][402]LogSlate: Prevented a slow task dialog from being summoned while a context menu was open
[2025.05.24-13.16.24:394][402]LogEditorClassViewer: Warning: Class /Engine/Tutorial/InWorldBlueprintEditing/TutorialAssets/IWBE_Blutility.IWBE_Blutility_C has parent /Script/Blutility.PlacedEditorUtilityBase, but this parent is not found. The Class will not be shown in ClassViewer.
[2025.05.24-13.16.37:271][ 88]LogSlate: Window 'Pick Parent Class' being destroyed
[2025.05.24-13.16.37:279][ 88]LogContentBrowser: Deferred new asset file creation: NewBlueprint
[2025.05.24-13.16.37:294][ 88]LogContentBrowser: Creating deferred item: NewBlueprint
[2025.05.24-13.16.43:119][436]LogContentBrowser: Attempting asset rename: NewBlueprint -> BP_Detalka
[2025.05.24-13.16.43:123][436]LogContentBrowser: End creating deferred item NewBlueprint
[2025.05.24-13.16.45:015][549]LogAssetEditorSubsystem: Opening Asset editor for Blueprint /Game/Andrey/Menu/BP_Detalka.BP_Detalka
[2025.05.24-13.16.45:341][550]LogRenderer: Reallocating scene render targets to support 1208x708 Format 10 NumSamples 4 (Frame:1).
[2025.05.24-13.16.52:973][  0]LogEditorTransaction: Undo Add Component
[2025.05.24-13.17.05:567][732]LogMaterial: Display: Missing cached shadermap for M_TableRound in PCD3D_SM5, Default, SM5 (DDC key hash: 9F58AD8455616F8BF1477812016E5EEF0EC150BE), compiling. 
[2025.05.24-13.17.05:626][732]LogShaderCompilers: Display: Submitted 25 shader compile jobs with 'Low' priority
[2025.05.24-13.17.05:637][732]LogShaderCompilers: Display: Worker (1/13): shaders left to compile 25
[2025.05.24-13.17.05:637][732]LogShaderCompilers: Display: Worker (2/13): shaders left to compile 22
[2025.05.24-13.17.05:637][732]LogShaderCompilers: Display: Worker (3/13): shaders left to compile 19
[2025.05.24-13.17.05:637][732]LogShaderCompilers: Display: Worker (4/13): shaders left to compile 16
[2025.05.24-13.17.05:637][732]LogShaderCompilers: Display: Worker (5/13): shaders left to compile 13
[2025.05.24-13.17.05:637][732]LogShaderCompilers: Display: Worker (6/13): shaders left to compile 10
[2025.05.24-13.17.05:637][732]LogShaderCompilers: Display: Worker (7/13): shaders left to compile 7
[2025.05.24-13.17.05:637][732]LogShaderCompilers: Display: Worker (8/13): shaders left to compile 4
[2025.05.24-13.17.05:637][732]LogShaderCompilers: Display: Worker (9/13): shaders left to compile 1
[2025.05.24-13.17.05:637][732]LogShaderCompilers: Display: Started 25 'Local' shader compile jobs with 'Low' priority
[2025.05.24-13.17.12:666][ 79]BlueprintLog: New page: Compile BP_Detalka
[2025.05.24-13.17.12:840][ 79]LogUObjectHash: Compacting FUObjectHashTables data took   8.49ms
[2025.05.24-13.17.13:472][100]Cmd: OBJ SAVEPACKAGE PACKAGE="/Game/Andrey/Menu/BP_Detalka" FILE="../../../../../../Users/AlisaDI/Documents/MephiTasks/UnrealProject/Content/Andrey/Menu/BP_Detalka.uasset" SILENT=true
[2025.05.24-13.17.13:487][100]LogSavePackage: Moving '../../../../../../Users/AlisaDI/Documents/MephiTasks/UnrealProject/Saved/BP_DetalkaE448768346D5AF85388A78867856418C.tmp' to '../../../../../../Users/AlisaDI/Documents/MephiTasks/UnrealProject/Content/Andrey/Menu/BP_Detalka.uasset'
[2025.05.24-13.17.13:534][100]AssetCheck: New page: Asset Save: BP_Detalka
[2025.05.24-13.17.13:534][100]LogContentValidation: Display: Validating Blueprint /Game/Andrey/Menu/BP_Detalka.BP_Detalka
[2025.05.24-13.17.14:573][153]LogShaderCompilers: Display: === FShaderJobCache stats ===
[2025.05.24-13.17.14:573][153]LogShaderCompilers: Display: Total job queries 25, among them cache hits 0 (0.00%)
[2025.05.24-13.17.14:573][153]LogShaderCompilers: Display: Tracking 1 distinct input hashes that result in 1 distinct outputs (100.00%)
[2025.05.24-13.17.14:573][153]LogShaderCompilers: Display: RAM used: 0.03 MB (0.00 GB) of 1638.40 MB (1.60 GB) budget. Usage: 0.00%
[2025.05.24-13.17.14:573][153]LogShaderCompilers: Display: ================================================
[2025.05.24-13.17.15:759][222]LogSlate: Prevented a slow task dialog from being summoned while a context menu was open
[2025.05.24-13.17.15:791][222]LogEditorClassViewer: Warning: Class /Engine/Tutorial/InWorldBlueprintEditing/TutorialAssets/IWBE_Blutility.IWBE_Blutility_C has parent /Script/Blutility.PlacedEditorUtilityBase, but this parent is not found. The Class will not be shown in ClassViewer.
[2025.05.24-13.17.28:875][997]BlueprintLog: New page: Compile BP_test_menu
[2025.05.24-13.17.28:945][997]LogUObjectHash: Compacting FUObjectHashTables data took   3.94ms
[2025.05.24-13.17.29:303][ 15]Cmd: OBJ SAVEPACKAGE PACKAGE="/Game/Andrey/Menu/BP_test_menu" FILE="../../../../../../Users/AlisaDI/Documents/MephiTasks/UnrealProject/Content/Andrey/Menu/BP_test_menu.uasset" SILENT=true
[2025.05.24-13.17.29:317][ 15]LogSavePackage: Moving '../../../../../../Users/AlisaDI/Documents/MephiTasks/UnrealProject/Saved/BP_test_menuCD053B7340459A9D9ACE9992F5901C3E.tmp' to '../../../../../../Users/AlisaDI/Documents/MephiTasks/UnrealProject/Content/Andrey/Menu/BP_test_menu.uasset'
[2025.05.24-13.17.29:333][ 15]AssetCheck: New page: Asset Save: BP_test_menu
[2025.05.24-13.17.29:333][ 15]LogContentValidation: Display: Validating Blueprint /Game/Andrey/Menu/BP_test_menu.BP_test_menu
[2025.05.24-13.17.33:235][249]LogTemp: Repeating last play command: Simulate
[2025.05.24-13.17.33:240][249]LogPlayLevel: PlayLevel: No blueprints needed recompiling
[2025.05.24-13.17.33:240][249]PIE: New page: SIE session: VRTemplateMap (24 мая 2025 г., 19:17:33)
[2025.05.24-13.17.33:240][249]LogPlayLevel: Creating play world package: /Game/VRTemplate/Maps/UEDPIE_0_VRTemplateMap
[2025.05.24-13.17.33:244][249]LogPlayLevel: PIE: StaticDuplicateObject took: (0.003347s)
[2025.05.24-13.17.33:244][249]LogAIModule: Creating AISystem for world VRTemplateMap
[2025.05.24-13.17.33:245][249]LogPlayLevel: PIE: World Init took: (0.000946s)
[2025.05.24-13.17.33:245][249]LogPlayLevel: PIE: Created PIE world by copying editor world from /Game/VRTemplate/Maps/VRTemplateMap.VRTemplateMap to /Game/VRTemplate/Maps/UEDPIE_0_VRTemplateMap.VRTemplateMap (0.004390s)
[2025.05.24-13.17.33:283][249]LogUObjectHash: Compacting FUObjectHashTables data took   3.38ms
[2025.05.24-13.17.33:286][249]LogAudio: Display: Creating Audio Device:                 Id: 5, Scope: Unique, Realtime: True
[2025.05.24-13.17.33:286][249]LogAudioMixer: Display: Audio Mixer Platform Settings:
[2025.05.24-13.17.33:286][249]LogAudioMixer: Display: 	Sample Rate:						  48000
[2025.05.24-13.17.33:286][249]LogAudioMixer: Display: 	Callback Buffer Frame Size Requested: 1024
[2025.05.24-13.17.33:286][249]LogAudioMixer: Display: 	Callback Buffer Frame Size To Use:	  1024
[2025.05.24-13.17.33:286][249]LogAudioMixer: Display: 	Number of buffers to queue:			  1
[2025.05.24-13.17.33:286][249]LogAudioMixer: Display: 	Max Channels (voices):				  0
[2025.05.24-13.17.33:286][249]LogAudioMixer: Display: 	Number of Async Source Workers:		  4
[2025.05.24-13.17.33:286][249]LogAudio: Display: AudioDevice MaxSources: 32
[2025.05.24-13.17.33:286][249]LogAudio: Display: Audio Spatialization Plugin: Resonance Audio is external send: 1
[2025.05.24-13.17.33:286][249]LogAudio: Display: Audio Reverb Plugin: Resonance Audio
[2025.05.24-13.17.33:286][249]LogAudio: Display: Audio Occlusion Plugin: None (built-in).
[2025.05.24-13.17.33:286][249]LogAudioMixer: Display: Initializing audio mixer.
[2025.05.24-13.17.33:290][249]LogAudioMixer: Display: 0: FrontLeft
[2025.05.24-13.17.33:290][249]LogAudioMixer: Display: 1: FrontRight
[2025.05.24-13.17.33:330][249]LogAudioMixer: Display: Using Audio Device Динамики (Realtek(R) Audio)
[2025.05.24-13.17.33:330][249]LogAudioMixer: Display: Initializing Sound Submixes...
[2025.05.24-13.17.33:330][249]LogAudioMixer: Display: Creating Master Submix 'MasterSubmixDefault'
[2025.05.24-13.17.33:330][249]LogAudioMixer: Display: Creating Master Submix 'MasterReverbSubmixDefault'
[2025.05.24-13.17.33:330][249]LogAudioMixer: Display: Creating Master Submix 'MasterEQSubmixDefault'
[2025.05.24-13.17.33:330][249]LogAudioMixer: FMixerPlatformXAudio2::StartAudioStream() called
[2025.05.24-13.17.33:330][249]LogAudioMixer: Display: Output buffers initialized: Frames=1024, Channels=2, Samples=2048
[2025.05.24-13.17.33:331][249]LogAudioMixer: Display: Starting AudioMixerPlatformInterface::RunInternal()
[2025.05.24-13.17.33:331][249]LogAudioMixer: Display: FMixerPlatformXAudio2::SubmitBuffer() called for the first time
[2025.05.24-13.17.33:331][249]LogInit: FAudioDevice initialized.
[2025.05.24-13.17.33:331][249]LogAudio: Display: Audio Device (ID: 5) registered with world 'VRTemplateMap'.
[2025.05.24-13.17.33:337][249]LogLoad: Game class is 'VRGameMode_C'
[2025.05.24-13.17.33:339][249]LogWorld: Bringing World /Game/VRTemplate/Maps/UEDPIE_0_VRTemplateMap.VRTemplateMap up for play (max tick rate 60) at 2025.05.24-16.17.33
[2025.05.24-13.17.33:339][249]LogWorld: Bringing up level for play took: 0.001096
[2025.05.24-13.17.33:339][249]LogOnline: OSS: Creating online subsystem instance for: :Context_15
[2025.05.24-13.17.33:340][249]LogSpawn: Warning: SpawnActor failed because no class was specified
[2025.05.24-13.17.33:342][249]PIE: Server logged in
[2025.05.24-13.17.33:342][249]PIE: Play in editor total start time 0,103 seconds.
[2025.05.24-13.17.33:362][249]LogResonanceAudio: Display: Resonance Audio Listener is initialized
[2025.05.24-13.17.52:550][282]LogEditorViewport: Clicking on Actor (LMB): StaticMeshActor (Wall_400x303)
[2025.05.24-13.17.56:557][518]LogEditorViewport: Clicking on Actor (LMB): StaticMeshActor (SM_Factory2)
[2025.05.24-13.17.58:849][653]LogEditorViewport: Clicking on Actor (LMB): StaticMeshActor (TemplateFloor)
[2025.05.24-13.18.00:102][726]LogEditorViewport: Clicking on Actor (LMB): BP_menu_C (BP_menu2)
[2025.05.24-13.18.01:384][802]LogEditorViewport: Clicking on Actor (LMB): StaticMeshActor (Floor_400x400)
[2025.05.24-13.18.11:037][377]LogEditorViewport: Clicking on Actor (LMB): BP_Sky_Sphere_C (SkySpherePC2)
[2025.05.24-13.18.19:804][902]LogSlate: Updating window title bar state: overlay mode, drag disabled, window buttons hidden, title bar hidden
[2025.05.24-13.18.19:804][902]LogWorld: BeginTearingDown for /Game/VRTemplate/Maps/UEDPIE_0_VRTemplateMap
[2025.05.24-13.18.19:804][902]LogWorld: UWorld::CleanupWorld for VRTemplateMap, bSessionEnded=true, bCleanupResources=true
[2025.05.24-13.18.19:805][902]LogSlate: InvalidateAllWidgets triggered.  All widgets were invalidated
[2025.05.24-13.18.19:812][902]LogPlayLevel: Display: Shutting down PIE online subsystems
[2025.05.24-13.18.19:822][902]LogSlate: InvalidateAllWidgets triggered.  All widgets were invalidated
[2025.05.24-13.18.19:859][902]LogAudio: Display: Audio Device unregistered from world 'None'.
[2025.05.24-13.18.19:859][902]LogResonanceAudio: Display: Resonance Audio Listener is shutdown
[2025.05.24-13.18.19:859][902]LogAudioMixer: FMixerPlatformXAudio2::StopAudioStream() called
[2025.05.24-13.18.19:860][902]LogAudioMixer: FMixerPlatformXAudio2::StopAudioStream() called
[2025.05.24-13.18.19:864][902]LogSlate: Updating window title bar state: overlay mode, drag disabled, window buttons hidden, title bar hidden
[2025.05.24-13.18.19:869][902]LogUObjectHash: Compacting FUObjectHashTables data took   2.99ms
[2025.05.24-13.18.19:914][905]LogPlayLevel: Display: Destroying online subsystem :Context_15
[2025.05.24-13.18.38:018][991]Cmd: SELECT NONE
[2025.05.24-13.19.09:180][857]BlueprintLog: New page: Compile BP_test_menu
[2025.05.24-13.19.09:248][857]LogUObjectHash: Compacting FUObjectHashTables data took   3.20ms
[2025.05.24-13.19.16:578][295]LogEditorViewport: Clicking on Actor (LMB): BP_menu_C (BP_menu2)
[2025.05.24-13.19.18:505][410]LogTemp: Repeating last play command: Simulate
[2025.05.24-13.19.18:509][410]LogPlayLevel: PlayLevel: No blueprints needed recompiling
[2025.05.24-13.19.18:509][410]PIE: New page: SIE session: VRTemplateMap (24 мая 2025 г., 19:19:18)
[2025.05.24-13.19.18:538][410]LogPlayLevel: Creating play world package: /Game/VRTemplate/Maps/UEDPIE_0_VRTemplateMap
[2025.05.24-13.19.18:541][410]LogPlayLevel: PIE: StaticDuplicateObject took: (0.003451s)
[2025.05.24-13.19.18:542][410]LogAIModule: Creating AISystem for world VRTemplateMap
[2025.05.24-13.19.18:542][410]LogPlayLevel: PIE: World Init took: (0.000875s)
[2025.05.24-13.19.18:542][410]LogPlayLevel: PIE: Created PIE world by copying editor world from /Game/VRTemplate/Maps/VRTemplateMap.VRTemplateMap to /Game/VRTemplate/Maps/UEDPIE_0_VRTemplateMap.VRTemplateMap (0.004432s)
[2025.05.24-13.19.18:581][410]LogUObjectHash: Compacting FUObjectHashTables data took   3.67ms
[2025.05.24-13.19.18:583][410]LogAudio: Display: Creating Audio Device:                 Id: 6, Scope: Unique, Realtime: True
[2025.05.24-13.19.18:583][410]LogAudioMixer: Display: Audio Mixer Platform Settings:
[2025.05.24-13.19.18:583][410]LogAudioMixer: Display: 	Sample Rate:						  48000
[2025.05.24-13.19.18:583][410]LogAudioMixer: Display: 	Callback Buffer Frame Size Requested: 1024
[2025.05.24-13.19.18:583][410]LogAudioMixer: Display: 	Callback Buffer Frame Size To Use:	  1024
[2025.05.24-13.19.18:583][410]LogAudioMixer: Display: 	Number of buffers to queue:			  1
[2025.05.24-13.19.18:583][410]LogAudioMixer: Display: 	Max Channels (voices):				  0
[2025.05.24-13.19.18:583][410]LogAudioMixer: Display: 	Number of Async Source Workers:		  4
[2025.05.24-13.19.18:583][410]LogAudio: Display: AudioDevice MaxSources: 32
[2025.05.24-13.19.18:583][410]LogAudio: Display: Audio Spatialization Plugin: Resonance Audio is external send: 1
[2025.05.24-13.19.18:583][410]LogAudio: Display: Audio Reverb Plugin: Resonance Audio
[2025.05.24-13.19.18:583][410]LogAudio: Display: Audio Occlusion Plugin: None (built-in).
[2025.05.24-13.19.18:583][410]LogAudioMixer: Display: Initializing audio mixer.
[2025.05.24-13.19.18:587][410]LogAudioMixer: Display: 0: FrontLeft
[2025.05.24-13.19.18:587][410]LogAudioMixer: Display: 1: FrontRight
[2025.05.24-13.19.18:631][410]LogAudioMixer: Display: Using Audio Device Динамики (Realtek(R) Audio)
[2025.05.24-13.19.18:631][410]LogAudioMixer: Display: Initializing Sound Submixes...
[2025.05.24-13.19.18:631][410]LogAudioMixer: Display: Creating Master Submix 'MasterSubmixDefault'
[2025.05.24-13.19.18:631][410]LogAudioMixer: Display: Creating Master Submix 'MasterReverbSubmixDefault'
[2025.05.24-13.19.18:631][410]LogAudioMixer: Display: Creating Master Submix 'MasterEQSubmixDefault'
[2025.05.24-13.19.18:631][410]LogAudioMixer: FMixerPlatformXAudio2::StartAudioStream() called
[2025.05.24-13.19.18:631][410]LogAudioMixer: Display: Output buffers initialized: Frames=1024, Channels=2, Samples=2048
[2025.05.24-13.19.18:633][410]LogAudioMixer: Display: Starting AudioMixerPlatformInterface::RunInternal()
[2025.05.24-13.19.18:633][410]LogAudioMixer: Display: FMixerPlatformXAudio2::SubmitBuffer() called for the first time
[2025.05.24-13.19.18:633][410]LogInit: FAudioDevice initialized.
[2025.05.24-13.19.18:633][410]LogAudio: Display: Audio Device (ID: 6) registered with world 'VRTemplateMap'.
[2025.05.24-13.19.18:639][410]LogLoad: Game class is 'VRGameMode_C'
[2025.05.24-13.19.18:641][410]LogWorld: Bringing World /Game/VRTemplate/Maps/UEDPIE_0_VRTemplateMap.VRTemplateMap up for play (max tick rate 60) at 2025.05.24-16.19.18
[2025.05.24-13.19.18:641][410]LogWorld: Bringing up level for play took: 0.001211
[2025.05.24-13.19.18:641][410]LogOnline: OSS: Creating online subsystem instance for: :Context_16
[2025.05.24-13.19.18:642][410]LogSpawn: Warning: SpawnActor failed because no class was specified
[2025.05.24-13.19.18:643][410]PIE: Server logged in
[2025.05.24-13.19.18:644][410]PIE: Play in editor total start time 0,136 seconds.
[2025.05.24-13.19.18:658][410]LogResonanceAudio: Display: Resonance Audio Listener is initialized
[2025.05.24-13.19.32:779][253]LogSlate: Updating window title bar state: overlay mode, drag disabled, window buttons hidden, title bar hidden
[2025.05.24-13.19.32:779][253]LogWorld: BeginTearingDown for /Game/VRTemplate/Maps/UEDPIE_0_VRTemplateMap
[2025.05.24-13.19.32:780][253]LogWorld: UWorld::CleanupWorld for VRTemplateMap, bSessionEnded=true, bCleanupResources=true
[2025.05.24-13.19.32:780][253]LogSlate: InvalidateAllWidgets triggered.  All widgets were invalidated
[2025.05.24-13.19.32:790][253]LogPlayLevel: Display: Shutting down PIE online subsystems
[2025.05.24-13.19.32:801][253]LogSlate: InvalidateAllWidgets triggered.  All widgets were invalidated
[2025.05.24-13.19.32:837][253]LogAudio: Display: Audio Device unregistered from world 'None'.
[2025.05.24-13.19.32:837][253]LogResonanceAudio: Display: Resonance Audio Listener is shutdown
[2025.05.24-13.19.32:837][253]LogAudioMixer: FMixerPlatformXAudio2::StopAudioStream() called
[2025.05.24-13.19.32:839][253]LogAudioMixer: FMixerPlatformXAudio2::StopAudioStream() called
[2025.05.24-13.19.32:842][253]LogSlate: Updating window title bar state: overlay mode, drag disabled, window buttons hidden, title bar hidden
[2025.05.24-13.19.32:847][253]LogUObjectHash: Compacting FUObjectHashTables data took   2.85ms
[2025.05.24-13.19.32:873][254]LogPlayLevel: Display: Destroying online subsystem :Context_16
[2025.05.24-13.19.41:413][760]LogSlate: Prevented a slow task dialog from being summoned while a context menu was open
[2025.05.24-13.19.41:433][760]LogEditorClassViewer: Warning: Class /Engine/Tutorial/InWorldBlueprintEditing/TutorialAssets/IWBE_Blutility.IWBE_Blutility_C has parent /Script/Blutility.PlacedEditorUtilityBase, but this parent is not found. The Class will not be shown in ClassViewer.
[2025.05.24-13.20.00:751][907]BlueprintLog: New page: Compile BP_test_menu
[2025.05.24-13.20.00:826][907]LogUObjectHash: Compacting FUObjectHashTables data took   3.13ms
[2025.05.24-13.20.01:319][933]Cmd: OBJ SAVEPACKAGE PACKAGE="/Game/Andrey/Menu/BP_test_menu" FILE="../../../../../../Users/AlisaDI/Documents/MephiTasks/UnrealProject/Content/Andrey/Menu/BP_test_menu.uasset" SILENT=true
[2025.05.24-13.20.01:333][933]LogSavePackage: Moving '../../../../../../Users/AlisaDI/Documents/MephiTasks/UnrealProject/Saved/BP_test_menu06776CF942B5F59ADDCECCBB556D7D87.tmp' to '../../../../../../Users/AlisaDI/Documents/MephiTasks/UnrealProject/Content/Andrey/Menu/BP_test_menu.uasset'
[2025.05.24-13.20.01:350][933]AssetCheck: New page: Asset Save: BP_test_menu
[2025.05.24-13.20.01:350][933]LogContentValidation: Display: Validating Blueprint /Game/Andrey/Menu/BP_test_menu.BP_test_menu
[2025.05.24-13.20.25:703][374]BlueprintLog: New page: Compile WD_Menu
[2025.05.24-13.20.25:803][374]LogUObjectHash: Compacting FUObjectHashTables data took   3.73ms
[2025.05.24-13.20.26:219][393]Cmd: OBJ SAVEPACKAGE PACKAGE="/Game/Andrey/Menu/WD_Menu" FILE="../../../../../../Users/AlisaDI/Documents/MephiTasks/UnrealProject/Content/Andrey/Menu/WD_Menu.uasset" SILENT=true
[2025.05.24-13.20.26:276][393]LogSavePackage: Moving '../../../../../../Users/AlisaDI/Documents/MephiTasks/UnrealProject/Saved/WD_Menu2D9523C048567A798B87209E202CEFCE.tmp' to '../../../../../../Users/AlisaDI/Documents/MephiTasks/UnrealProject/Content/Andrey/Menu/WD_Menu.uasset'
[2025.05.24-13.20.26:301][393]AssetCheck: New page: Asset Save: WD_Menu
[2025.05.24-13.20.26:302][393]LogContentValidation: Display: Validating WidgetBlueprint /Game/Andrey/Menu/WD_Menu.WD_Menu
[2025.05.24-13.20.30:032][617]LogTemp: Repeating last play command: Simulate
[2025.05.24-13.20.30:037][617]LogPlayLevel: PlayLevel: No blueprints needed recompiling
[2025.05.24-13.20.30:037][617]PIE: New page: SIE session: VRTemplateMap (24 мая 2025 г., 19:20:30)
[2025.05.24-13.20.30:037][617]LogPlayLevel: Creating play world package: /Game/VRTemplate/Maps/UEDPIE_0_VRTemplateMap
[2025.05.24-13.20.30:040][617]LogPlayLevel: PIE: StaticDuplicateObject took: (0.003225s)
[2025.05.24-13.20.30:041][617]LogAIModule: Creating AISystem for world VRTemplateMap
[2025.05.24-13.20.30:041][617]LogPlayLevel: PIE: World Init took: (0.000851s)
[2025.05.24-13.20.30:041][617]LogPlayLevel: PIE: Created PIE world by copying editor world from /Game/VRTemplate/Maps/VRTemplateMap.VRTemplateMap to /Game/VRTemplate/Maps/UEDPIE_0_VRTemplateMap.VRTemplateMap (0.004161s)
[2025.05.24-13.20.30:084][617]LogUObjectHash: Compacting FUObjectHashTables data took   3.83ms
[2025.05.24-13.20.30:086][617]LogAudio: Display: Creating Audio Device:                 Id: 7, Scope: Unique, Realtime: True
[2025.05.24-13.20.30:086][617]LogAudioMixer: Display: Audio Mixer Platform Settings:
[2025.05.24-13.20.30:086][617]LogAudioMixer: Display: 	Sample Rate:						  48000
[2025.05.24-13.20.30:086][617]LogAudioMixer: Display: 	Callback Buffer Frame Size Requested: 1024
[2025.05.24-13.20.30:086][617]LogAudioMixer: Display: 	Callback Buffer Frame Size To Use:	  1024
[2025.05.24-13.20.30:086][617]LogAudioMixer: Display: 	Number of buffers to queue:			  1
[2025.05.24-13.20.30:086][617]LogAudioMixer: Display: 	Max Channels (voices):				  0
[2025.05.24-13.20.30:086][617]LogAudioMixer: Display: 	Number of Async Source Workers:		  4
[2025.05.24-13.20.30:086][617]LogAudio: Display: AudioDevice MaxSources: 32
[2025.05.24-13.20.30:086][617]LogAudio: Display: Audio Spatialization Plugin: Resonance Audio is external send: 1
[2025.05.24-13.20.30:086][617]LogAudio: Display: Audio Reverb Plugin: Resonance Audio
[2025.05.24-13.20.30:086][617]LogAudio: Display: Audio Occlusion Plugin: None (built-in).
[2025.05.24-13.20.30:086][617]LogAudioMixer: Display: Initializing audio mixer.
[2025.05.24-13.20.30:090][617]LogAudioMixer: Display: 0: FrontLeft
[2025.05.24-13.20.30:090][617]LogAudioMixer: Display: 1: FrontRight
[2025.05.24-13.20.30:147][617]LogAudioMixer: Display: Using Audio Device Динамики (Realtek(R) Audio)
[2025.05.24-13.20.30:147][617]LogAudioMixer: Display: Initializing Sound Submixes...
[2025.05.24-13.20.30:147][617]LogAudioMixer: Display: Creating Master Submix 'MasterSubmixDefault'
[2025.05.24-13.20.30:147][617]LogAudioMixer: Display: Creating Master Submix 'MasterReverbSubmixDefault'
[2025.05.24-13.20.30:147][617]LogAudioMixer: Display: Creating Master Submix 'MasterEQSubmixDefault'
[2025.05.24-13.20.30:147][617]LogAudioMixer: FMixerPlatformXAudio2::StartAudioStream() called
[2025.05.24-13.20.30:147][617]LogAudioMixer: Display: Output buffers initialized: Frames=1024, Channels=2, Samples=2048
[2025.05.24-13.20.30:149][617]LogAudioMixer: Display: Starting AudioMixerPlatformInterface::RunInternal()
[2025.05.24-13.20.30:149][617]LogAudioMixer: Display: FMixerPlatformXAudio2::SubmitBuffer() called for the first time
[2025.05.24-13.20.30:149][617]LogInit: FAudioDevice initialized.
[2025.05.24-13.20.30:149][617]LogAudio: Display: Audio Device (ID: 7) registered with world 'VRTemplateMap'.
[2025.05.24-13.20.30:155][617]LogLoad: Game class is 'VRGameMode_C'
[2025.05.24-13.20.30:158][617]LogWorld: Bringing World /Game/VRTemplate/Maps/UEDPIE_0_VRTemplateMap.VRTemplateMap up for play (max tick rate 60) at 2025.05.24-16.20.30
[2025.05.24-13.20.30:158][617]LogWorld: Bringing up level for play took: 0.001417
[2025.05.24-13.20.30:158][617]LogOnline: OSS: Creating online subsystem instance for: :Context_17
[2025.05.24-13.20.30:159][617]LogSpawn: Warning: SpawnActor failed because no class was specified
[2025.05.24-13.20.30:160][617]PIE: Server logged in
[2025.05.24-13.20.30:161][617]PIE: Play in editor total start time 0,126 seconds.
[2025.05.24-13.20.30:173][617]LogResonanceAudio: Display: Resonance Audio Listener is initialized
[2025.05.24-13.20.46:406][590]LogEditorViewport: Clicking on Actor (LMB): StaticMeshActor (SM_Factory)
[2025.05.24-13.20.48:307][702]LogEditorViewport: Clicking on Actor (LMB): StaticMeshActor (SM_Factory2)
[2025.05.24-13.20.48:573][716]LogEditorViewport: Clicking on Actor (LMB): StaticMeshActor (SM_Factory2)
[2025.05.24-13.20.49:591][777]LogEditorViewport: Clicking on Actor (LMB): BP_menu_C (BP_menu2)
[2025.05.24-13.20.53:883][ 33]LogEditorViewport: Clicking on Actor (LMB): StaticMeshActor (Wall_400x303)
[2025.05.24-13.21.01:599][491]LogSlate: Updating window title bar state: overlay mode, drag disabled, window buttons hidden, title bar hidden
[2025.05.24-13.21.01:599][491]LogWorld: BeginTearingDown for /Game/VRTemplate/Maps/UEDPIE_0_VRTemplateMap
[2025.05.24-13.21.01:600][491]LogWorld: UWorld::CleanupWorld for VRTemplateMap, bSessionEnded=true, bCleanupResources=true
[2025.05.24-13.21.01:600][491]LogSlate: InvalidateAllWidgets triggered.  All widgets were invalidated
[2025.05.24-13.21.01:608][491]LogPlayLevel: Display: Shutting down PIE online subsystems
[2025.05.24-13.21.01:626][491]LogSlate: InvalidateAllWidgets triggered.  All widgets were invalidated
[2025.05.24-13.21.01:665][491]LogAudio: Display: Audio Device unregistered from world 'None'.
[2025.05.24-13.21.01:665][491]LogResonanceAudio: Display: Resonance Audio Listener is shutdown
[2025.05.24-13.21.01:666][491]LogAudioMixer: FMixerPlatformXAudio2::StopAudioStream() called
[2025.05.24-13.21.01:667][491]LogAudioMixer: FMixerPlatformXAudio2::StopAudioStream() called
[2025.05.24-13.21.01:671][491]LogSlate: Updating window title bar state: overlay mode, drag disabled, window buttons hidden, title bar hidden
[2025.05.24-13.21.01:676][491]LogUObjectHash: Compacting FUObjectHashTables data took   2.88ms
[2025.05.24-13.21.01:708][492]LogPlayLevel: Display: Destroying online subsystem :Context_17
[2025.05.24-13.21.30:444][176]BlueprintLog: New page: Compile WD_Menu
[2025.05.24-13.21.30:548][176]LogUObjectHash: Compacting FUObjectHashTables data took   3.30ms
[2025.05.24-13.21.31:663][237]Cmd: OBJ SAVEPACKAGE PACKAGE="/Game/Andrey/Menu/WD_Menu" FILE="../../../../../../Users/AlisaDI/Documents/MephiTasks/UnrealProject/Content/Andrey/Menu/WD_Menu.uasset" SILENT=true
[2025.05.24-13.21.31:721][237]LogSavePackage: Moving '../../../../../../Users/AlisaDI/Documents/MephiTasks/UnrealProject/Saved/WD_MenuD491F44643727B05C6915E8BB1CF3496.tmp' to '../../../../../../Users/AlisaDI/Documents/MephiTasks/UnrealProject/Content/Andrey/Menu/WD_Menu.uasset'
[2025.05.24-13.21.31:741][237]AssetCheck: New page: Asset Save: WD_Menu
[2025.05.24-13.21.31:741][237]LogContentValidation: Display: Validating WidgetBlueprint /Game/Andrey/Menu/WD_Menu.WD_Menu
[2025.05.24-13.21.33:705][355]LogTemp: Repeating last play command: Simulate
[2025.05.24-13.21.33:710][355]LogPlayLevel: PlayLevel: No blueprints needed recompiling
[2025.05.24-13.21.33:710][355]PIE: New page: SIE session: VRTemplateMap (24 мая 2025 г., 19:21:33)
[2025.05.24-13.21.33:710][355]LogPlayLevel: Creating play world package: /Game/VRTemplate/Maps/UEDPIE_0_VRTemplateMap
[2025.05.24-13.21.33:713][355]LogPlayLevel: PIE: StaticDuplicateObject took: (0.003431s)
[2025.05.24-13.21.33:714][355]LogAIModule: Creating AISystem for world VRTemplateMap
[2025.05.24-13.21.33:714][355]LogPlayLevel: PIE: World Init took: (0.000897s)
[2025.05.24-13.21.33:714][355]LogPlayLevel: PIE: Created PIE world by copying editor world from /Game/VRTemplate/Maps/VRTemplateMap.VRTemplateMap to /Game/VRTemplate/Maps/UEDPIE_0_VRTemplateMap.VRTemplateMap (0.004427s)
[2025.05.24-13.21.33:760][355]LogUObjectHash: Compacting FUObjectHashTables data took   4.03ms
[2025.05.24-13.21.33:761][355]LogAudio: Display: Creating Audio Device:                 Id: 8, Scope: Unique, Realtime: True
[2025.05.24-13.21.33:761][355]LogAudioMixer: Display: Audio Mixer Platform Settings:
[2025.05.24-13.21.33:761][355]LogAudioMixer: Display: 	Sample Rate:						  48000
[2025.05.24-13.21.33:761][355]LogAudioMixer: Display: 	Callback Buffer Frame Size Requested: 1024
[2025.05.24-13.21.33:761][355]LogAudioMixer: Display: 	Callback Buffer Frame Size To Use:	  1024
[2025.05.24-13.21.33:761][355]LogAudioMixer: Display: 	Number of buffers to queue:			  1
[2025.05.24-13.21.33:761][355]LogAudioMixer: Display: 	Max Channels (voices):				  0
[2025.05.24-13.21.33:761][355]LogAudioMixer: Display: 	Number of Async Source Workers:		  4
[2025.05.24-13.21.33:761][355]LogAudio: Display: AudioDevice MaxSources: 32
[2025.05.24-13.21.33:761][355]LogAudio: Display: Audio Spatialization Plugin: Resonance Audio is external send: 1
[2025.05.24-13.21.33:761][355]LogAudio: Display: Audio Reverb Plugin: Resonance Audio
[2025.05.24-13.21.33:761][355]LogAudio: Display: Audio Occlusion Plugin: None (built-in).
[2025.05.24-13.21.33:761][355]LogAudioMixer: Display: Initializing audio mixer.
[2025.05.24-13.21.33:765][355]LogAudioMixer: Display: 0: FrontLeft
[2025.05.24-13.21.33:765][355]LogAudioMixer: Display: 1: FrontRight
[2025.05.24-13.21.33:810][355]LogAudioMixer: Display: Using Audio Device Динамики (Realtek(R) Audio)
[2025.05.24-13.21.33:810][355]LogAudioMixer: Display: Initializing Sound Submixes...
[2025.05.24-13.21.33:810][355]LogAudioMixer: Display: Creating Master Submix 'MasterSubmixDefault'
[2025.05.24-13.21.33:810][355]LogAudioMixer: Display: Creating Master Submix 'MasterReverbSubmixDefault'
[2025.05.24-13.21.33:810][355]LogAudioMixer: Display: Creating Master Submix 'MasterEQSubmixDefault'
[2025.05.24-13.21.33:810][355]LogAudioMixer: FMixerPlatformXAudio2::StartAudioStream() called
[2025.05.24-13.21.33:810][355]LogAudioMixer: Display: Output buffers initialized: Frames=1024, Channels=2, Samples=2048
[2025.05.24-13.21.33:811][355]LogAudioMixer: Display: Starting AudioMixerPlatformInterface::RunInternal()
[2025.05.24-13.21.33:811][355]LogAudioMixer: Display: FMixerPlatformXAudio2::SubmitBuffer() called for the first time
[2025.05.24-13.21.33:811][355]LogInit: FAudioDevice initialized.
[2025.05.24-13.21.33:811][355]LogAudio: Display: Audio Device (ID: 8) registered with world 'VRTemplateMap'.
[2025.05.24-13.21.33:818][355]LogLoad: Game class is 'VRGameMode_C'
[2025.05.24-13.21.33:820][355]LogWorld: Bringing World /Game/VRTemplate/Maps/UEDPIE_0_VRTemplateMap.VRTemplateMap up for play (max tick rate 60) at 2025.05.24-16.21.33
[2025.05.24-13.21.33:820][355]LogWorld: Bringing up level for play took: 0.001137
[2025.05.24-13.21.33:820][355]LogOnline: OSS: Creating online subsystem instance for: :Context_18
[2025.05.24-13.21.33:821][355]LogSpawn: Warning: SpawnActor failed because no class was specified
[2025.05.24-13.21.33:822][355]PIE: Server logged in
[2025.05.24-13.21.33:823][355]PIE: Play in editor total start time 0,113 seconds.
[2025.05.24-13.21.33:842][355]LogResonanceAudio: Display: Resonance Audio Listener is initialized
[2025.05.24-13.21.37:107][550]LogBlueprintUserMessages: [WD_Menu_C_1] Hello
[2025.05.24-13.21.38:089][607]LogBlueprintUserMessages: [WD_Menu_C_1] Hello
[2025.05.24-13.21.38:389][625]LogBlueprintUserMessages: [WD_Menu_C_1] Hello
[2025.05.24-13.21.38:539][634]LogBlueprintUserMessages: [WD_Menu_C_1] Hello
[2025.05.24-13.21.38:690][643]LogBlueprintUserMessages: [WD_Menu_C_1] Hello
[2025.05.24-13.21.38:840][652]LogBlueprintUserMessages: [WD_Menu_C_1] Hello
[2025.05.24-13.21.38:973][660]LogBlueprintUserMessages: [WD_Menu_C_1] Hello
[2025.05.24-13.21.42:969][897]LogSlate: Updating window title bar state: overlay mode, drag disabled, window buttons hidden, title bar hidden
[2025.05.24-13.21.42:969][897]LogWorld: BeginTearingDown for /Game/VRTemplate/Maps/UEDPIE_0_VRTemplateMap
[2025.05.24-13.21.42:970][897]LogWorld: UWorld::CleanupWorld for VRTemplateMap, bSessionEnded=true, bCleanupResources=true
[2025.05.24-13.21.42:970][897]LogSlate: InvalidateAllWidgets triggered.  All widgets were invalidated
[2025.05.24-13.21.42:976][897]LogPlayLevel: Display: Shutting down PIE online subsystems
[2025.05.24-13.21.42:993][897]LogSlate: InvalidateAllWidgets triggered.  All widgets were invalidated
[2025.05.24-13.21.43:033][897]LogAudio: Display: Audio Device unregistered from world 'None'.
[2025.05.24-13.21.43:033][897]LogResonanceAudio: Display: Resonance Audio Listener is shutdown
[2025.05.24-13.21.43:033][897]LogAudioMixer: FMixerPlatformXAudio2::StopAudioStream() called
[2025.05.24-13.21.43:034][897]LogAudioMixer: FMixerPlatformXAudio2::StopAudioStream() called
[2025.05.24-13.21.43:038][897]LogSlate: Updating window title bar state: overlay mode, drag disabled, window buttons hidden, title bar hidden
[2025.05.24-13.21.43:043][897]LogUObjectHash: Compacting FUObjectHashTables data took   3.16ms
[2025.05.24-13.21.43:072][898]LogPlayLevel: Display: Destroying online subsystem :Context_18
[2025.05.24-13.22.20:381][ 94]BlueprintLog: New page: Compile WD_Menu
[2025.05.24-13.22.20:483][ 94]LogUObjectHash: Compacting FUObjectHashTables data took   3.28ms
[2025.05.24-13.22.20:817][108]Cmd: OBJ SAVEPACKAGE PACKAGE="/Game/Andrey/Menu/WD_Menu" FILE="../../../../../../Users/AlisaDI/Documents/MephiTasks/UnrealProject/Content/Andrey/Menu/WD_Menu.uasset" SILENT=true
[2025.05.24-13.22.20:875][108]LogSavePackage: Moving '../../../../../../Users/AlisaDI/Documents/MephiTasks/UnrealProject/Saved/WD_Menu9EBA35E8439B09370F373B9402DAD3B5.tmp' to '../../../../../../Users/AlisaDI/Documents/MephiTasks/UnrealProject/Content/Andrey/Menu/WD_Menu.uasset'
[2025.05.24-13.22.20:898][108]AssetCheck: New page: Asset Save: WD_Menu
[2025.05.24-13.22.20:898][108]LogContentValidation: Display: Validating WidgetBlueprint /Game/Andrey/Menu/WD_Menu.WD_Menu
[2025.05.24-13.22.21:917][168]LogTemp: Repeating last play command: Simulate
[2025.05.24-13.22.21:922][168]LogPlayLevel: PlayLevel: No blueprints needed recompiling
[2025.05.24-13.22.21:923][168]PIE: New page: SIE session: VRTemplateMap (24 мая 2025 г., 19:22:21)
[2025.05.24-13.22.21:923][168]LogPlayLevel: Creating play world package: /Game/VRTemplate/Maps/UEDPIE_0_VRTemplateMap
[2025.05.24-13.22.21:927][168]LogPlayLevel: PIE: StaticDuplicateObject took: (0.003806s)
[2025.05.24-13.22.21:928][168]LogAIModule: Creating AISystem for world VRTemplateMap
[2025.05.24-13.22.21:928][168]LogPlayLevel: PIE: World Init took: (0.001287s)
[2025.05.24-13.22.21:928][168]LogPlayLevel: PIE: Created PIE world by copying editor world from /Game/VRTemplate/Maps/VRTemplateMap.VRTemplateMap to /Game/VRTemplate/Maps/UEDPIE_0_VRTemplateMap.VRTemplateMap (0.005209s)
[2025.05.24-13.22.21:973][168]LogUObjectHash: Compacting FUObjectHashTables data took   4.12ms
[2025.05.24-13.22.21:974][168]LogAudio: Display: Creating Audio Device:                 Id: 9, Scope: Unique, Realtime: True
[2025.05.24-13.22.21:974][168]LogAudioMixer: Display: Audio Mixer Platform Settings:
[2025.05.24-13.22.21:974][168]LogAudioMixer: Display: 	Sample Rate:						  48000
[2025.05.24-13.22.21:974][168]LogAudioMixer: Display: 	Callback Buffer Frame Size Requested: 1024
[2025.05.24-13.22.21:974][168]LogAudioMixer: Display: 	Callback Buffer Frame Size To Use:	  1024
[2025.05.24-13.22.21:974][168]LogAudioMixer: Display: 	Number of buffers to queue:			  1
[2025.05.24-13.22.21:974][168]LogAudioMixer: Display: 	Max Channels (voices):				  0
[2025.05.24-13.22.21:974][168]LogAudioMixer: Display: 	Number of Async Source Workers:		  4
[2025.05.24-13.22.21:974][168]LogAudio: Display: AudioDevice MaxSources: 32
[2025.05.24-13.22.21:974][168]LogAudio: Display: Audio Spatialization Plugin: Resonance Audio is external send: 1
[2025.05.24-13.22.21:974][168]LogAudio: Display: Audio Reverb Plugin: Resonance Audio
[2025.05.24-13.22.21:974][168]LogAudio: Display: Audio Occlusion Plugin: None (built-in).
[2025.05.24-13.22.21:974][168]LogAudioMixer: Display: Initializing audio mixer.
[2025.05.24-13.22.21:979][168]LogAudioMixer: Display: 0: FrontLeft
[2025.05.24-13.22.21:979][168]LogAudioMixer: Display: 1: FrontRight
[2025.05.24-13.22.22:030][168]LogAudioMixer: Display: Using Audio Device Динамики (Realtek(R) Audio)
[2025.05.24-13.22.22:030][168]LogAudioMixer: Display: Initializing Sound Submixes...
[2025.05.24-13.22.22:030][168]LogAudioMixer: Display: Creating Master Submix 'MasterSubmixDefault'
[2025.05.24-13.22.22:030][168]LogAudioMixer: Display: Creating Master Submix 'MasterReverbSubmixDefault'
[2025.05.24-13.22.22:031][168]LogAudioMixer: Display: Creating Master Submix 'MasterEQSubmixDefault'
[2025.05.24-13.22.22:031][168]LogAudioMixer: FMixerPlatformXAudio2::StartAudioStream() called
[2025.05.24-13.22.22:031][168]LogAudioMixer: Display: Output buffers initialized: Frames=1024, Channels=2, Samples=2048
[2025.05.24-13.22.22:032][168]LogAudioMixer: Display: Starting AudioMixerPlatformInterface::RunInternal()
[2025.05.24-13.22.22:032][168]LogAudioMixer: Display: FMixerPlatformXAudio2::SubmitBuffer() called for the first time
[2025.05.24-13.22.22:032][168]LogInit: FAudioDevice initialized.
[2025.05.24-13.22.22:032][168]LogAudio: Display: Audio Device (ID: 9) registered with world 'VRTemplateMap'.
[2025.05.24-13.22.22:042][168]LogLoad: Game class is 'VRGameMode_C'
[2025.05.24-13.22.22:043][168]LogWorld: Bringing World /Game/VRTemplate/Maps/UEDPIE_0_VRTemplateMap.VRTemplateMap up for play (max tick rate 60) at 2025.05.24-16.22.22
[2025.05.24-13.22.22:044][168]LogWorld: Bringing up level for play took: 0.001395
[2025.05.24-13.22.22:044][168]LogOnline: OSS: Creating online subsystem instance for: :Context_19
[2025.05.24-13.22.22:045][168]LogSpawn: Warning: SpawnActor failed because no class was specified
[2025.05.24-13.22.22:046][168]PIE: Server logged in
[2025.05.24-13.22.22:047][168]PIE: Play in editor total start time 0,126 seconds.
[2025.05.24-13.22.22:071][168]LogResonanceAudio: Display: Resonance Audio Listener is initialized
[2025.05.24-13.22.24:226][296]LogBlueprintUserMessages: [WD_Menu_C_1] -1
[2025.05.24-13.22.24:226][296]LogBlueprintUserMessages: [WD_Menu_C_1] 1
[2025.05.24-13.22.26:619][438]LogSlate: Updating window title bar state: overlay mode, drag disabled, window buttons hidden, title bar hidden
[2025.05.24-13.22.26:619][438]LogWorld: BeginTearingDown for /Game/VRTemplate/Maps/UEDPIE_0_VRTemplateMap
[2025.05.24-13.22.26:620][438]LogWorld: UWorld::CleanupWorld for VRTemplateMap, bSessionEnded=true, bCleanupResources=true
[2025.05.24-13.22.26:620][438]LogSlate: InvalidateAllWidgets triggered.  All widgets were invalidated
[2025.05.24-13.22.26:629][438]LogPlayLevel: Display: Shutting down PIE online subsystems
[2025.05.24-13.22.26:646][438]LogSlate: InvalidateAllWidgets triggered.  All widgets were invalidated
[2025.05.24-13.22.26:685][438]LogAudio: Display: Audio Device unregistered from world 'None'.
[2025.05.24-13.22.26:686][438]LogResonanceAudio: Display: Resonance Audio Listener is shutdown
[2025.05.24-13.22.26:686][438]LogAudioMixer: FMixerPlatformXAudio2::StopAudioStream() called
[2025.05.24-13.22.26:687][438]LogAudioMixer: FMixerPlatformXAudio2::StopAudioStream() called
[2025.05.24-13.22.26:691][438]LogSlate: Updating window title bar state: overlay mode, drag disabled, window buttons hidden, title bar hidden
[2025.05.24-13.22.26:695][438]LogUObjectHash: Compacting FUObjectHashTables data took   2.78ms
[2025.05.24-13.22.26:727][439]LogPlayLevel: Display: Destroying online subsystem :Context_19
[2025.05.24-13.22.37:085][605]LogSlate: Window 'Color Picker' being destroyed
[2025.05.24-13.22.41:120][679]LogSlate: Window 'Color Picker' being destroyed
[2025.05.24-13.22.45:629][948]BlueprintLog: New page: Compile WD_Menu
[2025.05.24-13.22.45:727][948]LogUObjectHash: Compacting FUObjectHashTables data took   3.19ms
[2025.05.24-13.22.46:130][966]Cmd: OBJ SAVEPACKAGE PACKAGE="/Game/Andrey/Menu/WD_Menu" FILE="../../../../../../Users/AlisaDI/Documents/MephiTasks/UnrealProject/Content/Andrey/Menu/WD_Menu.uasset" SILENT=true
[2025.05.24-13.22.46:192][966]LogSavePackage: Moving '../../../../../../Users/AlisaDI/Documents/MephiTasks/UnrealProject/Saved/WD_MenuB47A18334FF8C0552A72F48FCB6AC3EB.tmp' to '../../../../../../Users/AlisaDI/Documents/MephiTasks/UnrealProject/Content/Andrey/Menu/WD_Menu.uasset'
[2025.05.24-13.22.46:211][966]AssetCheck: New page: Asset Save: WD_Menu
[2025.05.24-13.22.46:211][966]LogContentValidation: Display: Validating WidgetBlueprint /Game/Andrey/Menu/WD_Menu.WD_Menu
[2025.05.24-13.22.46:321][972]Cmd: OBJ SAVEPACKAGE PACKAGE="/Game/Andrey/Menu/WD_Menu" FILE="../../../../../../Users/AlisaDI/Documents/MephiTasks/UnrealProject/Content/Andrey/Menu/WD_Menu.uasset" SILENT=true
[2025.05.24-13.22.46:380][972]LogSavePackage: Moving '../../../../../../Users/AlisaDI/Documents/MephiTasks/UnrealProject/Saved/WD_MenuAC169F8847140B5D970A44A0B9AE63AC.tmp' to '../../../../../../Users/AlisaDI/Documents/MephiTasks/UnrealProject/Content/Andrey/Menu/WD_Menu.uasset'
[2025.05.24-13.22.46:398][972]AssetCheck: New page: Asset Save: WD_Menu
[2025.05.24-13.22.46:398][972]LogContentValidation: Display: Validating WidgetBlueprint /Game/Andrey/Menu/WD_Menu.WD_Menu
[2025.05.24-13.22.47:427][ 33]LogTemp: Repeating last play command: Simulate
[2025.05.24-13.22.47:432][ 33]LogPlayLevel: PlayLevel: No blueprints needed recompiling
[2025.05.24-13.22.47:432][ 33]PIE: New page: SIE session: VRTemplateMap (24 мая 2025 г., 19:22:47)
[2025.05.24-13.22.47:432][ 33]LogPlayLevel: Creating play world package: /Game/VRTemplate/Maps/UEDPIE_0_VRTemplateMap
[2025.05.24-13.22.47:435][ 33]LogPlayLevel: PIE: StaticDuplicateObject took: (0.003620s)
[2025.05.24-13.22.47:436][ 33]LogAIModule: Creating AISystem for world VRTemplateMap
[2025.05.24-13.22.47:436][ 33]LogPlayLevel: PIE: World Init took: (0.000954s)
[2025.05.24-13.22.47:436][ 33]LogPlayLevel: PIE: Created PIE world by copying editor world from /Game/VRTemplate/Maps/VRTemplateMap.VRTemplateMap to /Game/VRTemplate/Maps/UEDPIE_0_VRTemplateMap.VRTemplateMap (0.004666s)
[2025.05.24-13.22.47:481][ 33]LogUObjectHash: Compacting FUObjectHashTables data took   3.94ms
[2025.05.24-13.22.47:481][ 33]LogAudio: Display: Creating Audio Device:                 Id: 10, Scope: Unique, Realtime: True
[2025.05.24-13.22.47:481][ 33]LogAudioMixer: Display: Audio Mixer Platform Settings:
[2025.05.24-13.22.47:481][ 33]LogAudioMixer: Display: 	Sample Rate:						  48000
[2025.05.24-13.22.47:481][ 33]LogAudioMixer: Display: 	Callback Buffer Frame Size Requested: 1024
[2025.05.24-13.22.47:481][ 33]LogAudioMixer: Display: 	Callback Buffer Frame Size To Use:	  1024
[2025.05.24-13.22.47:481][ 33]LogAudioMixer: Display: 	Number of buffers to queue:			  1
[2025.05.24-13.22.47:481][ 33]LogAudioMixer: Display: 	Max Channels (voices):				  0
[2025.05.24-13.22.47:481][ 33]LogAudioMixer: Display: 	Number of Async Source Workers:		  4
[2025.05.24-13.22.47:481][ 33]LogAudio: Display: AudioDevice MaxSources: 32
[2025.05.24-13.22.47:482][ 33]LogAudio: Display: Audio Spatialization Plugin: Resonance Audio is external send: 1
[2025.05.24-13.22.47:482][ 33]LogAudio: Display: Audio Reverb Plugin: Resonance Audio
[2025.05.24-13.22.47:482][ 33]LogAudio: Display: Audio Occlusion Plugin: None (built-in).
[2025.05.24-13.22.47:482][ 33]LogAudioMixer: Display: Initializing audio mixer.
[2025.05.24-13.22.47:485][ 33]LogAudioMixer: Display: 0: FrontLeft
[2025.05.24-13.22.47:485][ 33]LogAudioMixer: Display: 1: FrontRight
[2025.05.24-13.22.47:525][ 33]LogAudioMixer: Display: Using Audio Device Динамики (Realtek(R) Audio)
[2025.05.24-13.22.47:525][ 33]LogAudioMixer: Display: Initializing Sound Submixes...
[2025.05.24-13.22.47:525][ 33]LogAudioMixer: Display: Creating Master Submix 'MasterSubmixDefault'
[2025.05.24-13.22.47:525][ 33]LogAudioMixer: Display: Creating Master Submix 'MasterReverbSubmixDefault'
[2025.05.24-13.22.47:526][ 33]LogAudioMixer: Display: Creating Master Submix 'MasterEQSubmixDefault'
[2025.05.24-13.22.47:526][ 33]LogAudioMixer: FMixerPlatformXAudio2::StartAudioStream() called
[2025.05.24-13.22.47:526][ 33]LogAudioMixer: Display: Output buffers initialized: Frames=1024, Channels=2, Samples=2048
[2025.05.24-13.22.47:527][ 33]LogAudioMixer: Display: Starting AudioMixerPlatformInterface::RunInternal()
[2025.05.24-13.22.47:527][ 33]LogAudioMixer: Display: FMixerPlatformXAudio2::SubmitBuffer() called for the first time
[2025.05.24-13.22.47:527][ 33]LogInit: FAudioDevice initialized.
[2025.05.24-13.22.47:527][ 33]LogAudio: Display: Audio Device (ID: 10) registered with world 'VRTemplateMap'.
[2025.05.24-13.22.47:538][ 33]LogLoad: Game class is 'VRGameMode_C'
[2025.05.24-13.22.47:540][ 33]LogWorld: Bringing World /Game/VRTemplate/Maps/UEDPIE_0_VRTemplateMap.VRTemplateMap up for play (max tick rate 60) at 2025.05.24-16.22.47
[2025.05.24-13.22.47:540][ 33]LogWorld: Bringing up level for play took: 0.001513
[2025.05.24-13.22.47:540][ 33]LogOnline: OSS: Creating online subsystem instance for: :Context_20
[2025.05.24-13.22.47:542][ 33]LogSpawn: Warning: SpawnActor failed because no class was specified
[2025.05.24-13.22.47:543][ 33]PIE: Server logged in
[2025.05.24-13.22.47:544][ 33]PIE: Play in editor total start time 0,113 seconds.
[2025.05.24-13.22.47:566][ 33]LogResonanceAudio: Display: Resonance Audio Listener is initialized
[2025.05.24-13.22.48:912][113]LogBlueprintUserMessages: [WD_Menu_C_1] -1
[2025.05.24-13.22.48:912][113]LogBlueprintUserMessages: [WD_Menu_C_1] 1
[2025.05.24-13.22.52:268][314]LogBlueprintUserMessages: [WD_Menu_C_1] -1
[2025.05.24-13.22.52:268][314]LogBlueprintUserMessages: [WD_Menu_C_1] 1
[2025.05.24-13.22.53:169][368]LogBlueprintUserMessages: [WD_Menu_C_1] -1
[2025.05.24-13.22.53:169][368]LogBlueprintUserMessages: [WD_Menu_C_1] 1
[2025.05.24-13.22.53:352][379]LogBlueprintUserMessages: [WD_Menu_C_1] -1
[2025.05.24-13.22.53:352][379]LogBlueprintUserMessages: [WD_Menu_C_1] 1
[2025.05.24-13.22.53:869][410]LogBlueprintUserMessages: [WD_Menu_C_1] -1
[2025.05.24-13.22.53:869][410]LogBlueprintUserMessages: [WD_Menu_C_1] 1
[2025.05.24-13.22.54:018][419]LogBlueprintUserMessages: [WD_Menu_C_1] -1
[2025.05.24-13.22.54:018][419]LogBlueprintUserMessages: [WD_Menu_C_1] 1
[2025.05.24-13.22.54:185][429]LogBlueprintUserMessages: [WD_Menu_C_1] -1
[2025.05.24-13.22.54:186][429]LogBlueprintUserMessages: [WD_Menu_C_1] 1
[2025.05.24-13.22.54:602][454]LogBlueprintUserMessages: [WD_Menu_C_1] -1
[2025.05.24-13.22.54:602][454]LogBlueprintUserMessages: [WD_Menu_C_1] 1
[2025.05.24-13.23.08:467][275]LogSlate: Updating window title bar state: overlay mode, drag disabled, window buttons hidden, title bar hidden
[2025.05.24-13.23.08:467][275]LogWorld: BeginTearingDown for /Game/VRTemplate/Maps/UEDPIE_0_VRTemplateMap
[2025.05.24-13.23.08:467][275]LogWorld: UWorld::CleanupWorld for VRTemplateMap, bSessionEnded=true, bCleanupResources=true
[2025.05.24-13.23.08:468][275]LogSlate: InvalidateAllWidgets triggered.  All widgets were invalidated
[2025.05.24-13.23.08:477][275]LogPlayLevel: Display: Shutting down PIE online subsystems
[2025.05.24-13.23.08:494][275]LogSlate: InvalidateAllWidgets triggered.  All widgets were invalidated
[2025.05.24-13.23.08:532][275]LogAudio: Display: Audio Device unregistered from world 'None'.
[2025.05.24-13.23.08:532][275]LogResonanceAudio: Display: Resonance Audio Listener is shutdown
[2025.05.24-13.23.08:532][275]LogAudioMixer: FMixerPlatformXAudio2::StopAudioStream() called
[2025.05.24-13.23.08:533][275]LogAudioMixer: FMixerPlatformXAudio2::StopAudioStream() called
[2025.05.24-13.23.08:537][275]LogSlate: Updating window title bar state: overlay mode, drag disabled, window buttons hidden, title bar hidden
[2025.05.24-13.23.08:541][275]LogUObjectHash: Compacting FUObjectHashTables data took   3.10ms
[2025.05.24-13.23.08:574][277]LogPlayLevel: Display: Destroying online subsystem :Context_20
[2025.05.24-13.23.11:520][450]BlueprintLog: New page: Compile WD_Menu
[2025.05.24-13.23.11:629][450]LogUObjectHash: Compacting FUObjectHashTables data took   4.01ms
[2025.05.24-13.23.12:603][503]LogTemp: Repeating last play command: Simulate
[2025.05.24-13.23.12:609][503]LogPlayLevel: PlayLevel: No blueprints needed recompiling
[2025.05.24-13.23.12:610][503]PIE: New page: SIE session: VRTemplateMap (24 мая 2025 г., 19:23:12)
[2025.05.24-13.23.12:610][503]LogPlayLevel: Creating play world package: /Game/VRTemplate/Maps/UEDPIE_0_VRTemplateMap
[2025.05.24-13.23.12:615][503]LogPlayLevel: PIE: StaticDuplicateObject took: (0.004598s)
[2025.05.24-13.23.12:615][503]LogAIModule: Creating AISystem for world VRTemplateMap
[2025.05.24-13.23.12:616][503]LogPlayLevel: PIE: World Init took: (0.001096s)
[2025.05.24-13.23.12:616][503]LogPlayLevel: PIE: Created PIE world by copying editor world from /Game/VRTemplate/Maps/VRTemplateMap.VRTemplateMap to /Game/VRTemplate/Maps/UEDPIE_0_VRTemplateMap.VRTemplateMap (0.005859s)
[2025.05.24-13.23.12:660][503]LogUObjectHash: Compacting FUObjectHashTables data took   4.02ms
[2025.05.24-13.23.12:661][503]LogAudio: Display: Creating Audio Device:                 Id: 11, Scope: Unique, Realtime: True
[2025.05.24-13.23.12:661][503]LogAudioMixer: Display: Audio Mixer Platform Settings:
[2025.05.24-13.23.12:661][503]LogAudioMixer: Display: 	Sample Rate:						  48000
[2025.05.24-13.23.12:661][503]LogAudioMixer: Display: 	Callback Buffer Frame Size Requested: 1024
[2025.05.24-13.23.12:661][503]LogAudioMixer: Display: 	Callback Buffer Frame Size To Use:	  1024
[2025.05.24-13.23.12:661][503]LogAudioMixer: Display: 	Number of buffers to queue:			  1
[2025.05.24-13.23.12:661][503]LogAudioMixer: Display: 	Max Channels (voices):				  0
[2025.05.24-13.23.12:661][503]LogAudioMixer: Display: 	Number of Async Source Workers:		  4
[2025.05.24-13.23.12:661][503]LogAudio: Display: AudioDevice MaxSources: 32
[2025.05.24-13.23.12:661][503]LogAudio: Display: Audio Spatialization Plugin: Resonance Audio is external send: 1
[2025.05.24-13.23.12:661][503]LogAudio: Display: Audio Reverb Plugin: Resonance Audio
[2025.05.24-13.23.12:661][503]LogAudio: Display: Audio Occlusion Plugin: None (built-in).
[2025.05.24-13.23.12:661][503]LogAudioMixer: Display: Initializing audio mixer.
[2025.05.24-13.23.12:665][503]LogAudioMixer: Display: 0: FrontLeft
[2025.05.24-13.23.12:665][503]LogAudioMixer: Display: 1: FrontRight
[2025.05.24-13.23.12:698][503]LogAudioMixer: Display: Using Audio Device Динамики (Realtek(R) Audio)
[2025.05.24-13.23.12:698][503]LogAudioMixer: Display: Initializing Sound Submixes...
[2025.05.24-13.23.12:698][503]LogAudioMixer: Display: Creating Master Submix 'MasterSubmixDefault'
[2025.05.24-13.23.12:698][503]LogAudioMixer: Display: Creating Master Submix 'MasterReverbSubmixDefault'
[2025.05.24-13.23.12:698][503]LogAudioMixer: Display: Creating Master Submix 'MasterEQSubmixDefault'
[2025.05.24-13.23.12:698][503]LogAudioMixer: FMixerPlatformXAudio2::StartAudioStream() called
[2025.05.24-13.23.12:698][503]LogAudioMixer: Display: Output buffers initialized: Frames=1024, Channels=2, Samples=2048
[2025.05.24-13.23.12:699][503]LogAudioMixer: Display: Starting AudioMixerPlatformInterface::RunInternal()
[2025.05.24-13.23.12:699][503]LogAudioMixer: Display: FMixerPlatformXAudio2::SubmitBuffer() called for the first time
[2025.05.24-13.23.12:699][503]LogInit: FAudioDevice initialized.
[2025.05.24-13.23.12:699][503]LogAudio: Display: Audio Device (ID: 11) registered with world 'VRTemplateMap'.
[2025.05.24-13.23.12:712][503]LogLoad: Game class is 'VRGameMode_C'
[2025.05.24-13.23.12:713][503]LogWorld: Bringing World /Game/VRTemplate/Maps/UEDPIE_0_VRTemplateMap.VRTemplateMap up for play (max tick rate 60) at 2025.05.24-16.23.12
[2025.05.24-13.23.12:713][503]LogWorld: Bringing up level for play took: 0.001010
[2025.05.24-13.23.12:714][503]LogOnline: OSS: Creating online subsystem instance for: :Context_21
[2025.05.24-13.23.12:715][503]LogSpawn: Warning: SpawnActor failed because no class was specified
[2025.05.24-13.23.12:716][503]PIE: Server logged in
[2025.05.24-13.23.12:717][503]PIE: Play in editor total start time 0,107 seconds.
[2025.05.24-13.23.12:737][503]LogResonanceAudio: Display: Resonance Audio Listener is initialized
[2025.05.24-13.23.14:003][578]LogBlueprintUserMessages: [WD_Menu_C_1] -1
[2025.05.24-13.23.15:219][651]LogBlueprintUserMessages: [WD_Menu_C_1] -1
[2025.05.24-13.23.15:352][659]LogBlueprintUserMessages: [WD_Menu_C_1] -1
[2025.05.24-13.23.15:503][668]LogBlueprintUserMessages: [WD_Menu_C_1] -1
[2025.05.24-13.23.15:636][676]LogBlueprintUserMessages: [WD_Menu_C_1] -1
[2025.05.24-13.23.16:029][697]LogSlate: Updating window title bar state: overlay mode, drag disabled, window buttons hidden, title bar hidden
[2025.05.24-13.23.16:029][697]LogWorld: BeginTearingDown for /Game/VRTemplate/Maps/UEDPIE_0_VRTemplateMap
[2025.05.24-13.23.16:029][697]LogWorld: UWorld::CleanupWorld for VRTemplateMap, bSessionEnded=true, bCleanupResources=true
[2025.05.24-13.23.16:030][697]LogSlate: InvalidateAllWidgets triggered.  All widgets were invalidated
[2025.05.24-13.23.16:037][697]LogPlayLevel: Display: Shutting down PIE online subsystems
[2025.05.24-13.23.16:055][697]LogSlate: InvalidateAllWidgets triggered.  All widgets were invalidated
[2025.05.24-13.23.16:095][697]LogAudio: Display: Audio Device unregistered from world 'None'.
[2025.05.24-13.23.16:096][697]LogResonanceAudio: Display: Resonance Audio Listener is shutdown
[2025.05.24-13.23.16:096][697]LogAudioMixer: FMixerPlatformXAudio2::StopAudioStream() called
[2025.05.24-13.23.16:097][697]LogAudioMixer: FMixerPlatformXAudio2::StopAudioStream() called
[2025.05.24-13.23.16:101][697]LogSlate: Updating window title bar state: overlay mode, drag disabled, window buttons hidden, title bar hidden
[2025.05.24-13.23.16:106][697]LogUObjectHash: Compacting FUObjectHashTables data took   3.58ms
[2025.05.24-13.23.16:138][698]LogPlayLevel: Display: Destroying online subsystem :Context_21
[2025.05.24-13.23.28:446][420]LogTemp: Repeating last play command: Simulate
[2025.05.24-13.23.28:451][420]LogPlayLevel: PlayLevel: No blueprints needed recompiling
[2025.05.24-13.23.28:451][420]PIE: New page: SIE session: VRTemplateMap (24 мая 2025 г., 19:23:28)
[2025.05.24-13.23.28:477][420]LogPlayLevel: Creating play world package: /Game/VRTemplate/Maps/UEDPIE_0_VRTemplateMap
[2025.05.24-13.23.28:480][420]LogPlayLevel: PIE: StaticDuplicateObject took: (0.002968s)
[2025.05.24-13.23.28:481][420]LogAIModule: Creating AISystem for world VRTemplateMap
[2025.05.24-13.23.28:481][420]LogPlayLevel: PIE: World Init took: (0.000793s)
[2025.05.24-13.23.28:481][420]LogPlayLevel: PIE: Created PIE world by copying editor world from /Game/VRTemplate/Maps/VRTemplateMap.VRTemplateMap to /Game/VRTemplate/Maps/UEDPIE_0_VRTemplateMap.VRTemplateMap (0.003874s)
[2025.05.24-13.23.28:521][420]LogUObjectHash: Compacting FUObjectHashTables data took   2.95ms
[2025.05.24-13.23.28:522][420]LogAudio: Display: Creating Audio Device:                 Id: 12, Scope: Unique, Realtime: True
[2025.05.24-13.23.28:522][420]LogAudioMixer: Display: Audio Mixer Platform Settings:
[2025.05.24-13.23.28:522][420]LogAudioMixer: Display: 	Sample Rate:						  48000
[2025.05.24-13.23.28:522][420]LogAudioMixer: Display: 	Callback Buffer Frame Size Requested: 1024
[2025.05.24-13.23.28:522][420]LogAudioMixer: Display: 	Callback Buffer Frame Size To Use:	  1024
[2025.05.24-13.23.28:522][420]LogAudioMixer: Display: 	Number of buffers to queue:			  1
[2025.05.24-13.23.28:522][420]LogAudioMixer: Display: 	Max Channels (voices):				  0
[2025.05.24-13.23.28:522][420]LogAudioMixer: Display: 	Number of Async Source Workers:		  4
[2025.05.24-13.23.28:522][420]LogAudio: Display: AudioDevice MaxSources: 32
[2025.05.24-13.23.28:522][420]LogAudio: Display: Audio Spatialization Plugin: Resonance Audio is external send: 1
[2025.05.24-13.23.28:522][420]LogAudio: Display: Audio Reverb Plugin: Resonance Audio
[2025.05.24-13.23.28:522][420]LogAudio: Display: Audio Occlusion Plugin: None (built-in).
[2025.05.24-13.23.28:522][420]LogAudioMixer: Display: Initializing audio mixer.
[2025.05.24-13.23.28:526][420]LogAudioMixer: Display: 0: FrontLeft
[2025.05.24-13.23.28:526][420]LogAudioMixer: Display: 1: FrontRight
[2025.05.24-13.23.28:557][420]LogAudioMixer: Display: Using Audio Device Динамики (Realtek(R) Audio)
[2025.05.24-13.23.28:557][420]LogAudioMixer: Display: Initializing Sound Submixes...
[2025.05.24-13.23.28:557][420]LogAudioMixer: Display: Creating Master Submix 'MasterSubmixDefault'
[2025.05.24-13.23.28:557][420]LogAudioMixer: Display: Creating Master Submix 'MasterReverbSubmixDefault'
[2025.05.24-13.23.28:557][420]LogAudioMixer: Display: Creating Master Submix 'MasterEQSubmixDefault'
[2025.05.24-13.23.28:557][420]LogAudioMixer: FMixerPlatformXAudio2::StartAudioStream() called
[2025.05.24-13.23.28:557][420]LogAudioMixer: Display: Output buffers initialized: Frames=1024, Channels=2, Samples=2048
[2025.05.24-13.23.28:558][420]LogAudioMixer: Display: Starting AudioMixerPlatformInterface::RunInternal()
[2025.05.24-13.23.28:559][420]LogAudioMixer: Display: FMixerPlatformXAudio2::SubmitBuffer() called for the first time
[2025.05.24-13.23.28:559][420]LogInit: FAudioDevice initialized.
[2025.05.24-13.23.28:559][420]LogAudio: Display: Audio Device (ID: 12) registered with world 'VRTemplateMap'.
[2025.05.24-13.23.28:565][420]LogLoad: Game class is 'VRGameMode_C'
[2025.05.24-13.23.28:567][420]LogWorld: Bringing World /Game/VRTemplate/Maps/UEDPIE_0_VRTemplateMap.VRTemplateMap up for play (max tick rate 60) at 2025.05.24-16.23.28
[2025.05.24-13.23.28:568][420]LogWorld: Bringing up level for play took: 0.001393
[2025.05.24-13.23.28:568][420]LogOnline: OSS: Creating online subsystem instance for: :Context_22
[2025.05.24-13.23.28:570][420]LogSpawn: Warning: SpawnActor failed because no class was specified
[2025.05.24-13.23.28:571][420]PIE: Server logged in
[2025.05.24-13.23.28:572][420]PIE: Play in editor total start time 0,121 seconds.
[2025.05.24-13.23.28:594][420]LogResonanceAudio: Display: Resonance Audio Listener is initialized
[2025.05.24-13.23.30:591][538]LogBlueprintUserMessages: [WD_Menu_C_1] 0
[2025.05.24-13.23.32:798][670]LogBlueprintUserMessages: [WD_Menu_C_1] 1
[2025.05.24-13.23.34:531][774]LogBlueprintUserMessages: [WD_Menu_C_1] 2
[2025.05.24-13.23.36:337][882]LogBlueprintUserMessages: [WD_Menu_C_1] 2
[2025.05.24-13.23.36:737][906]LogBlueprintUserMessages: [WD_Menu_C_1] 2
[2025.05.24-13.23.36:937][918]LogBlueprintUserMessages: [WD_Menu_C_1] 2
[2025.05.24-13.23.37:120][929]LogBlueprintUserMessages: [WD_Menu_C_1] 2
[2025.05.24-13.23.37:587][957]LogBlueprintUserMessages: [WD_Menu_C_1] 2
[2025.05.24-13.23.37:987][981]LogBlueprintUserMessages: [WD_Menu_C_1] 2
[2025.05.24-13.23.38:554][ 15]LogBlueprintUserMessages: [WD_Menu_C_1] 2
[2025.05.24-13.23.39:305][ 60]LogBlueprintUserMessages: [WD_Menu_C_1] 2
[2025.05.24-13.23.51:457][788]LogSlate: Updating window title bar state: overlay mode, drag disabled, window buttons hidden, title bar hidden
[2025.05.24-13.23.51:457][788]LogWorld: BeginTearingDown for /Game/VRTemplate/Maps/UEDPIE_0_VRTemplateMap
[2025.05.24-13.23.51:457][788]LogWorld: UWorld::CleanupWorld for VRTemplateMap, bSessionEnded=true, bCleanupResources=true
[2025.05.24-13.23.51:457][788]LogSlate: InvalidateAllWidgets triggered.  All widgets were invalidated
[2025.05.24-13.23.51:467][788]LogPlayLevel: Display: Shutting down PIE online subsystems
[2025.05.24-13.23.51:484][788]LogSlate: InvalidateAllWidgets triggered.  All widgets were invalidated
[2025.05.24-13.23.51:526][788]LogSlate: Updating window title bar state: overlay mode, drag disabled, window buttons hidden, title bar hidden
[2025.05.24-13.23.51:526][788]LogResonanceAudio: Display: Resonance Audio Listener is shutdown
[2025.05.24-13.23.51:526][788]LogAudioMixer: FMixerPlatformXAudio2::StopAudioStream() called
[2025.05.24-13.23.51:528][788]LogAudioMixer: FMixerPlatformXAudio2::StopAudioStream() called
[2025.05.24-13.23.51:536][788]LogUObjectHash: Compacting FUObjectHashTables data took   2.87ms
[2025.05.24-13.23.51:570][790]LogPlayLevel: Display: Destroying online subsystem :Context_22
[2025.05.24-13.24.27:956][952]BlueprintLog: New page: Compile WD_Menu
[2025.05.24-13.24.28:056][952]LogUObjectHash: Compacting FUObjectHashTables data took   3.12ms
[2025.05.24-13.24.28:560][976]Cmd: OBJ SAVEPACKAGE PACKAGE="/Game/Andrey/Menu/WD_Menu" FILE="../../../../../../Users/AlisaDI/Documents/MephiTasks/UnrealProject/Content/Andrey/Menu/WD_Menu.uasset" SILENT=true
[2025.05.24-13.24.28:622][976]LogSavePackage: Moving '../../../../../../Users/AlisaDI/Documents/MephiTasks/UnrealProject/Saved/WD_MenuC3CD2EC2492C3979975B96B634334A0C.tmp' to '../../../../../../Users/AlisaDI/Documents/MephiTasks/UnrealProject/Content/Andrey/Menu/WD_Menu.uasset'
[2025.05.24-13.24.28:642][976]AssetCheck: New page: Asset Save: WD_Menu
[2025.05.24-13.24.28:642][976]LogContentValidation: Display: Validating WidgetBlueprint /Game/Andrey/Menu/WD_Menu.WD_Menu
[2025.05.24-13.24.30:023][ 58]LogTemp: Repeating last play command: Simulate
[2025.05.24-13.24.30:028][ 58]LogPlayLevel: PlayLevel: No blueprints needed recompiling
[2025.05.24-13.24.30:028][ 58]PIE: New page: SIE session: VRTemplateMap (24 мая 2025 г., 19:24:30)
[2025.05.24-13.24.30:028][ 58]LogPlayLevel: Creating play world package: /Game/VRTemplate/Maps/UEDPIE_0_VRTemplateMap
[2025.05.24-13.24.30:032][ 58]LogPlayLevel: PIE: StaticDuplicateObject took: (0.003453s)
[2025.05.24-13.24.30:032][ 58]LogAIModule: Creating AISystem for world VRTemplateMap
[2025.05.24-13.24.30:033][ 58]LogPlayLevel: PIE: World Init took: (0.000984s)
[2025.05.24-13.24.30:033][ 58]LogPlayLevel: PIE: Created PIE world by copying editor world from /Game/VRTemplate/Maps/VRTemplateMap.VRTemplateMap to /Game/VRTemplate/Maps/UEDPIE_0_VRTemplateMap.VRTemplateMap (0.004555s)
[2025.05.24-13.24.30:077][ 58]LogUObjectHash: Compacting FUObjectHashTables data took   3.71ms
[2025.05.24-13.24.30:078][ 58]LogAudio: Display: Creating Audio Device:                 Id: 13, Scope: Unique, Realtime: True
[2025.05.24-13.24.30:078][ 58]LogAudioMixer: Display: Audio Mixer Platform Settings:
[2025.05.24-13.24.30:078][ 58]LogAudioMixer: Display: 	Sample Rate:						  48000
[2025.05.24-13.24.30:078][ 58]LogAudioMixer: Display: 	Callback Buffer Frame Size Requested: 1024
[2025.05.24-13.24.30:078][ 58]LogAudioMixer: Display: 	Callback Buffer Frame Size To Use:	  1024
[2025.05.24-13.24.30:078][ 58]LogAudioMixer: Display: 	Number of buffers to queue:			  1
[2025.05.24-13.24.30:078][ 58]LogAudioMixer: Display: 	Max Channels (voices):				  0
[2025.05.24-13.24.30:078][ 58]LogAudioMixer: Display: 	Number of Async Source Workers:		  4
[2025.05.24-13.24.30:078][ 58]LogAudio: Display: AudioDevice MaxSources: 32
[2025.05.24-13.24.30:079][ 58]LogAudio: Display: Audio Spatialization Plugin: Resonance Audio is external send: 1
[2025.05.24-13.24.30:079][ 58]LogAudio: Display: Audio Reverb Plugin: Resonance Audio
[2025.05.24-13.24.30:079][ 58]LogAudio: Display: Audio Occlusion Plugin: None (built-in).
[2025.05.24-13.24.30:079][ 58]LogAudioMixer: Display: Initializing audio mixer.
[2025.05.24-13.24.30:083][ 58]LogAudioMixer: Display: 0: FrontLeft
[2025.05.24-13.24.30:083][ 58]LogAudioMixer: Display: 1: FrontRight
[2025.05.24-13.24.30:136][ 58]LogAudioMixer: Display: Using Audio Device Динамики (Realtek(R) Audio)
[2025.05.24-13.24.30:136][ 58]LogAudioMixer: Display: Initializing Sound Submixes...
[2025.05.24-13.24.30:136][ 58]LogAudioMixer: Display: Creating Master Submix 'MasterSubmixDefault'
[2025.05.24-13.24.30:136][ 58]LogAudioMixer: Display: Creating Master Submix 'MasterReverbSubmixDefault'
[2025.05.24-13.24.30:136][ 58]LogAudioMixer: Display: Creating Master Submix 'MasterEQSubmixDefault'
[2025.05.24-13.24.30:136][ 58]LogAudioMixer: FMixerPlatformXAudio2::StartAudioStream() called
[2025.05.24-13.24.30:136][ 58]LogAudioMixer: Display: Output buffers initialized: Frames=1024, Channels=2, Samples=2048
[2025.05.24-13.24.30:137][ 58]LogAudioMixer: Display: Starting AudioMixerPlatformInterface::RunInternal()
[2025.05.24-13.24.30:137][ 58]LogAudioMixer: Display: FMixerPlatformXAudio2::SubmitBuffer() called for the first time
[2025.05.24-13.24.30:137][ 58]LogInit: FAudioDevice initialized.
[2025.05.24-13.24.30:137][ 58]LogAudio: Display: Audio Device (ID: 13) registered with world 'VRTemplateMap'.
[2025.05.24-13.24.30:146][ 58]LogLoad: Game class is 'VRGameMode_C'
[2025.05.24-13.24.30:148][ 58]LogWorld: Bringing World /Game/VRTemplate/Maps/UEDPIE_0_VRTemplateMap.VRTemplateMap up for play (max tick rate 60) at 2025.05.24-16.24.30
[2025.05.24-13.24.30:148][ 58]LogWorld: Bringing up level for play took: 0.001085
[2025.05.24-13.24.30:148][ 58]LogOnline: OSS: Creating online subsystem instance for: :Context_23
[2025.05.24-13.24.30:150][ 58]LogSpawn: Warning: SpawnActor failed because no class was specified
[2025.05.24-13.24.30:151][ 58]PIE: Server logged in
[2025.05.24-13.24.30:152][ 58]PIE: Play in editor total start time 0,124 seconds.
[2025.05.24-13.24.30:171][ 58]LogResonanceAudio: Display: Resonance Audio Listener is initialized
[2025.05.24-13.24.31:159][117]LogBlueprintUserMessages: [WD_Menu_C_1] -1
[2025.05.24-13.24.31:159][117]LogBlueprintUserMessages: [WD_Menu_C_1] 1
[2025.05.24-13.24.36:541][438]LogSlate: Updating window title bar state: overlay mode, drag disabled, window buttons hidden, title bar hidden
[2025.05.24-13.24.36:541][438]LogWorld: BeginTearingDown for /Game/VRTemplate/Maps/UEDPIE_0_VRTemplateMap
[2025.05.24-13.24.36:541][438]LogWorld: UWorld::CleanupWorld for VRTemplateMap, bSessionEnded=true, bCleanupResources=true
[2025.05.24-13.24.36:542][438]LogSlate: InvalidateAllWidgets triggered.  All widgets were invalidated
[2025.05.24-13.24.36:552][438]LogPlayLevel: Display: Shutting down PIE online subsystems
[2025.05.24-13.24.36:569][438]LogSlate: InvalidateAllWidgets triggered.  All widgets were invalidated
[2025.05.24-13.24.36:607][438]LogAudio: Display: Audio Device unregistered from world 'None'.
[2025.05.24-13.24.36:608][438]LogResonanceAudio: Display: Resonance Audio Listener is shutdown
[2025.05.24-13.24.36:608][438]LogAudioMixer: FMixerPlatformXAudio2::StopAudioStream() called
[2025.05.24-13.24.36:609][438]LogAudioMixer: FMixerPlatformXAudio2::StopAudioStream() called
[2025.05.24-13.24.36:614][438]LogSlate: Updating window title bar state: overlay mode, drag disabled, window buttons hidden, title bar hidden
[2025.05.24-13.24.36:619][438]LogUObjectHash: Compacting FUObjectHashTables data took   3.59ms
[2025.05.24-13.24.36:650][440]LogPlayLevel: Display: Destroying online subsystem :Context_23
[2025.05.24-13.24.45:558][972]BlueprintLog: New page: Compile WD_Menu
[2025.05.24-13.24.45:659][972]LogUObjectHash: Compacting FUObjectHashTables data took   3.00ms
[2025.05.24-13.24.46:014][987]Cmd: OBJ SAVEPACKAGE PACKAGE="/Game/Andrey/Menu/WD_Menu" FILE="../../../../../../Users/AlisaDI/Documents/MephiTasks/UnrealProject/Content/Andrey/Menu/WD_Menu.uasset" SILENT=true
[2025.05.24-13.24.46:073][987]LogSavePackage: Moving '../../../../../../Users/AlisaDI/Documents/MephiTasks/UnrealProject/Saved/WD_MenuE0C701C64DAD234DB9C329BD567C4498.tmp' to '../../../../../../Users/AlisaDI/Documents/MephiTasks/UnrealProject/Content/Andrey/Menu/WD_Menu.uasset'
[2025.05.24-13.24.46:095][987]AssetCheck: New page: Asset Save: WD_Menu
[2025.05.24-13.24.46:095][987]LogContentValidation: Display: Validating WidgetBlueprint /Game/Andrey/Menu/WD_Menu.WD_Menu
[2025.05.24-13.24.48:416][126]LogTemp: Repeating last play command: Simulate
[2025.05.24-13.24.48:421][126]LogPlayLevel: PlayLevel: No blueprints needed recompiling
[2025.05.24-13.24.48:421][126]PIE: New page: SIE session: VRTemplateMap (24 мая 2025 г., 19:24:48)
[2025.05.24-13.24.48:421][126]LogPlayLevel: Creating play world package: /Game/VRTemplate/Maps/UEDPIE_0_VRTemplateMap
[2025.05.24-13.24.48:424][126]LogPlayLevel: PIE: StaticDuplicateObject took: (0.003254s)
[2025.05.24-13.24.48:425][126]LogAIModule: Creating AISystem for world VRTemplateMap
[2025.05.24-13.24.48:425][126]LogPlayLevel: PIE: World Init took: (0.000861s)
[2025.05.24-13.24.48:425][126]LogPlayLevel: PIE: Created PIE world by copying editor world from /Game/VRTemplate/Maps/VRTemplateMap.VRTemplateMap to /Game/VRTemplate/Maps/UEDPIE_0_VRTemplateMap.VRTemplateMap (0.004212s)
[2025.05.24-13.24.48:470][126]LogUObjectHash: Compacting FUObjectHashTables data took   3.94ms
[2025.05.24-13.24.48:472][126]LogAudio: Display: Creating Audio Device:                 Id: 14, Scope: Unique, Realtime: True
[2025.05.24-13.24.48:472][126]LogAudioMixer: Display: Audio Mixer Platform Settings:
[2025.05.24-13.24.48:472][126]LogAudioMixer: Display: 	Sample Rate:						  48000
[2025.05.24-13.24.48:472][126]LogAudioMixer: Display: 	Callback Buffer Frame Size Requested: 1024
[2025.05.24-13.24.48:472][126]LogAudioMixer: Display: 	Callback Buffer Frame Size To Use:	  1024
[2025.05.24-13.24.48:472][126]LogAudioMixer: Display: 	Number of buffers to queue:			  1
[2025.05.24-13.24.48:472][126]LogAudioMixer: Display: 	Max Channels (voices):				  0
[2025.05.24-13.24.48:472][126]LogAudioMixer: Display: 	Number of Async Source Workers:		  4
[2025.05.24-13.24.48:472][126]LogAudio: Display: AudioDevice MaxSources: 32
[2025.05.24-13.24.48:473][126]LogAudio: Display: Audio Spatialization Plugin: Resonance Audio is external send: 1
[2025.05.24-13.24.48:473][126]LogAudio: Display: Audio Reverb Plugin: Resonance Audio
[2025.05.24-13.24.48:473][126]LogAudio: Display: Audio Occlusion Plugin: None (built-in).
[2025.05.24-13.24.48:473][126]LogAudioMixer: Display: Initializing audio mixer.
[2025.05.24-13.24.48:477][126]LogAudioMixer: Display: 0: FrontLeft
[2025.05.24-13.24.48:477][126]LogAudioMixer: Display: 1: FrontRight
[2025.05.24-13.24.48:519][126]LogAudioMixer: Display: Using Audio Device Динамики (Realtek(R) Audio)
[2025.05.24-13.24.48:520][126]LogAudioMixer: Display: Initializing Sound Submixes...
[2025.05.24-13.24.48:520][126]LogAudioMixer: Display: Creating Master Submix 'MasterSubmixDefault'
[2025.05.24-13.24.48:520][126]LogAudioMixer: Display: Creating Master Submix 'MasterReverbSubmixDefault'
[2025.05.24-13.24.48:520][126]LogAudioMixer: Display: Creating Master Submix 'MasterEQSubmixDefault'
[2025.05.24-13.24.48:520][126]LogAudioMixer: FMixerPlatformXAudio2::StartAudioStream() called
[2025.05.24-13.24.48:520][126]LogAudioMixer: Display: Output buffers initialized: Frames=1024, Channels=2, Samples=2048
[2025.05.24-13.24.48:521][126]LogAudioMixer: Display: Starting AudioMixerPlatformInterface::RunInternal()
[2025.05.24-13.24.48:521][126]LogAudioMixer: Display: FMixerPlatformXAudio2::SubmitBuffer() called for the first time
[2025.05.24-13.24.48:521][126]LogInit: FAudioDevice initialized.
[2025.05.24-13.24.48:521][126]LogAudio: Display: Audio Device (ID: 14) registered with world 'VRTemplateMap'.
[2025.05.24-13.24.48:532][126]LogLoad: Game class is 'VRGameMode_C'
[2025.05.24-13.24.48:534][126]LogWorld: Bringing World /Game/VRTemplate/Maps/UEDPIE_0_VRTemplateMap.VRTemplateMap up for play (max tick rate 60) at 2025.05.24-16.24.48
[2025.05.24-13.24.48:534][126]LogWorld: Bringing up level for play took: 0.001151
[2025.05.24-13.24.48:534][126]LogOnline: OSS: Creating online subsystem instance for: :Context_24
[2025.05.24-13.24.48:536][126]LogSpawn: Warning: SpawnActor failed because no class was specified
[2025.05.24-13.24.48:537][126]PIE: Server logged in
[2025.05.24-13.24.48:538][126]PIE: Play in editor total start time 0,117 seconds.
[2025.05.24-13.24.48:560][126]LogResonanceAudio: Display: Resonance Audio Listener is initialized
[2025.05.24-13.24.49:332][170]LogBlueprintUserMessages: [WD_Menu_C_1] Неверно задано количество деталей
[2025.05.24-13.24.49:915][205]LogBlueprintUserMessages: [WD_Menu_C_1] Неверно задано количество деталей
[2025.05.24-13.24.56:818][619]LogBlueprintUserMessages: [WD_Menu_C_1] -1
[2025.05.24-13.24.56:818][619]LogBlueprintUserMessages: [WD_Menu_C_1] 1
[2025.05.24-13.24.58:785][737]LogBlueprintUserMessages: [WD_Menu_C_1] -1
[2025.05.24-13.24.58:785][737]LogBlueprintUserMessages: [WD_Menu_C_1] 1
[2025.05.24-13.25.00:718][853]LogBlueprintUserMessages: [WD_Menu_C_1] -1
[2025.05.24-13.25.00:718][853]LogBlueprintUserMessages: [WD_Menu_C_1] 1
[2025.05.24-13.25.06:934][225]LogBlueprintUserMessages: [WD_Menu_C_1] 0
[2025.05.24-13.25.06:934][225]LogBlueprintUserMessages: [WD_Menu_C_1] 1
[2025.05.24-13.25.14:585][684]LogBlueprintUserMessages: [WD_Menu_C_1] 0
[2025.05.24-13.25.14:585][684]LogBlueprintUserMessages: [WD_Menu_C_1] 3
[2025.05.24-13.25.20:521][ 40]LogSlate: Updating window title bar state: overlay mode, drag disabled, window buttons hidden, title bar hidden
[2025.05.24-13.25.20:521][ 40]LogWorld: BeginTearingDown for /Game/VRTemplate/Maps/UEDPIE_0_VRTemplateMap
[2025.05.24-13.25.20:521][ 40]LogWorld: UWorld::CleanupWorld for VRTemplateMap, bSessionEnded=true, bCleanupResources=true
[2025.05.24-13.25.20:521][ 40]LogSlate: InvalidateAllWidgets triggered.  All widgets were invalidated
[2025.05.24-13.25.20:528][ 40]LogPlayLevel: Display: Shutting down PIE online subsystems
[2025.05.24-13.25.20:547][ 40]LogSlate: InvalidateAllWidgets triggered.  All widgets were invalidated
[2025.05.24-13.25.20:587][ 40]LogAudio: Display: Audio Device unregistered from world 'None'.
[2025.05.24-13.25.20:588][ 40]LogResonanceAudio: Display: Resonance Audio Listener is shutdown
[2025.05.24-13.25.20:588][ 40]LogAudioMixer: FMixerPlatformXAudio2::StopAudioStream() called
[2025.05.24-13.25.20:589][ 40]LogAudioMixer: FMixerPlatformXAudio2::StopAudioStream() called
[2025.05.24-13.25.20:593][ 40]LogSlate: Updating window title bar state: overlay mode, drag disabled, window buttons hidden, title bar hidden
[2025.05.24-13.25.20:598][ 40]LogUObjectHash: Compacting FUObjectHashTables data took   3.35ms
[2025.05.24-13.25.20:631][ 42]LogPlayLevel: Display: Destroying online subsystem :Context_24
[2025.05.24-13.25.29:521][558]BlueprintLog: New page: Compile WD_Menu
[2025.05.24-13.25.29:629][558]LogUObjectHash: Compacting FUObjectHashTables data took   3.86ms
[2025.05.24-13.25.30:133][582]Cmd: OBJ SAVEPACKAGE PACKAGE="/Game/Andrey/Menu/WD_Menu" FILE="../../../../../../Users/AlisaDI/Documents/MephiTasks/UnrealProject/Content/Andrey/Menu/WD_Menu.uasset" SILENT=true
[2025.05.24-13.25.30:193][582]LogSavePackage: Moving '../../../../../../Users/AlisaDI/Documents/MephiTasks/UnrealProject/Saved/WD_Menu1F47367B451566C183B9C68B85E00C40.tmp' to '../../../../../../Users/AlisaDI/Documents/MephiTasks/UnrealProject/Content/Andrey/Menu/WD_Menu.uasset'
[2025.05.24-13.25.30:219][582]AssetCheck: New page: Asset Save: WD_Menu
[2025.05.24-13.25.30:219][582]LogContentValidation: Display: Validating WidgetBlueprint /Game/Andrey/Menu/WD_Menu.WD_Menu
[2025.05.24-13.25.30:361][590]Cmd: OBJ SAVEPACKAGE PACKAGE="/Game/Andrey/Menu/WD_Menu" FILE="../../../../../../Users/AlisaDI/Documents/MephiTasks/UnrealProject/Content/Andrey/Menu/WD_Menu.uasset" SILENT=true
[2025.05.24-13.25.30:423][590]LogSavePackage: Moving '../../../../../../Users/AlisaDI/Documents/MephiTasks/UnrealProject/Saved/WD_MenuB4E66C5C4B1C992ECC48A4AD11B2F962.tmp' to '../../../../../../Users/AlisaDI/Documents/MephiTasks/UnrealProject/Content/Andrey/Menu/WD_Menu.uasset'
[2025.05.24-13.25.30:442][590]AssetCheck: New page: Asset Save: WD_Menu
[2025.05.24-13.25.30:442][590]LogContentValidation: Display: Validating WidgetBlueprint /Game/Andrey/Menu/WD_Menu.WD_Menu
[2025.05.24-13.26.20:903][607]BlueprintLog: New page: Compile BP_test_menu
[2025.05.24-13.26.20:983][607]LogUObjectHash: Compacting FUObjectHashTables data took   4.35ms
[2025.05.24-13.26.21:317][624]Cmd: OBJ SAVEPACKAGE PACKAGE="/Game/Andrey/Menu/BP_test_menu" FILE="../../../../../../Users/AlisaDI/Documents/MephiTasks/UnrealProject/Content/Andrey/Menu/BP_test_menu.uasset" SILENT=true
[2025.05.24-13.26.21:334][624]LogSavePackage: Moving '../../../../../../Users/AlisaDI/Documents/MephiTasks/UnrealProject/Saved/BP_test_menu8DD7A28A4A8A372FF3D236B2BDBB4217.tmp' to '../../../../../../Users/AlisaDI/Documents/MephiTasks/UnrealProject/Content/Andrey/Menu/BP_test_menu.uasset'
[2025.05.24-13.26.21:362][624]AssetCheck: New page: Asset Save: BP_test_menu
[2025.05.24-13.26.21:362][624]LogContentValidation: Display: Validating Blueprint /Game/Andrey/Menu/BP_test_menu.BP_test_menu
[2025.05.24-13.26.23:163][731]LogTemp: Repeating last play command: Simulate
[2025.05.24-13.26.23:168][731]LogPlayLevel: PlayLevel: No blueprints needed recompiling
[2025.05.24-13.26.23:168][731]PIE: New page: SIE session: VRTemplateMap (24 мая 2025 г., 19:26:23)
[2025.05.24-13.26.23:198][731]LogPlayLevel: Creating play world package: /Game/VRTemplate/Maps/UEDPIE_0_VRTemplateMap
[2025.05.24-13.26.23:201][731]LogPlayLevel: PIE: StaticDuplicateObject took: (0.003477s)
[2025.05.24-13.26.23:202][731]LogAIModule: Creating AISystem for world VRTemplateMap
[2025.05.24-13.26.23:202][731]LogPlayLevel: PIE: World Init took: (0.001015s)
[2025.05.24-13.26.23:202][731]LogPlayLevel: PIE: Created PIE world by copying editor world from /Game/VRTemplate/Maps/VRTemplateMap.VRTemplateMap to /Game/VRTemplate/Maps/UEDPIE_0_VRTemplateMap.VRTemplateMap (0.004615s)
[2025.05.24-13.26.23:245][731]LogUObjectHash: Compacting FUObjectHashTables data took   4.00ms
[2025.05.24-13.26.23:247][731]LogAudio: Display: Creating Audio Device:                 Id: 15, Scope: Unique, Realtime: True
[2025.05.24-13.26.23:247][731]LogAudioMixer: Display: Audio Mixer Platform Settings:
[2025.05.24-13.26.23:247][731]LogAudioMixer: Display: 	Sample Rate:						  48000
[2025.05.24-13.26.23:247][731]LogAudioMixer: Display: 	Callback Buffer Frame Size Requested: 1024
[2025.05.24-13.26.23:247][731]LogAudioMixer: Display: 	Callback Buffer Frame Size To Use:	  1024
[2025.05.24-13.26.23:247][731]LogAudioMixer: Display: 	Number of buffers to queue:			  1
[2025.05.24-13.26.23:247][731]LogAudioMixer: Display: 	Max Channels (voices):				  0
[2025.05.24-13.26.23:247][731]LogAudioMixer: Display: 	Number of Async Source Workers:		  4
[2025.05.24-13.26.23:247][731]LogAudio: Display: AudioDevice MaxSources: 32
[2025.05.24-13.26.23:248][731]LogAudio: Display: Audio Spatialization Plugin: Resonance Audio is external send: 1
[2025.05.24-13.26.23:248][731]LogAudio: Display: Audio Reverb Plugin: Resonance Audio
[2025.05.24-13.26.23:248][731]LogAudio: Display: Audio Occlusion Plugin: None (built-in).
[2025.05.24-13.26.23:248][731]LogAudioMixer: Display: Initializing audio mixer.
[2025.05.24-13.26.23:251][731]LogAudioMixer: Display: 0: FrontLeft
[2025.05.24-13.26.23:251][731]LogAudioMixer: Display: 1: FrontRight
[2025.05.24-13.26.23:289][731]LogAudioMixer: Display: Using Audio Device Динамики (Realtek(R) Audio)
[2025.05.24-13.26.23:289][731]LogAudioMixer: Display: Initializing Sound Submixes...
[2025.05.24-13.26.23:289][731]LogAudioMixer: Display: Creating Master Submix 'MasterSubmixDefault'
[2025.05.24-13.26.23:289][731]LogAudioMixer: Display: Creating Master Submix 'MasterReverbSubmixDefault'
[2025.05.24-13.26.23:289][731]LogAudioMixer: Display: Creating Master Submix 'MasterEQSubmixDefault'
[2025.05.24-13.26.23:289][731]LogAudioMixer: FMixerPlatformXAudio2::StartAudioStream() called
[2025.05.24-13.26.23:289][731]LogAudioMixer: Display: Output buffers initialized: Frames=1024, Channels=2, Samples=2048
[2025.05.24-13.26.23:290][731]LogAudioMixer: Display: Starting AudioMixerPlatformInterface::RunInternal()
[2025.05.24-13.26.23:290][731]LogAudioMixer: Display: FMixerPlatformXAudio2::SubmitBuffer() called for the first time
[2025.05.24-13.26.23:290][731]LogInit: FAudioDevice initialized.
[2025.05.24-13.26.23:290][731]LogAudio: Display: Audio Device (ID: 15) registered with world 'VRTemplateMap'.
[2025.05.24-13.26.23:299][731]LogLoad: Game class is 'VRGameMode_C'
[2025.05.24-13.26.23:301][731]LogWorld: Bringing World /Game/VRTemplate/Maps/UEDPIE_0_VRTemplateMap.VRTemplateMap up for play (max tick rate 60) at 2025.05.24-16.26.23
[2025.05.24-13.26.23:301][731]LogWorld: Bringing up level for play took: 0.001097
[2025.05.24-13.26.23:301][731]LogOnline: OSS: Creating online subsystem instance for: :Context_25
[2025.05.24-13.26.23:302][731]LogSpawn: Warning: SpawnActor failed because no class was specified
[2025.05.24-13.26.23:303][731]PIE: Server logged in
[2025.05.24-13.26.23:304][731]PIE: Play in editor total start time 0,137 seconds.
[2025.05.24-13.26.23:324][731]LogResonanceAudio: Display: Resonance Audio Listener is initialized
[2025.05.24-13.26.24:740][815]LogBlueprintUserMessages: [WD_Menu_C_1] Неверно задано количество деталей
[2025.05.24-13.26.25:474][859]LogBlueprintUserMessages: [WD_Menu_C_1] Неверно задано количество деталей
[2025.05.24-13.26.25:657][870]LogBlueprintUserMessages: [WD_Menu_C_1] Неверно задано количество деталей
[2025.05.24-13.26.25:840][881]LogBlueprintUserMessages: [WD_Menu_C_1] Неверно задано количество деталей
[2025.05.24-13.26.35:304][448]LogEditorViewport: Clicking on Actor (LMB): StaticMeshActor (Wall_Window_400x301)
[2025.05.24-13.26.39:439][692]LogSlate: Updating window title bar state: overlay mode, drag disabled, window buttons hidden, title bar hidden
[2025.05.24-13.26.39:439][692]LogWorld: BeginTearingDown for /Game/VRTemplate/Maps/UEDPIE_0_VRTemplateMap
[2025.05.24-13.26.39:439][692]LogWorld: UWorld::CleanupWorld for VRTemplateMap, bSessionEnded=true, bCleanupResources=true
[2025.05.24-13.26.39:440][692]LogSlate: InvalidateAllWidgets triggered.  All widgets were invalidated
[2025.05.24-13.26.39:450][692]LogPlayLevel: Display: Shutting down PIE online subsystems
[2025.05.24-13.26.39:468][692]LogSlate: InvalidateAllWidgets triggered.  All widgets were invalidated
[2025.05.24-13.26.39:508][692]LogAudio: Display: Audio Device unregistered from world 'None'.
[2025.05.24-13.26.39:510][692]LogResonanceAudio: Display: Resonance Audio Listener is shutdown
[2025.05.24-13.26.39:510][692]LogAudioMixer: FMixerPlatformXAudio2::StopAudioStream() called
[2025.05.24-13.26.39:511][692]LogAudioMixer: FMixerPlatformXAudio2::StopAudioStream() called
[2025.05.24-13.26.39:515][692]LogSlate: Updating window title bar state: overlay mode, drag disabled, window buttons hidden, title bar hidden
[2025.05.24-13.26.39:519][692]LogUObjectHash: Compacting FUObjectHashTables data took   3.25ms
[2025.05.24-13.26.39:552][693]LogPlayLevel: Display: Destroying online subsystem :Context_25
[2025.05.24-13.26.51:524][400]BlueprintLog: New page: Compile BP_test_menu
[2025.05.24-13.26.51:596][400]LogUObjectHash: Compacting FUObjectHashTables data took   3.21ms
[2025.05.24-13.26.51:950][418]Cmd: OBJ SAVEPACKAGE PACKAGE="/Game/Andrey/Menu/BP_test_menu" FILE="../../../../../../Users/AlisaDI/Documents/MephiTasks/UnrealProject/Content/Andrey/Menu/BP_test_menu.uasset" SILENT=true
[2025.05.24-13.26.51:966][418]LogSavePackage: Moving '../../../../../../Users/AlisaDI/Documents/MephiTasks/UnrealProject/Saved/BP_test_menu473B53C647CB81106318F2B5986725A4.tmp' to '../../../../../../Users/AlisaDI/Documents/MephiTasks/UnrealProject/Content/Andrey/Menu/BP_test_menu.uasset'
[2025.05.24-13.26.51:985][418]AssetCheck: New page: Asset Save: BP_test_menu
[2025.05.24-13.26.51:985][418]LogContentValidation: Display: Validating Blueprint /Game/Andrey/Menu/BP_test_menu.BP_test_menu
[2025.05.24-13.26.53:509][510]LogTemp: Repeating last play command: Simulate
[2025.05.24-13.26.53:514][510]LogPlayLevel: PlayLevel: No blueprints needed recompiling
[2025.05.24-13.26.53:514][510]PIE: New page: SIE session: VRTemplateMap (24 мая 2025 г., 19:26:53)
[2025.05.24-13.26.53:514][510]LogPlayLevel: Creating play world package: /Game/VRTemplate/Maps/UEDPIE_0_VRTemplateMap
[2025.05.24-13.26.53:518][510]LogPlayLevel: PIE: StaticDuplicateObject took: (0.003924s)
[2025.05.24-13.26.53:519][510]LogAIModule: Creating AISystem for world VRTemplateMap
[2025.05.24-13.26.53:519][510]LogPlayLevel: PIE: World Init took: (0.001055s)
[2025.05.24-13.26.53:519][510]LogPlayLevel: PIE: Created PIE world by copying editor world from /Game/VRTemplate/Maps/VRTemplateMap.VRTemplateMap to /Game/VRTemplate/Maps/UEDPIE_0_VRTemplateMap.VRTemplateMap (0.005092s)
[2025.05.24-13.26.53:563][510]LogUObjectHash: Compacting FUObjectHashTables data took   4.28ms
[2025.05.24-13.26.53:564][510]LogAudio: Display: Creating Audio Device:                 Id: 16, Scope: Unique, Realtime: True
[2025.05.24-13.26.53:564][510]LogAudioMixer: Display: Audio Mixer Platform Settings:
[2025.05.24-13.26.53:564][510]LogAudioMixer: Display: 	Sample Rate:						  48000
[2025.05.24-13.26.53:564][510]LogAudioMixer: Display: 	Callback Buffer Frame Size Requested: 1024
[2025.05.24-13.26.53:564][510]LogAudioMixer: Display: 	Callback Buffer Frame Size To Use:	  1024
[2025.05.24-13.26.53:564][510]LogAudioMixer: Display: 	Number of buffers to queue:			  1
[2025.05.24-13.26.53:564][510]LogAudioMixer: Display: 	Max Channels (voices):				  0
[2025.05.24-13.26.53:564][510]LogAudioMixer: Display: 	Number of Async Source Workers:		  4
[2025.05.24-13.26.53:564][510]LogAudio: Display: AudioDevice MaxSources: 32
[2025.05.24-13.26.53:564][510]LogAudio: Display: Audio Spatialization Plugin: Resonance Audio is external send: 1
[2025.05.24-13.26.53:564][510]LogAudio: Display: Audio Reverb Plugin: Resonance Audio
[2025.05.24-13.26.53:564][510]LogAudio: Display: Audio Occlusion Plugin: None (built-in).
[2025.05.24-13.26.53:564][510]LogAudioMixer: Display: Initializing audio mixer.
[2025.05.24-13.26.53:568][510]LogAudioMixer: Display: 0: FrontLeft
[2025.05.24-13.26.53:568][510]LogAudioMixer: Display: 1: FrontRight
[2025.05.24-13.26.53:609][510]LogAudioMixer: Display: Using Audio Device Динамики (Realtek(R) Audio)
[2025.05.24-13.26.53:609][510]LogAudioMixer: Display: Initializing Sound Submixes...
[2025.05.24-13.26.53:609][510]LogAudioMixer: Display: Creating Master Submix 'MasterSubmixDefault'
[2025.05.24-13.26.53:609][510]LogAudioMixer: Display: Creating Master Submix 'MasterReverbSubmixDefault'
[2025.05.24-13.26.53:609][510]LogAudioMixer: Display: Creating Master Submix 'MasterEQSubmixDefault'
[2025.05.24-13.26.53:609][510]LogAudioMixer: FMixerPlatformXAudio2::StartAudioStream() called
[2025.05.24-13.26.53:609][510]LogAudioMixer: Display: Output buffers initialized: Frames=1024, Channels=2, Samples=2048
[2025.05.24-13.26.53:610][510]LogAudioMixer: Display: Starting AudioMixerPlatformInterface::RunInternal()
[2025.05.24-13.26.53:610][510]LogAudioMixer: Display: FMixerPlatformXAudio2::SubmitBuffer() called for the first time
[2025.05.24-13.26.53:611][510]LogInit: FAudioDevice initialized.
[2025.05.24-13.26.53:611][510]LogAudio: Display: Audio Device (ID: 16) registered with world 'VRTemplateMap'.
[2025.05.24-13.26.53:622][510]LogLoad: Game class is 'VRGameMode_C'
[2025.05.24-13.26.53:624][510]LogWorld: Bringing World /Game/VRTemplate/Maps/UEDPIE_0_VRTemplateMap.VRTemplateMap up for play (max tick rate 60) at 2025.05.24-16.26.53
[2025.05.24-13.26.53:624][510]LogWorld: Bringing up level for play took: 0.001087
[2025.05.24-13.26.53:624][510]LogOnline: OSS: Creating online subsystem instance for: :Context_26
[2025.05.24-13.26.53:625][510]LogSpawn: Warning: SpawnActor failed because no class was specified
[2025.05.24-13.26.53:626][510]PIE: Server logged in
[2025.05.24-13.26.53:627][510]PIE: Play in editor total start time 0,113 seconds.
[2025.05.24-13.26.53:647][510]LogResonanceAudio: Display: Resonance Audio Listener is initialized
[2025.05.24-13.26.58:289][785]LogSlate: Updating window title bar state: overlay mode, drag disabled, window buttons hidden, title bar hidden
[2025.05.24-13.26.58:289][785]LogWorld: BeginTearingDown for /Game/VRTemplate/Maps/UEDPIE_0_VRTemplateMap
[2025.05.24-13.26.58:289][785]LogWorld: UWorld::CleanupWorld for VRTemplateMap, bSessionEnded=true, bCleanupResources=true
[2025.05.24-13.26.58:290][785]LogSlate: InvalidateAllWidgets triggered.  All widgets were invalidated
[2025.05.24-13.26.58:295][785]LogPlayLevel: Display: Shutting down PIE online subsystems
[2025.05.24-13.26.58:313][785]LogSlate: InvalidateAllWidgets triggered.  All widgets were invalidated
[2025.05.24-13.26.58:350][785]LogAudio: Display: Audio Device unregistered from world 'None'.
[2025.05.24-13.26.58:350][785]LogResonanceAudio: Display: Resonance Audio Listener is shutdown
[2025.05.24-13.26.58:351][785]LogAudioMixer: FMixerPlatformXAudio2::StopAudioStream() called
[2025.05.24-13.26.58:352][785]LogAudioMixer: FMixerPlatformXAudio2::StopAudioStream() called
[2025.05.24-13.26.58:356][785]LogSlate: Updating window title bar state: overlay mode, drag disabled, window buttons hidden, title bar hidden
[2025.05.24-13.26.58:359][785]LogUObjectHash: Compacting FUObjectHashTables data took   2.93ms
[2025.05.24-13.26.58:388][786]LogPlayLevel: Display: Destroying online subsystem :Context_26
[2025.05.24-13.27.35:401][733]LogUObjectHash: Compacting FUObjectHashTables data took   4.61ms
[2025.05.24-13.27.35:416][733]LogSavePackage: Moving '../../../../../../Users/AlisaDI/Documents/MephiTasks/UnrealProject/Saved/VRTemplateMap_Auto32C43E6C5442D183F64D81D8DB8A64040.tmp' to '../../../../../../Users/AlisaDI/Documents/MephiTasks/UnrealProject/Saved/Autosaves/Game/VRTemplate/Maps/VRTemplateMap_Auto3.umap'
[2025.05.24-13.27.35:418][733]LogFileHelpers: Editor autosave (incl. external actors) for '/Game/VRTemplate/Maps/VRTemplateMap' took 0.064
[2025.05.24-13.27.35:418][733]LogFileHelpers: Editor autosave (incl. sublevels & external actors) for all levels took 0.064
[2025.05.24-13.28.32:685][496]BlueprintLog: New page: Compile WD_Menu
[2025.05.24-13.28.32:783][496]LogUObjectHash: Compacting FUObjectHashTables data took   3.28ms
[2025.05.24-13.28.33:187][514]Cmd: OBJ SAVEPACKAGE PACKAGE="/Game/Andrey/Menu/WD_Menu" FILE="../../../../../../Users/AlisaDI/Documents/MephiTasks/UnrealProject/Content/Andrey/Menu/WD_Menu.uasset" SILENT=true
[2025.05.24-13.28.33:250][514]LogSavePackage: Moving '../../../../../../Users/AlisaDI/Documents/MephiTasks/UnrealProject/Saved/WD_Menu2FB4914740612369EE17ACB84A4B7E85.tmp' to '../../../../../../Users/AlisaDI/Documents/MephiTasks/UnrealProject/Content/Andrey/Menu/WD_Menu.uasset'
[2025.05.24-13.28.33:272][514]AssetCheck: New page: Asset Save: WD_Menu
[2025.05.24-13.28.33:272][514]LogContentValidation: Display: Validating WidgetBlueprint /Game/Andrey/Menu/WD_Menu.WD_Menu
[2025.05.24-13.28.34:434][584]LogTemp: Repeating last play command: Simulate
[2025.05.24-13.28.34:439][584]LogPlayLevel: PlayLevel: No blueprints needed recompiling
[2025.05.24-13.28.34:439][584]PIE: New page: SIE session: VRTemplateMap (24 мая 2025 г., 19:28:34)
[2025.05.24-13.28.34:439][584]LogPlayLevel: Creating play world package: /Game/VRTemplate/Maps/UEDPIE_0_VRTemplateMap
[2025.05.24-13.28.34:443][584]LogPlayLevel: PIE: StaticDuplicateObject took: (0.003689s)
[2025.05.24-13.28.34:444][584]LogAIModule: Creating AISystem for world VRTemplateMap
[2025.05.24-13.28.34:444][584]LogPlayLevel: PIE: World Init took: (0.001064s)
[2025.05.24-13.28.34:444][584]LogPlayLevel: PIE: Created PIE world by copying editor world from /Game/VRTemplate/Maps/VRTemplateMap.VRTemplateMap to /Game/VRTemplate/Maps/UEDPIE_0_VRTemplateMap.VRTemplateMap (0.004865s)
[2025.05.24-13.28.34:488][584]LogUObjectHash: Compacting FUObjectHashTables data took   3.66ms
[2025.05.24-13.28.34:488][584]LogAudio: Display: Creating Audio Device:                 Id: 17, Scope: Unique, Realtime: True
[2025.05.24-13.28.34:488][584]LogAudioMixer: Display: Audio Mixer Platform Settings:
[2025.05.24-13.28.34:488][584]LogAudioMixer: Display: 	Sample Rate:						  48000
[2025.05.24-13.28.34:488][584]LogAudioMixer: Display: 	Callback Buffer Frame Size Requested: 1024
[2025.05.24-13.28.34:488][584]LogAudioMixer: Display: 	Callback Buffer Frame Size To Use:	  1024
[2025.05.24-13.28.34:488][584]LogAudioMixer: Display: 	Number of buffers to queue:			  1
[2025.05.24-13.28.34:488][584]LogAudioMixer: Display: 	Max Channels (voices):				  0
[2025.05.24-13.28.34:489][584]LogAudioMixer: Display: 	Number of Async Source Workers:		  4
[2025.05.24-13.28.34:489][584]LogAudio: Display: AudioDevice MaxSources: 32
[2025.05.24-13.28.34:489][584]LogAudio: Display: Audio Spatialization Plugin: Resonance Audio is external send: 1
[2025.05.24-13.28.34:489][584]LogAudio: Display: Audio Reverb Plugin: Resonance Audio
[2025.05.24-13.28.34:489][584]LogAudio: Display: Audio Occlusion Plugin: None (built-in).
[2025.05.24-13.28.34:489][584]LogAudioMixer: Display: Initializing audio mixer.
[2025.05.24-13.28.34:493][584]LogAudioMixer: Display: 0: FrontLeft
[2025.05.24-13.28.34:493][584]LogAudioMixer: Display: 1: FrontRight
[2025.05.24-13.28.34:543][584]LogAudioMixer: Display: Using Audio Device Динамики (Realtek(R) Audio)
[2025.05.24-13.28.34:543][584]LogAudioMixer: Display: Initializing Sound Submixes...
[2025.05.24-13.28.34:543][584]LogAudioMixer: Display: Creating Master Submix 'MasterSubmixDefault'
[2025.05.24-13.28.34:543][584]LogAudioMixer: Display: Creating Master Submix 'MasterReverbSubmixDefault'
[2025.05.24-13.28.34:543][584]LogAudioMixer: Display: Creating Master Submix 'MasterEQSubmixDefault'
[2025.05.24-13.28.34:543][584]LogAudioMixer: FMixerPlatformXAudio2::StartAudioStream() called
[2025.05.24-13.28.34:543][584]LogAudioMixer: Display: Output buffers initialized: Frames=1024, Channels=2, Samples=2048
[2025.05.24-13.28.34:544][584]LogAudioMixer: Display: Starting AudioMixerPlatformInterface::RunInternal()
[2025.05.24-13.28.34:544][584]LogAudioMixer: Display: FMixerPlatformXAudio2::SubmitBuffer() called for the first time
[2025.05.24-13.28.34:544][584]LogInit: FAudioDevice initialized.
[2025.05.24-13.28.34:544][584]LogAudio: Display: Audio Device (ID: 17) registered with world 'VRTemplateMap'.
[2025.05.24-13.28.34:554][584]LogLoad: Game class is 'VRGameMode_C'
[2025.05.24-13.28.34:556][584]LogWorld: Bringing World /Game/VRTemplate/Maps/UEDPIE_0_VRTemplateMap.VRTemplateMap up for play (max tick rate 60) at 2025.05.24-16.28.34
[2025.05.24-13.28.34:556][584]LogWorld: Bringing up level for play took: 0.001353
[2025.05.24-13.28.34:556][584]LogOnline: OSS: Creating online subsystem instance for: :Context_27
[2025.05.24-13.28.34:558][584]LogSpawn: Warning: SpawnActor failed because no class was specified
[2025.05.24-13.28.34:559][584]PIE: Server logged in
[2025.05.24-13.28.34:560][584]PIE: Play in editor total start time 0,122 seconds.
[2025.05.24-13.28.34:585][584]LogResonanceAudio: Display: Resonance Audio Listener is initialized
[2025.05.24-13.28.36:303][686]LogBlueprintUserMessages: [WD_Menu_C_1] Hello
[2025.05.24-13.28.36:787][715]LogBlueprintUserMessages: [WD_Menu_C_1] Hello
[2025.05.24-13.28.36:936][724]LogBlueprintUserMessages: [WD_Menu_C_1] Hello
[2025.05.24-13.28.37:769][771]LogSlate: Updating window title bar state: overlay mode, drag disabled, window buttons hidden, title bar hidden
[2025.05.24-13.28.37:769][771]LogWorld: BeginTearingDown for /Game/VRTemplate/Maps/UEDPIE_0_VRTemplateMap
[2025.05.24-13.28.37:769][771]LogWorld: UWorld::CleanupWorld for VRTemplateMap, bSessionEnded=true, bCleanupResources=true
[2025.05.24-13.28.37:769][771]LogSlate: InvalidateAllWidgets triggered.  All widgets were invalidated
[2025.05.24-13.28.37:777][771]LogPlayLevel: Display: Shutting down PIE online subsystems
[2025.05.24-13.28.37:795][771]LogSlate: InvalidateAllWidgets triggered.  All widgets were invalidated
[2025.05.24-13.28.37:832][771]LogAudio: Display: Audio Device unregistered from world 'None'.
[2025.05.24-13.28.37:832][771]LogResonanceAudio: Display: Resonance Audio Listener is shutdown
[2025.05.24-13.28.37:832][771]LogAudioMixer: FMixerPlatformXAudio2::StopAudioStream() called
[2025.05.24-13.28.37:834][771]LogAudioMixer: FMixerPlatformXAudio2::StopAudioStream() called
[2025.05.24-13.28.37:838][771]LogSlate: Updating window title bar state: overlay mode, drag disabled, window buttons hidden, title bar hidden
[2025.05.24-13.28.37:842][771]LogUObjectHash: Compacting FUObjectHashTables data took   2.87ms
[2025.05.24-13.28.37:871][772]LogPlayLevel: Display: Destroying online subsystem :Context_27
[2025.05.24-13.29.15:450][988]LogSlate: Prevented a slow task dialog from being summoned while a context menu was open
[2025.05.24-13.29.15:470][988]LogEditorClassViewer: Warning: Class /Engine/Tutorial/InWorldBlueprintEditing/TutorialAssets/IWBE_Blutility.IWBE_Blutility_C has parent /Script/Blutility.PlacedEditorUtilityBase, but this parent is not found. The Class will not be shown in ClassViewer.
[2025.05.24-13.29.30:018][861]BlueprintLog: New page: Compile WD_Menu
[2025.05.24-13.29.30:116][861]LogUObjectHash: Compacting FUObjectHashTables data took   3.23ms
[2025.05.24-13.29.30:566][882]Cmd: OBJ SAVEPACKAGE PACKAGE="/Game/Andrey/Menu/WD_Menu" FILE="../../../../../../Users/AlisaDI/Documents/MephiTasks/UnrealProject/Content/Andrey/Menu/WD_Menu.uasset" SILENT=true
[2025.05.24-13.29.30:628][882]LogSavePackage: Moving '../../../../../../Users/AlisaDI/Documents/MephiTasks/UnrealProject/Saved/WD_MenuC969918F44B1B8B3464369B8C5F4D1EE.tmp' to '../../../../../../Users/AlisaDI/Documents/MephiTasks/UnrealProject/Content/Andrey/Menu/WD_Menu.uasset'
[2025.05.24-13.29.30:653][882]AssetCheck: New page: Asset Save: WD_Menu
[2025.05.24-13.29.30:653][882]LogContentValidation: Display: Validating WidgetBlueprint /Game/Andrey/Menu/WD_Menu.WD_Menu
[2025.05.24-13.29.32:225][976]LogTemp: Repeating last play command: Simulate
[2025.05.24-13.29.32:230][976]LogPlayLevel: PlayLevel: No blueprints needed recompiling
[2025.05.24-13.29.32:230][976]PIE: New page: SIE session: VRTemplateMap (24 мая 2025 г., 19:29:32)
[2025.05.24-13.29.32:230][976]LogPlayLevel: Creating play world package: /Game/VRTemplate/Maps/UEDPIE_0_VRTemplateMap
[2025.05.24-13.29.32:233][976]LogPlayLevel: PIE: StaticDuplicateObject took: (0.003257s)
[2025.05.24-13.29.32:234][976]LogAIModule: Creating AISystem for world VRTemplateMap
[2025.05.24-13.29.32:234][976]LogPlayLevel: PIE: World Init took: (0.000943s)
[2025.05.24-13.29.32:234][976]LogPlayLevel: PIE: Created PIE world by copying editor world from /Game/VRTemplate/Maps/VRTemplateMap.VRTemplateMap to /Game/VRTemplate/Maps/UEDPIE_0_VRTemplateMap.VRTemplateMap (0.004298s)
[2025.05.24-13.29.32:280][976]LogUObjectHash: Compacting FUObjectHashTables data took   3.70ms
[2025.05.24-13.29.32:281][976]LogAudio: Display: Creating Audio Device:                 Id: 18, Scope: Unique, Realtime: True
[2025.05.24-13.29.32:281][976]LogAudioMixer: Display: Audio Mixer Platform Settings:
[2025.05.24-13.29.32:281][976]LogAudioMixer: Display: 	Sample Rate:						  48000
[2025.05.24-13.29.32:281][976]LogAudioMixer: Display: 	Callback Buffer Frame Size Requested: 1024
[2025.05.24-13.29.32:281][976]LogAudioMixer: Display: 	Callback Buffer Frame Size To Use:	  1024
[2025.05.24-13.29.32:281][976]LogAudioMixer: Display: 	Number of buffers to queue:			  1
[2025.05.24-13.29.32:281][976]LogAudioMixer: Display: 	Max Channels (voices):				  0
[2025.05.24-13.29.32:281][976]LogAudioMixer: Display: 	Number of Async Source Workers:		  4
[2025.05.24-13.29.32:281][976]LogAudio: Display: AudioDevice MaxSources: 32
[2025.05.24-13.29.32:281][976]LogAudio: Display: Audio Spatialization Plugin: Resonance Audio is external send: 1
[2025.05.24-13.29.32:281][976]LogAudio: Display: Audio Reverb Plugin: Resonance Audio
[2025.05.24-13.29.32:281][976]LogAudio: Display: Audio Occlusion Plugin: None (built-in).
[2025.05.24-13.29.32:281][976]LogAudioMixer: Display: Initializing audio mixer.
[2025.05.24-13.29.32:285][976]LogAudioMixer: Display: 0: FrontLeft
[2025.05.24-13.29.32:285][976]LogAudioMixer: Display: 1: FrontRight
[2025.05.24-13.29.32:333][976]LogAudioMixer: Display: Using Audio Device Динамики (Realtek(R) Audio)
[2025.05.24-13.29.32:333][976]LogAudioMixer: Display: Initializing Sound Submixes...
[2025.05.24-13.29.32:333][976]LogAudioMixer: Display: Creating Master Submix 'MasterSubmixDefault'
[2025.05.24-13.29.32:333][976]LogAudioMixer: Display: Creating Master Submix 'MasterReverbSubmixDefault'
[2025.05.24-13.29.32:333][976]LogAudioMixer: Display: Creating Master Submix 'MasterEQSubmixDefault'
[2025.05.24-13.29.32:333][976]LogAudioMixer: FMixerPlatformXAudio2::StartAudioStream() called
[2025.05.24-13.29.32:333][976]LogAudioMixer: Display: Output buffers initialized: Frames=1024, Channels=2, Samples=2048
[2025.05.24-13.29.32:334][976]LogAudioMixer: Display: Starting AudioMixerPlatformInterface::RunInternal()
[2025.05.24-13.29.32:334][976]LogAudioMixer: Display: FMixerPlatformXAudio2::SubmitBuffer() called for the first time
[2025.05.24-13.29.32:334][976]LogInit: FAudioDevice initialized.
[2025.05.24-13.29.32:334][976]LogAudio: Display: Audio Device (ID: 18) registered with world 'VRTemplateMap'.
[2025.05.24-13.29.32:340][976]LogLoad: Game class is 'VRGameMode_C'
[2025.05.24-13.29.32:342][976]LogWorld: Bringing World /Game/VRTemplate/Maps/UEDPIE_0_VRTemplateMap.VRTemplateMap up for play (max tick rate 60) at 2025.05.24-16.29.32
[2025.05.24-13.29.32:342][976]LogWorld: Bringing up level for play took: 0.001119
[2025.05.24-13.29.32:342][976]LogOnline: OSS: Creating online subsystem instance for: :Context_28
[2025.05.24-13.29.32:344][976]LogSpawn: Warning: SpawnActor failed because no class was specified
[2025.05.24-13.29.32:345][976]PIE: Server logged in
[2025.05.24-13.29.32:345][976]PIE: Play in editor total start time 0,116 seconds.
[2025.05.24-13.29.32:367][976]LogResonanceAudio: Display: Resonance Audio Listener is initialized
[2025.05.24-13.29.40:509][459]LogSlate: Updating window title bar state: overlay mode, drag disabled, window buttons hidden, title bar hidden
[2025.05.24-13.29.40:509][459]LogWorld: BeginTearingDown for /Game/VRTemplate/Maps/UEDPIE_0_VRTemplateMap
[2025.05.24-13.29.40:509][459]LogWorld: UWorld::CleanupWorld for VRTemplateMap, bSessionEnded=true, bCleanupResources=true
[2025.05.24-13.29.40:510][459]LogSlate: InvalidateAllWidgets triggered.  All widgets were invalidated
[2025.05.24-13.29.40:518][459]LogPlayLevel: Display: Shutting down PIE online subsystems
[2025.05.24-13.29.40:536][459]LogSlate: InvalidateAllWidgets triggered.  All widgets were invalidated
[2025.05.24-13.29.40:574][459]LogAudio: Display: Audio Device unregistered from world 'None'.
[2025.05.24-13.29.40:575][459]LogResonanceAudio: Display: Resonance Audio Listener is shutdown
[2025.05.24-13.29.40:575][459]LogAudioMixer: FMixerPlatformXAudio2::StopAudioStream() called
[2025.05.24-13.29.40:576][459]LogAudioMixer: FMixerPlatformXAudio2::StopAudioStream() called
[2025.05.24-13.29.40:580][459]LogSlate: Updating window title bar state: overlay mode, drag disabled, window buttons hidden, title bar hidden
[2025.05.24-13.29.40:584][459]LogUObjectHash: Compacting FUObjectHashTables data took   2.94ms
[2025.05.24-13.29.40:614][460]LogPlayLevel: Display: Destroying online subsystem :Context_28
[2025.05.24-13.30.11:119][747]BlueprintLog: New page: Compile WD_Menu
[2025.05.24-13.30.11:222][747]LogUObjectHash: Compacting FUObjectHashTables data took   3.15ms
[2025.05.24-13.30.11:709][770]Cmd: OBJ SAVEPACKAGE PACKAGE="/Game/Andrey/Menu/WD_Menu" FILE="../../../../../../Users/AlisaDI/Documents/MephiTasks/UnrealProject/Content/Andrey/Menu/WD_Menu.uasset" SILENT=true
[2025.05.24-13.30.11:767][770]LogSavePackage: Moving '../../../../../../Users/AlisaDI/Documents/MephiTasks/UnrealProject/Saved/WD_Menu9B8669B34E542AD2273F1C97E2E98D72.tmp' to '../../../../../../Users/AlisaDI/Documents/MephiTasks/UnrealProject/Content/Andrey/Menu/WD_Menu.uasset'
[2025.05.24-13.30.11:787][770]AssetCheck: New page: Asset Save: WD_Menu
[2025.05.24-13.30.11:787][770]LogContentValidation: Display: Validating WidgetBlueprint /Game/Andrey/Menu/WD_Menu.WD_Menu
[2025.05.24-13.30.18:794][190]LogTemp: Repeating last play command: Simulate
[2025.05.24-13.30.18:800][190]LogPlayLevel: PlayLevel: No blueprints needed recompiling
[2025.05.24-13.30.18:800][190]PIE: New page: SIE session: VRTemplateMap (24 мая 2025 г., 19:30:18)
[2025.05.24-13.30.18:800][190]LogPlayLevel: Creating play world package: /Game/VRTemplate/Maps/UEDPIE_0_VRTemplateMap
[2025.05.24-13.30.18:803][190]LogPlayLevel: PIE: StaticDuplicateObject took: (0.003628s)
[2025.05.24-13.30.18:804][190]LogAIModule: Creating AISystem for world VRTemplateMap
[2025.05.24-13.30.18:804][190]LogPlayLevel: PIE: World Init took: (0.000920s)
[2025.05.24-13.30.18:804][190]LogPlayLevel: PIE: Created PIE world by copying editor world from /Game/VRTemplate/Maps/VRTemplateMap.VRTemplateMap to /Game/VRTemplate/Maps/UEDPIE_0_VRTemplateMap.VRTemplateMap (0.004671s)
[2025.05.24-13.30.18:852][190]LogUObjectHash: Compacting FUObjectHashTables data took   4.22ms
[2025.05.24-13.30.18:853][190]LogAudio: Display: Creating Audio Device:                 Id: 19, Scope: Unique, Realtime: True
[2025.05.24-13.30.18:853][190]LogAudioMixer: Display: Audio Mixer Platform Settings:
[2025.05.24-13.30.18:853][190]LogAudioMixer: Display: 	Sample Rate:						  48000
[2025.05.24-13.30.18:853][190]LogAudioMixer: Display: 	Callback Buffer Frame Size Requested: 1024
[2025.05.24-13.30.18:853][190]LogAudioMixer: Display: 	Callback Buffer Frame Size To Use:	  1024
[2025.05.24-13.30.18:853][190]LogAudioMixer: Display: 	Number of buffers to queue:			  1
[2025.05.24-13.30.18:853][190]LogAudioMixer: Display: 	Max Channels (voices):				  0
[2025.05.24-13.30.18:853][190]LogAudioMixer: Display: 	Number of Async Source Workers:		  4
[2025.05.24-13.30.18:853][190]LogAudio: Display: AudioDevice MaxSources: 32
[2025.05.24-13.30.18:853][190]LogAudio: Display: Audio Spatialization Plugin: Resonance Audio is external send: 1
[2025.05.24-13.30.18:853][190]LogAudio: Display: Audio Reverb Plugin: Resonance Audio
[2025.05.24-13.30.18:853][190]LogAudio: Display: Audio Occlusion Plugin: None (built-in).
[2025.05.24-13.30.18:853][190]LogAudioMixer: Display: Initializing audio mixer.
[2025.05.24-13.30.18:857][190]LogAudioMixer: Display: 0: FrontLeft
[2025.05.24-13.30.18:857][190]LogAudioMixer: Display: 1: FrontRight
[2025.05.24-13.30.18:899][190]LogAudioMixer: Display: Using Audio Device Динамики (Realtek(R) Audio)
[2025.05.24-13.30.18:899][190]LogAudioMixer: Display: Initializing Sound Submixes...
[2025.05.24-13.30.18:899][190]LogAudioMixer: Display: Creating Master Submix 'MasterSubmixDefault'
[2025.05.24-13.30.18:899][190]LogAudioMixer: Display: Creating Master Submix 'MasterReverbSubmixDefault'
[2025.05.24-13.30.18:899][190]LogAudioMixer: Display: Creating Master Submix 'MasterEQSubmixDefault'
[2025.05.24-13.30.18:899][190]LogAudioMixer: FMixerPlatformXAudio2::StartAudioStream() called
[2025.05.24-13.30.18:899][190]LogAudioMixer: Display: Output buffers initialized: Frames=1024, Channels=2, Samples=2048
[2025.05.24-13.30.18:900][190]LogAudioMixer: Display: Starting AudioMixerPlatformInterface::RunInternal()
[2025.05.24-13.30.18:900][190]LogAudioMixer: Display: FMixerPlatformXAudio2::SubmitBuffer() called for the first time
[2025.05.24-13.30.18:900][190]LogInit: FAudioDevice initialized.
[2025.05.24-13.30.18:900][190]LogAudio: Display: Audio Device (ID: 19) registered with world 'VRTemplateMap'.
[2025.05.24-13.30.18:908][190]LogLoad: Game class is 'VRGameMode_C'
[2025.05.24-13.30.18:910][190]LogWorld: Bringing World /Game/VRTemplate/Maps/UEDPIE_0_VRTemplateMap.VRTemplateMap up for play (max tick rate 60) at 2025.05.24-16.30.18
[2025.05.24-13.30.18:910][190]LogWorld: Bringing up level for play took: 0.001180
[2025.05.24-13.30.18:910][190]LogOnline: OSS: Creating online subsystem instance for: :Context_29
[2025.05.24-13.30.18:911][190]LogSpawn: Warning: SpawnActor failed because no class was specified
[2025.05.24-13.30.18:912][190]PIE: Server logged in
[2025.05.24-13.30.18:913][190]PIE: Play in editor total start time 0,115 seconds.
[2025.05.24-13.30.18:934][190]LogResonanceAudio: Display: Resonance Audio Listener is initialized
[2025.05.24-13.30.26:250][628]LogEditorViewport: Clicking on Actor (LMB): StaticMeshActor (Wall_Door_400x300)
[2025.05.24-13.30.35:452][178]LogEditorViewport: Clicking on Actor (LMB): StaticMeshActor (Wall_Window_400x301)
[2025.05.24-13.30.49:750][ 33]LogSlate: Updating window title bar state: overlay mode, drag disabled, window buttons hidden, title bar hidden
[2025.05.24-13.30.49:750][ 33]LogWorld: BeginTearingDown for /Game/VRTemplate/Maps/UEDPIE_0_VRTemplateMap
[2025.05.24-13.30.49:751][ 33]LogWorld: UWorld::CleanupWorld for VRTemplateMap, bSessionEnded=true, bCleanupResources=true
[2025.05.24-13.30.49:751][ 33]LogSlate: InvalidateAllWidgets triggered.  All widgets were invalidated
[2025.05.24-13.30.49:757][ 33]LogPlayLevel: Display: Shutting down PIE online subsystems
[2025.05.24-13.30.49:776][ 33]LogSlate: InvalidateAllWidgets triggered.  All widgets were invalidated
[2025.05.24-13.30.49:817][ 33]LogAudio: Display: Audio Device unregistered from world 'None'.
[2025.05.24-13.30.49:818][ 33]LogResonanceAudio: Display: Resonance Audio Listener is shutdown
[2025.05.24-13.30.49:818][ 33]LogAudioMixer: FMixerPlatformXAudio2::StopAudioStream() called
[2025.05.24-13.30.49:819][ 33]LogAudioMixer: FMixerPlatformXAudio2::StopAudioStream() called
[2025.05.24-13.30.49:823][ 33]LogSlate: Updating window title bar state: overlay mode, drag disabled, window buttons hidden, title bar hidden
[2025.05.24-13.30.49:828][ 33]LogUObjectHash: Compacting FUObjectHashTables data took   3.16ms
[2025.05.24-13.30.49:860][ 35]LogPlayLevel: Display: Destroying online subsystem :Context_29
[2025.05.24-13.33.06:210][431]LogSlate: Prevented a slow task dialog from being summoned while a context menu was open
[2025.05.24-13.33.06:230][431]LogEditorClassViewer: Warning: Class /Engine/Tutorial/InWorldBlueprintEditing/TutorialAssets/IWBE_Blutility.IWBE_Blutility_C has parent /Script/Blutility.PlacedEditorUtilityBase, but this parent is not found. The Class will not be shown in ClassViewer.
[2025.05.24-13.33.17:761][118]BlueprintLog: New page: Compile WD_Menu
[2025.05.24-13.33.17:869][118]LogUObjectHash: Compacting FUObjectHashTables data took   5.10ms
[2025.05.24-13.33.18:348][139]Cmd: OBJ SAVEPACKAGE PACKAGE="/Game/Andrey/Menu/WD_Menu" FILE="../../../../../../Users/AlisaDI/Documents/MephiTasks/UnrealProject/Content/Andrey/Menu/WD_Menu.uasset" SILENT=true
[2025.05.24-13.33.18:410][139]LogSavePackage: Moving '../../../../../../Users/AlisaDI/Documents/MephiTasks/UnrealProject/Saved/WD_MenuAE28DC354FE79A78D225DE869CF42798.tmp' to '../../../../../../Users/AlisaDI/Documents/MephiTasks/UnrealProject/Content/Andrey/Menu/WD_Menu.uasset'
[2025.05.24-13.33.18:430][139]AssetCheck: New page: Asset Save: WD_Menu
[2025.05.24-13.33.18:430][139]LogContentValidation: Display: Validating WidgetBlueprint /Game/Andrey/Menu/WD_Menu.WD_Menu
[2025.05.24-13.33.20:787][279]LogTemp: Repeating last play command: Simulate
[2025.05.24-13.33.20:792][279]LogPlayLevel: PlayLevel: No blueprints needed recompiling
[2025.05.24-13.33.20:792][279]PIE: New page: SIE session: VRTemplateMap (24 мая 2025 г., 19:33:20)
[2025.05.24-13.33.20:792][279]LogPlayLevel: Creating play world package: /Game/VRTemplate/Maps/UEDPIE_0_VRTemplateMap
[2025.05.24-13.33.20:796][279]LogPlayLevel: PIE: StaticDuplicateObject took: (0.003730s)
[2025.05.24-13.33.20:797][279]LogAIModule: Creating AISystem for world VRTemplateMap
[2025.05.24-13.33.20:797][279]LogPlayLevel: PIE: World Init took: (0.000942s)
[2025.05.24-13.33.20:797][279]LogPlayLevel: PIE: Created PIE world by copying editor world from /Game/VRTemplate/Maps/VRTemplateMap.VRTemplateMap to /Game/VRTemplate/Maps/UEDPIE_0_VRTemplateMap.VRTemplateMap (0.004764s)
[2025.05.24-13.33.20:842][279]LogUObjectHash: Compacting FUObjectHashTables data took   4.14ms
[2025.05.24-13.33.20:843][279]LogAudio: Display: Creating Audio Device:                 Id: 20, Scope: Unique, Realtime: True
[2025.05.24-13.33.20:843][279]LogAudioMixer: Display: Audio Mixer Platform Settings:
[2025.05.24-13.33.20:843][279]LogAudioMixer: Display: 	Sample Rate:						  48000
[2025.05.24-13.33.20:843][279]LogAudioMixer: Display: 	Callback Buffer Frame Size Requested: 1024
[2025.05.24-13.33.20:843][279]LogAudioMixer: Display: 	Callback Buffer Frame Size To Use:	  1024
[2025.05.24-13.33.20:843][279]LogAudioMixer: Display: 	Number of buffers to queue:			  1
[2025.05.24-13.33.20:843][279]LogAudioMixer: Display: 	Max Channels (voices):				  0
[2025.05.24-13.33.20:843][279]LogAudioMixer: Display: 	Number of Async Source Workers:		  4
[2025.05.24-13.33.20:843][279]LogAudio: Display: AudioDevice MaxSources: 32
[2025.05.24-13.33.20:843][279]LogAudio: Display: Audio Spatialization Plugin: Resonance Audio is external send: 1
[2025.05.24-13.33.20:843][279]LogAudio: Display: Audio Reverb Plugin: Resonance Audio
[2025.05.24-13.33.20:843][279]LogAudio: Display: Audio Occlusion Plugin: None (built-in).
[2025.05.24-13.33.20:843][279]LogAudioMixer: Display: Initializing audio mixer.
[2025.05.24-13.33.20:847][279]LogAudioMixer: Display: 0: FrontLeft
[2025.05.24-13.33.20:847][279]LogAudioMixer: Display: 1: FrontRight
[2025.05.24-13.33.20:893][279]LogAudioMixer: Display: Using Audio Device Динамики (Realtek(R) Audio)
[2025.05.24-13.33.20:893][279]LogAudioMixer: Display: Initializing Sound Submixes...
[2025.05.24-13.33.20:893][279]LogAudioMixer: Display: Creating Master Submix 'MasterSubmixDefault'
[2025.05.24-13.33.20:893][279]LogAudioMixer: Display: Creating Master Submix 'MasterReverbSubmixDefault'
[2025.05.24-13.33.20:894][279]LogAudioMixer: Display: Creating Master Submix 'MasterEQSubmixDefault'
[2025.05.24-13.33.20:894][279]LogAudioMixer: FMixerPlatformXAudio2::StartAudioStream() called
[2025.05.24-13.33.20:894][279]LogAudioMixer: Display: Output buffers initialized: Frames=1024, Channels=2, Samples=2048
[2025.05.24-13.33.20:895][279]LogAudioMixer: Display: Starting AudioMixerPlatformInterface::RunInternal()
[2025.05.24-13.33.20:895][279]LogAudioMixer: Display: FMixerPlatformXAudio2::SubmitBuffer() called for the first time
[2025.05.24-13.33.20:895][279]LogInit: FAudioDevice initialized.
[2025.05.24-13.33.20:895][279]LogAudio: Display: Audio Device (ID: 20) registered with world 'VRTemplateMap'.
[2025.05.24-13.33.20:907][279]LogLoad: Game class is 'VRGameMode_C'
[2025.05.24-13.33.20:909][279]LogWorld: Bringing World /Game/VRTemplate/Maps/UEDPIE_0_VRTemplateMap.VRTemplateMap up for play (max tick rate 60) at 2025.05.24-16.33.20
[2025.05.24-13.33.20:910][279]LogWorld: Bringing up level for play took: 0.001801
[2025.05.24-13.33.20:910][279]LogOnline: OSS: Creating online subsystem instance for: :Context_30
[2025.05.24-13.33.20:912][279]LogSpawn: Warning: SpawnActor failed because no class was specified
[2025.05.24-13.33.20:913][279]PIE: Server logged in
[2025.05.24-13.33.20:914][279]PIE: Play in editor total start time 0,122 seconds.
[2025.05.24-13.33.20:936][279]LogResonanceAudio: Display: Resonance Audio Listener is initialized
[2025.05.24-13.33.29:559][792]LogSlate: Updating window title bar state: overlay mode, drag disabled, window buttons hidden, title bar hidden
[2025.05.24-13.33.29:559][792]LogWorld: BeginTearingDown for /Game/VRTemplate/Maps/UEDPIE_0_VRTemplateMap
[2025.05.24-13.33.29:559][792]LogWorld: UWorld::CleanupWorld for VRTemplateMap, bSessionEnded=true, bCleanupResources=true
[2025.05.24-13.33.29:560][792]LogSlate: InvalidateAllWidgets triggered.  All widgets were invalidated
[2025.05.24-13.33.29:571][792]LogPlayLevel: Display: Shutting down PIE online subsystems
[2025.05.24-13.33.29:588][792]LogSlate: InvalidateAllWidgets triggered.  All widgets were invalidated
[2025.05.24-13.33.29:627][792]LogAudio: Display: Audio Device unregistered from world 'None'.
[2025.05.24-13.33.29:628][792]LogResonanceAudio: Display: Resonance Audio Listener is shutdown
[2025.05.24-13.33.29:628][792]LogAudioMixer: FMixerPlatformXAudio2::StopAudioStream() called
[2025.05.24-13.33.29:629][792]LogAudioMixer: FMixerPlatformXAudio2::StopAudioStream() called
[2025.05.24-13.33.29:633][792]LogSlate: Updating window title bar state: overlay mode, drag disabled, window buttons hidden, title bar hidden
[2025.05.24-13.33.29:638][792]LogUObjectHash: Compacting FUObjectHashTables data took   3.03ms
[2025.05.24-13.33.29:668][793]LogPlayLevel: Display: Destroying online subsystem :Context_30
[2025.05.24-13.33.44:993][454]LogSlate: Window 'Message' being destroyed
[2025.05.24-13.33.45:000][454]Message dialog closed, result: Yes, title: Message, text: Would you like to transfer the interface functions to be part of your blueprint?
[2025.05.24-13.33.46:437][532]BlueprintLog: New page: Compile WD_Menu
[2025.05.24-13.33.46:536][532]LogUObjectHash: Compacting FUObjectHashTables data took   3.85ms
[2025.05.24-13.33.46:969][552]Cmd: OBJ SAVEPACKAGE PACKAGE="/Game/Andrey/Menu/WD_Menu" FILE="../../../../../../Users/AlisaDI/Documents/MephiTasks/UnrealProject/Content/Andrey/Menu/WD_Menu.uasset" SILENT=true
[2025.05.24-13.33.47:031][552]LogSavePackage: Moving '../../../../../../Users/AlisaDI/Documents/MephiTasks/UnrealProject/Saved/WD_Menu64DCAC9B48CC5249BA9D3A825AE6EBA2.tmp' to '../../../../../../Users/AlisaDI/Documents/MephiTasks/UnrealProject/Content/Andrey/Menu/WD_Menu.uasset'
[2025.05.24-13.33.47:049][552]AssetCheck: New page: Asset Save: WD_Menu
[2025.05.24-13.33.47:049][552]LogContentValidation: Display: Validating WidgetBlueprint /Game/Andrey/Menu/WD_Menu.WD_Menu
[2025.05.24-13.36.13:533][287]BlueprintLog: New page: Compile BP_test_menu
[2025.05.24-13.36.13:619][287]LogUObjectHash: Compacting FUObjectHashTables data took   4.83ms
[2025.05.24-13.36.15:921][422]LogTemp: Repeating last play command: Simulate
[2025.05.24-13.36.15:927][422]LogPlayLevel: PlayLevel: No blueprints needed recompiling
[2025.05.24-13.36.15:927][422]PIE: New page: SIE session: VRTemplateMap (24 мая 2025 г., 19:36:15)
[2025.05.24-13.36.15:927][422]LogPlayLevel: Creating play world package: /Game/VRTemplate/Maps/UEDPIE_0_VRTemplateMap
[2025.05.24-13.36.15:932][422]LogPlayLevel: PIE: StaticDuplicateObject took: (0.004681s)
[2025.05.24-13.36.15:933][422]LogAIModule: Creating AISystem for world VRTemplateMap
[2025.05.24-13.36.15:933][422]LogPlayLevel: PIE: World Init took: (0.001092s)
[2025.05.24-13.36.15:933][422]LogPlayLevel: PIE: Created PIE world by copying editor world from /Game/VRTemplate/Maps/VRTemplateMap.VRTemplateMap to /Game/VRTemplate/Maps/UEDPIE_0_VRTemplateMap.VRTemplateMap (0.005923s)
[2025.05.24-13.36.15:980][422]LogUObjectHash: Compacting FUObjectHashTables data took   5.11ms
[2025.05.24-13.36.15:983][422]LogAudio: Display: Creating Audio Device:                 Id: 21, Scope: Unique, Realtime: True
[2025.05.24-13.36.15:983][422]LogAudioMixer: Display: Audio Mixer Platform Settings:
[2025.05.24-13.36.15:983][422]LogAudioMixer: Display: 	Sample Rate:						  48000
[2025.05.24-13.36.15:983][422]LogAudioMixer: Display: 	Callback Buffer Frame Size Requested: 1024
[2025.05.24-13.36.15:983][422]LogAudioMixer: Display: 	Callback Buffer Frame Size To Use:	  1024
[2025.05.24-13.36.15:983][422]LogAudioMixer: Display: 	Number of buffers to queue:			  1
[2025.05.24-13.36.15:983][422]LogAudioMixer: Display: 	Max Channels (voices):				  0
[2025.05.24-13.36.15:983][422]LogAudioMixer: Display: 	Number of Async Source Workers:		  4
[2025.05.24-13.36.15:983][422]LogAudio: Display: AudioDevice MaxSources: 32
[2025.05.24-13.36.15:984][422]LogAudio: Display: Audio Spatialization Plugin: Resonance Audio is external send: 1
[2025.05.24-13.36.15:984][422]LogAudio: Display: Audio Reverb Plugin: Resonance Audio
[2025.05.24-13.36.15:984][422]LogAudio: Display: Audio Occlusion Plugin: None (built-in).
[2025.05.24-13.36.15:984][422]LogAudioMixer: Display: Initializing audio mixer.
[2025.05.24-13.36.15:990][422]LogAudioMixer: Display: 0: FrontLeft
[2025.05.24-13.36.15:990][422]LogAudioMixer: Display: 1: FrontRight
[2025.05.24-13.36.16:036][422]LogAudioMixer: Display: Using Audio Device Динамики (Realtek(R) Audio)
[2025.05.24-13.36.16:036][422]LogAudioMixer: Display: Initializing Sound Submixes...
[2025.05.24-13.36.16:036][422]LogAudioMixer: Display: Creating Master Submix 'MasterSubmixDefault'
[2025.05.24-13.36.16:036][422]LogAudioMixer: Display: Creating Master Submix 'MasterReverbSubmixDefault'
[2025.05.24-13.36.16:037][422]LogAudioMixer: Display: Creating Master Submix 'MasterEQSubmixDefault'
[2025.05.24-13.36.16:037][422]LogAudioMixer: FMixerPlatformXAudio2::StartAudioStream() called
[2025.05.24-13.36.16:037][422]LogAudioMixer: Display: Output buffers initialized: Frames=1024, Channels=2, Samples=2048
[2025.05.24-13.36.16:038][422]LogAudioMixer: Display: Starting AudioMixerPlatformInterface::RunInternal()
[2025.05.24-13.36.16:038][422]LogAudioMixer: Display: FMixerPlatformXAudio2::SubmitBuffer() called for the first time
[2025.05.24-13.36.16:038][422]LogInit: FAudioDevice initialized.
[2025.05.24-13.36.16:038][422]LogAudio: Display: Audio Device (ID: 21) registered with world 'VRTemplateMap'.
[2025.05.24-13.36.16:047][422]LogLoad: Game class is 'VRGameMode_C'
[2025.05.24-13.36.16:048][422]LogWorld: Bringing World /Game/VRTemplate/Maps/UEDPIE_0_VRTemplateMap.VRTemplateMap up for play (max tick rate 60) at 2025.05.24-16.36.16
[2025.05.24-13.36.16:049][422]LogWorld: Bringing up level for play took: 0.001272
[2025.05.24-13.36.16:049][422]LogOnline: OSS: Creating online subsystem instance for: :Context_31
[2025.05.24-13.36.16:051][422]LogSpawn: Warning: SpawnActor failed because no class was specified
[2025.05.24-13.36.16:052][422]PIE: Server logged in
[2025.05.24-13.36.16:053][422]PIE: Play in editor total start time 0,126 seconds.
[2025.05.24-13.36.16:077][422]LogResonanceAudio: Display: Resonance Audio Listener is initialized
[2025.05.24-13.36.20:499][685]LogSlate: Updating window title bar state: overlay mode, drag disabled, window buttons hidden, title bar hidden
[2025.05.24-13.36.20:499][685]LogWorld: BeginTearingDown for /Game/VRTemplate/Maps/UEDPIE_0_VRTemplateMap
[2025.05.24-13.36.20:500][685]LogWorld: UWorld::CleanupWorld for VRTemplateMap, bSessionEnded=true, bCleanupResources=true
[2025.05.24-13.36.20:500][685]LogSlate: InvalidateAllWidgets triggered.  All widgets were invalidated
[2025.05.24-13.36.20:510][685]LogPlayLevel: Display: Shutting down PIE online subsystems
[2025.05.24-13.36.20:529][685]LogSlate: InvalidateAllWidgets triggered.  All widgets were invalidated
[2025.05.24-13.36.20:570][685]LogAudio: Display: Audio Device unregistered from world 'None'.
[2025.05.24-13.36.20:570][685]LogResonanceAudio: Display: Resonance Audio Listener is shutdown
[2025.05.24-13.36.20:570][685]LogAudioMixer: FMixerPlatformXAudio2::StopAudioStream() called
[2025.05.24-13.36.20:572][685]LogAudioMixer: FMixerPlatformXAudio2::StopAudioStream() called
[2025.05.24-13.36.20:576][685]LogSlate: Updating window title bar state: overlay mode, drag disabled, window buttons hidden, title bar hidden
[2025.05.24-13.36.20:580][685]LogUObjectHash: Compacting FUObjectHashTables data took   3.35ms
[2025.05.24-13.36.20:613][686]LogPlayLevel: Display: Destroying online subsystem :Context_31
[2025.05.24-13.37.14:748][926]BlueprintLog: New page: Compile BP_test_menu
[2025.05.24-13.37.14:824][926]LogUObjectHash: Compacting FUObjectHashTables data took   3.55ms
[2025.05.24-13.37.15:760][979]Cmd: OBJ SAVEPACKAGE PACKAGE="/Game/Andrey/Menu/BP_test_menu" FILE="../../../../../../Users/AlisaDI/Documents/MephiTasks/UnrealProject/Content/Andrey/Menu/BP_test_menu.uasset" SILENT=true
[2025.05.24-13.37.15:775][979]LogSavePackage: Moving '../../../../../../Users/AlisaDI/Documents/MephiTasks/UnrealProject/Saved/BP_test_menuBCC57D9E477B70848858F6ACE283FCEC.tmp' to '../../../../../../Users/AlisaDI/Documents/MephiTasks/UnrealProject/Content/Andrey/Menu/BP_test_menu.uasset'
[2025.05.24-13.37.15:795][979]AssetCheck: New page: Asset Save: BP_test_menu
[2025.05.24-13.37.15:795][979]LogContentValidation: Display: Validating Blueprint /Game/Andrey/Menu/BP_test_menu.BP_test_menu
[2025.05.24-13.37.17:557][ 85]LogTemp: Repeating last play command: Simulate
[2025.05.24-13.37.17:562][ 85]LogPlayLevel: PlayLevel: No blueprints needed recompiling
[2025.05.24-13.37.17:562][ 85]PIE: New page: SIE session: VRTemplateMap (24 мая 2025 г., 19:37:17)
[2025.05.24-13.37.17:562][ 85]LogPlayLevel: Creating play world package: /Game/VRTemplate/Maps/UEDPIE_0_VRTemplateMap
[2025.05.24-13.37.17:565][ 85]LogPlayLevel: PIE: StaticDuplicateObject took: (0.003324s)
[2025.05.24-13.37.17:566][ 85]LogAIModule: Creating AISystem for world VRTemplateMap
[2025.05.24-13.37.17:566][ 85]LogPlayLevel: PIE: World Init took: (0.000940s)
[2025.05.24-13.37.17:566][ 85]LogPlayLevel: PIE: Created PIE world by copying editor world from /Game/VRTemplate/Maps/VRTemplateMap.VRTemplateMap to /Game/VRTemplate/Maps/UEDPIE_0_VRTemplateMap.VRTemplateMap (0.004356s)
[2025.05.24-13.37.17:608][ 85]LogUObjectHash: Compacting FUObjectHashTables data took   3.88ms
[2025.05.24-13.37.17:609][ 85]LogAudio: Display: Creating Audio Device:                 Id: 22, Scope: Unique, Realtime: True
[2025.05.24-13.37.17:609][ 85]LogAudioMixer: Display: Audio Mixer Platform Settings:
[2025.05.24-13.37.17:609][ 85]LogAudioMixer: Display: 	Sample Rate:						  48000
[2025.05.24-13.37.17:609][ 85]LogAudioMixer: Display: 	Callback Buffer Frame Size Requested: 1024
[2025.05.24-13.37.17:609][ 85]LogAudioMixer: Display: 	Callback Buffer Frame Size To Use:	  1024
[2025.05.24-13.37.17:609][ 85]LogAudioMixer: Display: 	Number of buffers to queue:			  1
[2025.05.24-13.37.17:609][ 85]LogAudioMixer: Display: 	Max Channels (voices):				  0
[2025.05.24-13.37.17:609][ 85]LogAudioMixer: Display: 	Number of Async Source Workers:		  4
[2025.05.24-13.37.17:609][ 85]LogAudio: Display: AudioDevice MaxSources: 32
[2025.05.24-13.37.17:610][ 85]LogAudio: Display: Audio Spatialization Plugin: Resonance Audio is external send: 1
[2025.05.24-13.37.17:610][ 85]LogAudio: Display: Audio Reverb Plugin: Resonance Audio
[2025.05.24-13.37.17:610][ 85]LogAudio: Display: Audio Occlusion Plugin: None (built-in).
[2025.05.24-13.37.17:610][ 85]LogAudioMixer: Display: Initializing audio mixer.
[2025.05.24-13.37.17:613][ 85]LogAudioMixer: Display: 0: FrontLeft
[2025.05.24-13.37.17:613][ 85]LogAudioMixer: Display: 1: FrontRight
[2025.05.24-13.37.17:653][ 85]LogAudioMixer: Display: Using Audio Device Динамики (Realtek(R) Audio)
[2025.05.24-13.37.17:653][ 85]LogAudioMixer: Display: Initializing Sound Submixes...
[2025.05.24-13.37.17:653][ 85]LogAudioMixer: Display: Creating Master Submix 'MasterSubmixDefault'
[2025.05.24-13.37.17:653][ 85]LogAudioMixer: Display: Creating Master Submix 'MasterReverbSubmixDefault'
[2025.05.24-13.37.17:653][ 85]LogAudioMixer: Display: Creating Master Submix 'MasterEQSubmixDefault'
[2025.05.24-13.37.17:653][ 85]LogAudioMixer: FMixerPlatformXAudio2::StartAudioStream() called
[2025.05.24-13.37.17:653][ 85]LogAudioMixer: Display: Output buffers initialized: Frames=1024, Channels=2, Samples=2048
[2025.05.24-13.37.17:654][ 85]LogAudioMixer: Display: Starting AudioMixerPlatformInterface::RunInternal()
[2025.05.24-13.37.17:654][ 85]LogAudioMixer: Display: FMixerPlatformXAudio2::SubmitBuffer() called for the first time
[2025.05.24-13.37.17:654][ 85]LogInit: FAudioDevice initialized.
[2025.05.24-13.37.17:654][ 85]LogAudio: Display: Audio Device (ID: 22) registered with world 'VRTemplateMap'.
[2025.05.24-13.37.17:660][ 85]LogLoad: Game class is 'VRGameMode_C'
[2025.05.24-13.37.17:662][ 85]LogWorld: Bringing World /Game/VRTemplate/Maps/UEDPIE_0_VRTemplateMap.VRTemplateMap up for play (max tick rate 60) at 2025.05.24-16.37.17
[2025.05.24-13.37.17:662][ 85]LogWorld: Bringing up level for play took: 0.001184
[2025.05.24-13.37.17:662][ 85]LogOnline: OSS: Creating online subsystem instance for: :Context_32
[2025.05.24-13.37.17:664][ 85]LogSpawn: Warning: SpawnActor failed because no class was specified
[2025.05.24-13.37.17:665][ 85]PIE: Server logged in
[2025.05.24-13.37.17:666][ 85]PIE: Play in editor total start time 0,105 seconds.
[2025.05.24-13.37.17:690][ 85]LogResonanceAudio: Display: Resonance Audio Listener is initialized
[2025.05.24-13.37.22:008][342]LogSlate: Updating window title bar state: overlay mode, drag disabled, window buttons hidden, title bar hidden
[2025.05.24-13.37.22:008][342]LogWorld: BeginTearingDown for /Game/VRTemplate/Maps/UEDPIE_0_VRTemplateMap
[2025.05.24-13.37.22:009][342]LogWorld: UWorld::CleanupWorld for VRTemplateMap, bSessionEnded=true, bCleanupResources=true
[2025.05.24-13.37.22:009][342]LogSlate: InvalidateAllWidgets triggered.  All widgets were invalidated
[2025.05.24-13.37.22:019][342]LogPlayLevel: Display: Shutting down PIE online subsystems
[2025.05.24-13.37.22:039][342]LogSlate: InvalidateAllWidgets triggered.  All widgets were invalidated
[2025.05.24-13.37.22:079][342]LogAudio: Display: Audio Device unregistered from world 'None'.
[2025.05.24-13.37.22:079][342]LogResonanceAudio: Display: Resonance Audio Listener is shutdown
[2025.05.24-13.37.22:079][342]LogAudioMixer: FMixerPlatformXAudio2::StopAudioStream() called
[2025.05.24-13.37.22:080][342]LogAudioMixer: FMixerPlatformXAudio2::StopAudioStream() called
[2025.05.24-13.37.22:084][342]LogSlate: Updating window title bar state: overlay mode, drag disabled, window buttons hidden, title bar hidden
[2025.05.24-13.37.22:088][342]LogUObjectHash: Compacting FUObjectHashTables data took   2.99ms
[2025.05.24-13.37.22:117][343]LogPlayLevel: Display: Destroying online subsystem :Context_32
[2025.05.24-13.38.31:654][489]BlueprintLog: New page: Compile BP_test_menu
[2025.05.24-13.38.31:731][489]LogUObjectHash: Compacting FUObjectHashTables data took   4.47ms
[2025.05.24-13.38.32:152][511]Cmd: OBJ SAVEPACKAGE PACKAGE="/Game/Andrey/Menu/BP_test_menu" FILE="../../../../../../Users/AlisaDI/Documents/MephiTasks/UnrealProject/Content/Andrey/Menu/BP_test_menu.uasset" SILENT=true
[2025.05.24-13.38.32:167][511]LogSavePackage: Moving '../../../../../../Users/AlisaDI/Documents/MephiTasks/UnrealProject/Saved/BP_test_menu178FAD6C42114FA7E94DFFBE96F4CED6.tmp' to '../../../../../../Users/AlisaDI/Documents/MephiTasks/UnrealProject/Content/Andrey/Menu/BP_test_menu.uasset'
[2025.05.24-13.38.32:186][511]AssetCheck: New page: Asset Save: BP_test_menu
[2025.05.24-13.38.32:186][511]LogContentValidation: Display: Validating Blueprint /Game/Andrey/Menu/BP_test_menu.BP_test_menu
[2025.05.24-13.38.33:729][604]LogTemp: Repeating last play command: Simulate
[2025.05.24-13.38.33:735][604]LogPlayLevel: PlayLevel: No blueprints needed recompiling
[2025.05.24-13.38.33:735][604]PIE: New page: SIE session: VRTemplateMap (24 мая 2025 г., 19:38:33)
[2025.05.24-13.38.33:758][604]LogPlayLevel: Creating play world package: /Game/VRTemplate/Maps/UEDPIE_0_VRTemplateMap
[2025.05.24-13.38.33:761][604]LogPlayLevel: PIE: StaticDuplicateObject took: (0.003318s)
[2025.05.24-13.38.33:762][604]LogAIModule: Creating AISystem for world VRTemplateMap
[2025.05.24-13.38.33:762][604]LogPlayLevel: PIE: World Init took: (0.000903s)
[2025.05.24-13.38.33:762][604]LogPlayLevel: PIE: Created PIE world by copying editor world from /Game/VRTemplate/Maps/VRTemplateMap.VRTemplateMap to /Game/VRTemplate/Maps/UEDPIE_0_VRTemplateMap.VRTemplateMap (0.004377s)
[2025.05.24-13.38.33:804][604]LogUObjectHash: Compacting FUObjectHashTables data took   4.40ms
[2025.05.24-13.38.33:805][604]LogAudio: Display: Creating Audio Device:                 Id: 23, Scope: Unique, Realtime: True
[2025.05.24-13.38.33:805][604]LogAudioMixer: Display: Audio Mixer Platform Settings:
[2025.05.24-13.38.33:805][604]LogAudioMixer: Display: 	Sample Rate:						  48000
[2025.05.24-13.38.33:805][604]LogAudioMixer: Display: 	Callback Buffer Frame Size Requested: 1024
[2025.05.24-13.38.33:805][604]LogAudioMixer: Display: 	Callback Buffer Frame Size To Use:	  1024
[2025.05.24-13.38.33:805][604]LogAudioMixer: Display: 	Number of buffers to queue:			  1
[2025.05.24-13.38.33:805][604]LogAudioMixer: Display: 	Max Channels (voices):				  0
[2025.05.24-13.38.33:805][604]LogAudioMixer: Display: 	Number of Async Source Workers:		  4
[2025.05.24-13.38.33:805][604]LogAudio: Display: AudioDevice MaxSources: 32
[2025.05.24-13.38.33:805][604]LogAudio: Display: Audio Spatialization Plugin: Resonance Audio is external send: 1
[2025.05.24-13.38.33:805][604]LogAudio: Display: Audio Reverb Plugin: Resonance Audio
[2025.05.24-13.38.33:805][604]LogAudio: Display: Audio Occlusion Plugin: None (built-in).
[2025.05.24-13.38.33:805][604]LogAudioMixer: Display: Initializing audio mixer.
[2025.05.24-13.38.33:809][604]LogAudioMixer: Display: 0: FrontLeft
[2025.05.24-13.38.33:809][604]LogAudioMixer: Display: 1: FrontRight
[2025.05.24-13.38.33:862][604]LogAudioMixer: Display: Using Audio Device Динамики (Realtek(R) Audio)
[2025.05.24-13.38.33:863][604]LogAudioMixer: Display: Initializing Sound Submixes...
[2025.05.24-13.38.33:863][604]LogAudioMixer: Display: Creating Master Submix 'MasterSubmixDefault'
[2025.05.24-13.38.33:863][604]LogAudioMixer: Display: Creating Master Submix 'MasterReverbSubmixDefault'
[2025.05.24-13.38.33:863][604]LogAudioMixer: Display: Creating Master Submix 'MasterEQSubmixDefault'
[2025.05.24-13.38.33:863][604]LogAudioMixer: FMixerPlatformXAudio2::StartAudioStream() called
[2025.05.24-13.38.33:863][604]LogAudioMixer: Display: Output buffers initialized: Frames=1024, Channels=2, Samples=2048
[2025.05.24-13.38.33:864][604]LogAudioMixer: Display: Starting AudioMixerPlatformInterface::RunInternal()
[2025.05.24-13.38.33:864][604]LogAudioMixer: Display: FMixerPlatformXAudio2::SubmitBuffer() called for the first time
[2025.05.24-13.38.33:864][604]LogInit: FAudioDevice initialized.
[2025.05.24-13.38.33:864][604]LogAudio: Display: Audio Device (ID: 23) registered with world 'VRTemplateMap'.
[2025.05.24-13.38.33:870][604]LogLoad: Game class is 'VRGameMode_C'
[2025.05.24-13.38.33:871][604]LogWorld: Bringing World /Game/VRTemplate/Maps/UEDPIE_0_VRTemplateMap.VRTemplateMap up for play (max tick rate 60) at 2025.05.24-16.38.33
[2025.05.24-13.38.33:871][604]LogWorld: Bringing up level for play took: 0.001083
[2025.05.24-13.38.33:872][604]LogOnline: OSS: Creating online subsystem instance for: :Context_33
[2025.05.24-13.38.33:873][604]LogSpawn: Warning: SpawnActor failed because no class was specified
[2025.05.24-13.38.33:874][604]PIE: Server logged in
[2025.05.24-13.38.33:875][604]PIE: Play in editor total start time 0,141 seconds.
[2025.05.24-13.38.33:897][604]LogResonanceAudio: Display: Resonance Audio Listener is initialized
[2025.05.24-13.38.39:749][950]LogSlate: Updating window title bar state: overlay mode, drag disabled, window buttons hidden, title bar hidden
[2025.05.24-13.38.39:749][950]LogWorld: BeginTearingDown for /Game/VRTemplate/Maps/UEDPIE_0_VRTemplateMap
[2025.05.24-13.38.39:749][950]LogWorld: UWorld::CleanupWorld for VRTemplateMap, bSessionEnded=true, bCleanupResources=true
[2025.05.24-13.38.39:750][950]LogSlate: InvalidateAllWidgets triggered.  All widgets were invalidated
[2025.05.24-13.38.39:758][950]LogPlayLevel: Display: Shutting down PIE online subsystems
[2025.05.24-13.38.39:777][950]LogSlate: InvalidateAllWidgets triggered.  All widgets were invalidated
[2025.05.24-13.38.39:817][950]LogAudio: Display: Audio Device unregistered from world 'None'.
[2025.05.24-13.38.39:818][950]LogResonanceAudio: Display: Resonance Audio Listener is shutdown
[2025.05.24-13.38.39:818][950]LogAudioMixer: FMixerPlatformXAudio2::StopAudioStream() called
[2025.05.24-13.38.39:819][950]LogAudioMixer: FMixerPlatformXAudio2::StopAudioStream() called
[2025.05.24-13.38.39:823][950]LogSlate: Updating window title bar state: overlay mode, drag disabled, window buttons hidden, title bar hidden
[2025.05.24-13.38.39:828][950]LogUObjectHash: Compacting FUObjectHashTables data took   3.08ms
[2025.05.24-13.38.39:859][951]LogPlayLevel: Display: Destroying online subsystem :Context_33
[2025.05.24-13.38.41:376][ 42]LogEditorViewport: Clicking on Actor (LMB): BP_menu_C (BP_menu2)
[2025.05.24-13.38.56:088][917]BlueprintLog: New page: Compile BP_test_menu
[2025.05.24-13.38.56:163][917]LogUObjectHash: Compacting FUObjectHashTables data took   3.67ms
[2025.05.24-13.38.56:586][939]Cmd: OBJ SAVEPACKAGE PACKAGE="/Game/Andrey/Menu/BP_test_menu" FILE="../../../../../../Users/AlisaDI/Documents/MephiTasks/UnrealProject/Content/Andrey/Menu/BP_test_menu.uasset" SILENT=true
[2025.05.24-13.38.56:601][939]LogSavePackage: Moving '../../../../../../Users/AlisaDI/Documents/MephiTasks/UnrealProject/Saved/BP_test_menuB83AD4D444155E28717A91A62BE7C1B0.tmp' to '../../../../../../Users/AlisaDI/Documents/MephiTasks/UnrealProject/Content/Andrey/Menu/BP_test_menu.uasset'
[2025.05.24-13.38.56:619][939]AssetCheck: New page: Asset Save: BP_test_menu
[2025.05.24-13.38.56:619][939]LogContentValidation: Display: Validating Blueprint /Game/Andrey/Menu/BP_test_menu.BP_test_menu
[2025.05.24-13.38.58:453][ 20]LogTemp: Repeating last play command: Simulate
[2025.05.24-13.38.58:458][ 20]LogPlayLevel: PlayLevel: No blueprints needed recompiling
[2025.05.24-13.38.58:458][ 20]PIE: New page: SIE session: VRTemplateMap (24 мая 2025 г., 19:38:58)
[2025.05.24-13.38.58:458][ 20]LogPlayLevel: Creating play world package: /Game/VRTemplate/Maps/UEDPIE_0_VRTemplateMap
[2025.05.24-13.38.58:462][ 20]LogPlayLevel: PIE: StaticDuplicateObject took: (0.003625s)
[2025.05.24-13.38.58:463][ 20]LogAIModule: Creating AISystem for world VRTemplateMap
[2025.05.24-13.38.58:463][ 20]LogPlayLevel: PIE: World Init took: (0.000991s)
[2025.05.24-13.38.58:463][ 20]LogPlayLevel: PIE: Created PIE world by copying editor world from /Game/VRTemplate/Maps/VRTemplateMap.VRTemplateMap to /Game/VRTemplate/Maps/UEDPIE_0_VRTemplateMap.VRTemplateMap (0.004734s)
[2025.05.24-13.38.58:511][ 20]LogUObjectHash: Compacting FUObjectHashTables data took   3.95ms
[2025.05.24-13.38.58:511][ 20]LogAudio: Display: Creating Audio Device:                 Id: 24, Scope: Unique, Realtime: True
[2025.05.24-13.38.58:511][ 20]LogAudioMixer: Display: Audio Mixer Platform Settings:
[2025.05.24-13.38.58:511][ 20]LogAudioMixer: Display: 	Sample Rate:						  48000
[2025.05.24-13.38.58:511][ 20]LogAudioMixer: Display: 	Callback Buffer Frame Size Requested: 1024
[2025.05.24-13.38.58:511][ 20]LogAudioMixer: Display: 	Callback Buffer Frame Size To Use:	  1024
[2025.05.24-13.38.58:511][ 20]LogAudioMixer: Display: 	Number of buffers to queue:			  1
[2025.05.24-13.38.58:511][ 20]LogAudioMixer: Display: 	Max Channels (voices):				  0
[2025.05.24-13.38.58:511][ 20]LogAudioMixer: Display: 	Number of Async Source Workers:		  4
[2025.05.24-13.38.58:511][ 20]LogAudio: Display: AudioDevice MaxSources: 32
[2025.05.24-13.38.58:512][ 20]LogAudio: Display: Audio Spatialization Plugin: Resonance Audio is external send: 1
[2025.05.24-13.38.58:512][ 20]LogAudio: Display: Audio Reverb Plugin: Resonance Audio
[2025.05.24-13.38.58:512][ 20]LogAudio: Display: Audio Occlusion Plugin: None (built-in).
[2025.05.24-13.38.58:512][ 20]LogAudioMixer: Display: Initializing audio mixer.
[2025.05.24-13.38.58:515][ 20]LogAudioMixer: Display: 0: FrontLeft
[2025.05.24-13.38.58:516][ 20]LogAudioMixer: Display: 1: FrontRight
[2025.05.24-13.38.58:572][ 20]LogAudioMixer: Display: Using Audio Device Динамики (Realtek(R) Audio)
[2025.05.24-13.38.58:572][ 20]LogAudioMixer: Display: Initializing Sound Submixes...
[2025.05.24-13.38.58:572][ 20]LogAudioMixer: Display: Creating Master Submix 'MasterSubmixDefault'
[2025.05.24-13.38.58:572][ 20]LogAudioMixer: Display: Creating Master Submix 'MasterReverbSubmixDefault'
[2025.05.24-13.38.58:572][ 20]LogAudioMixer: Display: Creating Master Submix 'MasterEQSubmixDefault'
[2025.05.24-13.38.58:572][ 20]LogAudioMixer: FMixerPlatformXAudio2::StartAudioStream() called
[2025.05.24-13.38.58:572][ 20]LogAudioMixer: Display: Output buffers initialized: Frames=1024, Channels=2, Samples=2048
[2025.05.24-13.38.58:574][ 20]LogAudioMixer: Display: Starting AudioMixerPlatformInterface::RunInternal()
[2025.05.24-13.38.58:574][ 20]LogAudioMixer: Display: FMixerPlatformXAudio2::SubmitBuffer() called for the first time
[2025.05.24-13.38.58:574][ 20]LogInit: FAudioDevice initialized.
[2025.05.24-13.38.58:574][ 20]LogAudio: Display: Audio Device (ID: 24) registered with world 'VRTemplateMap'.
[2025.05.24-13.38.58:583][ 20]LogLoad: Game class is 'VRGameMode_C'
[2025.05.24-13.38.58:584][ 20]LogWorld: Bringing World /Game/VRTemplate/Maps/UEDPIE_0_VRTemplateMap.VRTemplateMap up for play (max tick rate 60) at 2025.05.24-16.38.58
[2025.05.24-13.38.58:585][ 20]LogWorld: Bringing up level for play took: 0.001058
[2025.05.24-13.38.58:585][ 20]LogOnline: OSS: Creating online subsystem instance for: :Context_34
[2025.05.24-13.38.58:586][ 20]LogSpawn: Warning: SpawnActor failed because no class was specified
[2025.05.24-13.38.58:587][ 20]PIE: Server logged in
[2025.05.24-13.38.58:589][ 20]PIE: Play in editor total start time 0,131 seconds.
[2025.05.24-13.38.58:603][ 20]LogResonanceAudio: Display: Resonance Audio Listener is initialized
[2025.05.24-13.39.02:479][251]LogSlate: Updating window title bar state: overlay mode, drag disabled, window buttons hidden, title bar hidden
[2025.05.24-13.39.02:479][251]LogWorld: BeginTearingDown for /Game/VRTemplate/Maps/UEDPIE_0_VRTemplateMap
[2025.05.24-13.39.02:480][251]LogWorld: UWorld::CleanupWorld for VRTemplateMap, bSessionEnded=true, bCleanupResources=true
[2025.05.24-13.39.02:480][251]LogSlate: InvalidateAllWidgets triggered.  All widgets were invalidated
[2025.05.24-13.39.02:488][251]LogPlayLevel: Display: Shutting down PIE online subsystems
[2025.05.24-13.39.02:498][251]LogSlate: InvalidateAllWidgets triggered.  All widgets were invalidated
[2025.05.24-13.39.02:538][251]LogAudio: Display: Audio Device unregistered from world 'None'.
[2025.05.24-13.39.02:538][251]LogResonanceAudio: Display: Resonance Audio Listener is shutdown
[2025.05.24-13.39.02:538][251]LogAudioMixer: FMixerPlatformXAudio2::StopAudioStream() called
[2025.05.24-13.39.02:540][251]LogAudioMixer: FMixerPlatformXAudio2::StopAudioStream() called
[2025.05.24-13.39.02:544][251]LogSlate: Updating window title bar state: overlay mode, drag disabled, window buttons hidden, title bar hidden
[2025.05.24-13.39.02:548][251]LogUObjectHash: Compacting FUObjectHashTables data took   2.76ms
[2025.05.24-13.39.02:572][252]LogPlayLevel: Display: Destroying online subsystem :Context_34
[2025.05.24-13.39.09:289][655]BlueprintLog: New page: Compile BP_test_menu
[2025.05.24-13.39.09:362][655]LogUObjectHash: Compacting FUObjectHashTables data took   3.44ms
[2025.05.24-13.39.09:798][678]Cmd: OBJ SAVEPACKAGE PACKAGE="/Game/Andrey/Menu/BP_test_menu" FILE="../../../../../../Users/AlisaDI/Documents/MephiTasks/UnrealProject/Content/Andrey/Menu/BP_test_menu.uasset" SILENT=true
[2025.05.24-13.39.09:814][678]LogSavePackage: Moving '../../../../../../Users/AlisaDI/Documents/MephiTasks/UnrealProject/Saved/BP_test_menu5D5A4F1E42F0B091ACBED5A852063AA5.tmp' to '../../../../../../Users/AlisaDI/Documents/MephiTasks/UnrealProject/Content/Andrey/Menu/BP_test_menu.uasset'
[2025.05.24-13.39.09:832][678]AssetCheck: New page: Asset Save: BP_test_menu
[2025.05.24-13.39.09:832][678]LogContentValidation: Display: Validating Blueprint /Game/Andrey/Menu/BP_test_menu.BP_test_menu
[2025.05.24-13.44.27:844][311]BlueprintLog: New page: Compile BP_test_menu
[2025.05.24-13.44.27:931][311]LogUObjectHash: Compacting FUObjectHashTables data took   5.41ms
[2025.05.24-13.44.28:419][337]Cmd: OBJ SAVEPACKAGE PACKAGE="/Game/Andrey/Menu/BP_test_menu" FILE="../../../../../../Users/AlisaDI/Documents/MephiTasks/UnrealProject/Content/Andrey/Menu/BP_test_menu.uasset" SILENT=true
[2025.05.24-13.44.28:436][337]LogSavePackage: Moving '../../../../../../Users/AlisaDI/Documents/MephiTasks/UnrealProject/Saved/BP_test_menuE78CB4934ECE4CF83735E188230DD9D4.tmp' to '../../../../../../Users/AlisaDI/Documents/MephiTasks/UnrealProject/Content/Andrey/Menu/BP_test_menu.uasset'
[2025.05.24-13.44.28:455][337]AssetCheck: New page: Asset Save: BP_test_menu
[2025.05.24-13.44.28:455][337]LogContentValidation: Display: Validating Blueprint /Game/Andrey/Menu/BP_test_menu.BP_test_menu
[2025.05.24-13.44.29:809][418]LogTemp: Repeating last play command: Simulate
[2025.05.24-13.44.29:814][418]LogPlayLevel: PlayLevel: No blueprints needed recompiling
[2025.05.24-13.44.29:814][418]PIE: New page: SIE session: VRTemplateMap (24 мая 2025 г., 19:44:29)
[2025.05.24-13.44.29:814][418]LogPlayLevel: Creating play world package: /Game/VRTemplate/Maps/UEDPIE_0_VRTemplateMap
[2025.05.24-13.44.29:818][418]LogPlayLevel: PIE: StaticDuplicateObject took: (0.003394s)
[2025.05.24-13.44.29:818][418]LogAIModule: Creating AISystem for world VRTemplateMap
[2025.05.24-13.44.29:819][418]LogPlayLevel: PIE: World Init took: (0.001012s)
[2025.05.24-13.44.29:819][418]LogPlayLevel: PIE: Created PIE world by copying editor world from /Game/VRTemplate/Maps/VRTemplateMap.VRTemplateMap to /Game/VRTemplate/Maps/UEDPIE_0_VRTemplateMap.VRTemplateMap (0.004513s)
[2025.05.24-13.44.29:862][418]LogUObjectHash: Compacting FUObjectHashTables data took   4.20ms
[2025.05.24-13.44.29:863][418]LogAudio: Display: Creating Audio Device:                 Id: 25, Scope: Unique, Realtime: True
[2025.05.24-13.44.29:863][418]LogAudioMixer: Display: Audio Mixer Platform Settings:
[2025.05.24-13.44.29:863][418]LogAudioMixer: Display: 	Sample Rate:						  48000
[2025.05.24-13.44.29:863][418]LogAudioMixer: Display: 	Callback Buffer Frame Size Requested: 1024
[2025.05.24-13.44.29:863][418]LogAudioMixer: Display: 	Callback Buffer Frame Size To Use:	  1024
[2025.05.24-13.44.29:863][418]LogAudioMixer: Display: 	Number of buffers to queue:			  1
[2025.05.24-13.44.29:863][418]LogAudioMixer: Display: 	Max Channels (voices):				  0
[2025.05.24-13.44.29:863][418]LogAudioMixer: Display: 	Number of Async Source Workers:		  4
[2025.05.24-13.44.29:863][418]LogAudio: Display: AudioDevice MaxSources: 32
[2025.05.24-13.44.29:863][418]LogAudio: Display: Audio Spatialization Plugin: Resonance Audio is external send: 1
[2025.05.24-13.44.29:863][418]LogAudio: Display: Audio Reverb Plugin: Resonance Audio
[2025.05.24-13.44.29:863][418]LogAudio: Display: Audio Occlusion Plugin: None (built-in).
[2025.05.24-13.44.29:863][418]LogAudioMixer: Display: Initializing audio mixer.
[2025.05.24-13.44.29:867][418]LogAudioMixer: Display: 0: FrontLeft
[2025.05.24-13.44.29:867][418]LogAudioMixer: Display: 1: FrontRight
[2025.05.24-13.44.29:908][418]LogAudioMixer: Display: Using Audio Device Динамики (Realtek(R) Audio)
[2025.05.24-13.44.29:908][418]LogAudioMixer: Display: Initializing Sound Submixes...
[2025.05.24-13.44.29:908][418]LogAudioMixer: Display: Creating Master Submix 'MasterSubmixDefault'
[2025.05.24-13.44.29:908][418]LogAudioMixer: Display: Creating Master Submix 'MasterReverbSubmixDefault'
[2025.05.24-13.44.29:908][418]LogAudioMixer: Display: Creating Master Submix 'MasterEQSubmixDefault'
[2025.05.24-13.44.29:909][418]LogAudioMixer: FMixerPlatformXAudio2::StartAudioStream() called
[2025.05.24-13.44.29:909][418]LogAudioMixer: Display: Output buffers initialized: Frames=1024, Channels=2, Samples=2048
[2025.05.24-13.44.29:910][418]LogAudioMixer: Display: Starting AudioMixerPlatformInterface::RunInternal()
[2025.05.24-13.44.29:910][418]LogAudioMixer: Display: FMixerPlatformXAudio2::SubmitBuffer() called for the first time
[2025.05.24-13.44.29:910][418]LogInit: FAudioDevice initialized.
[2025.05.24-13.44.29:910][418]LogAudio: Display: Audio Device (ID: 25) registered with world 'VRTemplateMap'.
[2025.05.24-13.44.29:918][418]LogLoad: Game class is 'VRGameMode_C'
[2025.05.24-13.44.29:920][418]LogWorld: Bringing World /Game/VRTemplate/Maps/UEDPIE_0_VRTemplateMap.VRTemplateMap up for play (max tick rate 60) at 2025.05.24-16.44.29
[2025.05.24-13.44.29:920][418]LogWorld: Bringing up level for play took: 0.001236
[2025.05.24-13.44.29:920][418]LogOnline: OSS: Creating online subsystem instance for: :Context_35
[2025.05.24-13.44.29:921][418]LogSpawn: Warning: SpawnActor failed because no class was specified
[2025.05.24-13.44.29:922][418]PIE: Server logged in
[2025.05.24-13.44.29:923][418]PIE: Play in editor total start time 0,11 seconds.
[2025.05.24-13.44.29:937][418]LogResonanceAudio: Display: Resonance Audio Listener is initialized
[2025.05.24-13.44.33:009][600]LogSlate: Updating window title bar state: overlay mode, drag disabled, window buttons hidden, title bar hidden
[2025.05.24-13.44.33:009][600]LogWorld: BeginTearingDown for /Game/VRTemplate/Maps/UEDPIE_0_VRTemplateMap
[2025.05.24-13.44.33:010][600]LogWorld: UWorld::CleanupWorld for VRTemplateMap, bSessionEnded=true, bCleanupResources=true
[2025.05.24-13.44.33:010][600]LogSlate: InvalidateAllWidgets triggered.  All widgets were invalidated
[2025.05.24-13.44.33:021][600]LogPlayLevel: Display: Shutting down PIE online subsystems
[2025.05.24-13.44.33:032][600]LogSlate: InvalidateAllWidgets triggered.  All widgets were invalidated
[2025.05.24-13.44.33:074][600]LogAudio: Display: Audio Device unregistered from world 'None'.
[2025.05.24-13.44.33:075][600]LogResonanceAudio: Display: Resonance Audio Listener is shutdown
[2025.05.24-13.44.33:075][600]LogAudioMixer: FMixerPlatformXAudio2::StopAudioStream() called
[2025.05.24-13.44.33:076][600]LogAudioMixer: FMixerPlatformXAudio2::StopAudioStream() called
[2025.05.24-13.44.33:080][600]LogSlate: Updating window title bar state: overlay mode, drag disabled, window buttons hidden, title bar hidden
[2025.05.24-13.44.33:084][600]LogUObjectHash: Compacting FUObjectHashTables data took   3.12ms
[2025.05.24-13.44.33:112][601]LogPlayLevel: Display: Destroying online subsystem :Context_35
[2025.05.24-13.44.42:051][137]BlueprintLog: New page: Compile BP_test_menu
[2025.05.24-13.44.42:134][137]LogUObjectHash: Compacting FUObjectHashTables data took   4.17ms
[2025.05.24-13.44.42:671][166]Cmd: OBJ SAVEPACKAGE PACKAGE="/Game/Andrey/Menu/BP_test_menu" FILE="../../../../../../Users/AlisaDI/Documents/MephiTasks/UnrealProject/Content/Andrey/Menu/BP_test_menu.uasset" SILENT=true
[2025.05.24-13.44.42:690][166]LogSavePackage: Moving '../../../../../../Users/AlisaDI/Documents/MephiTasks/UnrealProject/Saved/BP_test_menu5F8BD5AC415A5E9E3A7EE8957EA3B72A.tmp' to '../../../../../../Users/AlisaDI/Documents/MephiTasks/UnrealProject/Content/Andrey/Menu/BP_test_menu.uasset'
[2025.05.24-13.44.42:712][166]AssetCheck: New page: Asset Save: BP_test_menu
[2025.05.24-13.44.42:713][166]LogContentValidation: Display: Validating Blueprint /Game/Andrey/Menu/BP_test_menu.BP_test_menu
[2025.05.24-13.44.43:824][233]LogTemp: Repeating last play command: Simulate
[2025.05.24-13.44.43:829][233]LogPlayLevel: PlayLevel: No blueprints needed recompiling
[2025.05.24-13.44.43:829][233]PIE: New page: SIE session: VRTemplateMap (24 мая 2025 г., 19:44:43)
[2025.05.24-13.44.43:829][233]LogPlayLevel: Creating play world package: /Game/VRTemplate/Maps/UEDPIE_0_VRTemplateMap
[2025.05.24-13.44.43:833][233]LogPlayLevel: PIE: StaticDuplicateObject took: (0.003854s)
[2025.05.24-13.44.43:834][233]LogAIModule: Creating AISystem for world VRTemplateMap
[2025.05.24-13.44.43:834][233]LogPlayLevel: PIE: World Init took: (0.001088s)
[2025.05.24-13.44.43:834][233]LogPlayLevel: PIE: Created PIE world by copying editor world from /Game/VRTemplate/Maps/VRTemplateMap.VRTemplateMap to /Game/VRTemplate/Maps/UEDPIE_0_VRTemplateMap.VRTemplateMap (0.005064s)
[2025.05.24-13.44.43:875][233]LogUObjectHash: Compacting FUObjectHashTables data took   3.92ms
[2025.05.24-13.44.43:876][233]LogAudio: Display: Creating Audio Device:                 Id: 26, Scope: Unique, Realtime: True
[2025.05.24-13.44.43:876][233]LogAudioMixer: Display: Audio Mixer Platform Settings:
[2025.05.24-13.44.43:876][233]LogAudioMixer: Display: 	Sample Rate:						  48000
[2025.05.24-13.44.43:876][233]LogAudioMixer: Display: 	Callback Buffer Frame Size Requested: 1024
[2025.05.24-13.44.43:876][233]LogAudioMixer: Display: 	Callback Buffer Frame Size To Use:	  1024
[2025.05.24-13.44.43:876][233]LogAudioMixer: Display: 	Number of buffers to queue:			  1
[2025.05.24-13.44.43:876][233]LogAudioMixer: Display: 	Max Channels (voices):				  0
[2025.05.24-13.44.43:876][233]LogAudioMixer: Display: 	Number of Async Source Workers:		  4
[2025.05.24-13.44.43:876][233]LogAudio: Display: AudioDevice MaxSources: 32
[2025.05.24-13.44.43:876][233]LogAudio: Display: Audio Spatialization Plugin: Resonance Audio is external send: 1
[2025.05.24-13.44.43:876][233]LogAudio: Display: Audio Reverb Plugin: Resonance Audio
[2025.05.24-13.44.43:876][233]LogAudio: Display: Audio Occlusion Plugin: None (built-in).
[2025.05.24-13.44.43:876][233]LogAudioMixer: Display: Initializing audio mixer.
[2025.05.24-13.44.43:880][233]LogAudioMixer: Display: 0: FrontLeft
[2025.05.24-13.44.43:880][233]LogAudioMixer: Display: 1: FrontRight
[2025.05.24-13.44.43:920][233]LogAudioMixer: Display: Using Audio Device Динамики (Realtek(R) Audio)
[2025.05.24-13.44.43:920][233]LogAudioMixer: Display: Initializing Sound Submixes...
[2025.05.24-13.44.43:920][233]LogAudioMixer: Display: Creating Master Submix 'MasterSubmixDefault'
[2025.05.24-13.44.43:920][233]LogAudioMixer: Display: Creating Master Submix 'MasterReverbSubmixDefault'
[2025.05.24-13.44.43:920][233]LogAudioMixer: Display: Creating Master Submix 'MasterEQSubmixDefault'
[2025.05.24-13.44.43:920][233]LogAudioMixer: FMixerPlatformXAudio2::StartAudioStream() called
[2025.05.24-13.44.43:920][233]LogAudioMixer: Display: Output buffers initialized: Frames=1024, Channels=2, Samples=2048
[2025.05.24-13.44.43:921][233]LogAudioMixer: Display: Starting AudioMixerPlatformInterface::RunInternal()
[2025.05.24-13.44.43:921][233]LogAudioMixer: Display: FMixerPlatformXAudio2::SubmitBuffer() called for the first time
[2025.05.24-13.44.43:921][233]LogInit: FAudioDevice initialized.
[2025.05.24-13.44.43:921][233]LogAudio: Display: Audio Device (ID: 26) registered with world 'VRTemplateMap'.
[2025.05.24-13.44.43:930][233]LogLoad: Game class is 'VRGameMode_C'
[2025.05.24-13.44.43:932][233]LogWorld: Bringing World /Game/VRTemplate/Maps/UEDPIE_0_VRTemplateMap.VRTemplateMap up for play (max tick rate 60) at 2025.05.24-16.44.43
[2025.05.24-13.44.43:932][233]LogWorld: Bringing up level for play took: 0.001167
[2025.05.24-13.44.43:933][233]LogOnline: OSS: Creating online subsystem instance for: :Context_36
[2025.05.24-13.44.43:934][233]LogSpawn: Warning: SpawnActor failed because no class was specified
[2025.05.24-13.44.43:935][233]PIE: Server logged in
[2025.05.24-13.44.43:936][233]PIE: Play in editor total start time 0,108 seconds.
[2025.05.24-13.44.43:950][233]LogResonanceAudio: Display: Resonance Audio Listener is initialized
[2025.05.24-13.44.46:209][365]LogSlate: Updating window title bar state: overlay mode, drag disabled, window buttons hidden, title bar hidden
[2025.05.24-13.44.46:209][365]LogWorld: BeginTearingDown for /Game/VRTemplate/Maps/UEDPIE_0_VRTemplateMap
[2025.05.24-13.44.46:210][365]LogWorld: UWorld::CleanupWorld for VRTemplateMap, bSessionEnded=true, bCleanupResources=true
[2025.05.24-13.44.46:210][365]LogSlate: InvalidateAllWidgets triggered.  All widgets were invalidated
[2025.05.24-13.44.46:219][365]LogPlayLevel: Display: Shutting down PIE online subsystems
[2025.05.24-13.44.46:230][365]LogSlate: InvalidateAllWidgets triggered.  All widgets were invalidated
[2025.05.24-13.44.46:266][365]LogAudio: Display: Audio Device unregistered from world 'None'.
[2025.05.24-13.44.46:267][365]LogResonanceAudio: Display: Resonance Audio Listener is shutdown
[2025.05.24-13.44.46:267][365]LogAudioMixer: FMixerPlatformXAudio2::StopAudioStream() called
[2025.05.24-13.44.46:268][365]LogAudioMixer: FMixerPlatformXAudio2::StopAudioStream() called
[2025.05.24-13.44.46:272][365]LogSlate: Updating window title bar state: overlay mode, drag disabled, window buttons hidden, title bar hidden
[2025.05.24-13.44.46:276][365]LogUObjectHash: Compacting FUObjectHashTables data took   2.84ms
[2025.05.24-13.44.46:301][366]LogPlayLevel: Display: Destroying online subsystem :Context_36
[2025.05.24-13.44.56:947][980]BlueprintLog: New page: Compile BP_test_menu
[2025.05.24-13.44.57:020][980]LogUObjectHash: Compacting FUObjectHashTables data took   3.58ms
[2025.05.24-13.44.57:437][  2]Cmd: OBJ SAVEPACKAGE PACKAGE="/Game/Andrey/Menu/BP_test_menu" FILE="../../../../../../Users/AlisaDI/Documents/MephiTasks/UnrealProject/Content/Andrey/Menu/BP_test_menu.uasset" SILENT=true
[2025.05.24-13.44.57:454][  2]LogSavePackage: Moving '../../../../../../Users/AlisaDI/Documents/MephiTasks/UnrealProject/Saved/BP_test_menu1F3D79634415E5BEB85D70932BC69806.tmp' to '../../../../../../Users/AlisaDI/Documents/MephiTasks/UnrealProject/Content/Andrey/Menu/BP_test_menu.uasset'
[2025.05.24-13.44.57:472][  2]AssetCheck: New page: Asset Save: BP_test_menu
[2025.05.24-13.44.57:472][  2]LogContentValidation: Display: Validating Blueprint /Game/Andrey/Menu/BP_test_menu.BP_test_menu
[2025.05.24-13.44.59:206][106]LogTemp: Repeating last play command: Simulate
[2025.05.24-13.44.59:211][106]LogPlayLevel: PlayLevel: No blueprints needed recompiling
[2025.05.24-13.44.59:211][106]PIE: New page: SIE session: VRTemplateMap (24 мая 2025 г., 19:44:59)
[2025.05.24-13.44.59:211][106]LogPlayLevel: Creating play world package: /Game/VRTemplate/Maps/UEDPIE_0_VRTemplateMap
[2025.05.24-13.44.59:215][106]LogPlayLevel: PIE: StaticDuplicateObject took: (0.003314s)
[2025.05.24-13.44.59:216][106]LogAIModule: Creating AISystem for world VRTemplateMap
[2025.05.24-13.44.59:216][106]LogPlayLevel: PIE: World Init took: (0.000911s)
[2025.05.24-13.44.59:216][106]LogPlayLevel: PIE: Created PIE world by copying editor world from /Game/VRTemplate/Maps/VRTemplateMap.VRTemplateMap to /Game/VRTemplate/Maps/UEDPIE_0_VRTemplateMap.VRTemplateMap (0.004324s)
[2025.05.24-13.44.59:257][106]LogUObjectHash: Compacting FUObjectHashTables data took   4.18ms
[2025.05.24-13.44.59:258][106]LogAudio: Display: Creating Audio Device:                 Id: 27, Scope: Unique, Realtime: True
[2025.05.24-13.44.59:258][106]LogAudioMixer: Display: Audio Mixer Platform Settings:
[2025.05.24-13.44.59:258][106]LogAudioMixer: Display: 	Sample Rate:						  48000
[2025.05.24-13.44.59:258][106]LogAudioMixer: Display: 	Callback Buffer Frame Size Requested: 1024
[2025.05.24-13.44.59:258][106]LogAudioMixer: Display: 	Callback Buffer Frame Size To Use:	  1024
[2025.05.24-13.44.59:258][106]LogAudioMixer: Display: 	Number of buffers to queue:			  1
[2025.05.24-13.44.59:258][106]LogAudioMixer: Display: 	Max Channels (voices):				  0
[2025.05.24-13.44.59:258][106]LogAudioMixer: Display: 	Number of Async Source Workers:		  4
[2025.05.24-13.44.59:258][106]LogAudio: Display: AudioDevice MaxSources: 32
[2025.05.24-13.44.59:258][106]LogAudio: Display: Audio Spatialization Plugin: Resonance Audio is external send: 1
[2025.05.24-13.44.59:259][106]LogAudio: Display: Audio Reverb Plugin: Resonance Audio
[2025.05.24-13.44.59:259][106]LogAudio: Display: Audio Occlusion Plugin: None (built-in).
[2025.05.24-13.44.59:259][106]LogAudioMixer: Display: Initializing audio mixer.
[2025.05.24-13.44.59:263][106]LogAudioMixer: Display: 0: FrontLeft
[2025.05.24-13.44.59:263][106]LogAudioMixer: Display: 1: FrontRight
[2025.05.24-13.44.59:308][106]LogAudioMixer: Display: Using Audio Device Динамики (Realtek(R) Audio)
[2025.05.24-13.44.59:308][106]LogAudioMixer: Display: Initializing Sound Submixes...
[2025.05.24-13.44.59:308][106]LogAudioMixer: Display: Creating Master Submix 'MasterSubmixDefault'
[2025.05.24-13.44.59:308][106]LogAudioMixer: Display: Creating Master Submix 'MasterReverbSubmixDefault'
[2025.05.24-13.44.59:308][106]LogAudioMixer: Display: Creating Master Submix 'MasterEQSubmixDefault'
[2025.05.24-13.44.59:308][106]LogAudioMixer: FMixerPlatformXAudio2::StartAudioStream() called
[2025.05.24-13.44.59:308][106]LogAudioMixer: Display: Output buffers initialized: Frames=1024, Channels=2, Samples=2048
[2025.05.24-13.44.59:310][106]LogAudioMixer: Display: Starting AudioMixerPlatformInterface::RunInternal()
[2025.05.24-13.44.59:310][106]LogAudioMixer: Display: FMixerPlatformXAudio2::SubmitBuffer() called for the first time
[2025.05.24-13.44.59:310][106]LogInit: FAudioDevice initialized.
[2025.05.24-13.44.59:310][106]LogAudio: Display: Audio Device (ID: 27) registered with world 'VRTemplateMap'.
[2025.05.24-13.44.59:316][106]LogLoad: Game class is 'VRGameMode_C'
[2025.05.24-13.44.59:317][106]LogWorld: Bringing World /Game/VRTemplate/Maps/UEDPIE_0_VRTemplateMap.VRTemplateMap up for play (max tick rate 60) at 2025.05.24-16.44.59
[2025.05.24-13.44.59:318][106]LogWorld: Bringing up level for play took: 0.001203
[2025.05.24-13.44.59:318][106]LogOnline: OSS: Creating online subsystem instance for: :Context_37
[2025.05.24-13.44.59:319][106]LogSpawn: Warning: SpawnActor failed because no class was specified
[2025.05.24-13.44.59:320][106]PIE: Server logged in
[2025.05.24-13.44.59:321][106]PIE: Play in editor total start time 0,11 seconds.
[2025.05.24-13.44.59:333][106]LogResonanceAudio: Display: Resonance Audio Listener is initialized
[2025.05.24-13.45.03:329][343]LogSlate: Updating window title bar state: overlay mode, drag disabled, window buttons hidden, title bar hidden
[2025.05.24-13.45.03:329][343]LogWorld: BeginTearingDown for /Game/VRTemplate/Maps/UEDPIE_0_VRTemplateMap
[2025.05.24-13.45.03:330][343]LogWorld: UWorld::CleanupWorld for VRTemplateMap, bSessionEnded=true, bCleanupResources=true
[2025.05.24-13.45.03:330][343]LogSlate: InvalidateAllWidgets triggered.  All widgets were invalidated
[2025.05.24-13.45.03:339][343]LogPlayLevel: Display: Shutting down PIE online subsystems
[2025.05.24-13.45.03:349][343]LogSlate: InvalidateAllWidgets triggered.  All widgets were invalidated
[2025.05.24-13.45.03:388][343]LogAudio: Display: Audio Device unregistered from world 'None'.
[2025.05.24-13.45.03:388][343]LogResonanceAudio: Display: Resonance Audio Listener is shutdown
[2025.05.24-13.45.03:388][343]LogAudioMixer: FMixerPlatformXAudio2::StopAudioStream() called
[2025.05.24-13.45.03:390][343]LogAudioMixer: FMixerPlatformXAudio2::StopAudioStream() called
[2025.05.24-13.45.03:393][343]LogSlate: Updating window title bar state: overlay mode, drag disabled, window buttons hidden, title bar hidden
[2025.05.24-13.45.03:397][343]LogUObjectHash: Compacting FUObjectHashTables data took   2.67ms
[2025.05.24-13.45.03:422][344]LogPlayLevel: Display: Destroying online subsystem :Context_37
[2025.05.24-13.45.12:388][877]LogTemp: Repeating last play command: Simulate
[2025.05.24-13.45.12:393][877]LogPlayLevel: PlayLevel: No blueprints needed recompiling
[2025.05.24-13.45.12:393][877]PIE: New page: SIE session: VRTemplateMap (24 мая 2025 г., 19:45:12)
[2025.05.24-13.45.12:393][877]LogPlayLevel: Creating play world package: /Game/VRTemplate/Maps/UEDPIE_0_VRTemplateMap
[2025.05.24-13.45.12:396][877]LogPlayLevel: PIE: StaticDuplicateObject took: (0.003208s)
[2025.05.24-13.45.12:397][877]LogAIModule: Creating AISystem for world VRTemplateMap
[2025.05.24-13.45.12:397][877]LogPlayLevel: PIE: World Init took: (0.000934s)
[2025.05.24-13.45.12:397][877]LogPlayLevel: PIE: Created PIE world by copying editor world from /Game/VRTemplate/Maps/VRTemplateMap.VRTemplateMap to /Game/VRTemplate/Maps/UEDPIE_0_VRTemplateMap.VRTemplateMap (0.004258s)
[2025.05.24-13.45.12:436][877]LogUObjectHash: Compacting FUObjectHashTables data took   3.13ms
[2025.05.24-13.45.12:437][877]LogAudio: Display: Creating Audio Device:                 Id: 28, Scope: Unique, Realtime: True
[2025.05.24-13.45.12:437][877]LogAudioMixer: Display: Audio Mixer Platform Settings:
[2025.05.24-13.45.12:437][877]LogAudioMixer: Display: 	Sample Rate:						  48000
[2025.05.24-13.45.12:437][877]LogAudioMixer: Display: 	Callback Buffer Frame Size Requested: 1024
[2025.05.24-13.45.12:437][877]LogAudioMixer: Display: 	Callback Buffer Frame Size To Use:	  1024
[2025.05.24-13.45.12:437][877]LogAudioMixer: Display: 	Number of buffers to queue:			  1
[2025.05.24-13.45.12:437][877]LogAudioMixer: Display: 	Max Channels (voices):				  0
[2025.05.24-13.45.12:437][877]LogAudioMixer: Display: 	Number of Async Source Workers:		  4
[2025.05.24-13.45.12:437][877]LogAudio: Display: AudioDevice MaxSources: 32
[2025.05.24-13.45.12:438][877]LogAudio: Display: Audio Spatialization Plugin: Resonance Audio is external send: 1
[2025.05.24-13.45.12:438][877]LogAudio: Display: Audio Reverb Plugin: Resonance Audio
[2025.05.24-13.45.12:438][877]LogAudio: Display: Audio Occlusion Plugin: None (built-in).
[2025.05.24-13.45.12:438][877]LogAudioMixer: Display: Initializing audio mixer.
[2025.05.24-13.45.12:441][877]LogAudioMixer: Display: 0: FrontLeft
[2025.05.24-13.45.12:441][877]LogAudioMixer: Display: 1: FrontRight
[2025.05.24-13.45.12:489][877]LogAudioMixer: Display: Using Audio Device Динамики (Realtek(R) Audio)
[2025.05.24-13.45.12:489][877]LogAudioMixer: Display: Initializing Sound Submixes...
[2025.05.24-13.45.12:489][877]LogAudioMixer: Display: Creating Master Submix 'MasterSubmixDefault'
[2025.05.24-13.45.12:489][877]LogAudioMixer: Display: Creating Master Submix 'MasterReverbSubmixDefault'
[2025.05.24-13.45.12:489][877]LogAudioMixer: Display: Creating Master Submix 'MasterEQSubmixDefault'
[2025.05.24-13.45.12:490][877]LogAudioMixer: FMixerPlatformXAudio2::StartAudioStream() called
[2025.05.24-13.45.12:490][877]LogAudioMixer: Display: Output buffers initialized: Frames=1024, Channels=2, Samples=2048
[2025.05.24-13.45.12:491][877]LogAudioMixer: Display: Starting AudioMixerPlatformInterface::RunInternal()
[2025.05.24-13.45.12:491][877]LogAudioMixer: Display: FMixerPlatformXAudio2::SubmitBuffer() called for the first time
[2025.05.24-13.45.12:491][877]LogInit: FAudioDevice initialized.
[2025.05.24-13.45.12:491][877]LogAudio: Display: Audio Device (ID: 28) registered with world 'VRTemplateMap'.
[2025.05.24-13.45.12:499][877]LogLoad: Game class is 'VRGameMode_C'
[2025.05.24-13.45.12:501][877]LogWorld: Bringing World /Game/VRTemplate/Maps/UEDPIE_0_VRTemplateMap.VRTemplateMap up for play (max tick rate 60) at 2025.05.24-16.45.12
[2025.05.24-13.45.12:501][877]LogWorld: Bringing up level for play took: 0.001322
[2025.05.24-13.45.12:501][877]LogOnline: OSS: Creating online subsystem instance for: :Context_38
[2025.05.24-13.45.12:503][877]LogSpawn: Warning: SpawnActor failed because no class was specified
[2025.05.24-13.45.12:504][877]PIE: Server logged in
[2025.05.24-13.45.12:505][877]PIE: Play in editor total start time 0,114 seconds.
[2025.05.24-13.45.13:789][954]LogSlate: Updating window title bar state: overlay mode, drag disabled, window buttons hidden, title bar hidden
[2025.05.24-13.45.13:789][954]LogWorld: BeginTearingDown for /Game/VRTemplate/Maps/UEDPIE_0_VRTemplateMap
[2025.05.24-13.45.13:790][954]LogWorld: UWorld::CleanupWorld for VRTemplateMap, bSessionEnded=true, bCleanupResources=true
[2025.05.24-13.45.13:790][954]LogSlate: InvalidateAllWidgets triggered.  All widgets were invalidated
[2025.05.24-13.45.13:801][954]LogPlayLevel: Display: Shutting down PIE online subsystems
[2025.05.24-13.45.13:812][954]LogSlate: InvalidateAllWidgets triggered.  All widgets were invalidated
[2025.05.24-13.45.13:854][954]LogSlate: Updating window title bar state: overlay mode, drag disabled, window buttons hidden, title bar hidden
[2025.05.24-13.45.13:854][954]LogResonanceAudio: Display: Resonance Audio Listener is shutdown
[2025.05.24-13.45.13:854][954]LogAudioMixer: FMixerPlatformXAudio2::StopAudioStream() called
[2025.05.24-13.45.13:856][954]LogAudioMixer: FMixerPlatformXAudio2::StopAudioStream() called
[2025.05.24-13.45.13:863][954]LogUObjectHash: Compacting FUObjectHashTables data took   3.23ms
[2025.05.24-13.45.13:893][956]LogPlayLevel: Display: Destroying online subsystem :Context_38
[2025.05.24-13.45.14:427][988]LogBlueprintUserMessages: [BP_test_menu_C_1] Hello
[2025.05.24-13.45.14:428][988]LogBlueprintUserMessages: [BP_test_menu_C_1] Hello
[2025.05.24-13.45.29:900][909]BlueprintLog: New page: Compile BP_test_menu
[2025.05.24-13.45.29:913][909]LogBlueprintUserMessages: [BP_test_menu_C_1] Hello
[2025.05.24-13.45.29:913][909]LogBlueprintUserMessages: [BP_test_menu_C_1] Hello
[2025.05.24-13.45.29:973][909]LogUObjectHash: Compacting FUObjectHashTables data took   3.58ms
[2025.05.24-13.45.31:726][ 11]Cmd: OBJ SAVEPACKAGE PACKAGE="/Game/Andrey/Menu/BP_test_menu" FILE="../../../../../../Users/AlisaDI/Documents/MephiTasks/UnrealProject/Content/Andrey/Menu/BP_test_menu.uasset" SILENT=true
[2025.05.24-13.45.31:746][ 11]LogSavePackage: Moving '../../../../../../Users/AlisaDI/Documents/MephiTasks/UnrealProject/Saved/BP_test_menuD9A03DA2494414DA441C8DBBC294CE9A.tmp' to '../../../../../../Users/AlisaDI/Documents/MephiTasks/UnrealProject/Content/Andrey/Menu/BP_test_menu.uasset'
[2025.05.24-13.45.31:765][ 11]AssetCheck: New page: Asset Save: BP_test_menu
[2025.05.24-13.45.31:765][ 11]LogContentValidation: Display: Validating Blueprint /Game/Andrey/Menu/BP_test_menu.BP_test_menu
[2025.05.24-13.45.39:184][366]LogSlate: Window 'Pick Parent Class' being destroyed
[2025.05.24-13.45.39:191][366]LogContentBrowser: Deferred new asset file creation: NewBlueprint
[2025.05.24-13.45.39:209][366]LogContentBrowser: Creating deferred item: NewBlueprint
[2025.05.24-13.45.49:097][960]LogContentBrowser: Attempting asset rename: NewBlueprint -> BP_test_menu_2
[2025.05.24-13.45.49:100][960]LogContentBrowser: End creating deferred item NewBlueprint
[2025.05.24-13.45.50:531][ 45]LogAssetEditorSubsystem: Opening Asset editor for Blueprint /Game/Andrey/Menu/BP_test_menu_2.BP_test_menu_2
[2025.05.24-13.46.12:801][353]BlueprintLog: New page: Compile BP_test_menu_2
[2025.05.24-13.46.12:803][353]LogBlueprint: Warning: [AssetLog] /Game/Andrey/Menu/BP_test_menu_2.BP_test_menu_2 (no disk path found): [Compiler] Could not find a variable named "NumberDetail" in 'BP_test_menu_2_C'.
Make sure 'BP_test_menu_2_C' has been compiled for  Get NumberDetail
[2025.05.24-13.46.12:803][353]LogBlueprint: Warning: [AssetLog] /Game/Andrey/Menu/BP_test_menu_2.BP_test_menu_2 (no disk path found): [Compiler] Could not find a variable named "Class" in 'BP_test_menu_2_C'.
Make sure 'BP_test_menu_2_C' has been compiled for  Get Class
[2025.05.24-13.46.12:803][353]LogBlueprint: Error: [AssetLog] /Game/Andrey/Menu/BP_test_menu_2.BP_test_menu_2 (no disk path found): [Compiler] The property associated with  Number Detail  could not be found in '/Game/Andrey/Menu/BP_test_menu_2.BP_test_menu_2_C'
[2025.05.24-13.46.12:803][353]LogBlueprint: Error: [AssetLog] /Game/Andrey/Menu/BP_test_menu_2.BP_test_menu_2 (no disk path found): [Compiler] The property associated with  Class  could not be found in '/Game/Andrey/Menu/BP_test_menu_2.BP_test_menu_2_C'
[2025.05.24-13.46.12:879][353]LogUObjectHash: Compacting FUObjectHashTables data took   5.75ms
[2025.05.24-13.46.22:443][923]BlueprintLog: New page: Compile BP_test_menu_2
[2025.05.24-13.46.22:444][923]LogBlueprint: Warning: [AssetLog] /Game/Andrey/Menu/BP_test_menu_2.BP_test_menu_2 (no disk path found): [Compiler] Could not find a variable named "Class" in 'BP_test_menu_2_C'.
Make sure 'BP_test_menu_2_C' has been compiled for  Get Class
[2025.05.24-13.46.22:445][923]LogBlueprint: Error: [AssetLog] /Game/Andrey/Menu/BP_test_menu_2.BP_test_menu_2 (no disk path found): [Compiler] The property associated with  Class  could not be found in '/Game/Andrey/Menu/BP_test_menu_2.BP_test_menu_2_C'
[2025.05.24-13.46.22:517][923]LogUObjectHash: Compacting FUObjectHashTables data took   4.33ms
[2025.05.24-13.46.25:509][101]BlueprintLog: New page: Compile BP_test_menu_2
[2025.05.24-13.46.25:580][101]LogUObjectHash: Compacting FUObjectHashTables data took   4.05ms
[2025.05.24-13.46.28:602][281]LogSlate: Prevented a slow task dialog from being summoned while a context menu was open
[2025.05.24-13.46.28:619][281]LogEditorClassViewer: Warning: Class /Engine/Tutorial/InWorldBlueprintEditing/TutorialAssets/IWBE_Blutility.IWBE_Blutility_C has parent /Script/Blutility.PlacedEditorUtilityBase, but this parent is not found. The Class will not be shown in ClassViewer.
[2025.05.24-13.46.34:446][631]BlueprintLog: New page: Compile BP_test_menu_2
[2025.05.24-13.46.34:520][631]LogUObjectHash: Compacting FUObjectHashTables data took   3.85ms
[2025.05.24-13.46.34:945][655]Cmd: OBJ SAVEPACKAGE PACKAGE="/Game/Andrey/Menu/BP_test_menu_2" FILE="../../../../../../Users/AlisaDI/Documents/MephiTasks/UnrealProject/Content/Andrey/Menu/BP_test_menu_2.uasset" SILENT=true
[2025.05.24-13.46.34:952][655]LogSavePackage: Moving '../../../../../../Users/AlisaDI/Documents/MephiTasks/UnrealProject/Saved/BP_test_menu_2792BB6534304F8C57E3AECA430050491.tmp' to '../../../../../../Users/AlisaDI/Documents/MephiTasks/UnrealProject/Content/Andrey/Menu/BP_test_menu_2.uasset'
[2025.05.24-13.46.34:972][655]AssetCheck: New page: Asset Save: BP_test_menu_2
[2025.05.24-13.46.34:972][655]LogContentValidation: Display: Validating Blueprint /Game/Andrey/Menu/BP_test_menu_2.BP_test_menu_2
[2025.05.24-13.46.59:388][104]BlueprintLog: New page: Compile BP_test_menu_2
[2025.05.24-13.46.59:464][104]LogUObjectHash: Compacting FUObjectHashTables data took   4.44ms
[2025.05.24-13.46.59:796][122]Cmd: OBJ SAVEPACKAGE PACKAGE="/Game/Andrey/Menu/BP_test_menu_2" FILE="../../../../../../Users/AlisaDI/Documents/MephiTasks/UnrealProject/Content/Andrey/Menu/BP_test_menu_2.uasset" SILENT=true
[2025.05.24-13.46.59:804][122]LogSavePackage: Moving '../../../../../../Users/AlisaDI/Documents/MephiTasks/UnrealProject/Saved/BP_test_menu_2BEC99CE540740F5017D1A68D7F82FBD8.tmp' to '../../../../../../Users/AlisaDI/Documents/MephiTasks/UnrealProject/Content/Andrey/Menu/BP_test_menu_2.uasset'
[2025.05.24-13.46.59:824][122]AssetCheck: New page: Asset Save: BP_test_menu_2
[2025.05.24-13.46.59:824][122]LogContentValidation: Display: Validating Blueprint /Game/Andrey/Menu/BP_test_menu_2.BP_test_menu_2
[2025.05.24-13.47.05:504][459]LogTemp: Repeating last play command: Simulate
[2025.05.24-13.47.05:513][459]LogPlayLevel: PlayLevel: No blueprints needed recompiling
[2025.05.24-13.47.05:513][459]PIE: New page: SIE session: VRTemplateMap (24 мая 2025 г., 19:47:05)
[2025.05.24-13.47.05:513][459]LogPlayLevel: Creating play world package: /Game/VRTemplate/Maps/UEDPIE_0_VRTemplateMap
[2025.05.24-13.47.05:517][459]LogPlayLevel: PIE: StaticDuplicateObject took: (0.003736s)
[2025.05.24-13.47.05:518][459]LogAIModule: Creating AISystem for world VRTemplateMap
[2025.05.24-13.47.05:518][459]LogPlayLevel: PIE: World Init took: (0.000950s)
[2025.05.24-13.47.05:518][459]LogPlayLevel: PIE: Created PIE world by copying editor world from /Game/VRTemplate/Maps/VRTemplateMap.VRTemplateMap to /Game/VRTemplate/Maps/UEDPIE_0_VRTemplateMap.VRTemplateMap (0.004791s)
[2025.05.24-13.47.05:561][459]LogUObjectHash: Compacting FUObjectHashTables data took   4.33ms
[2025.05.24-13.47.05:563][459]LogAudio: Display: Creating Audio Device:                 Id: 29, Scope: Unique, Realtime: True
[2025.05.24-13.47.05:563][459]LogAudioMixer: Display: Audio Mixer Platform Settings:
[2025.05.24-13.47.05:563][459]LogAudioMixer: Display: 	Sample Rate:						  48000
[2025.05.24-13.47.05:563][459]LogAudioMixer: Display: 	Callback Buffer Frame Size Requested: 1024
[2025.05.24-13.47.05:563][459]LogAudioMixer: Display: 	Callback Buffer Frame Size To Use:	  1024
[2025.05.24-13.47.05:563][459]LogAudioMixer: Display: 	Number of buffers to queue:			  1
[2025.05.24-13.47.05:563][459]LogAudioMixer: Display: 	Max Channels (voices):				  0
[2025.05.24-13.47.05:563][459]LogAudioMixer: Display: 	Number of Async Source Workers:		  4
[2025.05.24-13.47.05:563][459]LogAudio: Display: AudioDevice MaxSources: 32
[2025.05.24-13.47.05:564][459]LogAudio: Display: Audio Spatialization Plugin: Resonance Audio is external send: 1
[2025.05.24-13.47.05:564][459]LogAudio: Display: Audio Reverb Plugin: Resonance Audio
[2025.05.24-13.47.05:564][459]LogAudio: Display: Audio Occlusion Plugin: None (built-in).
[2025.05.24-13.47.05:564][459]LogAudioMixer: Display: Initializing audio mixer.
[2025.05.24-13.47.05:568][459]LogAudioMixer: Display: 0: FrontLeft
[2025.05.24-13.47.05:568][459]LogAudioMixer: Display: 1: FrontRight
[2025.05.24-13.47.05:611][459]LogAudioMixer: Display: Using Audio Device Динамики (Realtek(R) Audio)
[2025.05.24-13.47.05:611][459]LogAudioMixer: Display: Initializing Sound Submixes...
[2025.05.24-13.47.05:611][459]LogAudioMixer: Display: Creating Master Submix 'MasterSubmixDefault'
[2025.05.24-13.47.05:611][459]LogAudioMixer: Display: Creating Master Submix 'MasterReverbSubmixDefault'
[2025.05.24-13.47.05:611][459]LogAudioMixer: Display: Creating Master Submix 'MasterEQSubmixDefault'
[2025.05.24-13.47.05:611][459]LogAudioMixer: FMixerPlatformXAudio2::StartAudioStream() called
[2025.05.24-13.47.05:611][459]LogAudioMixer: Display: Output buffers initialized: Frames=1024, Channels=2, Samples=2048
[2025.05.24-13.47.05:612][459]LogAudioMixer: Display: Starting AudioMixerPlatformInterface::RunInternal()
[2025.05.24-13.47.05:612][459]LogAudioMixer: Display: FMixerPlatformXAudio2::SubmitBuffer() called for the first time
[2025.05.24-13.47.05:612][459]LogInit: FAudioDevice initialized.
[2025.05.24-13.47.05:612][459]LogAudio: Display: Audio Device (ID: 29) registered with world 'VRTemplateMap'.
[2025.05.24-13.47.05:617][459]LogLoad: Game class is 'VRGameMode_C'
[2025.05.24-13.47.05:619][459]LogWorld: Bringing World /Game/VRTemplate/Maps/UEDPIE_0_VRTemplateMap.VRTemplateMap up for play (max tick rate 60) at 2025.05.24-16.47.05
[2025.05.24-13.47.05:619][459]LogWorld: Bringing up level for play took: 0.001149
[2025.05.24-13.47.05:619][459]LogOnline: OSS: Creating online subsystem instance for: :Context_40
[2025.05.24-13.47.05:621][459]LogSpawn: Warning: SpawnActor failed because no class was specified
[2025.05.24-13.47.05:622][459]LogBlueprintUserMessages: [BP_test_menu_3] Hello
[2025.05.24-13.47.05:622][459]PIE: Server logged in
[2025.05.24-13.47.05:623][459]PIE: Play in editor total start time 0,114 seconds.
[2025.05.24-13.47.05:638][459]LogResonanceAudio: Display: Resonance Audio Listener is initialized
[2025.05.24-13.47.07:360][555]LogSlate: Updating window title bar state: overlay mode, drag disabled, window buttons hidden, title bar hidden
[2025.05.24-13.47.07:360][555]LogWorld: BeginTearingDown for /Game/VRTemplate/Maps/UEDPIE_0_VRTemplateMap
[2025.05.24-13.47.07:360][555]LogWorld: UWorld::CleanupWorld for VRTemplateMap, bSessionEnded=true, bCleanupResources=true
[2025.05.24-13.47.07:361][555]LogSlate: InvalidateAllWidgets triggered.  All widgets were invalidated
[2025.05.24-13.47.07:372][555]LogPlayLevel: Display: Shutting down PIE online subsystems
[2025.05.24-13.47.07:383][555]LogSlate: InvalidateAllWidgets triggered.  All widgets were invalidated
[2025.05.24-13.47.07:424][555]LogAudio: Display: Audio Device unregistered from world 'None'.
[2025.05.24-13.47.07:424][555]LogResonanceAudio: Display: Resonance Audio Listener is shutdown
[2025.05.24-13.47.07:424][555]LogAudioMixer: FMixerPlatformXAudio2::StopAudioStream() called
[2025.05.24-13.47.07:426][555]LogAudioMixer: FMixerPlatformXAudio2::StopAudioStream() called
[2025.05.24-13.47.07:430][555]LogSlate: Updating window title bar state: overlay mode, drag disabled, window buttons hidden, title bar hidden
[2025.05.24-13.47.07:435][555]LogUObjectHash: Compacting FUObjectHashTables data took   3.31ms
[2025.05.24-13.47.07:460][556]LogPlayLevel: Display: Destroying online subsystem :Context_40
[2025.05.24-13.47.13:602][924]BlueprintLog: New page: Compile BP_test_menu_2
[2025.05.24-13.47.13:681][924]LogUObjectHash: Compacting FUObjectHashTables data took   3.40ms
[2025.05.24-13.47.25:313][619]LogSlate: Prevented a slow task dialog from being summoned while a context menu was open
[2025.05.24-13.47.25:330][619]LogEditorClassViewer: Warning: Class /Engine/Tutorial/InWorldBlueprintEditing/TutorialAssets/IWBE_Blutility.IWBE_Blutility_C has parent /Script/Blutility.PlacedEditorUtilityBase, but this parent is not found. The Class will not be shown in ClassViewer.
[2025.05.24-13.47.33:381][102]BlueprintLog: New page: Compile BP_test_menu_2
[2025.05.24-13.47.33:460][102]LogUObjectHash: Compacting FUObjectHashTables data took   3.97ms
[2025.05.24-13.47.33:883][126]Cmd: OBJ SAVEPACKAGE PACKAGE="/Game/Andrey/Menu/BP_test_menu_2" FILE="../../../../../../Users/AlisaDI/Documents/MephiTasks/UnrealProject/Content/Andrey/Menu/BP_test_menu_2.uasset" SILENT=true
[2025.05.24-13.47.33:892][126]LogSavePackage: Moving '../../../../../../Users/AlisaDI/Documents/MephiTasks/UnrealProject/Saved/BP_test_menu_233D5A2A241E604F5C0A06CA15275B5E1.tmp' to '../../../../../../Users/AlisaDI/Documents/MephiTasks/UnrealProject/Content/Andrey/Menu/BP_test_menu_2.uasset'
[2025.05.24-13.47.33:911][126]AssetCheck: New page: Asset Save: BP_test_menu_2
[2025.05.24-13.47.33:912][126]LogContentValidation: Display: Validating Blueprint /Game/Andrey/Menu/BP_test_menu_2.BP_test_menu_2
[2025.05.24-13.48.09:455][160]BlueprintLog: New page: Compile BP_test_menu_2
[2025.05.24-13.48.09:543][160]LogUObjectHash: Compacting FUObjectHashTables data took   5.08ms
[2025.05.24-13.48.10:169][196]Cmd: OBJ SAVEPACKAGE PACKAGE="/Game/Andrey/Menu/BP_test_menu_2" FILE="../../../../../../Users/AlisaDI/Documents/MephiTasks/UnrealProject/Content/Andrey/Menu/BP_test_menu_2.uasset" SILENT=true
[2025.05.24-13.48.10:176][196]LogSavePackage: Moving '../../../../../../Users/AlisaDI/Documents/MephiTasks/UnrealProject/Saved/BP_test_menu_23E13613F46EE62BD19B77E9B8C08E203.tmp' to '../../../../../../Users/AlisaDI/Documents/MephiTasks/UnrealProject/Content/Andrey/Menu/BP_test_menu_2.uasset'
[2025.05.24-13.48.10:194][196]AssetCheck: New page: Asset Save: BP_test_menu_2
[2025.05.24-13.48.10:194][196]LogContentValidation: Display: Validating Blueprint /Game/Andrey/Menu/BP_test_menu_2.BP_test_menu_2
[2025.05.24-13.48.11:556][278]LogTemp: Repeating last play command: Simulate
[2025.05.24-13.48.11:561][278]LogPlayLevel: PlayLevel: No blueprints needed recompiling
[2025.05.24-13.48.11:561][278]PIE: New page: SIE session: VRTemplateMap (24 мая 2025 г., 19:48:11)
[2025.05.24-13.48.11:561][278]LogPlayLevel: Creating play world package: /Game/VRTemplate/Maps/UEDPIE_0_VRTemplateMap
[2025.05.24-13.48.11:565][278]LogPlayLevel: PIE: StaticDuplicateObject took: (0.003671s)
[2025.05.24-13.48.11:566][278]LogAIModule: Creating AISystem for world VRTemplateMap
[2025.05.24-13.48.11:566][278]LogPlayLevel: PIE: World Init took: (0.000938s)
[2025.05.24-13.48.11:566][278]LogPlayLevel: PIE: Created PIE world by copying editor world from /Game/VRTemplate/Maps/VRTemplateMap.VRTemplateMap to /Game/VRTemplate/Maps/UEDPIE_0_VRTemplateMap.VRTemplateMap (0.004712s)
[2025.05.24-13.48.11:610][278]LogUObjectHash: Compacting FUObjectHashTables data took   4.48ms
[2025.05.24-13.48.11:610][278]LogAudio: Display: Creating Audio Device:                 Id: 30, Scope: Unique, Realtime: True
[2025.05.24-13.48.11:611][278]LogAudioMixer: Display: Audio Mixer Platform Settings:
[2025.05.24-13.48.11:611][278]LogAudioMixer: Display: 	Sample Rate:						  48000
[2025.05.24-13.48.11:611][278]LogAudioMixer: Display: 	Callback Buffer Frame Size Requested: 1024
[2025.05.24-13.48.11:611][278]LogAudioMixer: Display: 	Callback Buffer Frame Size To Use:	  1024
[2025.05.24-13.48.11:611][278]LogAudioMixer: Display: 	Number of buffers to queue:			  1
[2025.05.24-13.48.11:611][278]LogAudioMixer: Display: 	Max Channels (voices):				  0
[2025.05.24-13.48.11:611][278]LogAudioMixer: Display: 	Number of Async Source Workers:		  4
[2025.05.24-13.48.11:611][278]LogAudio: Display: AudioDevice MaxSources: 32
[2025.05.24-13.48.11:611][278]LogAudio: Display: Audio Spatialization Plugin: Resonance Audio is external send: 1
[2025.05.24-13.48.11:611][278]LogAudio: Display: Audio Reverb Plugin: Resonance Audio
[2025.05.24-13.48.11:611][278]LogAudio: Display: Audio Occlusion Plugin: None (built-in).
[2025.05.24-13.48.11:611][278]LogAudioMixer: Display: Initializing audio mixer.
[2025.05.24-13.48.11:615][278]LogAudioMixer: Display: 0: FrontLeft
[2025.05.24-13.48.11:615][278]LogAudioMixer: Display: 1: FrontRight
[2025.05.24-13.48.11:657][278]LogAudioMixer: Display: Using Audio Device Динамики (Realtek(R) Audio)
[2025.05.24-13.48.11:658][278]LogAudioMixer: Display: Initializing Sound Submixes...
[2025.05.24-13.48.11:658][278]LogAudioMixer: Display: Creating Master Submix 'MasterSubmixDefault'
[2025.05.24-13.48.11:658][278]LogAudioMixer: Display: Creating Master Submix 'MasterReverbSubmixDefault'
[2025.05.24-13.48.11:658][278]LogAudioMixer: Display: Creating Master Submix 'MasterEQSubmixDefault'
[2025.05.24-13.48.11:658][278]LogAudioMixer: FMixerPlatformXAudio2::StartAudioStream() called
[2025.05.24-13.48.11:658][278]LogAudioMixer: Display: Output buffers initialized: Frames=1024, Channels=2, Samples=2048
[2025.05.24-13.48.11:659][278]LogAudioMixer: Display: Starting AudioMixerPlatformInterface::RunInternal()
[2025.05.24-13.48.11:659][278]LogAudioMixer: Display: FMixerPlatformXAudio2::SubmitBuffer() called for the first time
[2025.05.24-13.48.11:659][278]LogInit: FAudioDevice initialized.
[2025.05.24-13.48.11:659][278]LogAudio: Display: Audio Device (ID: 30) registered with world 'VRTemplateMap'.
[2025.05.24-13.48.11:668][278]LogLoad: Game class is 'VRGameMode_C'
[2025.05.24-13.48.11:670][278]LogWorld: Bringing World /Game/VRTemplate/Maps/UEDPIE_0_VRTemplateMap.VRTemplateMap up for play (max tick rate 60) at 2025.05.24-16.48.11
[2025.05.24-13.48.11:670][278]LogWorld: Bringing up level for play took: 0.001043
[2025.05.24-13.48.11:670][278]LogOnline: OSS: Creating online subsystem instance for: :Context_41
[2025.05.24-13.48.11:671][278]LogSpawn: Warning: SpawnActor failed because no class was specified
[2025.05.24-13.48.11:672][278]PIE: Server logged in
[2025.05.24-13.48.11:673][278]PIE: Play in editor total start time 0,113 seconds.
[2025.05.24-13.48.11:688][278]LogResonanceAudio: Display: Resonance Audio Listener is initialized
[2025.05.24-13.48.15:374][499]LogBlueprintUserMessages: [BP_test_menu_3] Hello
[2025.05.24-13.48.18:919][710]LogSlate: Updating window title bar state: overlay mode, drag disabled, window buttons hidden, title bar hidden
[2025.05.24-13.48.18:919][710]LogWorld: BeginTearingDown for /Game/VRTemplate/Maps/UEDPIE_0_VRTemplateMap
[2025.05.24-13.48.18:920][710]LogWorld: UWorld::CleanupWorld for VRTemplateMap, bSessionEnded=true, bCleanupResources=true
[2025.05.24-13.48.18:920][710]LogSlate: InvalidateAllWidgets triggered.  All widgets were invalidated
[2025.05.24-13.48.18:929][710]LogPlayLevel: Display: Shutting down PIE online subsystems
[2025.05.24-13.48.18:939][710]LogSlate: InvalidateAllWidgets triggered.  All widgets were invalidated
[2025.05.24-13.48.18:983][710]LogAudio: Display: Audio Device unregistered from world 'None'.
[2025.05.24-13.48.18:983][710]LogResonanceAudio: Display: Resonance Audio Listener is shutdown
[2025.05.24-13.48.18:983][710]LogAudioMixer: FMixerPlatformXAudio2::StopAudioStream() called
[2025.05.24-13.48.18:985][710]LogAudioMixer: FMixerPlatformXAudio2::StopAudioStream() called
[2025.05.24-13.48.18:988][710]LogSlate: Updating window title bar state: overlay mode, drag disabled, window buttons hidden, title bar hidden
[2025.05.24-13.48.18:992][710]LogUObjectHash: Compacting FUObjectHashTables data took   3.01ms
[2025.05.24-13.48.19:018][711]LogPlayLevel: Display: Destroying online subsystem :Context_41
[2025.05.24-13.48.59:423][127]LogUObjectHash: Compacting FUObjectHashTables data took   3.37ms
[2025.05.24-13.48.59:438][127]LogSavePackage: Moving '../../../../../../Users/AlisaDI/Documents/MephiTasks/UnrealProject/Saved/VRTemplateMap_Auto401C0097646064BE76740D09C6EEE2E68.tmp' to '../../../../../../Users/AlisaDI/Documents/MephiTasks/UnrealProject/Saved/Autosaves/Game/VRTemplate/Maps/VRTemplateMap_Auto4.umap'
[2025.05.24-13.48.59:439][127]LogFileHelpers: Editor autosave (incl. external actors) for '/Game/VRTemplate/Maps/VRTemplateMap' took 0.066
[2025.05.24-13.48.59:439][127]LogFileHelpers: Editor autosave (incl. sublevels & external actors) for all levels took 0.066
[2025.05.24-13.49.37:964][432]BlueprintLog: New page: Compile BP_test_menu
[2025.05.24-13.49.37:975][432]LogBlueprintUserMessages: [BP_test_menu_C_1] Hello
[2025.05.24-13.49.37:976][432]LogBlueprintUserMessages: [BP_test_menu_C_1] Hello
[2025.05.24-13.49.38:038][432]LogUObjectHash: Compacting FUObjectHashTables data took   3.49ms
[2025.05.24-13.49.38:277][443]Cmd: OBJ SAVEPACKAGE PACKAGE="/Game/Andrey/Menu/BP_test_menu" FILE="../../../../../../Users/AlisaDI/Documents/MephiTasks/UnrealProject/Content/Andrey/Menu/BP_test_menu.uasset" SILENT=true
[2025.05.24-13.49.38:293][443]LogSavePackage: Moving '../../../../../../Users/AlisaDI/Documents/MephiTasks/UnrealProject/Saved/BP_test_menu3F321E264232BA1C6B5B29AC1AB00907.tmp' to '../../../../../../Users/AlisaDI/Documents/MephiTasks/UnrealProject/Content/Andrey/Menu/BP_test_menu.uasset'
[2025.05.24-13.49.38:312][443]AssetCheck: New page: Asset Save: BP_test_menu
[2025.05.24-13.49.38:312][443]LogContentValidation: Display: Validating Blueprint /Game/Andrey/Menu/BP_test_menu.BP_test_menu
[2025.05.24-13.49.39:584][520]LogTemp: Repeating last play command: Simulate
[2025.05.24-13.49.39:588][520]LogPlayLevel: PlayLevel: No blueprints needed recompiling
[2025.05.24-13.49.39:589][520]PIE: New page: SIE session: VRTemplateMap (24 мая 2025 г., 19:49:39)
[2025.05.24-13.49.39:589][520]LogPlayLevel: Creating play world package: /Game/VRTemplate/Maps/UEDPIE_0_VRTemplateMap
[2025.05.24-13.49.39:593][520]LogPlayLevel: PIE: StaticDuplicateObject took: (0.004014s)
[2025.05.24-13.49.39:593][520]LogAIModule: Creating AISystem for world VRTemplateMap
[2025.05.24-13.49.39:594][520]LogPlayLevel: PIE: World Init took: (0.000976s)
[2025.05.24-13.49.39:594][520]LogPlayLevel: PIE: Created PIE world by copying editor world from /Game/VRTemplate/Maps/VRTemplateMap.VRTemplateMap to /Game/VRTemplate/Maps/UEDPIE_0_VRTemplateMap.VRTemplateMap (0.005112s)
[2025.05.24-13.49.39:638][520]LogUObjectHash: Compacting FUObjectHashTables data took   4.28ms
[2025.05.24-13.49.39:640][520]LogAudio: Display: Creating Audio Device:                 Id: 31, Scope: Unique, Realtime: True
[2025.05.24-13.49.39:640][520]LogAudioMixer: Display: Audio Mixer Platform Settings:
[2025.05.24-13.49.39:640][520]LogAudioMixer: Display: 	Sample Rate:						  48000
[2025.05.24-13.49.39:640][520]LogAudioMixer: Display: 	Callback Buffer Frame Size Requested: 1024
[2025.05.24-13.49.39:640][520]LogAudioMixer: Display: 	Callback Buffer Frame Size To Use:	  1024
[2025.05.24-13.49.39:640][520]LogAudioMixer: Display: 	Number of buffers to queue:			  1
[2025.05.24-13.49.39:640][520]LogAudioMixer: Display: 	Max Channels (voices):				  0
[2025.05.24-13.49.39:640][520]LogAudioMixer: Display: 	Number of Async Source Workers:		  4
[2025.05.24-13.49.39:640][520]LogAudio: Display: AudioDevice MaxSources: 32
[2025.05.24-13.49.39:640][520]LogAudio: Display: Audio Spatialization Plugin: Resonance Audio is external send: 1
[2025.05.24-13.49.39:640][520]LogAudio: Display: Audio Reverb Plugin: Resonance Audio
[2025.05.24-13.49.39:640][520]LogAudio: Display: Audio Occlusion Plugin: None (built-in).
[2025.05.24-13.49.39:640][520]LogAudioMixer: Display: Initializing audio mixer.
[2025.05.24-13.49.39:644][520]LogAudioMixer: Display: 0: FrontLeft
[2025.05.24-13.49.39:644][520]LogAudioMixer: Display: 1: FrontRight
[2025.05.24-13.49.39:680][520]LogAudioMixer: Display: Using Audio Device Динамики (Realtek(R) Audio)
[2025.05.24-13.49.39:680][520]LogAudioMixer: Display: Initializing Sound Submixes...
[2025.05.24-13.49.39:680][520]LogAudioMixer: Display: Creating Master Submix 'MasterSubmixDefault'
[2025.05.24-13.49.39:680][520]LogAudioMixer: Display: Creating Master Submix 'MasterReverbSubmixDefault'
[2025.05.24-13.49.39:680][520]LogAudioMixer: Display: Creating Master Submix 'MasterEQSubmixDefault'
[2025.05.24-13.49.39:680][520]LogAudioMixer: FMixerPlatformXAudio2::StartAudioStream() called
[2025.05.24-13.49.39:680][520]LogAudioMixer: Display: Output buffers initialized: Frames=1024, Channels=2, Samples=2048
[2025.05.24-13.49.39:681][520]LogAudioMixer: Display: Starting AudioMixerPlatformInterface::RunInternal()
[2025.05.24-13.49.39:681][520]LogAudioMixer: Display: FMixerPlatformXAudio2::SubmitBuffer() called for the first time
[2025.05.24-13.49.39:681][520]LogInit: FAudioDevice initialized.
[2025.05.24-13.49.39:681][520]LogAudio: Display: Audio Device (ID: 31) registered with world 'VRTemplateMap'.
[2025.05.24-13.49.39:691][520]LogLoad: Game class is 'VRGameMode_C'
[2025.05.24-13.49.39:693][520]LogWorld: Bringing World /Game/VRTemplate/Maps/UEDPIE_0_VRTemplateMap.VRTemplateMap up for play (max tick rate 60) at 2025.05.24-16.49.39
[2025.05.24-13.49.39:693][520]LogWorld: Bringing up level for play took: 0.001097
[2025.05.24-13.49.39:693][520]LogOnline: OSS: Creating online subsystem instance for: :Context_42
[2025.05.24-13.49.39:695][520]LogSpawn: Warning: SpawnActor failed because no class was specified
[2025.05.24-13.49.39:696][520]PIE: Server logged in
[2025.05.24-13.49.39:697][520]PIE: Play in editor total start time 0,109 seconds.
[2025.05.24-13.49.39:710][520]LogResonanceAudio: Display: Resonance Audio Listener is initialized
[2025.05.24-13.49.44:731][821]LogBlueprintUserMessages: [WD_Menu_C_1] Неверно задано количество деталей
[2025.05.24-13.49.48:380][ 40]LogBlueprintUserMessages: [BP_test_menu_3] Hello
[2025.05.24-13.49.52:766][303]LogEditorViewport: Clicking on Actor (LMB): BP_Detalka_C (BP_Detalka)
[2025.05.24-13.49.58:782][663]LogSlate: Updating window title bar state: overlay mode, drag disabled, window buttons hidden, title bar hidden
[2025.05.24-13.49.58:782][663]LogWorld: BeginTearingDown for /Game/VRTemplate/Maps/UEDPIE_0_VRTemplateMap
[2025.05.24-13.49.58:783][663]LogWorld: UWorld::CleanupWorld for VRTemplateMap, bSessionEnded=true, bCleanupResources=true
[2025.05.24-13.49.58:783][663]LogSlate: InvalidateAllWidgets triggered.  All widgets were invalidated
[2025.05.24-13.49.58:793][663]LogPlayLevel: Display: Shutting down PIE online subsystems
[2025.05.24-13.49.58:799][663]LogSlate: InvalidateAllWidgets triggered.  All widgets were invalidated
[2025.05.24-13.49.58:842][663]LogAudio: Display: Audio Device unregistered from world 'None'.
[2025.05.24-13.49.58:843][663]LogResonanceAudio: Display: Resonance Audio Listener is shutdown
[2025.05.24-13.49.58:843][663]LogAudioMixer: FMixerPlatformXAudio2::StopAudioStream() called
[2025.05.24-13.49.58:844][663]LogAudioMixer: FMixerPlatformXAudio2::StopAudioStream() called
[2025.05.24-13.49.58:847][663]LogSlate: Updating window title bar state: overlay mode, drag disabled, window buttons hidden, title bar hidden
[2025.05.24-13.49.58:852][663]LogUObjectHash: Compacting FUObjectHashTables data took   3.37ms
[2025.05.24-13.49.58:892][665]LogPlayLevel: Display: Destroying online subsystem :Context_42
[2025.05.24-13.52.10:000][424]BlueprintLog: New page: Compile BP_test_menu_2
[2025.05.24-13.52.10:003][424]LogBlueprint: Warning: [AssetLog] C:\Users\AlisaDI\Documents\MephiTasks\UnrealProject\Content\Andrey\Menu\BP_test_menu_2.uasset: [Compiler] Could not find a variable named "ZeroOfSet" in 'BP_test_menu_2_C'.
Make sure 'BP_test_menu_2_C' has been compiled for  Get ZeroOfSet
[2025.05.24-13.52.10:003][424]LogBlueprint: Warning: [AssetLog] C:\Users\AlisaDI\Documents\MephiTasks\UnrealProject\Content\Andrey\Menu\BP_test_menu_2.uasset: [Compiler] Could not find a variable named "Spacing" in 'BP_test_menu_2_C'.
Make sure 'BP_test_menu_2_C' has been compiled for  Get Spacing
[2025.05.24-13.52.10:003][424]LogBlueprint: Warning: [AssetLog] C:\Users\AlisaDI\Documents\MephiTasks\UnrealProject\Content\Andrey\Menu\BP_test_menu_2.uasset: [Compiler] Could not find a variable named "NumberOfPrints" in 'BP_test_menu_2_C'.
Make sure 'BP_test_menu_2_C' has been compiled for  Get NumberOfPrints
[2025.05.24-13.52.10:003][424]LogBlueprint: Warning: [AssetLog] C:\Users\AlisaDI\Documents\MephiTasks\UnrealProject\Content\Andrey\Menu\BP_test_menu_2.uasset: [Compiler] Could not find a variable named "NumberOfPrints" in 'BP_test_menu_2_C'.
Make sure 'BP_test_menu_2_C' has been compiled for  Set NumberOfPrints
[2025.05.24-13.52.10:005][424]LogBlueprint: Error: [AssetLog] C:\Users\AlisaDI\Documents\MephiTasks\UnrealProject\Content\Andrey\Menu\BP_test_menu_2.uasset: [Compiler] The property associated with  Zero Of Set  could not be found in '/Game/Andrey/Menu/BP_test_menu_2.BP_test_menu_2_C'
[2025.05.24-13.52.10:005][424]LogBlueprint: Error: [AssetLog] C:\Users\AlisaDI\Documents\MephiTasks\UnrealProject\Content\Andrey\Menu\BP_test_menu_2.uasset: [Compiler] The property associated with  Number Of Prints  could not be found in '/Game/Andrey/Menu/BP_test_menu_2.BP_test_menu_2_C'
[2025.05.24-13.52.10:005][424]LogBlueprint: Error: [AssetLog] C:\Users\AlisaDI\Documents\MephiTasks\UnrealProject\Content\Andrey\Menu\BP_test_menu_2.uasset: [Compiler] The property associated with  Number Of Prints  could not be found in '/Game/Andrey/Menu/BP_test_menu_2.BP_test_menu_2_C'
[2025.05.24-13.52.10:005][424]LogBlueprint: Error: [AssetLog] C:\Users\AlisaDI\Documents\MephiTasks\UnrealProject\Content\Andrey\Menu\BP_test_menu_2.uasset: [Compiler] The property associated with  Spacing  could not be found in '/Game/Andrey/Menu/BP_test_menu_2.BP_test_menu_2_C'
[2025.05.24-13.52.10:077][424]LogUObjectHash: Compacting FUObjectHashTables data took   3.75ms
[2025.05.24-13.52.16:352][798]BlueprintLog: New page: Compile BP_test_menu_2
[2025.05.24-13.52.16:355][798]LogBlueprint: Warning: [AssetLog] C:\Users\AlisaDI\Documents\MephiTasks\UnrealProject\Content\Andrey\Menu\BP_test_menu_2.uasset: [Compiler] Could not find a variable named "ZeroOfSet" in 'BP_test_menu_2_C'.
Make sure 'BP_test_menu_2_C' has been compiled for  Get ZeroOfSet
[2025.05.24-13.52.16:355][798]LogBlueprint: Warning: [AssetLog] C:\Users\AlisaDI\Documents\MephiTasks\UnrealProject\Content\Andrey\Menu\BP_test_menu_2.uasset: [Compiler] Could not find a variable named "Spacing" in 'BP_test_menu_2_C'.
Make sure 'BP_test_menu_2_C' has been compiled for  Get Spacing
[2025.05.24-13.52.16:356][798]LogBlueprint: Error: [AssetLog] C:\Users\AlisaDI\Documents\MephiTasks\UnrealProject\Content\Andrey\Menu\BP_test_menu_2.uasset: [Compiler] The property associated with  Zero Of Set  could not be found in '/Game/Andrey/Menu/BP_test_menu_2.BP_test_menu_2_C'
[2025.05.24-13.52.16:356][798]LogBlueprint: Error: [AssetLog] C:\Users\AlisaDI\Documents\MephiTasks\UnrealProject\Content\Andrey\Menu\BP_test_menu_2.uasset: [Compiler] The property associated with  Spacing  could not be found in '/Game/Andrey/Menu/BP_test_menu_2.BP_test_menu_2_C'
[2025.05.24-13.52.16:427][798]LogUObjectHash: Compacting FUObjectHashTables data took   4.11ms
[2025.05.24-13.52.20:909][ 64]BlueprintLog: New page: Compile BP_test_menu_2
[2025.05.24-13.52.20:912][ 64]LogBlueprint: Warning: [AssetLog] C:\Users\AlisaDI\Documents\MephiTasks\UnrealProject\Content\Andrey\Menu\BP_test_menu_2.uasset: [Compiler] Could not find a variable named "ZeroOfSet" in 'BP_test_menu_2_C'.
Make sure 'BP_test_menu_2_C' has been compiled for  Get ZeroOfSet
[2025.05.24-13.52.20:913][ 64]LogBlueprint: Error: [AssetLog] C:\Users\AlisaDI\Documents\MephiTasks\UnrealProject\Content\Andrey\Menu\BP_test_menu_2.uasset: [Compiler] The property associated with  Zero Of Set  could not be found in '/Game/Andrey/Menu/BP_test_menu_2.BP_test_menu_2_C'
[2025.05.24-13.52.20:987][ 64]LogUObjectHash: Compacting FUObjectHashTables data took   4.86ms
[2025.05.24-13.52.35:875][954]BlueprintLog: New page: Compile BP_test_menu_2
[2025.05.24-13.52.35:956][954]LogUObjectHash: Compacting FUObjectHashTables data took   4.56ms
[2025.05.24-13.52.37:187][ 25]Cmd: OBJ SAVEPACKAGE PACKAGE="/Game/Andrey/Menu/BP_test_menu_2" FILE="../../../../../../Users/AlisaDI/Documents/MephiTasks/UnrealProject/Content/Andrey/Menu/BP_test_menu_2.uasset" SILENT=true
[2025.05.24-13.52.37:204][ 25]LogSavePackage: Moving '../../../../../../Users/AlisaDI/Documents/MephiTasks/UnrealProject/Saved/BP_test_menu_2A693F482435447D8F4A49C8BFDA351A1.tmp' to '../../../../../../Users/AlisaDI/Documents/MephiTasks/UnrealProject/Content/Andrey/Menu/BP_test_menu_2.uasset'
[2025.05.24-13.52.37:226][ 25]AssetCheck: New page: Asset Save: BP_test_menu_2
[2025.05.24-13.52.37:226][ 25]LogContentValidation: Display: Validating Blueprint /Game/Andrey/Menu/BP_test_menu_2.BP_test_menu_2
[2025.05.24-13.52.39:869][183]BlueprintLog: New page: Compile BP_test_menu_2
[2025.05.24-13.52.39:949][183]LogUObjectHash: Compacting FUObjectHashTables data took   4.01ms
[2025.05.24-13.52.40:746][229]Cmd: OBJ SAVEPACKAGE PACKAGE="/Game/Andrey/Menu/BP_test_menu_2" FILE="../../../../../../Users/AlisaDI/Documents/MephiTasks/UnrealProject/Content/Andrey/Menu/BP_test_menu_2.uasset" SILENT=true
[2025.05.24-13.52.40:757][229]LogSavePackage: Moving '../../../../../../Users/AlisaDI/Documents/MephiTasks/UnrealProject/Saved/BP_test_menu_2F0A89AD74949510A6A302F837B84EFC1.tmp' to '../../../../../../Users/AlisaDI/Documents/MephiTasks/UnrealProject/Content/Andrey/Menu/BP_test_menu_2.uasset'
[2025.05.24-13.52.40:780][229]AssetCheck: New page: Asset Save: BP_test_menu_2
[2025.05.24-13.52.40:780][229]LogContentValidation: Display: Validating Blueprint /Game/Andrey/Menu/BP_test_menu_2.BP_test_menu_2
[2025.05.24-13.52.43:426][387]LogTemp: Repeating last play command: Simulate
[2025.05.24-13.52.43:430][387]LogPlayLevel: PlayLevel: No blueprints needed recompiling
[2025.05.24-13.52.43:430][387]PIE: New page: SIE session: VRTemplateMap (24 мая 2025 г., 19:52:43)
[2025.05.24-13.52.43:430][387]LogPlayLevel: Creating play world package: /Game/VRTemplate/Maps/UEDPIE_0_VRTemplateMap
[2025.05.24-13.52.43:434][387]LogPlayLevel: PIE: StaticDuplicateObject took: (0.003585s)
[2025.05.24-13.52.43:435][387]LogAIModule: Creating AISystem for world VRTemplateMap
[2025.05.24-13.52.43:435][387]LogPlayLevel: PIE: World Init took: (0.000978s)
[2025.05.24-13.52.43:435][387]LogPlayLevel: PIE: Created PIE world by copying editor world from /Game/VRTemplate/Maps/VRTemplateMap.VRTemplateMap to /Game/VRTemplate/Maps/UEDPIE_0_VRTemplateMap.VRTemplateMap (0.004666s)
[2025.05.24-13.52.43:484][387]LogUObjectHash: Compacting FUObjectHashTables data took   4.24ms
[2025.05.24-13.52.43:485][387]LogAudio: Display: Creating Audio Device:                 Id: 32, Scope: Unique, Realtime: True
[2025.05.24-13.52.43:485][387]LogAudioMixer: Display: Audio Mixer Platform Settings:
[2025.05.24-13.52.43:485][387]LogAudioMixer: Display: 	Sample Rate:						  48000
[2025.05.24-13.52.43:485][387]LogAudioMixer: Display: 	Callback Buffer Frame Size Requested: 1024
[2025.05.24-13.52.43:485][387]LogAudioMixer: Display: 	Callback Buffer Frame Size To Use:	  1024
[2025.05.24-13.52.43:485][387]LogAudioMixer: Display: 	Number of buffers to queue:			  1
[2025.05.24-13.52.43:485][387]LogAudioMixer: Display: 	Max Channels (voices):				  0
[2025.05.24-13.52.43:485][387]LogAudioMixer: Display: 	Number of Async Source Workers:		  4
[2025.05.24-13.52.43:485][387]LogAudio: Display: AudioDevice MaxSources: 32
[2025.05.24-13.52.43:485][387]LogAudio: Display: Audio Spatialization Plugin: Resonance Audio is external send: 1
[2025.05.24-13.52.43:485][387]LogAudio: Display: Audio Reverb Plugin: Resonance Audio
[2025.05.24-13.52.43:485][387]LogAudio: Display: Audio Occlusion Plugin: None (built-in).
[2025.05.24-13.52.43:485][387]LogAudioMixer: Display: Initializing audio mixer.
[2025.05.24-13.52.43:490][387]LogAudioMixer: Display: 0: FrontLeft
[2025.05.24-13.52.43:490][387]LogAudioMixer: Display: 1: FrontRight
[2025.05.24-13.52.43:530][387]LogAudioMixer: Display: Using Audio Device Динамики (Realtek(R) Audio)
[2025.05.24-13.52.43:530][387]LogAudioMixer: Display: Initializing Sound Submixes...
[2025.05.24-13.52.43:530][387]LogAudioMixer: Display: Creating Master Submix 'MasterSubmixDefault'
[2025.05.24-13.52.43:530][387]LogAudioMixer: Display: Creating Master Submix 'MasterReverbSubmixDefault'
[2025.05.24-13.52.43:531][387]LogAudioMixer: Display: Creating Master Submix 'MasterEQSubmixDefault'
[2025.05.24-13.52.43:531][387]LogAudioMixer: FMixerPlatformXAudio2::StartAudioStream() called
[2025.05.24-13.52.43:531][387]LogAudioMixer: Display: Output buffers initialized: Frames=1024, Channels=2, Samples=2048
[2025.05.24-13.52.43:532][387]LogAudioMixer: Display: Starting AudioMixerPlatformInterface::RunInternal()
[2025.05.24-13.52.43:532][387]LogAudioMixer: Display: FMixerPlatformXAudio2::SubmitBuffer() called for the first time
[2025.05.24-13.52.43:532][387]LogInit: FAudioDevice initialized.
[2025.05.24-13.52.43:532][387]LogAudio: Display: Audio Device (ID: 32) registered with world 'VRTemplateMap'.
[2025.05.24-13.52.43:543][387]LogLoad: Game class is 'VRGameMode_C'
[2025.05.24-13.52.43:545][387]LogWorld: Bringing World /Game/VRTemplate/Maps/UEDPIE_0_VRTemplateMap.VRTemplateMap up for play (max tick rate 60) at 2025.05.24-16.52.43
[2025.05.24-13.52.43:546][387]LogWorld: Bringing up level for play took: 0.001287
[2025.05.24-13.52.43:546][387]LogOnline: OSS: Creating online subsystem instance for: :Context_43
[2025.05.24-13.52.43:547][387]LogSpawn: Warning: SpawnActor failed because no class was specified
[2025.05.24-13.52.43:548][387]PIE: Server logged in
[2025.05.24-13.52.43:549][387]PIE: Play in editor total start time 0,12 seconds.
[2025.05.24-13.52.43:557][387]LogResonanceAudio: Display: Resonance Audio Listener is initialized
[2025.05.24-13.52.56:119][138]LogSlate: Updating window title bar state: overlay mode, drag disabled, window buttons hidden, title bar hidden
[2025.05.24-13.52.56:119][138]LogWorld: BeginTearingDown for /Game/VRTemplate/Maps/UEDPIE_0_VRTemplateMap
[2025.05.24-13.52.56:120][138]LogWorld: UWorld::CleanupWorld for VRTemplateMap, bSessionEnded=true, bCleanupResources=true
[2025.05.24-13.52.56:120][138]LogSlate: InvalidateAllWidgets triggered.  All widgets were invalidated
[2025.05.24-13.52.56:134][138]LogPlayLevel: Display: Shutting down PIE online subsystems
[2025.05.24-13.52.56:141][138]LogSlate: InvalidateAllWidgets triggered.  All widgets were invalidated
[2025.05.24-13.52.56:185][138]LogAudio: Display: Audio Device unregistered from world 'None'.
[2025.05.24-13.52.56:185][138]LogResonanceAudio: Display: Resonance Audio Listener is shutdown
[2025.05.24-13.52.56:185][138]LogAudioMixer: FMixerPlatformXAudio2::StopAudioStream() called
[2025.05.24-13.52.56:187][138]LogAudioMixer: FMixerPlatformXAudio2::StopAudioStream() called
[2025.05.24-13.52.56:192][138]LogSlate: Updating window title bar state: overlay mode, drag disabled, window buttons hidden, title bar hidden
[2025.05.24-13.52.56:196][138]LogUObjectHash: Compacting FUObjectHashTables data took   3.16ms
[2025.05.24-13.52.56:216][139]LogPlayLevel: Display: Destroying online subsystem :Context_43
[2025.05.24-13.53.08:616][873]LogWorld: UWorld::CleanupWorld for World_11, bSessionEnded=true, bCleanupResources=true
[2025.05.24-13.53.08:616][873]LogSlate: InvalidateAllWidgets triggered.  All widgets were invalidated
[2025.05.24-13.53.16:644][352]LogEditorViewport: Clicking on Actor (LMB): StaticMeshActor (SM_Factory2)
[2025.05.24-13.53.17:231][385]LogEditorViewport: Clicking on Actor (LMB): StaticMeshActor (SM_Factory3)
[2025.05.24-13.53.17:821][419]LogEditorViewport: Clicking on Actor (LMB): StaticMeshActor (SM_Factory2)
[2025.05.24-13.53.27:628][  6]Cmd: SELECT NONE
[2025.05.24-13.59.31:565][648]LogUObjectHash: Compacting FUObjectHashTables data took   5.37ms
[2025.05.24-13.59.31:582][648]LogSavePackage: Moving '../../../../../../Users/AlisaDI/Documents/MephiTasks/UnrealProject/Saved/VRTemplateMap_Auto52063B7FE4D0F38AF14CDCD918539798A.tmp' to '../../../../../../Users/AlisaDI/Documents/MephiTasks/UnrealProject/Saved/Autosaves/Game/VRTemplate/Maps/VRTemplateMap_Auto5.umap'
[2025.05.24-13.59.31:584][648]LogFileHelpers: Editor autosave (incl. external actors) for '/Game/VRTemplate/Maps/VRTemplateMap' took 0.067
[2025.05.24-13.59.31:584][648]LogFileHelpers: Editor autosave (incl. sublevels & external actors) for all levels took 0.067
[2025.05.24-13.59.31:584][648]OBJ SavePackage: Generating thumbnails for [1] asset(s) in package [/Game/Andrey/Menu/BP_test_menu] ([2] browsable assets)...
[2025.05.24-13.59.31:584][648]OBJ SavePackage: Finished generating thumbnails for package [/Game/Andrey/Menu/BP_test_menu]
[2025.05.24-13.59.31:602][648]LogSavePackage: Moving '../../../../../../Users/AlisaDI/Documents/MephiTasks/UnrealProject/Saved/BP_test_menu_Auto57BA15DE6487DAD2AFCA720A94C9AA043.tmp' to '../../../../../../Users/AlisaDI/Documents/MephiTasks/UnrealProject/Saved/Autosaves/Game/Andrey/Menu/BP_test_menu_Auto5.uasset'
[2025.05.24-13.59.31:603][648]LogFileHelpers: Auto-saving content packages took 0.019
[2025.05.24-14.01.56:489][ 81]LogWindowsTextInputMethodSystem: Display: IME system deactivated.
[2025.05.24-14.01.56:489][ 81]LogWindowsTextInputMethodSystem: Display: IME system deactivated.
[2025.05.24-14.02.03:955][520]LogEditorViewport: Clicking on Actor (LMB): StaticMeshActor (SM_Factory3)
[2025.05.24-14.02.04:146][530]LogEditorViewport: Clicking on Actor (context menu): StaticMeshActor (SM_Factory3)
[2025.05.24-14.02.19:421][432]LogUObjectHash: Compacting FUObjectHashTables data took   3.57ms
[2025.05.24-14.02.20:458][432]LogSlate: Window 'Delete Assets' being destroyed
[2025.05.24-14.02.20:570][432]LogUObjectHash: Compacting FUObjectHashTables data took   2.70ms
[2025.05.24-14.02.20:627][432]LogUObjectHash: Compacting FUObjectHashTables data took   2.84ms
[2025.05.24-14.02.20:669][432]LogUObjectHash: Compacting FUObjectHashTables data took   1.00ms
[2025.05.24-14.03.22:981][826]LogFactory: FactoryCreateFile: StaticMesh with FbxFactory (0 0 ../../../../../../Users/AlisaDI/Desktop/FBX/3D_Printer/3D-Printer.fbx)
[2025.05.24-14.03.23:016][826]LogFbx: Loading FBX Scene from ../../../../../../Users/AlisaDI/Desktop/FBX/3D_Printer/3D-Printer.fbx
[2025.05.24-14.03.23:054][826]LogFbx: FBX Scene Loaded Succesfully
[2025.05.24-14.03.26:276][826]LogSlate: Window 'FBX Import Options' being destroyed
[2025.05.24-14.03.26:367][826]LogStaticMesh: Building static mesh 3D-Printer...
[2025.05.24-14.03.26:558][826]LogStaticMesh: Built static mesh [0.19s] /Game/Resources/Meshes/3D-Printer.3D-Printer
[2025.05.24-14.06.34:440][998]LogSlate: Window 'Message' being destroyed
[2025.05.24-14.06.34:444][998]Message dialog closed, result: Yes, title: Message, text: Do you want to overwrite the existing asset?

An asset already exists at the import location: /Game/Resources/Meshes/3D-Printer
[2025.05.24-14.06.34:447][998]LogFactory: FactoryCreateFile: StaticMesh with FbxFactory (0 0 ../../../../../../Users/AlisaDI/Desktop/3D-Printer.fbx)
[2025.05.24-14.06.34:458][998]LogEditorFactories: Performing atomic reimport of [C:/Users/AlisaDI/Desktop/3D-Printer.fbx]
[2025.05.24-14.06.34:468][998]LogFbx: Loading FBX Scene from C:/Users/AlisaDI/Desktop/3D-Printer.fbx
[2025.05.24-14.06.34:503][998]LogFbx: FBX Scene Loaded Succesfully
[2025.05.24-14.06.34:672][998]LogStaticMesh: Building static mesh 3D-Printer...
[2025.05.24-14.06.34:865][998]LogStaticMesh: Built static mesh [0.19s] /Game/Resources/Meshes/3D-Printer.3D-Printer
[2025.05.24-14.06.34:950][998]LogEditorFactories: -- imported successfully
[2025.05.24-14.06.37:148][109]LogActorFactory: Actor Factory created 3D-Printer
[2025.05.24-14.08.45:456][475]LogUObjectHash: Compacting FUObjectHashTables data took   4.26ms
[2025.05.24-14.08.47:312][475]LogSlate: Window 'Delete Assets' being destroyed
[2025.05.24-14.08.47:429][475]LogUObjectGlobals: Force Deleting 1 Package(s):
	Asset Name: /Game/Resources/Meshes/SM_Factory.SM_Factory
[2025.05.24-14.08.48:282][475]LogUObjectHash: Compacting FUObjectHashTables data took   2.47ms
[2025.05.24-14.08.48:328][475]LogUObjectHash: Compacting FUObjectHashTables data took   2.63ms
[2025.05.24-14.08.48:367][475]LogUObjectHash: Compacting FUObjectHashTables data took   0.78ms
[2025.05.24-14.08.58:743][ 85]LogUObjectHash: Compacting FUObjectHashTables data took   2.86ms
[2025.05.24-14.09.00:310][ 85]LogSlate: Window 'Delete Assets' being destroyed
[2025.05.24-14.09.00:406][ 85]LogUObjectHash: Compacting FUObjectHashTables data took   2.94ms
[2025.05.24-14.09.06:560][230]LogFactory: FactoryCreateFile: StaticMesh with FbxFactory (0 0 ../../../../../../Users/AlisaDI/Desktop/3D-Printer.fbx)
[2025.05.24-14.09.06:572][230]LogFbx: Loading FBX Scene from ../../../../../../Users/AlisaDI/Desktop/3D-Printer.fbx
[2025.05.24-14.09.06:605][230]LogFbx: FBX Scene Loaded Succesfully
[2025.05.24-14.09.07:999][230]LogSlate: Window 'FBX Import Options' being destroyed
[2025.05.24-14.09.08:024][230]LogFbx: Valid bind pose for Pose (Cube.001) - Printer
[2025.05.24-14.09.08:051][230]LogFbx: Warning: Bones digested - 5  Depth of hierarchy - 4
[2025.05.24-14.09.08:504][230]LogSkeletalMesh: Section 0: Material=0, 18182 triangles
[2025.05.24-14.09.08:509][230]LogSkeletalMesh: Building Skeletal Mesh 3D-Printer...
[2025.05.24-14.09.08:903][230]LogSkeletalMesh: Section 0: Material=0, 18182 triangles
[2025.05.24-14.09.08:929][230]LogSkeletalMesh: Built Skeletal Mesh [0.42s] /Game/Resources/Meshes/3D-Printer.3D-Printer
[2025.05.24-14.09.08:943][230]LogSkeletalMesh: USkeletalMeshComponent::InitArticulated : Could not find root physics body: '/Engine/Transient.World_30:PersistentLevel.SkeletalMeshActor_0.SkeletalMeshComponent0'
[2025.05.24-14.09.08:979][230]LogWorld: UWorld::CleanupWorld for World_30, bSessionEnded=true, bCleanupResources=true
[2025.05.24-14.09.08:979][230]LogSlate: InvalidateAllWidgets triggered.  All widgets were invalidated
[2025.05.24-14.09.08:993][230]LogWorld: UWorld::CleanupWorld for World_31, bSessionEnded=true, bCleanupResources=true
[2025.05.24-14.09.08:993][230]LogSlate: InvalidateAllWidgets triggered.  All widgets were invalidated
[2025.05.24-14.09.34:136][708]LogUObjectHash: Compacting FUObjectHashTables data took   2.60ms
[2025.05.24-14.09.34:155][708]LogSavePackage: Moving '../../../../../../Users/AlisaDI/Documents/MephiTasks/UnrealProject/Saved/VRTemplateMap_Auto6E26753FB4D3D58A4571A6C92E5558C1D.tmp' to '../../../../../../Users/AlisaDI/Documents/MephiTasks/UnrealProject/Saved/Autosaves/Game/VRTemplate/Maps/VRTemplateMap_Auto6.umap'
[2025.05.24-14.09.34:156][708]LogFileHelpers: Editor autosave (incl. external actors) for '/Game/VRTemplate/Maps/VRTemplateMap' took 0.066
[2025.05.24-14.09.34:156][708]LogFileHelpers: Editor autosave (incl. sublevels & external actors) for all levels took 0.066
[2025.05.24-14.09.34:156][708]OBJ SavePackage: Generating thumbnails for [1] asset(s) in package [/Game/Resources/Meshes/3D-Printer] ([1] browsable assets)...
[2025.05.24-14.09.34:164][708]OBJ SavePackage:     Rendered thumbnail for [SkeletalMesh /Game/Resources/Meshes/3D-Printer.3D-Printer]
[2025.05.24-14.09.34:164][708]OBJ SavePackage: Finished generating thumbnails for package [/Game/Resources/Meshes/3D-Printer]
[2025.05.24-14.09.34:207][708]LogSavePackage: Moving '../../../../../../Users/AlisaDI/Documents/MephiTasks/UnrealProject/Saved/3D-Printer_Auto6B408D3BD401B14A4E30E00B7CD6A98EC.tmp' to '../../../../../../Users/AlisaDI/Documents/MephiTasks/UnrealProject/Saved/Autosaves/Game/Resources/Meshes/3D-Printer_Auto6.uasset'
[2025.05.24-14.09.34:219][708]OBJ SavePackage: Generating thumbnails for [0] asset(s) in package [/Game/Resources/Meshes/3D-Printer_Skeleton] ([1] browsable assets)...
[2025.05.24-14.09.34:219][708]OBJ SavePackage: Finished generating thumbnails for package [/Game/Resources/Meshes/3D-Printer_Skeleton]
[2025.05.24-14.09.34:220][708]LogSavePackage: Moving '../../../../../../Users/AlisaDI/Documents/MephiTasks/UnrealProject/Saved/3D-Printer_Skeleton_Auto61F2A6DD746F38ECE831D1DBA24B6AB9B.tmp' to '../../../../../../Users/AlisaDI/Documents/MephiTasks/UnrealProject/Saved/Autosaves/Game/Resources/Meshes/3D-Printer_Skeleton_Auto6.uasset'
[2025.05.24-14.09.34:221][708]OBJ SavePackage: Generating thumbnails for [1] asset(s) in package [/Game/Resources/Meshes/3D-Printer_PhysicsAsset] ([1] browsable assets)...
[2025.05.24-14.09.34:231][708]OBJ SavePackage:     Rendered thumbnail for [PhysicsAsset /Game/Resources/Meshes/3D-Printer_PhysicsAsset.3D-Printer_PhysicsAsset]
[2025.05.24-14.09.34:231][708]OBJ SavePackage: Finished generating thumbnails for package [/Game/Resources/Meshes/3D-Printer_PhysicsAsset]
[2025.05.24-14.09.34:237][708]LogSavePackage: Moving '../../../../../../Users/AlisaDI/Documents/MephiTasks/UnrealProject/Saved/3D-Printer_PhysicsAsset_Auto6306689B64CD7184193D02EAD388CE8F0.tmp' to '../../../../../../Users/AlisaDI/Documents/MephiTasks/UnrealProject/Saved/Autosaves/Game/Resources/Meshes/3D-Printer_PhysicsAsset_Auto6.uasset'
[2025.05.24-14.09.34:237][708]LogFileHelpers: Auto-saving content packages took 0.082
[2025.05.24-14.15.39:272][585]BlueprintLog: New page: Compile BP_test_menu_2
[2025.05.24-14.15.39:350][585]LogUObjectHash: Compacting FUObjectHashTables data took   5.13ms
[2025.05.24-14.15.39:751][605]Cmd: OBJ SAVEPACKAGE PACKAGE="/Game/Andrey/Menu/BP_test_menu_2" FILE="../../../../../../Users/AlisaDI/Documents/MephiTasks/UnrealProject/Content/Andrey/Menu/BP_test_menu_2.uasset" SILENT=true
[2025.05.24-14.15.39:765][605]LogSavePackage: Moving '../../../../../../Users/AlisaDI/Documents/MephiTasks/UnrealProject/Saved/BP_test_menu_20AF69EAA4EA5E1245DCFE6A6A3FC57BA.tmp' to '../../../../../../Users/AlisaDI/Documents/MephiTasks/UnrealProject/Content/Andrey/Menu/BP_test_menu_2.uasset'
[2025.05.24-14.15.39:785][605]AssetCheck: New page: Asset Save: BP_test_menu_2
[2025.05.24-14.15.39:785][605]LogContentValidation: Display: Validating Blueprint /Game/Andrey/Menu/BP_test_menu_2.BP_test_menu_2
[2025.05.24-14.15.47:596][ 68]LogTemp: Repeating last play command: Simulate
[2025.05.24-14.15.47:601][ 68]LogPlayLevel: PlayLevel: No blueprints needed recompiling
[2025.05.24-14.15.47:601][ 68]PIE: New page: SIE session: VRTemplateMap (24 мая 2025 г., 20:15:47)
[2025.05.24-14.15.47:601][ 68]LogPlayLevel: Creating play world package: /Game/VRTemplate/Maps/UEDPIE_0_VRTemplateMap
[2025.05.24-14.15.47:605][ 68]LogPlayLevel: PIE: StaticDuplicateObject took: (0.003814s)
[2025.05.24-14.15.47:606][ 68]LogAIModule: Creating AISystem for world VRTemplateMap
[2025.05.24-14.15.47:606][ 68]LogPlayLevel: PIE: World Init took: (0.001043s)
[2025.05.24-14.15.47:606][ 68]LogPlayLevel: PIE: Created PIE world by copying editor world from /Game/VRTemplate/Maps/VRTemplateMap.VRTemplateMap to /Game/VRTemplate/Maps/UEDPIE_0_VRTemplateMap.VRTemplateMap (0.004977s)
[2025.05.24-14.15.47:651][ 68]LogUObjectHash: Compacting FUObjectHashTables data took   4.89ms
[2025.05.24-14.15.47:652][ 68]LogAudio: Display: Creating Audio Device:                 Id: 33, Scope: Unique, Realtime: True
[2025.05.24-14.15.47:652][ 68]LogAudioMixer: Display: Audio Mixer Platform Settings:
[2025.05.24-14.15.47:652][ 68]LogAudioMixer: Display: 	Sample Rate:						  48000
[2025.05.24-14.15.47:652][ 68]LogAudioMixer: Display: 	Callback Buffer Frame Size Requested: 1024
[2025.05.24-14.15.47:652][ 68]LogAudioMixer: Display: 	Callback Buffer Frame Size To Use:	  1024
[2025.05.24-14.15.47:652][ 68]LogAudioMixer: Display: 	Number of buffers to queue:			  1
[2025.05.24-14.15.47:652][ 68]LogAudioMixer: Display: 	Max Channels (voices):				  0
[2025.05.24-14.15.47:652][ 68]LogAudioMixer: Display: 	Number of Async Source Workers:		  4
[2025.05.24-14.15.47:652][ 68]LogAudio: Display: AudioDevice MaxSources: 32
[2025.05.24-14.15.47:652][ 68]LogAudio: Display: Audio Spatialization Plugin: Resonance Audio is external send: 1
[2025.05.24-14.15.47:653][ 68]LogAudio: Display: Audio Reverb Plugin: Resonance Audio
[2025.05.24-14.15.47:653][ 68]LogAudio: Display: Audio Occlusion Plugin: None (built-in).
[2025.05.24-14.15.47:653][ 68]LogAudioMixer: Display: Initializing audio mixer.
[2025.05.24-14.15.47:657][ 68]LogAudioMixer: Display: 0: FrontLeft
[2025.05.24-14.15.47:657][ 68]LogAudioMixer: Display: 1: FrontRight
[2025.05.24-14.15.47:705][ 68]LogAudioMixer: Display: Using Audio Device Динамики (Realtek(R) Audio)
[2025.05.24-14.15.47:705][ 68]LogAudioMixer: Display: Initializing Sound Submixes...
[2025.05.24-14.15.47:705][ 68]LogAudioMixer: Display: Creating Master Submix 'MasterSubmixDefault'
[2025.05.24-14.15.47:705][ 68]LogAudioMixer: Display: Creating Master Submix 'MasterReverbSubmixDefault'
[2025.05.24-14.15.47:705][ 68]LogAudioMixer: Display: Creating Master Submix 'MasterEQSubmixDefault'
[2025.05.24-14.15.47:705][ 68]LogAudioMixer: FMixerPlatformXAudio2::StartAudioStream() called
[2025.05.24-14.15.47:705][ 68]LogAudioMixer: Display: Output buffers initialized: Frames=1024, Channels=2, Samples=2048
[2025.05.24-14.15.47:707][ 68]LogAudioMixer: Display: Starting AudioMixerPlatformInterface::RunInternal()
[2025.05.24-14.15.47:707][ 68]LogAudioMixer: Display: FMixerPlatformXAudio2::SubmitBuffer() called for the first time
[2025.05.24-14.15.47:707][ 68]LogInit: FAudioDevice initialized.
[2025.05.24-14.15.47:707][ 68]LogAudio: Display: Audio Device (ID: 33) registered with world 'VRTemplateMap'.
[2025.05.24-14.15.47:715][ 68]LogLoad: Game class is 'VRGameMode_C'
[2025.05.24-14.15.47:716][ 68]LogWorld: Bringing World /Game/VRTemplate/Maps/UEDPIE_0_VRTemplateMap.VRTemplateMap up for play (max tick rate 60) at 2025.05.24-17.15.47
[2025.05.24-14.15.47:717][ 68]LogWorld: Bringing up level for play took: 0.001330
[2025.05.24-14.15.47:717][ 68]LogOnline: OSS: Creating online subsystem instance for: :Context_49
[2025.05.24-14.15.47:718][ 68]LogSpawn: Warning: SpawnActor failed because no class was specified
[2025.05.24-14.15.47:720][ 68]PIE: Server logged in
[2025.05.24-14.15.47:722][ 68]PIE: Play in editor total start time 0,122 seconds.
[2025.05.24-14.15.47:744][ 68]LogResonanceAudio: Display: Resonance Audio Listener is initialized
[2025.05.24-14.15.51:780][307]LogSlate: Updating window title bar state: overlay mode, drag disabled, window buttons hidden, title bar hidden
[2025.05.24-14.15.51:780][307]LogWorld: BeginTearingDown for /Game/VRTemplate/Maps/UEDPIE_0_VRTemplateMap
[2025.05.24-14.15.51:781][307]LogWorld: UWorld::CleanupWorld for VRTemplateMap, bSessionEnded=true, bCleanupResources=true
[2025.05.24-14.15.51:781][307]LogSlate: InvalidateAllWidgets triggered.  All widgets were invalidated
[2025.05.24-14.15.51:790][307]LogPlayLevel: Display: Shutting down PIE online subsystems
[2025.05.24-14.15.51:809][307]LogSlate: InvalidateAllWidgets triggered.  All widgets were invalidated
[2025.05.24-14.15.51:848][307]LogSlate: Updating window title bar state: overlay mode, drag disabled, window buttons hidden, title bar hidden
[2025.05.24-14.15.51:848][307]LogResonanceAudio: Display: Resonance Audio Listener is shutdown
[2025.05.24-14.15.51:848][307]LogAudioMixer: FMixerPlatformXAudio2::StopAudioStream() called
[2025.05.24-14.15.51:850][307]LogAudioMixer: FMixerPlatformXAudio2::StopAudioStream() called
[2025.05.24-14.15.51:859][307]LogUObjectHash: Compacting FUObjectHashTables data took   3.00ms
[2025.05.24-14.15.51:889][308]LogPlayLevel: Display: Destroying online subsystem :Context_49
[2025.05.24-14.15.59:073][732]LogAssetEditorSubsystem: Opening Asset editor for PhysicsAsset /Game/Resources/Meshes/3D-Printer_PhysicsAsset.3D-Printer_PhysicsAsset
[2025.05.24-14.15.59:108][732]LogNativeClassHierarchy: Verbose: Native class hierarchy updated for 'PhysicsAssetEditor' in 0.0004 seconds. Added 8 classes and 3 folders.
[2025.05.24-14.15.59:114][732]LogNativeClassHierarchy: Verbose: Native class hierarchy updated for 'SkeletonEditor' in 0.0003 seconds. Added 1 classes and 2 folders.
[2025.05.24-14.15.59:120][732]LogTexture: Default maximum texture size for cubemaps generated from long-lat sources has been changed from 512 to unlimited. In order to preserve old behaiour for '/Engine/EditorMaterials/AssetViewer/EpicQuadPanorama_CC+EV1.EpicQuadPanorama_CC+EV1', its maximum texture size has been explicitly set to 512.
[2025.05.24-14.15.59:220][732]LogTexture: Default maximum texture size for cubemaps generated from long-lat sources has been changed from 512 to unlimited. In order to preserve old behaiour for '/Engine/MapTemplates/Sky/SunsetAmbientCubemap.SunsetAmbientCubemap', its maximum texture size has been explicitly set to 512.
[2025.05.24-14.15.59:289][732]LogMaterial: Display: Missing cached shadermap for M_SkyBox in PCD3D_SM5, Default, SM5 (DDC key hash: E7E13E526F6710F627BB557C36BC8F637844AF14), compiling. 
[2025.05.24-14.15.59:294][732]LogShaderCompilers: Display: Submitted 6 shader compile jobs with 'Low' priority
[2025.05.24-14.15.59:304][732]LogShaderCompilers: Display: Worker (1/13): shaders left to compile 6
[2025.05.24-14.15.59:304][732]LogShaderCompilers: Display: Worker (2/13): shaders left to compile 5
[2025.05.24-14.15.59:304][732]LogShaderCompilers: Display: Worker (3/13): shaders left to compile 4
[2025.05.24-14.15.59:304][732]LogShaderCompilers: Display: Worker (4/13): shaders left to compile 3
[2025.05.24-14.15.59:304][732]LogShaderCompilers: Display: Worker (5/13): shaders left to compile 2
[2025.05.24-14.15.59:304][732]LogShaderCompilers: Display: Worker (6/13): shaders left to compile 1
[2025.05.24-14.15.59:304][732]LogShaderCompilers: Display: Started 6 'Local' shader compile jobs with 'Low' priority
[2025.05.24-14.15.59:321][732]LogActorComponent: RegisterComponentWithWorld: (/Engine/Transient.World_35:PersistentLevel.AnimationEditorPreviewActor_0.PhysicsAssetEditorSkeletalMeshComponent_0) Already registered. Aborting.
[2025.05.24-14.15.59:336][732]LogNativeClassHierarchy: Verbose: Native class hierarchy updated for 'PinnedCommandList' in 0.0006 seconds. Added 1 classes and 0 folders.
[2025.05.24-14.16.00:508][732]LogShaderCompilers: Display: === FShaderJobCache stats ===
[2025.05.24-14.16.00:508][732]LogShaderCompilers: Display: Total job queries 31, among them cache hits 0 (0.00%)
[2025.05.24-14.16.00:508][732]LogShaderCompilers: Display: Tracking 27 distinct input hashes that result in 23 distinct outputs (85.19%)
[2025.05.24-14.16.00:508][732]LogShaderCompilers: Display: RAM used: 0.42 MB (0.00 GB) of 1638.40 MB (1.60 GB) budget. Usage: 0.03%
[2025.05.24-14.16.00:508][732]LogShaderCompilers: Display: ================================================
[2025.05.24-14.16.00:592][733]LogRenderer: Reallocating scene render targets to support 1208x884 Format 10 NumSamples 4 (Frame:1).
[2025.05.24-14.19.38:640][783]LogUObjectHash: Compacting FUObjectHashTables data took   8.19ms
[2025.05.24-14.19.38:662][783]LogSavePackage: Moving '../../../../../../Users/AlisaDI/Documents/MephiTasks/UnrealProject/Saved/VRTemplateMap_Auto78C1C913D4511A140CED2598D3C7E1092.tmp' to '../../../../../../Users/AlisaDI/Documents/MephiTasks/UnrealProject/Saved/Autosaves/Game/VRTemplate/Maps/VRTemplateMap_Auto7.umap'
[2025.05.24-14.19.38:663][783]LogFileHelpers: Editor autosave (incl. external actors) for '/Game/VRTemplate/Maps/VRTemplateMap' took 0.078
[2025.05.24-14.19.38:663][783]LogFileHelpers: Editor autosave (incl. sublevels & external actors) for all levels took 0.078
[2025.05.24-14.28.30:603][936]LogUObjectHash: Compacting FUObjectHashTables data took   4.72ms
[2025.05.24-14.28.33:035][936]LogSlate: Window 'Delete Assets' being destroyed
[2025.05.24-14.28.33:314][936]LogWorld: UWorld::CleanupWorld for World_35, bSessionEnded=true, bCleanupResources=true
[2025.05.24-14.28.33:314][936]LogSlate: InvalidateAllWidgets triggered.  All widgets were invalidated
[2025.05.24-14.28.33:349][936]LogActorComponent: UnregisterComponent: (/Engine/Transient.EditorFloorComp) Not registered. Aborting.
[2025.05.24-14.28.33:349][936]LogWorld: UWorld::CleanupWorld for World_29, bSessionEnded=true, bCleanupResources=true
[2025.05.24-14.28.33:349][936]LogSlate: InvalidateAllWidgets triggered.  All widgets were invalidated
[2025.05.24-14.28.33:402][936]LogUObjectGlobals: Force Deleting 3 Package(s):
	Asset Name: /Game/Resources/Meshes/3D-Printer_PhysicsAsset.3D-Printer_PhysicsAsset
	Asset Name: /Game/Resources/Meshes/3D-Printer.3D-Printer
	Asset Name: /Game/Resources/Meshes/3D-Printer_Skeleton.3D-Printer_Skeleton
[2025.05.24-14.28.34:126][936]LogObjectTools: Warning: Detected inconsistencies between reference gathering algorithms. Switching 'Editor.UseLegacyGetReferencersForDeletion' on for the remainder of this editor session.
[2025.05.24-14.28.35:021][936]LogUObjectHash: Compacting FUObjectHashTables data took   4.73ms
[2025.05.24-14.28.40:469][ 32]LogFactory: FactoryCreateFile: StaticMesh with FbxFactory (0 0 ../../../../../../Users/AlisaDI/Desktop/3D-Printer.fbx)
[2025.05.24-14.28.40:561][ 32]LogFbx: Loading FBX Scene from ../../../../../../Users/AlisaDI/Desktop/3D-Printer.fbx
[2025.05.24-14.28.40:566][ 32]FBXImport: Warning: FBX Scene Loading Failed : 'File is corrupted 3D-Printer.fbx' 
[2025.05.24-14.28.40:566][ 32]FBXImport: Warning: Can't detect import type. No mesh is found or animation track. 
[2025.05.24-14.28.53:426][ 32]LogSlate: Window 'Message' being destroyed
[2025.05.24-14.28.53:431][ 32]Message dialog closed, result: Ok, title: Message, text: Failed to import '../../../../../../Users/AlisaDI/Desktop/3D-Printer.fbx'. Failed to create asset '/Game/Resources/Meshes/3D-Printer'.
Please see Output Log for details.
[2025.05.24-14.28.53:431][ 32]LogAssetTools: Warning: Failed to import '../../../../../../Users/AlisaDI/Desktop/3D-Printer.fbx'. Failed to create asset '/Game/Resources/Meshes/3D-Printer'.
Please see Output Log for details.
[2025.05.24-14.28.56:525][215]LogSlate: Window 'Message Log' being destroyed
[2025.05.24-14.28.56:532][215]LogSlate: Window 'Message Log' being destroyed
[2025.05.24-14.29.00:648][327]LogFactory: FactoryCreateFile: StaticMesh with FbxFactory (0 0 ../../../../../../Users/AlisaDI/Desktop/3D-Printer.fbx)
[2025.05.24-14.29.00:797][327]LogFbx: Loading FBX Scene from ../../../../../../Users/AlisaDI/Desktop/3D-Printer.fbx
[2025.05.24-14.29.00:802][327]FBXImport: Warning: FBX Scene Loading Failed : 'File is corrupted 3D-Printer.fbx' 
[2025.05.24-14.29.00:802][327]FBXImport: Warning: Can't detect import type. No mesh is found or animation track. 
[2025.05.24-14.29.02:441][327]LogSlate: Window 'Message' being destroyed
[2025.05.24-14.29.02:445][327]Message dialog closed, result: Cancel, title: Message, text: Failed to import '../../../../../../Users/AlisaDI/Desktop/3D-Printer.fbx'. Failed to create asset '/Game/Resources/Meshes/3D-Printer'.
Please see Output Log for details.
[2025.05.24-14.29.02:445][327]LogAssetTools: Warning: Failed to import '../../../../../../Users/AlisaDI/Desktop/3D-Printer.fbx'. Failed to create asset '/Game/Resources/Meshes/3D-Printer'.
Please see Output Log for details.
[2025.05.24-14.29.27:056][380]LogSlate: Window 'Message Log' being destroyed
[2025.05.24-14.29.27:060][380]LogSlate: Window 'Message Log' being destroyed
[2025.05.24-14.29.31:738][544]LogFactory: FactoryCreateFile: StaticMesh with FbxFactory (0 0 ../../../../../../Users/AlisaDI/Desktop/3D-Printer.fbx)
[2025.05.24-14.29.31:749][544]LogFbx: Loading FBX Scene from ../../../../../../Users/AlisaDI/Desktop/3D-Printer.fbx
[2025.05.24-14.29.31:754][544]FBXImport: Warning: FBX Scene Loading Failed : 'File is corrupted 3D-Printer.fbx' 
[2025.05.24-14.29.31:754][544]FBXImport: Warning: Can't detect import type. No mesh is found or animation track. 
[2025.05.24-14.29.32:854][544]LogSlate: Window 'Message' being destroyed
[2025.05.24-14.29.32:859][544]Message dialog closed, result: Cancel, title: Message, text: Failed to import '../../../../../../Users/AlisaDI/Desktop/3D-Printer.fbx'. Failed to create asset '/Game/Andrey/3D-Printer'.
Please see Output Log for details.
[2025.05.24-14.29.32:859][544]LogAssetTools: Warning: Failed to import '../../../../../../Users/AlisaDI/Desktop/3D-Printer.fbx'. Failed to create asset '/Game/Andrey/3D-Printer'.
Please see Output Log for details.
[2025.05.24-14.29.34:025][611]LogSlate: Window 'Message Log' being destroyed
[2025.05.24-14.29.34:030][611]LogSlate: Window 'Message Log' being destroyed
[2025.05.24-14.29.44:119][216]LogEditorViewport: Clicking on Actor (LMB): BP_menu_C (BP_menu2)
[2025.05.24-14.30.35:458][420]LogUObjectHash: Compacting FUObjectHashTables data took   4.53ms
[2025.05.24-14.30.35:487][420]LogSavePackage: Moving '../../../../../../Users/AlisaDI/Documents/MephiTasks/UnrealProject/Saved/VRTemplateMap_Auto8C54F66B24EECE1523916448A6FE4482F.tmp' to '../../../../../../Users/AlisaDI/Documents/MephiTasks/UnrealProject/Saved/Autosaves/Game/VRTemplate/Maps/VRTemplateMap_Auto8.umap'
[2025.05.24-14.30.35:488][420]LogFileHelpers: Editor autosave (incl. external actors) for '/Game/VRTemplate/Maps/VRTemplateMap' took 0.109
[2025.05.24-14.30.35:488][420]LogFileHelpers: Editor autosave (incl. sublevels & external actors) for all levels took 0.109
[2025.05.24-14.30.35:489][420]OBJ SavePackage: Generating thumbnails for [0] asset(s) in package [/Game/Andrey/Menu/BP_test_menu_2] ([2] browsable assets)...
[2025.05.24-14.30.35:489][420]OBJ SavePackage: Finished generating thumbnails for package [/Game/Andrey/Menu/BP_test_menu_2]
[2025.05.24-14.30.35:502][420]LogSavePackage: Moving '../../../../../../Users/AlisaDI/Documents/MephiTasks/UnrealProject/Saved/BP_test_menu_2_Auto89538D64F49ADD333EE0EEEA8AC9A2E65.tmp' to '../../../../../../Users/AlisaDI/Documents/MephiTasks/UnrealProject/Saved/Autosaves/Game/Andrey/Menu/BP_test_menu_2_Auto8.uasset'
[2025.05.24-14.30.35:503][420]LogFileHelpers: Auto-saving content packages took 0.015
[2025.05.24-14.32.20:241][734]LogWindowsTextInputMethodSystem: Display: IME system deactivated.
[2025.05.24-14.32.20:241][734]LogWindowsTextInputMethodSystem: Display: IME system deactivated.
[2025.05.24-14.32.29:243][842]LogFactory: FactoryCreateFile: StaticMesh with FbxFactory (0 0 ../../../../../../Users/AlisaDI/Desktop/3D-Printer_A.fbx)
[2025.05.24-14.32.29:256][842]LogFbx: Loading FBX Scene from ../../../../../../Users/AlisaDI/Desktop/3D-Printer_A.fbx
[2025.05.24-14.32.29:308][842]LogFbx: FBX Scene Loaded Succesfully
[2025.05.24-14.32.37:264][842]LogSlate: Window 'FBX Import Options' being destroyed
[2025.05.24-14.32.37:302][842]File is corrupted 3D-Printer.fbx
[2025.05.24-14.32.37:302][842]LogFbx: Valid bind pose for Pose (Cube.001) - Printer
[2025.05.24-14.32.37:329][842]LogFbx: Warning: Bones digested - 7  Depth of hierarchy - 5
[2025.05.24-14.32.37:806][842]LogSkeletalMesh: Section 0: Material=0, 18182 triangles
[2025.05.24-14.32.37:810][842]LogSkeletalMesh: Building Skeletal Mesh 3D-Printer_A...
[2025.05.24-14.32.38:237][842]LogSkeletalMesh: Section 0: Material=0, 18182 triangles
[2025.05.24-14.32.38:266][842]LogSkeletalMesh: Built Skeletal Mesh [0.46s] /Game/Resources/Meshes/3D-Printer_A.3D-Printer_A
[2025.05.24-14.32.38:279][842]LogSkeletalMesh: USkeletalMeshComponent::InitArticulated : Could not find root physics body: '/Engine/Transient.World_36:PersistentLevel.SkeletalMeshActor_0.SkeletalMeshComponent0'
[2025.05.24-14.32.38:279][842]LogWorld: UWorld::CleanupWorld for World_36, bSessionEnded=true, bCleanupResources=true
[2025.05.24-14.32.38:279][842]LogSlate: InvalidateAllWidgets triggered.  All widgets were invalidated
[2025.05.24-14.32.38:293][842]LogWorld: UWorld::CleanupWorld for World_37, bSessionEnded=true, bCleanupResources=true
[2025.05.24-14.32.38:293][842]LogSlate: InvalidateAllWidgets triggered.  All widgets were invalidated
[2025.05.24-14.32.38:304][842]LogFbx: SortedLinks :(0) Base
[2025.05.24-14.32.38:304][842]LogFbx: SortedLinks :(1) Bone_Y
[2025.05.24-14.32.38:304][842]LogFbx: SortedLinks :(2) Bone_Z
[2025.05.24-14.32.38:304][842]LogFbx: SortedLinks :(3) Bone_X
[2025.05.24-14.32.38:304][842]LogFbx: SortedLinks :(4) Bone_X_end
[2025.05.24-14.32.38:304][842]LogFbx: SortedLinks :(5) Control
[2025.05.24-14.32.38:304][842]LogFbx: SortedLinks :(6) Control_end
[2025.05.24-14.32.38:304][842]LogFbx: Parsing AnimStack Armature|Action
[2025.05.24-14.32.38:602][842]LogFbx: Warning: IMPORT TRANSFORM ERROR : Bone (Base:0) 
Source Global Transform (0.000000,0.000000,0.000000|-0.000014,0.000000,179.999985|100.000000,100.000000,100.000000), 
Converted Global Transform (0.000000,0.000000,0.000000|-0.000014,0.000000,180.000000|1.000000,1.000000,1.000000)
[2025.05.24-14.32.38:604][842]LogAnimationCompression: Building Anim DDC data for AnimSequence /Game/Resources/Meshes/3D-Printer_A_Anim.3D-Printer_A_Anim
[2025.05.24-14.32.38:642][842]FBXImport: Warning: The following bones are missing from the bind pose:
Bone_X_end  
Control_end  

This can happen for bones that are not vert weighted. If they are not in the correct orientation after importing,
please set the "Use T0 as ref pose" option or add them to the bind pose and reimport the skeletal mesh. 
[2025.05.24-14.32.38:642][842]FBXImport: Warning: Imported bone transform is different from original. Please check Output Log to see detail of error.  
[2025.05.24-14.32.40:589][948]LogSlate: Window 'Message Log' being destroyed
[2025.05.24-14.32.55:706][849]LogEditorViewport: Clicking on Actor (LMB): BP_menu_C (BP_menu2)
[2025.05.24-14.33.02:762][271]LogAssetEditorSubsystem: Opening Asset editor for Blueprint /Game/Andrey/Menu/BP_test_menu_2.BP_test_menu_2
[2025.05.24-14.33.25:665][612]BlueprintLog: New page: Compile BP_test_menu_2
[2025.05.24-14.33.25:738][612]LogUObjectHash: Compacting FUObjectHashTables data took   3.05ms
[2025.05.24-14.33.26:215][635]Cmd: OBJ SAVEPACKAGE PACKAGE="/Game/Andrey/Menu/BP_test_menu_2" FILE="../../../../../../Users/AlisaDI/Documents/MephiTasks/UnrealProject/Content/Andrey/Menu/BP_test_menu_2.uasset" SILENT=true
[2025.05.24-14.33.26:229][635]LogSavePackage: Moving '../../../../../../Users/AlisaDI/Documents/MephiTasks/UnrealProject/Saved/BP_test_menu_25501668B4A2CDA7E08A5458159C1417D.tmp' to '../../../../../../Users/AlisaDI/Documents/MephiTasks/UnrealProject/Content/Andrey/Menu/BP_test_menu_2.uasset'
[2025.05.24-14.33.26:250][635]AssetCheck: New page: Asset Save: BP_test_menu_2
[2025.05.24-14.33.26:250][635]LogContentValidation: Display: Validating Blueprint /Game/Andrey/Menu/BP_test_menu_2.BP_test_menu_2
[2025.05.24-14.33.29:279][817]LogTemp: Repeating last play command: Simulate
[2025.05.24-14.33.29:285][817]LogPlayLevel: PlayLevel: No blueprints needed recompiling
[2025.05.24-14.33.29:285][817]PIE: New page: SIE session: VRTemplateMap (24 мая 2025 г., 20:33:29)
[2025.05.24-14.33.29:285][817]LogPlayLevel: Creating play world package: /Game/VRTemplate/Maps/UEDPIE_0_VRTemplateMap
[2025.05.24-14.33.29:289][817]LogPlayLevel: PIE: StaticDuplicateObject took: (0.003607s)
[2025.05.24-14.33.29:290][817]LogAIModule: Creating AISystem for world VRTemplateMap
[2025.05.24-14.33.29:290][817]LogPlayLevel: PIE: World Init took: (0.001066s)
[2025.05.24-14.33.29:290][817]LogPlayLevel: PIE: Created PIE world by copying editor world from /Game/VRTemplate/Maps/VRTemplateMap.VRTemplateMap to /Game/VRTemplate/Maps/UEDPIE_0_VRTemplateMap.VRTemplateMap (0.004790s)
[2025.05.24-14.33.29:336][817]LogUObjectHash: Compacting FUObjectHashTables data took   4.67ms
[2025.05.24-14.33.29:338][817]LogAudio: Display: Creating Audio Device:                 Id: 34, Scope: Unique, Realtime: True
[2025.05.24-14.33.29:338][817]LogAudioMixer: Display: Audio Mixer Platform Settings:
[2025.05.24-14.33.29:338][817]LogAudioMixer: Display: 	Sample Rate:						  48000
[2025.05.24-14.33.29:338][817]LogAudioMixer: Display: 	Callback Buffer Frame Size Requested: 1024
[2025.05.24-14.33.29:338][817]LogAudioMixer: Display: 	Callback Buffer Frame Size To Use:	  1024
[2025.05.24-14.33.29:338][817]LogAudioMixer: Display: 	Number of buffers to queue:			  1
[2025.05.24-14.33.29:338][817]LogAudioMixer: Display: 	Max Channels (voices):				  0
[2025.05.24-14.33.29:338][817]LogAudioMixer: Display: 	Number of Async Source Workers:		  4
[2025.05.24-14.33.29:338][817]LogAudio: Display: AudioDevice MaxSources: 32
[2025.05.24-14.33.29:339][817]LogAudio: Display: Audio Spatialization Plugin: Resonance Audio is external send: 1
[2025.05.24-14.33.29:339][817]LogAudio: Display: Audio Reverb Plugin: Resonance Audio
[2025.05.24-14.33.29:339][817]LogAudio: Display: Audio Occlusion Plugin: None (built-in).
[2025.05.24-14.33.29:339][817]LogAudioMixer: Display: Initializing audio mixer.
[2025.05.24-14.33.29:343][817]LogAudioMixer: Display: 0: FrontLeft
[2025.05.24-14.33.29:343][817]LogAudioMixer: Display: 1: FrontRight
[2025.05.24-14.33.29:383][817]LogAudioMixer: Display: Using Audio Device Динамики (Realtek(R) Audio)
[2025.05.24-14.33.29:383][817]LogAudioMixer: Display: Initializing Sound Submixes...
[2025.05.24-14.33.29:383][817]LogAudioMixer: Display: Creating Master Submix 'MasterSubmixDefault'
[2025.05.24-14.33.29:383][817]LogAudioMixer: Display: Creating Master Submix 'MasterReverbSubmixDefault'
[2025.05.24-14.33.29:383][817]LogAudioMixer: Display: Creating Master Submix 'MasterEQSubmixDefault'
[2025.05.24-14.33.29:384][817]LogAudioMixer: FMixerPlatformXAudio2::StartAudioStream() called
[2025.05.24-14.33.29:384][817]LogAudioMixer: Display: Output buffers initialized: Frames=1024, Channels=2, Samples=2048
[2025.05.24-14.33.29:384][817]LogAudioMixer: Display: Starting AudioMixerPlatformInterface::RunInternal()
[2025.05.24-14.33.29:384][817]LogAudioMixer: Display: FMixerPlatformXAudio2::SubmitBuffer() called for the first time
[2025.05.24-14.33.29:385][817]LogInit: FAudioDevice initialized.
[2025.05.24-14.33.29:385][817]LogAudio: Display: Audio Device (ID: 34) registered with world 'VRTemplateMap'.
[2025.05.24-14.33.29:390][817]LogLoad: Game class is 'VRGameMode_C'
[2025.05.24-14.33.29:391][817]LogWorld: Bringing World /Game/VRTemplate/Maps/UEDPIE_0_VRTemplateMap.VRTemplateMap up for play (max tick rate 60) at 2025.05.24-17.33.29
[2025.05.24-14.33.29:391][817]LogWorld: Bringing up level for play took: 0.001130
[2025.05.24-14.33.29:392][817]LogOnline: OSS: Creating online subsystem instance for: :Context_55
[2025.05.24-14.33.29:393][817]LogSpawn: Warning: SpawnActor failed because no class was specified
[2025.05.24-14.33.29:394][817]PIE: Server logged in
[2025.05.24-14.33.29:395][817]PIE: Play in editor total start time 0,111 seconds.
[2025.05.24-14.33.29:410][817]LogResonanceAudio: Display: Resonance Audio Listener is initialized
[2025.05.24-14.33.31:669][949]LogSlate: Updating window title bar state: overlay mode, drag disabled, window buttons hidden, title bar hidden
[2025.05.24-14.33.31:670][949]LogWorld: BeginTearingDown for /Game/VRTemplate/Maps/UEDPIE_0_VRTemplateMap
[2025.05.24-14.33.31:670][949]LogWorld: UWorld::CleanupWorld for VRTemplateMap, bSessionEnded=true, bCleanupResources=true
[2025.05.24-14.33.31:670][949]LogSlate: InvalidateAllWidgets triggered.  All widgets were invalidated
[2025.05.24-14.33.31:683][949]LogPlayLevel: Display: Shutting down PIE online subsystems
[2025.05.24-14.33.31:692][949]LogSlate: InvalidateAllWidgets triggered.  All widgets were invalidated
[2025.05.24-14.33.31:730][949]LogAudio: Display: Audio Device unregistered from world 'None'.
[2025.05.24-14.33.31:730][949]LogResonanceAudio: Display: Resonance Audio Listener is shutdown
[2025.05.24-14.33.31:730][949]LogAudioMixer: FMixerPlatformXAudio2::StopAudioStream() called
[2025.05.24-14.33.31:732][949]LogAudioMixer: FMixerPlatformXAudio2::StopAudioStream() called
[2025.05.24-14.33.31:736][949]LogSlate: Updating window title bar state: overlay mode, drag disabled, window buttons hidden, title bar hidden
[2025.05.24-14.33.31:741][949]LogUObjectHash: Compacting FUObjectHashTables data took   3.35ms
[2025.05.24-14.33.31:766][950]LogPlayLevel: Display: Destroying online subsystem :Context_55
[2025.05.24-14.33.42:845][606]LogAssetEditorSubsystem: Opening Asset editor for AnimSequence /Game/Resources/Meshes/3D-Printer_A_Anim.3D-Printer_A_Anim
[2025.05.24-14.33.42:869][606]LogActorComponent: RegisterComponentWithWorld: (/Engine/Transient.World_40:PersistentLevel.AnimationEditorPreviewActor_0.DebugSkelMeshComponent_0) Already registered. Aborting.
[2025.05.24-14.33.43:388][606]LogContentBrowser: Verbose: The majority of assets in the view are of type: AnimSequence
[2025.05.24-14.34.26:976][197]LogEditorTransaction: Undo Add Component
[2025.05.24-14.34.27:051][197]LogActorComponent: RegisterComponentWithWorld: (/Engine/Transient.World_40:PersistentLevel.AnimationEditorPreviewActor_0.DebugSkelMeshComponent_0) Already registered. Aborting.
[2025.05.24-14.34.38:695][800]Cmd: TRANSACTION UNDO
[2025.05.24-14.34.38:695][800]LogEditorTransaction: Undo Add Component
[2025.05.24-14.34.38:780][800]LogActorComponent: RegisterComponentWithWorld: (/Engine/Transient.World_40:PersistentLevel.AnimationEditorPreviewActor_0.DebugSkelMeshComponent_0) Already registered. Aborting.
[2025.05.24-14.34.40:099][859]LogActor: Warning: SetReplicates called on non-initialized actor SkeletalMeshActor_2. Directly setting bReplicates is the correct procedure for pre-init actors.
[2025.05.24-14.34.44:472][ 97]LogSlate: Window 'BP_test_menu_2' being destroyed
[2025.05.24-14.35.31:424][904]BlueprintLog: New page: Compile BP_test_menu_2
[2025.05.24-14.35.31:533][904]LogUObjectHash: Compacting FUObjectHashTables data took   6.75ms
[2025.05.24-14.35.45:656][745]BlueprintLog: New page: Compile BP_test_menu_2
[2025.05.24-14.35.45:742][745]LogUObjectHash: Compacting FUObjectHashTables data took   5.66ms
[2025.05.24-14.35.47:203][827]Cmd: OBJ SAVEPACKAGE PACKAGE="/Game/Andrey/Menu/BP_test_menu_2" FILE="../../../../../../Users/AlisaDI/Documents/MephiTasks/UnrealProject/Content/Andrey/Menu/BP_test_menu_2.uasset" SILENT=true
[2025.05.24-14.35.47:218][827]LogSavePackage: Moving '../../../../../../Users/AlisaDI/Documents/MephiTasks/UnrealProject/Saved/BP_test_menu_2AE40DD144C46B3529B398AADC55DD682.tmp' to '../../../../../../Users/AlisaDI/Documents/MephiTasks/UnrealProject/Content/Andrey/Menu/BP_test_menu_2.uasset'
[2025.05.24-14.35.47:238][827]AssetCheck: New page: Asset Save: BP_test_menu_2
[2025.05.24-14.35.47:238][827]LogContentValidation: Display: Validating Blueprint /Game/Andrey/Menu/BP_test_menu_2.BP_test_menu_2
[2025.05.24-14.35.51:188][ 64]LogTemp: Repeating last play command: Simulate
[2025.05.24-14.35.51:193][ 64]LogPlayLevel: PlayLevel: No blueprints needed recompiling
[2025.05.24-14.35.51:193][ 64]PIE: New page: SIE session: VRTemplateMap (24 мая 2025 г., 20:35:51)
[2025.05.24-14.35.51:193][ 64]LogPlayLevel: Creating play world package: /Game/VRTemplate/Maps/UEDPIE_0_VRTemplateMap
[2025.05.24-14.35.51:197][ 64]LogPlayLevel: PIE: StaticDuplicateObject took: (0.003899s)
[2025.05.24-14.35.51:198][ 64]LogAIModule: Creating AISystem for world VRTemplateMap
[2025.05.24-14.35.51:199][ 64]LogPlayLevel: PIE: World Init took: (0.001111s)
[2025.05.24-14.35.51:199][ 64]LogPlayLevel: PIE: Created PIE world by copying editor world from /Game/VRTemplate/Maps/VRTemplateMap.VRTemplateMap to /Game/VRTemplate/Maps/UEDPIE_0_VRTemplateMap.VRTemplateMap (0.005129s)
[2025.05.24-14.35.51:246][ 64]LogUObjectHash: Compacting FUObjectHashTables data took   5.27ms
[2025.05.24-14.35.51:249][ 64]LogAudio: Display: Creating Audio Device:                 Id: 35, Scope: Unique, Realtime: True
[2025.05.24-14.35.51:249][ 64]LogAudioMixer: Display: Audio Mixer Platform Settings:
[2025.05.24-14.35.51:249][ 64]LogAudioMixer: Display: 	Sample Rate:						  48000
[2025.05.24-14.35.51:249][ 64]LogAudioMixer: Display: 	Callback Buffer Frame Size Requested: 1024
[2025.05.24-14.35.51:249][ 64]LogAudioMixer: Display: 	Callback Buffer Frame Size To Use:	  1024
[2025.05.24-14.35.51:249][ 64]LogAudioMixer: Display: 	Number of buffers to queue:			  1
[2025.05.24-14.35.51:249][ 64]LogAudioMixer: Display: 	Max Channels (voices):				  0
[2025.05.24-14.35.51:249][ 64]LogAudioMixer: Display: 	Number of Async Source Workers:		  4
[2025.05.24-14.35.51:249][ 64]LogAudio: Display: AudioDevice MaxSources: 32
[2025.05.24-14.35.51:250][ 64]LogAudio: Display: Audio Spatialization Plugin: Resonance Audio is external send: 1
[2025.05.24-14.35.51:250][ 64]LogAudio: Display: Audio Reverb Plugin: Resonance Audio
[2025.05.24-14.35.51:250][ 64]LogAudio: Display: Audio Occlusion Plugin: None (built-in).
[2025.05.24-14.35.51:250][ 64]LogAudioMixer: Display: Initializing audio mixer.
[2025.05.24-14.35.51:254][ 64]LogAudioMixer: Display: 0: FrontLeft
[2025.05.24-14.35.51:254][ 64]LogAudioMixer: Display: 1: FrontRight
[2025.05.24-14.35.51:301][ 64]LogAudioMixer: Display: Using Audio Device Динамики (Realtek(R) Audio)
[2025.05.24-14.35.51:302][ 64]LogAudioMixer: Display: Initializing Sound Submixes...
[2025.05.24-14.35.51:302][ 64]LogAudioMixer: Display: Creating Master Submix 'MasterSubmixDefault'
[2025.05.24-14.35.51:302][ 64]LogAudioMixer: Display: Creating Master Submix 'MasterReverbSubmixDefault'
[2025.05.24-14.35.51:302][ 64]LogAudioMixer: Display: Creating Master Submix 'MasterEQSubmixDefault'
[2025.05.24-14.35.51:302][ 64]LogAudioMixer: FMixerPlatformXAudio2::StartAudioStream() called
[2025.05.24-14.35.51:302][ 64]LogAudioMixer: Display: Output buffers initialized: Frames=1024, Channels=2, Samples=2048
[2025.05.24-14.35.51:303][ 64]LogAudioMixer: Display: Starting AudioMixerPlatformInterface::RunInternal()
[2025.05.24-14.35.51:303][ 64]LogAudioMixer: Display: FMixerPlatformXAudio2::SubmitBuffer() called for the first time
[2025.05.24-14.35.51:303][ 64]LogInit: FAudioDevice initialized.
[2025.05.24-14.35.51:303][ 64]LogAudio: Display: Audio Device (ID: 35) registered with world 'VRTemplateMap'.
[2025.05.24-14.35.51:313][ 64]LogLoad: Game class is 'VRGameMode_C'
[2025.05.24-14.35.51:315][ 64]LogWorld: Bringing World /Game/VRTemplate/Maps/UEDPIE_0_VRTemplateMap.VRTemplateMap up for play (max tick rate 60) at 2025.05.24-17.35.51
[2025.05.24-14.35.51:315][ 64]LogWorld: Bringing up level for play took: 0.001582
[2025.05.24-14.35.51:316][ 64]LogOnline: OSS: Creating online subsystem instance for: :Context_59
[2025.05.24-14.35.51:317][ 64]LogSpawn: Warning: SpawnActor failed because no class was specified
[2025.05.24-14.35.51:319][ 64]PIE: Server logged in
[2025.05.24-14.35.51:319][ 64]PIE: Play in editor total start time 0,128 seconds.
[2025.05.24-14.35.51:334][ 64]LogResonanceAudio: Display: Resonance Audio Listener is initialized
[2025.05.24-14.36.18:180][667]LogSlate: Updating window title bar state: overlay mode, drag disabled, window buttons hidden, title bar hidden
[2025.05.24-14.36.18:180][667]LogWorld: BeginTearingDown for /Game/VRTemplate/Maps/UEDPIE_0_VRTemplateMap
[2025.05.24-14.36.18:181][667]LogWorld: UWorld::CleanupWorld for VRTemplateMap, bSessionEnded=true, bCleanupResources=true
[2025.05.24-14.36.18:181][667]LogSlate: InvalidateAllWidgets triggered.  All widgets were invalidated
[2025.05.24-14.36.18:194][667]LogPlayLevel: Display: Shutting down PIE online subsystems
[2025.05.24-14.36.18:206][667]LogSlate: InvalidateAllWidgets triggered.  All widgets were invalidated
[2025.05.24-14.36.18:253][667]LogAudio: Display: Audio Device unregistered from world 'None'.
[2025.05.24-14.36.18:253][667]LogResonanceAudio: Display: Resonance Audio Listener is shutdown
[2025.05.24-14.36.18:255][667]LogAudioMixer: FMixerPlatformXAudio2::StopAudioStream() called
[2025.05.24-14.36.18:256][667]LogAudioMixer: FMixerPlatformXAudio2::StopAudioStream() called
[2025.05.24-14.36.18:260][667]LogSlate: Updating window title bar state: overlay mode, drag disabled, window buttons hidden, title bar hidden
[2025.05.24-14.36.18:267][667]LogUObjectHash: Compacting FUObjectHashTables data took   4.87ms
[2025.05.24-14.36.18:298][668]LogPlayLevel: Display: Destroying online subsystem :Context_59
[2025.05.24-14.36.20:432][795]LogTemp: Repeating last play command: Simulate
[2025.05.24-14.36.20:438][795]LogPlayLevel: PlayLevel: No blueprints needed recompiling
[2025.05.24-14.36.20:438][795]PIE: New page: SIE session: VRTemplateMap (24 мая 2025 г., 20:36:20)
[2025.05.24-14.36.20:438][795]LogPlayLevel: Creating play world package: /Game/VRTemplate/Maps/UEDPIE_0_VRTemplateMap
[2025.05.24-14.36.20:443][795]LogPlayLevel: PIE: StaticDuplicateObject took: (0.004781s)
[2025.05.24-14.36.20:444][795]LogAIModule: Creating AISystem for world VRTemplateMap
[2025.05.24-14.36.20:444][795]LogPlayLevel: PIE: World Init took: (0.001174s)
[2025.05.24-14.36.20:444][795]LogPlayLevel: PIE: Created PIE world by copying editor world from /Game/VRTemplate/Maps/VRTemplateMap.VRTemplateMap to /Game/VRTemplate/Maps/UEDPIE_0_VRTemplateMap.VRTemplateMap (0.006075s)
[2025.05.24-14.36.20:495][795]LogUObjectHash: Compacting FUObjectHashTables data took   4.10ms
[2025.05.24-14.36.20:497][795]LogAudio: Display: Creating Audio Device:                 Id: 36, Scope: Unique, Realtime: True
[2025.05.24-14.36.20:497][795]LogAudioMixer: Display: Audio Mixer Platform Settings:
[2025.05.24-14.36.20:497][795]LogAudioMixer: Display: 	Sample Rate:						  48000
[2025.05.24-14.36.20:497][795]LogAudioMixer: Display: 	Callback Buffer Frame Size Requested: 1024
[2025.05.24-14.36.20:497][795]LogAudioMixer: Display: 	Callback Buffer Frame Size To Use:	  1024
[2025.05.24-14.36.20:497][795]LogAudioMixer: Display: 	Number of buffers to queue:			  1
[2025.05.24-14.36.20:497][795]LogAudioMixer: Display: 	Max Channels (voices):				  0
[2025.05.24-14.36.20:497][795]LogAudioMixer: Display: 	Number of Async Source Workers:		  4
[2025.05.24-14.36.20:497][795]LogAudio: Display: AudioDevice MaxSources: 32
[2025.05.24-14.36.20:498][795]LogAudio: Display: Audio Spatialization Plugin: Resonance Audio is external send: 1
[2025.05.24-14.36.20:498][795]LogAudio: Display: Audio Reverb Plugin: Resonance Audio
[2025.05.24-14.36.20:498][795]LogAudio: Display: Audio Occlusion Plugin: None (built-in).
[2025.05.24-14.36.20:498][795]LogAudioMixer: Display: Initializing audio mixer.
[2025.05.24-14.36.20:503][795]LogAudioMixer: Display: 0: FrontLeft
[2025.05.24-14.36.20:503][795]LogAudioMixer: Display: 1: FrontRight
[2025.05.24-14.36.20:555][795]LogAudioMixer: Display: Using Audio Device Динамики (Realtek(R) Audio)
[2025.05.24-14.36.20:555][795]LogAudioMixer: Display: Initializing Sound Submixes...
[2025.05.24-14.36.20:555][795]LogAudioMixer: Display: Creating Master Submix 'MasterSubmixDefault'
[2025.05.24-14.36.20:555][795]LogAudioMixer: Display: Creating Master Submix 'MasterReverbSubmixDefault'
[2025.05.24-14.36.20:555][795]LogAudioMixer: Display: Creating Master Submix 'MasterEQSubmixDefault'
[2025.05.24-14.36.20:556][795]LogAudioMixer: FMixerPlatformXAudio2::StartAudioStream() called
[2025.05.24-14.36.20:556][795]LogAudioMixer: Display: Output buffers initialized: Frames=1024, Channels=2, Samples=2048
[2025.05.24-14.36.20:557][795]LogAudioMixer: Display: Starting AudioMixerPlatformInterface::RunInternal()
[2025.05.24-14.36.20:557][795]LogAudioMixer: Display: FMixerPlatformXAudio2::SubmitBuffer() called for the first time
[2025.05.24-14.36.20:557][795]LogInit: FAudioDevice initialized.
[2025.05.24-14.36.20:557][795]LogAudio: Display: Audio Device (ID: 36) registered with world 'VRTemplateMap'.
[2025.05.24-14.36.20:568][795]LogLoad: Game class is 'VRGameMode_C'
[2025.05.24-14.36.20:570][795]LogWorld: Bringing World /Game/VRTemplate/Maps/UEDPIE_0_VRTemplateMap.VRTemplateMap up for play (max tick rate 60) at 2025.05.24-17.36.20
[2025.05.24-14.36.20:570][795]LogWorld: Bringing up level for play took: 0.001553
[2025.05.24-14.36.20:570][795]LogOnline: OSS: Creating online subsystem instance for: :Context_60
[2025.05.24-14.36.20:572][795]LogSpawn: Warning: SpawnActor failed because no class was specified
[2025.05.24-14.36.20:573][795]PIE: Server logged in
[2025.05.24-14.36.20:574][795]PIE: Play in editor total start time 0,137 seconds.
[2025.05.24-14.36.20:589][795]LogResonanceAudio: Display: Resonance Audio Listener is initialized
[2025.05.24-14.36.52:730][717]LogSlate: Updating window title bar state: overlay mode, drag disabled, window buttons hidden, title bar hidden
[2025.05.24-14.36.52:730][717]LogWorld: BeginTearingDown for /Game/VRTemplate/Maps/UEDPIE_0_VRTemplateMap
[2025.05.24-14.36.52:730][717]LogWorld: UWorld::CleanupWorld for VRTemplateMap, bSessionEnded=true, bCleanupResources=true
[2025.05.24-14.36.52:731][717]LogSlate: InvalidateAllWidgets triggered.  All widgets were invalidated
[2025.05.24-14.36.52:739][717]LogPlayLevel: Display: Shutting down PIE online subsystems
[2025.05.24-14.36.52:756][717]LogSlate: InvalidateAllWidgets triggered.  All widgets were invalidated
[2025.05.24-14.36.52:811][717]LogSlate: Updating window title bar state: overlay mode, drag disabled, window buttons hidden, title bar hidden
[2025.05.24-14.36.52:811][717]LogResonanceAudio: Display: Resonance Audio Listener is shutdown
[2025.05.24-14.36.52:811][717]LogAudioMixer: FMixerPlatformXAudio2::StopAudioStream() called
[2025.05.24-14.36.52:813][717]LogAudioMixer: FMixerPlatformXAudio2::StopAudioStream() called
[2025.05.24-14.36.52:824][717]LogUObjectHash: Compacting FUObjectHashTables data took   4.57ms
[2025.05.24-14.36.52:872][718]LogPlayLevel: Display: Destroying online subsystem :Context_60
[2025.05.24-14.36.53:449][752]LogEditorViewport: Clicking on Actor (LMB): BP_test_menu_2_C (BP_test_menu_2)
[2025.05.24-14.37.22:784][509]LogEditorViewport: Clicking on Actor (LMB): StaticMeshActor (Floor_400x400)
[2025.05.24-14.37.23:745][565]Cmd: DELETE
[2025.05.24-14.37.23:745][565]Cmd: ACTOR DELETE
[2025.05.24-14.37.23:749][565]LogEditorActor: Deleted Actor: StaticMeshActor
[2025.05.24-14.37.23:804][565]LogUObjectHash: Compacting FUObjectHashTables data took   3.64ms
[2025.05.24-14.37.23:812][565]LogEditorActor: Deleted 1 Actors (0.066 secs)
[2025.05.24-14.37.26:403][721]Cmd: TRANSACTION UNDO
[2025.05.24-14.37.26:403][721]LogEditorTransaction: Undo Delete Actors
[2025.05.24-14.37.26:484][721]LogActorComponent: RegisterComponentWithWorld: (/Engine/Transient.World_40:PersistentLevel.AnimationEditorPreviewActor_0.DebugSkelMeshComponent_0) Already registered. Aborting.
[2025.05.24-14.37.35:283][237]Cmd: DELETE
[2025.05.24-14.37.35:283][237]Cmd: ACTOR DELETE
[2025.05.24-14.37.35:285][237]LogEditorActor: Deleted Actor: StaticMeshActor
[2025.05.24-14.37.35:333][237]LogUObjectHash: Compacting FUObjectHashTables data took   3.66ms
[2025.05.24-14.37.35:338][237]LogEditorActor: Deleted 1 Actors (0.055 secs)
[2025.05.24-14.37.39:889][507]MapCheck: New page: Map Check
[2025.05.24-14.37.39:904][507]LightingResults: New page: Lighting Build - 24 мая 2025 г., 20:37:39
[2025.05.24-14.37.39:935][507]LogSwarmInterface: [OpenConnection] Registering TCP channel ...
[2025.05.24-14.37.39:964][507]LogSwarmInterface: [OpenConnection] Connecting to agent ...
[2025.05.24-14.37.39:977][507]LogSwarmInterface: [TryOpenConnection] Testing the Agent
[2025.05.24-14.37.42:504][507]LogSwarmInterface: [TryOpenConnection] Opening Connection to Agent
[2025.05.24-14.37.42:504][507]LogSwarmInterface: [TryOpenConnection] Local Process ID is 20640
[2025.05.24-14.37.44:838][507]LogStaticLightingSystem: Warning: No importance volume found, so the scene bounding box was used.  You can optimize your scene's quality and lighting build times by adding importance volumes.
[2025.05.24-14.37.44:839][507]LogStaticLightingSystem: Running Lightmass w/ ImmediateImport mode ENABLED
[2025.05.24-14.37.44:839][507]LogStaticLightingSystem: Running Lightmass w/ ImmediateProcess mode ENABLED
[2025.05.24-14.37.44:839][507]LogStaticLightingSystem: Running Lightmass w/ Sorting mode ENABLED
[2025.05.24-14.37.44:839][507]LogStaticLightingSystem: Running Lightmass w/ Mapping paddings ENABLED
[2025.05.24-14.37.44:839][507]LogStaticLightingSystem: Running Lightmass w/ Mapping debug paddings DISABLED
[2025.05.24-14.37.44:984][507]LogEditorBuildUtils: Build time 0:05
[2025.05.24-14.37.44:996][507]LogShaderCompilers: Display: === FShaderJobCache stats ===
[2025.05.24-14.37.44:996][507]LogShaderCompilers: Display: Total job queries 31, among them cache hits 0 (0.00%)
[2025.05.24-14.37.44:996][507]LogShaderCompilers: Display: Tracking 31 distinct input hashes that result in 27 distinct outputs (87.10%)
[2025.05.24-14.37.44:996][507]LogShaderCompilers: Display: RAM used: 0.44 MB (0.00 GB) of 1638.40 MB (1.60 GB) budget. Usage: 0.03%
[2025.05.24-14.37.44:996][507]LogShaderCompilers: Display: ================================================
[2025.05.24-14.37.45:123][509]LogUObjectHash: Compacting FUObjectHashTables data took   3.78ms
[2025.05.24-14.37.59:410][215]Job is a success!
[2025.05.24-14.37.59:478][215]LogVolumetricLightmapImport: Imported Volumetric Lightmap in 0.009s
[2025.05.24-14.37.59:478][215]LogVolumetricLightmapImport:      Indirection Texture 16x16x16 = 0.0Mb
[2025.05.24-14.37.59:478][215]LogVolumetricLightmapImport:      BrickData (all levels) 0.1Mb (trimmed 0.0Mb due to 0.010000 MinBrickError)
[2025.05.24-14.37.59:478][215]LogVolumetricLightmapImport:      Bricks at depth
[2025.05.24-14.37.59:478][215]LogVolumetricLightmapImport:          0: 6.7% covering 100.0% of volume
[2025.05.24-14.37.59:478][215]LogVolumetricLightmapImport:          1: 6.7% covering 1.6% of volume
[2025.05.24-14.37.59:478][215]LogVolumetricLightmapImport:          2: 86.7% covering 0.3% of volume
[2025.05.24-14.37.59:478][215]LogVolumetricLightmapImport:      Bricks in each level
[2025.05.24-14.37.59:478][215]LogVolumetricLightmapImport:          VRTemplateMap 			 15 bricks 	 100.0% (Persistent Level)
[2025.05.24-14.37.59:674][215]LogTexture: Display: Building textures: SkyOcclusion0_1 (OODLE_AutoDXT, 1024X512)
[2025.05.24-14.37.59:674][215]LogTexture: Display: Building textures: HQ_Lightmap0_1 (OODLE_AutoDXT, 1024X1024)
[2025.05.24-14.37.59:674][215]LogTextureFormatOodle: Display: non-RDO encode 1024 x 512 x 1 to format OODLE_AutoDXT (Oodle OodleTex_BC3) lambda=0 effort=20 
[2025.05.24-14.37.59:674][215]LogTextureFormatOodle: Display: non-RDO encode 1024 x 1024 x 1 to format OODLE_AutoDXT (Oodle OodleTex_BC3) lambda=0 effort=20 
[2025.05.24-14.37.59:674][215]LogTexture: Display: Building textures: LQ_Lightmap_0_1 (OODLE_DXT1, 1024X1024)
[2025.05.24-14.37.59:674][215]LogTexture: Display: Building textures: SkyOcclusion0_2 (OODLE_AutoDXT, 256X128)
[2025.05.24-14.37.59:674][215]LogTexture: Display: Building textures: HQ_Lightmap0_2 (OODLE_AutoDXT, 256X256)
[2025.05.24-14.37.59:674][215]LogTexture: Display: Building textures: LQ_Lightmap_0_2 (OODLE_DXT1, 256X256)
[2025.05.24-14.37.59:674][215]LogTexture: Display: Building textures: SkyOcclusion0_3 (OODLE_AutoDXT, 64X32)
[2025.05.24-14.37.59:674][215]LogTexture: Display: Building textures: HQ_Lightmap0_3 (OODLE_AutoDXT, 64X64)
[2025.05.24-14.37.59:674][215]LogTexture: Display: Building textures: LQ_Lightmap_0_3 (OODLE_DXT1, 64X64)
[2025.05.24-14.37.59:674][215]LogTextureFormatOodle: Display: non-RDO encode 1024 x 1024 x 1 to format OODLE_DXT1 (Oodle OodleTex_BC1_WithTransparency) lambda=0 effort=20 
[2025.05.24-14.37.59:873][215]LogTexture: Display: Building textures: ShadowMapTexture2D_3 (G8, 32X32)
[2025.05.24-14.37.59:892][215]LogTexture: Display: Building textures: ShadowMapTexture2D_2 (G8, 1024X1024)
[2025.05.24-14.37.59:933][215]LogStaticLightingSystem: VRTemplateMap_BuiltData storing lightmap data for 18 meshes in 4 LightmapResourceClusters (4.5 Meshes per cluster).
[2025.05.24-14.37.59:986][215]Lightmass on DESKTOP-N5SQRU4: 14.2 sec total, 178 ms importing, 24 ms setup, 1.44 sec photons, 12.5 sec processing, 0 ms extra exporting [18/18 mappings]. Threads: 3:08 min total, 1:06 min processing.
[2025.05.24-14.37.59:992][215]LogUObjectHash: Compacting FUObjectHashTables data took   4.98ms
[2025.05.24-14.38.00:034][215]LogStaticLightingSystem: Illumination: 20.0 sec (188 ms encoding lightmaps, 203 ms encoding shadowmaps)
[2025.05.24-14.38.00:034][215]LogStaticLightingSystem: Lightmap texture memory:  2.8 MB (2.8 MB streaming, 0.0 MB non-streaming), 6 textures
[2025.05.24-14.38.00:034][215]LogStaticLightingSystem: Shadowmap texture memory: 1.3 MB (1.3 MB streaming, 0.0 MB non-streaming), 2 textures
[2025.05.24-14.38.04:843][215]DumpUnbuiltLightIteractions
[2025.05.24-14.38.04:843][215]Lights with unbuilt interactions: 0
[2025.05.24-14.38.04:843][215]
[2025.05.24-14.38.04:843][215]Primitives with unbuilt interactions: 0
[2025.05.24-14.38.04:892][216]Cmd: MAP CHECK NOTIFYRESULTS
[2025.05.24-14.38.04:892][216]MapCheck: New page: VRTemplateMap - 24 мая 2025 г., 20:38:04
[2025.05.24-14.38.04:893][216]MapCheck: Warning: SM_Factory_2 Static mesh actor has NULL StaticMesh property 
[2025.05.24-14.38.04:893][216]MapCheck: Warning: SM_Factory2 Static mesh actor has NULL StaticMesh property 
[2025.05.24-14.38.04:893][216]MapCheck: Warning: SM_Factory3 Static mesh actor has NULL StaticMesh property 
[2025.05.24-14.38.04:893][216]MapCheck: Warning: BP_menu2_2 Static mesh actor has NULL StaticMesh property 
[2025.05.24-14.38.04:893][216]MapCheck: Map check complete: 0 Error(s), 4 Warning(s), took 0,597ms to complete.
[2025.05.24-14.39.36:384][644]BlueprintLog: New page: Compile BP_test_menu_2
[2025.05.24-14.39.36:467][644]LogUObjectHash: Compacting FUObjectHashTables data took   6.44ms
[2025.05.24-14.39.36:894][666]Cmd: OBJ SAVEPACKAGE PACKAGE="/Game/Andrey/Menu/BP_test_menu_2" FILE="../../../../../../Users/AlisaDI/Documents/MephiTasks/UnrealProject/Content/Andrey/Menu/BP_test_menu_2.uasset" SILENT=true
[2025.05.24-14.39.36:909][666]LogSavePackage: Moving '../../../../../../Users/AlisaDI/Documents/MephiTasks/UnrealProject/Saved/BP_test_menu_2085E2D1D46064AF41850EB9768D172DB.tmp' to '../../../../../../Users/AlisaDI/Documents/MephiTasks/UnrealProject/Content/Andrey/Menu/BP_test_menu_2.uasset'
[2025.05.24-14.39.36:932][666]AssetCheck: New page: Asset Save: BP_test_menu_2
[2025.05.24-14.39.36:932][666]LogContentValidation: Display: Validating Blueprint /Game/Andrey/Menu/BP_test_menu_2.BP_test_menu_2
[2025.05.24-14.39.38:673][770]LogTemp: Repeating last play command: Simulate
[2025.05.24-14.39.38:680][770]LogPlayLevel: PlayLevel: No blueprints needed recompiling
[2025.05.24-14.39.38:680][770]PIE: New page: SIE session: VRTemplateMap (24 мая 2025 г., 20:39:38)
[2025.05.24-14.39.38:680][770]LogPlayLevel: Creating play world package: /Game/VRTemplate/Maps/UEDPIE_0_VRTemplateMap
[2025.05.24-14.39.38:684][770]LogPlayLevel: PIE: StaticDuplicateObject took: (0.004106s)
[2025.05.24-14.39.38:685][770]LogAIModule: Creating AISystem for world VRTemplateMap
[2025.05.24-14.39.38:686][770]LogPlayLevel: PIE: World Init took: (0.000985s)
[2025.05.24-14.39.38:686][770]LogPlayLevel: PIE: Created PIE world by copying editor world from /Game/VRTemplate/Maps/VRTemplateMap.VRTemplateMap to /Game/VRTemplate/Maps/UEDPIE_0_VRTemplateMap.VRTemplateMap (0.005213s)
[2025.05.24-14.39.38:737][770]LogUObjectHash: Compacting FUObjectHashTables data took   5.41ms
[2025.05.24-14.39.38:738][770]LogAudio: Display: Creating Audio Device:                 Id: 37, Scope: Unique, Realtime: True
[2025.05.24-14.39.38:738][770]LogAudioMixer: Display: Audio Mixer Platform Settings:
[2025.05.24-14.39.38:738][770]LogAudioMixer: Display: 	Sample Rate:						  48000
[2025.05.24-14.39.38:738][770]LogAudioMixer: Display: 	Callback Buffer Frame Size Requested: 1024
[2025.05.24-14.39.38:739][770]LogAudioMixer: Display: 	Callback Buffer Frame Size To Use:	  1024
[2025.05.24-14.39.38:739][770]LogAudioMixer: Display: 	Number of buffers to queue:			  1
[2025.05.24-14.39.38:739][770]LogAudioMixer: Display: 	Max Channels (voices):				  0
[2025.05.24-14.39.38:739][770]LogAudioMixer: Display: 	Number of Async Source Workers:		  4
[2025.05.24-14.39.38:739][770]LogAudio: Display: AudioDevice MaxSources: 32
[2025.05.24-14.39.38:739][770]LogAudio: Display: Audio Spatialization Plugin: Resonance Audio is external send: 1
[2025.05.24-14.39.38:739][770]LogAudio: Display: Audio Reverb Plugin: Resonance Audio
[2025.05.24-14.39.38:739][770]LogAudio: Display: Audio Occlusion Plugin: None (built-in).
[2025.05.24-14.39.38:739][770]LogAudioMixer: Display: Initializing audio mixer.
[2025.05.24-14.39.38:744][770]LogAudioMixer: Display: 0: FrontLeft
[2025.05.24-14.39.38:744][770]LogAudioMixer: Display: 1: FrontRight
[2025.05.24-14.39.38:792][770]LogAudioMixer: Display: Using Audio Device Динамики (Realtek(R) Audio)
[2025.05.24-14.39.38:792][770]LogAudioMixer: Display: Initializing Sound Submixes...
[2025.05.24-14.39.38:792][770]LogAudioMixer: Display: Creating Master Submix 'MasterSubmixDefault'
[2025.05.24-14.39.38:793][770]LogAudioMixer: Display: Creating Master Submix 'MasterReverbSubmixDefault'
[2025.05.24-14.39.38:793][770]LogAudioMixer: Display: Creating Master Submix 'MasterEQSubmixDefault'
[2025.05.24-14.39.38:793][770]LogAudioMixer: FMixerPlatformXAudio2::StartAudioStream() called
[2025.05.24-14.39.38:793][770]LogAudioMixer: Display: Output buffers initialized: Frames=1024, Channels=2, Samples=2048
[2025.05.24-14.39.38:794][770]LogAudioMixer: Display: Starting AudioMixerPlatformInterface::RunInternal()
[2025.05.24-14.39.38:794][770]LogAudioMixer: Display: FMixerPlatformXAudio2::SubmitBuffer() called for the first time
[2025.05.24-14.39.38:794][770]LogInit: FAudioDevice initialized.
[2025.05.24-14.39.38:794][770]LogAudio: Display: Audio Device (ID: 37) registered with world 'VRTemplateMap'.
[2025.05.24-14.39.38:800][770]LogLoad: Game class is 'VRGameMode_C'
[2025.05.24-14.39.38:803][770]LogWorld: Bringing World /Game/VRTemplate/Maps/UEDPIE_0_VRTemplateMap.VRTemplateMap up for play (max tick rate 60) at 2025.05.24-17.39.38
[2025.05.24-14.39.38:803][770]LogWorld: Bringing up level for play took: 0.001393
[2025.05.24-14.39.38:803][770]LogOnline: OSS: Creating online subsystem instance for: :Context_61
[2025.05.24-14.39.38:805][770]LogSpawn: Warning: SpawnActor failed because no class was specified
[2025.05.24-14.39.38:806][770]PIE: Server logged in
[2025.05.24-14.39.38:807][770]PIE: Play in editor total start time 0,127 seconds.
[2025.05.24-14.39.38:818][770]LogResonanceAudio: Display: Resonance Audio Listener is initialized
[2025.05.24-14.39.45:416][165]LogEditorViewport: Clicking on Actor (LMB): StaticMeshActor (Wall_400x303)
[2025.05.24-14.39.46:928][254]LogBlueprintUserMessages: [WD_Menu_C_1] Неверно задано количество деталей
[2025.05.24-14.39.55:800][778]LogSlate: Updating window title bar state: overlay mode, drag disabled, window buttons hidden, title bar hidden
[2025.05.24-14.39.55:800][778]LogWorld: BeginTearingDown for /Game/VRTemplate/Maps/UEDPIE_0_VRTemplateMap
[2025.05.24-14.39.55:801][778]LogWorld: UWorld::CleanupWorld for VRTemplateMap, bSessionEnded=true, bCleanupResources=true
[2025.05.24-14.39.55:801][778]LogSlate: InvalidateAllWidgets triggered.  All widgets were invalidated
[2025.05.24-14.39.55:812][778]LogPlayLevel: Display: Shutting down PIE online subsystems
[2025.05.24-14.39.55:832][778]LogSlate: InvalidateAllWidgets triggered.  All widgets were invalidated
[2025.05.24-14.39.55:876][778]LogAudio: Display: Audio Device unregistered from world 'None'.
[2025.05.24-14.39.55:876][778]LogResonanceAudio: Display: Resonance Audio Listener is shutdown
[2025.05.24-14.39.55:876][778]LogAudioMixer: FMixerPlatformXAudio2::StopAudioStream() called
[2025.05.24-14.39.55:878][778]LogAudioMixer: FMixerPlatformXAudio2::StopAudioStream() called
[2025.05.24-14.39.55:882][778]LogSlate: Updating window title bar state: overlay mode, drag disabled, window buttons hidden, title bar hidden
[2025.05.24-14.39.55:888][778]LogUObjectHash: Compacting FUObjectHashTables data took   4.45ms
[2025.05.24-14.39.55:929][779]LogPlayLevel: Display: Destroying online subsystem :Context_61
[2025.05.24-14.39.56:714][825]LogTemp: Repeating last play command: Simulate
[2025.05.24-14.39.56:719][825]LogPlayLevel: PlayLevel: No blueprints needed recompiling
[2025.05.24-14.39.56:719][825]PIE: New page: SIE session: VRTemplateMap (24 мая 2025 г., 20:39:56)
[2025.05.24-14.39.56:719][825]LogPlayLevel: Creating play world package: /Game/VRTemplate/Maps/UEDPIE_0_VRTemplateMap
[2025.05.24-14.39.56:723][825]LogPlayLevel: PIE: StaticDuplicateObject took: (0.004049s)
[2025.05.24-14.39.56:724][825]LogAIModule: Creating AISystem for world VRTemplateMap
[2025.05.24-14.39.56:724][825]LogPlayLevel: PIE: World Init took: (0.000970s)
[2025.05.24-14.39.56:724][825]LogPlayLevel: PIE: Created PIE world by copying editor world from /Game/VRTemplate/Maps/VRTemplateMap.VRTemplateMap to /Game/VRTemplate/Maps/UEDPIE_0_VRTemplateMap.VRTemplateMap (0.005131s)
[2025.05.24-14.39.56:772][825]LogUObjectHash: Compacting FUObjectHashTables data took   3.74ms
[2025.05.24-14.39.56:773][825]LogAudio: Display: Creating Audio Device:                 Id: 38, Scope: Unique, Realtime: True
[2025.05.24-14.39.56:773][825]LogAudioMixer: Display: Audio Mixer Platform Settings:
[2025.05.24-14.39.56:773][825]LogAudioMixer: Display: 	Sample Rate:						  48000
[2025.05.24-14.39.56:773][825]LogAudioMixer: Display: 	Callback Buffer Frame Size Requested: 1024
[2025.05.24-14.39.56:773][825]LogAudioMixer: Display: 	Callback Buffer Frame Size To Use:	  1024
[2025.05.24-14.39.56:773][825]LogAudioMixer: Display: 	Number of buffers to queue:			  1
[2025.05.24-14.39.56:773][825]LogAudioMixer: Display: 	Max Channels (voices):				  0
[2025.05.24-14.39.56:773][825]LogAudioMixer: Display: 	Number of Async Source Workers:		  4
[2025.05.24-14.39.56:773][825]LogAudio: Display: AudioDevice MaxSources: 32
[2025.05.24-14.39.56:773][825]LogAudio: Display: Audio Spatialization Plugin: Resonance Audio is external send: 1
[2025.05.24-14.39.56:774][825]LogAudio: Display: Audio Reverb Plugin: Resonance Audio
[2025.05.24-14.39.56:774][825]LogAudio: Display: Audio Occlusion Plugin: None (built-in).
[2025.05.24-14.39.56:774][825]LogAudioMixer: Display: Initializing audio mixer.
[2025.05.24-14.39.56:778][825]LogAudioMixer: Display: 0: FrontLeft
[2025.05.24-14.39.56:778][825]LogAudioMixer: Display: 1: FrontRight
[2025.05.24-14.39.56:833][825]LogAudioMixer: Display: Using Audio Device Динамики (Realtek(R) Audio)
[2025.05.24-14.39.56:834][825]LogAudioMixer: Display: Initializing Sound Submixes...
[2025.05.24-14.39.56:834][825]LogAudioMixer: Display: Creating Master Submix 'MasterSubmixDefault'
[2025.05.24-14.39.56:834][825]LogAudioMixer: Display: Creating Master Submix 'MasterReverbSubmixDefault'
[2025.05.24-14.39.56:834][825]LogAudioMixer: Display: Creating Master Submix 'MasterEQSubmixDefault'
[2025.05.24-14.39.56:834][825]LogAudioMixer: FMixerPlatformXAudio2::StartAudioStream() called
[2025.05.24-14.39.56:834][825]LogAudioMixer: Display: Output buffers initialized: Frames=1024, Channels=2, Samples=2048
[2025.05.24-14.39.56:835][825]LogAudioMixer: Display: Starting AudioMixerPlatformInterface::RunInternal()
[2025.05.24-14.39.56:835][825]LogAudioMixer: Display: FMixerPlatformXAudio2::SubmitBuffer() called for the first time
[2025.05.24-14.39.56:835][825]LogInit: FAudioDevice initialized.
[2025.05.24-14.39.56:835][825]LogAudio: Display: Audio Device (ID: 38) registered with world 'VRTemplateMap'.
[2025.05.24-14.39.56:842][825]LogLoad: Game class is 'VRGameMode_C'
[2025.05.24-14.39.56:844][825]LogWorld: Bringing World /Game/VRTemplate/Maps/UEDPIE_0_VRTemplateMap.VRTemplateMap up for play (max tick rate 60) at 2025.05.24-17.39.56
[2025.05.24-14.39.56:844][825]LogWorld: Bringing up level for play took: 0.001543
[2025.05.24-14.39.56:844][825]LogOnline: OSS: Creating online subsystem instance for: :Context_62
[2025.05.24-14.39.56:846][825]LogSpawn: Warning: SpawnActor failed because no class was specified
[2025.05.24-14.39.56:847][825]PIE: Server logged in
[2025.05.24-14.39.56:848][825]PIE: Play in editor total start time 0,129 seconds.
[2025.05.24-14.39.56:869][825]LogResonanceAudio: Display: Resonance Audio Listener is initialized
[2025.05.24-14.40.05:119][314]LogBlueprintUserMessages: [WD_Menu_C_1] Неверно задано количество деталей
[2025.05.24-14.41.33:011][577]LogSlate: Updating window title bar state: overlay mode, drag disabled, window buttons hidden, title bar hidden
[2025.05.24-14.41.33:011][577]LogWorld: BeginTearingDown for /Game/VRTemplate/Maps/UEDPIE_0_VRTemplateMap
[2025.05.24-14.41.33:012][577]LogWorld: UWorld::CleanupWorld for VRTemplateMap, bSessionEnded=true, bCleanupResources=true
[2025.05.24-14.41.33:012][577]LogSlate: InvalidateAllWidgets triggered.  All widgets were invalidated
[2025.05.24-14.41.33:029][577]LogPlayLevel: Display: Shutting down PIE online subsystems
[2025.05.24-14.41.33:050][577]LogSlate: InvalidateAllWidgets triggered.  All widgets were invalidated
[2025.05.24-14.41.33:095][577]LogAudio: Display: Audio Device unregistered from world 'None'.
[2025.05.24-14.41.33:095][577]LogResonanceAudio: Display: Resonance Audio Listener is shutdown
[2025.05.24-14.41.33:095][577]LogAudioMixer: FMixerPlatformXAudio2::StopAudioStream() called
[2025.05.24-14.41.33:097][577]LogAudioMixer: FMixerPlatformXAudio2::StopAudioStream() called
[2025.05.24-14.41.33:102][577]LogSlate: Updating window title bar state: overlay mode, drag disabled, window buttons hidden, title bar hidden
[2025.05.24-14.41.33:107][577]LogUObjectHash: Compacting FUObjectHashTables data took   3.76ms
[2025.05.24-14.41.33:141][578]LogPlayLevel: Display: Destroying online subsystem :Context_62
[2025.05.24-14.43.36:717][921]LogUObjectHash: Compacting FUObjectHashTables data took   4.97ms
[2025.05.24-14.43.36:735][921]LogSavePackage: Moving '../../../../../../Users/AlisaDI/Documents/MephiTasks/UnrealProject/Saved/VRTemplateMap_Auto952C0F9944C8DC62149D7FEB4840F7F08.tmp' to '../../../../../../Users/AlisaDI/Documents/MephiTasks/UnrealProject/Saved/Autosaves/Game/VRTemplate/Maps/VRTemplateMap_Auto9.umap'
[2025.05.24-14.43.36:736][921]LogFileHelpers: Editor autosave (incl. external actors) for '/Game/VRTemplate/Maps/VRTemplateMap' took 0.079
[2025.05.24-14.43.36:736][921]LogFileHelpers: Editor autosave (incl. sublevels & external actors) for all levels took 0.079
[2025.05.24-14.43.36:737][921]OBJ SavePackage: Generating thumbnails for [2] asset(s) in package [/Game/Andrey/Menu/BP_test_menu_2] ([4] browsable assets)...
[2025.05.24-14.43.36:745][921]OBJ SavePackage:     Rendered thumbnail for [Blueprint /Game/Andrey/Menu/BP_test_menu_2.BP_test_menu_2]
[2025.05.24-14.43.36:753][921]OBJ SavePackage:     Rendered thumbnail for [Blueprint /Game/Andrey/Menu/BP_test_menu_2.BP_test_menu_2]
[2025.05.24-14.43.36:753][921]OBJ SavePackage: Finished generating thumbnails for package [/Game/Andrey/Menu/BP_test_menu_2]
[2025.05.24-14.43.36:768][921]LogSavePackage: Moving '../../../../../../Users/AlisaDI/Documents/MephiTasks/UnrealProject/Saved/BP_test_menu_2_Auto91E2C8FB740A89ADC31DDD891B64C967B.tmp' to '../../../../../../Users/AlisaDI/Documents/MephiTasks/UnrealProject/Saved/Autosaves/Game/Andrey/Menu/BP_test_menu_2_Auto9.uasset'
[2025.05.24-14.43.36:769][921]OBJ SavePackage: Generating thumbnails for [1] asset(s) in package [/Game/Resources/Meshes/3D-Printer_A] ([1] browsable assets)...
[2025.05.24-14.43.36:777][921]OBJ SavePackage:     Rendered thumbnail for [SkeletalMesh /Game/Resources/Meshes/3D-Printer_A.3D-Printer_A]
[2025.05.24-14.43.36:777][921]OBJ SavePackage: Finished generating thumbnails for package [/Game/Resources/Meshes/3D-Printer_A]
[2025.05.24-14.43.36:824][921]LogSavePackage: Moving '../../../../../../Users/AlisaDI/Documents/MephiTasks/UnrealProject/Saved/3D-Printer_A_Auto9A853DBA74C0AF0CE396CB4925CBEE99C.tmp' to '../../../../../../Users/AlisaDI/Documents/MephiTasks/UnrealProject/Saved/Autosaves/Game/Resources/Meshes/3D-Printer_A_Auto9.uasset'
[2025.05.24-14.43.36:825][921]OBJ SavePackage: Generating thumbnails for [0] asset(s) in package [/Game/Resources/Meshes/3D-Printer_A_Skeleton] ([1] browsable assets)...
[2025.05.24-14.43.36:825][921]OBJ SavePackage: Finished generating thumbnails for package [/Game/Resources/Meshes/3D-Printer_A_Skeleton]
[2025.05.24-14.43.36:827][921]LogSavePackage: Moving '../../../../../../Users/AlisaDI/Documents/MephiTasks/UnrealProject/Saved/3D-Printer_A_Skeleton_Auto9A454492A435857775DA8C28B227BF6F0.tmp' to '../../../../../../Users/AlisaDI/Documents/MephiTasks/UnrealProject/Saved/Autosaves/Game/Resources/Meshes/3D-Printer_A_Skeleton_Auto9.uasset'
[2025.05.24-14.43.36:827][921]OBJ SavePackage: Generating thumbnails for [1] asset(s) in package [/Game/Resources/Meshes/3D-Printer_A_PhysicsAsset] ([1] browsable assets)...
[2025.05.24-14.43.36:836][921]OBJ SavePackage:     Rendered thumbnail for [PhysicsAsset /Game/Resources/Meshes/3D-Printer_A_PhysicsAsset.3D-Printer_A_PhysicsAsset]
[2025.05.24-14.43.36:836][921]OBJ SavePackage: Finished generating thumbnails for package [/Game/Resources/Meshes/3D-Printer_A_PhysicsAsset]
[2025.05.24-14.43.36:842][921]LogSavePackage: Moving '../../../../../../Users/AlisaDI/Documents/MephiTasks/UnrealProject/Saved/3D-Printer_A_PhysicsAsset_Auto920548F234236F60B2A8BA4B68F0C014B.tmp' to '../../../../../../Users/AlisaDI/Documents/MephiTasks/UnrealProject/Saved/Autosaves/Game/Resources/Meshes/3D-Printer_A_PhysicsAsset_Auto9.uasset'
[2025.05.24-14.43.36:843][921]LogFileHelpers: Auto-saving content packages took 0.107
[2025.05.24-14.43.45:668][948]LogWindowsTextInputMethodSystem: Display: IME system deactivated.
[2025.05.24-14.43.45:668][948]LogWindowsTextInputMethodSystem: Display: IME system deactivated.
[2025.05.24-14.44.15:760][745]LogTemp: Repeating last play command: Simulate
[2025.05.24-14.44.15:765][745]BlueprintLog: New page: Pre-Play auto-recompile
[2025.05.24-14.44.15:766][745]LogPlayLevel: [PlayLevel] Compiling BP_test_menu_2 before play...
[2025.05.24-14.44.15:865][745]LogUObjectHash: Compacting FUObjectHashTables data took   6.34ms
[2025.05.24-14.44.15:872][745]LogPlayLevel: PlayLevel: Blueprint regeneration took 106 ms (1 blueprints)
[2025.05.24-14.44.15:872][745]PIE: New page: SIE session: VRTemplateMap (24 мая 2025 г., 20:44:15)
[2025.05.24-14.44.15:873][745]LogPlayLevel: Creating play world package: /Game/VRTemplate/Maps/UEDPIE_0_VRTemplateMap
[2025.05.24-14.44.15:876][745]LogPlayLevel: PIE: StaticDuplicateObject took: (0.003745s)
[2025.05.24-14.44.15:877][745]LogAIModule: Creating AISystem for world VRTemplateMap
[2025.05.24-14.44.15:878][745]LogPlayLevel: PIE: World Init took: (0.001258s)
[2025.05.24-14.44.15:878][745]LogPlayLevel: PIE: Created PIE world by copying editor world from /Game/VRTemplate/Maps/VRTemplateMap.VRTemplateMap to /Game/VRTemplate/Maps/UEDPIE_0_VRTemplateMap.VRTemplateMap (0.005165s)
[2025.05.24-14.44.15:926][745]LogUObjectHash: Compacting FUObjectHashTables data took   3.48ms
[2025.05.24-14.44.15:926][745]LogAudio: Display: Creating Audio Device:                 Id: 39, Scope: Unique, Realtime: True
[2025.05.24-14.44.15:926][745]LogAudioMixer: Display: Audio Mixer Platform Settings:
[2025.05.24-14.44.15:926][745]LogAudioMixer: Display: 	Sample Rate:						  48000
[2025.05.24-14.44.15:926][745]LogAudioMixer: Display: 	Callback Buffer Frame Size Requested: 1024
[2025.05.24-14.44.15:926][745]LogAudioMixer: Display: 	Callback Buffer Frame Size To Use:	  1024
[2025.05.24-14.44.15:926][745]LogAudioMixer: Display: 	Number of buffers to queue:			  1
[2025.05.24-14.44.15:926][745]LogAudioMixer: Display: 	Max Channels (voices):				  0
[2025.05.24-14.44.15:926][745]LogAudioMixer: Display: 	Number of Async Source Workers:		  4
[2025.05.24-14.44.15:926][745]LogAudio: Display: AudioDevice MaxSources: 32
[2025.05.24-14.44.15:926][745]LogAudio: Display: Audio Spatialization Plugin: Resonance Audio is external send: 1
[2025.05.24-14.44.15:926][745]LogAudio: Display: Audio Reverb Plugin: Resonance Audio
[2025.05.24-14.44.15:926][745]LogAudio: Display: Audio Occlusion Plugin: None (built-in).
[2025.05.24-14.44.15:926][745]LogAudioMixer: Display: Initializing audio mixer.
[2025.05.24-14.44.15:930][745]LogAudioMixer: Display: 0: FrontLeft
[2025.05.24-14.44.15:930][745]LogAudioMixer: Display: 1: FrontRight
[2025.05.24-14.44.15:967][745]LogAudioMixer: Display: Using Audio Device Динамики (Realtek(R) Audio)
[2025.05.24-14.44.15:968][745]LogAudioMixer: Display: Initializing Sound Submixes...
[2025.05.24-14.44.15:968][745]LogAudioMixer: Display: Creating Master Submix 'MasterSubmixDefault'
[2025.05.24-14.44.15:968][745]LogAudioMixer: Display: Creating Master Submix 'MasterReverbSubmixDefault'
[2025.05.24-14.44.15:968][745]LogAudioMixer: Display: Creating Master Submix 'MasterEQSubmixDefault'
[2025.05.24-14.44.15:968][745]LogAudioMixer: FMixerPlatformXAudio2::StartAudioStream() called
[2025.05.24-14.44.15:968][745]LogAudioMixer: Display: Output buffers initialized: Frames=1024, Channels=2, Samples=2048
[2025.05.24-14.44.15:969][745]LogAudioMixer: Display: Starting AudioMixerPlatformInterface::RunInternal()
[2025.05.24-14.44.15:970][745]LogAudioMixer: Display: FMixerPlatformXAudio2::SubmitBuffer() called for the first time
[2025.05.24-14.44.15:970][745]LogInit: FAudioDevice initialized.
[2025.05.24-14.44.15:970][745]LogAudio: Display: Audio Device (ID: 39) registered with world 'VRTemplateMap'.
[2025.05.24-14.44.15:977][745]LogLoad: Game class is 'VRGameMode_C'
[2025.05.24-14.44.15:979][745]LogWorld: Bringing World /Game/VRTemplate/Maps/UEDPIE_0_VRTemplateMap.VRTemplateMap up for play (max tick rate 60) at 2025.05.24-17.44.15
[2025.05.24-14.44.15:979][745]LogWorld: Bringing up level for play took: 0.001375
[2025.05.24-14.44.15:980][745]LogOnline: OSS: Creating online subsystem instance for: :Context_63
[2025.05.24-14.44.15:981][745]LogSpawn: Warning: SpawnActor failed because no class was specified
[2025.05.24-14.44.15:983][745]PIE: Server logged in
[2025.05.24-14.44.15:983][745]PIE: Play in editor total start time 0,219 seconds.
[2025.05.24-14.44.16:008][745]LogResonanceAudio: Display: Resonance Audio Listener is initialized
[2025.05.24-14.44.19:561][955]LogEditorViewport: Clicking on Actor (LMB): BP_test_menu_2_C (BP_test_menu_2)
[2025.05.24-14.44.28:690][500]LogSlate: Updating window title bar state: overlay mode, drag disabled, window buttons hidden, title bar hidden
[2025.05.24-14.44.28:690][500]LogWorld: BeginTearingDown for /Game/VRTemplate/Maps/UEDPIE_0_VRTemplateMap
[2025.05.24-14.44.28:691][500]LogWorld: UWorld::CleanupWorld for VRTemplateMap, bSessionEnded=true, bCleanupResources=true
[2025.05.24-14.44.28:691][500]LogSlate: InvalidateAllWidgets triggered.  All widgets were invalidated
[2025.05.24-14.44.28:703][500]LogPlayLevel: Display: Shutting down PIE online subsystems
[2025.05.24-14.44.28:716][500]LogSlate: InvalidateAllWidgets triggered.  All widgets were invalidated
[2025.05.24-14.44.28:764][500]LogSlate: Updating window title bar state: overlay mode, drag disabled, window buttons hidden, title bar hidden
[2025.05.24-14.44.28:764][500]LogResonanceAudio: Display: Resonance Audio Listener is shutdown
[2025.05.24-14.44.28:764][500]LogAudioMixer: FMixerPlatformXAudio2::StopAudioStream() called
[2025.05.24-14.44.28:766][500]LogAudioMixer: FMixerPlatformXAudio2::StopAudioStream() called
[2025.05.24-14.44.28:776][500]LogUObjectHash: Compacting FUObjectHashTables data took   4.46ms
[2025.05.24-14.44.28:809][501]LogPlayLevel: Display: Destroying online subsystem :Context_63
[2025.05.24-14.44.42:998][333]LogWindowsTextInputMethodSystem: Display: IME system deactivated.
[2025.05.24-14.44.42:999][333]LogWindowsTextInputMethodSystem: Display: IME system deactivated.
[2025.05.24-14.45.10:305][926]BlueprintLog: New page: Compile BP_test_menu_2
[2025.05.24-14.45.10:393][926]LogUObjectHash: Compacting FUObjectHashTables data took   5.20ms
[2025.05.24-14.45.10:786][945]Cmd: OBJ SAVEPACKAGE PACKAGE="/Game/Andrey/Menu/BP_test_menu_2" FILE="../../../../../../Users/AlisaDI/Documents/MephiTasks/UnrealProject/Content/Andrey/Menu/BP_test_menu_2.uasset" SILENT=true
[2025.05.24-14.45.10:802][945]LogSavePackage: Moving '../../../../../../Users/AlisaDI/Documents/MephiTasks/UnrealProject/Saved/BP_test_menu_2515BAB364B1235E87D3818880733E99F.tmp' to '../../../../../../Users/AlisaDI/Documents/MephiTasks/UnrealProject/Content/Andrey/Menu/BP_test_menu_2.uasset'
[2025.05.24-14.45.10:827][945]AssetCheck: New page: Asset Save: BP_test_menu_2
[2025.05.24-14.45.10:827][945]LogContentValidation: Display: Validating Blueprint /Game/Andrey/Menu/BP_test_menu_2.BP_test_menu_2
[2025.05.24-14.45.12:968][ 73]LogTemp: Repeating last play command: Simulate
[2025.05.24-14.45.12:974][ 73]LogPlayLevel: PlayLevel: No blueprints needed recompiling
[2025.05.24-14.45.12:974][ 73]PIE: New page: SIE session: VRTemplateMap (24 мая 2025 г., 20:45:12)
[2025.05.24-14.45.12:974][ 73]LogPlayLevel: Creating play world package: /Game/VRTemplate/Maps/UEDPIE_0_VRTemplateMap
[2025.05.24-14.45.12:978][ 73]LogPlayLevel: PIE: StaticDuplicateObject took: (0.003755s)
[2025.05.24-14.45.12:979][ 73]LogAIModule: Creating AISystem for world VRTemplateMap
[2025.05.24-14.45.12:979][ 73]LogPlayLevel: PIE: World Init took: (0.001109s)
[2025.05.24-14.45.12:979][ 73]LogPlayLevel: PIE: Created PIE world by copying editor world from /Game/VRTemplate/Maps/VRTemplateMap.VRTemplateMap to /Game/VRTemplate/Maps/UEDPIE_0_VRTemplateMap.VRTemplateMap (0.004998s)
[2025.05.24-14.45.13:034][ 73]LogUObjectHash: Compacting FUObjectHashTables data took   6.63ms
[2025.05.24-14.45.13:036][ 73]LogAudio: Display: Creating Audio Device:                 Id: 40, Scope: Unique, Realtime: True
[2025.05.24-14.45.13:036][ 73]LogAudioMixer: Display: Audio Mixer Platform Settings:
[2025.05.24-14.45.13:036][ 73]LogAudioMixer: Display: 	Sample Rate:						  48000
[2025.05.24-14.45.13:036][ 73]LogAudioMixer: Display: 	Callback Buffer Frame Size Requested: 1024
[2025.05.24-14.45.13:036][ 73]LogAudioMixer: Display: 	Callback Buffer Frame Size To Use:	  1024
[2025.05.24-14.45.13:036][ 73]LogAudioMixer: Display: 	Number of buffers to queue:			  1
[2025.05.24-14.45.13:036][ 73]LogAudioMixer: Display: 	Max Channels (voices):				  0
[2025.05.24-14.45.13:036][ 73]LogAudioMixer: Display: 	Number of Async Source Workers:		  4
[2025.05.24-14.45.13:036][ 73]LogAudio: Display: AudioDevice MaxSources: 32
[2025.05.24-14.45.13:036][ 73]LogAudio: Display: Audio Spatialization Plugin: Resonance Audio is external send: 1
[2025.05.24-14.45.13:036][ 73]LogAudio: Display: Audio Reverb Plugin: Resonance Audio
[2025.05.24-14.45.13:036][ 73]LogAudio: Display: Audio Occlusion Plugin: None (built-in).
[2025.05.24-14.45.13:036][ 73]LogAudioMixer: Display: Initializing audio mixer.
[2025.05.24-14.45.13:041][ 73]LogAudioMixer: Display: 0: FrontLeft
[2025.05.24-14.45.13:041][ 73]LogAudioMixer: Display: 1: FrontRight
[2025.05.24-14.45.13:098][ 73]LogAudioMixer: Display: Using Audio Device Динамики (Realtek(R) Audio)
[2025.05.24-14.45.13:098][ 73]LogAudioMixer: Display: Initializing Sound Submixes...
[2025.05.24-14.45.13:098][ 73]LogAudioMixer: Display: Creating Master Submix 'MasterSubmixDefault'
[2025.05.24-14.45.13:098][ 73]LogAudioMixer: Display: Creating Master Submix 'MasterReverbSubmixDefault'
[2025.05.24-14.45.13:098][ 73]LogAudioMixer: Display: Creating Master Submix 'MasterEQSubmixDefault'
[2025.05.24-14.45.13:099][ 73]LogAudioMixer: FMixerPlatformXAudio2::StartAudioStream() called
[2025.05.24-14.45.13:099][ 73]LogAudioMixer: Display: Output buffers initialized: Frames=1024, Channels=2, Samples=2048
[2025.05.24-14.45.13:100][ 73]LogAudioMixer: Display: Starting AudioMixerPlatformInterface::RunInternal()
[2025.05.24-14.45.13:100][ 73]LogAudioMixer: Display: FMixerPlatformXAudio2::SubmitBuffer() called for the first time
[2025.05.24-14.45.13:100][ 73]LogInit: FAudioDevice initialized.
[2025.05.24-14.45.13:100][ 73]LogAudio: Display: Audio Device (ID: 40) registered with world 'VRTemplateMap'.
[2025.05.24-14.45.13:108][ 73]LogLoad: Game class is 'VRGameMode_C'
[2025.05.24-14.45.13:110][ 73]LogWorld: Bringing World /Game/VRTemplate/Maps/UEDPIE_0_VRTemplateMap.VRTemplateMap up for play (max tick rate 60) at 2025.05.24-17.45.13
[2025.05.24-14.45.13:111][ 73]LogWorld: Bringing up level for play took: 0.001428
[2025.05.24-14.45.13:111][ 73]LogOnline: OSS: Creating online subsystem instance for: :Context_64
[2025.05.24-14.45.13:113][ 73]LogSpawn: Warning: SpawnActor failed because no class was specified
[2025.05.24-14.45.13:114][ 73]PIE: Server logged in
[2025.05.24-14.45.13:115][ 73]PIE: Play in editor total start time 0,141 seconds.
[2025.05.24-14.45.13:131][ 73]LogResonanceAudio: Display: Resonance Audio Listener is initialized
[2025.05.24-14.45.24:820][770]LogSlate: Updating window title bar state: overlay mode, drag disabled, window buttons hidden, title bar hidden
[2025.05.24-14.45.24:820][770]LogWorld: BeginTearingDown for /Game/VRTemplate/Maps/UEDPIE_0_VRTemplateMap
[2025.05.24-14.45.24:820][770]LogWorld: UWorld::CleanupWorld for VRTemplateMap, bSessionEnded=true, bCleanupResources=true
[2025.05.24-14.45.24:821][770]LogSlate: InvalidateAllWidgets triggered.  All widgets were invalidated
[2025.05.24-14.45.24:836][770]LogPlayLevel: Display: Shutting down PIE online subsystems
[2025.05.24-14.45.24:849][770]LogSlate: InvalidateAllWidgets triggered.  All widgets were invalidated
[2025.05.24-14.45.24:894][770]LogAudio: Display: Audio Device unregistered from world 'None'.
[2025.05.24-14.45.24:894][770]LogResonanceAudio: Display: Resonance Audio Listener is shutdown
[2025.05.24-14.45.24:894][770]LogAudioMixer: FMixerPlatformXAudio2::StopAudioStream() called
[2025.05.24-14.45.24:896][770]LogAudioMixer: FMixerPlatformXAudio2::StopAudioStream() called
[2025.05.24-14.45.24:901][770]LogSlate: Updating window title bar state: overlay mode, drag disabled, window buttons hidden, title bar hidden
[2025.05.24-14.45.24:907][770]LogUObjectHash: Compacting FUObjectHashTables data took   4.47ms
[2025.05.24-14.45.24:941][771]LogPlayLevel: Display: Destroying online subsystem :Context_64
[2025.05.24-14.45.29:390][ 32]LogTemp: Repeating last play command: Simulate
[2025.05.24-14.45.29:396][ 32]LogPlayLevel: PlayLevel: No blueprints needed recompiling
[2025.05.24-14.45.29:396][ 32]PIE: New page: SIE session: VRTemplateMap (24 мая 2025 г., 20:45:29)
[2025.05.24-14.45.29:396][ 32]LogPlayLevel: Creating play world package: /Game/VRTemplate/Maps/UEDPIE_0_VRTemplateMap
[2025.05.24-14.45.29:400][ 32]LogPlayLevel: PIE: StaticDuplicateObject took: (0.003813s)
[2025.05.24-14.45.29:401][ 32]LogAIModule: Creating AISystem for world VRTemplateMap
[2025.05.24-14.45.29:401][ 32]LogPlayLevel: PIE: World Init took: (0.001137s)
[2025.05.24-14.45.29:402][ 32]LogPlayLevel: PIE: Created PIE world by copying editor world from /Game/VRTemplate/Maps/VRTemplateMap.VRTemplateMap to /Game/VRTemplate/Maps/UEDPIE_0_VRTemplateMap.VRTemplateMap (0.005077s)
[2025.05.24-14.45.29:449][ 32]LogUObjectHash: Compacting FUObjectHashTables data took   3.79ms
[2025.05.24-14.45.29:452][ 32]LogAudio: Display: Creating Audio Device:                 Id: 41, Scope: Unique, Realtime: True
[2025.05.24-14.45.29:452][ 32]LogAudioMixer: Display: Audio Mixer Platform Settings:
[2025.05.24-14.45.29:452][ 32]LogAudioMixer: Display: 	Sample Rate:						  48000
[2025.05.24-14.45.29:452][ 32]LogAudioMixer: Display: 	Callback Buffer Frame Size Requested: 1024
[2025.05.24-14.45.29:452][ 32]LogAudioMixer: Display: 	Callback Buffer Frame Size To Use:	  1024
[2025.05.24-14.45.29:452][ 32]LogAudioMixer: Display: 	Number of buffers to queue:			  1
[2025.05.24-14.45.29:452][ 32]LogAudioMixer: Display: 	Max Channels (voices):				  0
[2025.05.24-14.45.29:452][ 32]LogAudioMixer: Display: 	Number of Async Source Workers:		  4
[2025.05.24-14.45.29:452][ 32]LogAudio: Display: AudioDevice MaxSources: 32
[2025.05.24-14.45.29:453][ 32]LogAudio: Display: Audio Spatialization Plugin: Resonance Audio is external send: 1
[2025.05.24-14.45.29:453][ 32]LogAudio: Display: Audio Reverb Plugin: Resonance Audio
[2025.05.24-14.45.29:453][ 32]LogAudio: Display: Audio Occlusion Plugin: None (built-in).
[2025.05.24-14.45.29:453][ 32]LogAudioMixer: Display: Initializing audio mixer.
[2025.05.24-14.45.29:457][ 32]LogAudioMixer: Display: 0: FrontLeft
[2025.05.24-14.45.29:457][ 32]LogAudioMixer: Display: 1: FrontRight
[2025.05.24-14.45.29:501][ 32]LogAudioMixer: Display: Using Audio Device Динамики (Realtek(R) Audio)
[2025.05.24-14.45.29:501][ 32]LogAudioMixer: Display: Initializing Sound Submixes...
[2025.05.24-14.45.29:501][ 32]LogAudioMixer: Display: Creating Master Submix 'MasterSubmixDefault'
[2025.05.24-14.45.29:501][ 32]LogAudioMixer: Display: Creating Master Submix 'MasterReverbSubmixDefault'
[2025.05.24-14.45.29:501][ 32]LogAudioMixer: Display: Creating Master Submix 'MasterEQSubmixDefault'
[2025.05.24-14.45.29:501][ 32]LogAudioMixer: FMixerPlatformXAudio2::StartAudioStream() called
[2025.05.24-14.45.29:501][ 32]LogAudioMixer: Display: Output buffers initialized: Frames=1024, Channels=2, Samples=2048
[2025.05.24-14.45.29:503][ 32]LogAudioMixer: Display: Starting AudioMixerPlatformInterface::RunInternal()
[2025.05.24-14.45.29:503][ 32]LogAudioMixer: Display: FMixerPlatformXAudio2::SubmitBuffer() called for the first time
[2025.05.24-14.45.29:503][ 32]LogInit: FAudioDevice initialized.
[2025.05.24-14.45.29:503][ 32]LogAudio: Display: Audio Device (ID: 41) registered with world 'VRTemplateMap'.
[2025.05.24-14.45.29:509][ 32]LogLoad: Game class is 'VRGameMode_C'
[2025.05.24-14.45.29:511][ 32]LogWorld: Bringing World /Game/VRTemplate/Maps/UEDPIE_0_VRTemplateMap.VRTemplateMap up for play (max tick rate 60) at 2025.05.24-17.45.29
[2025.05.24-14.45.29:512][ 32]LogWorld: Bringing up level for play took: 0.001439
[2025.05.24-14.45.29:512][ 32]LogOnline: OSS: Creating online subsystem instance for: :Context_65
[2025.05.24-14.45.29:513][ 32]LogSpawn: Warning: SpawnActor failed because no class was specified
[2025.05.24-14.45.29:515][ 32]PIE: Server logged in
[2025.05.24-14.45.29:516][ 32]PIE: Play in editor total start time 0,121 seconds.
[2025.05.24-14.45.29:530][ 32]LogResonanceAudio: Display: Resonance Audio Listener is initialized
[2025.05.24-14.45.45:181][965]LogSlate: Updating window title bar state: overlay mode, drag disabled, window buttons hidden, title bar hidden
[2025.05.24-14.45.45:181][965]LogWorld: BeginTearingDown for /Game/VRTemplate/Maps/UEDPIE_0_VRTemplateMap
[2025.05.24-14.45.45:181][965]LogWorld: UWorld::CleanupWorld for VRTemplateMap, bSessionEnded=true, bCleanupResources=true
[2025.05.24-14.45.45:182][965]LogSlate: InvalidateAllWidgets triggered.  All widgets were invalidated
[2025.05.24-14.45.45:190][965]LogPlayLevel: Display: Shutting down PIE online subsystems
[2025.05.24-14.45.45:204][965]LogSlate: InvalidateAllWidgets triggered.  All widgets were invalidated
[2025.05.24-14.45.45:248][965]LogSlate: Updating window title bar state: overlay mode, drag disabled, window buttons hidden, title bar hidden
[2025.05.24-14.45.45:248][965]LogResonanceAudio: Display: Resonance Audio Listener is shutdown
[2025.05.24-14.45.45:248][965]LogAudioMixer: FMixerPlatformXAudio2::StopAudioStream() called
[2025.05.24-14.45.45:250][965]LogAudioMixer: FMixerPlatformXAudio2::StopAudioStream() called
[2025.05.24-14.45.45:263][965]LogUObjectHash: Compacting FUObjectHashTables data took   7.72ms
[2025.05.24-14.45.45:302][966]LogPlayLevel: Display: Destroying online subsystem :Context_65
[2025.05.24-14.45.55:744][581]BlueprintLog: New page: Compile BP_test_menu_2
[2025.05.24-14.45.55:836][581]LogUObjectHash: Compacting FUObjectHashTables data took   4.39ms
[2025.05.24-14.45.56:335][606]Cmd: OBJ SAVEPACKAGE PACKAGE="/Game/Andrey/Menu/BP_test_menu_2" FILE="../../../../../../Users/AlisaDI/Documents/MephiTasks/UnrealProject/Content/Andrey/Menu/BP_test_menu_2.uasset" SILENT=true
[2025.05.24-14.45.56:352][606]LogSavePackage: Moving '../../../../../../Users/AlisaDI/Documents/MephiTasks/UnrealProject/Saved/BP_test_menu_2644907A14ACD07ABC734CD9CA7EFA661.tmp' to '../../../../../../Users/AlisaDI/Documents/MephiTasks/UnrealProject/Content/Andrey/Menu/BP_test_menu_2.uasset'
[2025.05.24-14.45.56:372][606]AssetCheck: New page: Asset Save: BP_test_menu_2
[2025.05.24-14.45.56:372][606]LogContentValidation: Display: Validating Blueprint /Game/Andrey/Menu/BP_test_menu_2.BP_test_menu_2
[2025.05.24-14.45.57:931][698]LogTemp: Repeating last play command: Simulate
[2025.05.24-14.45.57:937][698]LogPlayLevel: PlayLevel: No blueprints needed recompiling
[2025.05.24-14.45.57:937][698]PIE: New page: SIE session: VRTemplateMap (24 мая 2025 г., 20:45:57)
[2025.05.24-14.45.57:937][698]LogPlayLevel: Creating play world package: /Game/VRTemplate/Maps/UEDPIE_0_VRTemplateMap
[2025.05.24-14.45.57:941][698]LogPlayLevel: PIE: StaticDuplicateObject took: (0.003821s)
[2025.05.24-14.45.57:942][698]LogAIModule: Creating AISystem for world VRTemplateMap
[2025.05.24-14.45.57:942][698]LogPlayLevel: PIE: World Init took: (0.001064s)
[2025.05.24-14.45.57:942][698]LogPlayLevel: PIE: Created PIE world by copying editor world from /Game/VRTemplate/Maps/VRTemplateMap.VRTemplateMap to /Game/VRTemplate/Maps/UEDPIE_0_VRTemplateMap.VRTemplateMap (0.005001s)
[2025.05.24-14.45.57:995][698]LogUObjectHash: Compacting FUObjectHashTables data took   5.18ms
[2025.05.24-14.45.57:997][698]LogAudio: Display: Creating Audio Device:                 Id: 42, Scope: Unique, Realtime: True
[2025.05.24-14.45.57:997][698]LogAudioMixer: Display: Audio Mixer Platform Settings:
[2025.05.24-14.45.57:997][698]LogAudioMixer: Display: 	Sample Rate:						  48000
[2025.05.24-14.45.57:997][698]LogAudioMixer: Display: 	Callback Buffer Frame Size Requested: 1024
[2025.05.24-14.45.57:997][698]LogAudioMixer: Display: 	Callback Buffer Frame Size To Use:	  1024
[2025.05.24-14.45.57:997][698]LogAudioMixer: Display: 	Number of buffers to queue:			  1
[2025.05.24-14.45.57:997][698]LogAudioMixer: Display: 	Max Channels (voices):				  0
[2025.05.24-14.45.57:997][698]LogAudioMixer: Display: 	Number of Async Source Workers:		  4
[2025.05.24-14.45.57:997][698]LogAudio: Display: AudioDevice MaxSources: 32
[2025.05.24-14.45.57:997][698]LogAudio: Display: Audio Spatialization Plugin: Resonance Audio is external send: 1
[2025.05.24-14.45.57:997][698]LogAudio: Display: Audio Reverb Plugin: Resonance Audio
[2025.05.24-14.45.57:997][698]LogAudio: Display: Audio Occlusion Plugin: None (built-in).
[2025.05.24-14.45.57:997][698]LogAudioMixer: Display: Initializing audio mixer.
[2025.05.24-14.45.58:001][698]LogAudioMixer: Display: 0: FrontLeft
[2025.05.24-14.45.58:002][698]LogAudioMixer: Display: 1: FrontRight
[2025.05.24-14.45.58:038][698]LogAudioMixer: Display: Using Audio Device Динамики (Realtek(R) Audio)
[2025.05.24-14.45.58:039][698]LogAudioMixer: Display: Initializing Sound Submixes...
[2025.05.24-14.45.58:039][698]LogAudioMixer: Display: Creating Master Submix 'MasterSubmixDefault'
[2025.05.24-14.45.58:039][698]LogAudioMixer: Display: Creating Master Submix 'MasterReverbSubmixDefault'
[2025.05.24-14.45.58:040][698]LogAudioMixer: Display: Creating Master Submix 'MasterEQSubmixDefault'
[2025.05.24-14.45.58:040][698]LogAudioMixer: FMixerPlatformXAudio2::StartAudioStream() called
[2025.05.24-14.45.58:040][698]LogAudioMixer: Display: Output buffers initialized: Frames=1024, Channels=2, Samples=2048
[2025.05.24-14.45.58:041][698]LogAudioMixer: Display: Starting AudioMixerPlatformInterface::RunInternal()
[2025.05.24-14.45.58:041][698]LogAudioMixer: Display: FMixerPlatformXAudio2::SubmitBuffer() called for the first time
[2025.05.24-14.45.58:041][698]LogInit: FAudioDevice initialized.
[2025.05.24-14.45.58:041][698]LogAudio: Display: Audio Device (ID: 42) registered with world 'VRTemplateMap'.
[2025.05.24-14.45.58:046][698]LogLoad: Game class is 'VRGameMode_C'
[2025.05.24-14.45.58:048][698]LogWorld: Bringing World /Game/VRTemplate/Maps/UEDPIE_0_VRTemplateMap.VRTemplateMap up for play (max tick rate 60) at 2025.05.24-17.45.58
[2025.05.24-14.45.58:048][698]LogWorld: Bringing up level for play took: 0.001418
[2025.05.24-14.45.58:049][698]LogOnline: OSS: Creating online subsystem instance for: :Context_66
[2025.05.24-14.45.58:050][698]LogSpawn: Warning: SpawnActor failed because no class was specified
[2025.05.24-14.45.58:051][698]PIE: Server logged in
[2025.05.24-14.45.58:052][698]PIE: Play in editor total start time 0,116 seconds.
[2025.05.24-14.45.58:066][698]LogResonanceAudio: Display: Resonance Audio Listener is initialized
[2025.05.24-14.46.01:270][885]LogSlate: Updating window title bar state: overlay mode, drag disabled, window buttons hidden, title bar hidden
[2025.05.24-14.46.01:270][885]LogWorld: BeginTearingDown for /Game/VRTemplate/Maps/UEDPIE_0_VRTemplateMap
[2025.05.24-14.46.01:271][885]LogWorld: UWorld::CleanupWorld for VRTemplateMap, bSessionEnded=true, bCleanupResources=true
[2025.05.24-14.46.01:271][885]LogSlate: InvalidateAllWidgets triggered.  All widgets were invalidated
[2025.05.24-14.46.01:284][885]LogPlayLevel: Display: Shutting down PIE online subsystems
[2025.05.24-14.46.01:298][885]LogSlate: InvalidateAllWidgets triggered.  All widgets were invalidated
[2025.05.24-14.46.01:348][885]LogSlate: Updating window title bar state: overlay mode, drag disabled, window buttons hidden, title bar hidden
[2025.05.24-14.46.01:348][885]LogResonanceAudio: Display: Resonance Audio Listener is shutdown
[2025.05.24-14.46.01:348][885]LogAudioMixer: FMixerPlatformXAudio2::StopAudioStream() called
[2025.05.24-14.46.01:349][885]LogAudioMixer: FMixerPlatformXAudio2::StopAudioStream() called
[2025.05.24-14.46.01:359][885]LogUObjectHash: Compacting FUObjectHashTables data took   4.02ms
[2025.05.24-14.46.01:393][886]LogPlayLevel: Display: Destroying online subsystem :Context_66
[2025.05.24-14.46.06:589][191]BlueprintLog: New page: Compile BP_test_menu_2
[2025.05.24-14.46.06:679][191]LogUObjectHash: Compacting FUObjectHashTables data took   4.76ms
[2025.05.24-14.46.07:068][209]Cmd: OBJ SAVEPACKAGE PACKAGE="/Game/Andrey/Menu/BP_test_menu_2" FILE="../../../../../../Users/AlisaDI/Documents/MephiTasks/UnrealProject/Content/Andrey/Menu/BP_test_menu_2.uasset" SILENT=true
[2025.05.24-14.46.07:084][209]LogSavePackage: Moving '../../../../../../Users/AlisaDI/Documents/MephiTasks/UnrealProject/Saved/BP_test_menu_20DDC5A6B4C8FCCD77452D2858BDA5399.tmp' to '../../../../../../Users/AlisaDI/Documents/MephiTasks/UnrealProject/Content/Andrey/Menu/BP_test_menu_2.uasset'
[2025.05.24-14.46.07:103][209]AssetCheck: New page: Asset Save: BP_test_menu_2
[2025.05.24-14.46.07:103][209]LogContentValidation: Display: Validating Blueprint /Game/Andrey/Menu/BP_test_menu_2.BP_test_menu_2
[2025.05.24-14.46.16:864][780]BlueprintLog: New page: Compile BP_test_menu_2
[2025.05.24-14.46.16:954][780]LogUObjectHash: Compacting FUObjectHashTables data took   5.94ms
[2025.05.24-14.46.17:364][799]Cmd: OBJ SAVEPACKAGE PACKAGE="/Game/Andrey/Menu/BP_test_menu_2" FILE="../../../../../../Users/AlisaDI/Documents/MephiTasks/UnrealProject/Content/Andrey/Menu/BP_test_menu_2.uasset" SILENT=true
[2025.05.24-14.46.17:383][799]LogSavePackage: Moving '../../../../../../Users/AlisaDI/Documents/MephiTasks/UnrealProject/Saved/BP_test_menu_2E1253CD348743849A0527A9AB3D62DD2.tmp' to '../../../../../../Users/AlisaDI/Documents/MephiTasks/UnrealProject/Content/Andrey/Menu/BP_test_menu_2.uasset'
[2025.05.24-14.46.17:406][799]AssetCheck: New page: Asset Save: BP_test_menu_2
[2025.05.24-14.46.17:406][799]LogContentValidation: Display: Validating Blueprint /Game/Andrey/Menu/BP_test_menu_2.BP_test_menu_2
[2025.05.24-14.46.19:300][911]LogTemp: Repeating last play command: Simulate
[2025.05.24-14.46.19:305][911]LogPlayLevel: PlayLevel: No blueprints needed recompiling
[2025.05.24-14.46.19:306][911]PIE: New page: SIE session: VRTemplateMap (24 мая 2025 г., 20:46:19)
[2025.05.24-14.46.19:306][911]LogPlayLevel: Creating play world package: /Game/VRTemplate/Maps/UEDPIE_0_VRTemplateMap
[2025.05.24-14.46.19:310][911]LogPlayLevel: PIE: StaticDuplicateObject took: (0.004114s)
[2025.05.24-14.46.19:311][911]LogAIModule: Creating AISystem for world VRTemplateMap
[2025.05.24-14.46.19:311][911]LogPlayLevel: PIE: World Init took: (0.000992s)
[2025.05.24-14.46.19:311][911]LogPlayLevel: PIE: Created PIE world by copying editor world from /Game/VRTemplate/Maps/VRTemplateMap.VRTemplateMap to /Game/VRTemplate/Maps/UEDPIE_0_VRTemplateMap.VRTemplateMap (0.005236s)
[2025.05.24-14.46.19:365][911]LogUObjectHash: Compacting FUObjectHashTables data took   5.79ms
[2025.05.24-14.46.19:366][911]LogAudio: Display: Creating Audio Device:                 Id: 43, Scope: Unique, Realtime: True
[2025.05.24-14.46.19:366][911]LogAudioMixer: Display: Audio Mixer Platform Settings:
[2025.05.24-14.46.19:366][911]LogAudioMixer: Display: 	Sample Rate:						  48000
[2025.05.24-14.46.19:367][911]LogAudioMixer: Display: 	Callback Buffer Frame Size Requested: 1024
[2025.05.24-14.46.19:367][911]LogAudioMixer: Display: 	Callback Buffer Frame Size To Use:	  1024
[2025.05.24-14.46.19:367][911]LogAudioMixer: Display: 	Number of buffers to queue:			  1
[2025.05.24-14.46.19:367][911]LogAudioMixer: Display: 	Max Channels (voices):				  0
[2025.05.24-14.46.19:367][911]LogAudioMixer: Display: 	Number of Async Source Workers:		  4
[2025.05.24-14.46.19:367][911]LogAudio: Display: AudioDevice MaxSources: 32
[2025.05.24-14.46.19:367][911]LogAudio: Display: Audio Spatialization Plugin: Resonance Audio is external send: 1
[2025.05.24-14.46.19:367][911]LogAudio: Display: Audio Reverb Plugin: Resonance Audio
[2025.05.24-14.46.19:367][911]LogAudio: Display: Audio Occlusion Plugin: None (built-in).
[2025.05.24-14.46.19:367][911]LogAudioMixer: Display: Initializing audio mixer.
[2025.05.24-14.46.19:371][911]LogAudioMixer: Display: 0: FrontLeft
[2025.05.24-14.46.19:371][911]LogAudioMixer: Display: 1: FrontRight
[2025.05.24-14.46.19:420][911]LogAudioMixer: Display: Using Audio Device Динамики (Realtek(R) Audio)
[2025.05.24-14.46.19:420][911]LogAudioMixer: Display: Initializing Sound Submixes...
[2025.05.24-14.46.19:420][911]LogAudioMixer: Display: Creating Master Submix 'MasterSubmixDefault'
[2025.05.24-14.46.19:420][911]LogAudioMixer: Display: Creating Master Submix 'MasterReverbSubmixDefault'
[2025.05.24-14.46.19:421][911]LogAudioMixer: Display: Creating Master Submix 'MasterEQSubmixDefault'
[2025.05.24-14.46.19:421][911]LogAudioMixer: FMixerPlatformXAudio2::StartAudioStream() called
[2025.05.24-14.46.19:421][911]LogAudioMixer: Display: Output buffers initialized: Frames=1024, Channels=2, Samples=2048
[2025.05.24-14.46.19:422][911]LogAudioMixer: Display: Starting AudioMixerPlatformInterface::RunInternal()
[2025.05.24-14.46.19:422][911]LogAudioMixer: Display: FMixerPlatformXAudio2::SubmitBuffer() called for the first time
[2025.05.24-14.46.19:422][911]LogInit: FAudioDevice initialized.
[2025.05.24-14.46.19:422][911]LogAudio: Display: Audio Device (ID: 43) registered with world 'VRTemplateMap'.
[2025.05.24-14.46.19:431][911]LogLoad: Game class is 'VRGameMode_C'
[2025.05.24-14.46.19:433][911]LogWorld: Bringing World /Game/VRTemplate/Maps/UEDPIE_0_VRTemplateMap.VRTemplateMap up for play (max tick rate 60) at 2025.05.24-17.46.19
[2025.05.24-14.46.19:433][911]LogWorld: Bringing up level for play took: 0.001494
[2025.05.24-14.46.19:434][911]LogOnline: OSS: Creating online subsystem instance for: :Context_67
[2025.05.24-14.46.19:435][911]LogSpawn: Warning: SpawnActor failed because no class was specified
[2025.05.24-14.46.19:437][911]PIE: Server logged in
[2025.05.24-14.46.19:437][911]PIE: Play in editor total start time 0,133 seconds.
[2025.05.24-14.46.19:451][911]LogResonanceAudio: Display: Resonance Audio Listener is initialized
[2025.05.24-14.46.40:010][137]LogSlate: Updating window title bar state: overlay mode, drag disabled, window buttons hidden, title bar hidden
[2025.05.24-14.46.40:010][137]LogWorld: BeginTearingDown for /Game/VRTemplate/Maps/UEDPIE_0_VRTemplateMap
[2025.05.24-14.46.40:010][137]LogWorld: UWorld::CleanupWorld for VRTemplateMap, bSessionEnded=true, bCleanupResources=true
[2025.05.24-14.46.40:011][137]LogSlate: InvalidateAllWidgets triggered.  All widgets were invalidated
[2025.05.24-14.46.40:022][137]LogPlayLevel: Display: Shutting down PIE online subsystems
[2025.05.24-14.46.40:036][137]LogSlate: InvalidateAllWidgets triggered.  All widgets were invalidated
[2025.05.24-14.46.40:081][137]LogSlate: Updating window title bar state: overlay mode, drag disabled, window buttons hidden, title bar hidden
[2025.05.24-14.46.40:082][137]LogResonanceAudio: Display: Resonance Audio Listener is shutdown
[2025.05.24-14.46.40:082][137]LogAudioMixer: FMixerPlatformXAudio2::StopAudioStream() called
[2025.05.24-14.46.40:083][137]LogAudioMixer: FMixerPlatformXAudio2::StopAudioStream() called
[2025.05.24-14.46.40:094][137]LogUObjectHash: Compacting FUObjectHashTables data took   4.03ms
[2025.05.24-14.46.40:131][138]LogPlayLevel: Display: Destroying online subsystem :Context_67
[2025.05.24-14.46.56:877][113]LogEditorTransaction: Undo Create Pin Link
[2025.05.24-14.46.56:955][113]LogActorComponent: RegisterComponentWithWorld: (/Engine/Transient.World_40:PersistentLevel.AnimationEditorPreviewActor_0.DebugSkelMeshComponent_0) Already registered. Aborting.
[2025.05.24-14.46.57:384][129]LogEditorTransaction: Undo Create Pin Link
[2025.05.24-14.46.57:465][129]LogActorComponent: RegisterComponentWithWorld: (/Engine/Transient.World_40:PersistentLevel.AnimationEditorPreviewActor_0.DebugSkelMeshComponent_0) Already registered. Aborting.
[2025.05.24-14.46.57:864][151]LogEditorTransaction: Undo Change Object Pin Value
[2025.05.24-14.46.57:940][151]LogActorComponent: RegisterComponentWithWorld: (/Engine/Transient.World_40:PersistentLevel.AnimationEditorPreviewActor_0.DebugSkelMeshComponent_0) Already registered. Aborting.
[2025.05.24-14.46.58:384][175]LogEditorTransaction: Undo Edit Playing
[2025.05.24-14.46.58:453][175]LogActorComponent: RegisterComponentWithWorld: (/Engine/Transient.World_40:PersistentLevel.AnimationEditorPreviewActor_0.DebugSkelMeshComponent_0) Already registered. Aborting.
[2025.05.24-14.46.58:741][190]LogEditorTransaction: Undo Edit Playing
[2025.05.24-14.46.58:817][190]LogActorComponent: RegisterComponentWithWorld: (/Engine/Transient.World_40:PersistentLevel.AnimationEditorPreviewActor_0.DebugSkelMeshComponent_0) Already registered. Aborting.
[2025.05.24-14.46.59:153][208]LogEditorTransaction: Undo Create Pin Link
[2025.05.24-14.46.59:224][208]LogActorComponent: RegisterComponentWithWorld: (/Engine/Transient.World_40:PersistentLevel.AnimationEditorPreviewActor_0.DebugSkelMeshComponent_0) Already registered. Aborting.
[2025.05.24-14.46.59:622][230]LogEditorTransaction: Undo Add Node
[2025.05.24-14.46.59:695][230]LogActorComponent: RegisterComponentWithWorld: (/Engine/Transient.World_40:PersistentLevel.AnimationEditorPreviewActor_0.DebugSkelMeshComponent_0) Already registered. Aborting.
[2025.05.24-14.47.23:513][615]BlueprintLog: New page: Compile BP_test_menu_2
[2025.05.24-14.47.23:611][615]LogUObjectHash: Compacting FUObjectHashTables data took   6.63ms
[2025.05.24-14.47.23:980][633]Cmd: OBJ SAVEPACKAGE PACKAGE="/Game/Andrey/Menu/BP_test_menu_2" FILE="../../../../../../Users/AlisaDI/Documents/MephiTasks/UnrealProject/Content/Andrey/Menu/BP_test_menu_2.uasset" SILENT=true
[2025.05.24-14.47.23:999][633]LogSavePackage: Moving '../../../../../../Users/AlisaDI/Documents/MephiTasks/UnrealProject/Saved/BP_test_menu_2751A24ED436BF457B0FE69A615F13EF5.tmp' to '../../../../../../Users/AlisaDI/Documents/MephiTasks/UnrealProject/Content/Andrey/Menu/BP_test_menu_2.uasset'
[2025.05.24-14.47.24:021][633]AssetCheck: New page: Asset Save: BP_test_menu_2
[2025.05.24-14.47.24:021][633]LogContentValidation: Display: Validating Blueprint /Game/Andrey/Menu/BP_test_menu_2.BP_test_menu_2
[2025.05.24-14.47.25:740][736]LogTemp: Repeating last play command: Simulate
[2025.05.24-14.47.25:746][736]LogPlayLevel: PlayLevel: No blueprints needed recompiling
[2025.05.24-14.47.25:746][736]PIE: New page: SIE session: VRTemplateMap (24 мая 2025 г., 20:47:25)
[2025.05.24-14.47.25:746][736]LogPlayLevel: Creating play world package: /Game/VRTemplate/Maps/UEDPIE_0_VRTemplateMap
[2025.05.24-14.47.25:750][736]LogPlayLevel: PIE: StaticDuplicateObject took: (0.003728s)
[2025.05.24-14.47.25:750][736]LogAIModule: Creating AISystem for world VRTemplateMap
[2025.05.24-14.47.25:751][736]LogPlayLevel: PIE: World Init took: (0.000998s)
[2025.05.24-14.47.25:751][736]LogPlayLevel: PIE: Created PIE world by copying editor world from /Game/VRTemplate/Maps/VRTemplateMap.VRTemplateMap to /Game/VRTemplate/Maps/UEDPIE_0_VRTemplateMap.VRTemplateMap (0.004845s)
[2025.05.24-14.47.25:800][736]LogUObjectHash: Compacting FUObjectHashTables data took   4.89ms
[2025.05.24-14.47.25:801][736]LogAudio: Display: Creating Audio Device:                 Id: 44, Scope: Unique, Realtime: True
[2025.05.24-14.47.25:802][736]LogAudioMixer: Display: Audio Mixer Platform Settings:
[2025.05.24-14.47.25:802][736]LogAudioMixer: Display: 	Sample Rate:						  48000
[2025.05.24-14.47.25:802][736]LogAudioMixer: Display: 	Callback Buffer Frame Size Requested: 1024
[2025.05.24-14.47.25:802][736]LogAudioMixer: Display: 	Callback Buffer Frame Size To Use:	  1024
[2025.05.24-14.47.25:802][736]LogAudioMixer: Display: 	Number of buffers to queue:			  1
[2025.05.24-14.47.25:802][736]LogAudioMixer: Display: 	Max Channels (voices):				  0
[2025.05.24-14.47.25:802][736]LogAudioMixer: Display: 	Number of Async Source Workers:		  4
[2025.05.24-14.47.25:802][736]LogAudio: Display: AudioDevice MaxSources: 32
[2025.05.24-14.47.25:802][736]LogAudio: Display: Audio Spatialization Plugin: Resonance Audio is external send: 1
[2025.05.24-14.47.25:802][736]LogAudio: Display: Audio Reverb Plugin: Resonance Audio
[2025.05.24-14.47.25:802][736]LogAudio: Display: Audio Occlusion Plugin: None (built-in).
[2025.05.24-14.47.25:802][736]LogAudioMixer: Display: Initializing audio mixer.
[2025.05.24-14.47.25:806][736]LogAudioMixer: Display: 0: FrontLeft
[2025.05.24-14.47.25:806][736]LogAudioMixer: Display: 1: FrontRight
[2025.05.24-14.47.25:856][736]LogAudioMixer: Display: Using Audio Device Динамики (Realtek(R) Audio)
[2025.05.24-14.47.25:857][736]LogAudioMixer: Display: Initializing Sound Submixes...
[2025.05.24-14.47.25:857][736]LogAudioMixer: Display: Creating Master Submix 'MasterSubmixDefault'
[2025.05.24-14.47.25:857][736]LogAudioMixer: Display: Creating Master Submix 'MasterReverbSubmixDefault'
[2025.05.24-14.47.25:857][736]LogAudioMixer: Display: Creating Master Submix 'MasterEQSubmixDefault'
[2025.05.24-14.47.25:857][736]LogAudioMixer: FMixerPlatformXAudio2::StartAudioStream() called
[2025.05.24-14.47.25:857][736]LogAudioMixer: Display: Output buffers initialized: Frames=1024, Channels=2, Samples=2048
[2025.05.24-14.47.25:858][736]LogAudioMixer: Display: Starting AudioMixerPlatformInterface::RunInternal()
[2025.05.24-14.47.25:858][736]LogAudioMixer: Display: FMixerPlatformXAudio2::SubmitBuffer() called for the first time
[2025.05.24-14.47.25:858][736]LogInit: FAudioDevice initialized.
[2025.05.24-14.47.25:858][736]LogAudio: Display: Audio Device (ID: 44) registered with world 'VRTemplateMap'.
[2025.05.24-14.47.25:870][736]LogLoad: Game class is 'VRGameMode_C'
[2025.05.24-14.47.25:871][736]LogWorld: Bringing World /Game/VRTemplate/Maps/UEDPIE_0_VRTemplateMap.VRTemplateMap up for play (max tick rate 60) at 2025.05.24-17.47.25
[2025.05.24-14.47.25:872][736]LogWorld: Bringing up level for play took: 0.001400
[2025.05.24-14.47.25:872][736]LogOnline: OSS: Creating online subsystem instance for: :Context_68
[2025.05.24-14.47.25:873][736]LogSpawn: Warning: SpawnActor failed because no class was specified
[2025.05.24-14.47.25:875][736]PIE: Server logged in
[2025.05.24-14.47.25:876][736]PIE: Play in editor total start time 0,13 seconds.
[2025.05.24-14.47.25:891][736]LogResonanceAudio: Display: Resonance Audio Listener is initialized
[2025.05.24-14.47.29:654][961]LogScript: Warning: Script Msg: Attempted to access index -1 from array 'Class' of length 1 in '/Game/Andrey/Menu/BP_test_menu_2.BP_test_menu_2_C'!
[2025.05.24-14.47.29:654][961]LogScript: Warning: UGameplayStatics::BeginSpawningActorFromClass: can not spawn an actor from a NULL class
[2025.05.24-14.47.37:249][414]LogSlate: Updating window title bar state: overlay mode, drag disabled, window buttons hidden, title bar hidden
[2025.05.24-14.47.37:249][414]LogWorld: BeginTearingDown for /Game/VRTemplate/Maps/UEDPIE_0_VRTemplateMap
[2025.05.24-14.47.37:250][414]LogWorld: UWorld::CleanupWorld for VRTemplateMap, bSessionEnded=true, bCleanupResources=true
[2025.05.24-14.47.37:250][414]LogSlate: InvalidateAllWidgets triggered.  All widgets were invalidated
[2025.05.24-14.47.37:266][414]LogPlayLevel: Display: Shutting down PIE online subsystems
[2025.05.24-14.47.37:280][414]LogSlate: InvalidateAllWidgets triggered.  All widgets were invalidated
[2025.05.24-14.47.37:325][414]LogAudio: Display: Audio Device unregistered from world 'None'.
[2025.05.24-14.47.37:325][414]LogResonanceAudio: Display: Resonance Audio Listener is shutdown
[2025.05.24-14.47.37:325][414]LogAudioMixer: FMixerPlatformXAudio2::StopAudioStream() called
[2025.05.24-14.47.37:326][414]LogAudioMixer: FMixerPlatformXAudio2::StopAudioStream() called
[2025.05.24-14.47.37:330][414]LogSlate: Updating window title bar state: overlay mode, drag disabled, window buttons hidden, title bar hidden
[2025.05.24-14.47.37:337][414]LogUObjectHash: Compacting FUObjectHashTables data took   4.95ms
[2025.05.24-14.47.37:371][415]LogPlayLevel: Display: Destroying online subsystem :Context_68
[2025.05.24-14.47.54:265][399]BlueprintLog: New page: Compile BP_test_menu_2
[2025.05.24-14.47.54:359][399]LogUObjectHash: Compacting FUObjectHashTables data took   5.16ms
[2025.05.24-14.47.54:809][422]Cmd: OBJ SAVEPACKAGE PACKAGE="/Game/Andrey/Menu/BP_test_menu_2" FILE="../../../../../../Users/AlisaDI/Documents/MephiTasks/UnrealProject/Content/Andrey/Menu/BP_test_menu_2.uasset" SILENT=true
[2025.05.24-14.47.54:826][422]LogSavePackage: Moving '../../../../../../Users/AlisaDI/Documents/MephiTasks/UnrealProject/Saved/BP_test_menu_2ED6DBD7145F9C4482A6384B703ACB03F.tmp' to '../../../../../../Users/AlisaDI/Documents/MephiTasks/UnrealProject/Content/Andrey/Menu/BP_test_menu_2.uasset'
[2025.05.24-14.47.54:847][422]AssetCheck: New page: Asset Save: BP_test_menu_2
[2025.05.24-14.47.54:847][422]LogContentValidation: Display: Validating Blueprint /Game/Andrey/Menu/BP_test_menu_2.BP_test_menu_2
[2025.05.24-14.47.56:263][506]LogTemp: Repeating last play command: Simulate
[2025.05.24-14.47.56:268][506]LogPlayLevel: PlayLevel: No blueprints needed recompiling
[2025.05.24-14.47.56:268][506]PIE: New page: SIE session: VRTemplateMap (24 мая 2025 г., 20:47:56)
[2025.05.24-14.47.56:299][506]LogPlayLevel: Creating play world package: /Game/VRTemplate/Maps/UEDPIE_0_VRTemplateMap
[2025.05.24-14.47.56:302][506]LogPlayLevel: PIE: StaticDuplicateObject took: (0.003723s)
[2025.05.24-14.47.56:303][506]LogAIModule: Creating AISystem for world VRTemplateMap
[2025.05.24-14.47.56:303][506]LogPlayLevel: PIE: World Init took: (0.001100s)
[2025.05.24-14.47.56:303][506]LogPlayLevel: PIE: Created PIE world by copying editor world from /Game/VRTemplate/Maps/VRTemplateMap.VRTemplateMap to /Game/VRTemplate/Maps/UEDPIE_0_VRTemplateMap.VRTemplateMap (0.004990s)
[2025.05.24-14.47.56:355][506]LogUObjectHash: Compacting FUObjectHashTables data took   5.67ms
[2025.05.24-14.47.56:356][506]LogAudio: Display: Creating Audio Device:                 Id: 45, Scope: Unique, Realtime: True
[2025.05.24-14.47.56:356][506]LogAudioMixer: Display: Audio Mixer Platform Settings:
[2025.05.24-14.47.56:356][506]LogAudioMixer: Display: 	Sample Rate:						  48000
[2025.05.24-14.47.56:356][506]LogAudioMixer: Display: 	Callback Buffer Frame Size Requested: 1024
[2025.05.24-14.47.56:356][506]LogAudioMixer: Display: 	Callback Buffer Frame Size To Use:	  1024
[2025.05.24-14.47.56:356][506]LogAudioMixer: Display: 	Number of buffers to queue:			  1
[2025.05.24-14.47.56:356][506]LogAudioMixer: Display: 	Max Channels (voices):				  0
[2025.05.24-14.47.56:356][506]LogAudioMixer: Display: 	Number of Async Source Workers:		  4
[2025.05.24-14.47.56:356][506]LogAudio: Display: AudioDevice MaxSources: 32
[2025.05.24-14.47.56:357][506]LogAudio: Display: Audio Spatialization Plugin: Resonance Audio is external send: 1
[2025.05.24-14.47.56:357][506]LogAudio: Display: Audio Reverb Plugin: Resonance Audio
[2025.05.24-14.47.56:357][506]LogAudio: Display: Audio Occlusion Plugin: None (built-in).
[2025.05.24-14.47.56:357][506]LogAudioMixer: Display: Initializing audio mixer.
[2025.05.24-14.47.56:361][506]LogAudioMixer: Display: 0: FrontLeft
[2025.05.24-14.47.56:361][506]LogAudioMixer: Display: 1: FrontRight
[2025.05.24-14.47.56:405][506]LogAudioMixer: Display: Using Audio Device Динамики (Realtek(R) Audio)
[2025.05.24-14.47.56:405][506]LogAudioMixer: Display: Initializing Sound Submixes...
[2025.05.24-14.47.56:405][506]LogAudioMixer: Display: Creating Master Submix 'MasterSubmixDefault'
[2025.05.24-14.47.56:405][506]LogAudioMixer: Display: Creating Master Submix 'MasterReverbSubmixDefault'
[2025.05.24-14.47.56:406][506]LogAudioMixer: Display: Creating Master Submix 'MasterEQSubmixDefault'
[2025.05.24-14.47.56:406][506]LogAudioMixer: FMixerPlatformXAudio2::StartAudioStream() called
[2025.05.24-14.47.56:406][506]LogAudioMixer: Display: Output buffers initialized: Frames=1024, Channels=2, Samples=2048
[2025.05.24-14.47.56:407][506]LogAudioMixer: Display: Starting AudioMixerPlatformInterface::RunInternal()
[2025.05.24-14.47.56:407][506]LogAudioMixer: Display: FMixerPlatformXAudio2::SubmitBuffer() called for the first time
[2025.05.24-14.47.56:407][506]LogInit: FAudioDevice initialized.
[2025.05.24-14.47.56:407][506]LogAudio: Display: Audio Device (ID: 45) registered with world 'VRTemplateMap'.
[2025.05.24-14.47.56:413][506]LogLoad: Game class is 'VRGameMode_C'
[2025.05.24-14.47.56:414][506]LogWorld: Bringing World /Game/VRTemplate/Maps/UEDPIE_0_VRTemplateMap.VRTemplateMap up for play (max tick rate 60) at 2025.05.24-17.47.56
[2025.05.24-14.47.56:415][506]LogWorld: Bringing up level for play took: 0.001392
[2025.05.24-14.47.56:415][506]LogOnline: OSS: Creating online subsystem instance for: :Context_69
[2025.05.24-14.47.56:416][506]LogSpawn: Warning: SpawnActor failed because no class was specified
[2025.05.24-14.47.56:417][506]PIE: Server logged in
[2025.05.24-14.47.56:418][506]PIE: Play in editor total start time 0,151 seconds.
[2025.05.24-14.47.56:432][506]LogResonanceAudio: Display: Resonance Audio Listener is initialized
[2025.05.24-14.47.57:783][586]LogEditorViewport: Clicking on Actor (LMB): BP_menu_C (BP_menu2)
[2025.05.24-14.48.00:806][764]LogScript: Warning: Script Msg: Attempted to access index -1 from array 'Class' of length 1 in '/Game/Andrey/Menu/BP_test_menu_2.BP_test_menu_2_C'!
[2025.05.24-14.48.00:806][764]LogScript: Warning: UGameplayStatics::BeginSpawningActorFromClass: can not spawn an actor from a NULL class
[2025.05.24-14.48.03:321][912]LogSlate: Updating window title bar state: overlay mode, drag disabled, window buttons hidden, title bar hidden
[2025.05.24-14.48.03:321][912]LogWorld: BeginTearingDown for /Game/VRTemplate/Maps/UEDPIE_0_VRTemplateMap
[2025.05.24-14.48.03:321][912]LogWorld: UWorld::CleanupWorld for VRTemplateMap, bSessionEnded=true, bCleanupResources=true
[2025.05.24-14.48.03:321][912]LogSlate: InvalidateAllWidgets triggered.  All widgets were invalidated
[2025.05.24-14.48.03:336][912]LogPlayLevel: Display: Shutting down PIE online subsystems
[2025.05.24-14.48.03:350][912]LogSlate: InvalidateAllWidgets triggered.  All widgets were invalidated
[2025.05.24-14.48.03:395][912]LogSlate: Updating window title bar state: overlay mode, drag disabled, window buttons hidden, title bar hidden
[2025.05.24-14.48.03:396][912]LogResonanceAudio: Display: Resonance Audio Listener is shutdown
[2025.05.24-14.48.03:396][912]LogAudioMixer: FMixerPlatformXAudio2::StopAudioStream() called
[2025.05.24-14.48.03:397][912]LogAudioMixer: FMixerPlatformXAudio2::StopAudioStream() called
[2025.05.24-14.48.03:407][912]LogUObjectHash: Compacting FUObjectHashTables data took   4.22ms
[2025.05.24-14.48.03:439][913]LogPlayLevel: Display: Destroying online subsystem :Context_69
[2025.05.24-14.48.13:481][454]BlueprintLog: New page: Compile BP_test_menu_2
[2025.05.24-14.48.13:560][454]LogUObjectHash: Compacting FUObjectHashTables data took   3.74ms
[2025.05.24-14.48.14:083][482]Cmd: OBJ SAVEPACKAGE PACKAGE="/Game/Andrey/Menu/BP_test_menu_2" FILE="../../../../../../Users/AlisaDI/Documents/MephiTasks/UnrealProject/Content/Andrey/Menu/BP_test_menu_2.uasset" SILENT=true
[2025.05.24-14.48.14:102][482]LogSavePackage: Moving '../../../../../../Users/AlisaDI/Documents/MephiTasks/UnrealProject/Saved/BP_test_menu_2713F9A5844B28467CA1E1E805D3BF2AF.tmp' to '../../../../../../Users/AlisaDI/Documents/MephiTasks/UnrealProject/Content/Andrey/Menu/BP_test_menu_2.uasset'
[2025.05.24-14.48.14:124][482]AssetCheck: New page: Asset Save: BP_test_menu_2
[2025.05.24-14.48.14:124][482]LogContentValidation: Display: Validating Blueprint /Game/Andrey/Menu/BP_test_menu_2.BP_test_menu_2
[2025.05.24-14.48.15:468][562]LogTemp: Repeating last play command: Simulate
[2025.05.24-14.48.15:474][562]LogPlayLevel: PlayLevel: No blueprints needed recompiling
[2025.05.24-14.48.15:474][562]PIE: New page: SIE session: VRTemplateMap (24 мая 2025 г., 20:48:15)
[2025.05.24-14.48.15:498][562]LogPlayLevel: Creating play world package: /Game/VRTemplate/Maps/UEDPIE_0_VRTemplateMap
[2025.05.24-14.48.15:502][562]LogPlayLevel: PIE: StaticDuplicateObject took: (0.003513s)
[2025.05.24-14.48.15:503][562]LogAIModule: Creating AISystem for world VRTemplateMap
[2025.05.24-14.48.15:503][562]LogPlayLevel: PIE: World Init took: (0.001081s)
[2025.05.24-14.48.15:503][562]LogPlayLevel: PIE: Created PIE world by copying editor world from /Game/VRTemplate/Maps/VRTemplateMap.VRTemplateMap to /Game/VRTemplate/Maps/UEDPIE_0_VRTemplateMap.VRTemplateMap (0.004775s)
[2025.05.24-14.48.15:555][562]LogUObjectHash: Compacting FUObjectHashTables data took   5.37ms
[2025.05.24-14.48.15:555][562]LogAudio: Display: Creating Audio Device:                 Id: 46, Scope: Unique, Realtime: True
[2025.05.24-14.48.15:556][562]LogAudioMixer: Display: Audio Mixer Platform Settings:
[2025.05.24-14.48.15:556][562]LogAudioMixer: Display: 	Sample Rate:						  48000
[2025.05.24-14.48.15:556][562]LogAudioMixer: Display: 	Callback Buffer Frame Size Requested: 1024
[2025.05.24-14.48.15:556][562]LogAudioMixer: Display: 	Callback Buffer Frame Size To Use:	  1024
[2025.05.24-14.48.15:556][562]LogAudioMixer: Display: 	Number of buffers to queue:			  1
[2025.05.24-14.48.15:556][562]LogAudioMixer: Display: 	Max Channels (voices):				  0
[2025.05.24-14.48.15:556][562]LogAudioMixer: Display: 	Number of Async Source Workers:		  4
[2025.05.24-14.48.15:556][562]LogAudio: Display: AudioDevice MaxSources: 32
[2025.05.24-14.48.15:556][562]LogAudio: Display: Audio Spatialization Plugin: Resonance Audio is external send: 1
[2025.05.24-14.48.15:556][562]LogAudio: Display: Audio Reverb Plugin: Resonance Audio
[2025.05.24-14.48.15:556][562]LogAudio: Display: Audio Occlusion Plugin: None (built-in).
[2025.05.24-14.48.15:556][562]LogAudioMixer: Display: Initializing audio mixer.
[2025.05.24-14.48.15:560][562]LogAudioMixer: Display: 0: FrontLeft
[2025.05.24-14.48.15:560][562]LogAudioMixer: Display: 1: FrontRight
[2025.05.24-14.48.15:601][562]LogAudioMixer: Display: Using Audio Device Динамики (Realtek(R) Audio)
[2025.05.24-14.48.15:601][562]LogAudioMixer: Display: Initializing Sound Submixes...
[2025.05.24-14.48.15:601][562]LogAudioMixer: Display: Creating Master Submix 'MasterSubmixDefault'
[2025.05.24-14.48.15:601][562]LogAudioMixer: Display: Creating Master Submix 'MasterReverbSubmixDefault'
[2025.05.24-14.48.15:601][562]LogAudioMixer: Display: Creating Master Submix 'MasterEQSubmixDefault'
[2025.05.24-14.48.15:602][562]LogAudioMixer: FMixerPlatformXAudio2::StartAudioStream() called
[2025.05.24-14.48.15:602][562]LogAudioMixer: Display: Output buffers initialized: Frames=1024, Channels=2, Samples=2048
[2025.05.24-14.48.15:603][562]LogAudioMixer: Display: Starting AudioMixerPlatformInterface::RunInternal()
[2025.05.24-14.48.15:603][562]LogAudioMixer: Display: FMixerPlatformXAudio2::SubmitBuffer() called for the first time
[2025.05.24-14.48.15:603][562]LogInit: FAudioDevice initialized.
[2025.05.24-14.48.15:603][562]LogAudio: Display: Audio Device (ID: 46) registered with world 'VRTemplateMap'.
[2025.05.24-14.48.15:610][562]LogLoad: Game class is 'VRGameMode_C'
[2025.05.24-14.48.15:612][562]LogWorld: Bringing World /Game/VRTemplate/Maps/UEDPIE_0_VRTemplateMap.VRTemplateMap up for play (max tick rate 60) at 2025.05.24-17.48.15
[2025.05.24-14.48.15:612][562]LogWorld: Bringing up level for play took: 0.001364
[2025.05.24-14.48.15:613][562]LogOnline: OSS: Creating online subsystem instance for: :Context_70
[2025.05.24-14.48.15:614][562]LogSpawn: Warning: SpawnActor failed because no class was specified
[2025.05.24-14.48.15:615][562]PIE: Server logged in
[2025.05.24-14.48.15:616][562]PIE: Play in editor total start time 0,143 seconds.
[2025.05.24-14.48.15:630][562]LogResonanceAudio: Display: Resonance Audio Listener is initialized
[2025.05.24-14.48.20:182][833]LogScript: Warning: Script Msg: Attempted to access index -1 from array 'Class' of length 1 in '/Game/Andrey/Menu/BP_test_menu_2.BP_test_menu_2_C'!
[2025.05.24-14.48.20:182][833]LogScript: Warning: UGameplayStatics::BeginSpawningActorFromClass: can not spawn an actor from a NULL class
[2025.05.24-14.48.20:182][833]LogScript: Warning: Script Msg: Attempted to access index -1 from array 'Class' of length 1 in '/Game/Andrey/Menu/BP_test_menu_2.BP_test_menu_2_C'!
[2025.05.24-14.48.20:183][833]LogScript: Warning: UGameplayStatics::BeginSpawningActorFromClass: can not spawn an actor from a NULL class
[2025.05.24-14.48.20:183][833]LogScript: Warning: Script Msg: Attempted to access index -1 from array 'Class' of length 1 in '/Game/Andrey/Menu/BP_test_menu_2.BP_test_menu_2_C'!
[2025.05.24-14.48.20:183][833]LogScript: Warning: UGameplayStatics::BeginSpawningActorFromClass: can not spawn an actor from a NULL class
[2025.05.24-14.48.38:961][952]LogSlate: Updating window title bar state: overlay mode, drag disabled, window buttons hidden, title bar hidden
[2025.05.24-14.48.38:962][952]LogWorld: BeginTearingDown for /Game/VRTemplate/Maps/UEDPIE_0_VRTemplateMap
[2025.05.24-14.48.38:962][952]LogWorld: UWorld::CleanupWorld for VRTemplateMap, bSessionEnded=true, bCleanupResources=true
[2025.05.24-14.48.38:962][952]LogSlate: InvalidateAllWidgets triggered.  All widgets were invalidated
[2025.05.24-14.48.38:975][952]LogPlayLevel: Display: Shutting down PIE online subsystems
[2025.05.24-14.48.38:987][952]LogSlate: InvalidateAllWidgets triggered.  All widgets were invalidated
[2025.05.24-14.48.39:032][952]LogAudio: Display: Audio Device unregistered from world 'None'.
[2025.05.24-14.48.39:032][952]LogResonanceAudio: Display: Resonance Audio Listener is shutdown
[2025.05.24-14.48.39:032][952]LogAudioMixer: FMixerPlatformXAudio2::StopAudioStream() called
[2025.05.24-14.48.39:034][952]LogAudioMixer: FMixerPlatformXAudio2::StopAudioStream() called
[2025.05.24-14.48.39:037][952]LogSlate: Updating window title bar state: overlay mode, drag disabled, window buttons hidden, title bar hidden
[2025.05.24-14.48.39:043][952]LogUObjectHash: Compacting FUObjectHashTables data took   3.68ms
[2025.05.24-14.48.39:075][953]LogPlayLevel: Display: Destroying online subsystem :Context_70
[2025.05.24-14.48.47:369][439]LogEditorTransaction: Undo Create Pin Link
[2025.05.24-14.48.47:445][439]LogActorComponent: RegisterComponentWithWorld: (/Engine/Transient.World_40:PersistentLevel.AnimationEditorPreviewActor_0.DebugSkelMeshComponent_0) Already registered. Aborting.
[2025.05.24-14.49.04:536][428]BlueprintLog: New page: Compile BP_test_menu_2
[2025.05.24-14.49.04:620][428]LogUObjectHash: Compacting FUObjectHashTables data took   5.35ms
[2025.05.24-14.49.05:007][447]Cmd: OBJ SAVEPACKAGE PACKAGE="/Game/Andrey/Menu/BP_test_menu_2" FILE="../../../../../../Users/AlisaDI/Documents/MephiTasks/UnrealProject/Content/Andrey/Menu/BP_test_menu_2.uasset" SILENT=true
[2025.05.24-14.49.05:025][447]LogSavePackage: Moving '../../../../../../Users/AlisaDI/Documents/MephiTasks/UnrealProject/Saved/BP_test_menu_23D36D49645E3146236E208BA404FD70F.tmp' to '../../../../../../Users/AlisaDI/Documents/MephiTasks/UnrealProject/Content/Andrey/Menu/BP_test_menu_2.uasset'
[2025.05.24-14.49.05:048][447]AssetCheck: New page: Asset Save: BP_test_menu_2
[2025.05.24-14.49.05:048][447]LogContentValidation: Display: Validating Blueprint /Game/Andrey/Menu/BP_test_menu_2.BP_test_menu_2
[2025.05.24-14.49.06:987][563]LogTemp: Repeating last play command: Simulate
[2025.05.24-14.49.06:992][563]LogPlayLevel: PlayLevel: No blueprints needed recompiling
[2025.05.24-14.49.06:992][563]PIE: New page: SIE session: VRTemplateMap (24 мая 2025 г., 20:49:06)
[2025.05.24-14.49.07:018][563]LogPlayLevel: Creating play world package: /Game/VRTemplate/Maps/UEDPIE_0_VRTemplateMap
[2025.05.24-14.49.07:022][563]LogPlayLevel: PIE: StaticDuplicateObject took: (0.003512s)
[2025.05.24-14.49.07:022][563]LogAIModule: Creating AISystem for world VRTemplateMap
[2025.05.24-14.49.07:023][563]LogPlayLevel: PIE: World Init took: (0.001072s)
[2025.05.24-14.49.07:023][563]LogPlayLevel: PIE: Created PIE world by copying editor world from /Game/VRTemplate/Maps/VRTemplateMap.VRTemplateMap to /Game/VRTemplate/Maps/UEDPIE_0_VRTemplateMap.VRTemplateMap (0.004737s)
[2025.05.24-14.49.07:073][563]LogUObjectHash: Compacting FUObjectHashTables data took   5.20ms
[2025.05.24-14.49.07:074][563]LogAudio: Display: Creating Audio Device:                 Id: 47, Scope: Unique, Realtime: True
[2025.05.24-14.49.07:074][563]LogAudioMixer: Display: Audio Mixer Platform Settings:
[2025.05.24-14.49.07:074][563]LogAudioMixer: Display: 	Sample Rate:						  48000
[2025.05.24-14.49.07:074][563]LogAudioMixer: Display: 	Callback Buffer Frame Size Requested: 1024
[2025.05.24-14.49.07:074][563]LogAudioMixer: Display: 	Callback Buffer Frame Size To Use:	  1024
[2025.05.24-14.49.07:074][563]LogAudioMixer: Display: 	Number of buffers to queue:			  1
[2025.05.24-14.49.07:074][563]LogAudioMixer: Display: 	Max Channels (voices):				  0
[2025.05.24-14.49.07:074][563]LogAudioMixer: Display: 	Number of Async Source Workers:		  4
[2025.05.24-14.49.07:074][563]LogAudio: Display: AudioDevice MaxSources: 32
[2025.05.24-14.49.07:074][563]LogAudio: Display: Audio Spatialization Plugin: Resonance Audio is external send: 1
[2025.05.24-14.49.07:074][563]LogAudio: Display: Audio Reverb Plugin: Resonance Audio
[2025.05.24-14.49.07:074][563]LogAudio: Display: Audio Occlusion Plugin: None (built-in).
[2025.05.24-14.49.07:074][563]LogAudioMixer: Display: Initializing audio mixer.
[2025.05.24-14.49.07:079][563]LogAudioMixer: Display: 0: FrontLeft
[2025.05.24-14.49.07:079][563]LogAudioMixer: Display: 1: FrontRight
[2025.05.24-14.49.07:115][563]LogAudioMixer: Display: Using Audio Device Динамики (Realtek(R) Audio)
[2025.05.24-14.49.07:115][563]LogAudioMixer: Display: Initializing Sound Submixes...
[2025.05.24-14.49.07:115][563]LogAudioMixer: Display: Creating Master Submix 'MasterSubmixDefault'
[2025.05.24-14.49.07:115][563]LogAudioMixer: Display: Creating Master Submix 'MasterReverbSubmixDefault'
[2025.05.24-14.49.07:116][563]LogAudioMixer: Display: Creating Master Submix 'MasterEQSubmixDefault'
[2025.05.24-14.49.07:116][563]LogAudioMixer: FMixerPlatformXAudio2::StartAudioStream() called
[2025.05.24-14.49.07:116][563]LogAudioMixer: Display: Output buffers initialized: Frames=1024, Channels=2, Samples=2048
[2025.05.24-14.49.07:117][563]LogAudioMixer: Display: Starting AudioMixerPlatformInterface::RunInternal()
[2025.05.24-14.49.07:117][563]LogAudioMixer: Display: FMixerPlatformXAudio2::SubmitBuffer() called for the first time
[2025.05.24-14.49.07:117][563]LogInit: FAudioDevice initialized.
[2025.05.24-14.49.07:117][563]LogAudio: Display: Audio Device (ID: 47) registered with world 'VRTemplateMap'.
[2025.05.24-14.49.07:123][563]LogLoad: Game class is 'VRGameMode_C'
[2025.05.24-14.49.07:125][563]LogWorld: Bringing World /Game/VRTemplate/Maps/UEDPIE_0_VRTemplateMap.VRTemplateMap up for play (max tick rate 60) at 2025.05.24-17.49.07
[2025.05.24-14.49.07:126][563]LogWorld: Bringing up level for play took: 0.001596
[2025.05.24-14.49.07:126][563]LogOnline: OSS: Creating online subsystem instance for: :Context_71
[2025.05.24-14.49.07:128][563]LogSpawn: Warning: SpawnActor failed because no class was specified
[2025.05.24-14.49.07:129][563]PIE: Server logged in
[2025.05.24-14.49.07:130][563]PIE: Play in editor total start time 0,138 seconds.
[2025.05.24-14.49.07:144][563]LogResonanceAudio: Display: Resonance Audio Listener is initialized
[2025.05.24-14.49.41:440][616]LogSlate: Updating window title bar state: overlay mode, drag disabled, window buttons hidden, title bar hidden
[2025.05.24-14.49.41:440][616]LogWorld: BeginTearingDown for /Game/VRTemplate/Maps/UEDPIE_0_VRTemplateMap
[2025.05.24-14.49.41:441][616]LogWorld: UWorld::CleanupWorld for VRTemplateMap, bSessionEnded=true, bCleanupResources=true
[2025.05.24-14.49.41:441][616]LogSlate: InvalidateAllWidgets triggered.  All widgets were invalidated
[2025.05.24-14.49.41:455][616]LogPlayLevel: Display: Shutting down PIE online subsystems
[2025.05.24-14.49.41:469][616]LogSlate: InvalidateAllWidgets triggered.  All widgets were invalidated
[2025.05.24-14.49.41:512][616]LogSlate: Updating window title bar state: overlay mode, drag disabled, window buttons hidden, title bar hidden
[2025.05.24-14.49.41:513][616]LogResonanceAudio: Display: Resonance Audio Listener is shutdown
[2025.05.24-14.49.41:513][616]LogAudioMixer: FMixerPlatformXAudio2::StopAudioStream() called
[2025.05.24-14.49.41:514][616]LogAudioMixer: FMixerPlatformXAudio2::StopAudioStream() called
[2025.05.24-14.49.41:524][616]LogUObjectHash: Compacting FUObjectHashTables data took   4.24ms
[2025.05.24-14.49.41:564][617]LogPlayLevel: Display: Destroying online subsystem :Context_71
[2025.05.24-14.50.08:797][208]BlueprintLog: New page: Compile BP_test_menu_2
[2025.05.24-14.50.08:877][208]LogUObjectHash: Compacting FUObjectHashTables data took   4.24ms
[2025.05.24-14.50.09:335][232]Cmd: OBJ SAVEPACKAGE PACKAGE="/Game/Andrey/Menu/BP_test_menu_2" FILE="../../../../../../Users/AlisaDI/Documents/MephiTasks/UnrealProject/Content/Andrey/Menu/BP_test_menu_2.uasset" SILENT=true
[2025.05.24-14.50.09:352][232]LogSavePackage: Moving '../../../../../../Users/AlisaDI/Documents/MephiTasks/UnrealProject/Saved/BP_test_menu_27F6E79744FD59821D25FB393102031F9.tmp' to '../../../../../../Users/AlisaDI/Documents/MephiTasks/UnrealProject/Content/Andrey/Menu/BP_test_menu_2.uasset'
[2025.05.24-14.50.09:373][232]AssetCheck: New page: Asset Save: BP_test_menu_2
[2025.05.24-14.50.09:373][232]LogContentValidation: Display: Validating Blueprint /Game/Andrey/Menu/BP_test_menu_2.BP_test_menu_2
[2025.05.24-14.50.11:078][334]LogTemp: Repeating last play command: Simulate
[2025.05.24-14.50.11:084][334]LogPlayLevel: PlayLevel: No blueprints needed recompiling
[2025.05.24-14.50.11:084][334]PIE: New page: SIE session: VRTemplateMap (24 мая 2025 г., 20:50:11)
[2025.05.24-14.50.11:084][334]LogPlayLevel: Creating play world package: /Game/VRTemplate/Maps/UEDPIE_0_VRTemplateMap
[2025.05.24-14.50.11:088][334]LogPlayLevel: PIE: StaticDuplicateObject took: (0.003642s)
[2025.05.24-14.50.11:089][334]LogAIModule: Creating AISystem for world VRTemplateMap
[2025.05.24-14.50.11:089][334]LogPlayLevel: PIE: World Init took: (0.001032s)
[2025.05.24-14.50.11:089][334]LogPlayLevel: PIE: Created PIE world by copying editor world from /Game/VRTemplate/Maps/VRTemplateMap.VRTemplateMap to /Game/VRTemplate/Maps/UEDPIE_0_VRTemplateMap.VRTemplateMap (0.004789s)
[2025.05.24-14.50.11:141][334]LogUObjectHash: Compacting FUObjectHashTables data took   5.40ms
[2025.05.24-14.50.11:142][334]LogAudio: Display: Creating Audio Device:                 Id: 48, Scope: Unique, Realtime: True
[2025.05.24-14.50.11:142][334]LogAudioMixer: Display: Audio Mixer Platform Settings:
[2025.05.24-14.50.11:142][334]LogAudioMixer: Display: 	Sample Rate:						  48000
[2025.05.24-14.50.11:142][334]LogAudioMixer: Display: 	Callback Buffer Frame Size Requested: 1024
[2025.05.24-14.50.11:142][334]LogAudioMixer: Display: 	Callback Buffer Frame Size To Use:	  1024
[2025.05.24-14.50.11:142][334]LogAudioMixer: Display: 	Number of buffers to queue:			  1
[2025.05.24-14.50.11:142][334]LogAudioMixer: Display: 	Max Channels (voices):				  0
[2025.05.24-14.50.11:142][334]LogAudioMixer: Display: 	Number of Async Source Workers:		  4
[2025.05.24-14.50.11:142][334]LogAudio: Display: AudioDevice MaxSources: 32
[2025.05.24-14.50.11:143][334]LogAudio: Display: Audio Spatialization Plugin: Resonance Audio is external send: 1
[2025.05.24-14.50.11:143][334]LogAudio: Display: Audio Reverb Plugin: Resonance Audio
[2025.05.24-14.50.11:143][334]LogAudio: Display: Audio Occlusion Plugin: None (built-in).
[2025.05.24-14.50.11:143][334]LogAudioMixer: Display: Initializing audio mixer.
[2025.05.24-14.50.11:147][334]LogAudioMixer: Display: 0: FrontLeft
[2025.05.24-14.50.11:147][334]LogAudioMixer: Display: 1: FrontRight
[2025.05.24-14.50.11:190][334]LogAudioMixer: Display: Using Audio Device Динамики (Realtek(R) Audio)
[2025.05.24-14.50.11:190][334]LogAudioMixer: Display: Initializing Sound Submixes...
[2025.05.24-14.50.11:190][334]LogAudioMixer: Display: Creating Master Submix 'MasterSubmixDefault'
[2025.05.24-14.50.11:190][334]LogAudioMixer: Display: Creating Master Submix 'MasterReverbSubmixDefault'
[2025.05.24-14.50.11:191][334]LogAudioMixer: Display: Creating Master Submix 'MasterEQSubmixDefault'
[2025.05.24-14.50.11:191][334]LogAudioMixer: FMixerPlatformXAudio2::StartAudioStream() called
[2025.05.24-14.50.11:191][334]LogAudioMixer: Display: Output buffers initialized: Frames=1024, Channels=2, Samples=2048
[2025.05.24-14.50.11:192][334]LogAudioMixer: Display: Starting AudioMixerPlatformInterface::RunInternal()
[2025.05.24-14.50.11:192][334]LogAudioMixer: Display: FMixerPlatformXAudio2::SubmitBuffer() called for the first time
[2025.05.24-14.50.11:192][334]LogInit: FAudioDevice initialized.
[2025.05.24-14.50.11:192][334]LogAudio: Display: Audio Device (ID: 48) registered with world 'VRTemplateMap'.
[2025.05.24-14.50.11:199][334]LogLoad: Game class is 'VRGameMode_C'
[2025.05.24-14.50.11:200][334]LogWorld: Bringing World /Game/VRTemplate/Maps/UEDPIE_0_VRTemplateMap.VRTemplateMap up for play (max tick rate 60) at 2025.05.24-17.50.11
[2025.05.24-14.50.11:201][334]LogWorld: Bringing up level for play took: 0.001388
[2025.05.24-14.50.11:201][334]LogOnline: OSS: Creating online subsystem instance for: :Context_72
[2025.05.24-14.50.11:202][334]LogSpawn: Warning: SpawnActor failed because no class was specified
[2025.05.24-14.50.11:204][334]PIE: Server logged in
[2025.05.24-14.50.11:204][334]PIE: Play in editor total start time 0,122 seconds.
[2025.05.24-14.50.11:219][334]LogResonanceAudio: Display: Resonance Audio Listener is initialized
[2025.05.24-14.50.45:410][378]LogSlate: Updating window title bar state: overlay mode, drag disabled, window buttons hidden, title bar hidden
[2025.05.24-14.50.45:410][378]LogWorld: BeginTearingDown for /Game/VRTemplate/Maps/UEDPIE_0_VRTemplateMap
[2025.05.24-14.50.45:410][378]LogWorld: UWorld::CleanupWorld for VRTemplateMap, bSessionEnded=true, bCleanupResources=true
[2025.05.24-14.50.45:411][378]LogSlate: InvalidateAllWidgets triggered.  All widgets were invalidated
[2025.05.24-14.50.45:428][378]LogPlayLevel: Display: Shutting down PIE online subsystems
[2025.05.24-14.50.45:443][378]LogSlate: InvalidateAllWidgets triggered.  All widgets were invalidated
[2025.05.24-14.50.45:490][378]LogAudio: Display: Audio Device unregistered from world 'None'.
[2025.05.24-14.50.45:491][378]LogResonanceAudio: Display: Resonance Audio Listener is shutdown
[2025.05.24-14.50.45:491][378]LogAudioMixer: FMixerPlatformXAudio2::StopAudioStream() called
[2025.05.24-14.50.45:492][378]LogAudioMixer: FMixerPlatformXAudio2::StopAudioStream() called
[2025.05.24-14.50.45:497][378]LogSlate: Updating window title bar state: overlay mode, drag disabled, window buttons hidden, title bar hidden
[2025.05.24-14.50.45:504][378]LogUObjectHash: Compacting FUObjectHashTables data took   5.18ms
[2025.05.24-14.50.45:535][379]LogPlayLevel: Display: Destroying online subsystem :Context_72
[2025.05.24-14.51.25:081][682]BlueprintLog: New page: Compile BP_test_menu_2
[2025.05.24-14.51.25:162][682]LogUObjectHash: Compacting FUObjectHashTables data took   4.50ms
[2025.05.24-14.51.25:482][696]Cmd: OBJ SAVEPACKAGE PACKAGE="/Game/Andrey/Menu/BP_test_menu_2" FILE="../../../../../../Users/AlisaDI/Documents/MephiTasks/UnrealProject/Content/Andrey/Menu/BP_test_menu_2.uasset" SILENT=true
[2025.05.24-14.51.25:502][696]LogSavePackage: Moving '../../../../../../Users/AlisaDI/Documents/MephiTasks/UnrealProject/Saved/BP_test_menu_2E789B09E4DD7ED957DB52790FE2662FF.tmp' to '../../../../../../Users/AlisaDI/Documents/MephiTasks/UnrealProject/Content/Andrey/Menu/BP_test_menu_2.uasset'
[2025.05.24-14.51.25:524][696]AssetCheck: New page: Asset Save: BP_test_menu_2
[2025.05.24-14.51.25:524][696]LogContentValidation: Display: Validating Blueprint /Game/Andrey/Menu/BP_test_menu_2.BP_test_menu_2
[2025.05.24-14.51.26:973][783]LogTemp: Repeating last play command: Simulate
[2025.05.24-14.51.26:978][783]LogPlayLevel: PlayLevel: No blueprints needed recompiling
[2025.05.24-14.51.26:978][783]PIE: New page: SIE session: VRTemplateMap (24 мая 2025 г., 20:51:26)
[2025.05.24-14.51.27:009][783]LogPlayLevel: Creating play world package: /Game/VRTemplate/Maps/UEDPIE_0_VRTemplateMap
[2025.05.24-14.51.27:013][783]LogPlayLevel: PIE: StaticDuplicateObject took: (0.003678s)
[2025.05.24-14.51.27:013][783]LogAIModule: Creating AISystem for world VRTemplateMap
[2025.05.24-14.51.27:014][783]LogPlayLevel: PIE: World Init took: (0.001207s)
[2025.05.24-14.51.27:014][783]LogPlayLevel: PIE: Created PIE world by copying editor world from /Game/VRTemplate/Maps/VRTemplateMap.VRTemplateMap to /Game/VRTemplate/Maps/UEDPIE_0_VRTemplateMap.VRTemplateMap (0.005074s)
[2025.05.24-14.51.27:062][783]LogUObjectHash: Compacting FUObjectHashTables data took   5.18ms
[2025.05.24-14.51.27:063][783]LogAudio: Display: Creating Audio Device:                 Id: 49, Scope: Unique, Realtime: True
[2025.05.24-14.51.27:063][783]LogAudioMixer: Display: Audio Mixer Platform Settings:
[2025.05.24-14.51.27:063][783]LogAudioMixer: Display: 	Sample Rate:						  48000
[2025.05.24-14.51.27:063][783]LogAudioMixer: Display: 	Callback Buffer Frame Size Requested: 1024
[2025.05.24-14.51.27:063][783]LogAudioMixer: Display: 	Callback Buffer Frame Size To Use:	  1024
[2025.05.24-14.51.27:063][783]LogAudioMixer: Display: 	Number of buffers to queue:			  1
[2025.05.24-14.51.27:063][783]LogAudioMixer: Display: 	Max Channels (voices):				  0
[2025.05.24-14.51.27:063][783]LogAudioMixer: Display: 	Number of Async Source Workers:		  4
[2025.05.24-14.51.27:063][783]LogAudio: Display: AudioDevice MaxSources: 32
[2025.05.24-14.51.27:064][783]LogAudio: Display: Audio Spatialization Plugin: Resonance Audio is external send: 1
[2025.05.24-14.51.27:064][783]LogAudio: Display: Audio Reverb Plugin: Resonance Audio
[2025.05.24-14.51.27:064][783]LogAudio: Display: Audio Occlusion Plugin: None (built-in).
[2025.05.24-14.51.27:064][783]LogAudioMixer: Display: Initializing audio mixer.
[2025.05.24-14.51.27:068][783]LogAudioMixer: Display: 0: FrontLeft
[2025.05.24-14.51.27:068][783]LogAudioMixer: Display: 1: FrontRight
[2025.05.24-14.51.27:112][783]LogAudioMixer: Display: Using Audio Device Динамики (Realtek(R) Audio)
[2025.05.24-14.51.27:112][783]LogAudioMixer: Display: Initializing Sound Submixes...
[2025.05.24-14.51.27:112][783]LogAudioMixer: Display: Creating Master Submix 'MasterSubmixDefault'
[2025.05.24-14.51.27:112][783]LogAudioMixer: Display: Creating Master Submix 'MasterReverbSubmixDefault'
[2025.05.24-14.51.27:113][783]LogAudioMixer: Display: Creating Master Submix 'MasterEQSubmixDefault'
[2025.05.24-14.51.27:113][783]LogAudioMixer: FMixerPlatformXAudio2::StartAudioStream() called
[2025.05.24-14.51.27:113][783]LogAudioMixer: Display: Output buffers initialized: Frames=1024, Channels=2, Samples=2048
[2025.05.24-14.51.27:114][783]LogAudioMixer: Display: Starting AudioMixerPlatformInterface::RunInternal()
[2025.05.24-14.51.27:114][783]LogAudioMixer: Display: FMixerPlatformXAudio2::SubmitBuffer() called for the first time
[2025.05.24-14.51.27:114][783]LogInit: FAudioDevice initialized.
[2025.05.24-14.51.27:114][783]LogAudio: Display: Audio Device (ID: 49) registered with world 'VRTemplateMap'.
[2025.05.24-14.51.27:124][783]LogLoad: Game class is 'VRGameMode_C'
[2025.05.24-14.51.27:125][783]LogWorld: Bringing World /Game/VRTemplate/Maps/UEDPIE_0_VRTemplateMap.VRTemplateMap up for play (max tick rate 60) at 2025.05.24-17.51.27
[2025.05.24-14.51.27:125][783]LogWorld: Bringing up level for play took: 0.001388
[2025.05.24-14.51.27:126][783]LogOnline: OSS: Creating online subsystem instance for: :Context_73
[2025.05.24-14.51.27:127][783]LogSpawn: Warning: SpawnActor failed because no class was specified
[2025.05.24-14.51.27:128][783]PIE: Server logged in
[2025.05.24-14.51.27:129][783]PIE: Play in editor total start time 0,152 seconds.
[2025.05.24-14.51.27:144][783]LogResonanceAudio: Display: Resonance Audio Listener is initialized
[2025.05.24-14.51.38:040][432]LogSlate: Updating window title bar state: overlay mode, drag disabled, window buttons hidden, title bar hidden
[2025.05.24-14.51.38:040][432]LogWorld: BeginTearingDown for /Game/VRTemplate/Maps/UEDPIE_0_VRTemplateMap
[2025.05.24-14.51.38:041][432]LogWorld: UWorld::CleanupWorld for VRTemplateMap, bSessionEnded=true, bCleanupResources=true
[2025.05.24-14.51.38:041][432]LogSlate: InvalidateAllWidgets triggered.  All widgets were invalidated
[2025.05.24-14.51.38:059][432]LogPlayLevel: Display: Shutting down PIE online subsystems
[2025.05.24-14.51.38:072][432]LogSlate: InvalidateAllWidgets triggered.  All widgets were invalidated
[2025.05.24-14.51.38:115][432]LogAudio: Display: Audio Device unregistered from world 'None'.
[2025.05.24-14.51.38:116][432]LogResonanceAudio: Display: Resonance Audio Listener is shutdown
[2025.05.24-14.51.38:116][432]LogAudioMixer: FMixerPlatformXAudio2::StopAudioStream() called
[2025.05.24-14.51.38:117][432]LogAudioMixer: FMixerPlatformXAudio2::StopAudioStream() called
[2025.05.24-14.51.38:121][432]LogSlate: Updating window title bar state: overlay mode, drag disabled, window buttons hidden, title bar hidden
[2025.05.24-14.51.38:126][432]LogUObjectHash: Compacting FUObjectHashTables data took   3.74ms
[2025.05.24-14.51.38:157][433]LogPlayLevel: Display: Destroying online subsystem :Context_73
[2025.05.24-14.51.43:044][720]LogContentBrowser: Deferred new asset file creation: NewMaterial
[2025.05.24-14.51.43:075][720]LogContentBrowser: Creating deferred item: NewMaterial
[2025.05.24-14.51.52:980][315]LogContentBrowser: Attempting asset rename: NewMaterial -> M_Main
[2025.05.24-14.51.52:983][315]LogContentBrowser: End creating deferred item NewMaterial
[2025.05.24-14.51.55:790][482]LogAssetEditorSubsystem: Opening Asset editor for Material /Game/Resources/Materials/M_Main.M_Main
[2025.05.24-14.51.55:803][482]LogMaterial: Display: Missing cached shadermap for M_Main in PCD3D_SM5, Default, SM5 (DDC key hash: F34F9ECF6247FD6FAF66EEE7BF5E4584CF08F039), compiling. 
[2025.05.24-14.51.55:810][482]LogShaderCompilers: Display: Submitted 10 shader compile jobs with 'Normal' priority
[2025.05.24-14.51.55:890][482]LogMaterial: Display: Missing cached shadermap for M_Main in PCD3D_SM5, Default, SM5 (DDC key hash: C547F1E872045DAB34F5836DE2461832698D3CEA), compiling. 
[2025.05.24-14.51.55:894][482]LogMaterial: Display: Missing cached shadermap for M_Main in PCD3D_SM5, Default, SM5 (DDC key hash: C444C7637C18BD2C03BEF68D75286CEA33A54648), compiling. 
[2025.05.24-14.51.55:913][482]MaterialEditorStats: Texture samplers: 0/16
[2025.05.24-14.51.56:027][483]LogShaderCompilers: Display: Submitted 2 shader compile jobs with 'ForceLocal' priority
[2025.05.24-14.51.56:027][483]LogShaderCompilers: Display: Worker (1/13): shaders left to compile 2
[2025.05.24-14.51.56:027][483]LogShaderCompilers: Display: Worker (2/13): shaders left to compile 1
[2025.05.24-14.51.56:027][483]LogShaderCompilers: Display: Started 2 'Local' shader compile jobs with 'ForceLocal' priority
[2025.05.24-14.51.56:027][483]LogShaderCompilers: Display: Submitted 8 shader compile jobs with 'Normal' priority
[2025.05.24-14.51.56:027][483]LogShaderCompilers: Display: Worker (3/13): shaders left to compile 8
[2025.05.24-14.51.56:027][483]LogShaderCompilers: Display: Worker (4/13): shaders left to compile 7
[2025.05.24-14.51.56:027][483]LogShaderCompilers: Display: Worker (5/13): shaders left to compile 6
[2025.05.24-14.51.56:027][483]LogShaderCompilers: Display: Worker (6/13): shaders left to compile 5
[2025.05.24-14.51.56:027][483]LogShaderCompilers: Display: Worker (7/13): shaders left to compile 4
[2025.05.24-14.51.56:027][483]LogShaderCompilers: Display: Worker (8/13): shaders left to compile 3
[2025.05.24-14.51.56:027][483]LogShaderCompilers: Display: Worker (9/13): shaders left to compile 2
[2025.05.24-14.51.56:027][483]LogShaderCompilers: Display: Worker (10/13): shaders left to compile 1
[2025.05.24-14.51.56:027][483]LogShaderCompilers: Display: Started 8 'Local' shader compile jobs with 'Normal' priority
[2025.05.24-14.51.57:442][548]LogShaderCompilers: Display: === FShaderJobCache stats ===
[2025.05.24-14.51.57:442][548]LogShaderCompilers: Display: Total job queries 51, among them cache hits 0 (0.00%)
[2025.05.24-14.51.57:442][548]LogShaderCompilers: Display: Tracking 32 distinct input hashes that result in 27 distinct outputs (84.38%)
[2025.05.24-14.51.57:442][548]LogShaderCompilers: Display: RAM used: 0.44 MB (0.00 GB) of 1638.40 MB (1.60 GB) budget. Usage: 0.03%
[2025.05.24-14.51.57:442][548]LogShaderCompilers: Display: ================================================
[2025.05.24-14.51.57:733][561]MaterialEditorStats: Texture samplers: 2/16
[2025.05.24-14.51.57:811][565]LogTemp: Repeating last play command: Simulate
[2025.05.24-14.51.57:824][565]LogPlayLevel: PlayLevel: No blueprints needed recompiling
[2025.05.24-14.51.57:825][565]PIE: New page: SIE session: VRTemplateMap (24 мая 2025 г., 20:51:57)
[2025.05.24-14.51.57:825][565]LogPlayLevel: Creating play world package: /Game/VRTemplate/Maps/UEDPIE_0_VRTemplateMap
[2025.05.24-14.51.57:835][565]LogPlayLevel: PIE: StaticDuplicateObject took: (0.010423s)
[2025.05.24-14.51.57:837][565]LogAIModule: Creating AISystem for world VRTemplateMap
[2025.05.24-14.51.57:839][565]LogPlayLevel: PIE: World Init took: (0.003722s)
[2025.05.24-14.51.57:839][565]LogPlayLevel: PIE: Created PIE world by copying editor world from /Game/VRTemplate/Maps/VRTemplateMap.VRTemplateMap to /Game/VRTemplate/Maps/UEDPIE_0_VRTemplateMap.VRTemplateMap (0.014474s)
[2025.05.24-14.51.57:910][565]LogUObjectHash: Compacting FUObjectHashTables data took   7.01ms
[2025.05.24-14.51.57:920][565]LogAudio: Display: Creating Audio Device:                 Id: 50, Scope: Unique, Realtime: True
[2025.05.24-14.51.57:921][565]LogAudioMixer: Display: Audio Mixer Platform Settings:
[2025.05.24-14.51.57:921][565]LogAudioMixer: Display: 	Sample Rate:						  48000
[2025.05.24-14.51.57:921][565]LogAudioMixer: Display: 	Callback Buffer Frame Size Requested: 1024
[2025.05.24-14.51.57:921][565]LogAudioMixer: Display: 	Callback Buffer Frame Size To Use:	  1024
[2025.05.24-14.51.57:921][565]LogAudioMixer: Display: 	Number of buffers to queue:			  1
[2025.05.24-14.51.57:921][565]LogAudioMixer: Display: 	Max Channels (voices):				  0
[2025.05.24-14.51.57:921][565]LogAudioMixer: Display: 	Number of Async Source Workers:		  4
[2025.05.24-14.51.57:921][565]LogAudio: Display: AudioDevice MaxSources: 32
[2025.05.24-14.51.57:921][565]LogAudio: Display: Audio Spatialization Plugin: Resonance Audio is external send: 1
[2025.05.24-14.51.57:921][565]LogAudio: Display: Audio Reverb Plugin: Resonance Audio
[2025.05.24-14.51.57:921][565]LogAudio: Display: Audio Occlusion Plugin: None (built-in).
[2025.05.24-14.51.57:922][565]LogAudioMixer: Display: Initializing audio mixer.
[2025.05.24-14.51.57:929][565]LogAudioMixer: Display: 0: FrontLeft
[2025.05.24-14.51.57:929][565]LogAudioMixer: Display: 1: FrontRight
[2025.05.24-14.51.58:019][565]LogAudioMixer: Display: Using Audio Device Динамики (Realtek(R) Audio)
[2025.05.24-14.51.58:020][565]LogAudioMixer: Display: Initializing Sound Submixes...
[2025.05.24-14.51.58:020][565]LogAudioMixer: Display: Creating Master Submix 'MasterSubmixDefault'
[2025.05.24-14.51.58:020][565]LogAudioMixer: Display: Creating Master Submix 'MasterReverbSubmixDefault'
[2025.05.24-14.51.58:020][565]LogAudioMixer: Display: Creating Master Submix 'MasterEQSubmixDefault'
[2025.05.24-14.51.58:021][565]LogAudioMixer: FMixerPlatformXAudio2::StartAudioStream() called
[2025.05.24-14.51.58:021][565]LogAudioMixer: Display: Output buffers initialized: Frames=1024, Channels=2, Samples=2048
[2025.05.24-14.51.58:023][565]LogAudioMixer: Display: Starting AudioMixerPlatformInterface::RunInternal()
[2025.05.24-14.51.58:023][565]LogAudioMixer: Display: FMixerPlatformXAudio2::SubmitBuffer() called for the first time
[2025.05.24-14.51.58:023][565]LogInit: FAudioDevice initialized.
[2025.05.24-14.51.58:023][565]LogAudio: Display: Audio Device (ID: 50) registered with world 'VRTemplateMap'.
[2025.05.24-14.51.58:037][565]LogLoad: Game class is 'VRGameMode_C'
[2025.05.24-14.51.58:041][565]LogWorld: Bringing World /Game/VRTemplate/Maps/UEDPIE_0_VRTemplateMap.VRTemplateMap up for play (max tick rate 60) at 2025.05.24-17.51.58
[2025.05.24-14.51.58:042][565]LogWorld: Bringing up level for play took: 0.003479
[2025.05.24-14.51.58:042][565]LogOnline: OSS: Creating online subsystem instance for: :Context_75
[2025.05.24-14.51.58:045][565]LogSpawn: Warning: SpawnActor failed because no class was specified
[2025.05.24-14.51.58:048][565]PIE: Server logged in
[2025.05.24-14.51.58:050][565]PIE: Play in editor total start time 0,227 seconds.
[2025.05.24-14.51.58:081][565]LogResonanceAudio: Display: Resonance Audio Listener is initialized
[2025.05.24-14.52.03:504][824]MaterialEditorStats: Texture samplers: 3/16
[2025.05.24-14.52.03:767][838]MaterialEditorStats: Texture samplers: 4/16
[2025.05.24-14.52.04:015][852]MaterialEditorStats: Base pass shader: 790 instructions
[2025.05.24-14.52.04:015][852]MaterialEditorStats: Base pass shader with Volumetric Lightmap: 858 instructions
[2025.05.24-14.52.04:015][852]MaterialEditorStats: Base pass vertex shader: 267 instructions
[2025.05.24-14.52.04:015][852]MaterialEditorStats: Texture samplers: 4/16
[2025.05.24-14.52.05:148][920]LogScript: Warning: Script Msg: Attempted to access index 1 from array 'Class' of length 1 in '/Game/Andrey/Menu/BP_test_menu_2.BP_test_menu_2_C'!
[2025.05.24-14.52.05:148][920]LogScript: Warning: UGameplayStatics::BeginSpawningActorFromClass: can not spawn an actor from a NULL class
[2025.05.24-14.52.09:840][199]LogSlate: Updating window title bar state: overlay mode, drag disabled, window buttons hidden, title bar hidden
[2025.05.24-14.52.09:840][199]LogWorld: BeginTearingDown for /Game/VRTemplate/Maps/UEDPIE_0_VRTemplateMap
[2025.05.24-14.52.09:841][199]LogWorld: UWorld::CleanupWorld for VRTemplateMap, bSessionEnded=true, bCleanupResources=true
[2025.05.24-14.52.09:841][199]LogSlate: InvalidateAllWidgets triggered.  All widgets were invalidated
[2025.05.24-14.52.09:851][199]LogPlayLevel: Display: Shutting down PIE online subsystems
[2025.05.24-14.52.09:864][199]LogSlate: InvalidateAllWidgets triggered.  All widgets were invalidated
[2025.05.24-14.52.09:906][199]LogAudio: Display: Audio Device unregistered from world 'None'.
[2025.05.24-14.52.09:906][199]LogResonanceAudio: Display: Resonance Audio Listener is shutdown
[2025.05.24-14.52.09:907][199]LogAudioMixer: FMixerPlatformXAudio2::StopAudioStream() called
[2025.05.24-14.52.09:908][199]LogAudioMixer: FMixerPlatformXAudio2::StopAudioStream() called
[2025.05.24-14.52.09:912][199]LogSlate: Updating window title bar state: overlay mode, drag disabled, window buttons hidden, title bar hidden
[2025.05.24-14.52.09:918][199]LogUObjectHash: Compacting FUObjectHashTables data took   4.04ms
[2025.05.24-14.52.09:948][200]LogPlayLevel: Display: Destroying online subsystem :Context_75
[2025.05.24-14.52.11:316][282]LogTemp: Repeating last play command: Simulate
[2025.05.24-14.52.11:321][282]LogPlayLevel: PlayLevel: No blueprints needed recompiling
[2025.05.24-14.52.11:321][282]PIE: New page: SIE session: VRTemplateMap (24 мая 2025 г., 20:52:11)
[2025.05.24-14.52.11:321][282]LogPlayLevel: Creating play world package: /Game/VRTemplate/Maps/UEDPIE_0_VRTemplateMap
[2025.05.24-14.52.11:325][282]LogPlayLevel: PIE: StaticDuplicateObject took: (0.003545s)
[2025.05.24-14.52.11:326][282]LogAIModule: Creating AISystem for world VRTemplateMap
[2025.05.24-14.52.11:326][282]LogPlayLevel: PIE: World Init took: (0.001077s)
[2025.05.24-14.52.11:326][282]LogPlayLevel: PIE: Created PIE world by copying editor world from /Game/VRTemplate/Maps/VRTemplateMap.VRTemplateMap to /Game/VRTemplate/Maps/UEDPIE_0_VRTemplateMap.VRTemplateMap (0.004732s)
[2025.05.24-14.52.11:377][282]LogUObjectHash: Compacting FUObjectHashTables data took   3.92ms
[2025.05.24-14.52.11:379][282]LogAudio: Display: Creating Audio Device:                 Id: 51, Scope: Unique, Realtime: True
[2025.05.24-14.52.11:379][282]LogAudioMixer: Display: Audio Mixer Platform Settings:
[2025.05.24-14.52.11:379][282]LogAudioMixer: Display: 	Sample Rate:						  48000
[2025.05.24-14.52.11:379][282]LogAudioMixer: Display: 	Callback Buffer Frame Size Requested: 1024
[2025.05.24-14.52.11:379][282]LogAudioMixer: Display: 	Callback Buffer Frame Size To Use:	  1024
[2025.05.24-14.52.11:379][282]LogAudioMixer: Display: 	Number of buffers to queue:			  1
[2025.05.24-14.52.11:379][282]LogAudioMixer: Display: 	Max Channels (voices):				  0
[2025.05.24-14.52.11:379][282]LogAudioMixer: Display: 	Number of Async Source Workers:		  4
[2025.05.24-14.52.11:379][282]LogAudio: Display: AudioDevice MaxSources: 32
[2025.05.24-14.52.11:379][282]LogAudio: Display: Audio Spatialization Plugin: Resonance Audio is external send: 1
[2025.05.24-14.52.11:379][282]LogAudio: Display: Audio Reverb Plugin: Resonance Audio
[2025.05.24-14.52.11:379][282]LogAudio: Display: Audio Occlusion Plugin: None (built-in).
[2025.05.24-14.52.11:379][282]LogAudioMixer: Display: Initializing audio mixer.
[2025.05.24-14.52.11:384][282]LogAudioMixer: Display: 0: FrontLeft
[2025.05.24-14.52.11:384][282]LogAudioMixer: Display: 1: FrontRight
[2025.05.24-14.52.11:442][282]LogAudioMixer: Display: Using Audio Device Динамики (Realtek(R) Audio)
[2025.05.24-14.52.11:442][282]LogAudioMixer: Display: Initializing Sound Submixes...
[2025.05.24-14.52.11:442][282]LogAudioMixer: Display: Creating Master Submix 'MasterSubmixDefault'
[2025.05.24-14.52.11:442][282]LogAudioMixer: Display: Creating Master Submix 'MasterReverbSubmixDefault'
[2025.05.24-14.52.11:442][282]LogAudioMixer: Display: Creating Master Submix 'MasterEQSubmixDefault'
[2025.05.24-14.52.11:442][282]LogAudioMixer: FMixerPlatformXAudio2::StartAudioStream() called
[2025.05.24-14.52.11:442][282]LogAudioMixer: Display: Output buffers initialized: Frames=1024, Channels=2, Samples=2048
[2025.05.24-14.52.11:443][282]LogAudioMixer: Display: Starting AudioMixerPlatformInterface::RunInternal()
[2025.05.24-14.52.11:443][282]LogAudioMixer: Display: FMixerPlatformXAudio2::SubmitBuffer() called for the first time
[2025.05.24-14.52.11:443][282]LogInit: FAudioDevice initialized.
[2025.05.24-14.52.11:443][282]LogAudio: Display: Audio Device (ID: 51) registered with world 'VRTemplateMap'.
[2025.05.24-14.52.11:450][282]LogLoad: Game class is 'VRGameMode_C'
[2025.05.24-14.52.11:451][282]LogWorld: Bringing World /Game/VRTemplate/Maps/UEDPIE_0_VRTemplateMap.VRTemplateMap up for play (max tick rate 60) at 2025.05.24-17.52.11
[2025.05.24-14.52.11:452][282]LogWorld: Bringing up level for play took: 0.001383
[2025.05.24-14.52.11:452][282]LogOnline: OSS: Creating online subsystem instance for: :Context_76
[2025.05.24-14.52.11:453][282]LogSpawn: Warning: SpawnActor failed because no class was specified
[2025.05.24-14.52.11:454][282]PIE: Server logged in
[2025.05.24-14.52.11:456][282]PIE: Play in editor total start time 0,136 seconds.
[2025.05.24-14.52.11:471][282]LogResonanceAudio: Display: Resonance Audio Listener is initialized
[2025.05.24-14.52.22:899][962]LogSlate: Updating window title bar state: overlay mode, drag disabled, window buttons hidden, title bar hidden
[2025.05.24-14.52.22:899][962]LogWorld: BeginTearingDown for /Game/VRTemplate/Maps/UEDPIE_0_VRTemplateMap
[2025.05.24-14.52.22:900][962]LogWorld: UWorld::CleanupWorld for VRTemplateMap, bSessionEnded=true, bCleanupResources=true
[2025.05.24-14.52.22:900][962]LogSlate: InvalidateAllWidgets triggered.  All widgets were invalidated
[2025.05.24-14.52.22:912][962]LogPlayLevel: Display: Shutting down PIE online subsystems
[2025.05.24-14.52.22:924][962]LogSlate: InvalidateAllWidgets triggered.  All widgets were invalidated
[2025.05.24-14.52.22:970][962]LogSlate: Updating window title bar state: overlay mode, drag disabled, window buttons hidden, title bar hidden
[2025.05.24-14.52.22:970][962]LogResonanceAudio: Display: Resonance Audio Listener is shutdown
[2025.05.24-14.52.22:970][962]LogAudioMixer: FMixerPlatformXAudio2::StopAudioStream() called
[2025.05.24-14.52.22:972][962]LogAudioMixer: FMixerPlatformXAudio2::StopAudioStream() called
[2025.05.24-14.52.22:982][962]LogUObjectHash: Compacting FUObjectHashTables data took   4.07ms
[2025.05.24-14.52.23:014][963]LogPlayLevel: Display: Destroying online subsystem :Context_76
[2025.05.24-14.52.41:849][ 91]LogMaterial: Display: Missing cached shadermap for M_Main in PCD3D_SM5, Default, SM5 (DDC key hash: 1F2C1161B18DDA54DA2FC3AE9B35B3E9FE52B352), compiling. 
[2025.05.24-14.52.41:852][ 91]LogMaterial: Display: Missing cached shadermap for FMatExpressionPreview MaterialExpressionTextureSample_0 in PCD3D_SM5, Default, SM5 (DDC key hash: A84E0AAC40588043A4F02419F2FD9C537A4A5DCE), compiling. 
[2025.05.24-14.52.41:855][ 91]MaterialEditorStats: Texture samplers: 0/16
[2025.05.24-14.52.41:907][ 93]MaterialEditorStats: Texture samplers: 4/16
[2025.05.24-14.52.41:926][ 94]MaterialEditorStats: Base pass shader: 790 instructions
[2025.05.24-14.52.41:926][ 94]MaterialEditorStats: Base pass shader with Volumetric Lightmap: 858 instructions
[2025.05.24-14.52.41:926][ 94]MaterialEditorStats: Base pass vertex shader: 267 instructions
[2025.05.24-14.52.41:926][ 94]MaterialEditorStats: Texture samplers: 4/16
[2025.05.24-14.52.45:128][271]LogMaterial: Display: Missing cached shadermap for M_Main in PCD3D_SM5, Default, SM5 (DDC key hash: CC19FC48AC78D0276F8AB1C50B33F602C4CFF736), compiling. 
[2025.05.24-14.52.45:129][271]LogMaterial: Warning: [AssetLog] /Engine/Transient.M_Main (no disk path found): Failed to compile Material for platform PCD3D_SM5, Default Material will be used in game.
[2025.05.24-14.52.45:129][271]LogMaterial: Display: 	(Node TextureSample) Texture Sample> Missing input texture
[2025.05.24-14.52.45:130][271]LogMaterial: Display: Missing cached shadermap for FMatExpressionPreview MaterialExpressionTextureSample_0 in PCD3D_SM5, Default, SM5 (DDC key hash: 62BB3D25EF544928D1800C018200F0B1875AF755), compiling. 
[2025.05.24-14.52.45:134][271]MaterialEditorStats: Error: [SM5] (Node TextureSample) Texture Sample> Missing input texture
[2025.05.24-14.52.50:803][597]LogMaterial: Display: Missing cached shadermap for M_Main in PCD3D_SM5, Default, SM5 (DDC key hash: 271184E73838504D03FB12D162CB4D68F352FC60), compiling. 
[2025.05.24-14.52.50:805][597]LogMaterial: Display: Missing cached shadermap for FMatExpressionPreview MaterialExpressionTextureSample_0 in PCD3D_SM5, Default, SM5 (DDC key hash: AF9AE84E519591F9BD61A13519F5F873BE5FE91A), compiling. 
[2025.05.24-14.52.50:807][597]LogMaterial: Display: Missing cached shadermap for M_Main in PCD3D_SM5, Default, SM5 (DDC key hash: BE04BED8A3E39AB5AE54B13755DE935C418EE906), compiling. 
[2025.05.24-14.52.50:812][597]MaterialEditorStats: Texture samplers: 0/16
[2025.05.24-14.52.50:812][597]MaterialEditorStats: Texture Lookups (Est.): VS(0), PS(1)
[2025.05.24-14.52.50:812][597]MaterialEditorStats: User interpolators: 2/4 Scalars (1/4 Vectors) (TexCoords: 2, Custom: 0)
[2025.05.24-14.52.50:830][598]LogShaderCompilers: Display: Submitted 2 shader compile jobs with 'ForceLocal' priority
[2025.05.24-14.52.50:830][598]LogShaderCompilers: Display: Submitted 8 shader compile jobs with 'Normal' priority
[2025.05.24-14.52.50:830][598]LogShaderCompilers: Display: Worker (1/13): shaders left to compile 2
[2025.05.24-14.52.50:830][598]LogShaderCompilers: Display: Worker (2/13): shaders left to compile 1
[2025.05.24-14.52.50:830][598]LogShaderCompilers: Display: Worker (3/13): shaders left to compile 8
[2025.05.24-14.52.50:830][598]LogShaderCompilers: Display: Worker (4/13): shaders left to compile 7
[2025.05.24-14.52.50:830][598]LogShaderCompilers: Display: Worker (5/13): shaders left to compile 6
[2025.05.24-14.52.50:830][598]LogShaderCompilers: Display: Worker (6/13): shaders left to compile 5
[2025.05.24-14.52.50:830][598]LogShaderCompilers: Display: Worker (7/13): shaders left to compile 4
[2025.05.24-14.52.50:830][598]LogShaderCompilers: Display: Worker (8/13): shaders left to compile 3
[2025.05.24-14.52.50:830][598]LogShaderCompilers: Display: Worker (9/13): shaders left to compile 2
[2025.05.24-14.52.50:830][598]LogShaderCompilers: Display: Worker (10/13): shaders left to compile 1
[2025.05.24-14.52.50:830][598]LogShaderCompilers: Display: Started 8 'Local' shader compile jobs with 'Normal' priority
[2025.05.24-14.52.50:830][598]LogShaderCompilers: Display: Started 2 'Local' shader compile jobs with 'ForceLocal' priority
[2025.05.24-14.52.50:841][599]LogShaderCompilers: Display: Submitted 2 shader compile jobs with 'ForceLocal' priority
[2025.05.24-14.52.50:895][602]LogShaderCompilers: Display: Worker (11/13): shaders left to compile 2
[2025.05.24-14.52.50:895][602]LogShaderCompilers: Display: Worker (12/13): shaders left to compile 1
[2025.05.24-14.52.50:895][602]LogShaderCompilers: Display: Started 2 'Local' shader compile jobs with 'ForceLocal' priority
[2025.05.24-14.52.52:750][702]MaterialEditorStats: Texture samplers: 2/16
[2025.05.24-14.52.52:750][702]MaterialEditorStats: Texture Lookups (Est.): VS(0), PS(1)
[2025.05.24-14.52.52:750][702]MaterialEditorStats: User interpolators: 2/4 Scalars (1/4 Vectors) (TexCoords: 2, Custom: 0)
[2025.05.24-14.52.56:174][894]LogMaterial: Display: Missing cached shadermap for M_Main in PCD3D_SM5, Default, SM5 (DDC key hash: 270EDA268C834457A46E3D934B48D4FEC683F7A3), compiling. 
[2025.05.24-14.52.56:188][894]MaterialEditorStats: Texture samplers: 0/16
[2025.05.24-14.52.56:188][894]MaterialEditorStats: Texture Lookups (Est.): VS(0), PS(1)
[2025.05.24-14.52.56:188][894]MaterialEditorStats: User interpolators: 2/4 Scalars (1/4 Vectors) (TexCoords: 2, Custom: 0)
[2025.05.24-14.52.56:232][896]MaterialEditorStats: Texture samplers: 2/16
[2025.05.24-14.52.56:232][896]MaterialEditorStats: Texture Lookups (Est.): VS(0), PS(1)
[2025.05.24-14.52.56:232][896]MaterialEditorStats: User interpolators: 2/4 Scalars (1/4 Vectors) (TexCoords: 2, Custom: 0)
[2025.05.24-14.52.57:155][950]LogMaterial: Display: Missing cached shadermap for M_Main in PCD3D_SM5, Default, SM5 (DDC key hash: F5F3C56784BD9678021B78205CC1BD7892708C2E), compiling. 
[2025.05.24-14.52.57:168][950]MaterialEditorStats: Texture samplers: 0/16
[2025.05.24-14.52.57:168][950]MaterialEditorStats: Texture Lookups (Est.): VS(0), PS(1)
[2025.05.24-14.52.57:168][950]MaterialEditorStats: User interpolators: 2/4 Scalars (1/4 Vectors) (TexCoords: 2, Custom: 0)
[2025.05.24-14.52.57:212][952]MaterialEditorStats: Texture samplers: 2/16
[2025.05.24-14.52.57:212][952]MaterialEditorStats: Texture Lookups (Est.): VS(0), PS(1)
[2025.05.24-14.52.57:212][952]MaterialEditorStats: User interpolators: 2/4 Scalars (1/4 Vectors) (TexCoords: 2, Custom: 0)
[2025.05.24-14.52.58:487][ 26]MaterialEditorStats: Texture samplers: 5/16
[2025.05.24-14.52.58:487][ 26]MaterialEditorStats: Texture Lookups (Est.): VS(0), PS(1)
[2025.05.24-14.52.58:487][ 26]MaterialEditorStats: User interpolators: 2/4 Scalars (1/4 Vectors) (TexCoords: 2, Custom: 0)
[2025.05.24-14.52.58:844][ 43]MaterialEditorStats: Base pass shader: 794 instructions
[2025.05.24-14.52.58:844][ 43]MaterialEditorStats: Base pass shader with Volumetric Lightmap: 861 instructions
[2025.05.24-14.52.58:844][ 43]MaterialEditorStats: Base pass vertex shader: 271 instructions
[2025.05.24-14.52.58:844][ 43]MaterialEditorStats: Texture samplers: 5/16
[2025.05.24-14.52.58:844][ 43]MaterialEditorStats: Texture Lookups (Est.): VS(0), PS(1)
[2025.05.24-14.52.58:844][ 43]MaterialEditorStats: User interpolators: 2/4 Scalars (1/4 Vectors) (TexCoords: 2, Custom: 0)
[2025.05.24-14.53.02:712][275]LogMaterial: Display: Missing cached shadermap for M_Main in PCD3D_SM5, Default, SM5 (DDC key hash: 30F96E7B5D7D0A10E001546C7556118C13497EFA), compiling. 
[2025.05.24-14.53.02:715][275]LogMaterial: Display: Missing cached shadermap for M_Main in PCD3D_SM5, Default, SM5 (DDC key hash: BA01DF5284AEB4F365DA27CE55F77E1ECEA0DE3F), compiling. 
[2025.05.24-14.53.02:718][275]LogMaterial: Display: Missing cached shadermap for M_Main in PCD3D_SM5, Default, SM5 (DDC key hash: 2489B898B697025B2388AB4ACEF1721ED92AA2C3), compiling. 
[2025.05.24-14.53.02:723][275]MaterialEditorStats: Texture samplers: 0/16
[2025.05.24-14.53.02:723][275]MaterialEditorStats: Texture Lookups (Est.): VS(0), PS(1)
[2025.05.24-14.53.02:723][275]MaterialEditorStats: User interpolators: 2/4 Scalars (1/4 Vectors) (TexCoords: 2, Custom: 0)
[2025.05.24-14.53.02:764][277]LogShaderCompilers: Display: Submitted 23 shader compile jobs with 'Normal' priority
[2025.05.24-14.53.02:772][278]LogShaderCompilers: Display: Worker (1/13): shaders left to compile 2
[2025.05.24-14.53.02:772][278]LogShaderCompilers: Display: Worker (2/13): shaders left to compile 1
[2025.05.24-14.53.02:772][278]LogShaderCompilers: Display: Worker (3/13): shaders left to compile 21
[2025.05.24-14.53.02:772][278]LogShaderCompilers: Display: Worker (4/13): shaders left to compile 19
[2025.05.24-14.53.02:772][278]LogShaderCompilers: Display: Worker (5/13): shaders left to compile 17
[2025.05.24-14.53.02:772][278]LogShaderCompilers: Display: Worker (6/13): shaders left to compile 15
[2025.05.24-14.53.02:772][278]LogShaderCompilers: Display: Worker (7/13): shaders left to compile 13
[2025.05.24-14.53.02:772][278]LogShaderCompilers: Display: Worker (8/13): shaders left to compile 11
[2025.05.24-14.53.02:772][278]LogShaderCompilers: Display: Worker (9/13): shaders left to compile 9
[2025.05.24-14.53.02:772][278]LogShaderCompilers: Display: Worker (10/13): shaders left to compile 7
[2025.05.24-14.53.02:772][278]LogShaderCompilers: Display: Worker (11/13): shaders left to compile 5
[2025.05.24-14.53.02:772][278]LogShaderCompilers: Display: Worker (12/13): shaders left to compile 3
[2025.05.24-14.53.02:772][278]LogShaderCompilers: Display: Started 20 'Local' shader compile jobs with 'Normal' priority
[2025.05.24-14.53.02:772][278]LogShaderCompilers: Display: Started 2 'Local' shader compile jobs with 'ForceLocal' priority
[2025.05.24-14.53.04:288][364]LogShaderCompilers: Display: Worker (2/13): shaders left to compile 1
[2025.05.24-14.53.04:288][364]LogShaderCompilers: Display: Started 1 'Local' shader compile jobs with 'Normal' priority
[2025.05.24-14.53.04:313][365]MaterialEditorStats: Texture samplers: 2/16
[2025.05.24-14.53.04:313][365]MaterialEditorStats: Texture Lookups (Est.): VS(0), PS(1)
[2025.05.24-14.53.04:313][365]MaterialEditorStats: User interpolators: 2/4 Scalars (1/4 Vectors) (TexCoords: 2, Custom: 0)
[2025.05.24-14.53.06:018][458]MaterialEditorStats: Texture samplers: 4/16
[2025.05.24-14.53.06:018][458]MaterialEditorStats: Texture Lookups (Est.): VS(0), PS(1)
[2025.05.24-14.53.06:019][458]MaterialEditorStats: User interpolators: 2/4 Scalars (1/4 Vectors) (TexCoords: 2, Custom: 0)
[2025.05.24-14.53.08:003][562]MaterialEditorStats: Texture samplers: 5/16
[2025.05.24-14.53.08:004][562]MaterialEditorStats: Texture Lookups (Est.): VS(0), PS(1)
[2025.05.24-14.53.08:004][562]MaterialEditorStats: User interpolators: 2/4 Scalars (1/4 Vectors) (TexCoords: 2, Custom: 0)
[2025.05.24-14.53.09:473][641]MaterialEditorStats: Base pass shader: 469 instructions
[2025.05.24-14.53.09:473][641]MaterialEditorStats: Base pass shader with Volumetric Lightmap: 486 instructions
[2025.05.24-14.53.09:473][641]MaterialEditorStats: Base pass vertex shader: 271 instructions
[2025.05.24-14.53.09:473][641]MaterialEditorStats: Texture samplers: 5/16
[2025.05.24-14.53.09:473][641]MaterialEditorStats: Texture Lookups (Est.): VS(0), PS(1)
[2025.05.24-14.53.09:473][641]MaterialEditorStats: User interpolators: 2/4 Scalars (1/4 Vectors) (TexCoords: 2, Custom: 0)
[2025.05.24-14.53.12:455][787]LogMaterial: Display: Missing cached shadermap for M_Main in PCD3D_SM5, Default, SM5 (DDC key hash: AFB424C732FA4C1AD8656FBDA916DAC373C22040), compiling. 
[2025.05.24-14.53.12:559][787]MaterialEditorStats: Texture samplers: 0/16
[2025.05.24-14.53.12:597][790]LogShaderCompilers: Display: Submitted 23 shader compile jobs with 'Normal' priority
[2025.05.24-14.53.12:618][791]LogShaderCompilers: Display: Worker (1/13): shaders left to compile 2
[2025.05.24-14.53.12:618][791]LogShaderCompilers: Display: Worker (2/13): shaders left to compile 1
[2025.05.24-14.53.12:618][791]LogShaderCompilers: Display: Worker (3/13): shaders left to compile 21
[2025.05.24-14.53.12:618][791]LogShaderCompilers: Display: Worker (4/13): shaders left to compile 19
[2025.05.24-14.53.12:618][791]LogShaderCompilers: Display: Worker (5/13): shaders left to compile 17
[2025.05.24-14.53.12:618][791]LogShaderCompilers: Display: Worker (6/13): shaders left to compile 15
[2025.05.24-14.53.12:618][791]LogShaderCompilers: Display: Worker (7/13): shaders left to compile 13
[2025.05.24-14.53.12:618][791]LogShaderCompilers: Display: Worker (8/13): shaders left to compile 11
[2025.05.24-14.53.12:618][791]LogShaderCompilers: Display: Worker (9/13): shaders left to compile 9
[2025.05.24-14.53.12:618][791]LogShaderCompilers: Display: Worker (10/13): shaders left to compile 7
[2025.05.24-14.53.12:618][791]LogShaderCompilers: Display: Worker (11/13): shaders left to compile 5
[2025.05.24-14.53.12:618][791]LogShaderCompilers: Display: Worker (12/13): shaders left to compile 3
[2025.05.24-14.53.12:618][791]LogShaderCompilers: Display: Started 20 'Local' shader compile jobs with 'Normal' priority
[2025.05.24-14.53.12:618][791]LogShaderCompilers: Display: Started 2 'Local' shader compile jobs with 'ForceLocal' priority
[2025.05.24-14.53.14:088][866]LogShaderCompilers: Display: Worker (2/13): shaders left to compile 1
[2025.05.24-14.53.14:088][866]LogShaderCompilers: Display: Started 1 'Local' shader compile jobs with 'Normal' priority
[2025.05.24-14.53.14:122][868]MaterialEditorStats: Texture samplers: 2/16
[2025.05.24-14.53.15:562][930]LogMaterial: Display: Missing cached shadermap for M_Main in PCD3D_SM5, Default, SM5 (DDC key hash: B6C73E7AF3420F671508F3C12260291873D80189), compiling. 
[2025.05.24-14.53.15:568][930]LogMaterial: Display: Missing cached shadermap for FMatExpressionPreview MaterialExpressionTextureSample_0 in PCD3D_SM5, Default, SM5 (DDC key hash: 3574CB2DBD4575CE3A0FEF16DAE86542952860DC), compiling. 
[2025.05.24-14.53.15:582][930]MaterialEditorStats: Texture samplers: 0/16
[2025.05.24-14.53.15:583][930]MaterialEditorStats: Texture Lookups (Est.): VS(0), PS(1)
[2025.05.24-14.53.15:583][930]MaterialEditorStats: User interpolators: 2/4 Scalars (1/4 Vectors) (TexCoords: 2, Custom: 0)
[2025.05.24-14.53.15:677][933]MaterialEditorStats: Texture samplers: 5/16
[2025.05.24-14.53.15:678][933]MaterialEditorStats: Texture Lookups (Est.): VS(0), PS(1)
[2025.05.24-14.53.15:678][933]MaterialEditorStats: User interpolators: 2/4 Scalars (1/4 Vectors) (TexCoords: 2, Custom: 0)
[2025.05.24-14.53.15:778][936]MaterialEditorStats: Base pass shader: 469 instructions
[2025.05.24-14.53.15:778][936]MaterialEditorStats: Base pass shader with Volumetric Lightmap: 486 instructions
[2025.05.24-14.53.15:778][936]MaterialEditorStats: Base pass vertex shader: 271 instructions
[2025.05.24-14.53.15:778][936]MaterialEditorStats: Texture samplers: 5/16
[2025.05.24-14.53.15:778][936]MaterialEditorStats: Texture Lookups (Est.): VS(0), PS(1)
[2025.05.24-14.53.15:778][936]MaterialEditorStats: User interpolators: 2/4 Scalars (1/4 Vectors) (TexCoords: 2, Custom: 0)
[2025.05.24-14.53.29:244][719]LogMaterial: Display: Missing cached shadermap for M_Main in PCD3D_SM5, Default, SM5 (DDC key hash: F3AFA94428153B7976FD07ED56E51316F5EB94AC), compiling. 
[2025.05.24-14.53.29:247][719]MaterialEditorStats: Texture samplers: 0/16
[2025.05.24-14.53.29:247][719]MaterialEditorStats: Texture Lookups (Est.): VS(0), PS(1)
[2025.05.24-14.53.29:247][719]MaterialEditorStats: User interpolators: 2/4 Scalars (1/4 Vectors) (TexCoords: 2, Custom: 0)
[2025.05.24-14.53.29:299][721]MaterialEditorStats: Texture samplers: 5/16
[2025.05.24-14.53.29:299][721]MaterialEditorStats: Texture Lookups (Est.): VS(0), PS(1)
[2025.05.24-14.53.29:299][721]MaterialEditorStats: User interpolators: 2/4 Scalars (1/4 Vectors) (TexCoords: 2, Custom: 0)
[2025.05.24-14.53.29:316][722]MaterialEditorStats: Base pass shader: 469 instructions
[2025.05.24-14.53.29:316][722]MaterialEditorStats: Base pass shader with Volumetric Lightmap: 486 instructions
[2025.05.24-14.53.29:316][722]MaterialEditorStats: Base pass vertex shader: 271 instructions
[2025.05.24-14.53.29:316][722]MaterialEditorStats: Texture samplers: 5/16
[2025.05.24-14.53.29:316][722]MaterialEditorStats: Texture Lookups (Est.): VS(0), PS(1)
[2025.05.24-14.53.29:316][722]MaterialEditorStats: User interpolators: 2/4 Scalars (1/4 Vectors) (TexCoords: 2, Custom: 0)
[2025.05.24-14.53.35:151][ 72]LogMaterial: Display: Missing cached shadermap for M_Main in PCD3D_SM5, Default, SM5 (DDC key hash: CE8A1D69E7673E6DBB17075F000B2DBE90A9AFC8), compiling. 
[2025.05.24-14.53.35:154][ 72]LogMaterial: Display: Missing cached shadermap for M_Main in PCD3D_SM5, Default, SM5 (DDC key hash: AA1C0E5239F8B4EF40FC206E28854C5C6989784F), compiling. 
[2025.05.24-14.53.35:157][ 72]MaterialEditorStats: Texture samplers: 0/16
[2025.05.24-14.53.35:157][ 72]MaterialEditorStats: Texture Lookups (Est.): VS(0), PS(1)
[2025.05.24-14.53.35:157][ 72]MaterialEditorStats: User interpolators: 2/4 Scalars (1/4 Vectors) (TexCoords: 2, Custom: 0)
[2025.05.24-14.53.35:202][ 75]MaterialEditorStats: Texture samplers: 5/16
[2025.05.24-14.53.35:202][ 75]MaterialEditorStats: Texture Lookups (Est.): VS(0), PS(1)
[2025.05.24-14.53.35:202][ 75]MaterialEditorStats: User interpolators: 2/4 Scalars (1/4 Vectors) (TexCoords: 2, Custom: 0)
[2025.05.24-14.53.35:219][ 76]MaterialEditorStats: Base pass shader: 469 instructions
[2025.05.24-14.53.35:220][ 76]MaterialEditorStats: Base pass shader with Volumetric Lightmap: 486 instructions
[2025.05.24-14.53.35:220][ 76]MaterialEditorStats: Base pass vertex shader: 271 instructions
[2025.05.24-14.53.35:220][ 76]MaterialEditorStats: Texture samplers: 5/16
[2025.05.24-14.53.35:220][ 76]MaterialEditorStats: Texture Lookups (Est.): VS(0), PS(1)
[2025.05.24-14.53.35:220][ 76]MaterialEditorStats: User interpolators: 2/4 Scalars (1/4 Vectors) (TexCoords: 2, Custom: 0)
[2025.05.24-14.53.37:480][202]LogMaterial: Display: Missing cached shadermap for M_Main in PCD3D_SM5, Default, SM5 (DDC key hash: 4683F926F492EEBD4D7875B2E7765A98495CB1F0), compiling. 
[2025.05.24-14.53.37:484][202]MaterialEditorStats: Texture samplers: 0/16
[2025.05.24-14.53.37:484][202]MaterialEditorStats: Texture Lookups (Est.): VS(0), PS(1)
[2025.05.24-14.53.37:484][202]MaterialEditorStats: User interpolators: 2/4 Scalars (1/4 Vectors) (TexCoords: 2, Custom: 0)
[2025.05.24-14.53.37:508][204]LogShaderCompilers: Display: Submitted 23 shader compile jobs with 'Normal' priority
[2025.05.24-14.53.37:508][204]LogShaderCompilers: Display: Worker (1/13): shaders left to compile 2
[2025.05.24-14.53.37:508][204]LogShaderCompilers: Display: Worker (2/13): shaders left to compile 1
[2025.05.24-14.53.37:508][204]LogShaderCompilers: Display: Worker (3/13): shaders left to compile 21
[2025.05.24-14.53.37:508][204]LogShaderCompilers: Display: Worker (4/13): shaders left to compile 19
[2025.05.24-14.53.37:508][204]LogShaderCompilers: Display: Worker (5/13): shaders left to compile 17
[2025.05.24-14.53.37:508][204]LogShaderCompilers: Display: Worker (6/13): shaders left to compile 15
[2025.05.24-14.53.37:508][204]LogShaderCompilers: Display: Worker (7/13): shaders left to compile 13
[2025.05.24-14.53.37:508][204]LogShaderCompilers: Display: Worker (8/13): shaders left to compile 11
[2025.05.24-14.53.37:508][204]LogShaderCompilers: Display: Worker (9/13): shaders left to compile 9
[2025.05.24-14.53.37:508][204]LogShaderCompilers: Display: Worker (10/13): shaders left to compile 7
[2025.05.24-14.53.37:508][204]LogShaderCompilers: Display: Worker (11/13): shaders left to compile 5
[2025.05.24-14.53.37:508][204]LogShaderCompilers: Display: Worker (12/13): shaders left to compile 3
[2025.05.24-14.53.37:508][204]LogShaderCompilers: Display: Started 20 'Local' shader compile jobs with 'Normal' priority
[2025.05.24-14.53.37:508][204]LogShaderCompilers: Display: Started 2 'Local' shader compile jobs with 'ForceLocal' priority
[2025.05.24-14.53.38:606][263]LogMaterialEditor: Saving and Compiling material M_Main
[2025.05.24-14.53.39:365][263]LogShaderCompilers: Display: Worker (2/13): shaders left to compile 1
[2025.05.24-14.53.39:365][263]LogShaderCompilers: Display: Started 1 'Local' shader compile jobs with 'Normal' priority
[2025.05.24-14.53.39:404][263]LogMaterial: Display: Missing cached shadermap for M_Main in PCD3D_SM5, Default, SM5 (DDC key hash: 83FCF3D31BECA0949D85EFF37827333563CE96AA), compiling. 
[2025.05.24-14.53.39:466][263]LogMaterial: Display: Missing cached shadermap for M_Main in PCD3D_SM5, Default, SM5 (DDC key hash: B8F001C9E130D844383934AC8015CAF9A17CA9FC), compiling. 
[2025.05.24-14.53.39:579][263]LogUObjectHash: Compacting FUObjectHashTables data took  11.35ms
[2025.05.24-14.53.39:604][263]LogShaderCompilers: Display: Submitted 1 shader compile jobs with 'ForceLocal' priority
[2025.05.24-14.53.42:651][263]LogShaderCompilers: Display: Worker (12/13): shaders left to compile 1
[2025.05.24-14.53.42:651][263]LogShaderCompilers: Display: Started 1 'Local' shader compile jobs with 'ForceLocal' priority
[2025.05.24-14.53.42:739][263]LogUObjectHash: Compacting FUObjectHashTables data took   1.45ms
[2025.05.24-14.53.42:832][263]LogShaderCompilers: Display: Worker (1/13): shaders left to compile 2
[2025.05.24-14.53.42:832][263]LogShaderCompilers: Display: Submitted 8 shader compile jobs with 'Normal' priority
[2025.05.24-14.53.42:832][263]LogShaderCompilers: Display: Worker (4/13): shaders left to compile 7
[2025.05.24-14.53.42:832][263]LogShaderCompilers: Display: Worker (6/13): shaders left to compile 6
[2025.05.24-14.53.42:832][263]LogShaderCompilers: Display: Worker (7/13): shaders left to compile 5
[2025.05.24-14.53.42:832][263]LogShaderCompilers: Display: Worker (8/13): shaders left to compile 4
[2025.05.24-14.53.42:832][263]LogShaderCompilers: Display: Worker (10/13): shaders left to compile 3
[2025.05.24-14.53.42:832][263]LogShaderCompilers: Display: Worker (12/13): shaders left to compile 2
[2025.05.24-14.53.42:832][263]LogShaderCompilers: Display: Started 7 'Local' shader compile jobs with 'Normal' priority
[2025.05.24-14.53.42:854][263]Cmd: OBJ SAVEPACKAGE PACKAGE="/Game/Resources/Materials/M_Main" FILE="../../../../../../Users/AlisaDI/Documents/MephiTasks/UnrealProject/Content/Resources/Materials/M_Main.uasset" SILENT=true
[2025.05.24-14.53.42:871][263]LogShaderCompilers: Display: Worker (11/13): shaders left to compile 1
[2025.05.24-14.53.42:871][263]LogShaderCompilers: Display: Started 1 'Local' shader compile jobs with 'Normal' priority
[2025.05.24-14.53.42:871][263]LogSavePackage: Moving '../../../../../../Users/AlisaDI/Documents/MephiTasks/UnrealProject/Saved/M_MainDEB9DF804F0A93A2DE7B7FA7A8A0DDFB.tmp' to '../../../../../../Users/AlisaDI/Documents/MephiTasks/UnrealProject/Content/Resources/Materials/M_Main.uasset'
[2025.05.24-14.53.42:918][263]AssetCheck: New page: Asset Save: M_Main
[2025.05.24-14.53.42:918][263]LogContentValidation: Display: Validating Material /Game/Resources/Materials/M_Main.M_Main
[2025.05.24-14.53.42:945][263]MaterialEditorStats: Texture samplers: 5/16
[2025.05.24-14.53.42:945][263]MaterialEditorStats: Texture Lookups (Est.): VS(0), PS(1)
[2025.05.24-14.53.42:945][263]MaterialEditorStats: User interpolators: 2/4 Scalars (1/4 Vectors) (TexCoords: 2, Custom: 0)
[2025.05.24-14.53.45:668][409]MaterialEditorStats: Base pass shader: 473 instructions
[2025.05.24-14.53.45:668][409]MaterialEditorStats: Base pass shader with Volumetric Lightmap: 492 instructions
[2025.05.24-14.53.45:668][409]MaterialEditorStats: Base pass vertex shader: 271 instructions
[2025.05.24-14.53.45:668][409]MaterialEditorStats: Texture samplers: 5/16
[2025.05.24-14.53.45:668][409]MaterialEditorStats: Texture Lookups (Est.): VS(0), PS(1)
[2025.05.24-14.53.45:668][409]MaterialEditorStats: User interpolators: 2/4 Scalars (1/4 Vectors) (TexCoords: 2, Custom: 0)
[2025.05.24-14.55.03:713][ 59]BlueprintLog: New page: Compile BP_test_menu_2
[2025.05.24-14.55.03:806][ 59]LogUObjectHash: Compacting FUObjectHashTables data took   5.12ms
[2025.05.24-14.55.04:393][ 91]Cmd: OBJ SAVEPACKAGE PACKAGE="/Game/Andrey/Menu/BP_test_menu_2" FILE="../../../../../../Users/AlisaDI/Documents/MephiTasks/UnrealProject/Content/Andrey/Menu/BP_test_menu_2.uasset" SILENT=true
[2025.05.24-14.55.04:409][ 91]LogSavePackage: Moving '../../../../../../Users/AlisaDI/Documents/MephiTasks/UnrealProject/Saved/BP_test_menu_29EC1BBFF4A61EB417CE700BB12F98AC1.tmp' to '../../../../../../Users/AlisaDI/Documents/MephiTasks/UnrealProject/Content/Andrey/Menu/BP_test_menu_2.uasset'
[2025.05.24-14.55.04:430][ 91]AssetCheck: New page: Asset Save: BP_test_menu_2
[2025.05.24-14.55.04:430][ 91]LogContentValidation: Display: Validating Blueprint /Game/Andrey/Menu/BP_test_menu_2.BP_test_menu_2
[2025.05.24-14.56.19:136][529]LogEditorTransaction: Undo Move Node
[2025.05.24-14.56.19:218][529]LogActorComponent: RegisterComponentWithWorld: (/Engine/Transient.World_40:PersistentLevel.AnimationEditorPreviewActor_0.DebugSkelMeshComponent_0) Already registered. Aborting.
[2025.05.24-14.56.19:227][529]LogMaterial: Display: Missing cached shadermap for M_Main in PCD3D_SM5, Default, SM5 (DDC key hash: 3DE239AD247C6202C07A9CD8555605159720B3C0), compiling. 
[2025.05.24-14.56.19:265][529]MaterialEditorStats: Texture samplers: 0/16
[2025.05.24-14.56.19:265][529]MaterialEditorStats: Texture Lookups (Est.): VS(0), PS(1)
[2025.05.24-14.56.19:265][529]MaterialEditorStats: User interpolators: 2/4 Scalars (1/4 Vectors) (TexCoords: 2, Custom: 0)
[2025.05.24-14.56.19:346][531]LogShaderCompilers: Display: === FShaderJobCache stats ===
[2025.05.24-14.56.19:346][531]LogShaderCompilers: Display: Total job queries 313, among them cache hits 128 (40.89%)
[2025.05.24-14.56.19:346][531]LogShaderCompilers: Display: Tracking 131 distinct input hashes that result in 76 distinct outputs (58.02%)
[2025.05.24-14.56.19:346][531]LogShaderCompilers: Display: RAM used: 1.13 MB (0.00 GB) of 1638.40 MB (1.60 GB) budget. Usage: 0.07%
[2025.05.24-14.56.19:346][531]LogShaderCompilers: Display: ================================================
[2025.05.24-14.56.19:347][531]MaterialEditorStats: Base pass shader: 473 instructions
[2025.05.24-14.56.19:347][531]MaterialEditorStats: Base pass shader with Volumetric Lightmap: 492 instructions
[2025.05.24-14.56.19:347][531]MaterialEditorStats: Base pass vertex shader: 271 instructions
[2025.05.24-14.56.19:347][531]MaterialEditorStats: Texture samplers: 5/16
[2025.05.24-14.56.19:347][531]MaterialEditorStats: Texture Lookups (Est.): VS(0), PS(1)
[2025.05.24-14.56.19:347][531]MaterialEditorStats: User interpolators: 2/4 Scalars (1/4 Vectors) (TexCoords: 2, Custom: 0)
[2025.05.24-14.56.19:858][553]LogEditorTransaction: Undo Create Pin Link
[2025.05.24-14.56.19:934][553]LogActorComponent: RegisterComponentWithWorld: (/Engine/Transient.World_40:PersistentLevel.AnimationEditorPreviewActor_0.DebugSkelMeshComponent_0) Already registered. Aborting.
[2025.05.24-14.56.19:937][553]LogMaterial: Display: Missing cached shadermap for M_Main in PCD3D_SM5, Default, SM5 (DDC key hash: EFD318D904A1B60EE83CD4202389A4C70D3335BB), compiling. 
[2025.05.24-14.56.19:969][553]MaterialEditorStats: Texture samplers: 0/16
[2025.05.24-14.56.19:969][553]MaterialEditorStats: Texture Lookups (Est.): VS(0), PS(1)
[2025.05.24-14.56.19:969][553]MaterialEditorStats: User interpolators: 2/4 Scalars (1/4 Vectors) (TexCoords: 2, Custom: 0)
[2025.05.24-14.56.20:047][555]MaterialEditorStats: Base pass shader: 473 instructions
[2025.05.24-14.56.20:047][555]MaterialEditorStats: Base pass shader with Volumetric Lightmap: 492 instructions
[2025.05.24-14.56.20:047][555]MaterialEditorStats: Base pass vertex shader: 271 instructions
[2025.05.24-14.56.20:047][555]MaterialEditorStats: Texture samplers: 5/16
[2025.05.24-14.56.20:047][555]MaterialEditorStats: Texture Lookups (Est.): VS(0), PS(1)
[2025.05.24-14.56.20:047][555]MaterialEditorStats: User interpolators: 2/4 Scalars (1/4 Vectors) (TexCoords: 2, Custom: 0)
[2025.05.24-14.56.38:690][631]BlueprintLog: New page: Compile BP_test_menu_2
[2025.05.24-14.56.38:781][631]LogUObjectHash: Compacting FUObjectHashTables data took   7.51ms
[2025.05.24-14.56.39:111][647]Cmd: OBJ SAVEPACKAGE PACKAGE="/Game/Andrey/Menu/BP_test_menu_2" FILE="../../../../../../Users/AlisaDI/Documents/MephiTasks/UnrealProject/Content/Andrey/Menu/BP_test_menu_2.uasset" SILENT=true
[2025.05.24-14.56.39:129][647]LogSavePackage: Moving '../../../../../../Users/AlisaDI/Documents/MephiTasks/UnrealProject/Saved/BP_test_menu_2CD654E0A48B81F0FB8B0ED99FFDEAF5A.tmp' to '../../../../../../Users/AlisaDI/Documents/MephiTasks/UnrealProject/Content/Andrey/Menu/BP_test_menu_2.uasset'
[2025.05.24-14.56.39:149][647]AssetCheck: New page: Asset Save: BP_test_menu_2
[2025.05.24-14.56.39:149][647]LogContentValidation: Display: Validating Blueprint /Game/Andrey/Menu/BP_test_menu_2.BP_test_menu_2
[2025.05.24-14.58.20:608][709]LogMaterial: Display: Missing cached shadermap for M_Main in PCD3D_SM5, Default, SM5 (DDC key hash: 65140CAB2DAA0F9CC892C642B6A634A7B89FD1C7), compiling. 
[2025.05.24-14.58.20:617][709]MaterialEditorStats: Texture samplers: 0/16
[2025.05.24-14.58.20:617][709]MaterialEditorStats: Texture Lookups (Est.): VS(0), PS(1)
[2025.05.24-14.58.20:617][709]MaterialEditorStats: User interpolators: 2/4 Scalars (1/4 Vectors) (TexCoords: 2, Custom: 0)
[2025.05.24-14.58.20:684][712]MaterialEditorStats: Texture samplers: 5/16
[2025.05.24-14.58.20:684][712]MaterialEditorStats: Texture Lookups (Est.): VS(0), PS(1)
[2025.05.24-14.58.20:684][712]MaterialEditorStats: User interpolators: 2/4 Scalars (1/4 Vectors) (TexCoords: 2, Custom: 0)
[2025.05.24-14.58.20:699][713]MaterialEditorStats: Base pass shader: 473 instructions
[2025.05.24-14.58.20:699][713]MaterialEditorStats: Base pass shader with Volumetric Lightmap: 492 instructions
[2025.05.24-14.58.20:699][713]MaterialEditorStats: Base pass vertex shader: 271 instructions
[2025.05.24-14.58.20:699][713]MaterialEditorStats: Texture samplers: 5/16
[2025.05.24-14.58.20:699][713]MaterialEditorStats: Texture Lookups (Est.): VS(0), PS(1)
[2025.05.24-14.58.20:699][713]MaterialEditorStats: User interpolators: 2/4 Scalars (1/4 Vectors) (TexCoords: 2, Custom: 0)
[2025.05.24-14.58.22:034][793]LogMaterial: Display: Missing cached shadermap for M_Main in PCD3D_SM5, Default, SM5 (DDC key hash: 4286B04AEE57B9B4DBF5EAAA9696252956D4F859), compiling. 
[2025.05.24-14.58.22:037][793]LogMaterial: Display: Missing cached shadermap for M_Main in PCD3D_SM5, Default, SM5 (DDC key hash: 395D19981FD137D6355DFE3EF6BD1398FF8D3784), compiling. 
[2025.05.24-14.58.22:039][793]LogMaterial: Display: Missing cached shadermap for M_Main in PCD3D_SM5, Default, SM5 (DDC key hash: 4BF91F784923DC8E164CF86B727B9B542B44EC8E), compiling. 
[2025.05.24-14.58.22:045][793]MaterialEditorStats: Texture samplers: 0/16
[2025.05.24-14.58.22:045][793]MaterialEditorStats: Texture Lookups (Est.): VS(0), PS(1)
[2025.05.24-14.58.22:045][793]MaterialEditorStats: User interpolators: 2/4 Scalars (1/4 Vectors) (TexCoords: 2, Custom: 0)
[2025.05.24-14.58.22:087][795]MaterialEditorStats: Texture samplers: 5/16
[2025.05.24-14.58.22:087][795]MaterialEditorStats: Texture Lookups (Est.): VS(0), PS(1)
[2025.05.24-14.58.22:087][795]MaterialEditorStats: User interpolators: 2/4 Scalars (1/4 Vectors) (TexCoords: 2, Custom: 0)
[2025.05.24-14.58.22:105][796]MaterialEditorStats: Base pass shader: 794 instructions
[2025.05.24-14.58.22:105][796]MaterialEditorStats: Base pass shader with Volumetric Lightmap: 861 instructions
[2025.05.24-14.58.22:105][796]MaterialEditorStats: Base pass vertex shader: 271 instructions
[2025.05.24-14.58.22:105][796]MaterialEditorStats: Texture samplers: 5/16
[2025.05.24-14.58.22:105][796]MaterialEditorStats: Texture Lookups (Est.): VS(0), PS(1)
[2025.05.24-14.58.22:105][796]MaterialEditorStats: User interpolators: 2/4 Scalars (1/4 Vectors) (TexCoords: 2, Custom: 0)
[2025.05.24-14.58.24:396][933]LogMaterial: Display: Missing cached shadermap for M_Main in PCD3D_SM5, Default, SM5 (DDC key hash: 4740C8C03EAFD1762DE676D1A26B9075F746A9C4), compiling. 
[2025.05.24-14.58.24:399][933]MaterialEditorStats: Texture samplers: 0/16
[2025.05.24-14.58.24:399][933]MaterialEditorStats: Texture Lookups (Est.): VS(0), PS(1)
[2025.05.24-14.58.24:399][933]MaterialEditorStats: User interpolators: 2/4 Scalars (1/4 Vectors) (TexCoords: 2, Custom: 0)
[2025.05.24-14.58.24:446][935]MaterialEditorStats: Texture samplers: 5/16
[2025.05.24-14.58.24:446][935]MaterialEditorStats: Texture Lookups (Est.): VS(0), PS(1)
[2025.05.24-14.58.24:446][935]MaterialEditorStats: User interpolators: 2/4 Scalars (1/4 Vectors) (TexCoords: 2, Custom: 0)
[2025.05.24-14.58.24:462][936]MaterialEditorStats: Base pass shader: 794 instructions
[2025.05.24-14.58.24:463][936]MaterialEditorStats: Base pass shader with Volumetric Lightmap: 861 instructions
[2025.05.24-14.58.24:463][936]MaterialEditorStats: Base pass vertex shader: 271 instructions
[2025.05.24-14.58.24:463][936]MaterialEditorStats: Texture samplers: 5/16
[2025.05.24-14.58.24:463][936]MaterialEditorStats: Texture Lookups (Est.): VS(0), PS(1)
[2025.05.24-14.58.24:463][936]MaterialEditorStats: User interpolators: 2/4 Scalars (1/4 Vectors) (TexCoords: 2, Custom: 0)
[2025.05.24-14.58.25:528][  0]LogMaterialEditor: Saving and Compiling material M_Main
[2025.05.24-14.58.25:826][  0]LogMaterial: Display: Missing cached shadermap for M_Main in PCD3D_SM5, Default, SM5 (DDC key hash: E437E95B9C290BBDB79F305FEBD5FB557EFCDDD7), compiling. 
[2025.05.24-14.58.25:852][  0]LogMaterial: Display: Missing cached shadermap for M_Main in PCD3D_SM5, Default, SM5 (DDC key hash: 0F31CC2914C66FB13607011A8E46B98FDD1ABB61), compiling. 
[2025.05.24-14.58.25:912][  0]LogShaderCompilers: Display: Submitted 6 shader compile jobs with 'Normal' priority
[2025.05.24-14.58.25:921][  0]LogShaderCompilers: Display: Worker (1/13): shaders left to compile 6
[2025.05.24-14.58.25:921][  0]LogShaderCompilers: Display: Worker (2/13): shaders left to compile 5
[2025.05.24-14.58.25:921][  0]LogShaderCompilers: Display: Worker (3/13): shaders left to compile 4
[2025.05.24-14.58.25:921][  0]LogShaderCompilers: Display: Worker (4/13): shaders left to compile 3
[2025.05.24-14.58.25:921][  0]LogShaderCompilers: Display: Worker (5/13): shaders left to compile 2
[2025.05.24-14.58.25:921][  0]LogShaderCompilers: Display: Worker (6/13): shaders left to compile 1
[2025.05.24-14.58.25:921][  0]LogShaderCompilers: Display: Started 6 'Local' shader compile jobs with 'Normal' priority
[2025.05.24-14.58.25:936][  0]LogUObjectHash: Compacting FUObjectHashTables data took   8.75ms
[2025.05.24-14.58.26:761][  0]LogUObjectHash: Compacting FUObjectHashTables data took   1.58ms
[2025.05.24-14.58.29:944][  0]Cmd: OBJ SAVEPACKAGE PACKAGE="/Game/Resources/Materials/M_Main" FILE="../../../../../../Users/AlisaDI/Documents/MephiTasks/UnrealProject/Content/Resources/Materials/M_Main.uasset" SILENT=true
[2025.05.24-14.58.29:951][  0]LogSavePackage: Moving '../../../../../../Users/AlisaDI/Documents/MephiTasks/UnrealProject/Saved/M_Main98EF66974E5652CA81196DAF71022516.tmp' to '../../../../../../Users/AlisaDI/Documents/MephiTasks/UnrealProject/Content/Resources/Materials/M_Main.uasset'
[2025.05.24-14.58.29:974][  0]AssetCheck: New page: Asset Save: M_Main
[2025.05.24-14.58.29:974][  0]LogContentValidation: Display: Validating Material /Game/Resources/Materials/M_Main.M_Main
[2025.05.24-14.58.29:975][  0]MaterialEditorStats: Base pass shader: 794 instructions
[2025.05.24-14.58.29:975][  0]MaterialEditorStats: Base pass shader with Volumetric Lightmap: 861 instructions
[2025.05.24-14.58.29:975][  0]MaterialEditorStats: Base pass vertex shader: 271 instructions
[2025.05.24-14.58.29:975][  0]MaterialEditorStats: Texture samplers: 6/16
[2025.05.24-14.58.29:975][  0]MaterialEditorStats: Texture Lookups (Est.): VS(0), PS(1)
[2025.05.24-14.58.29:975][  0]MaterialEditorStats: User interpolators: 2/4 Scalars (1/4 Vectors) (TexCoords: 2, Custom: 0)
[2025.05.24-14.59.30:509][615]LogSlate: Window 'Pick a starting point for your system' being destroyed
[2025.05.24-14.59.30:834][615]LogMaterial: Display: Missing cached shadermap for DefaultSpriteMaterial in PCD3D_SM5, Default, SM5 (DDC key hash: E03F41F641BFA1A8D6342472E78E20F39DFC64F1), compiling. 
[2025.05.24-14.59.30:903][615]LogShaderCompilers: Display: Submitted 84 shader compile jobs with 'Low' priority
[2025.05.24-14.59.30:914][615]LogShaderCompilers: Display: Worker (1/13): shaders left to compile 84
[2025.05.24-14.59.30:914][615]LogShaderCompilers: Display: Worker (2/13): shaders left to compile 76
[2025.05.24-14.59.30:914][615]LogShaderCompilers: Display: Worker (3/13): shaders left to compile 68
[2025.05.24-14.59.30:914][615]LogShaderCompilers: Display: Worker (4/13): shaders left to compile 60
[2025.05.24-14.59.30:914][615]LogShaderCompilers: Display: Worker (5/13): shaders left to compile 52
[2025.05.24-14.59.30:914][615]LogShaderCompilers: Display: Worker (6/13): shaders left to compile 44
[2025.05.24-14.59.30:914][615]LogShaderCompilers: Display: Worker (7/13): shaders left to compile 36
[2025.05.24-14.59.30:914][615]LogShaderCompilers: Display: Worker (8/13): shaders left to compile 28
[2025.05.24-14.59.30:914][615]LogShaderCompilers: Display: Worker (9/13): shaders left to compile 20
[2025.05.24-14.59.30:914][615]LogShaderCompilers: Display: Worker (10/13): shaders left to compile 12
[2025.05.24-14.59.30:914][615]LogShaderCompilers: Display: Worker (11/13): shaders left to compile 4
[2025.05.24-14.59.30:914][615]LogShaderCompilers: Display: Started 84 'Local' shader compile jobs with 'Low' priority
[2025.05.24-14.59.30:918][615]LogContentBrowser: Deferred new asset file creation: NewNiagaraSystem
[2025.05.24-14.59.30:959][615]LogContentBrowser: Creating deferred item: NewNiagaraSystem
[2025.05.24-14.59.36:981][931]LogShaderCompilers: Display: === FShaderJobCache stats ===
[2025.05.24-14.59.36:981][931]LogShaderCompilers: Display: Total job queries 489, among them cache hits 214 (43.76%)
[2025.05.24-14.59.36:981][931]LogShaderCompilers: Display: Tracking 141 distinct input hashes that result in 83 distinct outputs (58.87%)
[2025.05.24-14.59.36:981][931]LogShaderCompilers: Display: RAM used: 1.22 MB (0.00 GB) of 1638.40 MB (1.60 GB) budget. Usage: 0.07%
[2025.05.24-14.59.36:982][931]LogShaderCompilers: Display: ================================================
[2025.05.24-14.59.39:417][ 56]LogContentBrowser: Attempting asset rename: NewNiagaraSystem -> NS_SpawnObject
[2025.05.24-14.59.39:696][ 56]LogShaderCompilers: Display: Submitted 1 shader compile jobs with 'Normal' priority
[2025.05.24-14.59.39:709][ 56]LogShaderCompilers: Display: Worker (3/13): shaders left to compile 1
[2025.05.24-14.59.39:709][ 56]LogShaderCompilers: Display: Started 1 'Local' shader compile jobs with 'Normal' priority
[2025.05.24-14.59.39:709][ 56]LogShaderCompilers: Display: Submitted 1 shader compile jobs with 'Normal' priority
[2025.05.24-14.59.39:714][ 56]LogShaderCompilers: Display: Worker (5/13): shaders left to compile 1
[2025.05.24-14.59.39:715][ 56]LogShaderCompilers: Display: Started 1 'Local' shader compile jobs with 'Normal' priority
[2025.05.24-14.59.39:715][ 56]LogShaderCompilers: Display: Submitted 1 shader compile jobs with 'Normal' priority
[2025.05.24-14.59.39:729][ 56]LogShaderCompilers: Display: Worker (6/13): shaders left to compile 1
[2025.05.24-14.59.39:729][ 56]LogShaderCompilers: Display: Started 1 'Local' shader compile jobs with 'Normal' priority
[2025.05.24-14.59.39:729][ 56]LogShaderCompilers: Display: Submitted 1 shader compile jobs with 'Normal' priority
[2025.05.24-14.59.40:056][ 56]LogShaderCompilers: Display: Worker (10/13): shaders left to compile 1
[2025.05.24-14.59.40:056][ 56]LogShaderCompilers: Display: Started 1 'Local' shader compile jobs with 'Normal' priority
[2025.05.24-14.59.40:056][ 56]LogShaderCompilers: Display: Submitted 1 shader compile jobs with 'Normal' priority
[2025.05.24-14.59.40:072][ 56]LogShaderCompilers: Display: Worker (6/13): shaders left to compile 1
[2025.05.24-14.59.40:072][ 56]LogShaderCompilers: Display: Started 1 'Local' shader compile jobs with 'Normal' priority
[2025.05.24-14.59.40:072][ 56]LogShaderCompilers: Display: Submitted 1 shader compile jobs with 'Normal' priority
[2025.05.24-14.59.40:081][ 56]LogShaderCompilers: Display: Worker (5/13): shaders left to compile 1
[2025.05.24-14.59.40:081][ 56]LogShaderCompilers: Display: Started 1 'Local' shader compile jobs with 'Normal' priority
[2025.05.24-14.59.40:081][ 56]LogShaderCompilers: Display: Submitted 1 shader compile jobs with 'Normal' priority
[2025.05.24-14.59.40:102][ 56]LogShaderCompilers: Display: Worker (10/13): shaders left to compile 1
[2025.05.24-14.59.40:102][ 56]LogShaderCompilers: Display: Started 1 'Local' shader compile jobs with 'Normal' priority
[2025.05.24-14.59.40:102][ 56]LogShaderCompilers: Display: Submitted 1 shader compile jobs with 'Normal' priority
[2025.05.24-14.59.40:104][ 56]LogContentBrowser: End creating deferred item NewNiagaraSystem
[2025.05.24-14.59.40:141][ 57]LogShaderCompilers: Display: Worker (11/13): shaders left to compile 1
[2025.05.24-14.59.40:141][ 57]LogShaderCompilers: Display: Started 1 'Local' shader compile jobs with 'Normal' priority
[2025.05.24-14.59.41:009][100]LogAssetEditorSubsystem: Opening Asset editor for NiagaraSystem /Game/Resources/VFX/NS_SpawnObject.NS_SpawnObject
[2025.05.24-14.59.41:254][100]LogNiagara: Compiling System NiagaraSystem /Game/Resources/VFX/NS_SpawnObject.NS_SpawnObject took 1.779991 sec (time since issued), 6.144948 sec (combined shader worker time).
[2025.05.24-14.59.41:307][100]LogNiagara: Compiling System NiagaraSystem /Game/Resources/VFX/NS_SpawnObject.NS_SpawnObject took 1.575985 sec (time since issued), 4.904178 sec (combined shader worker time).
[2025.05.24-14.59.41:644][106]150457_NS_SpawnObject_MessageLog: System successfully compiled.
[2025.05.24-14.59.56:296][977]Cmd: OBJ SAVEPACKAGE PACKAGE="/Game/Resources/VFX/NS_SpawnObject" FILE="../../../../../../Users/AlisaDI/Documents/MephiTasks/UnrealProject/Content/Resources/VFX/NS_SpawnObject.uasset" SILENT=true
[2025.05.24-14.59.56:343][977]LogSavePackage: Moving '../../../../../../Users/AlisaDI/Documents/MephiTasks/UnrealProject/Saved/NS_SpawnObjectAA00877B47C69B75298D1DBFC9892F5F.tmp' to '../../../../../../Users/AlisaDI/Documents/MephiTasks/UnrealProject/Content/Resources/VFX/NS_SpawnObject.uasset'
[2025.05.24-14.59.56:365][977]AssetCheck: New page: Asset Save: NS_SpawnObject
[2025.05.24-14.59.56:365][977]LogContentValidation: Display: Validating NiagaraSystem /Game/Resources/VFX/NS_SpawnObject.NS_SpawnObject
[2025.05.24-15.00.24:178][580]BlueprintLog: New page: Compile BP_test_menu_2
[2025.05.24-15.00.24:288][580]LogUObjectHash: Compacting FUObjectHashTables data took   7.38ms
[2025.05.24-15.00.26:449][704]LogSlate: Window 'BP_test_menu_2' being destroyed
[2025.05.24-15.01.22:562][981]BlueprintLog: New page: Compile BP_test_menu_2
[2025.05.24-15.01.22:650][981]LogUObjectHash: Compacting FUObjectHashTables data took   5.36ms
[2025.05.24-15.01.24:341][ 80]LogTemp: Repeating last play command: Simulate
[2025.05.24-15.01.24:347][ 80]LogPlayLevel: PlayLevel: No blueprints needed recompiling
[2025.05.24-15.01.24:347][ 80]PIE: New page: SIE session: VRTemplateMap (24 мая 2025 г., 21:01:24)
[2025.05.24-15.01.24:347][ 80]LogPlayLevel: Creating play world package: /Game/VRTemplate/Maps/UEDPIE_0_VRTemplateMap
[2025.05.24-15.01.24:359][ 80]LogPlayLevel: PIE: StaticDuplicateObject took: (0.011908s)
[2025.05.24-15.01.24:360][ 80]LogAIModule: Creating AISystem for world VRTemplateMap
[2025.05.24-15.01.24:360][ 80]LogPlayLevel: PIE: World Init took: (0.001075s)
[2025.05.24-15.01.24:360][ 80]LogPlayLevel: PIE: Created PIE world by copying editor world from /Game/VRTemplate/Maps/VRTemplateMap.VRTemplateMap to /Game/VRTemplate/Maps/UEDPIE_0_VRTemplateMap.VRTemplateMap (0.013106s)
[2025.05.24-15.01.24:415][ 80]LogUObjectHash: Compacting FUObjectHashTables data took   5.83ms
[2025.05.24-15.01.24:417][ 80]LogAudio: Display: Creating Audio Device:                 Id: 52, Scope: Unique, Realtime: True
[2025.05.24-15.01.24:418][ 80]LogAudioMixer: Display: Audio Mixer Platform Settings:
[2025.05.24-15.01.24:418][ 80]LogAudioMixer: Display: 	Sample Rate:						  48000
[2025.05.24-15.01.24:418][ 80]LogAudioMixer: Display: 	Callback Buffer Frame Size Requested: 1024
[2025.05.24-15.01.24:418][ 80]LogAudioMixer: Display: 	Callback Buffer Frame Size To Use:	  1024
[2025.05.24-15.01.24:418][ 80]LogAudioMixer: Display: 	Number of buffers to queue:			  1
[2025.05.24-15.01.24:418][ 80]LogAudioMixer: Display: 	Max Channels (voices):				  0
[2025.05.24-15.01.24:418][ 80]LogAudioMixer: Display: 	Number of Async Source Workers:		  4
[2025.05.24-15.01.24:418][ 80]LogAudio: Display: AudioDevice MaxSources: 32
[2025.05.24-15.01.24:418][ 80]LogAudio: Display: Audio Spatialization Plugin: Resonance Audio is external send: 1
[2025.05.24-15.01.24:418][ 80]LogAudio: Display: Audio Reverb Plugin: Resonance Audio
[2025.05.24-15.01.24:418][ 80]LogAudio: Display: Audio Occlusion Plugin: None (built-in).
[2025.05.24-15.01.24:418][ 80]LogAudioMixer: Display: Initializing audio mixer.
[2025.05.24-15.01.24:423][ 80]LogAudioMixer: Display: 0: FrontLeft
[2025.05.24-15.01.24:423][ 80]LogAudioMixer: Display: 1: FrontRight
[2025.05.24-15.01.24:465][ 80]LogAudioMixer: Display: Using Audio Device Динамики (Realtek(R) Audio)
[2025.05.24-15.01.24:465][ 80]LogAudioMixer: Display: Initializing Sound Submixes...
[2025.05.24-15.01.24:465][ 80]LogAudioMixer: Display: Creating Master Submix 'MasterSubmixDefault'
[2025.05.24-15.01.24:465][ 80]LogAudioMixer: Display: Creating Master Submix 'MasterReverbSubmixDefault'
[2025.05.24-15.01.24:465][ 80]LogAudioMixer: Display: Creating Master Submix 'MasterEQSubmixDefault'
[2025.05.24-15.01.24:466][ 80]LogAudioMixer: FMixerPlatformXAudio2::StartAudioStream() called
[2025.05.24-15.01.24:466][ 80]LogAudioMixer: Display: Output buffers initialized: Frames=1024, Channels=2, Samples=2048
[2025.05.24-15.01.24:467][ 80]LogAudioMixer: Display: Starting AudioMixerPlatformInterface::RunInternal()
[2025.05.24-15.01.24:467][ 80]LogAudioMixer: Display: FMixerPlatformXAudio2::SubmitBuffer() called for the first time
[2025.05.24-15.01.24:467][ 80]LogInit: FAudioDevice initialized.
[2025.05.24-15.01.24:467][ 80]LogAudio: Display: Audio Device (ID: 52) registered with world 'VRTemplateMap'.
[2025.05.24-15.01.24:479][ 80]LogLoad: Game class is 'VRGameMode_C'
[2025.05.24-15.01.24:481][ 80]LogWorld: Bringing World /Game/VRTemplate/Maps/UEDPIE_0_VRTemplateMap.VRTemplateMap up for play (max tick rate 60) at 2025.05.24-18.01.24
[2025.05.24-15.01.24:481][ 80]LogWorld: Bringing up level for play took: 0.001535
[2025.05.24-15.01.24:481][ 80]LogOnline: OSS: Creating online subsystem instance for: :Context_79
[2025.05.24-15.01.24:483][ 80]LogSpawn: Warning: SpawnActor failed because no class was specified
[2025.05.24-15.01.24:484][ 80]PIE: Server logged in
[2025.05.24-15.01.24:485][ 80]PIE: Play in editor total start time 0,138 seconds.
[2025.05.24-15.01.24:500][ 80]LogResonanceAudio: Display: Resonance Audio Listener is initialized
[2025.05.24-15.01.28:030][288]LogSlate: Updating window title bar state: overlay mode, drag disabled, window buttons hidden, title bar hidden
[2025.05.24-15.01.28:030][288]LogWorld: BeginTearingDown for /Game/VRTemplate/Maps/UEDPIE_0_VRTemplateMap
[2025.05.24-15.01.28:031][288]LogWorld: UWorld::CleanupWorld for VRTemplateMap, bSessionEnded=true, bCleanupResources=true
[2025.05.24-15.01.28:031][288]LogSlate: InvalidateAllWidgets triggered.  All widgets were invalidated
[2025.05.24-15.01.28:049][288]LogPlayLevel: Display: Shutting down PIE online subsystems
[2025.05.24-15.01.28:061][288]LogSlate: InvalidateAllWidgets triggered.  All widgets were invalidated
[2025.05.24-15.01.28:107][288]LogAudio: Display: Audio Device unregistered from world 'None'.
[2025.05.24-15.01.28:107][288]LogResonanceAudio: Display: Resonance Audio Listener is shutdown
[2025.05.24-15.01.28:107][288]LogAudioMixer: FMixerPlatformXAudio2::StopAudioStream() called
[2025.05.24-15.01.28:109][288]LogAudioMixer: FMixerPlatformXAudio2::StopAudioStream() called
[2025.05.24-15.01.28:113][288]LogSlate: Updating window title bar state: overlay mode, drag disabled, window buttons hidden, title bar hidden
[2025.05.24-15.01.28:118][288]LogUObjectHash: Compacting FUObjectHashTables data took   3.83ms
[2025.05.24-15.01.28:151][289]LogPlayLevel: Display: Destroying online subsystem :Context_79
[2025.05.24-15.01.57:819][ 44]Cmd: OBJ SAVEPACKAGE PACKAGE="/Game/Resources/VFX/NS_SpawnObject" FILE="../../../../../../Users/AlisaDI/Documents/MephiTasks/UnrealProject/Content/Resources/VFX/NS_SpawnObject.uasset" SILENT=true
[2025.05.24-15.01.57:868][ 44]LogSavePackage: Moving '../../../../../../Users/AlisaDI/Documents/MephiTasks/UnrealProject/Saved/NS_SpawnObjectB18E633744AB9A9817ACCBAEC0EC6935.tmp' to '../../../../../../Users/AlisaDI/Documents/MephiTasks/UnrealProject/Content/Resources/VFX/NS_SpawnObject.uasset'
[2025.05.24-15.01.57:890][ 44]AssetCheck: New page: Asset Save: NS_SpawnObject
[2025.05.24-15.01.57:890][ 44]LogContentValidation: Display: Validating NiagaraSystem /Game/Resources/VFX/NS_SpawnObject.NS_SpawnObject
[2025.05.24-15.02.00:639][208]LogTemp: Repeating last play command: Simulate
[2025.05.24-15.02.00:644][208]LogPlayLevel: PlayLevel: No blueprints needed recompiling
[2025.05.24-15.02.00:644][208]PIE: New page: SIE session: VRTemplateMap (24 мая 2025 г., 21:02:00)
[2025.05.24-15.02.00:644][208]LogPlayLevel: Creating play world package: /Game/VRTemplate/Maps/UEDPIE_0_VRTemplateMap
[2025.05.24-15.02.00:648][208]LogPlayLevel: PIE: StaticDuplicateObject took: (0.003851s)
[2025.05.24-15.02.00:649][208]LogAIModule: Creating AISystem for world VRTemplateMap
[2025.05.24-15.02.00:649][208]LogPlayLevel: PIE: World Init took: (0.001032s)
[2025.05.24-15.02.00:649][208]LogPlayLevel: PIE: Created PIE world by copying editor world from /Game/VRTemplate/Maps/VRTemplateMap.VRTemplateMap to /Game/VRTemplate/Maps/UEDPIE_0_VRTemplateMap.VRTemplateMap (0.004996s)
[2025.05.24-15.02.00:700][208]LogUObjectHash: Compacting FUObjectHashTables data took   3.98ms
[2025.05.24-15.02.00:702][208]LogAudio: Display: Creating Audio Device:                 Id: 53, Scope: Unique, Realtime: True
[2025.05.24-15.02.00:702][208]LogAudioMixer: Display: Audio Mixer Platform Settings:
[2025.05.24-15.02.00:702][208]LogAudioMixer: Display: 	Sample Rate:						  48000
[2025.05.24-15.02.00:702][208]LogAudioMixer: Display: 	Callback Buffer Frame Size Requested: 1024
[2025.05.24-15.02.00:702][208]LogAudioMixer: Display: 	Callback Buffer Frame Size To Use:	  1024
[2025.05.24-15.02.00:702][208]LogAudioMixer: Display: 	Number of buffers to queue:			  1
[2025.05.24-15.02.00:702][208]LogAudioMixer: Display: 	Max Channels (voices):				  0
[2025.05.24-15.02.00:702][208]LogAudioMixer: Display: 	Number of Async Source Workers:		  4
[2025.05.24-15.02.00:702][208]LogAudio: Display: AudioDevice MaxSources: 32
[2025.05.24-15.02.00:702][208]LogAudio: Display: Audio Spatialization Plugin: Resonance Audio is external send: 1
[2025.05.24-15.02.00:702][208]LogAudio: Display: Audio Reverb Plugin: Resonance Audio
[2025.05.24-15.02.00:702][208]LogAudio: Display: Audio Occlusion Plugin: None (built-in).
[2025.05.24-15.02.00:702][208]LogAudioMixer: Display: Initializing audio mixer.
[2025.05.24-15.02.00:707][208]LogAudioMixer: Display: 0: FrontLeft
[2025.05.24-15.02.00:707][208]LogAudioMixer: Display: 1: FrontRight
[2025.05.24-15.02.00:753][208]LogAudioMixer: Display: Using Audio Device Динамики (Realtek(R) Audio)
[2025.05.24-15.02.00:754][208]LogAudioMixer: Display: Initializing Sound Submixes...
[2025.05.24-15.02.00:754][208]LogAudioMixer: Display: Creating Master Submix 'MasterSubmixDefault'
[2025.05.24-15.02.00:754][208]LogAudioMixer: Display: Creating Master Submix 'MasterReverbSubmixDefault'
[2025.05.24-15.02.00:754][208]LogAudioMixer: Display: Creating Master Submix 'MasterEQSubmixDefault'
[2025.05.24-15.02.00:754][208]LogAudioMixer: FMixerPlatformXAudio2::StartAudioStream() called
[2025.05.24-15.02.00:754][208]LogAudioMixer: Display: Output buffers initialized: Frames=1024, Channels=2, Samples=2048
[2025.05.24-15.02.00:755][208]LogAudioMixer: Display: Starting AudioMixerPlatformInterface::RunInternal()
[2025.05.24-15.02.00:755][208]LogAudioMixer: Display: FMixerPlatformXAudio2::SubmitBuffer() called for the first time
[2025.05.24-15.02.00:755][208]LogInit: FAudioDevice initialized.
[2025.05.24-15.02.00:755][208]LogAudio: Display: Audio Device (ID: 53) registered with world 'VRTemplateMap'.
[2025.05.24-15.02.00:765][208]LogLoad: Game class is 'VRGameMode_C'
[2025.05.24-15.02.00:766][208]LogWorld: Bringing World /Game/VRTemplate/Maps/UEDPIE_0_VRTemplateMap.VRTemplateMap up for play (max tick rate 60) at 2025.05.24-18.02.00
[2025.05.24-15.02.00:767][208]LogWorld: Bringing up level for play took: 0.001560
[2025.05.24-15.02.00:767][208]LogOnline: OSS: Creating online subsystem instance for: :Context_80
[2025.05.24-15.02.00:768][208]LogSpawn: Warning: SpawnActor failed because no class was specified
[2025.05.24-15.02.00:770][208]PIE: Server logged in
[2025.05.24-15.02.00:770][208]PIE: Play in editor total start time 0,126 seconds.
[2025.05.24-15.02.00:785][208]LogResonanceAudio: Display: Resonance Audio Listener is initialized
[2025.05.24-15.02.05:700][500]LogSlate: Updating window title bar state: overlay mode, drag disabled, window buttons hidden, title bar hidden
[2025.05.24-15.02.05:700][500]LogWorld: BeginTearingDown for /Game/VRTemplate/Maps/UEDPIE_0_VRTemplateMap
[2025.05.24-15.02.05:701][500]LogWorld: UWorld::CleanupWorld for VRTemplateMap, bSessionEnded=true, bCleanupResources=true
[2025.05.24-15.02.05:701][500]LogSlate: InvalidateAllWidgets triggered.  All widgets were invalidated
[2025.05.24-15.02.05:717][500]LogPlayLevel: Display: Shutting down PIE online subsystems
[2025.05.24-15.02.05:730][500]LogSlate: InvalidateAllWidgets triggered.  All widgets were invalidated
[2025.05.24-15.02.05:774][500]LogAudio: Display: Audio Device unregistered from world 'None'.
[2025.05.24-15.02.05:774][500]LogResonanceAudio: Display: Resonance Audio Listener is shutdown
[2025.05.24-15.02.05:774][500]LogAudioMixer: FMixerPlatformXAudio2::StopAudioStream() called
[2025.05.24-15.02.05:776][500]LogAudioMixer: FMixerPlatformXAudio2::StopAudioStream() called
[2025.05.24-15.02.05:780][500]LogSlate: Updating window title bar state: overlay mode, drag disabled, window buttons hidden, title bar hidden
[2025.05.24-15.02.05:785][500]LogUObjectHash: Compacting FUObjectHashTables data took   3.78ms
[2025.05.24-15.02.05:816][501]LogPlayLevel: Display: Destroying online subsystem :Context_80
[2025.05.24-15.02.17:486][198]BlueprintLog: New page: Compile BP_test_menu_2
[2025.05.24-15.02.17:568][198]LogUObjectHash: Compacting FUObjectHashTables data took   4.25ms
[2025.05.24-15.02.18:040][222]Cmd: OBJ SAVEPACKAGE PACKAGE="/Game/Andrey/Menu/BP_test_menu_2" FILE="../../../../../../Users/AlisaDI/Documents/MephiTasks/UnrealProject/Content/Andrey/Menu/BP_test_menu_2.uasset" SILENT=true
[2025.05.24-15.02.18:058][222]LogSavePackage: Moving '../../../../../../Users/AlisaDI/Documents/MephiTasks/UnrealProject/Saved/BP_test_menu_22F8A520C4DFDE514C300E1AD8210D472.tmp' to '../../../../../../Users/AlisaDI/Documents/MephiTasks/UnrealProject/Content/Andrey/Menu/BP_test_menu_2.uasset'
[2025.05.24-15.02.18:081][222]AssetCheck: New page: Asset Save: BP_test_menu_2
[2025.05.24-15.02.18:081][222]LogContentValidation: Display: Validating Blueprint /Game/Andrey/Menu/BP_test_menu_2.BP_test_menu_2
[2025.05.24-15.02.19:914][331]LogTemp: Repeating last play command: Simulate
[2025.05.24-15.02.19:921][331]LogPlayLevel: PlayLevel: No blueprints needed recompiling
[2025.05.24-15.02.19:921][331]PIE: New page: SIE session: VRTemplateMap (24 мая 2025 г., 21:02:19)
[2025.05.24-15.02.19:921][331]LogPlayLevel: Creating play world package: /Game/VRTemplate/Maps/UEDPIE_0_VRTemplateMap
[2025.05.24-15.02.19:926][331]LogPlayLevel: PIE: StaticDuplicateObject took: (0.004500s)
[2025.05.24-15.02.19:927][331]LogAIModule: Creating AISystem for world VRTemplateMap
[2025.05.24-15.02.19:927][331]LogPlayLevel: PIE: World Init took: (0.001194s)
[2025.05.24-15.02.19:927][331]LogPlayLevel: PIE: Created PIE world by copying editor world from /Game/VRTemplate/Maps/VRTemplateMap.VRTemplateMap to /Game/VRTemplate/Maps/UEDPIE_0_VRTemplateMap.VRTemplateMap (0.005853s)
[2025.05.24-15.02.19:977][331]LogUObjectHash: Compacting FUObjectHashTables data took   5.34ms
[2025.05.24-15.02.19:978][331]LogAudio: Display: Creating Audio Device:                 Id: 54, Scope: Unique, Realtime: True
[2025.05.24-15.02.19:978][331]LogAudioMixer: Display: Audio Mixer Platform Settings:
[2025.05.24-15.02.19:978][331]LogAudioMixer: Display: 	Sample Rate:						  48000
[2025.05.24-15.02.19:978][331]LogAudioMixer: Display: 	Callback Buffer Frame Size Requested: 1024
[2025.05.24-15.02.19:978][331]LogAudioMixer: Display: 	Callback Buffer Frame Size To Use:	  1024
[2025.05.24-15.02.19:978][331]LogAudioMixer: Display: 	Number of buffers to queue:			  1
[2025.05.24-15.02.19:978][331]LogAudioMixer: Display: 	Max Channels (voices):				  0
[2025.05.24-15.02.19:978][331]LogAudioMixer: Display: 	Number of Async Source Workers:		  4
[2025.05.24-15.02.19:978][331]LogAudio: Display: AudioDevice MaxSources: 32
[2025.05.24-15.02.19:979][331]LogAudio: Display: Audio Spatialization Plugin: Resonance Audio is external send: 1
[2025.05.24-15.02.19:979][331]LogAudio: Display: Audio Reverb Plugin: Resonance Audio
[2025.05.24-15.02.19:979][331]LogAudio: Display: Audio Occlusion Plugin: None (built-in).
[2025.05.24-15.02.19:979][331]LogAudioMixer: Display: Initializing audio mixer.
[2025.05.24-15.02.19:983][331]LogAudioMixer: Display: 0: FrontLeft
[2025.05.24-15.02.19:983][331]LogAudioMixer: Display: 1: FrontRight
[2025.05.24-15.02.20:029][331]LogAudioMixer: Display: Using Audio Device Динамики (Realtek(R) Audio)
[2025.05.24-15.02.20:029][331]LogAudioMixer: Display: Initializing Sound Submixes...
[2025.05.24-15.02.20:029][331]LogAudioMixer: Display: Creating Master Submix 'MasterSubmixDefault'
[2025.05.24-15.02.20:029][331]LogAudioMixer: Display: Creating Master Submix 'MasterReverbSubmixDefault'
[2025.05.24-15.02.20:029][331]LogAudioMixer: Display: Creating Master Submix 'MasterEQSubmixDefault'
[2025.05.24-15.02.20:030][331]LogAudioMixer: FMixerPlatformXAudio2::StartAudioStream() called
[2025.05.24-15.02.20:030][331]LogAudioMixer: Display: Output buffers initialized: Frames=1024, Channels=2, Samples=2048
[2025.05.24-15.02.20:031][331]LogAudioMixer: Display: Starting AudioMixerPlatformInterface::RunInternal()
[2025.05.24-15.02.20:031][331]LogAudioMixer: Display: FMixerPlatformXAudio2::SubmitBuffer() called for the first time
[2025.05.24-15.02.20:031][331]LogInit: FAudioDevice initialized.
[2025.05.24-15.02.20:031][331]LogAudio: Display: Audio Device (ID: 54) registered with world 'VRTemplateMap'.
[2025.05.24-15.02.20:038][331]LogLoad: Game class is 'VRGameMode_C'
[2025.05.24-15.02.20:040][331]LogWorld: Bringing World /Game/VRTemplate/Maps/UEDPIE_0_VRTemplateMap.VRTemplateMap up for play (max tick rate 60) at 2025.05.24-18.02.20
[2025.05.24-15.02.20:040][331]LogWorld: Bringing up level for play took: 0.001517
[2025.05.24-15.02.20:040][331]LogOnline: OSS: Creating online subsystem instance for: :Context_81
[2025.05.24-15.02.20:042][331]LogSpawn: Warning: SpawnActor failed because no class was specified
[2025.05.24-15.02.20:043][331]PIE: Server logged in
[2025.05.24-15.02.20:044][331]PIE: Play in editor total start time 0,124 seconds.
[2025.05.24-15.02.20:059][331]LogResonanceAudio: Display: Resonance Audio Listener is initialized
[2025.05.24-15.02.22:150][453]LogSlate: Updating window title bar state: overlay mode, drag disabled, window buttons hidden, title bar hidden
[2025.05.24-15.02.22:150][453]LogWorld: BeginTearingDown for /Game/VRTemplate/Maps/UEDPIE_0_VRTemplateMap
[2025.05.24-15.02.22:151][453]LogWorld: UWorld::CleanupWorld for VRTemplateMap, bSessionEnded=true, bCleanupResources=true
[2025.05.24-15.02.22:151][453]LogSlate: InvalidateAllWidgets triggered.  All widgets were invalidated
[2025.05.24-15.02.22:168][453]LogPlayLevel: Display: Shutting down PIE online subsystems
[2025.05.24-15.02.22:181][453]LogSlate: InvalidateAllWidgets triggered.  All widgets were invalidated
[2025.05.24-15.02.22:226][453]LogAudio: Display: Audio Device unregistered from world 'None'.
[2025.05.24-15.02.22:226][453]LogResonanceAudio: Display: Resonance Audio Listener is shutdown
[2025.05.24-15.02.22:227][453]LogAudioMixer: FMixerPlatformXAudio2::StopAudioStream() called
[2025.05.24-15.02.22:228][453]LogAudioMixer: FMixerPlatformXAudio2::StopAudioStream() called
[2025.05.24-15.02.22:233][453]LogSlate: Updating window title bar state: overlay mode, drag disabled, window buttons hidden, title bar hidden
[2025.05.24-15.02.22:239][453]LogUObjectHash: Compacting FUObjectHashTables data took   3.91ms
[2025.05.24-15.02.22:270][454]LogPlayLevel: Display: Destroying online subsystem :Context_81
[2025.05.24-15.02.36:579][308]BlueprintLog: New page: Compile BP_test_menu_2
[2025.05.24-15.02.36:668][308]LogUObjectHash: Compacting FUObjectHashTables data took   4.87ms
[2025.05.24-15.02.37:831][372]Cmd: OBJ SAVEPACKAGE PACKAGE="/Game/Andrey/Menu/BP_test_menu_2" FILE="../../../../../../Users/AlisaDI/Documents/MephiTasks/UnrealProject/Content/Andrey/Menu/BP_test_menu_2.uasset" SILENT=true
[2025.05.24-15.02.37:850][372]LogSavePackage: Moving '../../../../../../Users/AlisaDI/Documents/MephiTasks/UnrealProject/Saved/BP_test_menu_21DE470D04B5B87DCCC20DC925A1CC412.tmp' to '../../../../../../Users/AlisaDI/Documents/MephiTasks/UnrealProject/Content/Andrey/Menu/BP_test_menu_2.uasset'
[2025.05.24-15.02.37:869][372]AssetCheck: New page: Asset Save: BP_test_menu_2
[2025.05.24-15.02.37:869][372]LogContentValidation: Display: Validating Blueprint /Game/Andrey/Menu/BP_test_menu_2.BP_test_menu_2
[2025.05.24-15.02.39:059][443]LogTemp: Repeating last play command: Simulate
[2025.05.24-15.02.39:065][443]LogPlayLevel: PlayLevel: No blueprints needed recompiling
[2025.05.24-15.02.39:065][443]PIE: New page: SIE session: VRTemplateMap (24 мая 2025 г., 21:02:39)
[2025.05.24-15.02.39:065][443]LogPlayLevel: Creating play world package: /Game/VRTemplate/Maps/UEDPIE_0_VRTemplateMap
[2025.05.24-15.02.39:069][443]LogPlayLevel: PIE: StaticDuplicateObject took: (0.003674s)
[2025.05.24-15.02.39:069][443]LogAIModule: Creating AISystem for world VRTemplateMap
[2025.05.24-15.02.39:070][443]LogPlayLevel: PIE: World Init took: (0.001030s)
[2025.05.24-15.02.39:070][443]LogPlayLevel: PIE: Created PIE world by copying editor world from /Game/VRTemplate/Maps/VRTemplateMap.VRTemplateMap to /Game/VRTemplate/Maps/UEDPIE_0_VRTemplateMap.VRTemplateMap (0.004822s)
[2025.05.24-15.02.39:119][443]LogUObjectHash: Compacting FUObjectHashTables data took   5.15ms
[2025.05.24-15.02.39:121][443]LogAudio: Display: Creating Audio Device:                 Id: 55, Scope: Unique, Realtime: True
[2025.05.24-15.02.39:122][443]LogAudioMixer: Display: Audio Mixer Platform Settings:
[2025.05.24-15.02.39:122][443]LogAudioMixer: Display: 	Sample Rate:						  48000
[2025.05.24-15.02.39:122][443]LogAudioMixer: Display: 	Callback Buffer Frame Size Requested: 1024
[2025.05.24-15.02.39:122][443]LogAudioMixer: Display: 	Callback Buffer Frame Size To Use:	  1024
[2025.05.24-15.02.39:122][443]LogAudioMixer: Display: 	Number of buffers to queue:			  1
[2025.05.24-15.02.39:122][443]LogAudioMixer: Display: 	Max Channels (voices):				  0
[2025.05.24-15.02.39:122][443]LogAudioMixer: Display: 	Number of Async Source Workers:		  4
[2025.05.24-15.02.39:122][443]LogAudio: Display: AudioDevice MaxSources: 32
[2025.05.24-15.02.39:122][443]LogAudio: Display: Audio Spatialization Plugin: Resonance Audio is external send: 1
[2025.05.24-15.02.39:122][443]LogAudio: Display: Audio Reverb Plugin: Resonance Audio
[2025.05.24-15.02.39:122][443]LogAudio: Display: Audio Occlusion Plugin: None (built-in).
[2025.05.24-15.02.39:122][443]LogAudioMixer: Display: Initializing audio mixer.
[2025.05.24-15.02.39:126][443]LogAudioMixer: Display: 0: FrontLeft
[2025.05.24-15.02.39:126][443]LogAudioMixer: Display: 1: FrontRight
[2025.05.24-15.02.39:171][443]LogAudioMixer: Display: Using Audio Device Динамики (Realtek(R) Audio)
[2025.05.24-15.02.39:171][443]LogAudioMixer: Display: Initializing Sound Submixes...
[2025.05.24-15.02.39:171][443]LogAudioMixer: Display: Creating Master Submix 'MasterSubmixDefault'
[2025.05.24-15.02.39:171][443]LogAudioMixer: Display: Creating Master Submix 'MasterReverbSubmixDefault'
[2025.05.24-15.02.39:171][443]LogAudioMixer: Display: Creating Master Submix 'MasterEQSubmixDefault'
[2025.05.24-15.02.39:172][443]LogAudioMixer: FMixerPlatformXAudio2::StartAudioStream() called
[2025.05.24-15.02.39:172][443]LogAudioMixer: Display: Output buffers initialized: Frames=1024, Channels=2, Samples=2048
[2025.05.24-15.02.39:173][443]LogAudioMixer: Display: Starting AudioMixerPlatformInterface::RunInternal()
[2025.05.24-15.02.39:173][443]LogAudioMixer: Display: FMixerPlatformXAudio2::SubmitBuffer() called for the first time
[2025.05.24-15.02.39:173][443]LogInit: FAudioDevice initialized.
[2025.05.24-15.02.39:173][443]LogAudio: Display: Audio Device (ID: 55) registered with world 'VRTemplateMap'.
[2025.05.24-15.02.39:185][443]LogLoad: Game class is 'VRGameMode_C'
[2025.05.24-15.02.39:186][443]LogWorld: Bringing World /Game/VRTemplate/Maps/UEDPIE_0_VRTemplateMap.VRTemplateMap up for play (max tick rate 60) at 2025.05.24-18.02.39
[2025.05.24-15.02.39:187][443]LogWorld: Bringing up level for play took: 0.001636
[2025.05.24-15.02.39:187][443]LogOnline: OSS: Creating online subsystem instance for: :Context_82
[2025.05.24-15.02.39:189][443]LogSpawn: Warning: SpawnActor failed because no class was specified
[2025.05.24-15.02.39:190][443]PIE: Server logged in
[2025.05.24-15.02.39:191][443]PIE: Play in editor total start time 0,127 seconds.
[2025.05.24-15.02.39:208][443]LogResonanceAudio: Display: Resonance Audio Listener is initialized
[2025.05.24-15.02.40:240][498]LogSlate: Updating window title bar state: overlay mode, drag disabled, window buttons hidden, title bar hidden
[2025.05.24-15.02.40:240][498]LogWorld: BeginTearingDown for /Game/VRTemplate/Maps/UEDPIE_0_VRTemplateMap
[2025.05.24-15.02.40:240][498]LogWorld: UWorld::CleanupWorld for VRTemplateMap, bSessionEnded=true, bCleanupResources=true
[2025.05.24-15.02.40:241][498]LogSlate: InvalidateAllWidgets triggered.  All widgets were invalidated
[2025.05.24-15.02.40:249][498]LogPlayLevel: Display: Shutting down PIE online subsystems
[2025.05.24-15.02.40:254][498]LogNiagaraEditor: onPieEnd
[2025.05.24-15.02.40:263][498]LogSlate: InvalidateAllWidgets triggered.  All widgets were invalidated
[2025.05.24-15.02.40:310][498]LogAudio: Display: Audio Device unregistered from world 'None'.
[2025.05.24-15.02.40:310][498]LogResonanceAudio: Display: Resonance Audio Listener is shutdown
[2025.05.24-15.02.40:311][498]LogAudioMixer: FMixerPlatformXAudio2::StopAudioStream() called
[2025.05.24-15.02.40:312][498]LogAudioMixer: FMixerPlatformXAudio2::StopAudioStream() called
[2025.05.24-15.02.40:316][498]LogSlate: Updating window title bar state: overlay mode, drag disabled, window buttons hidden, title bar hidden
[2025.05.24-15.02.40:321][498]LogUObjectHash: Compacting FUObjectHashTables data took   3.87ms
[2025.05.24-15.02.40:350][499]LogPlayLevel: Display: Destroying online subsystem :Context_82
[2025.05.24-15.02.47:570][931]LogTemp: Repeating last play command: Simulate
[2025.05.24-15.02.47:576][931]LogPlayLevel: PlayLevel: No blueprints needed recompiling
[2025.05.24-15.02.47:576][931]PIE: New page: SIE session: VRTemplateMap (24 мая 2025 г., 21:02:47)
[2025.05.24-15.02.47:576][931]LogPlayLevel: Creating play world package: /Game/VRTemplate/Maps/UEDPIE_0_VRTemplateMap
[2025.05.24-15.02.47:582][931]LogPlayLevel: PIE: StaticDuplicateObject took: (0.005010s)
[2025.05.24-15.02.47:583][931]LogAIModule: Creating AISystem for world VRTemplateMap
[2025.05.24-15.02.47:583][931]LogPlayLevel: PIE: World Init took: (0.001329s)
[2025.05.24-15.02.47:583][931]LogPlayLevel: PIE: Created PIE world by copying editor world from /Game/VRTemplate/Maps/VRTemplateMap.VRTemplateMap to /Game/VRTemplate/Maps/UEDPIE_0_VRTemplateMap.VRTemplateMap (0.006503s)
[2025.05.24-15.02.47:632][931]LogUObjectHash: Compacting FUObjectHashTables data took   4.42ms
[2025.05.24-15.02.47:634][931]LogAudio: Display: Creating Audio Device:                 Id: 56, Scope: Unique, Realtime: True
[2025.05.24-15.02.47:634][931]LogAudioMixer: Display: Audio Mixer Platform Settings:
[2025.05.24-15.02.47:634][931]LogAudioMixer: Display: 	Sample Rate:						  48000
[2025.05.24-15.02.47:634][931]LogAudioMixer: Display: 	Callback Buffer Frame Size Requested: 1024
[2025.05.24-15.02.47:634][931]LogAudioMixer: Display: 	Callback Buffer Frame Size To Use:	  1024
[2025.05.24-15.02.47:634][931]LogAudioMixer: Display: 	Number of buffers to queue:			  1
[2025.05.24-15.02.47:634][931]LogAudioMixer: Display: 	Max Channels (voices):				  0
[2025.05.24-15.02.47:634][931]LogAudioMixer: Display: 	Number of Async Source Workers:		  4
[2025.05.24-15.02.47:634][931]LogAudio: Display: AudioDevice MaxSources: 32
[2025.05.24-15.02.47:635][931]LogAudio: Display: Audio Spatialization Plugin: Resonance Audio is external send: 1
[2025.05.24-15.02.47:635][931]LogAudio: Display: Audio Reverb Plugin: Resonance Audio
[2025.05.24-15.02.47:635][931]LogAudio: Display: Audio Occlusion Plugin: None (built-in).
[2025.05.24-15.02.47:635][931]LogAudioMixer: Display: Initializing audio mixer.
[2025.05.24-15.02.47:640][931]LogAudioMixer: Display: 0: FrontLeft
[2025.05.24-15.02.47:640][931]LogAudioMixer: Display: 1: FrontRight
[2025.05.24-15.02.47:681][931]LogAudioMixer: Display: Using Audio Device Динамики (Realtek(R) Audio)
[2025.05.24-15.02.47:682][931]LogAudioMixer: Display: Initializing Sound Submixes...
[2025.05.24-15.02.47:682][931]LogAudioMixer: Display: Creating Master Submix 'MasterSubmixDefault'
[2025.05.24-15.02.47:682][931]LogAudioMixer: Display: Creating Master Submix 'MasterReverbSubmixDefault'
[2025.05.24-15.02.47:682][931]LogAudioMixer: Display: Creating Master Submix 'MasterEQSubmixDefault'
[2025.05.24-15.02.47:682][931]LogAudioMixer: FMixerPlatformXAudio2::StartAudioStream() called
[2025.05.24-15.02.47:682][931]LogAudioMixer: Display: Output buffers initialized: Frames=1024, Channels=2, Samples=2048
[2025.05.24-15.02.47:683][931]LogAudioMixer: Display: Starting AudioMixerPlatformInterface::RunInternal()
[2025.05.24-15.02.47:683][931]LogAudioMixer: Display: FMixerPlatformXAudio2::SubmitBuffer() called for the first time
[2025.05.24-15.02.47:684][931]LogInit: FAudioDevice initialized.
[2025.05.24-15.02.47:684][931]LogAudio: Display: Audio Device (ID: 56) registered with world 'VRTemplateMap'.
[2025.05.24-15.02.47:692][931]LogLoad: Game class is 'VRGameMode_C'
[2025.05.24-15.02.47:694][931]LogWorld: Bringing World /Game/VRTemplate/Maps/UEDPIE_0_VRTemplateMap.VRTemplateMap up for play (max tick rate 60) at 2025.05.24-18.02.47
[2025.05.24-15.02.47:695][931]LogWorld: Bringing up level for play took: 0.001579
[2025.05.24-15.02.47:695][931]LogOnline: OSS: Creating online subsystem instance for: :Context_83
[2025.05.24-15.02.47:696][931]LogSpawn: Warning: SpawnActor failed because no class was specified
[2025.05.24-15.02.47:698][931]PIE: Server logged in
[2025.05.24-15.02.47:699][931]PIE: Play in editor total start time 0,124 seconds.
[2025.05.24-15.02.47:713][931]LogResonanceAudio: Display: Resonance Audio Listener is initialized
[2025.05.24-15.02.49:350][ 26]LogSlate: Updating window title bar state: overlay mode, drag disabled, window buttons hidden, title bar hidden
[2025.05.24-15.02.49:350][ 26]LogWorld: BeginTearingDown for /Game/VRTemplate/Maps/UEDPIE_0_VRTemplateMap
[2025.05.24-15.02.49:350][ 26]LogWorld: UWorld::CleanupWorld for VRTemplateMap, bSessionEnded=true, bCleanupResources=true
[2025.05.24-15.02.49:350][ 26]LogSlate: InvalidateAllWidgets triggered.  All widgets were invalidated
[2025.05.24-15.02.49:360][ 26]LogPlayLevel: Display: Shutting down PIE online subsystems
[2025.05.24-15.02.49:365][ 26]LogNiagaraEditor: onPieEnd
[2025.05.24-15.02.49:373][ 26]LogSlate: InvalidateAllWidgets triggered.  All widgets were invalidated
[2025.05.24-15.02.49:418][ 26]LogSlate: Updating window title bar state: overlay mode, drag disabled, window buttons hidden, title bar hidden
[2025.05.24-15.02.49:418][ 26]LogResonanceAudio: Display: Resonance Audio Listener is shutdown
[2025.05.24-15.02.49:418][ 26]LogAudioMixer: FMixerPlatformXAudio2::StopAudioStream() called
[2025.05.24-15.02.49:420][ 26]LogAudioMixer: FMixerPlatformXAudio2::StopAudioStream() called
[2025.05.24-15.02.49:430][ 26]LogUObjectHash: Compacting FUObjectHashTables data took   3.97ms
[2025.05.24-15.02.49:459][ 27]LogPlayLevel: Display: Destroying online subsystem :Context_83
[2025.05.24-15.02.56:775][464]BlueprintLog: New page: Compile BP_test_menu_2
[2025.05.24-15.02.56:864][464]LogUObjectHash: Compacting FUObjectHashTables data took   3.93ms
[2025.05.24-15.02.57:239][482]Cmd: OBJ SAVEPACKAGE PACKAGE="/Game/Andrey/Menu/BP_test_menu_2" FILE="../../../../../../Users/AlisaDI/Documents/MephiTasks/UnrealProject/Content/Andrey/Menu/BP_test_menu_2.uasset" SILENT=true
[2025.05.24-15.02.57:258][482]LogSavePackage: Moving '../../../../../../Users/AlisaDI/Documents/MephiTasks/UnrealProject/Saved/BP_test_menu_230313C924EDB550BDDD458B1847A2947.tmp' to '../../../../../../Users/AlisaDI/Documents/MephiTasks/UnrealProject/Content/Andrey/Menu/BP_test_menu_2.uasset'
[2025.05.24-15.02.57:282][482]AssetCheck: New page: Asset Save: BP_test_menu_2
[2025.05.24-15.02.57:282][482]LogContentValidation: Display: Validating Blueprint /Game/Andrey/Menu/BP_test_menu_2.BP_test_menu_2
[2025.05.24-15.02.58:577][560]LogTemp: Repeating last play command: Simulate
[2025.05.24-15.02.58:583][560]LogPlayLevel: PlayLevel: No blueprints needed recompiling
[2025.05.24-15.02.58:583][560]PIE: New page: SIE session: VRTemplateMap (24 мая 2025 г., 21:02:58)
[2025.05.24-15.02.58:583][560]LogPlayLevel: Creating play world package: /Game/VRTemplate/Maps/UEDPIE_0_VRTemplateMap
[2025.05.24-15.02.58:587][560]LogPlayLevel: PIE: StaticDuplicateObject took: (0.004094s)
[2025.05.24-15.02.58:588][560]LogAIModule: Creating AISystem for world VRTemplateMap
[2025.05.24-15.02.58:588][560]LogPlayLevel: PIE: World Init took: (0.001169s)
[2025.05.24-15.02.58:588][560]LogPlayLevel: PIE: Created PIE world by copying editor world from /Game/VRTemplate/Maps/VRTemplateMap.VRTemplateMap to /Game/VRTemplate/Maps/UEDPIE_0_VRTemplateMap.VRTemplateMap (0.005391s)
[2025.05.24-15.02.58:640][560]LogUObjectHash: Compacting FUObjectHashTables data took   5.48ms
[2025.05.24-15.02.58:641][560]LogAudio: Display: Creating Audio Device:                 Id: 57, Scope: Unique, Realtime: True
[2025.05.24-15.02.58:641][560]LogAudioMixer: Display: Audio Mixer Platform Settings:
[2025.05.24-15.02.58:641][560]LogAudioMixer: Display: 	Sample Rate:						  48000
[2025.05.24-15.02.58:642][560]LogAudioMixer: Display: 	Callback Buffer Frame Size Requested: 1024
[2025.05.24-15.02.58:642][560]LogAudioMixer: Display: 	Callback Buffer Frame Size To Use:	  1024
[2025.05.24-15.02.58:642][560]LogAudioMixer: Display: 	Number of buffers to queue:			  1
[2025.05.24-15.02.58:642][560]LogAudioMixer: Display: 	Max Channels (voices):				  0
[2025.05.24-15.02.58:642][560]LogAudioMixer: Display: 	Number of Async Source Workers:		  4
[2025.05.24-15.02.58:642][560]LogAudio: Display: AudioDevice MaxSources: 32
[2025.05.24-15.02.58:642][560]LogAudio: Display: Audio Spatialization Plugin: Resonance Audio is external send: 1
[2025.05.24-15.02.58:642][560]LogAudio: Display: Audio Reverb Plugin: Resonance Audio
[2025.05.24-15.02.58:642][560]LogAudio: Display: Audio Occlusion Plugin: None (built-in).
[2025.05.24-15.02.58:642][560]LogAudioMixer: Display: Initializing audio mixer.
[2025.05.24-15.02.58:646][560]LogAudioMixer: Display: 0: FrontLeft
[2025.05.24-15.02.58:646][560]LogAudioMixer: Display: 1: FrontRight
[2025.05.24-15.02.58:689][560]LogAudioMixer: Display: Using Audio Device Динамики (Realtek(R) Audio)
[2025.05.24-15.02.58:689][560]LogAudioMixer: Display: Initializing Sound Submixes...
[2025.05.24-15.02.58:689][560]LogAudioMixer: Display: Creating Master Submix 'MasterSubmixDefault'
[2025.05.24-15.02.58:689][560]LogAudioMixer: Display: Creating Master Submix 'MasterReverbSubmixDefault'
[2025.05.24-15.02.58:690][560]LogAudioMixer: Display: Creating Master Submix 'MasterEQSubmixDefault'
[2025.05.24-15.02.58:690][560]LogAudioMixer: FMixerPlatformXAudio2::StartAudioStream() called
[2025.05.24-15.02.58:690][560]LogAudioMixer: Display: Output buffers initialized: Frames=1024, Channels=2, Samples=2048
[2025.05.24-15.02.58:691][560]LogAudioMixer: Display: Starting AudioMixerPlatformInterface::RunInternal()
[2025.05.24-15.02.58:691][560]LogAudioMixer: Display: FMixerPlatformXAudio2::SubmitBuffer() called for the first time
[2025.05.24-15.02.58:691][560]LogInit: FAudioDevice initialized.
[2025.05.24-15.02.58:691][560]LogAudio: Display: Audio Device (ID: 57) registered with world 'VRTemplateMap'.
[2025.05.24-15.02.58:703][560]LogLoad: Game class is 'VRGameMode_C'
[2025.05.24-15.02.58:705][560]LogWorld: Bringing World /Game/VRTemplate/Maps/UEDPIE_0_VRTemplateMap.VRTemplateMap up for play (max tick rate 60) at 2025.05.24-18.02.58
[2025.05.24-15.02.58:705][560]LogWorld: Bringing up level for play took: 0.001522
[2025.05.24-15.02.58:705][560]LogOnline: OSS: Creating online subsystem instance for: :Context_84
[2025.05.24-15.02.58:707][560]LogSpawn: Warning: SpawnActor failed because no class was specified
[2025.05.24-15.02.58:708][560]PIE: Server logged in
[2025.05.24-15.02.58:709][560]PIE: Play in editor total start time 0,128 seconds.
[2025.05.24-15.02.58:724][560]LogResonanceAudio: Display: Resonance Audio Listener is initialized
[2025.05.24-15.03.01:790][741]LogSlate: Updating window title bar state: overlay mode, drag disabled, window buttons hidden, title bar hidden
[2025.05.24-15.03.01:790][741]LogWorld: BeginTearingDown for /Game/VRTemplate/Maps/UEDPIE_0_VRTemplateMap
[2025.05.24-15.03.01:791][741]LogWorld: UWorld::CleanupWorld for VRTemplateMap, bSessionEnded=true, bCleanupResources=true
[2025.05.24-15.03.01:791][741]LogSlate: InvalidateAllWidgets triggered.  All widgets were invalidated
[2025.05.24-15.03.01:803][741]LogPlayLevel: Display: Shutting down PIE online subsystems
[2025.05.24-15.03.01:808][741]LogNiagaraEditor: onPieEnd
[2025.05.24-15.03.01:817][741]LogSlate: InvalidateAllWidgets triggered.  All widgets were invalidated
[2025.05.24-15.03.01:860][741]LogAudio: Display: Audio Device unregistered from world 'None'.
[2025.05.24-15.03.01:860][741]LogResonanceAudio: Display: Resonance Audio Listener is shutdown
[2025.05.24-15.03.01:860][741]LogAudioMixer: FMixerPlatformXAudio2::StopAudioStream() called
[2025.05.24-15.03.01:862][741]LogAudioMixer: FMixerPlatformXAudio2::StopAudioStream() called
[2025.05.24-15.03.01:866][741]LogSlate: Updating window title bar state: overlay mode, drag disabled, window buttons hidden, title bar hidden
[2025.05.24-15.03.01:871][741]LogUObjectHash: Compacting FUObjectHashTables data took   3.80ms
[2025.05.24-15.03.01:904][742]LogPlayLevel: Display: Destroying online subsystem :Context_84
[2025.05.24-15.03.09:811][212]BlueprintLog: New page: Compile BP_test_menu_2
[2025.05.24-15.03.09:899][212]LogUObjectHash: Compacting FUObjectHashTables data took   3.97ms
[2025.05.24-15.03.10:233][228]Cmd: OBJ SAVEPACKAGE PACKAGE="/Game/Andrey/Menu/BP_test_menu_2" FILE="../../../../../../Users/AlisaDI/Documents/MephiTasks/UnrealProject/Content/Andrey/Menu/BP_test_menu_2.uasset" SILENT=true
[2025.05.24-15.03.10:253][228]LogSavePackage: Moving '../../../../../../Users/AlisaDI/Documents/MephiTasks/UnrealProject/Saved/BP_test_menu_272CA6E654E9C6F96454BDFA9E5ACB2AF.tmp' to '../../../../../../Users/AlisaDI/Documents/MephiTasks/UnrealProject/Content/Andrey/Menu/BP_test_menu_2.uasset'
[2025.05.24-15.03.10:273][228]AssetCheck: New page: Asset Save: BP_test_menu_2
[2025.05.24-15.03.10:273][228]LogContentValidation: Display: Validating Blueprint /Game/Andrey/Menu/BP_test_menu_2.BP_test_menu_2
[2025.05.24-15.03.11:533][304]LogTemp: Repeating last play command: Simulate
[2025.05.24-15.03.11:538][304]LogPlayLevel: PlayLevel: No blueprints needed recompiling
[2025.05.24-15.03.11:539][304]PIE: New page: SIE session: VRTemplateMap (24 мая 2025 г., 21:03:11)
[2025.05.24-15.03.11:559][304]LogPlayLevel: Creating play world package: /Game/VRTemplate/Maps/UEDPIE_0_VRTemplateMap
[2025.05.24-15.03.11:563][304]LogPlayLevel: PIE: StaticDuplicateObject took: (0.003743s)
[2025.05.24-15.03.11:564][304]LogAIModule: Creating AISystem for world VRTemplateMap
[2025.05.24-15.03.11:564][304]LogPlayLevel: PIE: World Init took: (0.001064s)
[2025.05.24-15.03.11:564][304]LogPlayLevel: PIE: Created PIE world by copying editor world from /Game/VRTemplate/Maps/VRTemplateMap.VRTemplateMap to /Game/VRTemplate/Maps/UEDPIE_0_VRTemplateMap.VRTemplateMap (0.004982s)
[2025.05.24-15.03.11:612][304]LogUObjectHash: Compacting FUObjectHashTables data took   4.89ms
[2025.05.24-15.03.11:614][304]LogAudio: Display: Creating Audio Device:                 Id: 58, Scope: Unique, Realtime: True
[2025.05.24-15.03.11:614][304]LogAudioMixer: Display: Audio Mixer Platform Settings:
[2025.05.24-15.03.11:614][304]LogAudioMixer: Display: 	Sample Rate:						  48000
[2025.05.24-15.03.11:614][304]LogAudioMixer: Display: 	Callback Buffer Frame Size Requested: 1024
[2025.05.24-15.03.11:614][304]LogAudioMixer: Display: 	Callback Buffer Frame Size To Use:	  1024
[2025.05.24-15.03.11:614][304]LogAudioMixer: Display: 	Number of buffers to queue:			  1
[2025.05.24-15.03.11:614][304]LogAudioMixer: Display: 	Max Channels (voices):				  0
[2025.05.24-15.03.11:614][304]LogAudioMixer: Display: 	Number of Async Source Workers:		  4
[2025.05.24-15.03.11:614][304]LogAudio: Display: AudioDevice MaxSources: 32
[2025.05.24-15.03.11:614][304]LogAudio: Display: Audio Spatialization Plugin: Resonance Audio is external send: 1
[2025.05.24-15.03.11:614][304]LogAudio: Display: Audio Reverb Plugin: Resonance Audio
[2025.05.24-15.03.11:614][304]LogAudio: Display: Audio Occlusion Plugin: None (built-in).
[2025.05.24-15.03.11:614][304]LogAudioMixer: Display: Initializing audio mixer.
[2025.05.24-15.03.11:618][304]LogAudioMixer: Display: 0: FrontLeft
[2025.05.24-15.03.11:618][304]LogAudioMixer: Display: 1: FrontRight
[2025.05.24-15.03.11:674][304]LogAudioMixer: Display: Using Audio Device Динамики (Realtek(R) Audio)
[2025.05.24-15.03.11:674][304]LogAudioMixer: Display: Initializing Sound Submixes...
[2025.05.24-15.03.11:674][304]LogAudioMixer: Display: Creating Master Submix 'MasterSubmixDefault'
[2025.05.24-15.03.11:674][304]LogAudioMixer: Display: Creating Master Submix 'MasterReverbSubmixDefault'
[2025.05.24-15.03.11:674][304]LogAudioMixer: Display: Creating Master Submix 'MasterEQSubmixDefault'
[2025.05.24-15.03.11:674][304]LogAudioMixer: FMixerPlatformXAudio2::StartAudioStream() called
[2025.05.24-15.03.11:674][304]LogAudioMixer: Display: Output buffers initialized: Frames=1024, Channels=2, Samples=2048
[2025.05.24-15.03.11:675][304]LogAudioMixer: Display: Starting AudioMixerPlatformInterface::RunInternal()
[2025.05.24-15.03.11:675][304]LogAudioMixer: Display: FMixerPlatformXAudio2::SubmitBuffer() called for the first time
[2025.05.24-15.03.11:675][304]LogInit: FAudioDevice initialized.
[2025.05.24-15.03.11:675][304]LogAudio: Display: Audio Device (ID: 58) registered with world 'VRTemplateMap'.
[2025.05.24-15.03.11:682][304]LogLoad: Game class is 'VRGameMode_C'
[2025.05.24-15.03.11:684][304]LogWorld: Bringing World /Game/VRTemplate/Maps/UEDPIE_0_VRTemplateMap.VRTemplateMap up for play (max tick rate 60) at 2025.05.24-18.03.11
[2025.05.24-15.03.11:684][304]LogWorld: Bringing up level for play took: 0.001473
[2025.05.24-15.03.11:684][304]LogOnline: OSS: Creating online subsystem instance for: :Context_85
[2025.05.24-15.03.11:686][304]LogSpawn: Warning: SpawnActor failed because no class was specified
[2025.05.24-15.03.11:687][304]PIE: Server logged in
[2025.05.24-15.03.11:688][304]PIE: Play in editor total start time 0,151 seconds.
[2025.05.24-15.03.11:707][304]LogResonanceAudio: Display: Resonance Audio Listener is initialized
[2025.05.24-15.03.16:681][599]LogScript: Warning: UNiagaraFunctionLibrary::SpawnSystemAttached: NULL AttachComponent specified!
[2025.05.24-15.03.19:780][780]LogSlate: Updating window title bar state: overlay mode, drag disabled, window buttons hidden, title bar hidden
[2025.05.24-15.03.19:780][780]LogWorld: BeginTearingDown for /Game/VRTemplate/Maps/UEDPIE_0_VRTemplateMap
[2025.05.24-15.03.19:781][780]LogWorld: UWorld::CleanupWorld for VRTemplateMap, bSessionEnded=true, bCleanupResources=true
[2025.05.24-15.03.19:781][780]LogSlate: InvalidateAllWidgets triggered.  All widgets were invalidated
[2025.05.24-15.03.19:789][780]LogPlayLevel: Display: Shutting down PIE online subsystems
[2025.05.24-15.03.19:794][780]LogNiagaraEditor: onPieEnd
[2025.05.24-15.03.19:803][780]LogSlate: InvalidateAllWidgets triggered.  All widgets were invalidated
[2025.05.24-15.03.19:846][780]LogAudio: Display: Audio Device unregistered from world 'None'.
[2025.05.24-15.03.19:847][780]LogResonanceAudio: Display: Resonance Audio Listener is shutdown
[2025.05.24-15.03.19:847][780]LogAudioMixer: FMixerPlatformXAudio2::StopAudioStream() called
[2025.05.24-15.03.19:848][780]LogAudioMixer: FMixerPlatformXAudio2::StopAudioStream() called
[2025.05.24-15.03.19:852][780]LogSlate: Updating window title bar state: overlay mode, drag disabled, window buttons hidden, title bar hidden
[2025.05.24-15.03.19:857][780]LogUObjectHash: Compacting FUObjectHashTables data took   3.63ms
[2025.05.24-15.03.19:888][781]LogPlayLevel: Display: Destroying online subsystem :Context_85
[2025.05.24-15.03.54:172][806]BlueprintLog: New page: Compile BP_test_menu_2
[2025.05.24-15.03.54:266][806]LogUObjectHash: Compacting FUObjectHashTables data took   4.89ms
[2025.05.24-15.03.55:480][872]LogTemp: Repeating last play command: Simulate
[2025.05.24-15.03.55:486][872]LogPlayLevel: PlayLevel: No blueprints needed recompiling
[2025.05.24-15.03.55:486][872]PIE: New page: SIE session: VRTemplateMap (24 мая 2025 г., 21:03:55)
[2025.05.24-15.03.55:508][872]LogPlayLevel: Creating play world package: /Game/VRTemplate/Maps/UEDPIE_0_VRTemplateMap
[2025.05.24-15.03.55:512][872]LogPlayLevel: PIE: StaticDuplicateObject took: (0.003955s)
[2025.05.24-15.03.55:513][872]LogAIModule: Creating AISystem for world VRTemplateMap
[2025.05.24-15.03.55:513][872]LogPlayLevel: PIE: World Init took: (0.001026s)
[2025.05.24-15.03.55:513][872]LogPlayLevel: PIE: Created PIE world by copying editor world from /Game/VRTemplate/Maps/VRTemplateMap.VRTemplateMap to /Game/VRTemplate/Maps/UEDPIE_0_VRTemplateMap.VRTemplateMap (0.005146s)
[2025.05.24-15.03.55:566][872]LogUObjectHash: Compacting FUObjectHashTables data took   5.33ms
[2025.05.24-15.03.55:567][872]LogAudio: Display: Creating Audio Device:                 Id: 59, Scope: Unique, Realtime: True
[2025.05.24-15.03.55:567][872]LogAudioMixer: Display: Audio Mixer Platform Settings:
[2025.05.24-15.03.55:567][872]LogAudioMixer: Display: 	Sample Rate:						  48000
[2025.05.24-15.03.55:567][872]LogAudioMixer: Display: 	Callback Buffer Frame Size Requested: 1024
[2025.05.24-15.03.55:567][872]LogAudioMixer: Display: 	Callback Buffer Frame Size To Use:	  1024
[2025.05.24-15.03.55:567][872]LogAudioMixer: Display: 	Number of buffers to queue:			  1
[2025.05.24-15.03.55:567][872]LogAudioMixer: Display: 	Max Channels (voices):				  0
[2025.05.24-15.03.55:567][872]LogAudioMixer: Display: 	Number of Async Source Workers:		  4
[2025.05.24-15.03.55:567][872]LogAudio: Display: AudioDevice MaxSources: 32
[2025.05.24-15.03.55:568][872]LogAudio: Display: Audio Spatialization Plugin: Resonance Audio is external send: 1
[2025.05.24-15.03.55:568][872]LogAudio: Display: Audio Reverb Plugin: Resonance Audio
[2025.05.24-15.03.55:568][872]LogAudio: Display: Audio Occlusion Plugin: None (built-in).
[2025.05.24-15.03.55:568][872]LogAudioMixer: Display: Initializing audio mixer.
[2025.05.24-15.03.55:572][872]LogAudioMixer: Display: 0: FrontLeft
[2025.05.24-15.03.55:572][872]LogAudioMixer: Display: 1: FrontRight
[2025.05.24-15.03.55:620][872]LogAudioMixer: Display: Using Audio Device Динамики (Realtek(R) Audio)
[2025.05.24-15.03.55:620][872]LogAudioMixer: Display: Initializing Sound Submixes...
[2025.05.24-15.03.55:620][872]LogAudioMixer: Display: Creating Master Submix 'MasterSubmixDefault'
[2025.05.24-15.03.55:620][872]LogAudioMixer: Display: Creating Master Submix 'MasterReverbSubmixDefault'
[2025.05.24-15.03.55:621][872]LogAudioMixer: Display: Creating Master Submix 'MasterEQSubmixDefault'
[2025.05.24-15.03.55:621][872]LogAudioMixer: FMixerPlatformXAudio2::StartAudioStream() called
[2025.05.24-15.03.55:621][872]LogAudioMixer: Display: Output buffers initialized: Frames=1024, Channels=2, Samples=2048
[2025.05.24-15.03.55:622][872]LogAudioMixer: Display: Starting AudioMixerPlatformInterface::RunInternal()
[2025.05.24-15.03.55:622][872]LogAudioMixer: Display: FMixerPlatformXAudio2::SubmitBuffer() called for the first time
[2025.05.24-15.03.55:622][872]LogInit: FAudioDevice initialized.
[2025.05.24-15.03.55:622][872]LogAudio: Display: Audio Device (ID: 59) registered with world 'VRTemplateMap'.
[2025.05.24-15.03.55:631][872]LogLoad: Game class is 'VRGameMode_C'
[2025.05.24-15.03.55:633][872]LogWorld: Bringing World /Game/VRTemplate/Maps/UEDPIE_0_VRTemplateMap.VRTemplateMap up for play (max tick rate 60) at 2025.05.24-18.03.55
[2025.05.24-15.03.55:633][872]LogWorld: Bringing up level for play took: 0.001625
[2025.05.24-15.03.55:633][872]LogOnline: OSS: Creating online subsystem instance for: :Context_86
[2025.05.24-15.03.55:636][872]LogSpawn: Warning: SpawnActor failed because no class was specified
[2025.05.24-15.03.55:637][872]PIE: Server logged in
[2025.05.24-15.03.55:638][872]PIE: Play in editor total start time 0,153 seconds.
[2025.05.24-15.03.55:657][872]LogResonanceAudio: Display: Resonance Audio Listener is initialized
[2025.05.24-15.03.59:289][ 87]LogEditorViewport: Clicking on Actor (LMB): BP_menu_C (BP_menu2)
[2025.05.24-15.04.02:170][257]LogSlate: Updating window title bar state: overlay mode, drag disabled, window buttons hidden, title bar hidden
[2025.05.24-15.04.02:170][257]LogWorld: BeginTearingDown for /Game/VRTemplate/Maps/UEDPIE_0_VRTemplateMap
[2025.05.24-15.04.02:170][257]LogWorld: UWorld::CleanupWorld for VRTemplateMap, bSessionEnded=true, bCleanupResources=true
[2025.05.24-15.04.02:171][257]LogSlate: InvalidateAllWidgets triggered.  All widgets were invalidated
[2025.05.24-15.04.02:185][257]LogPlayLevel: Display: Shutting down PIE online subsystems
[2025.05.24-15.04.02:199][257]LogSlate: InvalidateAllWidgets triggered.  All widgets were invalidated
[2025.05.24-15.04.02:251][257]LogAudio: Display: Audio Device unregistered from world 'None'.
[2025.05.24-15.04.02:251][257]LogResonanceAudio: Display: Resonance Audio Listener is shutdown
[2025.05.24-15.04.02:251][257]LogAudioMixer: FMixerPlatformXAudio2::StopAudioStream() called
[2025.05.24-15.04.02:253][257]LogAudioMixer: FMixerPlatformXAudio2::StopAudioStream() called
[2025.05.24-15.04.02:258][257]LogSlate: Updating window title bar state: overlay mode, drag disabled, window buttons hidden, title bar hidden
[2025.05.24-15.04.02:263][257]LogUObjectHash: Compacting FUObjectHashTables data took   4.15ms
[2025.05.24-15.04.02:298][258]LogPlayLevel: Display: Destroying online subsystem :Context_86
[2025.05.24-15.04.22:271][455]BlueprintLog: New page: Compile BP_test_menu_2
[2025.05.24-15.04.22:364][455]LogUObjectHash: Compacting FUObjectHashTables data took   4.31ms
[2025.05.24-15.04.22:756][474]Cmd: OBJ SAVEPACKAGE PACKAGE="/Game/Andrey/Menu/BP_test_menu_2" FILE="../../../../../../Users/AlisaDI/Documents/MephiTasks/UnrealProject/Content/Andrey/Menu/BP_test_menu_2.uasset" SILENT=true
[2025.05.24-15.04.22:778][474]LogSavePackage: Moving '../../../../../../Users/AlisaDI/Documents/MephiTasks/UnrealProject/Saved/BP_test_menu_23678F08A4F9658A670A790B173BF7C58.tmp' to '../../../../../../Users/AlisaDI/Documents/MephiTasks/UnrealProject/Content/Andrey/Menu/BP_test_menu_2.uasset'
[2025.05.24-15.04.22:803][474]AssetCheck: New page: Asset Save: BP_test_menu_2
[2025.05.24-15.04.22:803][474]LogContentValidation: Display: Validating Blueprint /Game/Andrey/Menu/BP_test_menu_2.BP_test_menu_2
[2025.05.24-15.04.32:673][ 65]LogTemp: Repeating last play command: Simulate
[2025.05.24-15.04.32:680][ 65]LogPlayLevel: PlayLevel: No blueprints needed recompiling
[2025.05.24-15.04.32:680][ 65]PIE: New page: SIE session: VRTemplateMap (24 мая 2025 г., 21:04:32)
[2025.05.24-15.04.32:680][ 65]LogPlayLevel: Creating play world package: /Game/VRTemplate/Maps/UEDPIE_0_VRTemplateMap
[2025.05.24-15.04.32:685][ 65]LogPlayLevel: PIE: StaticDuplicateObject took: (0.005045s)
[2025.05.24-15.04.32:686][ 65]LogAIModule: Creating AISystem for world VRTemplateMap
[2025.05.24-15.04.32:686][ 65]LogPlayLevel: PIE: World Init took: (0.001472s)
[2025.05.24-15.04.32:687][ 65]LogPlayLevel: PIE: Created PIE world by copying editor world from /Game/VRTemplate/Maps/VRTemplateMap.VRTemplateMap to /Game/VRTemplate/Maps/UEDPIE_0_VRTemplateMap.VRTemplateMap (0.006713s)
[2025.05.24-15.04.32:743][ 65]LogUObjectHash: Compacting FUObjectHashTables data took   6.68ms
[2025.05.24-15.04.32:745][ 65]LogAudio: Display: Creating Audio Device:                 Id: 60, Scope: Unique, Realtime: True
[2025.05.24-15.04.32:745][ 65]LogAudioMixer: Display: Audio Mixer Platform Settings:
[2025.05.24-15.04.32:745][ 65]LogAudioMixer: Display: 	Sample Rate:						  48000
[2025.05.24-15.04.32:745][ 65]LogAudioMixer: Display: 	Callback Buffer Frame Size Requested: 1024
[2025.05.24-15.04.32:745][ 65]LogAudioMixer: Display: 	Callback Buffer Frame Size To Use:	  1024
[2025.05.24-15.04.32:745][ 65]LogAudioMixer: Display: 	Number of buffers to queue:			  1
[2025.05.24-15.04.32:745][ 65]LogAudioMixer: Display: 	Max Channels (voices):				  0
[2025.05.24-15.04.32:745][ 65]LogAudioMixer: Display: 	Number of Async Source Workers:		  4
[2025.05.24-15.04.32:745][ 65]LogAudio: Display: AudioDevice MaxSources: 32
[2025.05.24-15.04.32:746][ 65]LogAudio: Display: Audio Spatialization Plugin: Resonance Audio is external send: 1
[2025.05.24-15.04.32:746][ 65]LogAudio: Display: Audio Reverb Plugin: Resonance Audio
[2025.05.24-15.04.32:746][ 65]LogAudio: Display: Audio Occlusion Plugin: None (built-in).
[2025.05.24-15.04.32:746][ 65]LogAudioMixer: Display: Initializing audio mixer.
[2025.05.24-15.04.32:751][ 65]LogAudioMixer: Display: 0: FrontLeft
[2025.05.24-15.04.32:751][ 65]LogAudioMixer: Display: 1: FrontRight
[2025.05.24-15.04.32:805][ 65]LogAudioMixer: Display: Using Audio Device Динамики (Realtek(R) Audio)
[2025.05.24-15.04.32:805][ 65]LogAudioMixer: Display: Initializing Sound Submixes...
[2025.05.24-15.04.32:805][ 65]LogAudioMixer: Display: Creating Master Submix 'MasterSubmixDefault'
[2025.05.24-15.04.32:805][ 65]LogAudioMixer: Display: Creating Master Submix 'MasterReverbSubmixDefault'
[2025.05.24-15.04.32:805][ 65]LogAudioMixer: Display: Creating Master Submix 'MasterEQSubmixDefault'
[2025.05.24-15.04.32:805][ 65]LogAudioMixer: FMixerPlatformXAudio2::StartAudioStream() called
[2025.05.24-15.04.32:805][ 65]LogAudioMixer: Display: Output buffers initialized: Frames=1024, Channels=2, Samples=2048
[2025.05.24-15.04.32:806][ 65]LogAudioMixer: Display: Starting AudioMixerPlatformInterface::RunInternal()
[2025.05.24-15.04.32:806][ 65]LogAudioMixer: Display: FMixerPlatformXAudio2::SubmitBuffer() called for the first time
[2025.05.24-15.04.32:806][ 65]LogInit: FAudioDevice initialized.
[2025.05.24-15.04.32:806][ 65]LogAudio: Display: Audio Device (ID: 60) registered with world 'VRTemplateMap'.
[2025.05.24-15.04.32:818][ 65]LogLoad: Game class is 'VRGameMode_C'
[2025.05.24-15.04.32:820][ 65]LogWorld: Bringing World /Game/VRTemplate/Maps/UEDPIE_0_VRTemplateMap.VRTemplateMap up for play (max tick rate 60) at 2025.05.24-18.04.32
[2025.05.24-15.04.32:820][ 65]LogWorld: Bringing up level for play took: 0.001523
[2025.05.24-15.04.32:820][ 65]LogOnline: OSS: Creating online subsystem instance for: :Context_87
[2025.05.24-15.04.32:822][ 65]LogSpawn: Warning: SpawnActor failed because no class was specified
[2025.05.24-15.04.32:823][ 65]PIE: Server logged in
[2025.05.24-15.04.32:824][ 65]PIE: Play in editor total start time 0,146 seconds.
[2025.05.24-15.04.32:838][ 65]LogResonanceAudio: Display: Resonance Audio Listener is initialized
[2025.05.24-15.04.48:189][982]LogSlate: Updating window title bar state: overlay mode, drag disabled, window buttons hidden, title bar hidden
[2025.05.24-15.04.48:189][982]LogWorld: BeginTearingDown for /Game/VRTemplate/Maps/UEDPIE_0_VRTemplateMap
[2025.05.24-15.04.48:190][982]LogWorld: UWorld::CleanupWorld for VRTemplateMap, bSessionEnded=true, bCleanupResources=true
[2025.05.24-15.04.48:190][982]LogSlate: InvalidateAllWidgets triggered.  All widgets were invalidated
[2025.05.24-15.04.48:206][982]LogPlayLevel: Display: Shutting down PIE online subsystems
[2025.05.24-15.04.48:221][982]LogSlate: InvalidateAllWidgets triggered.  All widgets were invalidated
[2025.05.24-15.04.48:269][982]LogAudio: Display: Audio Device unregistered from world 'None'.
[2025.05.24-15.04.48:270][982]LogResonanceAudio: Display: Resonance Audio Listener is shutdown
[2025.05.24-15.04.48:270][982]LogAudioMixer: FMixerPlatformXAudio2::StopAudioStream() called
[2025.05.24-15.04.48:271][982]LogAudioMixer: FMixerPlatformXAudio2::StopAudioStream() called
[2025.05.24-15.04.48:275][982]LogSlate: Updating window title bar state: overlay mode, drag disabled, window buttons hidden, title bar hidden
[2025.05.24-15.04.48:281][982]LogUObjectHash: Compacting FUObjectHashTables data took   5.19ms
[2025.05.24-15.04.48:321][983]LogPlayLevel: Display: Destroying online subsystem :Context_87
[2025.05.24-15.05.35:462][771]BlueprintLog: New page: Compile BP_test_menu_2
[2025.05.24-15.05.35:552][771]LogUObjectHash: Compacting FUObjectHashTables data took   4.61ms
[2025.05.24-15.05.36:159][802]Cmd: OBJ SAVEPACKAGE PACKAGE="/Game/Andrey/Menu/BP_test_menu_2" FILE="../../../../../../Users/AlisaDI/Documents/MephiTasks/UnrealProject/Content/Andrey/Menu/BP_test_menu_2.uasset" SILENT=true
[2025.05.24-15.05.36:178][802]LogSavePackage: Moving '../../../../../../Users/AlisaDI/Documents/MephiTasks/UnrealProject/Saved/BP_test_menu_2736FF2BB4C9401B1D6E9739400064C56.tmp' to '../../../../../../Users/AlisaDI/Documents/MephiTasks/UnrealProject/Content/Andrey/Menu/BP_test_menu_2.uasset'
[2025.05.24-15.05.36:201][802]AssetCheck: New page: Asset Save: BP_test_menu_2
[2025.05.24-15.05.36:201][802]LogContentValidation: Display: Validating Blueprint /Game/Andrey/Menu/BP_test_menu_2.BP_test_menu_2
[2025.05.24-15.05.37:737][893]LogTemp: Repeating last play command: Simulate
[2025.05.24-15.05.37:742][893]LogPlayLevel: PlayLevel: No blueprints needed recompiling
[2025.05.24-15.05.37:742][893]PIE: New page: SIE session: VRTemplateMap (24 мая 2025 г., 21:05:37)
[2025.05.24-15.05.37:742][893]LogPlayLevel: Creating play world package: /Game/VRTemplate/Maps/UEDPIE_0_VRTemplateMap
[2025.05.24-15.05.37:746][893]LogPlayLevel: PIE: StaticDuplicateObject took: (0.003739s)
[2025.05.24-15.05.37:747][893]LogAIModule: Creating AISystem for world VRTemplateMap
[2025.05.24-15.05.37:747][893]LogPlayLevel: PIE: World Init took: (0.001090s)
[2025.05.24-15.05.37:747][893]LogPlayLevel: PIE: Created PIE world by copying editor world from /Game/VRTemplate/Maps/VRTemplateMap.VRTemplateMap to /Game/VRTemplate/Maps/UEDPIE_0_VRTemplateMap.VRTemplateMap (0.004958s)
[2025.05.24-15.05.37:805][893]LogUObjectHash: Compacting FUObjectHashTables data took   6.12ms
[2025.05.24-15.05.37:806][893]LogAudio: Display: Creating Audio Device:                 Id: 61, Scope: Unique, Realtime: True
[2025.05.24-15.05.37:806][893]LogAudioMixer: Display: Audio Mixer Platform Settings:
[2025.05.24-15.05.37:806][893]LogAudioMixer: Display: 	Sample Rate:						  48000
[2025.05.24-15.05.37:806][893]LogAudioMixer: Display: 	Callback Buffer Frame Size Requested: 1024
[2025.05.24-15.05.37:806][893]LogAudioMixer: Display: 	Callback Buffer Frame Size To Use:	  1024
[2025.05.24-15.05.37:806][893]LogAudioMixer: Display: 	Number of buffers to queue:			  1
[2025.05.24-15.05.37:806][893]LogAudioMixer: Display: 	Max Channels (voices):				  0
[2025.05.24-15.05.37:806][893]LogAudioMixer: Display: 	Number of Async Source Workers:		  4
[2025.05.24-15.05.37:806][893]LogAudio: Display: AudioDevice MaxSources: 32
[2025.05.24-15.05.37:807][893]LogAudio: Display: Audio Spatialization Plugin: Resonance Audio is external send: 1
[2025.05.24-15.05.37:807][893]LogAudio: Display: Audio Reverb Plugin: Resonance Audio
[2025.05.24-15.05.37:807][893]LogAudio: Display: Audio Occlusion Plugin: None (built-in).
[2025.05.24-15.05.37:807][893]LogAudioMixer: Display: Initializing audio mixer.
[2025.05.24-15.05.37:811][893]LogAudioMixer: Display: 0: FrontLeft
[2025.05.24-15.05.37:811][893]LogAudioMixer: Display: 1: FrontRight
[2025.05.24-15.05.37:852][893]LogAudioMixer: Display: Using Audio Device Динамики (Realtek(R) Audio)
[2025.05.24-15.05.37:852][893]LogAudioMixer: Display: Initializing Sound Submixes...
[2025.05.24-15.05.37:852][893]LogAudioMixer: Display: Creating Master Submix 'MasterSubmixDefault'
[2025.05.24-15.05.37:852][893]LogAudioMixer: Display: Creating Master Submix 'MasterReverbSubmixDefault'
[2025.05.24-15.05.37:853][893]LogAudioMixer: Display: Creating Master Submix 'MasterEQSubmixDefault'
[2025.05.24-15.05.37:853][893]LogAudioMixer: FMixerPlatformXAudio2::StartAudioStream() called
[2025.05.24-15.05.37:853][893]LogAudioMixer: Display: Output buffers initialized: Frames=1024, Channels=2, Samples=2048
[2025.05.24-15.05.37:854][893]LogAudioMixer: Display: Starting AudioMixerPlatformInterface::RunInternal()
[2025.05.24-15.05.37:854][893]LogAudioMixer: Display: FMixerPlatformXAudio2::SubmitBuffer() called for the first time
[2025.05.24-15.05.37:854][893]LogInit: FAudioDevice initialized.
[2025.05.24-15.05.37:854][893]LogAudio: Display: Audio Device (ID: 61) registered with world 'VRTemplateMap'.
[2025.05.24-15.05.37:862][893]LogLoad: Game class is 'VRGameMode_C'
[2025.05.24-15.05.37:864][893]LogWorld: Bringing World /Game/VRTemplate/Maps/UEDPIE_0_VRTemplateMap.VRTemplateMap up for play (max tick rate 60) at 2025.05.24-18.05.37
[2025.05.24-15.05.37:864][893]LogWorld: Bringing up level for play took: 0.001308
[2025.05.24-15.05.37:864][893]LogOnline: OSS: Creating online subsystem instance for: :Context_88
[2025.05.24-15.05.37:866][893]LogSpawn: Warning: SpawnActor failed because no class was specified
[2025.05.24-15.05.37:867][893]PIE: Server logged in
[2025.05.24-15.05.37:868][893]PIE: Play in editor total start time 0,127 seconds.
[2025.05.24-15.05.37:881][893]LogResonanceAudio: Display: Resonance Audio Listener is initialized
[2025.05.24-15.06.17:413][250]LogFactory: FactoryCreateFile: StaticMesh with FbxFactory (0 0 ../../../../../../Users/AlisaDI/Desktop/FBX/Electronics/BatteryContainer/BatteryContainer.fbx)
[2025.05.24-15.06.17:422][250]LogFbx: Loading FBX Scene from ../../../../../../Users/AlisaDI/Desktop/FBX/Electronics/BatteryContainer/BatteryContainer.fbx
[2025.05.24-15.06.17:429][250]LogFbx: FBX Scene Loaded Succesfully
[2025.05.24-15.06.22:473][250]LogSlate: Window 'FBX Import Options' being destroyed
[2025.05.24-15.06.22:488][250]File is corrupted 3D-Printer.fbx
[2025.05.24-15.06.22:492][250]LogStaticMesh: Building static mesh BatteryContainer...
[2025.05.24-15.06.22:510][250]LogStaticMesh: Built static mesh [0.02s] /Game/Resources/Meshes/BatteryContainer.BatteryContainer
[2025.05.24-15.06.41:011][662]LogFactory: FactoryCreateFile: StaticMesh with FbxFactory (0 0 ../../../../../../Users/AlisaDI/Desktop/FBX/Electronics/Encoder/Encoder.fbx)
[2025.05.24-15.06.41:018][662]LogFbx: Loading FBX Scene from ../../../../../../Users/AlisaDI/Desktop/FBX/Electronics/Encoder/Encoder.fbx
[2025.05.24-15.06.41:029][662]LogFbx: FBX Scene Loaded Succesfully
[2025.05.24-15.06.42:367][662]LogSlate: Window 'FBX Import Options' being destroyed
[2025.05.24-15.06.42:381][662]File is corrupted 3D-Printer.fbx
[2025.05.24-15.06.42:397][662]LogStaticMesh: Building static mesh Encoder...
[2025.05.24-15.06.42:446][662]LogStaticMesh: Built static mesh [0.05s] /Game/Resources/Meshes/Encoder.Encoder
[2025.05.24-15.06.46:995][755]LogFactory: FactoryCreateFile: StaticMesh with FbxFactory (0 0 ../../../../../../Users/AlisaDI/Desktop/FBX/Electronics/Encoder Petals/Encoder_Petals.fbx)
[2025.05.24-15.06.47:002][755]LogFbx: Loading FBX Scene from ../../../../../../Users/AlisaDI/Desktop/FBX/Electronics/Encoder Petals/Encoder_Petals.fbx
[2025.05.24-15.06.47:006][755]LogFbx: FBX Scene Loaded Succesfully
[2025.05.24-15.06.48:100][755]LogSlate: Window 'FBX Import Options' being destroyed
[2025.05.24-15.06.48:114][755]File is corrupted 3D-Printer.fbx
[2025.05.24-15.06.48:115][755]LogFbx: Display: Triangulating static mesh Encoder_petals
[2025.05.24-15.06.48:136][755]LogStaticMesh: Building static mesh Encoder_Petals...
[2025.05.24-15.06.48:147][755]LogStaticMesh: Built static mesh [0.01s] /Game/Resources/Meshes/Encoder_Petals.Encoder_Petals
[2025.05.24-15.06.53:399][833]LogFactory: FactoryCreateFile: StaticMesh with FbxFactory (0 0 ../../../../../../Users/AlisaDI/Desktop/FBX/Electronics/ESP Holder/ESP_Holder.fbx)
[2025.05.24-15.06.53:405][833]LogFbx: Loading FBX Scene from ../../../../../../Users/AlisaDI/Desktop/FBX/Electronics/ESP Holder/ESP_Holder.fbx
[2025.05.24-15.06.53:410][833]LogFbx: FBX Scene Loaded Succesfully
[2025.05.24-15.06.54:887][833]LogSlate: Window 'FBX Import Options' being destroyed
[2025.05.24-15.06.54:900][833]File is corrupted 3D-Printer.fbx
[2025.05.24-15.06.54:903][833]LogStaticMesh: Building static mesh ESP_Holder...
[2025.05.24-15.06.54:910][833]LogStaticMesh: Built static mesh [0.01s] /Game/Resources/Meshes/ESP_Holder.ESP_Holder
[2025.05.24-15.07.00:621][959]LogFactory: FactoryCreateFile: StaticMesh with FbxFactory (0 0 ../../../../../../Users/AlisaDI/Desktop/FBX/Electronics/ESP32/ESP32.fbx)
[2025.05.24-15.07.00:630][959]LogFbx: Loading FBX Scene from ../../../../../../Users/AlisaDI/Desktop/FBX/Electronics/ESP32/ESP32.fbx
[2025.05.24-15.07.00:651][959]LogFbx: FBX Scene Loaded Succesfully
[2025.05.24-15.07.01:897][959]LogSlate: Window 'FBX Import Options' being destroyed
[2025.05.24-15.07.01:914][959]File is corrupted 3D-Printer.fbx
[2025.05.24-15.07.01:962][959]LogStaticMesh: Building static mesh ESP32...
[2025.05.24-15.07.02:197][959]LogStaticMesh: Built static mesh [0.23s] /Game/Resources/Meshes/ESP32.ESP32
[2025.05.24-15.07.06:898][ 24]LogFactory: FactoryCreateFile: StaticMesh with FbxFactory (0 0 ../../../../../../Users/AlisaDI/Desktop/FBX/Electronics/HC-SR04/HC-SR04.fbx)
[2025.05.24-15.07.06:907][ 24]LogFbx: Loading FBX Scene from ../../../../../../Users/AlisaDI/Desktop/FBX/Electronics/HC-SR04/HC-SR04.fbx
[2025.05.24-15.07.06:936][ 24]LogFbx: FBX Scene Loaded Succesfully
[2025.05.24-15.07.08:131][ 24]LogSlate: Window 'FBX Import Options' being destroyed
[2025.05.24-15.07.08:145][ 24]File is corrupted 3D-Printer.fbx
[2025.05.24-15.07.08:206][ 24]LogStaticMesh: Building static mesh HC-SR04...
[2025.05.24-15.07.08:456][ 24]LogStaticMesh: Built static mesh [0.25s] /Game/Resources/Meshes/HC-SR04.HC-SR04
[2025.05.24-15.07.11:116][167]LogAssetEditorSubsystem: Opening Asset editor for StaticMesh /Game/Resources/Meshes/HC-SR04.HC-SR04
[2025.05.24-15.07.11:748][168]LogRenderer: Reallocating scene render targets to support 1432x920 Format 10 NumSamples 4 (Frame:1).
[2025.05.24-15.07.20:756][703]LogWorld: UWorld::CleanupWorld for World_46, bSessionEnded=true, bCleanupResources=true
[2025.05.24-15.07.20:756][703]LogSlate: InvalidateAllWidgets triggered.  All widgets were invalidated
[2025.05.24-15.07.30:356][835]LogFactory: FactoryCreateFile: StaticMesh with FbxFactory (0 0 ../../../../../../Users/AlisaDI/Desktop/FBX/Electronics/HC-SR04 Holder/HC-SR04_Holder.fbx)
[2025.05.24-15.07.30:363][835]LogFbx: Loading FBX Scene from ../../../../../../Users/AlisaDI/Desktop/FBX/Electronics/HC-SR04 Holder/HC-SR04_Holder.fbx
[2025.05.24-15.07.30:369][835]LogFbx: FBX Scene Loaded Succesfully
[2025.05.24-15.07.31:268][835]LogSlate: Window 'FBX Import Options' being destroyed
[2025.05.24-15.07.31:278][835]File is corrupted 3D-Printer.fbx
[2025.05.24-15.07.31:285][835]LogStaticMesh: Building static mesh HC-SR04_Holder...
[2025.05.24-15.07.31:297][835]LogStaticMesh: Built static mesh [0.01s] /Game/Resources/Meshes/HC-SR04_Holder.HC-SR04_Holder
[2025.05.24-15.07.37:979][944]LogFactory: FactoryCreateFile: StaticMesh with FbxFactory (0 0 ../../../../../../Users/AlisaDI/Desktop/FBX/Electronics/Metal Cilinder/MetalCilinder.fbx)
[2025.05.24-15.07.37:986][944]LogFbx: Loading FBX Scene from ../../../../../../Users/AlisaDI/Desktop/FBX/Electronics/Metal Cilinder/MetalCilinder.fbx
[2025.05.24-15.07.37:992][944]LogFbx: FBX Scene Loaded Succesfully
[2025.05.24-15.07.39:684][944]LogSlate: Window 'FBX Import Options' being destroyed
[2025.05.24-15.07.39:698][944]File is corrupted 3D-Printer.fbx
[2025.05.24-15.07.39:701][944]LogStaticMesh: Building static mesh MetalCilinder...
[2025.05.24-15.07.39:709][944]LogStaticMesh: Built static mesh [0.01s] /Game/Resources/Meshes/MetalCilinder.MetalCilinder
[2025.05.24-15.07.45:537][ 49]LogFactory: FactoryCreateFile: StaticMesh with FbxFactory (0 0 ../../../../../../Users/AlisaDI/Desktop/FBX/Electronics/Motor/Motor.fbx)
[2025.05.24-15.07.45:544][ 49]LogFbx: Loading FBX Scene from ../../../../../../Users/AlisaDI/Desktop/FBX/Electronics/Motor/Motor.fbx
[2025.05.24-15.07.45:553][ 49]LogFbx: FBX Scene Loaded Succesfully
[2025.05.24-15.07.46:749][ 49]LogSlate: Window 'FBX Import Options' being destroyed
[2025.05.24-15.07.46:762][ 49]File is corrupted 3D-Printer.fbx
[2025.05.24-15.07.46:772][ 49]LogStaticMesh: Building static mesh Motor...
[2025.05.24-15.07.46:807][ 49]LogStaticMesh: Built static mesh [0.03s] /Game/Resources/Meshes/Motor.Motor
[2025.05.24-15.07.51:666][133]LogFactory: FactoryCreateFile: StaticMesh with FbxFactory (0 0 ../../../../../../Users/AlisaDI/Desktop/FBX/Electronics/Motor Holder/Motor_Holder.fbx)
[2025.05.24-15.07.51:673][133]LogFbx: Loading FBX Scene from ../../../../../../Users/AlisaDI/Desktop/FBX/Electronics/Motor Holder/Motor_Holder.fbx
[2025.05.24-15.07.51:679][133]LogFbx: FBX Scene Loaded Succesfully
[2025.05.24-15.07.53:009][133]LogSlate: Window 'FBX Import Options' being destroyed
[2025.05.24-15.07.53:022][133]File is corrupted 3D-Printer.fbx
[2025.05.24-15.07.53:027][133]LogStaticMesh: Building static mesh Motor_Holder...
[2025.05.24-15.07.53:038][133]LogStaticMesh: Built static mesh [0.01s] /Game/Resources/Meshes/Motor_Holder.Motor_Holder
[2025.05.24-15.07.58:716][226]LogFactory: FactoryCreateFile: StaticMesh with FbxFactory (0 0 ../../../../../../Users/AlisaDI/Desktop/FBX/Electronics/MX1508/MX1508.fbx)
[2025.05.24-15.07.58:723][226]LogFbx: Loading FBX Scene from ../../../../../../Users/AlisaDI/Desktop/FBX/Electronics/MX1508/MX1508.fbx
[2025.05.24-15.07.58:739][226]LogFbx: FBX Scene Loaded Succesfully
[2025.05.24-15.07.59:890][226]LogSlate: Window 'FBX Import Options' being destroyed
[2025.05.24-15.07.59:901][226]File is corrupted 3D-Printer.fbx
[2025.05.24-15.07.59:931][226]LogStaticMesh: Building static mesh MX1508...
[2025.05.24-15.08.00:036][226]LogStaticMesh: Built static mesh [0.10s] /Game/Resources/Meshes/MX1508.MX1508
[2025.05.24-15.08.06:702][367]LogFactory: FactoryCreateFile: StaticMesh with FbxFactory (0 0 ../../../../../../Users/AlisaDI/Desktop/FBX/Electronics/Nut/Nut.fbx)
[2025.05.24-15.08.06:709][367]LogFbx: Loading FBX Scene from ../../../../../../Users/AlisaDI/Desktop/FBX/Electronics/Nut/Nut.fbx
[2025.05.24-15.08.06:713][367]LogFbx: FBX Scene Loaded Succesfully
[2025.05.24-15.08.08:345][367]LogSlate: Window 'FBX Import Options' being destroyed
[2025.05.24-15.08.08:356][367]File is corrupted 3D-Printer.fbx
[2025.05.24-15.08.08:358][367]LogStaticMesh: Building static mesh Nut...
[2025.05.24-15.08.08:364][367]LogStaticMesh: Built static mesh [0.01s] /Game/Resources/Meshes/Nut.Nut
[2025.05.24-15.08.13:146][460]LogFactory: FactoryCreateFile: StaticMesh with FbxFactory (0 0 ../../../../../../Users/AlisaDI/Desktop/FBX/Electronics/Platform/Platform.fbx)
[2025.05.24-15.08.13:153][460]LogFbx: Loading FBX Scene from ../../../../../../Users/AlisaDI/Desktop/FBX/Electronics/Platform/Platform.fbx
[2025.05.24-15.08.13:159][460]LogFbx: FBX Scene Loaded Succesfully
[2025.05.24-15.08.14:213][460]LogSlate: Window 'FBX Import Options' being destroyed
[2025.05.24-15.08.14:224][460]File is corrupted 3D-Printer.fbx
[2025.05.24-15.08.14:231][460]LogStaticMesh: Building static mesh Platform...
[2025.05.24-15.08.14:250][460]LogStaticMesh: Built static mesh [0.02s] /Game/Resources/Meshes/Platform.Platform
[2025.05.24-15.08.18:850][535]LogFactory: FactoryCreateFile: StaticMesh with FbxFactory (0 0 ../../../../../../Users/AlisaDI/Desktop/FBX/Electronics/Screw/Screw.fbx)
[2025.05.24-15.08.18:857][535]LogFbx: Loading FBX Scene from ../../../../../../Users/AlisaDI/Desktop/FBX/Electronics/Screw/Screw.fbx
[2025.05.24-15.08.18:864][535]LogFbx: FBX Scene Loaded Succesfully
[2025.05.24-15.08.20:153][535]LogSlate: Window 'FBX Import Options' being destroyed
[2025.05.24-15.08.20:165][535]File is corrupted 3D-Printer.fbx
[2025.05.24-15.08.20:165][535]LogStaticMesh: Building static mesh Screw...
[2025.05.24-15.08.20:172][535]LogStaticMesh: Built static mesh [0.01s] /Game/Resources/Meshes/Screw.Screw
[2025.05.24-15.08.52:049][975]LogFactory: FactoryCreateFile: StaticMesh with FbxFactory (0 0 ../../../../../../Users/AlisaDI/Desktop/FBX/Electronics/Wheel/Wheel.fbx)
[2025.05.24-15.08.52:058][975]LogFbx: Loading FBX Scene from ../../../../../../Users/AlisaDI/Desktop/FBX/Electronics/Wheel/Wheel.fbx
[2025.05.24-15.08.52:075][975]LogFbx: FBX Scene Loaded Succesfully
[2025.05.24-15.08.53:159][975]LogSlate: Window 'FBX Import Options' being destroyed
[2025.05.24-15.08.53:174][975]File is corrupted 3D-Printer.fbx
[2025.05.24-15.08.53:210][975]LogStaticMesh: Building static mesh Wheel...
[2025.05.24-15.08.53:367][975]LogStaticMesh: Built static mesh [0.16s] /Game/Resources/Meshes/Wheel.Wheel
[2025.05.24-15.08.57:876][156]LogFactory: FactoryCreateFile: StaticMesh with FbxFactory (0 0 ../../../../../../Users/AlisaDI/Desktop/FBX/Electronics/Wheel/WheelSupport.fbx)
[2025.05.24-15.08.57:884][156]LogFbx: Loading FBX Scene from ../../../../../../Users/AlisaDI/Desktop/FBX/Electronics/Wheel/WheelSupport.fbx
[2025.05.24-15.08.57:895][156]LogFbx: FBX Scene Loaded Succesfully
[2025.05.24-15.08.58:979][156]LogSlate: Window 'FBX Import Options' being destroyed
[2025.05.24-15.08.58:992][156]File is corrupted 3D-Printer.fbx
[2025.05.24-15.08.59:004][156]LogStaticMesh: Building static mesh WheelSupport...
[2025.05.24-15.08.59:039][156]LogStaticMesh: Built static mesh [0.03s] /Game/Resources/Meshes/WheelSupport.WheelSupport
[2025.05.24-15.09.12:726][607]LogFactory: FactoryCreateFile: StaticMesh with FbxFactory (0 0 ../../../../../../Users/AlisaDI/Desktop/FBX/Workbench/Workbench.fbx)
[2025.05.24-15.09.12:732][607]LogFbx: Loading FBX Scene from ../../../../../../Users/AlisaDI/Desktop/FBX/Workbench/Workbench.fbx
[2025.05.24-15.09.12:737][607]LogFbx: FBX Scene Loaded Succesfully
[2025.05.24-15.09.14:105][607]LogSlate: Window 'FBX Import Options' being destroyed
[2025.05.24-15.09.14:118][607]File is corrupted 3D-Printer.fbx
[2025.05.24-15.09.14:123][607]LogStaticMesh: Building static mesh Workbench...
[2025.05.24-15.09.14:141][607]LogStaticMesh: Built static mesh [0.02s] /Game/Resources/Meshes/Workbench.Workbench
[2025.05.24-15.09.39:426][101]LogMaterial: Display: Missing cached shadermap for M_Main in PCD3D_SM5, Default, SM5 (DDC key hash: 64022DB96882115F5A5BA72AA949164AD7F5A682), compiling. 
[2025.05.24-15.09.39:428][101]LogMaterial: Display: Missing cached shadermap for FMatExpressionPreview MaterialExpressionTextureSampleParameter2D_0 in PCD3D_SM5, Default, SM5 (DDC key hash: A69F9E880CBFDD5960C367735450D5EC336C35CC), compiling. 
[2025.05.24-15.09.39:430][101]LogMaterial: Display: Missing cached shadermap for FMatExpressionPreview MaterialExpressionTextureSampleParameter2D_0 in PCD3D_SM5, Default, SM5 (DDC key hash: 3B1DCB713743D50FB0B115B788D85A5889641245), compiling. 
[2025.05.24-15.09.39:436][101]LogMaterial: Display: Missing cached shadermap for M_Main in PCD3D_SM5, Default, SM5 (DDC key hash: DF5044D9B08128C64A83E26A5B9F8E946991FFDA), compiling. 
[2025.05.24-15.09.39:438][101]LogMaterial: Display: Missing cached shadermap for FMatExpressionPreview MaterialExpressionTextureSampleParameter2D_0 in PCD3D_SM5, Default, SM5 (DDC key hash: 36EE97F0D8FE7DFE456C690110A51F24D1BFDBC3), compiling. 
[2025.05.24-15.09.39:449][101]MaterialEditorStats: Texture samplers: 0/16
[2025.05.24-15.09.39:449][101]MaterialEditorStats: Texture Lookups (Est.): VS(0), PS(1)
[2025.05.24-15.09.39:449][101]MaterialEditorStats: User interpolators: 2/4 Scalars (1/4 Vectors) (TexCoords: 2, Custom: 0)
[2025.05.24-15.09.39:483][101]LogShaderCompilers: Display: === FShaderJobCache stats ===
[2025.05.24-15.09.39:483][101]LogShaderCompilers: Display: Total job queries 507, among them cache hits 224 (44.18%)
[2025.05.24-15.09.39:483][101]LogShaderCompilers: Display: Tracking 229 distinct input hashes that result in 132 distinct outputs (57.64%)
[2025.05.24-15.09.39:483][101]LogShaderCompilers: Display: RAM used: 1.63 MB (0.00 GB) of 1638.40 MB (1.60 GB) budget. Usage: 0.10%
[2025.05.24-15.09.39:483][101]LogShaderCompilers: Display: ================================================
[2025.05.24-15.09.39:521][102]MaterialEditorStats: Texture samplers: 5/16
[2025.05.24-15.09.39:521][102]MaterialEditorStats: Texture Lookups (Est.): VS(0), PS(1)
[2025.05.24-15.09.39:521][102]MaterialEditorStats: User interpolators: 2/4 Scalars (1/4 Vectors) (TexCoords: 2, Custom: 0)
[2025.05.24-15.09.39:523][102]LogShaderCompilers: Display: Submitted 2 shader compile jobs with 'ForceLocal' priority
[2025.05.24-15.09.39:555][103]LogShaderCompilers: Display: Worker (1/13): shaders left to compile 2
[2025.05.24-15.09.39:555][103]LogShaderCompilers: Display: Worker (2/13): shaders left to compile 1
[2025.05.24-15.09.39:555][103]LogShaderCompilers: Display: Started 2 'Local' shader compile jobs with 'ForceLocal' priority
[2025.05.24-15.09.39:559][103]MaterialEditorStats: Base pass shader: 794 instructions
[2025.05.24-15.09.39:559][103]MaterialEditorStats: Base pass shader with Volumetric Lightmap: 861 instructions
[2025.05.24-15.09.39:559][103]MaterialEditorStats: Base pass vertex shader: 271 instructions
[2025.05.24-15.09.39:559][103]MaterialEditorStats: Texture samplers: 5/16
[2025.05.24-15.09.39:559][103]MaterialEditorStats: Texture Lookups (Est.): VS(0), PS(1)
[2025.05.24-15.09.39:559][103]MaterialEditorStats: User interpolators: 2/4 Scalars (1/4 Vectors) (TexCoords: 2, Custom: 0)
[2025.05.24-15.09.51:036][787]LogMaterial: Display: Missing cached shadermap for M_Main in PCD3D_SM5, Default, SM5 (DDC key hash: 476C81ABF1D9520D61024BB164B315207AB1E153), compiling. 
[2025.05.24-15.09.51:038][787]LogMaterial: Display: Missing cached shadermap for FMatExpressionPreview MaterialExpressionTextureSampleParameter2D_0 in PCD3D_SM5, Default, SM5 (DDC key hash: 317E649294CAEBC193E9066A5CA19711B0EC050A), compiling. 
[2025.05.24-15.09.51:039][787]LogMaterial: Display: Missing cached shadermap for FMatExpressionPreview MaterialExpressionTextureSampleParameter2D_1 in PCD3D_SM5, Default, SM5 (DDC key hash: 74E706343C08126FD29A1364607875889A59A9A3), compiling. 
[2025.05.24-15.09.51:043][787]MaterialEditorStats: Texture samplers: 0/16
[2025.05.24-15.09.51:043][787]MaterialEditorStats: Texture Lookups (Est.): VS(0), PS(1)
[2025.05.24-15.09.51:043][787]MaterialEditorStats: User interpolators: 2/4 Scalars (1/4 Vectors) (TexCoords: 2, Custom: 0)
[2025.05.24-15.09.51:090][788]MaterialEditorStats: Texture samplers: 5/16
[2025.05.24-15.09.51:090][788]MaterialEditorStats: Texture Lookups (Est.): VS(0), PS(1)
[2025.05.24-15.09.51:090][788]MaterialEditorStats: User interpolators: 2/4 Scalars (1/4 Vectors) (TexCoords: 2, Custom: 0)
[2025.05.24-15.09.51:096][788]LogShaderCompilers: Display: Submitted 2 shader compile jobs with 'ForceLocal' priority
[2025.05.24-15.09.51:117][789]LogShaderCompilers: Display: Worker (1/13): shaders left to compile 2
[2025.05.24-15.09.51:117][789]LogShaderCompilers: Display: Worker (2/13): shaders left to compile 1
[2025.05.24-15.09.51:117][789]LogShaderCompilers: Display: Started 2 'Local' shader compile jobs with 'ForceLocal' priority
[2025.05.24-15.09.51:121][789]MaterialEditorStats: Base pass shader: 794 instructions
[2025.05.24-15.09.51:122][789]MaterialEditorStats: Base pass shader with Volumetric Lightmap: 861 instructions
[2025.05.24-15.09.51:122][789]MaterialEditorStats: Base pass vertex shader: 271 instructions
[2025.05.24-15.09.51:122][789]MaterialEditorStats: Texture samplers: 5/16
[2025.05.24-15.09.51:122][789]MaterialEditorStats: Texture Lookups (Est.): VS(0), PS(1)
[2025.05.24-15.09.51:122][789]MaterialEditorStats: User interpolators: 2/4 Scalars (1/4 Vectors) (TexCoords: 2, Custom: 0)
[2025.05.24-15.10.06:804][730]LogMaterial: Display: Missing cached shadermap for M_Main in PCD3D_SM5, Default, SM5 (DDC key hash: D8802AEC403B75F0F25C08F38F138CDDA1114090), compiling. 
[2025.05.24-15.10.06:805][730]LogMaterial: Display: Missing cached shadermap for FMatExpressionPreview MaterialExpressionTextureSampleParameter2D_1 in PCD3D_SM5, Default, SM5 (DDC key hash: B7CC1D6DD271B2EC415A205DF5F5FAD3D14CFFD6), compiling. 
[2025.05.24-15.10.06:808][730]LogMaterial: Display: Missing cached shadermap for M_Main in PCD3D_SM5, Default, SM5 (DDC key hash: C47C2E4B40868DE91B56DFC032FFD428868C6C09), compiling. 
[2025.05.24-15.10.06:811][730]MaterialEditorStats: Texture samplers: 0/16
[2025.05.24-15.10.06:811][730]MaterialEditorStats: Texture Lookups (Est.): VS(0), PS(1)
[2025.05.24-15.10.06:811][730]MaterialEditorStats: User interpolators: 2/4 Scalars (1/4 Vectors) (TexCoords: 2, Custom: 0)
[2025.05.24-15.10.06:849][731]MaterialEditorStats: Texture samplers: 5/16
[2025.05.24-15.10.06:849][731]MaterialEditorStats: Texture Lookups (Est.): VS(0), PS(1)
[2025.05.24-15.10.06:849][731]MaterialEditorStats: User interpolators: 2/4 Scalars (1/4 Vectors) (TexCoords: 2, Custom: 0)
[2025.05.24-15.10.06:879][732]MaterialEditorStats: Base pass shader: 794 instructions
[2025.05.24-15.10.06:879][732]MaterialEditorStats: Base pass shader with Volumetric Lightmap: 861 instructions
[2025.05.24-15.10.06:879][732]MaterialEditorStats: Base pass vertex shader: 271 instructions
[2025.05.24-15.10.06:879][732]MaterialEditorStats: Texture samplers: 5/16
[2025.05.24-15.10.06:879][732]MaterialEditorStats: Texture Lookups (Est.): VS(0), PS(1)
[2025.05.24-15.10.06:879][732]MaterialEditorStats: User interpolators: 2/4 Scalars (1/4 Vectors) (TexCoords: 2, Custom: 0)
[2025.05.24-15.10.09:579][893]LogMaterial: Display: Missing cached shadermap for M_Main in PCD3D_SM5, Default, SM5 (DDC key hash: D76715368CA915C5211E4BF4A5FE2DF7A61FC237), compiling. 
[2025.05.24-15.10.09:581][893]LogMaterial: Display: Missing cached shadermap for FMatExpressionPreview MaterialExpressionTextureSampleParameter2D_2 in PCD3D_SM5, Default, SM5 (DDC key hash: 3F9FFBF24EE70E7218D8B7E1BB3FB250EF3FFE1D), compiling. 
[2025.05.24-15.10.09:584][893]MaterialEditorStats: Texture samplers: 0/16
[2025.05.24-15.10.09:585][893]MaterialEditorStats: Texture Lookups (Est.): VS(0), PS(1)
[2025.05.24-15.10.09:585][893]MaterialEditorStats: User interpolators: 2/4 Scalars (1/4 Vectors) (TexCoords: 2, Custom: 0)
[2025.05.24-15.10.09:631][894]MaterialEditorStats: Texture samplers: 5/16
[2025.05.24-15.10.09:631][894]MaterialEditorStats: Texture Lookups (Est.): VS(0), PS(1)
[2025.05.24-15.10.09:631][894]MaterialEditorStats: User interpolators: 2/4 Scalars (1/4 Vectors) (TexCoords: 2, Custom: 0)
[2025.05.24-15.10.09:634][894]LogShaderCompilers: Display: Submitted 2 shader compile jobs with 'ForceLocal' priority
[2025.05.24-15.10.09:634][894]LogShaderCompilers: Display: Worker (1/13): shaders left to compile 2
[2025.05.24-15.10.09:634][894]LogShaderCompilers: Display: Worker (2/13): shaders left to compile 1
[2025.05.24-15.10.09:634][894]LogShaderCompilers: Display: Started 2 'Local' shader compile jobs with 'ForceLocal' priority
[2025.05.24-15.10.09:660][895]MaterialEditorStats: Base pass shader: 794 instructions
[2025.05.24-15.10.09:660][895]MaterialEditorStats: Base pass shader with Volumetric Lightmap: 861 instructions
[2025.05.24-15.10.09:660][895]MaterialEditorStats: Base pass vertex shader: 271 instructions
[2025.05.24-15.10.09:660][895]MaterialEditorStats: Texture samplers: 5/16
[2025.05.24-15.10.09:660][895]MaterialEditorStats: Texture Lookups (Est.): VS(0), PS(1)
[2025.05.24-15.10.09:660][895]MaterialEditorStats: User interpolators: 2/4 Scalars (1/4 Vectors) (TexCoords: 2, Custom: 0)
[2025.05.24-15.10.15:287][227]LogMaterial: Display: Missing cached shadermap for M_Main in PCD3D_SM5, Default, SM5 (DDC key hash: 30AA4E332893D852376C70096D8AD00BE35295FC), compiling. 
[2025.05.24-15.10.15:289][227]LogMaterial: Display: Missing cached shadermap for FMatExpressionPreview MaterialExpressionTextureSampleParameter2D_2 in PCD3D_SM5, Default, SM5 (DDC key hash: 9B1F708198CC4E38B6288D66487972035F63D434), compiling. 
[2025.05.24-15.10.15:292][227]LogMaterial: Display: Missing cached shadermap for M_Main in PCD3D_SM5, Default, SM5 (DDC key hash: 33290FA9421EC817F65BBF9532E4A298AFFFE307), compiling. 
[2025.05.24-15.10.15:294][227]MaterialEditorStats: Texture samplers: 0/16
[2025.05.24-15.10.15:294][227]MaterialEditorStats: Texture Lookups (Est.): VS(0), PS(1)
[2025.05.24-15.10.15:294][227]MaterialEditorStats: User interpolators: 2/4 Scalars (1/4 Vectors) (TexCoords: 2, Custom: 0)
[2025.05.24-15.10.15:333][228]MaterialEditorStats: Texture samplers: 5/16
[2025.05.24-15.10.15:333][228]MaterialEditorStats: Texture Lookups (Est.): VS(0), PS(1)
[2025.05.24-15.10.15:333][228]MaterialEditorStats: User interpolators: 2/4 Scalars (1/4 Vectors) (TexCoords: 2, Custom: 0)
[2025.05.24-15.10.15:359][229]MaterialEditorStats: Base pass shader: 794 instructions
[2025.05.24-15.10.15:359][229]MaterialEditorStats: Base pass shader with Volumetric Lightmap: 861 instructions
[2025.05.24-15.10.15:359][229]MaterialEditorStats: Base pass vertex shader: 271 instructions
[2025.05.24-15.10.15:359][229]MaterialEditorStats: Texture samplers: 5/16
[2025.05.24-15.10.15:359][229]MaterialEditorStats: Texture Lookups (Est.): VS(0), PS(1)
[2025.05.24-15.10.15:359][229]MaterialEditorStats: User interpolators: 2/4 Scalars (1/4 Vectors) (TexCoords: 2, Custom: 0)
[2025.05.24-15.10.20:298][524]LogMaterial: Display: Missing cached shadermap for M_Main in PCD3D_SM5, Default, SM5 (DDC key hash: 315913C12B6251991CFC771024E73BE802EA55A9), compiling. 
[2025.05.24-15.10.26:136][861]LogMaterial: Display: Missing cached shadermap for M_Main in PCD3D_SM5, Default, SM5 (DDC key hash: BF27574C7BAA03C33B9E7968C5288454CD04C7CC), compiling. 
[2025.05.24-15.10.26:138][861]LogMaterial: Display: Missing cached shadermap for FMatExpressionPreview MaterialExpressionTextureSampleParameter2D_2 in PCD3D_SM5, Default, SM5 (DDC key hash: 17CCF3CA8709D1C0B102AC708DCAAAB80D31C6D8), compiling. 
[2025.05.24-15.10.26:142][861]MaterialEditorStats: Texture samplers: 0/16
[2025.05.24-15.10.26:142][861]MaterialEditorStats: Texture Lookups (Est.): VS(0), PS(2)
[2025.05.24-15.10.26:142][861]MaterialEditorStats: User interpolators: 2/4 Scalars (1/4 Vectors) (TexCoords: 2, Custom: 0)
[2025.05.24-15.10.26:146][861]LogShaderCompilers: Display: Submitted 2 shader compile jobs with 'ForceLocal' priority
[2025.05.24-15.10.26:152][861]LogShaderCompilers: Display: Submitted 8 shader compile jobs with 'Normal' priority
[2025.05.24-15.10.26:162][862]LogShaderCompilers: Display: Worker (1/13): shaders left to compile 2
[2025.05.24-15.10.26:162][862]LogShaderCompilers: Display: Worker (2/13): shaders left to compile 1
[2025.05.24-15.10.26:162][862]LogShaderCompilers: Display: Worker (3/13): shaders left to compile 8
[2025.05.24-15.10.26:162][862]LogShaderCompilers: Display: Worker (4/13): shaders left to compile 7
[2025.05.24-15.10.26:162][862]LogShaderCompilers: Display: Worker (5/13): shaders left to compile 6
[2025.05.24-15.10.26:162][862]LogShaderCompilers: Display: Worker (6/13): shaders left to compile 5
[2025.05.24-15.10.26:162][862]LogShaderCompilers: Display: Worker (7/13): shaders left to compile 4
[2025.05.24-15.10.26:162][862]LogShaderCompilers: Display: Worker (8/13): shaders left to compile 3
[2025.05.24-15.10.26:162][862]LogShaderCompilers: Display: Worker (9/13): shaders left to compile 2
[2025.05.24-15.10.26:162][862]LogShaderCompilers: Display: Worker (10/13): shaders left to compile 1
[2025.05.24-15.10.26:162][862]LogShaderCompilers: Display: Started 8 'Local' shader compile jobs with 'Normal' priority
[2025.05.24-15.10.26:162][862]LogShaderCompilers: Display: Started 2 'Local' shader compile jobs with 'ForceLocal' priority
[2025.05.24-15.10.27:357][926]MaterialEditorStats: Texture samplers: 2/16
[2025.05.24-15.10.27:357][926]MaterialEditorStats: Texture Lookups (Est.): VS(0), PS(2)
[2025.05.24-15.10.27:357][926]MaterialEditorStats: User interpolators: 2/4 Scalars (1/4 Vectors) (TexCoords: 2, Custom: 0)
[2025.05.24-15.10.31:519][149]LogMaterial: Display: Missing cached shadermap for M_Main in PCD3D_SM5, Default, SM5 (DDC key hash: 44B3798C3DD5289446DF400415DFDB35A1044A3F), compiling. 
[2025.05.24-15.10.31:524][149]LogMaterial: Display: Missing cached shadermap for FMatExpressionPreview MaterialExpressionTextureSampleParameter2D_1 in PCD3D_SM5, Default, SM5 (DDC key hash: 63EC327BBE7CCE8438C95F33E28330DA74651C1A), compiling. 
[2025.05.24-15.10.31:535][149]MaterialEditorStats: Texture samplers: 0/16
[2025.05.24-15.10.31:535][149]MaterialEditorStats: Texture Lookups (Est.): VS(0), PS(3)
[2025.05.24-15.10.31:535][149]MaterialEditorStats: User interpolators: 2/4 Scalars (1/4 Vectors) (TexCoords: 2, Custom: 0)
[2025.05.24-15.10.31:540][149]LogShaderCompilers: Display: Submitted 2 shader compile jobs with 'ForceLocal' priority
[2025.05.24-15.10.31:540][149]LogShaderCompilers: Display: Worker (2/13): shaders left to compile 2
[2025.05.24-15.10.31:540][149]LogShaderCompilers: Display: Worker (3/13): shaders left to compile 1
[2025.05.24-15.10.31:540][149]LogShaderCompilers: Display: Started 2 'Local' shader compile jobs with 'ForceLocal' priority
[2025.05.24-15.10.31:556][149]LogShaderCompilers: Display: Worker (5/13): shaders left to compile 2
[2025.05.24-15.10.31:556][149]LogShaderCompilers: Display: Worker (8/13): shaders left to compile 7
[2025.05.24-15.10.31:556][149]LogShaderCompilers: Display: Submitted 8 shader compile jobs with 'Normal' priority
[2025.05.24-15.10.31:556][149]LogShaderCompilers: Display: Worker (11/13): shaders left to compile 6
[2025.05.24-15.10.31:556][149]LogShaderCompilers: Display: Worker (12/13): shaders left to compile 5
[2025.05.24-15.10.31:556][149]LogShaderCompilers: Display: Started 4 'Local' shader compile jobs with 'Normal' priority
[2025.05.24-15.10.32:651][196]LogShaderCompilers: Display: Worker (5/13): shaders left to compile 4
[2025.05.24-15.10.32:651][196]LogShaderCompilers: Display: Started 1 'Local' shader compile jobs with 'Normal' priority
[2025.05.24-15.10.33:106][215]LogShaderCompilers: Display: Worker (3/13): shaders left to compile 3
[2025.05.24-15.10.33:106][215]LogShaderCompilers: Display: Started 1 'Local' shader compile jobs with 'Normal' priority
[2025.05.24-15.10.33:137][216]MaterialEditorStats: Texture samplers: 2/16
[2025.05.24-15.10.33:137][216]MaterialEditorStats: Texture Lookups (Est.): VS(0), PS(3)
[2025.05.24-15.10.33:137][216]MaterialEditorStats: User interpolators: 2/4 Scalars (1/4 Vectors) (TexCoords: 2, Custom: 0)
[2025.05.24-15.10.33:476][228]LogShaderCompilers: Display: Worker (11/13): shaders left to compile 2
[2025.05.24-15.10.33:476][228]LogShaderCompilers: Display: Started 1 'Local' shader compile jobs with 'Normal' priority
[2025.05.24-15.10.33:476][228]LogShaderCompilers: Display: Worker (1/13): shaders left to compile 1
[2025.05.24-15.10.33:476][228]LogShaderCompilers: Display: Started 1 'Local' shader compile jobs with 'Normal' priority
[2025.05.24-15.10.34:134][252]LogMaterial: Display: Missing cached shadermap for M_Main in PCD3D_SM5, Default, SM5 (DDC key hash: 990C83AB888A6DEC9D45F1FD797385FABE9B5B48), compiling. 
[2025.05.24-15.10.34:140][252]LogMaterial: Display: Missing cached shadermap for FMatExpressionPreview MaterialExpressionTextureSampleParameter2D_1 in PCD3D_SM5, Default, SM5 (DDC key hash: 727118E482BC38C85F5F428EECE6724A70EEEDEE), compiling. 
[2025.05.24-15.10.34:159][252]MaterialEditorStats: Texture samplers: 0/16
[2025.05.24-15.10.34:160][252]MaterialEditorStats: Texture Lookups (Est.): VS(0), PS(3)
[2025.05.24-15.10.34:160][252]MaterialEditorStats: User interpolators: 2/4 Scalars (1/4 Vectors) (TexCoords: 2, Custom: 0)
[2025.05.24-15.10.34:171][252]LogShaderCompilers: Display: Worker (9/13): shaders left to compile 2
[2025.05.24-15.10.34:171][252]LogShaderCompilers: Display: Submitted 2 shader compile jobs with 'ForceLocal' priority
[2025.05.24-15.10.34:171][252]LogShaderCompilers: Display: Started 1 'Local' shader compile jobs with 'ForceLocal' priority
[2025.05.24-15.10.34:189][252]LogShaderCompilers: Display: Submitted 8 shader compile jobs with 'Normal' priority
[2025.05.24-15.10.34:435][262]LogShaderCompilers: Display: Worker (7/13): shaders left to compile 1
[2025.05.24-15.10.34:435][262]LogShaderCompilers: Display: Started 1 'Local' shader compile jobs with 'ForceLocal' priority
[2025.05.24-15.10.34:499][265]LogShaderCompilers: Display: Worker (4/13): shaders left to compile 8
[2025.05.24-15.10.34:499][265]LogShaderCompilers: Display: Started 1 'Local' shader compile jobs with 'Normal' priority
[2025.05.24-15.10.34:610][270]LogShaderCompilers: Display: Worker (3/13): shaders left to compile 7
[2025.05.24-15.10.34:610][270]LogShaderCompilers: Display: Started 1 'Local' shader compile jobs with 'Normal' priority
[2025.05.24-15.10.34:690][274]LogShaderCompilers: Display: Worker (10/13): shaders left to compile 6
[2025.05.24-15.10.34:690][274]LogShaderCompilers: Display: Started 1 'Local' shader compile jobs with 'Normal' priority
[2025.05.24-15.10.34:749][277]LogShaderCompilers: Display: Worker (6/13): shaders left to compile 5
[2025.05.24-15.10.34:749][277]LogShaderCompilers: Display: Started 1 'Local' shader compile jobs with 'Normal' priority
[2025.05.24-15.10.35:506][308]LogShaderCompilers: Display: Worker (4/13): shaders left to compile 4
[2025.05.24-15.10.35:506][308]LogShaderCompilers: Display: Started 1 'Local' shader compile jobs with 'Normal' priority
[2025.05.24-15.10.35:856][323]LogMaterial: Display: Missing cached shadermap for M_Main in PCD3D_SM5, Default, SM5 (DDC key hash: F312D8BCD046BBF0642BF3C991C561C739DCAF2B), compiling. 
[2025.05.24-15.10.35:862][323]LogMaterial: Display: Missing cached shadermap for FMatExpressionPreview MaterialExpressionTextureSampleParameter2D_1 in PCD3D_SM5, Default, SM5 (DDC key hash: A917F34DDF2AAEFC6CF6E38822DE21C14A45885A), compiling. 
[2025.05.24-15.10.35:891][323]LogShaderCompilers: Display: Submitted 2 shader compile jobs with 'ForceLocal' priority
[2025.05.24-15.10.35:891][323]LogShaderCompilers: Display: Worker (7/13): shaders left to compile 2
[2025.05.24-15.10.35:891][323]LogShaderCompilers: Display: Started 1 'Local' shader compile jobs with 'ForceLocal' priority
[2025.05.24-15.10.35:909][323]LogShaderCompilers: Display: Submitted 8 shader compile jobs with 'Normal' priority
[2025.05.24-15.10.36:148][333]LogShaderCompilers: Display: Worker (10/13): shaders left to compile 1
[2025.05.24-15.10.36:148][333]LogShaderCompilers: Display: Started 1 'Local' shader compile jobs with 'ForceLocal' priority
[2025.05.24-15.10.37:415][381]LogMaterialEditor: Saving and Compiling material M_Main
[2025.05.24-15.10.47:481][381]LogShaderCompilers: Display: Worker (10/13): shaders left to compile 8
[2025.05.24-15.10.47:481][381]LogShaderCompilers: Display: Started 1 'Local' shader compile jobs with 'Normal' priority
[2025.05.24-15.10.47:482][381]LogShaderCompilers: Display: Worker (10/13): shaders left to compile 7
[2025.05.24-15.10.47:482][381]LogShaderCompilers: Display: Started 1 'Local' shader compile jobs with 'Normal' priority
[2025.05.24-15.10.47:482][381]LogShaderCompilers: Display: Worker (2/13): shaders left to compile 6
[2025.05.24-15.10.47:482][381]LogShaderCompilers: Display: Started 1 'Local' shader compile jobs with 'Normal' priority
[2025.05.24-15.10.47:482][381]LogShaderCompilers: Display: Worker (8/13): shaders left to compile 5
[2025.05.24-15.10.47:482][381]LogShaderCompilers: Display: Started 1 'Local' shader compile jobs with 'Normal' priority
[2025.05.24-15.10.47:482][381]LogShaderCompilers: Display: Worker (12/13): shaders left to compile 4
[2025.05.24-15.10.47:482][381]LogShaderCompilers: Display: Started 1 'Local' shader compile jobs with 'Normal' priority
[2025.05.24-15.10.47:482][381]LogShaderCompilers: Display: Worker (5/13): shaders left to compile 3
[2025.05.24-15.10.47:482][381]LogShaderCompilers: Display: Started 1 'Local' shader compile jobs with 'Normal' priority
[2025.05.24-15.10.47:482][381]LogShaderCompilers: Display: Worker (2/13): shaders left to compile 2
[2025.05.24-15.10.47:482][381]LogShaderCompilers: Display: Started 1 'Local' shader compile jobs with 'Normal' priority
[2025.05.24-15.10.47:482][381]LogShaderCompilers: Display: Worker (11/13): shaders left to compile 1
[2025.05.24-15.10.47:482][381]LogShaderCompilers: Display: Started 1 'Local' shader compile jobs with 'Normal' priority
[2025.05.24-15.10.47:497][381]LogMaterial: Display: Missing cached shadermap for M_Main in PCD3D_SM5, Default, SM5 (DDC key hash: A581882C4E67157168B812E9E56EB646590E4A7D), compiling. 
[2025.05.24-15.10.47:510][381]LogMaterial: Display: Missing cached shadermap for M_Main in PCD3D_SM5, Default, SM5 (DDC key hash: ACA433A776D6B39B7E85B687DC36B402B0D01E5D), compiling. 
[2025.05.24-15.10.47:592][381]LogShaderCompilers: Display: Worker (1/13): shaders left to compile 1
[2025.05.24-15.10.47:592][381]LogShaderCompilers: Display: Submitted 6 shader compile jobs with 'Normal' priority
[2025.05.24-15.10.47:592][381]LogShaderCompilers: Display: Worker (3/13): shaders left to compile 5
[2025.05.24-15.10.47:593][381]LogShaderCompilers: Display: Worker (4/13): shaders left to compile 4
[2025.05.24-15.10.47:593][381]LogShaderCompilers: Display: Worker (5/13): shaders left to compile 3
[2025.05.24-15.10.47:593][381]LogShaderCompilers: Display: Worker (6/13): shaders left to compile 2
[2025.05.24-15.10.47:593][381]LogShaderCompilers: Display: Worker (7/13): shaders left to compile 1
[2025.05.24-15.10.47:593][381]LogShaderCompilers: Display: Started 6 'Local' shader compile jobs with 'Normal' priority
[2025.05.24-15.10.47:593][381]LogUObjectHash: Compacting FUObjectHashTables data took  17.74ms
[2025.05.24-15.10.48:357][381]LogUObjectHash: Compacting FUObjectHashTables data took   1.63ms
[2025.05.24-15.10.51:407][381]Cmd: OBJ SAVEPACKAGE PACKAGE="/Game/Resources/Materials/M_Main" FILE="../../../../../../Users/AlisaDI/Documents/MephiTasks/UnrealProject/Content/Resources/Materials/M_Main.uasset" SILENT=true
[2025.05.24-15.10.51:414][381]LogSavePackage: Moving '../../../../../../Users/AlisaDI/Documents/MephiTasks/UnrealProject/Saved/M_MainB920E82F4504E1007F75BE9AFBD6EE95.tmp' to '../../../../../../Users/AlisaDI/Documents/MephiTasks/UnrealProject/Content/Resources/Materials/M_Main.uasset'
[2025.05.24-15.10.51:468][381]AssetCheck: New page: Asset Save: M_Main
[2025.05.24-15.10.51:468][381]LogContentValidation: Display: Validating Material /Game/Resources/Materials/M_Main.M_Main
[2025.05.24-15.10.51:471][381]MaterialEditorStats: Base pass shader: 799 instructions
[2025.05.24-15.10.51:471][381]MaterialEditorStats: Base pass shader with Volumetric Lightmap: 870 instructions
[2025.05.24-15.10.51:471][381]MaterialEditorStats: Base pass vertex shader: 271 instructions
[2025.05.24-15.10.51:471][381]MaterialEditorStats: Texture samplers: 8/16
[2025.05.24-15.10.51:471][381]MaterialEditorStats: Texture Lookups (Est.): VS(0), PS(3)
[2025.05.24-15.10.51:471][381]MaterialEditorStats: User interpolators: 2/4 Scalars (1/4 Vectors) (TexCoords: 2, Custom: 0)
[2025.05.24-15.10.55:368][611]LogMaterialEditor: Saving and Compiling material M_Main
[2025.05.24-15.10.55:369][611]Cmd: OBJ SAVEPACKAGE PACKAGE="/Game/Resources/Materials/M_Main" FILE="../../../../../../Users/AlisaDI/Documents/MephiTasks/UnrealProject/Content/Resources/Materials/M_Main.uasset" SILENT=true
[2025.05.24-15.10.55:371][611]LogSavePackage: Moving '../../../../../../Users/AlisaDI/Documents/MephiTasks/UnrealProject/Saved/M_MainC902F217470497C2EA9644845051707F.tmp' to '../../../../../../Users/AlisaDI/Documents/MephiTasks/UnrealProject/Content/Resources/Materials/M_Main.uasset'
[2025.05.24-15.10.55:391][611]AssetCheck: New page: Asset Save: M_Main
[2025.05.24-15.10.55:391][611]LogContentValidation: Display: Validating Material /Game/Resources/Materials/M_Main.M_Main
[2025.05.24-15.11.12:925][656]LogContentBrowser: Deferred new asset folder creation: NewFolder
[2025.05.24-15.11.12:961][656]LogContentBrowser: Creating deferred item: NewFolder
[2025.05.24-15.11.16:039][839]LogContentBrowser: Attempting asset rename: NewFolder -> Textures
[2025.05.24-15.11.16:040][839]LogContentBrowser: End creating deferred item NewFolder
[2025.05.24-15.11.24:932][184]LogContentBrowser: Deferred new asset folder creation: NewFolder
[2025.05.24-15.11.24:963][184]LogContentBrowser: Creating deferred item: NewFolder
[2025.05.24-15.11.29:227][440]LogContentBrowser: Attempting asset rename: NewFolder -> Workbench
[2025.05.24-15.11.29:227][440]LogContentBrowser: End creating deferred item NewFolder
[2025.05.24-15.11.40:771][878]LogFactory: FactoryCreateFile: Texture with ReimportTextureFactory (0 0 ../../../../../../Users/AlisaDI/Desktop/FBX/Workbench/Textures/Workbench_DefaultMaterial_BaseColor.png)
[2025.05.24-15.11.40:873][878]LogTexture: Display: Building textures: Workbench_DefaultMaterial_BaseColor (OODLE_AutoDXT, 2048X2048)
[2025.05.24-15.11.41:252][878]LogTextureFormatOodle: Display: non-RDO encode 1024 x 1024 x 1 to format OODLE_AutoDXT (Oodle OodleTex_BC1_WithTransparency) lambda=0 effort=20 
[2025.05.24-15.11.41:253][878]LogTextureFormatOodle: Display: non-RDO encode 2048 x 2048 x 1 to format OODLE_AutoDXT (Oodle OodleTex_BC1_WithTransparency) lambda=0 effort=20 
[2025.05.24-15.11.41:253][878]LogFactory: FactoryCreateFile: Texture with ReimportTextureFactory (0 0 ../../../../../../Users/AlisaDI/Desktop/FBX/Workbench/Textures/Workbench_DefaultMaterial_Normal.png)
[2025.05.24-15.11.41:359][878]LogTexture: Display: Building textures: Workbench_DefaultMaterial_Normal (OODLE_BC5, 2048X2048)
[2025.05.24-15.11.41:486][878]LogTextureFormatOodle: Display: non-RDO encode 2048 x 2048 x 1 to format OODLE_BC5 (Oodle OodleTex_BC5U) lambda=0 effort=20 
[2025.05.24-15.11.41:486][878]LogTextureFormatOodle: Display: non-RDO encode 1024 x 1024 x 1 to format OODLE_BC5 (Oodle OodleTex_BC5U) lambda=0 effort=20 
[2025.05.24-15.11.41:486][878]LogFactory: FactoryCreateFile: Texture with ReimportTextureFactory (0 0 ../../../../../../Users/AlisaDI/Desktop/FBX/Workbench/Textures/Workbench_DefaultMaterial_OcclusionRoughnessMetallic.png)
[2025.05.24-15.11.41:609][878]LogTexture: Display: Building textures: Workbench_DefaultMaterial_OcclusionRoughnessMetallic (OODLE_AutoDXT, 2048X2048)
[2025.05.24-15.11.42:009][878]LogTextureFormatOodle: Display: non-RDO encode 1024 x 1024 x 1 to format OODLE_AutoDXT (Oodle OodleTex_BC1_WithTransparency) lambda=0 effort=20 
[2025.05.24-15.11.42:009][878]LogTextureFormatOodle: Display: non-RDO encode 2048 x 2048 x 1 to format OODLE_AutoDXT (Oodle OodleTex_BC1_WithTransparency) lambda=0 effort=20 
[2025.05.24-15.11.45:266][ 62]LogAssetEditorSubsystem: Opening Asset editor for Texture2D /Game/Resources/Textures/Workbench/Workbench_DefaultMaterial_BaseColor.Workbench_DefaultMaterial_BaseColor
[2025.05.24-15.11.45:278][ 62]LogNativeClassHierarchy: Verbose: Native class hierarchy updated for 'TextureEditor' in 0.0004 seconds. Added 1 classes and 2 folders.
[2025.05.24-15.11.52:705][471]LogAssetEditorSubsystem: Opening Asset editor for Texture2D /Game/Resources/Textures/Workbench/Workbench_DefaultMaterial_OcclusionRoughnessMetallic.Workbench_DefaultMaterial_OcclusionRoughnessMetallic
[2025.05.24-15.11.55:558][638]LogTexture: Display: Building textures: Workbench_DefaultMaterial_OcclusionRoughnessMetallic (OODLE_AutoDXT, 2048X2048)
[2025.05.24-15.11.55:858][638]LogTextureFormatOodle: Display: non-RDO encode 2048 x 2048 x 1 to format OODLE_AutoDXT (Oodle OodleTex_BC1_WithTransparency) lambda=0 effort=20 
[2025.05.24-15.11.55:858][638]LogTextureFormatOodle: Display: non-RDO encode 1024 x 1024 x 1 to format OODLE_AutoDXT (Oodle OodleTex_BC1_WithTransparency) lambda=0 effort=20 
[2025.05.24-15.11.58:391][772]LogSavePackage: Moving '../../../../../../Users/AlisaDI/Documents/MephiTasks/UnrealProject/Saved/Workbench_DefaultMaterial_Occlus19591B2844C7589D8E605AB79E176DD7.tmp' to '../../../../../../Users/AlisaDI/Documents/MephiTasks/UnrealProject/Content/Resources/Textures/Workbench/Workbench_DefaultMaterial_OcclusionRoughnessMetallic.uasset'
[2025.05.24-15.11.58:410][772]AssetCheck: New page: Asset Save: Workbench_DefaultMaterial_OcclusionRoughnessMetallic
[2025.05.24-15.11.58:410][772]LogContentValidation: Display: Validating Texture2D /Game/Resources/Textures/Workbench/Workbench_DefaultMaterial_OcclusionRoughnessMetallic.Workbench_DefaultMaterial_OcclusionRoughnessMetallic
[2025.05.24-15.12.13:468][654]LogContentBrowser: Deferred new asset file creation: M_Main_Inst
[2025.05.24-15.12.13:517][654]LogContentBrowser: Creating deferred item: M_Main_Inst
[2025.05.24-15.12.21:420][126]LogContentBrowser: Attempting asset rename: M_Main_Inst -> MI_Workbench
[2025.05.24-15.12.21:420][126]LogContentBrowser: End creating deferred item M_Main_Inst
[2025.05.24-15.12.22:937][217]LogAssetEditorSubsystem: Opening Asset editor for MaterialInstanceConstant /Game/Resources/Materials/MI_Workbench.MI_Workbench
[2025.05.24-15.12.46:114][479]Cmd: OBJ SAVEPACKAGE PACKAGE="/Game/Resources/Materials/MI_Workbench" FILE="../../../../../../Users/AlisaDI/Documents/MephiTasks/UnrealProject/Content/Resources/Materials/MI_Workbench.uasset" SILENT=true
[2025.05.24-15.12.46:193][479]LogUObjectHash: Compacting FUObjectHashTables data took   6.95ms
[2025.05.24-15.12.46:242][479]LogUObjectHash: Compacting FUObjectHashTables data took   1.04ms
[2025.05.24-15.12.46:247][479]LogSavePackage: Moving '../../../../../../Users/AlisaDI/Documents/MephiTasks/UnrealProject/Saved/MI_WorkbenchA2E92FF6489170284D4134B02466039B.tmp' to '../../../../../../Users/AlisaDI/Documents/MephiTasks/UnrealProject/Content/Resources/Materials/MI_Workbench.uasset'
[2025.05.24-15.12.46:268][479]AssetCheck: New page: Asset Save: MI_Workbench
[2025.05.24-15.12.46:268][479]LogContentValidation: Display: Validating MaterialInstanceConstant /Game/Resources/Materials/MI_Workbench.MI_Workbench
[2025.05.24-15.12.49:969][695]LogSlate: Window 'MI_Workbench' being destroyed
[2025.05.24-15.12.49:996][695]LogWorld: UWorld::CleanupWorld for World_47, bSessionEnded=true, bCleanupResources=true
[2025.05.24-15.12.49:996][695]LogSlate: InvalidateAllWidgets triggered.  All widgets were invalidated
[2025.05.24-15.12.57:474][137]LogAssetEditorSubsystem: Opening Asset editor for MaterialInstanceConstant /Game/Resources/Materials/MI_Workbench.MI_Workbench
[2025.05.24-15.13.03:754][488]LogAssetEditorSubsystem: Opening Asset editor for StaticMesh /Game/Resources/Meshes/Workbench.Workbench
[2025.05.24-15.13.05:696][579]LogSlate: Window 'MI_Workbench' being destroyed
[2025.05.24-15.13.20:095][433]Cmd: OBJ SAVEPACKAGE PACKAGE="/Game/Resources/Meshes/Workbench" FILE="../../../../../../Users/AlisaDI/Documents/MephiTasks/UnrealProject/Content/Resources/Meshes/Workbench.uasset" SILENT=true
[2025.05.24-15.13.20:115][433]LogSavePackage: Moving '../../../../../../Users/AlisaDI/Documents/MephiTasks/UnrealProject/Saved/Workbench3FDC862E4F2EBE07A46944ABD3438B7E.tmp' to '../../../../../../Users/AlisaDI/Documents/MephiTasks/UnrealProject/Content/Resources/Meshes/Workbench.uasset'
[2025.05.24-15.13.20:137][433]AssetCheck: New page: Asset Save: Workbench
[2025.05.24-15.13.20:137][433]LogContentValidation: Display: Validating StaticMesh /Game/Resources/Meshes/Workbench.Workbench
[2025.05.24-15.13.21:198][497]LogWorld: UWorld::CleanupWorld for World_49, bSessionEnded=true, bCleanupResources=true
[2025.05.24-15.13.21:198][497]LogSlate: InvalidateAllWidgets triggered.  All widgets were invalidated
[2025.05.24-15.13.25:126][725]LogWorld: UWorld::CleanupWorld for World_43, bSessionEnded=true, bCleanupResources=true
[2025.05.24-15.13.25:127][725]LogSlate: InvalidateAllWidgets triggered.  All widgets were invalidated
[2025.05.24-15.13.28:030][889]LogWorld: UWorld::CleanupWorld for World_40, bSessionEnded=true, bCleanupResources=true
[2025.05.24-15.13.28:030][889]LogSlate: InvalidateAllWidgets triggered.  All widgets were invalidated
[2025.05.24-15.13.28:057][889]LogWorld: UWorld::CleanupWorld for World_42, bSessionEnded=true, bCleanupResources=true
[2025.05.24-15.13.28:057][889]LogSlate: InvalidateAllWidgets triggered.  All widgets were invalidated
[2025.05.24-15.13.28:126][889]LogWorld: UWorld::CleanupWorld for World_41, bSessionEnded=true, bCleanupResources=true
[2025.05.24-15.13.28:126][889]LogSlate: InvalidateAllWidgets triggered.  All widgets were invalidated
[2025.05.24-15.13.39:728][579]LogContentBrowser: Deferred new asset file creation: M_Main_Inst
[2025.05.24-15.13.39:767][579]LogContentBrowser: Creating deferred item: M_Main_Inst
[2025.05.24-15.13.46:968][ 10]LogContentBrowser: Attempting asset rename: M_Main_Inst -> MI_3D_Printer
[2025.05.24-15.13.46:969][ 10]LogContentBrowser: End creating deferred item M_Main_Inst
[2025.05.24-15.13.48:752][117]LogAssetEditorSubsystem: Opening Asset editor for MaterialInstanceConstant /Game/Resources/Materials/MI_3D_Printer.MI_3D_Printer
[2025.05.24-15.13.53:486][388]LogContentBrowser: Deferred new asset folder creation: NewFolder
[2025.05.24-15.13.53:521][388]LogContentBrowser: Creating deferred item: NewFolder
[2025.05.24-15.13.57:036][595]LogContentBrowser: Attempting asset rename: NewFolder -> 3d_Printer
[2025.05.24-15.13.57:037][595]LogContentBrowser: End creating deferred item NewFolder
[2025.05.24-15.14.07:912][810]LogFactory: FactoryCreateFile: Texture with ReimportTextureFactory (0 0 ../../../../../../Users/AlisaDI/Desktop/FBX/3D_Printer/Textures/3D-Printer_Material_BaseColor.png)
[2025.05.24-15.14.08:021][810]LogTexture: Display: Building textures: 3D-Printer_Material_BaseColor (OODLE_AutoDXT, 2048X2048)
[2025.05.24-15.14.08:323][810]LogTextureFormatOodle: Display: non-RDO encode 1024 x 1024 x 1 to format OODLE_AutoDXT (Oodle OodleTex_BC1_WithTransparency) lambda=0 effort=20 
[2025.05.24-15.14.08:323][810]LogTextureFormatOodle: Display: non-RDO encode 2048 x 2048 x 1 to format OODLE_AutoDXT (Oodle OodleTex_BC1_WithTransparency) lambda=0 effort=20 
[2025.05.24-15.14.08:323][810]LogFactory: FactoryCreateFile: Texture with ReimportTextureFactory (0 0 ../../../../../../Users/AlisaDI/Desktop/FBX/3D_Printer/Textures/3D-Printer_Material_Normal.png)
[2025.05.24-15.14.08:415][810]LogTexture: Display: Building textures: 3D-Printer_Material_Normal (OODLE_BC5, 2048X2048)
[2025.05.24-15.14.08:530][810]LogTextureFormatOodle: Display: non-RDO encode 2048 x 2048 x 1 to format OODLE_BC5 (Oodle OodleTex_BC5U) lambda=0 effort=20 
[2025.05.24-15.14.08:530][810]LogTextureFormatOodle: Display: non-RDO encode 1024 x 1024 x 1 to format OODLE_BC5 (Oodle OodleTex_BC5U) lambda=0 effort=20 
[2025.05.24-15.14.08:530][810]LogFactory: FactoryCreateFile: Texture with ReimportTextureFactory (0 0 ../../../../../../Users/AlisaDI/Desktop/FBX/3D_Printer/Textures/3D-Printer_Material_OcclusionRoughnessMetallic.png)
[2025.05.24-15.14.08:625][810]LogTexture: Display: Building textures: 3D-Printer_Material_OcclusionRoughnessMetallic (OODLE_AutoDXT, 2048X2048)
[2025.05.24-15.14.08:967][810]LogTextureFormatOodle: Display: non-RDO encode 1024 x 1024 x 1 to format OODLE_AutoDXT (Oodle OodleTex_BC1_WithTransparency) lambda=0 effort=20 
[2025.05.24-15.14.08:967][810]LogTextureFormatOodle: Display: non-RDO encode 2048 x 2048 x 1 to format OODLE_AutoDXT (Oodle OodleTex_BC1_WithTransparency) lambda=0 effort=20 
[2025.05.24-15.14.10:141][874]LogAssetEditorSubsystem: Opening Asset editor for Texture2D /Game/Resources/Textures/3d_Printer/3D-Printer_Material_OcclusionRoughnessMetallic.3D-Printer_Material_OcclusionRoughnessMetallic
[2025.05.24-15.14.12:258][994]LogTexture: Display: Building textures: 3D-Printer_Material_OcclusionRoughnessMetallic (OODLE_AutoDXT, 2048X2048)
[2025.05.24-15.14.12:493][994]LogTextureFormatOodle: Display: non-RDO encode 2048 x 2048 x 1 to format OODLE_AutoDXT (Oodle OodleTex_BC1_WithTransparency) lambda=0 effort=20 
[2025.05.24-15.14.12:493][994]LogTextureFormatOodle: Display: non-RDO encode 1024 x 1024 x 1 to format OODLE_AutoDXT (Oodle OodleTex_BC1_WithTransparency) lambda=0 effort=20 
[2025.05.24-15.14.32:569][114]LogEditorViewport: Clicking on Actor (LMB): BP_test_menu_2_C (BP_test_menu_2)
[2025.05.24-15.14.32:848][129]LogEditorViewport: Clicking on Actor (context menu): BP_test_menu_2_C (BP_test_menu_2)
[2025.05.24-15.14.50:009][133]LogAssetEditorSubsystem: Opening Asset editor for SkeletalMesh /Game/Resources/Meshes/3D-Printer_A.3D-Printer_A
[2025.05.24-15.14.50:013][133]LogActorComponent: RegisterComponentWithWorld: (/Engine/Transient.World_51:PersistentLevel.AnimationEditorPreviewActor_0.DebugSkelMeshComponent_0) Already registered. Aborting.
[2025.05.24-15.14.57:118][520]LogMaterial: Display: Material /Game/Resources/Materials/M_Main.M_Main needed to have new flag set bUsedWithSkeletalMesh !
[2025.05.24-15.14.57:123][520]LogMaterial: Display: Missing cached shadermap for M_Main in PCD3D_SM5, Default, SM5 (DDC key hash: 78D42835A792C949B1D62741E1A24007B08C81C7), compiling. 
[2025.05.24-15.14.57:149][520]LogShaderCompilers: Display: Submitted 16 shader compile jobs with 'Low' priority
[2025.05.24-15.14.57:226][520]LogShaderCompilers: Display: Worker (1/13): shaders left to compile 16
[2025.05.24-15.14.57:227][520]LogShaderCompilers: Display: Worker (2/13): shaders left to compile 14
[2025.05.24-15.14.57:227][520]LogShaderCompilers: Display: Worker (3/13): shaders left to compile 12
[2025.05.24-15.14.57:227][520]LogShaderCompilers: Display: Worker (4/13): shaders left to compile 10
[2025.05.24-15.14.57:227][520]LogShaderCompilers: Display: Worker (5/13): shaders left to compile 8
[2025.05.24-15.14.57:227][520]LogShaderCompilers: Display: Worker (6/13): shaders left to compile 6
[2025.05.24-15.14.57:227][520]LogShaderCompilers: Display: Worker (7/13): shaders left to compile 4
[2025.05.24-15.14.57:227][520]LogShaderCompilers: Display: Worker (8/13): shaders left to compile 2
[2025.05.24-15.14.57:227][520]LogShaderCompilers: Display: Started 16 'Local' shader compile jobs with 'Low' priority
[2025.05.24-15.14.57:227][520]LogShaderCompilers: Display: === FShaderJobCache stats ===
[2025.05.24-15.14.57:227][520]LogShaderCompilers: Display: Total job queries 675, among them cache hits 318 (47.11%)
[2025.05.24-15.14.57:227][520]LogShaderCompilers: Display: Tracking 278 distinct input hashes that result in 159 distinct outputs (57.19%)
[2025.05.24-15.14.57:227][520]LogShaderCompilers: Display: RAM used: 2.27 MB (0.00 GB) of 1638.40 MB (1.60 GB) budget. Usage: 0.14%
[2025.05.24-15.14.57:227][520]LogShaderCompilers: Display: ================================================
[2025.05.24-15.15.11:144][217]LogSlate: Window 'MI_3D_Printer' being destroyed
[2025.05.24-15.15.11:151][217]LogSlate: Window 'MI_3D_Printer' being destroyed
[2025.05.24-15.15.11:203][217]LogUObjectHash: Compacting FUObjectHashTables data took   5.20ms
[2025.05.24-15.15.11:259][217]LogUObjectHash: Compacting FUObjectHashTables data took   1.24ms
[2025.05.24-15.15.11:273][217]LogWorld: UWorld::CleanupWorld for World_50, bSessionEnded=true, bCleanupResources=true
[2025.05.24-15.15.11:274][217]LogSlate: InvalidateAllWidgets triggered.  All widgets were invalidated
[2025.05.24-15.15.13:190][325]LogSlate: Updating window title bar state: overlay mode, drag disabled, window buttons hidden, title bar hidden
[2025.05.24-15.15.13:190][325]LogWorld: BeginTearingDown for /Game/VRTemplate/Maps/UEDPIE_0_VRTemplateMap
[2025.05.24-15.15.13:191][325]LogWorld: UWorld::CleanupWorld for VRTemplateMap, bSessionEnded=true, bCleanupResources=true
[2025.05.24-15.15.13:191][325]LogSlate: InvalidateAllWidgets triggered.  All widgets were invalidated
[2025.05.24-15.15.13:211][325]LogPlayLevel: Display: Shutting down PIE online subsystems
[2025.05.24-15.15.13:223][325]LogSlate: InvalidateAllWidgets triggered.  All widgets were invalidated
[2025.05.24-15.15.13:268][325]LogAudio: Display: Audio Device unregistered from world 'None'.
[2025.05.24-15.15.13:268][325]LogResonanceAudio: Display: Resonance Audio Listener is shutdown
[2025.05.24-15.15.13:268][325]LogAudioMixer: FMixerPlatformXAudio2::StopAudioStream() called
[2025.05.24-15.15.13:270][325]LogAudioMixer: FMixerPlatformXAudio2::StopAudioStream() called
[2025.05.24-15.15.13:276][325]LogSlate: Updating window title bar state: overlay mode, drag disabled, window buttons hidden, title bar hidden
[2025.05.24-15.15.13:285][325]LogUObjectHash: Compacting FUObjectHashTables data took   3.77ms
[2025.05.24-15.15.13:316][326]LogPlayLevel: Display: Destroying online subsystem :Context_88
[2025.05.24-15.15.53:242][863]LogUObjectHash: Compacting FUObjectHashTables data took   3.64ms
[2025.05.24-15.15.54:383][863]LogSlate: Window 'Save Content' being destroyed
[2025.05.24-15.15.54:492][863]Cmd: OBJ SAVEPACKAGE PACKAGE="/Game/Resources/Meshes/3D-Printer_A" FILE="../../../../../../Users/AlisaDI/Documents/MephiTasks/UnrealProject/Content/Resources/Meshes/3D-Printer_A.uasset" SILENT=true
[2025.05.24-15.15.54:539][863]LogSavePackage: Moving '../../../../../../Users/AlisaDI/Documents/MephiTasks/UnrealProject/Saved/3D-Printer_ADA958D3C4BED158DE829B5A34D7EF120.tmp' to '../../../../../../Users/AlisaDI/Documents/MephiTasks/UnrealProject/Content/Resources/Meshes/3D-Printer_A.uasset'
[2025.05.24-15.15.54:558][863]LogSavePackage: Moving '../../../../../../Users/AlisaDI/Documents/MephiTasks/UnrealProject/Saved/3D-Printer_A_Anim47C454704BDF4673580392A55ED6E8D4.tmp' to '../../../../../../Users/AlisaDI/Documents/MephiTasks/UnrealProject/Content/Resources/Meshes/3D-Printer_A_Anim.uasset'
[2025.05.24-15.15.54:561][863]LogSavePackage: Moving '../../../../../../Users/AlisaDI/Documents/MephiTasks/UnrealProject/Saved/3D-Printer_A_PhysicsAssetEEE5B6764D08A484E1ACCE95B5F979F6.tmp' to '../../../../../../Users/AlisaDI/Documents/MephiTasks/UnrealProject/Content/Resources/Meshes/3D-Printer_A_PhysicsAsset.uasset'
[2025.05.24-15.15.54:563][863]LogSavePackage: Moving '../../../../../../Users/AlisaDI/Documents/MephiTasks/UnrealProject/Saved/3D-Printer_A_Skeleton9350CA444F9AE468C8FD6EB845607EE2.tmp' to '../../../../../../Users/AlisaDI/Documents/MephiTasks/UnrealProject/Content/Resources/Meshes/3D-Printer_A_Skeleton.uasset'
[2025.05.24-15.15.54:795][863]LogSavePackage: Moving '../../../../../../Users/AlisaDI/Documents/MephiTasks/UnrealProject/Saved/3D-Printer_Material_BaseColorE9829D9347D9F32D47015489AFF570D2.tmp' to '../../../../../../Users/AlisaDI/Documents/MephiTasks/UnrealProject/Content/Resources/Textures/3d_Printer/3D-Printer_Material_BaseColor.uasset'
[2025.05.24-15.15.54:933][863]LogSavePackage: Moving '../../../../../../Users/AlisaDI/Documents/MephiTasks/UnrealProject/Saved/3D-Printer_Material_Normal35FD41BB45A26B955509F0BFC70F17C4.tmp' to '../../../../../../Users/AlisaDI/Documents/MephiTasks/UnrealProject/Content/Resources/Textures/3d_Printer/3D-Printer_Material_Normal.uasset'
[2025.05.24-15.15.55:104][863]LogSavePackage: Moving '../../../../../../Users/AlisaDI/Documents/MephiTasks/UnrealProject/Saved/3D-Printer_Material_OcclusionRouE60F7662428E4462F3C9A086B74C93CA.tmp' to '../../../../../../Users/AlisaDI/Documents/MephiTasks/UnrealProject/Content/Resources/Textures/3d_Printer/3D-Printer_Material_OcclusionRoughnessMetallic.uasset'
[2025.05.24-15.15.55:125][863]LogSavePackage: Moving '../../../../../../Users/AlisaDI/Documents/MephiTasks/UnrealProject/Saved/BatteryContainer35D1F1AE4FD62E15F6804CA0103854B7.tmp' to '../../../../../../Users/AlisaDI/Documents/MephiTasks/UnrealProject/Content/Resources/Meshes/BatteryContainer.uasset'
[2025.05.24-15.15.55:126][863]Cmd: OBJ SAVEPACKAGE PACKAGE="/Game/Andrey/Menu/BP_Detalka" FILE="../../../../../../Users/AlisaDI/Documents/MephiTasks/UnrealProject/Content/Andrey/Menu/BP_Detalka.uasset" SILENT=true
[2025.05.24-15.15.55:130][863]LogSavePackage: Moving '../../../../../../Users/AlisaDI/Documents/MephiTasks/UnrealProject/Saved/BP_DetalkaE950866F43F89F43898BE2AE9953F04C.tmp' to '../../../../../../Users/AlisaDI/Documents/MephiTasks/UnrealProject/Content/Andrey/Menu/BP_Detalka.uasset'
[2025.05.24-15.15.55:131][863]Cmd: OBJ SAVEPACKAGE PACKAGE="/Game/Andrey/Menu/BP_Printer" FILE="../../../../../../Users/AlisaDI/Documents/MephiTasks/UnrealProject/Content/Andrey/Menu/BP_Printer.uasset" SILENT=true
[2025.05.24-15.15.55:135][863]LogSavePackage: Moving '../../../../../../Users/AlisaDI/Documents/MephiTasks/UnrealProject/Saved/BP_Printer058EAC0B475476CF117070B0688A306B.tmp' to '../../../../../../Users/AlisaDI/Documents/MephiTasks/UnrealProject/Content/Andrey/Menu/BP_Printer.uasset'
[2025.05.24-15.15.55:136][863]Cmd: OBJ SAVEPACKAGE PACKAGE="/Game/Andrey/Menu/BP_test_menu" FILE="../../../../../../Users/AlisaDI/Documents/MephiTasks/UnrealProject/Content/Andrey/Menu/BP_test_menu.uasset" SILENT=true
[2025.05.24-15.15.55:153][863]LogSavePackage: Moving '../../../../../../Users/AlisaDI/Documents/MephiTasks/UnrealProject/Saved/BP_test_menuDF41284347676532F173C9B057152FEA.tmp' to '../../../../../../Users/AlisaDI/Documents/MephiTasks/UnrealProject/Content/Andrey/Menu/BP_test_menu.uasset'
[2025.05.24-15.15.55:164][863]Cmd: OBJ SAVEPACKAGE PACKAGE="/Game/Resources/Meshes/Encoder" FILE="../../../../../../Users/AlisaDI/Documents/MephiTasks/UnrealProject/Content/Resources/Meshes/Encoder.uasset" SILENT=true
[2025.05.24-15.15.55:177][863]LogSavePackage: Moving '../../../../../../Users/AlisaDI/Documents/MephiTasks/UnrealProject/Saved/Encoder40FF2F5C44B2A3BCB6AA119275388017.tmp' to '../../../../../../Users/AlisaDI/Documents/MephiTasks/UnrealProject/Content/Resources/Meshes/Encoder.uasset'
[2025.05.24-15.15.55:188][863]Cmd: OBJ SAVEPACKAGE PACKAGE="/Game/Resources/Meshes/Encoder_Petals" FILE="../../../../../../Users/AlisaDI/Documents/MephiTasks/UnrealProject/Content/Resources/Meshes/Encoder_Petals.uasset" SILENT=true
[2025.05.24-15.15.55:196][863]LogSavePackage: Moving '../../../../../../Users/AlisaDI/Documents/MephiTasks/UnrealProject/Saved/Encoder_Petals4D42EFB846CCBDE39C427582AA1EBBDD.tmp' to '../../../../../../Users/AlisaDI/Documents/MephiTasks/UnrealProject/Content/Resources/Meshes/Encoder_Petals.uasset'
[2025.05.24-15.15.55:212][863]Cmd: OBJ SAVEPACKAGE PACKAGE="/Game/Resources/Meshes/ESP32" FILE="../../../../../../Users/AlisaDI/Documents/MephiTasks/UnrealProject/Content/Resources/Meshes/ESP32.uasset" SILENT=true
[2025.05.24-15.15.55:248][863]LogSavePackage: Moving '../../../../../../Users/AlisaDI/Documents/MephiTasks/UnrealProject/Saved/ESP32B123995444F263914BAC02B32C42FC9F.tmp' to '../../../../../../Users/AlisaDI/Documents/MephiTasks/UnrealProject/Content/Resources/Meshes/ESP32.uasset'
[2025.05.24-15.15.55:260][863]Cmd: OBJ SAVEPACKAGE PACKAGE="/Game/Resources/Meshes/ESP_Holder" FILE="../../../../../../Users/AlisaDI/Documents/MephiTasks/UnrealProject/Content/Resources/Meshes/ESP_Holder.uasset" SILENT=true
[2025.05.24-15.15.55:267][863]LogSavePackage: Moving '../../../../../../Users/AlisaDI/Documents/MephiTasks/UnrealProject/Saved/ESP_Holder6623DE944F430B7A9F7C8A904C1FBDE9.tmp' to '../../../../../../Users/AlisaDI/Documents/MephiTasks/UnrealProject/Content/Resources/Meshes/ESP_Holder.uasset'
[2025.05.24-15.15.55:282][863]Cmd: OBJ SAVEPACKAGE PACKAGE="/Game/Resources/Meshes/HC-SR04" FILE="../../../../../../Users/AlisaDI/Documents/MephiTasks/UnrealProject/Content/Resources/Meshes/HC-SR04.uasset" SILENT=true
[2025.05.24-15.15.55:321][863]LogSavePackage: Moving '../../../../../../Users/AlisaDI/Documents/MephiTasks/UnrealProject/Saved/HC-SR043104163247A107232CDA069BD3C94D80.tmp' to '../../../../../../Users/AlisaDI/Documents/MephiTasks/UnrealProject/Content/Resources/Meshes/HC-SR04.uasset'
[2025.05.24-15.15.55:334][863]Cmd: OBJ SAVEPACKAGE PACKAGE="/Game/Resources/Meshes/HC-SR04_Holder" FILE="../../../../../../Users/AlisaDI/Documents/MephiTasks/UnrealProject/Content/Resources/Meshes/HC-SR04_Holder.uasset" SILENT=true
[2025.05.24-15.15.55:342][863]LogSavePackage: Moving '../../../../../../Users/AlisaDI/Documents/MephiTasks/UnrealProject/Saved/HC-SR04_HolderC75262B847A0717329F3E09BA42F3B9F.tmp' to '../../../../../../Users/AlisaDI/Documents/MephiTasks/UnrealProject/Content/Resources/Meshes/HC-SR04_Holder.uasset'
[2025.05.24-15.15.55:343][863]Cmd: OBJ SAVEPACKAGE PACKAGE="/Game/Resources/Materials/M_Main" FILE="../../../../../../Users/AlisaDI/Documents/MephiTasks/UnrealProject/Content/Resources/Materials/M_Main.uasset" SILENT=true
[2025.05.24-15.15.55:345][863]LogSavePackage: Moving '../../../../../../Users/AlisaDI/Documents/MephiTasks/UnrealProject/Saved/M_MainA2E0748D4EACAAFDB06CBD9A3A4295D8.tmp' to '../../../../../../Users/AlisaDI/Documents/MephiTasks/UnrealProject/Content/Resources/Materials/M_Main.uasset'
[2025.05.24-15.15.55:361][863]Cmd: OBJ SAVEPACKAGE PACKAGE="/Game/Resources/Meshes/MetalCilinder" FILE="../../../../../../Users/AlisaDI/Documents/MephiTasks/UnrealProject/Content/Resources/Meshes/MetalCilinder.uasset" SILENT=true
[2025.05.24-15.15.55:368][863]LogSavePackage: Moving '../../../../../../Users/AlisaDI/Documents/MephiTasks/UnrealProject/Saved/MetalCilinder3F16153D404C614CF8ACE1B5B528D271.tmp' to '../../../../../../Users/AlisaDI/Documents/MephiTasks/UnrealProject/Content/Resources/Meshes/MetalCilinder.uasset'
[2025.05.24-15.15.55:385][863]LogSavePackage: Moving '../../../../../../Users/AlisaDI/Documents/MephiTasks/UnrealProject/Saved/MI_3D_Printer024F0CC74BCA68535302E1A14F35EC96.tmp' to '../../../../../../Users/AlisaDI/Documents/MephiTasks/UnrealProject/Content/Resources/Materials/MI_3D_Printer.uasset'
[2025.05.24-15.15.55:397][863]Cmd: OBJ SAVEPACKAGE PACKAGE="/Game/Resources/Meshes/Motor" FILE="../../../../../../Users/AlisaDI/Documents/MephiTasks/UnrealProject/Content/Resources/Meshes/Motor.uasset" SILENT=true
[2025.05.24-15.15.55:409][863]LogSavePackage: Moving '../../../../../../Users/AlisaDI/Documents/MephiTasks/UnrealProject/Saved/Motor35FEA6FF4C249B56DD2E8DA9D476BF7A.tmp' to '../../../../../../Users/AlisaDI/Documents/MephiTasks/UnrealProject/Content/Resources/Meshes/Motor.uasset'
[2025.05.24-15.15.55:421][863]Cmd: OBJ SAVEPACKAGE PACKAGE="/Game/Resources/Meshes/Motor_Holder" FILE="../../../../../../Users/AlisaDI/Documents/MephiTasks/UnrealProject/Content/Resources/Meshes/Motor_Holder.uasset" SILENT=true
[2025.05.24-15.15.55:430][863]LogSavePackage: Moving '../../../../../../Users/AlisaDI/Documents/MephiTasks/UnrealProject/Saved/Motor_Holder87FF332847803D80FCC2B98A39552849.tmp' to '../../../../../../Users/AlisaDI/Documents/MephiTasks/UnrealProject/Content/Resources/Meshes/Motor_Holder.uasset'
[2025.05.24-15.15.55:441][863]Cmd: OBJ SAVEPACKAGE PACKAGE="/Game/Resources/Meshes/MX1508" FILE="../../../../../../Users/AlisaDI/Documents/MephiTasks/UnrealProject/Content/Resources/Meshes/MX1508.uasset" SILENT=true
[2025.05.24-15.15.55:464][863]LogSavePackage: Moving '../../../../../../Users/AlisaDI/Documents/MephiTasks/UnrealProject/Saved/MX1508BE12607B457B811AF03A5BB2C3221A4D.tmp' to '../../../../../../Users/AlisaDI/Documents/MephiTasks/UnrealProject/Content/Resources/Meshes/MX1508.uasset'
[2025.05.24-15.15.55:476][863]Cmd: OBJ SAVEPACKAGE PACKAGE="/Game/Resources/Meshes/Nut" FILE="../../../../../../Users/AlisaDI/Documents/MephiTasks/UnrealProject/Content/Resources/Meshes/Nut.uasset" SILENT=true
[2025.05.24-15.15.55:484][863]LogSavePackage: Moving '../../../../../../Users/AlisaDI/Documents/MephiTasks/UnrealProject/Saved/Nut17AA466544BC985A312102A3E4735334.tmp' to '../../../../../../Users/AlisaDI/Documents/MephiTasks/UnrealProject/Content/Resources/Meshes/Nut.uasset'
[2025.05.24-15.15.55:497][863]Cmd: OBJ SAVEPACKAGE PACKAGE="/Game/Resources/Meshes/Platform" FILE="../../../../../../Users/AlisaDI/Documents/MephiTasks/UnrealProject/Content/Resources/Meshes/Platform.uasset" SILENT=true
[2025.05.24-15.15.55:508][863]LogSavePackage: Moving '../../../../../../Users/AlisaDI/Documents/MephiTasks/UnrealProject/Saved/PlatformC07BF65846C13BBB60FBE79E3E221EB4.tmp' to '../../../../../../Users/AlisaDI/Documents/MephiTasks/UnrealProject/Content/Resources/Meshes/Platform.uasset'
[2025.05.24-15.15.55:518][863]Cmd: OBJ SAVEPACKAGE PACKAGE="/Game/Resources/Meshes/Screw" FILE="../../../../../../Users/AlisaDI/Documents/MephiTasks/UnrealProject/Content/Resources/Meshes/Screw.uasset" SILENT=true
[2025.05.24-15.15.55:525][863]LogSavePackage: Moving '../../../../../../Users/AlisaDI/Documents/MephiTasks/UnrealProject/Saved/ScrewC09DD6514250FC35F59F2694C50BC0E7.tmp' to '../../../../../../Users/AlisaDI/Documents/MephiTasks/UnrealProject/Content/Resources/Meshes/Screw.uasset'
[2025.05.24-15.15.55:575][863]LogUObjectHash: Compacting FUObjectHashTables data took   1.91ms
[2025.05.24-15.15.55:588][863]LogSavePackage: Moving '../../../../../../Users/AlisaDI/Documents/MephiTasks/UnrealProject/Saved/VRTemplateMapFD59EEA8425896B007BE3EAA407719A3.tmp' to '../../../../../../Users/AlisaDI/Documents/MephiTasks/UnrealProject/Content/VRTemplate/Maps/VRTemplateMap.umap'
[2025.05.24-15.15.55:607][863]LogFileHelpers: Saving map 'VRTemplateMap' took 0.082
[2025.05.24-15.15.55:684][863]LogSavePackage: Moving '../../../../../../Users/AlisaDI/Documents/MephiTasks/UnrealProject/Saved/VRTemplateMap_BuiltDataE4AD5B9E488C8B2C450ED9BE579E3173.tmp' to '../../../../../../Users/AlisaDI/Documents/MephiTasks/UnrealProject/Content/VRTemplate/Maps/VRTemplateMap_BuiltData.uasset'
[2025.05.24-15.15.55:762][863]LogSavePackage: Moving '../../../../../../Users/AlisaDI/Documents/MephiTasks/UnrealProject/Saved/VRTemplateMap_BuiltData2C4F4C854910BE8AA10A02989507575B.tmp' to '../../../../../../Users/AlisaDI/Documents/MephiTasks/UnrealProject/Content/VRTemplate/Maps/VRTemplateMap_BuiltData.uasset'
[2025.05.24-15.15.55:775][863]Cmd: OBJ SAVEPACKAGE PACKAGE="/Game/Resources/Meshes/Wheel" FILE="../../../../../../Users/AlisaDI/Documents/MephiTasks/UnrealProject/Content/Resources/Meshes/Wheel.uasset" SILENT=true
[2025.05.24-15.15.55:806][863]LogSavePackage: Moving '../../../../../../Users/AlisaDI/Documents/MephiTasks/UnrealProject/Saved/Wheel99469EA246A5D5C174FD5F87E93A75B5.tmp' to '../../../../../../Users/AlisaDI/Documents/MephiTasks/UnrealProject/Content/Resources/Meshes/Wheel.uasset'
[2025.05.24-15.15.55:817][863]Cmd: OBJ SAVEPACKAGE PACKAGE="/Game/Resources/Meshes/WheelSupport" FILE="../../../../../../Users/AlisaDI/Documents/MephiTasks/UnrealProject/Content/Resources/Meshes/WheelSupport.uasset" SILENT=true
[2025.05.24-15.15.55:833][863]LogSavePackage: Moving '../../../../../../Users/AlisaDI/Documents/MephiTasks/UnrealProject/Saved/WheelSupport7C9D862846B17D3D11892084DD5CF850.tmp' to '../../../../../../Users/AlisaDI/Documents/MephiTasks/UnrealProject/Content/Resources/Meshes/WheelSupport.uasset'
[2025.05.24-15.15.56:013][863]LogSavePackage: Moving '../../../../../../Users/AlisaDI/Documents/MephiTasks/UnrealProject/Saved/Workbench_DefaultMaterial_BaseCoE5D801294F71683A88747BA30693C15A.tmp' to '../../../../../../Users/AlisaDI/Documents/MephiTasks/UnrealProject/Content/Resources/Textures/Workbench/Workbench_DefaultMaterial_BaseColor.uasset'
[2025.05.24-15.15.56:215][863]LogSavePackage: Moving '../../../../../../Users/AlisaDI/Documents/MephiTasks/UnrealProject/Saved/Workbench_DefaultMaterial_NormalE6F7CC32439F60838E4174BC756EF913.tmp' to '../../../../../../Users/AlisaDI/Documents/MephiTasks/UnrealProject/Content/Resources/Textures/Workbench/Workbench_DefaultMaterial_Normal.uasset'
[2025.05.24-15.15.56:245][863]AssetCheck: New page: Asset Save: multiple assets
[2025.05.24-15.15.56:245][863]LogContentValidation: Display: Validating MapBuildDataRegistry /Game/VRTemplate/Maps/VRTemplateMap_BuiltData.VRTemplateMap_BuiltData
[2025.05.24-15.15.56:245][863]LogContentValidation: Display: Validating World /Game/VRTemplate/Maps/VRTemplateMap.VRTemplateMap
[2025.05.24-15.15.56:245][863]LogContentValidation: Display: Validating Blueprint /Game/Andrey/Menu/BP_Detalka.BP_Detalka
[2025.05.24-15.15.56:245][863]LogContentValidation: Display: Validating Blueprint /Game/Andrey/Menu/BP_test_menu.BP_test_menu
[2025.05.24-15.15.56:245][863]LogContentValidation: Display: Validating Blueprint /Game/Andrey/Menu/BP_Printer.BP_Printer
[2025.05.24-15.15.56:245][863]LogContentValidation: Display: Validating StaticMesh /Game/Resources/Meshes/HC-SR04.HC-SR04
[2025.05.24-15.15.56:245][863]LogContentValidation: Display: Validating StaticMesh /Game/Resources/Meshes/ESP32.ESP32
[2025.05.24-15.15.56:245][863]LogContentValidation: Display: Validating StaticMesh /Game/Resources/Meshes/ESP_Holder.ESP_Holder
[2025.05.24-15.15.56:245][863]LogContentValidation: Display: Validating StaticMesh /Game/Resources/Meshes/Encoder_Petals.Encoder_Petals
[2025.05.24-15.15.56:245][863]LogContentValidation: Display: Validating StaticMesh /Game/Resources/Meshes/Encoder.Encoder
[2025.05.24-15.15.56:245][863]LogContentValidation: Display: Validating StaticMesh /Game/Resources/Meshes/BatteryContainer.BatteryContainer
[2025.05.24-15.15.56:245][863]LogContentValidation: Display: Validating StaticMesh /Game/Resources/Meshes/MX1508.MX1508
[2025.05.24-15.15.56:245][863]LogContentValidation: Display: Validating StaticMesh /Game/Resources/Meshes/Motor_Holder.Motor_Holder
[2025.05.24-15.15.56:245][863]LogContentValidation: Display: Validating StaticMesh /Game/Resources/Meshes/Motor.Motor
[2025.05.24-15.15.56:245][863]LogContentValidation: Display: Validating StaticMesh /Game/Resources/Meshes/MetalCilinder.MetalCilinder
[2025.05.24-15.15.56:245][863]LogContentValidation: Display: Validating MaterialInstanceConstant /Game/Resources/Materials/MI_3D_Printer.MI_3D_Printer
[2025.05.24-15.15.56:245][863]LogContentValidation: Display: Validating AnimSequence /Game/Resources/Meshes/3D-Printer_A_Anim.3D-Printer_A_Anim
[2025.05.24-15.15.56:245][863]LogContentValidation: Display: Validating PhysicsAsset /Game/Resources/Meshes/3D-Printer_A_PhysicsAsset.3D-Printer_A_PhysicsAsset
[2025.05.24-15.15.56:245][863]LogContentValidation: Display: Validating Skeleton /Game/Resources/Meshes/3D-Printer_A_Skeleton.3D-Printer_A_Skeleton
[2025.05.24-15.15.56:245][863]LogContentValidation: Display: Validating SkeletalMesh /Game/Resources/Meshes/3D-Printer_A.3D-Printer_A
[2025.05.24-15.15.56:245][863]LogContentValidation: Display: Validating StaticMesh /Game/Resources/Meshes/Screw.Screw
[2025.05.24-15.15.56:245][863]LogContentValidation: Display: Validating StaticMesh /Game/Resources/Meshes/Platform.Platform
[2025.05.24-15.15.56:245][863]LogContentValidation: Display: Validating StaticMesh /Game/Resources/Meshes/Nut.Nut
[2025.05.24-15.15.56:245][863]LogContentValidation: Display: Validating StaticMesh /Game/Resources/Meshes/WheelSupport.WheelSupport
[2025.05.24-15.15.56:245][863]LogContentValidation: Display: Validating StaticMesh /Game/Resources/Meshes/Wheel.Wheel
[2025.05.24-15.15.56:245][863]LogContentValidation: Display: Validating Texture2D /Game/Resources/Textures/Workbench/Workbench_DefaultMaterial_Normal.Workbench_DefaultMaterial_Normal
[2025.05.24-15.15.56:245][863]LogContentValidation: Display: Validating Texture2D /Game/Resources/Textures/Workbench/Workbench_DefaultMaterial_BaseColor.Workbench_DefaultMaterial_BaseColor
[2025.05.24-15.15.56:245][863]LogContentValidation: Display: Validating Material /Game/Resources/Materials/M_Main.M_Main
[2025.05.24-15.15.56:245][863]LogContentValidation: Display: Validating Texture2D /Game/Resources/Textures/3d_Printer/3D-Printer_Material_OcclusionRoughnessMetallic.3D-Printer_Material_OcclusionRoughnessMetallic
[2025.05.24-15.15.56:245][863]LogContentValidation: Display: Validating Texture2D /Game/Resources/Textures/3d_Printer/3D-Printer_Material_Normal.3D-Printer_Material_Normal
[2025.05.24-15.15.56:245][863]LogContentValidation: Display: Validating Texture2D /Game/Resources/Textures/3d_Printer/3D-Printer_Material_BaseColor.3D-Printer_Material_BaseColor
[2025.05.24-15.15.56:245][863]LogContentValidation: Display: Validating StaticMesh /Game/Resources/Meshes/HC-SR04_Holder.HC-SR04_Holder
[2025.05.24-15.15.59:098][ 28]LogContentBrowser: Deferred new asset file creation: M_Main_Inst
[2025.05.24-15.15.59:127][ 28]LogContentBrowser: Creating deferred item: M_Main_Inst
[2025.05.24-15.16.06:465][469]LogContentBrowser: Attempting asset rename: M_Main_Inst -> M_5Materials
[2025.05.24-15.16.06:466][469]LogContentBrowser: End creating deferred item M_Main_Inst
[2025.05.24-15.16.13:162][867]LogContentBrowser: Attempting asset rename: M_5Materials -> MI_5Materials
[2025.05.24-15.16.13:217][867]LogSavePackage: Moving '../../../../../../Users/AlisaDI/Documents/MephiTasks/UnrealProject/Saved/MI_5Materials6E3068C74AA294BA45111E8529388D28.tmp' to '../../../../../../Users/AlisaDI/Documents/MephiTasks/UnrealProject/Content/Resources/Materials/MI_5Materials.uasset'
[2025.05.24-15.16.13:559][867]LogUObjectHash: Compacting FUObjectHashTables data took   4.94ms
[2025.05.24-15.16.13:625][867]LogUObjectHash: Compacting FUObjectHashTables data took   2.23ms
[2025.05.24-15.16.13:674][867]LogUObjectHash: Compacting FUObjectHashTables data took   1.03ms
[2025.05.24-15.16.13:757][867]AssetCheck: New page: Asset Save: MI_5Materials
[2025.05.24-15.16.13:757][867]LogContentValidation: Display: Validating MaterialInstanceConstant /Game/Resources/Materials/MI_5Materials.MI_5Materials
[2025.05.24-15.16.24:841][515]LogContentBrowser: Deferred new asset file creation: M_Main_Inst
[2025.05.24-15.16.24:866][515]LogContentBrowser: Creating deferred item: M_Main_Inst
[2025.05.24-15.16.31:504][914]LogContentBrowser: Attempting asset rename: M_Main_Inst -> MI_MetalMaterial
[2025.05.24-15.16.31:505][914]LogContentBrowser: End creating deferred item M_Main_Inst
[2025.05.24-15.16.34:588][ 97]LogContentBrowser: Deferred new asset file creation: M_Main_Inst
[2025.05.24-15.16.34:617][ 97]LogContentBrowser: Creating deferred item: M_Main_Inst
[2025.05.24-15.16.39:872][413]LogContentBrowser: Attempting asset rename: M_Main_Inst -> MI_PlasticMaterial
[2025.05.24-15.16.39:873][413]LogContentBrowser: End creating deferred item M_Main_Inst
[2025.05.24-15.16.42:892][593]LogAssetEditorSubsystem: Opening Asset editor for MaterialInstanceConstant /Game/Resources/Materials/MI_5Materials.MI_5Materials
[2025.05.24-15.16.44:794][696]LogAssetEditorSubsystem: Opening Asset editor for MaterialInstanceConstant /Game/Resources/Materials/MI_MetalMaterial.MI_MetalMaterial
[2025.05.24-15.16.46:425][783]LogAssetEditorSubsystem: Opening Asset editor for MaterialInstanceConstant /Game/Resources/Materials/MI_PlasticMaterial.MI_PlasticMaterial
[2025.05.24-15.16.50:774][ 29]LogContentBrowser: Deferred new asset folder creation: NewFolder
[2025.05.24-15.16.50:798][ 29]LogContentBrowser: Creating deferred item: NewFolder
[2025.05.24-15.16.54:870][274]LogContentBrowser: Attempting asset rename: NewFolder -> 5Materials
[2025.05.24-15.16.54:870][274]LogContentBrowser: End creating deferred item NewFolder
[2025.05.24-15.16.58:445][484]LogContentBrowser: Deferred new asset folder creation: NewFolder
[2025.05.24-15.16.58:472][484]LogContentBrowser: Creating deferred item: NewFolder
[2025.05.24-15.17.03:777][803]LogContentBrowser: Attempting asset rename: NewFolder -> MetalMaterial
[2025.05.24-15.17.03:789][803]LogContentBrowser: End creating deferred item NewFolder
[2025.05.24-15.17.14:107][418]LogContentBrowser: Deferred new asset folder creation: NewFolder
[2025.05.24-15.17.14:137][418]LogContentBrowser: Creating deferred item: NewFolder
[2025.05.24-15.17.19:147][719]LogContentBrowser: Attempting asset rename: NewFolder -> PlasticMaterial
[2025.05.24-15.17.19:148][719]LogContentBrowser: End creating deferred item NewFolder
[2025.05.24-15.17.47:828][553]LogFactory: FactoryCreateFile: Texture with ReimportTextureFactory (0 0 ../../../../../../Users/AlisaDI/Desktop/FBX/Electronics/TextureSet/5Materials/5Material_low_5Materials_BaseColor.png)
[2025.05.24-15.17.47:904][553]LogTexture: Display: Building textures: 5Material_low_5Materials_BaseColor (OODLE_AutoDXT, 2048X2048)
[2025.05.24-15.17.48:073][553]LogTextureFormatOodle: Display: non-RDO encode 2048 x 2048 x 1 to format OODLE_AutoDXT (Oodle OodleTex_BC1_WithTransparency) lambda=0 effort=20 
[2025.05.24-15.17.48:073][553]LogTextureFormatOodle: Display: non-RDO encode 1024 x 1024 x 1 to format OODLE_AutoDXT (Oodle OodleTex_BC1_WithTransparency) lambda=0 effort=20 
[2025.05.24-15.17.48:086][553]LogFactory: FactoryCreateFile: Texture with ReimportTextureFactory (0 0 ../../../../../../Users/AlisaDI/Desktop/FBX/Electronics/TextureSet/5Materials/5Material_low_5Materials_Normal.png)
[2025.05.24-15.17.48:170][553]LogTexture: Display: Building textures: 5Material_low_5Materials_Normal (OODLE_BC5, 2048X2048)
[2025.05.24-15.17.48:275][553]LogTextureFormatOodle: Display: non-RDO encode 2048 x 2048 x 1 to format OODLE_BC5 (Oodle OodleTex_BC5U) lambda=0 effort=20 
[2025.05.24-15.17.48:275][553]LogTextureFormatOodle: Display: non-RDO encode 1024 x 1024 x 1 to format OODLE_BC5 (Oodle OodleTex_BC5U) lambda=0 effort=20 
[2025.05.24-15.17.48:304][553]LogFactory: FactoryCreateFile: Texture with ReimportTextureFactory (0 0 ../../../../../../Users/AlisaDI/Desktop/FBX/Electronics/TextureSet/5Materials/5Material_low_5Materials_OcclusionRoughnessMetallic.png)
[2025.05.24-15.17.48:379][553]LogTexture: Display: Building textures: 5Material_low_5Materials_OcclusionRoughnessMetallic (OODLE_AutoDXT, 2048X2048)
[2025.05.24-15.17.48:600][553]LogTextureFormatOodle: Display: non-RDO encode 1024 x 1024 x 1 to format OODLE_AutoDXT (Oodle OodleTex_BC1_WithTransparency) lambda=0 effort=20 
[2025.05.24-15.17.48:600][553]LogTextureFormatOodle: Display: non-RDO encode 2048 x 2048 x 1 to format OODLE_AutoDXT (Oodle OodleTex_BC1_WithTransparency) lambda=0 effort=20 
[2025.05.24-15.17.52:877][798]LogAssetEditorSubsystem: Opening Asset editor for Texture2D /Game/Resources/Textures/5Materials/5Material_low_5Materials_OcclusionRoughnessMetallic.5Material_low_5Materials_OcclusionRoughnessMetallic
[2025.05.24-15.17.54:991][920]LogTexture: Display: Building textures: 5Material_low_5Materials_OcclusionRoughnessMetallic (OODLE_AutoDXT, 2048X2048)
[2025.05.24-15.17.55:179][920]LogTextureFormatOodle: Display: non-RDO encode 2048 x 2048 x 1 to format OODLE_AutoDXT (Oodle OodleTex_BC1_WithTransparency) lambda=0 effort=20 
[2025.05.24-15.17.55:179][920]LogTextureFormatOodle: Display: non-RDO encode 1024 x 1024 x 1 to format OODLE_AutoDXT (Oodle OodleTex_BC1_WithTransparency) lambda=0 effort=20 
[2025.05.24-15.18.16:067][792]LogFactory: FactoryCreateFile: Texture with ReimportTextureFactory (0 0 ../../../../../../Users/AlisaDI/Desktop/FBX/Electronics/TextureSet/MetalMaterial/1Material_Metal_BaseColor.png)
[2025.05.24-15.18.16:134][792]LogTexture: Display: Building textures: 1Material_Metal_BaseColor (OODLE_AutoDXT, 2048X2048)
[2025.05.24-15.18.16:284][792]LogTextureFormatOodle: Display: non-RDO encode 1024 x 1024 x 1 to format OODLE_AutoDXT (Oodle OodleTex_BC1_WithTransparency) lambda=0 effort=20 
[2025.05.24-15.18.16:284][792]LogTextureFormatOodle: Display: non-RDO encode 2048 x 2048 x 1 to format OODLE_AutoDXT (Oodle OodleTex_BC1_WithTransparency) lambda=0 effort=20 
[2025.05.24-15.18.16:298][792]LogFactory: FactoryCreateFile: Texture with ReimportTextureFactory (0 0 ../../../../../../Users/AlisaDI/Desktop/FBX/Electronics/TextureSet/MetalMaterial/1Material_Metal_Normal.png)
[2025.05.24-15.18.16:393][792]LogTexture: Display: Building textures: 1Material_Metal_Normal (OODLE_BC5, 2048X2048)
[2025.05.24-15.18.16:495][792]LogTextureFormatOodle: Display: non-RDO encode 2048 x 2048 x 1 to format OODLE_BC5 (Oodle OodleTex_BC5U) lambda=0 effort=20 
[2025.05.24-15.18.16:495][792]LogTextureFormatOodle: Display: non-RDO encode 1024 x 1024 x 1 to format OODLE_BC5 (Oodle OodleTex_BC5U) lambda=0 effort=20 
[2025.05.24-15.18.16:520][792]LogFactory: FactoryCreateFile: Texture with ReimportTextureFactory (0 0 ../../../../../../Users/AlisaDI/Desktop/FBX/Electronics/TextureSet/MetalMaterial/1Material_Metal_OcclusionRoughnessMetallic.png)
[2025.05.24-15.18.16:609][792]LogTexture: Display: Building textures: 1Material_Metal_OcclusionRoughnessMetallic (OODLE_AutoDXT, 2048X2048)
[2025.05.24-15.18.16:975][792]LogTextureFormatOodle: Display: non-RDO encode 2048 x 2048 x 1 to format OODLE_AutoDXT (Oodle OodleTex_BC1_WithTransparency) lambda=0 effort=20 
[2025.05.24-15.18.16:976][792]LogTextureFormatOodle: Display: non-RDO encode 1024 x 1024 x 1 to format OODLE_AutoDXT (Oodle OodleTex_BC1_WithTransparency) lambda=0 effort=20 
[2025.05.24-15.18.18:375][867]LogAssetEditorSubsystem: Opening Asset editor for Texture2D /Game/Resources/Textures/MetalMaterial/1Material_Metal_OcclusionRoughnessMetallic.1Material_Metal_OcclusionRoughnessMetallic
[2025.05.24-15.18.20:525][989]LogTexture: Display: Building textures: 1Material_Metal_OcclusionRoughnessMetallic (OODLE_AutoDXT, 2048X2048)
[2025.05.24-15.18.20:843][989]LogTextureFormatOodle: Display: non-RDO encode 2048 x 2048 x 1 to format OODLE_AutoDXT (Oodle OodleTex_BC1_WithTransparency) lambda=0 effort=20 
[2025.05.24-15.18.20:843][989]LogTextureFormatOodle: Display: non-RDO encode 1024 x 1024 x 1 to format OODLE_AutoDXT (Oodle OodleTex_BC1_WithTransparency) lambda=0 effort=20 
[2025.05.24-15.18.46:544][272]LogFactory: FactoryCreateFile: Texture with ReimportTextureFactory (0 0 ../../../../../../Users/AlisaDI/Desktop/FBX/Electronics/TextureSet/PlasticMterial/PlasticMaterial_PlasticMaterial_BaseColor.png)
[2025.05.24-15.18.46:611][272]LogTexture: Display: Building textures: PlasticMaterial_PlasticMaterial_BaseColor (OODLE_AutoDXT, 2048X2048)
[2025.05.24-15.18.46:762][272]LogTextureFormatOodle: Display: non-RDO encode 2048 x 2048 x 1 to format OODLE_AutoDXT (Oodle OodleTex_BC1_WithTransparency) lambda=0 effort=20 
[2025.05.24-15.18.46:762][272]LogTextureFormatOodle: Display: non-RDO encode 1024 x 1024 x 1 to format OODLE_AutoDXT (Oodle OodleTex_BC1_WithTransparency) lambda=0 effort=20 
[2025.05.24-15.18.46:795][272]LogFactory: FactoryCreateFile: Texture with ReimportTextureFactory (0 0 ../../../../../../Users/AlisaDI/Desktop/FBX/Electronics/TextureSet/PlasticMterial/PlasticMaterial_PlasticMaterial_Normal.png)
[2025.05.24-15.18.46:895][272]LogTexture: Display: Building textures: PlasticMaterial_PlasticMaterial_Normal (OODLE_BC5, 2048X2048)
[2025.05.24-15.18.47:047][272]LogTextureFormatOodle: Display: non-RDO encode 1024 x 1024 x 1 to format OODLE_BC5 (Oodle OodleTex_BC5U) lambda=0 effort=20 
[2025.05.24-15.18.47:047][272]LogTextureFormatOodle: Display: non-RDO encode 2048 x 2048 x 1 to format OODLE_BC5 (Oodle OodleTex_BC5U) lambda=0 effort=20 
[2025.05.24-15.18.47:071][272]LogFactory: FactoryCreateFile: Texture with ReimportTextureFactory (0 0 ../../../../../../Users/AlisaDI/Desktop/FBX/Electronics/TextureSet/PlasticMterial/PlasticMaterial_PlasticMaterial_OcclusionRoughnessMetallic.png)
[2025.05.24-15.18.47:132][272]LogTexture: Display: Building textures: PlasticMaterial_PlasticMaterial_OcclusionRoughnessMetallic (OODLE_AutoDXT, 2048X2048)
[2025.05.24-15.18.47:264][272]LogTextureFormatOodle: Display: non-RDO encode 1024 x 1024 x 1 to format OODLE_AutoDXT (Oodle OodleTex_BC1_WithTransparency) lambda=0 effort=20 
[2025.05.24-15.18.47:264][272]LogTextureFormatOodle: Display: non-RDO encode 2048 x 2048 x 1 to format OODLE_AutoDXT (Oodle OodleTex_BC1_WithTransparency) lambda=0 effort=20 
[2025.05.24-15.18.48:007][309]LogAssetEditorSubsystem: Opening Asset editor for Texture2D /Game/Resources/Textures/PlasticMaterial/PlasticMaterial_PlasticMaterial_OcclusionRoughnessMetallic.PlasticMaterial_PlasticMaterial_OcclusionRoughnessMetallic
[2025.05.24-15.18.50:721][467]LogTexture: Display: Building textures: PlasticMaterial_PlasticMaterial_OcclusionRoughnessMetallic (OODLE_AutoDXT, 2048X2048)
[2025.05.24-15.18.50:813][467]LogTextureFormatOodle: Display: non-RDO encode 2048 x 2048 x 1 to format OODLE_AutoDXT (Oodle OodleTex_BC1_WithTransparency) lambda=0 effort=20 
[2025.05.24-15.18.50:813][467]LogTextureFormatOodle: Display: non-RDO encode 1024 x 1024 x 1 to format OODLE_AutoDXT (Oodle OodleTex_BC1_WithTransparency) lambda=0 effort=20 
[2025.05.24-15.19.08:706][458]LogSlate: Window 'MI_5Materials' being destroyed
[2025.05.24-15.19.24:986][342]LogSlate: Window 'MI_MetalMaterial' being destroyed
[2025.05.24-15.19.43:653][409]LogSlate: Window 'MI_PlasticMaterial' being destroyed
[2025.05.24-15.19.57:466][223]LogUObjectHash: Compacting FUObjectHashTables data took   5.43ms
[2025.05.24-15.19.58:466][223]LogSlate: Window 'Save Content' being destroyed
[2025.05.24-15.19.58:554][223]LogSavePackage: Moving '../../../../../../Users/AlisaDI/Documents/MephiTasks/UnrealProject/Saved/1Material_Metal_BaseColor1682849A4C12BA0DAA43B5BF276AC1FC.tmp' to '../../../../../../Users/AlisaDI/Documents/MephiTasks/UnrealProject/Content/Resources/Textures/MetalMaterial/1Material_Metal_BaseColor.uasset'
[2025.05.24-15.19.58:766][223]LogSavePackage: Moving '../../../../../../Users/AlisaDI/Documents/MephiTasks/UnrealProject/Saved/1Material_Metal_Normal1C3766FD4DAF248ECF9A8F8373697C16.tmp' to '../../../../../../Users/AlisaDI/Documents/MephiTasks/UnrealProject/Content/Resources/Textures/MetalMaterial/1Material_Metal_Normal.uasset'
[2025.05.24-15.19.58:949][223]LogSavePackage: Moving '../../../../../../Users/AlisaDI/Documents/MephiTasks/UnrealProject/Saved/1Material_Metal_OcclusionRoughneE89712B142A6A14F82431998921F2B5E.tmp' to '../../../../../../Users/AlisaDI/Documents/MephiTasks/UnrealProject/Content/Resources/Textures/MetalMaterial/1Material_Metal_OcclusionRoughnessMetallic.uasset'
[2025.05.24-15.19.59:070][223]LogSavePackage: Moving '../../../../../../Users/AlisaDI/Documents/MephiTasks/UnrealProject/Saved/5Material_low_5Materials_BaseCol7C9253FB43EDB78829C95AB86D50C659.tmp' to '../../../../../../Users/AlisaDI/Documents/MephiTasks/UnrealProject/Content/Resources/Textures/5Materials/5Material_low_5Materials_BaseColor.uasset'
[2025.05.24-15.19.59:194][223]LogSavePackage: Moving '../../../../../../Users/AlisaDI/Documents/MephiTasks/UnrealProject/Saved/5Material_low_5Materials_Normal4C0A74D74C86AEAE2ABF1EBF233AC94C.tmp' to '../../../../../../Users/AlisaDI/Documents/MephiTasks/UnrealProject/Content/Resources/Textures/5Materials/5Material_low_5Materials_Normal.uasset'
[2025.05.24-15.19.59:346][223]LogSavePackage: Moving '../../../../../../Users/AlisaDI/Documents/MephiTasks/UnrealProject/Saved/5Material_low_5Materials_OcclusiBB9998C0472BCCF1F0DAFA918E544E12.tmp' to '../../../../../../Users/AlisaDI/Documents/MephiTasks/UnrealProject/Content/Resources/Textures/5Materials/5Material_low_5Materials_OcclusionRoughnessMetallic.uasset'
[2025.05.24-15.19.59:406][223]LogUObjectHash: Compacting FUObjectHashTables data took   1.78ms
[2025.05.24-15.19.59:460][223]LogUObjectHash: Compacting FUObjectHashTables data took   1.11ms
[2025.05.24-15.19.59:466][223]LogSavePackage: Moving '../../../../../../Users/AlisaDI/Documents/MephiTasks/UnrealProject/Saved/MI_5Materials78B478CC4B7F3C5F0E6875B63EA19B83.tmp' to '../../../../../../Users/AlisaDI/Documents/MephiTasks/UnrealProject/Content/Resources/Materials/MI_5Materials.uasset'
[2025.05.24-15.19.59:525][223]LogUObjectHash: Compacting FUObjectHashTables data took   1.04ms
[2025.05.24-15.19.59:574][223]LogUObjectHash: Compacting FUObjectHashTables data took   1.00ms
[2025.05.24-15.19.59:581][223]LogSavePackage: Moving '../../../../../../Users/AlisaDI/Documents/MephiTasks/UnrealProject/Saved/MI_MetalMaterialDF2492D64822F1399343B48F53E15BD6.tmp' to '../../../../../../Users/AlisaDI/Documents/MephiTasks/UnrealProject/Content/Resources/Materials/MI_MetalMaterial.uasset'
[2025.05.24-15.19.59:641][223]LogUObjectHash: Compacting FUObjectHashTables data took   1.03ms
[2025.05.24-15.19.59:690][223]LogUObjectHash: Compacting FUObjectHashTables data took   1.06ms
[2025.05.24-15.19.59:698][223]LogSavePackage: Moving '../../../../../../Users/AlisaDI/Documents/MephiTasks/UnrealProject/Saved/MI_PlasticMaterialA8B2DF7646D4B6AE94D25BAD4B130338.tmp' to '../../../../../../Users/AlisaDI/Documents/MephiTasks/UnrealProject/Content/Resources/Materials/MI_PlasticMaterial.uasset'
[2025.05.24-15.19.59:767][223]LogSavePackage: Moving '../../../../../../Users/AlisaDI/Documents/MephiTasks/UnrealProject/Saved/PlasticMaterial_PlasticMaterial_824BAD354EEAFD75DDEEF3985F7413E5.tmp' to '../../../../../../Users/AlisaDI/Documents/MephiTasks/UnrealProject/Content/Resources/Textures/PlasticMaterial/PlasticMaterial_PlasticMaterial_BaseColor.uasset'
[2025.05.24-15.20.00:164][223]LogSavePackage: Moving '../../../../../../Users/AlisaDI/Documents/MephiTasks/UnrealProject/Saved/PlasticMaterial_PlasticMaterial_62D9046D476E3AD46E7057B1F13E7AF7.tmp' to '../../../../../../Users/AlisaDI/Documents/MephiTasks/UnrealProject/Content/Resources/Textures/PlasticMaterial/PlasticMaterial_PlasticMaterial_Normal.uasset'
[2025.05.24-15.20.00:223][223]LogSavePackage: Moving '../../../../../../Users/AlisaDI/Documents/MephiTasks/UnrealProject/Saved/PlasticMaterial_PlasticMaterial_A880700A477819FDE0E16E8AB55732B9.tmp' to '../../../../../../Users/AlisaDI/Documents/MephiTasks/UnrealProject/Content/Resources/Textures/PlasticMaterial/PlasticMaterial_PlasticMaterial_OcclusionRoughnessMetallic.uasset'
[2025.05.24-15.20.00:246][223]AssetCheck: New page: Asset Save: multiple assets
[2025.05.24-15.20.00:246][223]LogContentValidation: Display: Validating Texture2D /Game/Resources/Textures/5Materials/5Material_low_5Materials_Normal.5Material_low_5Materials_Normal
[2025.05.24-15.20.00:246][223]LogContentValidation: Display: Validating Texture2D /Game/Resources/Textures/5Materials/5Material_low_5Materials_BaseColor.5Material_low_5Materials_BaseColor
[2025.05.24-15.20.00:246][223]LogContentValidation: Display: Validating Texture2D /Game/Resources/Textures/MetalMaterial/1Material_Metal_OcclusionRoughnessMetallic.1Material_Metal_OcclusionRoughnessMetallic
[2025.05.24-15.20.00:246][223]LogContentValidation: Display: Validating Texture2D /Game/Resources/Textures/MetalMaterial/1Material_Metal_Normal.1Material_Metal_Normal
[2025.05.24-15.20.00:246][223]LogContentValidation: Display: Validating Texture2D /Game/Resources/Textures/MetalMaterial/1Material_Metal_BaseColor.1Material_Metal_BaseColor
[2025.05.24-15.20.00:246][223]LogContentValidation: Display: Validating Texture2D /Game/Resources/Textures/5Materials/5Material_low_5Materials_OcclusionRoughnessMetallic.5Material_low_5Materials_OcclusionRoughnessMetallic
[2025.05.24-15.20.00:246][223]LogContentValidation: Display: Validating MaterialInstanceConstant /Game/Resources/Materials/MI_PlasticMaterial.MI_PlasticMaterial
[2025.05.24-15.20.00:247][223]LogContentValidation: Display: Validating MaterialInstanceConstant /Game/Resources/Materials/MI_5Materials.MI_5Materials
[2025.05.24-15.20.00:247][223]LogContentValidation: Display: Validating MaterialInstanceConstant /Game/Resources/Materials/MI_MetalMaterial.MI_MetalMaterial
[2025.05.24-15.20.00:247][223]LogContentValidation: Display: Validating Texture2D /Game/Resources/Textures/PlasticMaterial/PlasticMaterial_PlasticMaterial_OcclusionRoughnessMetallic.PlasticMaterial_PlasticMaterial_OcclusionRoughnessMetallic
[2025.05.24-15.20.00:247][223]LogContentValidation: Display: Validating Texture2D /Game/Resources/Textures/PlasticMaterial/PlasticMaterial_PlasticMaterial_Normal.PlasticMaterial_PlasticMaterial_Normal
[2025.05.24-15.20.00:247][223]LogContentValidation: Display: Validating Texture2D /Game/Resources/Textures/PlasticMaterial/PlasticMaterial_PlasticMaterial_BaseColor.PlasticMaterial_PlasticMaterial_BaseColor
[2025.05.24-15.20.04:679][473]LogAssetEditorSubsystem: Opening Asset editor for StaticMesh /Game/Resources/Meshes/Workbench.Workbench
[2025.05.24-15.20.08:783][686]LogWorld: UWorld::CleanupWorld for World_55, bSessionEnded=true, bCleanupResources=true
[2025.05.24-15.20.08:783][686]LogSlate: InvalidateAllWidgets triggered.  All widgets were invalidated
[2025.05.24-15.20.13:477][958]LogAssetEditorSubsystem: Opening Asset editor for StaticMesh /Game/Resources/Meshes/BatteryContainer.BatteryContainer
[2025.05.24-15.20.18:524][237]LogAssetEditorSubsystem: Opening Asset editor for StaticMesh /Game/Resources/Meshes/Encoder.Encoder
[2025.05.24-15.20.20:544][335]LogAssetEditorSubsystem: Opening Asset editor for StaticMesh /Game/Resources/Meshes/Encoder_Petals.Encoder_Petals
[2025.05.24-15.20.22:449][420]LogAssetEditorSubsystem: Opening Asset editor for StaticMesh /Game/Resources/Meshes/ESP32.ESP32
[2025.05.24-15.20.24:162][496]LogAssetEditorSubsystem: Opening Asset editor for StaticMesh /Game/Resources/Meshes/ESP_Holder.ESP_Holder
[2025.05.24-15.20.26:081][580]LogAssetEditorSubsystem: Opening Asset editor for StaticMesh /Game/Resources/Meshes/HC-SR04.HC-SR04
[2025.05.24-15.20.28:796][693]LogAssetEditorSubsystem: Opening Asset editor for StaticMesh /Game/Resources/Meshes/HC-SR04_Holder.HC-SR04_Holder
[2025.05.24-15.20.31:265][784]LogAssetEditorSubsystem: Opening Asset editor for StaticMesh /Game/Resources/Meshes/MetalCilinder.MetalCilinder
[2025.05.24-15.20.33:282][845]LogAssetEditorSubsystem: Opening Asset editor for StaticMesh /Game/Resources/Meshes/Motor.Motor
[2025.05.24-15.20.35:861][923]LogAssetEditorSubsystem: Opening Asset editor for StaticMesh /Game/Resources/Meshes/Motor_Holder.Motor_Holder
[2025.05.24-15.20.37:988][977]LogAssetEditorSubsystem: Opening Asset editor for StaticMesh /Game/Resources/Meshes/MX1508.MX1508
[2025.05.24-15.20.39:802][ 16]LogAssetEditorSubsystem: Opening Asset editor for StaticMesh /Game/Resources/Meshes/Nut.Nut
[2025.05.24-15.20.42:927][ 88]LogAssetEditorSubsystem: Opening Asset editor for StaticMesh /Game/Resources/Meshes/Platform.Platform
[2025.05.24-15.20.45:394][138]LogAssetEditorSubsystem: Opening Asset editor for StaticMesh /Game/Resources/Meshes/Screw.Screw
[2025.05.24-15.20.48:506][198]LogAssetEditorSubsystem: Opening Asset editor for StaticMesh /Game/Resources/Meshes/SM_Wheel.SM_Wheel
[2025.05.24-15.20.51:444][251]LogAssetEditorSubsystem: Opening Asset editor for StaticMesh /Game/Resources/Meshes/Wheel.Wheel
[2025.05.24-15.20.53:360][282]LogAssetEditorSubsystem: Opening Asset editor for StaticMesh /Game/Resources/Meshes/WheelSupport.WheelSupport
[2025.05.24-15.21.48:769][281]LogWorld: UWorld::CleanupWorld for World_57, bSessionEnded=true, bCleanupResources=true
[2025.05.24-15.21.48:770][281]LogSlate: InvalidateAllWidgets triggered.  All widgets were invalidated
[2025.05.24-15.22.03:834][569]LogWorld: UWorld::CleanupWorld for World_59, bSessionEnded=true, bCleanupResources=true
[2025.05.24-15.22.03:834][569]LogSlate: InvalidateAllWidgets triggered.  All widgets were invalidated
[2025.05.24-15.22.23:218][957]LogWorld: UWorld::CleanupWorld for World_61, bSessionEnded=true, bCleanupResources=true
[2025.05.24-15.22.23:218][957]LogSlate: InvalidateAllWidgets triggered.  All widgets were invalidated
[2025.05.24-15.22.39:152][307]LogWorld: UWorld::CleanupWorld for World_64, bSessionEnded=true, bCleanupResources=true
[2025.05.24-15.22.39:152][307]LogSlate: InvalidateAllWidgets triggered.  All widgets were invalidated
[2025.05.24-15.23.03:433][862]LogWorld: UWorld::CleanupWorld for World_66, bSessionEnded=true, bCleanupResources=true
[2025.05.24-15.23.03:433][862]LogSlate: InvalidateAllWidgets triggered.  All widgets were invalidated
[2025.05.24-15.23.54:170][115]LogWorld: UWorld::CleanupWorld for World_63, bSessionEnded=true, bCleanupResources=true
[2025.05.24-15.23.54:170][115]LogSlate: InvalidateAllWidgets triggered.  All widgets were invalidated
[2025.05.24-15.24.03:040][353]LogWorld: UWorld::CleanupWorld for World_67, bSessionEnded=true, bCleanupResources=true
[2025.05.24-15.24.03:040][353]LogSlate: InvalidateAllWidgets triggered.  All widgets were invalidated
[2025.05.24-15.24.10:805][588]LogWorld: UWorld::CleanupWorld for World_69, bSessionEnded=true, bCleanupResources=true
[2025.05.24-15.24.10:806][588]LogSlate: InvalidateAllWidgets triggered.  All widgets were invalidated
[2025.05.24-15.25.01:306][173]LogWorld: UWorld::CleanupWorld for World_56, bSessionEnded=true, bCleanupResources=true
[2025.05.24-15.25.01:306][173]LogSlate: InvalidateAllWidgets triggered.  All widgets were invalidated
[2025.05.24-15.25.02:586][214]LogWorld: UWorld::CleanupWorld for World_58, bSessionEnded=true, bCleanupResources=true
[2025.05.24-15.25.02:586][214]LogSlate: InvalidateAllWidgets triggered.  All widgets were invalidated
[2025.05.24-15.25.04:112][270]LogWorld: UWorld::CleanupWorld for World_60, bSessionEnded=true, bCleanupResources=true
[2025.05.24-15.25.04:112][270]LogSlate: InvalidateAllWidgets triggered.  All widgets were invalidated
[2025.05.24-15.25.05:131][312]LogWorld: UWorld::CleanupWorld for World_62, bSessionEnded=true, bCleanupResources=true
[2025.05.24-15.25.05:131][312]LogSlate: InvalidateAllWidgets triggered.  All widgets were invalidated
[2025.05.24-15.25.06:377][370]LogWorld: UWorld::CleanupWorld for World_65, bSessionEnded=true, bCleanupResources=true
[2025.05.24-15.25.06:377][370]LogSlate: InvalidateAllWidgets triggered.  All widgets were invalidated
[2025.05.24-15.25.07:720][434]LogWorld: UWorld::CleanupWorld for World_68, bSessionEnded=true, bCleanupResources=true
[2025.05.24-15.25.07:720][434]LogSlate: InvalidateAllWidgets triggered.  All widgets were invalidated
[2025.05.24-15.25.08:867][492]LogWorld: UWorld::CleanupWorld for World_70, bSessionEnded=true, bCleanupResources=true
[2025.05.24-15.25.08:867][492]LogSlate: InvalidateAllWidgets triggered.  All widgets were invalidated
[2025.05.24-15.25.10:503][578]LogWorld: UWorld::CleanupWorld for World_71, bSessionEnded=true, bCleanupResources=true
[2025.05.24-15.25.10:503][578]LogSlate: InvalidateAllWidgets triggered.  All widgets were invalidated
[2025.05.24-15.25.11:913][652]LogWorld: UWorld::CleanupWorld for World_72, bSessionEnded=true, bCleanupResources=true
[2025.05.24-15.25.11:914][652]LogSlate: InvalidateAllWidgets triggered.  All widgets were invalidated
[2025.05.24-15.25.13:955][762]LogUObjectHash: Compacting FUObjectHashTables data took   4.61ms
[2025.05.24-15.25.15:433][762]LogSlate: Window 'Save Content' being destroyed
[2025.05.24-15.25.15:477][762]LogSavePackage: Moving '../../../../../../Users/AlisaDI/Documents/MephiTasks/UnrealProject/Saved/BatteryContainer9447CA0B4A2CE9C86774048B156AC6D2.tmp' to '../../../../../../Users/AlisaDI/Documents/MephiTasks/UnrealProject/Content/Resources/Meshes/BatteryContainer.uasset'
[2025.05.24-15.25.15:489][762]Cmd: OBJ SAVEPACKAGE PACKAGE="/Game/Resources/Meshes/Encoder" FILE="../../../../../../Users/AlisaDI/Documents/MephiTasks/UnrealProject/Content/Resources/Meshes/Encoder.uasset" SILENT=true
[2025.05.24-15.25.15:504][762]LogSavePackage: Moving '../../../../../../Users/AlisaDI/Documents/MephiTasks/UnrealProject/Saved/EncoderA69A6BB3457757EA468EB2B8D1FEDFDB.tmp' to '../../../../../../Users/AlisaDI/Documents/MephiTasks/UnrealProject/Content/Resources/Meshes/Encoder.uasset'
[2025.05.24-15.25.15:513][762]Cmd: OBJ SAVEPACKAGE PACKAGE="/Game/Resources/Meshes/Encoder_Petals" FILE="../../../../../../Users/AlisaDI/Documents/MephiTasks/UnrealProject/Content/Resources/Meshes/Encoder_Petals.uasset" SILENT=true
[2025.05.24-15.25.15:522][762]LogSavePackage: Moving '../../../../../../Users/AlisaDI/Documents/MephiTasks/UnrealProject/Saved/Encoder_Petals8450AB5D4958A2837B24B4A0AF1E75DE.tmp' to '../../../../../../Users/AlisaDI/Documents/MephiTasks/UnrealProject/Content/Resources/Meshes/Encoder_Petals.uasset'
[2025.05.24-15.25.15:533][762]Cmd: OBJ SAVEPACKAGE PACKAGE="/Game/Resources/Meshes/ESP32" FILE="../../../../../../Users/AlisaDI/Documents/MephiTasks/UnrealProject/Content/Resources/Meshes/ESP32.uasset" SILENT=true
[2025.05.24-15.25.15:573][762]LogSavePackage: Moving '../../../../../../Users/AlisaDI/Documents/MephiTasks/UnrealProject/Saved/ESP3250A21EAC4338CBE5B10A939DCA1D8633.tmp' to '../../../../../../Users/AlisaDI/Documents/MephiTasks/UnrealProject/Content/Resources/Meshes/ESP32.uasset'
[2025.05.24-15.25.15:582][762]Cmd: OBJ SAVEPACKAGE PACKAGE="/Game/Resources/Meshes/ESP_Holder" FILE="../../../../../../Users/AlisaDI/Documents/MephiTasks/UnrealProject/Content/Resources/Meshes/ESP_Holder.uasset" SILENT=true
[2025.05.24-15.25.15:590][762]LogSavePackage: Moving '../../../../../../Users/AlisaDI/Documents/MephiTasks/UnrealProject/Saved/ESP_Holder8D6147AD484A7153658CF5B39B434E14.tmp' to '../../../../../../Users/AlisaDI/Documents/MephiTasks/UnrealProject/Content/Resources/Meshes/ESP_Holder.uasset'
[2025.05.24-15.25.15:600][762]Cmd: OBJ SAVEPACKAGE PACKAGE="/Game/Resources/Meshes/HC-SR04" FILE="../../../../../../Users/AlisaDI/Documents/MephiTasks/UnrealProject/Content/Resources/Meshes/HC-SR04.uasset" SILENT=true
[2025.05.24-15.25.15:639][762]LogSavePackage: Moving '../../../../../../Users/AlisaDI/Documents/MephiTasks/UnrealProject/Saved/HC-SR04CA7EF4F44FF55BFFAF77099CFF017C8A.tmp' to '../../../../../../Users/AlisaDI/Documents/MephiTasks/UnrealProject/Content/Resources/Meshes/HC-SR04.uasset'
[2025.05.24-15.25.15:652][762]Cmd: OBJ SAVEPACKAGE PACKAGE="/Game/Resources/Meshes/HC-SR04_Holder" FILE="../../../../../../Users/AlisaDI/Documents/MephiTasks/UnrealProject/Content/Resources/Meshes/HC-SR04_Holder.uasset" SILENT=true
[2025.05.24-15.25.15:662][762]LogSavePackage: Moving '../../../../../../Users/AlisaDI/Documents/MephiTasks/UnrealProject/Saved/HC-SR04_Holder1E3653DE43AE58C38F59A482F7D737A0.tmp' to '../../../../../../Users/AlisaDI/Documents/MephiTasks/UnrealProject/Content/Resources/Meshes/HC-SR04_Holder.uasset'
[2025.05.24-15.25.15:676][762]Cmd: OBJ SAVEPACKAGE PACKAGE="/Game/Resources/Meshes/MetalCilinder" FILE="../../../../../../Users/AlisaDI/Documents/MephiTasks/UnrealProject/Content/Resources/Meshes/MetalCilinder.uasset" SILENT=true
[2025.05.24-15.25.15:685][762]LogSavePackage: Moving '../../../../../../Users/AlisaDI/Documents/MephiTasks/UnrealProject/Saved/MetalCilinder0761A04E4D624CE495F8A8BC8600F05E.tmp' to '../../../../../../Users/AlisaDI/Documents/MephiTasks/UnrealProject/Content/Resources/Meshes/MetalCilinder.uasset'
[2025.05.24-15.25.15:698][762]Cmd: OBJ SAVEPACKAGE PACKAGE="/Game/Resources/Meshes/Motor" FILE="../../../../../../Users/AlisaDI/Documents/MephiTasks/UnrealProject/Content/Resources/Meshes/Motor.uasset" SILENT=true
[2025.05.24-15.25.15:712][762]LogSavePackage: Moving '../../../../../../Users/AlisaDI/Documents/MephiTasks/UnrealProject/Saved/Motor65EBBAD04453ED4582E8F68D8894C0CB.tmp' to '../../../../../../Users/AlisaDI/Documents/MephiTasks/UnrealProject/Content/Resources/Meshes/Motor.uasset'
[2025.05.24-15.25.15:724][762]Cmd: OBJ SAVEPACKAGE PACKAGE="/Game/Resources/Meshes/Motor_Holder" FILE="../../../../../../Users/AlisaDI/Documents/MephiTasks/UnrealProject/Content/Resources/Meshes/Motor_Holder.uasset" SILENT=true
[2025.05.24-15.25.15:733][762]LogSavePackage: Moving '../../../../../../Users/AlisaDI/Documents/MephiTasks/UnrealProject/Saved/Motor_Holder579E1B2C428A41515827DFAF848C7E7E.tmp' to '../../../../../../Users/AlisaDI/Documents/MephiTasks/UnrealProject/Content/Resources/Meshes/Motor_Holder.uasset'
[2025.05.24-15.25.15:745][762]Cmd: OBJ SAVEPACKAGE PACKAGE="/Game/Resources/Meshes/MX1508" FILE="../../../../../../Users/AlisaDI/Documents/MephiTasks/UnrealProject/Content/Resources/Meshes/MX1508.uasset" SILENT=true
[2025.05.24-15.25.15:769][762]LogSavePackage: Moving '../../../../../../Users/AlisaDI/Documents/MephiTasks/UnrealProject/Saved/MX15084DDD76134D0AF135295D7C87D1BB9D24.tmp' to '../../../../../../Users/AlisaDI/Documents/MephiTasks/UnrealProject/Content/Resources/Meshes/MX1508.uasset'
[2025.05.24-15.25.15:782][762]Cmd: OBJ SAVEPACKAGE PACKAGE="/Game/Resources/Meshes/Nut" FILE="../../../../../../Users/AlisaDI/Documents/MephiTasks/UnrealProject/Content/Resources/Meshes/Nut.uasset" SILENT=true
[2025.05.24-15.25.15:788][762]LogSavePackage: Moving '../../../../../../Users/AlisaDI/Documents/MephiTasks/UnrealProject/Saved/NutCB1734BD4D930338A347E6860659B2EC.tmp' to '../../../../../../Users/AlisaDI/Documents/MephiTasks/UnrealProject/Content/Resources/Meshes/Nut.uasset'
[2025.05.24-15.25.15:800][762]Cmd: OBJ SAVEPACKAGE PACKAGE="/Game/Resources/Meshes/Platform" FILE="../../../../../../Users/AlisaDI/Documents/MephiTasks/UnrealProject/Content/Resources/Meshes/Platform.uasset" SILENT=true
[2025.05.24-15.25.15:811][762]LogSavePackage: Moving '../../../../../../Users/AlisaDI/Documents/MephiTasks/UnrealProject/Saved/Platform5F32C4054646A798F573A9977E8470F7.tmp' to '../../../../../../Users/AlisaDI/Documents/MephiTasks/UnrealProject/Content/Resources/Meshes/Platform.uasset'
[2025.05.24-15.25.15:823][762]Cmd: OBJ SAVEPACKAGE PACKAGE="/Game/Resources/Meshes/Screw" FILE="../../../../../../Users/AlisaDI/Documents/MephiTasks/UnrealProject/Content/Resources/Meshes/Screw.uasset" SILENT=true
[2025.05.24-15.25.15:829][762]LogSavePackage: Moving '../../../../../../Users/AlisaDI/Documents/MephiTasks/UnrealProject/Saved/ScrewDD6A063A44DB63987EB806876C06635D.tmp' to '../../../../../../Users/AlisaDI/Documents/MephiTasks/UnrealProject/Content/Resources/Meshes/Screw.uasset'
[2025.05.24-15.25.15:842][762]Cmd: OBJ SAVEPACKAGE PACKAGE="/Game/Resources/Meshes/SM_Wheel" FILE="../../../../../../Users/AlisaDI/Documents/MephiTasks/UnrealProject/Content/Resources/Meshes/SM_Wheel.uasset" SILENT=true
[2025.05.24-15.25.15:887][762]LogSavePackage: Moving '../../../../../../Users/AlisaDI/Documents/MephiTasks/UnrealProject/Saved/SM_WheelA4E90DB64F42548858EA1E842E6B26BD.tmp' to '../../../../../../Users/AlisaDI/Documents/MephiTasks/UnrealProject/Content/Resources/Meshes/SM_Wheel.uasset'
[2025.05.24-15.25.15:903][762]Cmd: OBJ SAVEPACKAGE PACKAGE="/Game/Resources/Meshes/Wheel" FILE="../../../../../../Users/AlisaDI/Documents/MephiTasks/UnrealProject/Content/Resources/Meshes/Wheel.uasset" SILENT=true
[2025.05.24-15.25.15:936][762]LogSavePackage: Moving '../../../../../../Users/AlisaDI/Documents/MephiTasks/UnrealProject/Saved/WheelCD50CBD14A83FB4B7B4ED08666E10643.tmp' to '../../../../../../Users/AlisaDI/Documents/MephiTasks/UnrealProject/Content/Resources/Meshes/Wheel.uasset'
[2025.05.24-15.25.15:950][762]Cmd: OBJ SAVEPACKAGE PACKAGE="/Game/Resources/Meshes/WheelSupport" FILE="../../../../../../Users/AlisaDI/Documents/MephiTasks/UnrealProject/Content/Resources/Meshes/WheelSupport.uasset" SILENT=true
[2025.05.24-15.25.15:965][762]LogSavePackage: Moving '../../../../../../Users/AlisaDI/Documents/MephiTasks/UnrealProject/Saved/WheelSupport57DCEE274E9DAAEBB97F4CAA61B5DCC5.tmp' to '../../../../../../Users/AlisaDI/Documents/MephiTasks/UnrealProject/Content/Resources/Meshes/WheelSupport.uasset'
[2025.05.24-15.25.15:986][762]AssetCheck: New page: Asset Save: multiple assets
[2025.05.24-15.25.15:986][762]LogContentValidation: Display: Validating StaticMesh /Game/Resources/Meshes/SM_Wheel.SM_Wheel
[2025.05.24-15.25.15:986][762]LogContentValidation: Display: Validating StaticMesh /Game/Resources/Meshes/HC-SR04.HC-SR04
[2025.05.24-15.25.15:986][762]LogContentValidation: Display: Validating StaticMesh /Game/Resources/Meshes/ESP32.ESP32
[2025.05.24-15.25.15:986][762]LogContentValidation: Display: Validating StaticMesh /Game/Resources/Meshes/ESP_Holder.ESP_Holder
[2025.05.24-15.25.15:986][762]LogContentValidation: Display: Validating StaticMesh /Game/Resources/Meshes/Encoder_Petals.Encoder_Petals
[2025.05.24-15.25.15:986][762]LogContentValidation: Display: Validating StaticMesh /Game/Resources/Meshes/Encoder.Encoder
[2025.05.24-15.25.15:986][762]LogContentValidation: Display: Validating StaticMesh /Game/Resources/Meshes/BatteryContainer.BatteryContainer
[2025.05.24-15.25.15:986][762]LogContentValidation: Display: Validating StaticMesh /Game/Resources/Meshes/MX1508.MX1508
[2025.05.24-15.25.15:986][762]LogContentValidation: Display: Validating StaticMesh /Game/Resources/Meshes/Motor_Holder.Motor_Holder
[2025.05.24-15.25.15:986][762]LogContentValidation: Display: Validating StaticMesh /Game/Resources/Meshes/Motor.Motor
[2025.05.24-15.25.15:986][762]LogContentValidation: Display: Validating StaticMesh /Game/Resources/Meshes/MetalCilinder.MetalCilinder
[2025.05.24-15.25.15:986][762]LogContentValidation: Display: Validating StaticMesh /Game/Resources/Meshes/Screw.Screw
[2025.05.24-15.25.15:986][762]LogContentValidation: Display: Validating StaticMesh /Game/Resources/Meshes/Platform.Platform
[2025.05.24-15.25.15:986][762]LogContentValidation: Display: Validating StaticMesh /Game/Resources/Meshes/Nut.Nut
[2025.05.24-15.25.15:986][762]LogContentValidation: Display: Validating StaticMesh /Game/Resources/Meshes/WheelSupport.WheelSupport
[2025.05.24-15.25.15:986][762]LogContentValidation: Display: Validating StaticMesh /Game/Resources/Meshes/Wheel.Wheel
[2025.05.24-15.25.15:986][762]LogContentValidation: Display: Validating StaticMesh /Game/Resources/Meshes/HC-SR04_Holder.HC-SR04_Holder
[2025.05.24-15.26.02:912][483]LogSlate: Window 'Create New Blueprint' being destroyed
[2025.05.24-15.26.12:270][ 40]BlueprintLog: New page: Compile BP_test_menu_2
[2025.05.24-15.26.12:369][ 40]LogUObjectHash: Compacting FUObjectHashTables data took   4.55ms
[2025.05.24-15.26.23:613][705]LogContentBrowser: Deferred new asset folder creation: NewFolder
[2025.05.24-15.26.23:634][705]LogContentBrowser: Creating deferred item: NewFolder
[2025.05.24-15.26.26:972][906]LogContentBrowser: Attempting asset rename: NewFolder -> Objects
[2025.05.24-15.26.26:973][906]LogContentBrowser: End creating deferred item NewFolder
[2025.05.24-15.26.33:901][258]LogSlate: Window 'Pick Parent Class' being destroyed
[2025.05.24-15.26.33:910][258]LogContentBrowser: Deferred new asset file creation: NewBlueprint
[2025.05.24-15.26.33:931][258]LogContentBrowser: Creating deferred item: NewBlueprint
[2025.05.24-15.27.48:622][740]LogContentBrowser: Attempting asset rename: NewBlueprint -> BP_EncoderPetals
[2025.05.24-15.27.48:628][740]LogContentBrowser: End creating deferred item NewBlueprint
[2025.05.24-15.28.00:375][441]LogContentBrowser: Deferred new asset file creation: BP_EncoderPetals1
[2025.05.24-15.28.00:405][441]LogContentBrowser: Creating deferred item: BP_EncoderPetals1
[2025.05.24-15.28.14:361][279]LogContentBrowser: Attempting asset rename: BP_EncoderPetals1 -> BP_ESPHolder
[2025.05.24-15.28.14:422][279]LogUObjectHash: Compacting FUObjectHashTables data took   6.12ms
[2025.05.24-15.28.14:446][279]LogContentBrowser: End creating deferred item BP_EncoderPetals1
[2025.05.24-15.28.26:461][994]LogContentBrowser: Deferred new asset file creation: BP_EncoderPetals1
[2025.05.24-15.28.26:486][994]LogContentBrowser: Creating deferred item: BP_EncoderPetals1
[2025.05.24-15.28.51:295][483]LogContentBrowser: Attempting asset rename: BP_EncoderPetals1 -> BP_HC-SR_Holder
[2025.05.24-15.28.51:351][483]LogUObjectHash: Compacting FUObjectHashTables data took   4.61ms
[2025.05.24-15.28.51:366][483]LogContentBrowser: End creating deferred item BP_EncoderPetals1
[2025.05.24-15.29.00:219][  8]LogContentBrowser: Attempting asset rename: BP_ESPHolder -> BP_ESP_Holder
[2025.05.24-15.29.00:242][  8]LogMetaData: Removing '/Game/Andrey/Objects/BP_ESP_Holder.SKEL_BP_ESP_Holder_C' ref from Metadata '/Game/Andrey/Objects/BP_ESPHolder.PackageMetaData'
[2025.05.24-15.29.00:242][  8]LogMetaData: Removing '/Game/Andrey/Objects/BP_ESP_Holder.BP_ESP_Holder_C' ref from Metadata '/Game/Andrey/Objects/BP_ESPHolder.PackageMetaData'
[2025.05.24-15.29.00:242][  8]LogMetaData: Removing '/Game/Andrey/Objects/BP_ESP_Holder.SKEL_BP_ESP_Holder_C:ReceiveBeginPlay' ref from Metadata '/Game/Andrey/Objects/BP_ESPHolder.PackageMetaData'
[2025.05.24-15.29.00:242][  8]LogMetaData: Removing '/Game/Andrey/Objects/BP_ESP_Holder.SKEL_BP_ESP_Holder_C:ReceiveActorBeginOverlap' ref from Metadata '/Game/Andrey/Objects/BP_ESPHolder.PackageMetaData'
[2025.05.24-15.29.00:242][  8]LogMetaData: Removing '/Game/Andrey/Objects/BP_ESP_Holder.SKEL_BP_ESP_Holder_C:ReceiveTick' ref from Metadata '/Game/Andrey/Objects/BP_ESPHolder.PackageMetaData'
[2025.05.24-15.29.00:242][  8]LogMetaData: Removing '/Game/Andrey/Objects/BP_ESP_Holder.SKEL_BP_ESP_Holder_C:UserConstructionScript' ref from Metadata '/Game/Andrey/Objects/BP_ESPHolder.PackageMetaData'
[2025.05.24-15.29.00:262][  8]Cmd: OBJ SAVEPACKAGE PACKAGE="/Game/Andrey/Objects/BP_ESP_Holder" FILE="../../../../../../Users/AlisaDI/Documents/MephiTasks/UnrealProject/Content/Andrey/Objects/BP_ESP_Holder.uasset" SILENT=true
[2025.05.24-15.29.00:266][  8]LogSavePackage: Moving '../../../../../../Users/AlisaDI/Documents/MephiTasks/UnrealProject/Saved/BP_ESP_Holder3EAEB32D4B2E8FB881D497B136EE3CC2.tmp' to '../../../../../../Users/AlisaDI/Documents/MephiTasks/UnrealProject/Content/Andrey/Objects/BP_ESP_Holder.uasset'
[2025.05.24-15.29.00:593][  8]LogUObjectHash: Compacting FUObjectHashTables data took   4.33ms
[2025.05.24-15.29.00:656][  8]LogUObjectHash: Compacting FUObjectHashTables data took   3.73ms
[2025.05.24-15.29.00:707][  8]LogUObjectHash: Compacting FUObjectHashTables data took   1.11ms
[2025.05.24-15.29.00:793][  8]AssetCheck: New page: Asset Save: BP_ESP_Holder
[2025.05.24-15.29.00:793][  8]LogContentValidation: Display: Validating Blueprint /Game/Andrey/Objects/BP_ESP_Holder.BP_ESP_Holder
[2025.05.24-15.29.10:048][559]LogContentBrowser: Deferred new asset file creation: BP_EncoderPetals1
[2025.05.24-15.29.10:075][559]LogContentBrowser: Creating deferred item: BP_EncoderPetals1
[2025.05.24-15.29.24:766][441]LogContentBrowser: Attempting asset rename: BP_EncoderPetals1 -> BP_Motor_Holder
[2025.05.24-15.29.24:818][441]LogUObjectHash: Compacting FUObjectHashTables data took   5.98ms
[2025.05.24-15.29.24:831][441]LogContentBrowser: End creating deferred item BP_EncoderPetals1
[2025.05.24-15.29.28:379][651]LogContentBrowser: Deferred new asset file creation: BP_EncoderPetals1
[2025.05.24-15.29.28:405][651]LogContentBrowser: Creating deferred item: BP_EncoderPetals1
[2025.05.24-15.30.11:980][266]LogContentBrowser: Attempting asset rename: BP_EncoderPetals1 -> BP_Platform
[2025.05.24-15.30.12:031][266]LogUObjectHash: Compacting FUObjectHashTables data took   5.02ms
[2025.05.24-15.30.12:048][266]LogContentBrowser: End creating deferred item BP_EncoderPetals1
[2025.05.24-15.30.15:497][467]LogContentBrowser: Deferred new asset file creation: BP_EncoderPetals1
[2025.05.24-15.30.15:522][467]LogContentBrowser: Creating deferred item: BP_EncoderPetals1
[2025.05.24-15.30.31:294][414]LogContentBrowser: Attempting asset rename: BP_EncoderPetals1 -> BP_Wheel
[2025.05.24-15.30.31:346][414]LogUObjectHash: Compacting FUObjectHashTables data took   4.50ms
[2025.05.24-15.30.31:358][414]LogContentBrowser: End creating deferred item BP_EncoderPetals1
[2025.05.24-15.30.47:329][368]LogContentBrowser: Deferred new asset file creation: BP_EncoderPetals1
[2025.05.24-15.30.47:356][368]LogContentBrowser: Creating deferred item: BP_EncoderPetals1
[2025.05.24-15.30.56:328][907]LogContentBrowser: Attempting asset rename: BP_EncoderPetals1 -> BP_Wheel_Support
[2025.05.24-15.30.56:382][907]LogUObjectHash: Compacting FUObjectHashTables data took   4.56ms
[2025.05.24-15.30.56:396][907]LogContentBrowser: End creating deferred item BP_EncoderPetals1
[2025.05.24-15.31.06:656][521]LogAssetEditorSubsystem: Opening Asset editor for Blueprint /Game/Andrey/Objects/BP_EncoderPetals.BP_EncoderPetals
[2025.05.24-15.31.21:323][313]LogSlate: Window 'BP_EncoderPetals' being destroyed
[2025.05.24-15.31.23:210][419]LogWorld: UWorld::CleanupWorld for World_44, bSessionEnded=true, bCleanupResources=true
[2025.05.24-15.31.23:210][419]LogSlate: InvalidateAllWidgets triggered.  All widgets were invalidated
[2025.05.24-15.31.23:223][419]LogWorld: UWorld::CleanupWorld for World_45, bSessionEnded=true, bCleanupResources=true
[2025.05.24-15.31.23:223][419]LogSlate: InvalidateAllWidgets triggered.  All widgets were invalidated
[2025.05.24-15.31.23:319][419]LogUObjectHash: Compacting FUObjectHashTables data took   4.83ms
[2025.05.24-15.31.25:207][532]LogWorld: UWorld::CleanupWorld for World_51, bSessionEnded=true, bCleanupResources=true
[2025.05.24-15.31.25:207][532]LogSlate: InvalidateAllWidgets triggered.  All widgets were invalidated
[2025.05.24-15.31.26:744][612]LogWorld: UWorld::CleanupWorld for World_52, bSessionEnded=true, bCleanupResources=true
[2025.05.24-15.31.26:745][612]LogSlate: InvalidateAllWidgets triggered.  All widgets were invalidated
[2025.05.24-15.31.27:314][644]LogWorld: UWorld::CleanupWorld for World_53, bSessionEnded=true, bCleanupResources=true
[2025.05.24-15.31.27:314][644]LogSlate: InvalidateAllWidgets triggered.  All widgets were invalidated
[2025.05.24-15.31.27:759][669]LogWorld: UWorld::CleanupWorld for World_54, bSessionEnded=true, bCleanupResources=true
[2025.05.24-15.31.27:760][669]LogSlate: InvalidateAllWidgets triggered.  All widgets were invalidated
[2025.05.24-15.31.29:521][774]BlueprintLog: New page: Compile BP_EncoderPetals
[2025.05.24-15.31.29:619][774]LogUObjectHash: Compacting FUObjectHashTables data took   4.22ms
[2025.05.24-15.31.33:833][ 24]LogAssetEditorSubsystem: Opening Asset editor for Blueprint /Game/Andrey/Objects/BP_ESP_Holder.BP_ESP_Holder
[2025.05.24-15.31.36:575][171]LogAssetEditorSubsystem: Opening Asset editor for Blueprint /Game/Andrey/Objects/BP_HC-SR_Holder.BP_HC-SR_Holder
[2025.05.24-15.31.38:511][270]LogAssetEditorSubsystem: Opening Asset editor for Blueprint /Game/Andrey/Objects/BP_Motor_Holder.BP_Motor_Holder
[2025.05.24-15.31.40:844][391]LogAssetEditorSubsystem: Opening Asset editor for Blueprint /Game/Andrey/Objects/BP_Platform.BP_Platform
[2025.05.24-15.31.42:642][481]LogAssetEditorSubsystem: Opening Asset editor for Blueprint /Game/Andrey/Objects/BP_Wheel.BP_Wheel
[2025.05.24-15.31.44:444][572]LogAssetEditorSubsystem: Opening Asset editor for Blueprint /Game/Andrey/Objects/BP_Wheel_Support.BP_Wheel_Support
[2025.05.24-15.31.55:735][220]LogWorld: UWorld::CleanupWorld for World_13, bSessionEnded=true, bCleanupResources=true
[2025.05.24-15.31.55:735][220]LogSlate: InvalidateAllWidgets triggered.  All widgets were invalidated
[2025.05.24-15.32.34:049][300]BlueprintLog: New page: Compile BP_EncoderPetals
[2025.05.24-15.32.34:201][300]LogUObjectHash: Compacting FUObjectHashTables data took   6.74ms
[2025.05.24-15.32.34:646][321]Cmd: OBJ SAVEPACKAGE PACKAGE="/Game/Andrey/Objects/BP_EncoderPetals" FILE="../../../../../../Users/AlisaDI/Documents/MephiTasks/UnrealProject/Content/Andrey/Objects/BP_EncoderPetals.uasset" SILENT=true
[2025.05.24-15.32.34:654][321]LogSavePackage: Moving '../../../../../../Users/AlisaDI/Documents/MephiTasks/UnrealProject/Saved/BP_EncoderPetalsD7D4B3FA4F8F4C9FA9EFA68074017ABA.tmp' to '../../../../../../Users/AlisaDI/Documents/MephiTasks/UnrealProject/Content/Andrey/Objects/BP_EncoderPetals.uasset'
[2025.05.24-15.32.34:676][321]AssetCheck: New page: Asset Save: BP_EncoderPetals
[2025.05.24-15.32.34:676][321]LogContentValidation: Display: Validating Blueprint /Game/Andrey/Objects/BP_EncoderPetals.BP_EncoderPetals
[2025.05.24-15.32.38:421][541]LogActorComponent: UnregisterComponent: (/Engine/Transient.EditorFloorComp) Not registered. Aborting.
[2025.05.24-15.32.38:421][541]LogWorld: UWorld::CleanupWorld for World_74, bSessionEnded=true, bCleanupResources=true
[2025.05.24-15.32.38:422][541]LogSlate: InvalidateAllWidgets triggered.  All widgets were invalidated
[2025.05.24-15.32.38:495][541]LogAssetEditorSubsystem: Opening Asset editor for Blueprint /Game/Andrey/Objects/BP_ESP_Holder.BP_ESP_Holder
[2025.05.24-15.32.50:677][216]BlueprintLog: New page: Compile BP_ESP_Holder
[2025.05.24-15.32.50:828][216]LogUObjectHash: Compacting FUObjectHashTables data took   5.61ms
[2025.05.24-15.32.51:521][250]Cmd: OBJ SAVEPACKAGE PACKAGE="/Game/Andrey/Objects/BP_ESP_Holder" FILE="../../../../../../Users/AlisaDI/Documents/MephiTasks/UnrealProject/Content/Andrey/Objects/BP_ESP_Holder.uasset" SILENT=true
[2025.05.24-15.32.51:530][250]LogSavePackage: Moving '../../../../../../Users/AlisaDI/Documents/MephiTasks/UnrealProject/Saved/BP_ESP_Holder68A6972F4C722FDC63076EAC521E7F24.tmp' to '../../../../../../Users/AlisaDI/Documents/MephiTasks/UnrealProject/Content/Andrey/Objects/BP_ESP_Holder.uasset'
[2025.05.24-15.32.51:553][250]AssetCheck: New page: Asset Save: BP_ESP_Holder
[2025.05.24-15.32.51:553][250]LogContentValidation: Display: Validating Blueprint /Game/Andrey/Objects/BP_ESP_Holder.BP_ESP_Holder
[2025.05.24-15.32.55:974][508]LogWorld: UWorld::CleanupWorld for World_75, bSessionEnded=true, bCleanupResources=true
[2025.05.24-15.32.55:974][508]LogSlate: InvalidateAllWidgets triggered.  All widgets were invalidated
[2025.05.24-15.32.56:037][508]LogAssetEditorSubsystem: Opening Asset editor for Blueprint /Game/Andrey/Objects/BP_HC-SR_Holder.BP_HC-SR_Holder
[2025.05.24-15.33.00:335][731]LogWorld: UWorld::CleanupWorld for World_73, bSessionEnded=true, bCleanupResources=true
[2025.05.24-15.33.00:335][731]LogSlate: InvalidateAllWidgets triggered.  All widgets were invalidated
[2025.05.24-15.33.01:655][800]LogActorComponent: UnregisterComponent: (/Engine/Transient.EditorFloorComp) Not registered. Aborting.
[2025.05.24-15.33.01:655][800]LogWorld: UWorld::CleanupWorld for World_81, bSessionEnded=true, bCleanupResources=true
[2025.05.24-15.33.01:656][800]LogSlate: InvalidateAllWidgets triggered.  All widgets were invalidated
[2025.05.24-15.33.10:920][318]BlueprintLog: New page: Compile BP_HC-SR_Holder
[2025.05.24-15.33.11:013][318]LogUObjectHash: Compacting FUObjectHashTables data took   4.88ms
[2025.05.24-15.33.11:483][340]Cmd: OBJ SAVEPACKAGE PACKAGE="/Game/Andrey/Objects/BP_HC-SR_Holder" FILE="../../../../../../Users/AlisaDI/Documents/MephiTasks/UnrealProject/Content/Andrey/Objects/BP_HC-SR_Holder.uasset" SILENT=true
[2025.05.24-15.33.11:491][340]LogSavePackage: Moving '../../../../../../Users/AlisaDI/Documents/MephiTasks/UnrealProject/Saved/BP_HC-SR_HolderEC1B4DE749895F758351E3814C8CD062.tmp' to '../../../../../../Users/AlisaDI/Documents/MephiTasks/UnrealProject/Content/Andrey/Objects/BP_HC-SR_Holder.uasset'
[2025.05.24-15.33.11:510][340]AssetCheck: New page: Asset Save: BP_HC-SR_Holder
[2025.05.24-15.33.11:510][340]LogContentValidation: Display: Validating Blueprint /Game/Andrey/Objects/BP_HC-SR_Holder.BP_HC-SR_Holder
[2025.05.24-15.33.12:551][401]LogActorComponent: UnregisterComponent: (/Engine/Transient.EditorFloorComp) Not registered. Aborting.
[2025.05.24-15.33.12:551][401]LogWorld: UWorld::CleanupWorld for World_83, bSessionEnded=true, bCleanupResources=true
[2025.05.24-15.33.12:551][401]LogSlate: InvalidateAllWidgets triggered.  All widgets were invalidated
[2025.05.24-15.33.13:969][480]LogActorComponent: UnregisterComponent: (/Engine/Transient.EditorFloorComp) Not registered. Aborting.
[2025.05.24-15.33.13:969][480]LogWorld: UWorld::CleanupWorld for World_76, bSessionEnded=true, bCleanupResources=true
[2025.05.24-15.33.13:969][480]LogSlate: InvalidateAllWidgets triggered.  All widgets were invalidated
[2025.05.24-15.33.14:035][480]LogAssetEditorSubsystem: Opening Asset editor for Blueprint /Game/Andrey/Objects/BP_Motor_Holder.BP_Motor_Holder
[2025.05.24-15.33.21:621][889]BlueprintLog: New page: Compile BP_Motor_Holder
[2025.05.24-15.33.21:709][889]LogUObjectHash: Compacting FUObjectHashTables data took   4.78ms
[2025.05.24-15.33.22:154][910]Cmd: OBJ SAVEPACKAGE PACKAGE="/Game/Andrey/Objects/BP_Motor_Holder" FILE="../../../../../../Users/AlisaDI/Documents/MephiTasks/UnrealProject/Content/Andrey/Objects/BP_Motor_Holder.uasset" SILENT=true
[2025.05.24-15.33.22:163][910]LogSavePackage: Moving '../../../../../../Users/AlisaDI/Documents/MephiTasks/UnrealProject/Saved/BP_Motor_Holder71DA72704F0DE40ABC6FA593F2321542.tmp' to '../../../../../../Users/AlisaDI/Documents/MephiTasks/UnrealProject/Content/Andrey/Objects/BP_Motor_Holder.uasset'
[2025.05.24-15.33.22:185][910]AssetCheck: New page: Asset Save: BP_Motor_Holder
[2025.05.24-15.33.22:185][910]LogContentValidation: Display: Validating Blueprint /Game/Andrey/Objects/BP_Motor_Holder.BP_Motor_Holder
[2025.05.24-15.33.24:223][ 26]LogWorld: UWorld::CleanupWorld for World_85, bSessionEnded=true, bCleanupResources=true
[2025.05.24-15.33.24:224][ 26]LogSlate: InvalidateAllWidgets triggered.  All widgets were invalidated
[2025.05.24-15.33.25:584][103]LogActorComponent: UnregisterComponent: (/Engine/Transient.EditorFloorComp) Not registered. Aborting.
[2025.05.24-15.33.25:584][103]LogWorld: UWorld::CleanupWorld for World_77, bSessionEnded=true, bCleanupResources=true
[2025.05.24-15.33.25:584][103]LogSlate: InvalidateAllWidgets triggered.  All widgets were invalidated
[2025.05.24-15.33.25:650][103]LogAssetEditorSubsystem: Opening Asset editor for Blueprint /Game/Andrey/Objects/BP_Platform.BP_Platform
[2025.05.24-15.33.31:887][431]LogActorFactory: Actor Factory created Platform
[2025.05.24-15.33.33:631][525]BlueprintLog: New page: Compile BP_Platform
[2025.05.24-15.33.33:714][525]LogUObjectHash: Compacting FUObjectHashTables data took   5.04ms
[2025.05.24-15.33.34:105][543]Cmd: OBJ SAVEPACKAGE PACKAGE="/Game/Andrey/Objects/BP_Platform" FILE="../../../../../../Users/AlisaDI/Documents/MephiTasks/UnrealProject/Content/Andrey/Objects/BP_Platform.uasset" SILENT=true
[2025.05.24-15.33.34:113][543]LogSavePackage: Moving '../../../../../../Users/AlisaDI/Documents/MephiTasks/UnrealProject/Saved/BP_Platform8F1CEF214BA442E1B687AB87D48D99FF.tmp' to '../../../../../../Users/AlisaDI/Documents/MephiTasks/UnrealProject/Content/Andrey/Objects/BP_Platform.uasset'
[2025.05.24-15.33.34:134][543]AssetCheck: New page: Asset Save: BP_Platform
[2025.05.24-15.33.34:135][543]LogContentValidation: Display: Validating Blueprint /Game/Andrey/Objects/BP_Platform.BP_Platform
[2025.05.24-15.33.35:369][614]LogWorld: UWorld::CleanupWorld for World_87, bSessionEnded=true, bCleanupResources=true
[2025.05.24-15.33.35:369][614]LogSlate: InvalidateAllWidgets triggered.  All widgets were invalidated
[2025.05.24-15.33.36:595][682]LogActorComponent: UnregisterComponent: (/Engine/Transient.EditorFloorComp) Not registered. Aborting.
[2025.05.24-15.33.36:595][682]LogWorld: UWorld::CleanupWorld for World_78, bSessionEnded=true, bCleanupResources=true
[2025.05.24-15.33.36:595][682]LogSlate: InvalidateAllWidgets triggered.  All widgets were invalidated
[2025.05.24-15.33.36:657][682]LogAssetEditorSubsystem: Opening Asset editor for Blueprint /Game/Andrey/Objects/BP_Wheel.BP_Wheel
[2025.05.24-15.33.41:840][961]LogWorld: UWorld::CleanupWorld for World_79, bSessionEnded=true, bCleanupResources=true
[2025.05.24-15.33.41:840][961]LogSlate: InvalidateAllWidgets triggered.  All widgets were invalidated
[2025.05.24-15.33.41:899][961]LogAssetEditorSubsystem: Opening Asset editor for Blueprint /Game/Andrey/Objects/BP_Wheel_Support.BP_Wheel_Support
[2025.05.24-15.33.46:422][197]LogActorFactory: Actor Factory created Wheel
[2025.05.24-15.33.48:896][335]BlueprintLog: New page: Compile BP_Wheel
[2025.05.24-15.33.48:978][335]LogUObjectHash: Compacting FUObjectHashTables data took   4.84ms
[2025.05.24-15.33.49:517][362]Cmd: OBJ SAVEPACKAGE PACKAGE="/Game/Andrey/Objects/BP_Wheel" FILE="../../../../../../Users/AlisaDI/Documents/MephiTasks/UnrealProject/Content/Andrey/Objects/BP_Wheel.uasset" SILENT=true
[2025.05.24-15.33.49:526][362]LogSavePackage: Moving '../../../../../../Users/AlisaDI/Documents/MephiTasks/UnrealProject/Saved/BP_Wheel02971F1344406624847A18B3D2A5A1D6.tmp' to '../../../../../../Users/AlisaDI/Documents/MephiTasks/UnrealProject/Content/Andrey/Objects/BP_Wheel.uasset'
[2025.05.24-15.33.49:548][362]AssetCheck: New page: Asset Save: BP_Wheel
[2025.05.24-15.33.49:548][362]LogContentValidation: Display: Validating Blueprint /Game/Andrey/Objects/BP_Wheel.BP_Wheel
[2025.05.24-15.33.50:744][432]LogWorld: UWorld::CleanupWorld for World_89, bSessionEnded=true, bCleanupResources=true
[2025.05.24-15.33.50:745][432]LogSlate: InvalidateAllWidgets triggered.  All widgets were invalidated
[2025.05.24-15.33.52:274][513]LogActorFactory: Actor Factory created WheelSupport
[2025.05.24-15.33.54:213][615]BlueprintLog: New page: Compile BP_Wheel_Support
[2025.05.24-15.33.54:283][615]LogUObjectHash: Compacting FUObjectHashTables data took   4.86ms
[2025.05.24-15.33.55:134][661]Cmd: OBJ SAVEPACKAGE PACKAGE="/Game/Andrey/Objects/BP_Wheel_Support" FILE="../../../../../../Users/AlisaDI/Documents/MephiTasks/UnrealProject/Content/Andrey/Objects/BP_Wheel_Support.uasset" SILENT=true
[2025.05.24-15.33.55:142][661]LogSavePackage: Moving '../../../../../../Users/AlisaDI/Documents/MephiTasks/UnrealProject/Saved/BP_Wheel_Support3671DA4C433A4697239438B1842E5B56.tmp' to '../../../../../../Users/AlisaDI/Documents/MephiTasks/UnrealProject/Content/Andrey/Objects/BP_Wheel_Support.uasset'
[2025.05.24-15.33.55:162][661]AssetCheck: New page: Asset Save: BP_Wheel_Support
[2025.05.24-15.33.55:162][661]LogContentValidation: Display: Validating Blueprint /Game/Andrey/Objects/BP_Wheel_Support.BP_Wheel_Support
[2025.05.24-15.33.55:932][706]LogSlate: Window 'BP_Wheel_Support' being destroyed
[2025.05.24-15.33.55:942][706]LogActorComponent: UnregisterComponent: (/Engine/Transient.EditorFloorComp) Not registered. Aborting.
[2025.05.24-15.33.55:942][706]LogWorld: UWorld::CleanupWorld for World_90, bSessionEnded=true, bCleanupResources=true
[2025.05.24-15.33.55:942][706]LogSlate: InvalidateAllWidgets triggered.  All widgets were invalidated
[2025.05.24-15.34.00:240][955]LogSlate: Prevented a slow task dialog from being summoned while a context menu was open
[2025.05.24-15.34.00:262][955]LogEditorClassViewer: Warning: Class /Engine/Tutorial/InWorldBlueprintEditing/TutorialAssets/IWBE_Blutility.IWBE_Blutility_C has parent /Script/Blutility.PlacedEditorUtilityBase, but this parent is not found. The Class will not be shown in ClassViewer.
[2025.05.24-15.34.46:619][721]BlueprintLog: New page: Compile BP_test_menu_2
[2025.05.24-15.34.46:708][721]LogUObjectHash: Compacting FUObjectHashTables data took   4.87ms
[2025.05.24-15.34.47:331][753]Cmd: OBJ SAVEPACKAGE PACKAGE="/Game/Andrey/Menu/BP_test_menu_2" FILE="../../../../../../Users/AlisaDI/Documents/MephiTasks/UnrealProject/Content/Andrey/Menu/BP_test_menu_2.uasset" SILENT=true
[2025.05.24-15.34.47:350][753]LogSavePackage: Moving '../../../../../../Users/AlisaDI/Documents/MephiTasks/UnrealProject/Saved/BP_test_menu_28E755290421085D23ADF49B985F3A81C.tmp' to '../../../../../../Users/AlisaDI/Documents/MephiTasks/UnrealProject/Content/Andrey/Menu/BP_test_menu_2.uasset'
[2025.05.24-15.34.47:371][753]AssetCheck: New page: Asset Save: BP_test_menu_2
[2025.05.24-15.34.47:371][753]LogContentValidation: Display: Validating Blueprint /Game/Andrey/Menu/BP_test_menu_2.BP_test_menu_2
[2025.05.24-15.34.52:748][ 71]LogUObjectHash: Compacting FUObjectHashTables data took   5.46ms
[2025.05.24-15.34.53:961][ 71]LogSlate: Window 'Save Content' being destroyed
[2025.05.24-15.34.54:029][ 71]LogUObjectHash: Compacting FUObjectHashTables data took   0.87ms
[2025.05.24-15.34.54:045][ 71]LogSavePackage: Moving '../../../../../../Users/AlisaDI/Documents/MephiTasks/UnrealProject/Saved/VRTemplateMap0BB831304ED6561CA2E2D99C1C301B1D.tmp' to '../../../../../../Users/AlisaDI/Documents/MephiTasks/UnrealProject/Content/VRTemplate/Maps/VRTemplateMap.umap'
[2025.05.24-15.34.54:063][ 71]LogFileHelpers: Saving map 'VRTemplateMap' took 0.075
[2025.05.24-15.34.54:081][ 71]AssetCheck: New page: Asset Save: VRTemplateMap
[2025.05.24-15.34.54:081][ 71]LogContentValidation: Display: Validating World /Game/VRTemplate/Maps/VRTemplateMap.VRTemplateMap
[2025.05.24-15.34.58:622][340]LogEditorViewport: Clicking on Actor (LMB): BP_menu_C (BP_menu2)
[2025.05.24-15.36.53:855][233]BlueprintLog: New page: Compile WD_Menu
[2025.05.24-15.36.53:964][233]LogUObjectHash: Compacting FUObjectHashTables data took   3.59ms
[2025.05.24-15.36.54:589][257]Cmd: OBJ SAVEPACKAGE PACKAGE="/Game/Andrey/Menu/WD_Menu" FILE="../../../../../../Users/AlisaDI/Documents/MephiTasks/UnrealProject/Content/Andrey/Menu/WD_Menu.uasset" SILENT=true
[2025.05.24-15.36.54:651][257]LogSavePackage: Moving '../../../../../../Users/AlisaDI/Documents/MephiTasks/UnrealProject/Saved/WD_MenuA85B6D964B24D4C3849F8B8AE1C0EA55.tmp' to '../../../../../../Users/AlisaDI/Documents/MephiTasks/UnrealProject/Content/Andrey/Menu/WD_Menu.uasset'
[2025.05.24-15.36.54:673][257]AssetCheck: New page: Asset Save: WD_Menu
[2025.05.24-15.36.54:673][257]LogContentValidation: Display: Validating WidgetBlueprint /Game/Andrey/Menu/WD_Menu.WD_Menu
[2025.05.24-15.37.17:031][592]BlueprintLog: New page: Compile WD_Menu
[2025.05.24-15.37.17:127][592]LogUObjectHash: Compacting FUObjectHashTables data took   4.54ms
[2025.05.24-15.37.17:675][617]Cmd: OBJ SAVEPACKAGE PACKAGE="/Game/Andrey/Menu/WD_Menu" FILE="../../../../../../Users/AlisaDI/Documents/MephiTasks/UnrealProject/Content/Andrey/Menu/WD_Menu.uasset" SILENT=true
[2025.05.24-15.37.17:739][617]LogSavePackage: Moving '../../../../../../Users/AlisaDI/Documents/MephiTasks/UnrealProject/Saved/WD_Menu6C64C0904669DD736D28A98EC3BCD643.tmp' to '../../../../../../Users/AlisaDI/Documents/MephiTasks/UnrealProject/Content/Andrey/Menu/WD_Menu.uasset'
[2025.05.24-15.37.17:758][617]AssetCheck: New page: Asset Save: WD_Menu
[2025.05.24-15.37.17:758][617]LogContentValidation: Display: Validating WidgetBlueprint /Game/Andrey/Menu/WD_Menu.WD_Menu
[2025.05.24-15.37.20:083][756]LogTemp: Repeating last play command: Simulate
[2025.05.24-15.37.20:089][756]LogPlayLevel: PlayLevel: No blueprints needed recompiling
[2025.05.24-15.37.20:090][756]PIE: New page: SIE session: VRTemplateMap (24 мая 2025 г., 21:37:20)
[2025.05.24-15.37.20:140][756]LogPlayLevel: Creating play world package: /Game/VRTemplate/Maps/UEDPIE_0_VRTemplateMap
[2025.05.24-15.37.20:144][756]LogPlayLevel: PIE: StaticDuplicateObject took: (0.003990s)
[2025.05.24-15.37.20:145][756]LogAIModule: Creating AISystem for world VRTemplateMap
[2025.05.24-15.37.20:145][756]LogPlayLevel: PIE: World Init took: (0.001241s)
[2025.05.24-15.37.20:145][756]LogPlayLevel: PIE: Created PIE world by copying editor world from /Game/VRTemplate/Maps/VRTemplateMap.VRTemplateMap to /Game/VRTemplate/Maps/UEDPIE_0_VRTemplateMap.VRTemplateMap (0.005423s)
[2025.05.24-15.37.20:188][756]LogUObjectHash: Compacting FUObjectHashTables data took   4.39ms
[2025.05.24-15.37.20:190][756]LogAudio: Display: Creating Audio Device:                 Id: 62, Scope: Unique, Realtime: True
[2025.05.24-15.37.20:190][756]LogAudioMixer: Display: Audio Mixer Platform Settings:
[2025.05.24-15.37.20:190][756]LogAudioMixer: Display: 	Sample Rate:						  48000
[2025.05.24-15.37.20:190][756]LogAudioMixer: Display: 	Callback Buffer Frame Size Requested: 1024
[2025.05.24-15.37.20:190][756]LogAudioMixer: Display: 	Callback Buffer Frame Size To Use:	  1024
[2025.05.24-15.37.20:190][756]LogAudioMixer: Display: 	Number of buffers to queue:			  1
[2025.05.24-15.37.20:190][756]LogAudioMixer: Display: 	Max Channels (voices):				  0
[2025.05.24-15.37.20:190][756]LogAudioMixer: Display: 	Number of Async Source Workers:		  4
[2025.05.24-15.37.20:190][756]LogAudio: Display: AudioDevice MaxSources: 32
[2025.05.24-15.37.20:191][756]LogAudio: Display: Audio Spatialization Plugin: Resonance Audio is external send: 1
[2025.05.24-15.37.20:191][756]LogAudio: Display: Audio Reverb Plugin: Resonance Audio
[2025.05.24-15.37.20:191][756]LogAudio: Display: Audio Occlusion Plugin: None (built-in).
[2025.05.24-15.37.20:191][756]LogAudioMixer: Display: Initializing audio mixer.
[2025.05.24-15.37.20:196][756]LogAudioMixer: Display: 0: FrontLeft
[2025.05.24-15.37.20:196][756]LogAudioMixer: Display: 1: FrontRight
[2025.05.24-15.37.20:239][756]LogAudioMixer: Display: Using Audio Device Динамики (Realtek(R) Audio)
[2025.05.24-15.37.20:239][756]LogAudioMixer: Display: Initializing Sound Submixes...
[2025.05.24-15.37.20:239][756]LogAudioMixer: Display: Creating Master Submix 'MasterSubmixDefault'
[2025.05.24-15.37.20:239][756]LogAudioMixer: Display: Creating Master Submix 'MasterReverbSubmixDefault'
[2025.05.24-15.37.20:240][756]LogAudioMixer: Display: Creating Master Submix 'MasterEQSubmixDefault'
[2025.05.24-15.37.20:240][756]LogAudioMixer: FMixerPlatformXAudio2::StartAudioStream() called
[2025.05.24-15.37.20:240][756]LogAudioMixer: Display: Output buffers initialized: Frames=1024, Channels=2, Samples=2048
[2025.05.24-15.37.20:241][756]LogAudioMixer: Display: Starting AudioMixerPlatformInterface::RunInternal()
[2025.05.24-15.37.20:241][756]LogAudioMixer: Display: FMixerPlatformXAudio2::SubmitBuffer() called for the first time
[2025.05.24-15.37.20:241][756]LogInit: FAudioDevice initialized.
[2025.05.24-15.37.20:241][756]LogAudio: Display: Audio Device (ID: 62) registered with world 'VRTemplateMap'.
[2025.05.24-15.37.20:248][756]LogLoad: Game class is 'VRGameMode_C'
[2025.05.24-15.37.20:250][756]LogWorld: Bringing World /Game/VRTemplate/Maps/UEDPIE_0_VRTemplateMap.VRTemplateMap up for play (max tick rate 60) at 2025.05.24-18.37.20
[2025.05.24-15.37.20:250][756]LogWorld: Bringing up level for play took: 0.001682
[2025.05.24-15.37.20:250][756]LogOnline: OSS: Creating online subsystem instance for: :Context_136
[2025.05.24-15.37.20:252][756]LogSpawn: Warning: SpawnActor failed because no class was specified
[2025.05.24-15.37.20:254][756]PIE: Server logged in
[2025.05.24-15.37.20:255][756]PIE: Play in editor total start time 0,166 seconds.
[2025.05.24-15.37.20:273][756]LogResonanceAudio: Display: Resonance Audio Listener is initialized
[2025.05.24-15.37.22:679][899]LogEditorViewport: Clicking on Actor (LMB): StaticMeshActor (Wall_400x300)
[2025.05.24-15.38.27:590][769]LogSlate: Updating window title bar state: overlay mode, drag disabled, window buttons hidden, title bar hidden
[2025.05.24-15.38.27:591][769]LogWorld: BeginTearingDown for /Game/VRTemplate/Maps/UEDPIE_0_VRTemplateMap
[2025.05.24-15.38.27:591][769]LogWorld: UWorld::CleanupWorld for VRTemplateMap, bSessionEnded=true, bCleanupResources=true
[2025.05.24-15.38.27:592][769]LogSlate: InvalidateAllWidgets triggered.  All widgets were invalidated
[2025.05.24-15.38.27:611][769]LogPlayLevel: Display: Shutting down PIE online subsystems
[2025.05.24-15.38.27:631][769]LogSlate: InvalidateAllWidgets triggered.  All widgets were invalidated
[2025.05.24-15.38.27:668][769]LogAudio: Display: Audio Device unregistered from world 'None'.
[2025.05.24-15.38.27:668][769]LogResonanceAudio: Display: Resonance Audio Listener is shutdown
[2025.05.24-15.38.27:668][769]LogAudioMixer: FMixerPlatformXAudio2::StopAudioStream() called
[2025.05.24-15.38.27:670][769]LogAudioMixer: FMixerPlatformXAudio2::StopAudioStream() called
[2025.05.24-15.38.27:674][769]LogSlate: Updating window title bar state: overlay mode, drag disabled, window buttons hidden, title bar hidden
[2025.05.24-15.38.27:680][769]LogUObjectHash: Compacting FUObjectHashTables data took   3.54ms
[2025.05.24-15.38.27:729][770]LogPlayLevel: Display: Destroying online subsystem :Context_136
[2025.05.24-15.39.15:564][619]BlueprintLog: New page: Compile BP_test_menu_2
[2025.05.24-15.39.15:647][619]LogUObjectHash: Compacting FUObjectHashTables data took   4.29ms
[2025.05.24-15.39.16:090][641]Cmd: OBJ SAVEPACKAGE PACKAGE="/Game/Andrey/Menu/BP_test_menu_2" FILE="../../../../../../Users/AlisaDI/Documents/MephiTasks/UnrealProject/Content/Andrey/Menu/BP_test_menu_2.uasset" SILENT=true
[2025.05.24-15.39.16:110][641]LogSavePackage: Moving '../../../../../../Users/AlisaDI/Documents/MephiTasks/UnrealProject/Saved/BP_test_menu_2F9C9FFFD4B6A2F58F6F6FDA2697B7817.tmp' to '../../../../../../Users/AlisaDI/Documents/MephiTasks/UnrealProject/Content/Andrey/Menu/BP_test_menu_2.uasset'
[2025.05.24-15.39.16:132][641]AssetCheck: New page: Asset Save: BP_test_menu_2
[2025.05.24-15.39.16:132][641]LogContentValidation: Display: Validating Blueprint /Game/Andrey/Menu/BP_test_menu_2.BP_test_menu_2
[2025.05.24-15.39.17:421][719]LogTemp: Repeating last play command: Simulate
[2025.05.24-15.39.17:426][719]LogPlayLevel: PlayLevel: No blueprints needed recompiling
[2025.05.24-15.39.17:426][719]PIE: New page: SIE session: VRTemplateMap (24 мая 2025 г., 21:39:17)
[2025.05.24-15.39.17:426][719]LogPlayLevel: Creating play world package: /Game/VRTemplate/Maps/UEDPIE_0_VRTemplateMap
[2025.05.24-15.39.17:431][719]LogPlayLevel: PIE: StaticDuplicateObject took: (0.003891s)
[2025.05.24-15.39.17:432][719]LogAIModule: Creating AISystem for world VRTemplateMap
[2025.05.24-15.39.17:433][719]LogPlayLevel: PIE: World Init took: (0.001743s)
[2025.05.24-15.39.17:433][719]LogPlayLevel: PIE: Created PIE world by copying editor world from /Game/VRTemplate/Maps/VRTemplateMap.VRTemplateMap to /Game/VRTemplate/Maps/UEDPIE_0_VRTemplateMap.VRTemplateMap (0.005811s)
[2025.05.24-15.39.17:479][719]LogUObjectHash: Compacting FUObjectHashTables data took   4.01ms
[2025.05.24-15.39.17:480][719]LogAudio: Display: Creating Audio Device:                 Id: 63, Scope: Unique, Realtime: True
[2025.05.24-15.39.17:480][719]LogAudioMixer: Display: Audio Mixer Platform Settings:
[2025.05.24-15.39.17:480][719]LogAudioMixer: Display: 	Sample Rate:						  48000
[2025.05.24-15.39.17:480][719]LogAudioMixer: Display: 	Callback Buffer Frame Size Requested: 1024
[2025.05.24-15.39.17:480][719]LogAudioMixer: Display: 	Callback Buffer Frame Size To Use:	  1024
[2025.05.24-15.39.17:480][719]LogAudioMixer: Display: 	Number of buffers to queue:			  1
[2025.05.24-15.39.17:480][719]LogAudioMixer: Display: 	Max Channels (voices):				  0
[2025.05.24-15.39.17:480][719]LogAudioMixer: Display: 	Number of Async Source Workers:		  4
[2025.05.24-15.39.17:480][719]LogAudio: Display: AudioDevice MaxSources: 32
[2025.05.24-15.39.17:481][719]LogAudio: Display: Audio Spatialization Plugin: Resonance Audio is external send: 1
[2025.05.24-15.39.17:481][719]LogAudio: Display: Audio Reverb Plugin: Resonance Audio
[2025.05.24-15.39.17:481][719]LogAudio: Display: Audio Occlusion Plugin: None (built-in).
[2025.05.24-15.39.17:481][719]LogAudioMixer: Display: Initializing audio mixer.
[2025.05.24-15.39.17:485][719]LogAudioMixer: Display: 0: FrontLeft
[2025.05.24-15.39.17:485][719]LogAudioMixer: Display: 1: FrontRight
[2025.05.24-15.39.17:529][719]LogAudioMixer: Display: Using Audio Device Динамики (Realtek(R) Audio)
[2025.05.24-15.39.17:530][719]LogAudioMixer: Display: Initializing Sound Submixes...
[2025.05.24-15.39.17:530][719]LogAudioMixer: Display: Creating Master Submix 'MasterSubmixDefault'
[2025.05.24-15.39.17:530][719]LogAudioMixer: Display: Creating Master Submix 'MasterReverbSubmixDefault'
[2025.05.24-15.39.17:530][719]LogAudioMixer: Display: Creating Master Submix 'MasterEQSubmixDefault'
[2025.05.24-15.39.17:530][719]LogAudioMixer: FMixerPlatformXAudio2::StartAudioStream() called
[2025.05.24-15.39.17:530][719]LogAudioMixer: Display: Output buffers initialized: Frames=1024, Channels=2, Samples=2048
[2025.05.24-15.39.17:531][719]LogAudioMixer: Display: Starting AudioMixerPlatformInterface::RunInternal()
[2025.05.24-15.39.17:531][719]LogAudioMixer: Display: FMixerPlatformXAudio2::SubmitBuffer() called for the first time
[2025.05.24-15.39.17:531][719]LogInit: FAudioDevice initialized.
[2025.05.24-15.39.17:531][719]LogAudio: Display: Audio Device (ID: 63) registered with world 'VRTemplateMap'.
[2025.05.24-15.39.17:543][719]LogLoad: Game class is 'VRGameMode_C'
[2025.05.24-15.39.17:544][719]LogWorld: Bringing World /Game/VRTemplate/Maps/UEDPIE_0_VRTemplateMap.VRTemplateMap up for play (max tick rate 60) at 2025.05.24-18.39.17
[2025.05.24-15.39.17:545][719]LogWorld: Bringing up level for play took: 0.001329
[2025.05.24-15.39.17:545][719]LogOnline: OSS: Creating online subsystem instance for: :Context_137
[2025.05.24-15.39.17:546][719]LogSpawn: Warning: SpawnActor failed because no class was specified
[2025.05.24-15.39.17:547][719]PIE: Server logged in
[2025.05.24-15.39.17:548][719]PIE: Play in editor total start time 0,122 seconds.
[2025.05.24-15.39.17:570][719]LogResonanceAudio: Display: Resonance Audio Listener is initialized
[2025.05.24-15.39.23:040][ 44]LogEditorViewport: Clicking on Actor (LMB): StaticMeshActor (Wall_400x300)
[2025.05.24-15.39.23:116][ 48]LogEditorViewport: Clicking on Component (LMB): StaticMeshComponent (StaticMeshComponent0)
[2025.05.24-15.39.30:761][503]LogSlate: Updating window title bar state: overlay mode, drag disabled, window buttons hidden, title bar hidden
[2025.05.24-15.39.30:761][503]LogWorld: BeginTearingDown for /Game/VRTemplate/Maps/UEDPIE_0_VRTemplateMap
[2025.05.24-15.39.30:762][503]LogWorld: UWorld::CleanupWorld for VRTemplateMap, bSessionEnded=true, bCleanupResources=true
[2025.05.24-15.39.30:762][503]LogSlate: InvalidateAllWidgets triggered.  All widgets were invalidated
[2025.05.24-15.39.30:778][503]LogPlayLevel: Display: Shutting down PIE online subsystems
[2025.05.24-15.39.30:797][503]LogSlate: InvalidateAllWidgets triggered.  All widgets were invalidated
[2025.05.24-15.39.30:839][503]LogAudio: Display: Audio Device unregistered from world 'None'.
[2025.05.24-15.39.30:839][503]LogResonanceAudio: Display: Resonance Audio Listener is shutdown
[2025.05.24-15.39.30:839][503]LogAudioMixer: FMixerPlatformXAudio2::StopAudioStream() called
[2025.05.24-15.39.30:840][503]LogAudioMixer: FMixerPlatformXAudio2::StopAudioStream() called
[2025.05.24-15.39.30:844][503]LogSlate: Updating window title bar state: overlay mode, drag disabled, window buttons hidden, title bar hidden
[2025.05.24-15.39.30:850][503]LogUObjectHash: Compacting FUObjectHashTables data took   3.73ms
[2025.05.24-15.39.30:892][504]LogPlayLevel: Display: Destroying online subsystem :Context_137
[2025.05.24-15.39.40:508][ 77]BlueprintLog: New page: Compile BP_test_menu_2
[2025.05.24-15.39.40:584][ 77]LogUObjectHash: Compacting FUObjectHashTables data took   4.11ms
[2025.05.24-15.39.40:926][ 93]Cmd: OBJ SAVEPACKAGE PACKAGE="/Game/Andrey/Menu/BP_test_menu_2" FILE="../../../../../../Users/AlisaDI/Documents/MephiTasks/UnrealProject/Content/Andrey/Menu/BP_test_menu_2.uasset" SILENT=true
[2025.05.24-15.39.40:948][ 93]LogSavePackage: Moving '../../../../../../Users/AlisaDI/Documents/MephiTasks/UnrealProject/Saved/BP_test_menu_2695FAC3E4409288D8F2DF19025CF9299.tmp' to '../../../../../../Users/AlisaDI/Documents/MephiTasks/UnrealProject/Content/Andrey/Menu/BP_test_menu_2.uasset'
[2025.05.24-15.39.40:968][ 93]AssetCheck: New page: Asset Save: BP_test_menu_2
[2025.05.24-15.39.40:968][ 93]LogContentValidation: Display: Validating Blueprint /Game/Andrey/Menu/BP_test_menu_2.BP_test_menu_2
[2025.05.24-15.39.42:116][161]LogTemp: Repeating last play command: Simulate
[2025.05.24-15.39.42:121][161]LogPlayLevel: PlayLevel: No blueprints needed recompiling
[2025.05.24-15.39.42:121][161]PIE: New page: SIE session: VRTemplateMap (24 мая 2025 г., 21:39:42)
[2025.05.24-15.39.42:121][161]LogPlayLevel: Creating play world package: /Game/VRTemplate/Maps/UEDPIE_0_VRTemplateMap
[2025.05.24-15.39.42:125][161]LogPlayLevel: PIE: StaticDuplicateObject took: (0.003945s)
[2025.05.24-15.39.42:126][161]LogAIModule: Creating AISystem for world VRTemplateMap
[2025.05.24-15.39.42:126][161]LogPlayLevel: PIE: World Init took: (0.001002s)
[2025.05.24-15.39.42:126][161]LogPlayLevel: PIE: Created PIE world by copying editor world from /Game/VRTemplate/Maps/VRTemplateMap.VRTemplateMap to /Game/VRTemplate/Maps/UEDPIE_0_VRTemplateMap.VRTemplateMap (0.005067s)
[2025.05.24-15.39.42:169][161]LogUObjectHash: Compacting FUObjectHashTables data took   4.25ms
[2025.05.24-15.39.42:171][161]LogAudio: Display: Creating Audio Device:                 Id: 64, Scope: Unique, Realtime: True
[2025.05.24-15.39.42:171][161]LogAudioMixer: Display: Audio Mixer Platform Settings:
[2025.05.24-15.39.42:171][161]LogAudioMixer: Display: 	Sample Rate:						  48000
[2025.05.24-15.39.42:171][161]LogAudioMixer: Display: 	Callback Buffer Frame Size Requested: 1024
[2025.05.24-15.39.42:171][161]LogAudioMixer: Display: 	Callback Buffer Frame Size To Use:	  1024
[2025.05.24-15.39.42:171][161]LogAudioMixer: Display: 	Number of buffers to queue:			  1
[2025.05.24-15.39.42:171][161]LogAudioMixer: Display: 	Max Channels (voices):				  0
[2025.05.24-15.39.42:171][161]LogAudioMixer: Display: 	Number of Async Source Workers:		  4
[2025.05.24-15.39.42:171][161]LogAudio: Display: AudioDevice MaxSources: 32
[2025.05.24-15.39.42:171][161]LogAudio: Display: Audio Spatialization Plugin: Resonance Audio is external send: 1
[2025.05.24-15.39.42:171][161]LogAudio: Display: Audio Reverb Plugin: Resonance Audio
[2025.05.24-15.39.42:171][161]LogAudio: Display: Audio Occlusion Plugin: None (built-in).
[2025.05.24-15.39.42:171][161]LogAudioMixer: Display: Initializing audio mixer.
[2025.05.24-15.39.42:175][161]LogAudioMixer: Display: 0: FrontLeft
[2025.05.24-15.39.42:175][161]LogAudioMixer: Display: 1: FrontRight
[2025.05.24-15.39.42:232][161]LogAudioMixer: Display: Using Audio Device Динамики (Realtek(R) Audio)
[2025.05.24-15.39.42:232][161]LogAudioMixer: Display: Initializing Sound Submixes...
[2025.05.24-15.39.42:232][161]LogAudioMixer: Display: Creating Master Submix 'MasterSubmixDefault'
[2025.05.24-15.39.42:232][161]LogAudioMixer: Display: Creating Master Submix 'MasterReverbSubmixDefault'
[2025.05.24-15.39.42:232][161]LogAudioMixer: Display: Creating Master Submix 'MasterEQSubmixDefault'
[2025.05.24-15.39.42:233][161]LogAudioMixer: FMixerPlatformXAudio2::StartAudioStream() called
[2025.05.24-15.39.42:233][161]LogAudioMixer: Display: Output buffers initialized: Frames=1024, Channels=2, Samples=2048
[2025.05.24-15.39.42:234][161]LogAudioMixer: Display: Starting AudioMixerPlatformInterface::RunInternal()
[2025.05.24-15.39.42:234][161]LogAudioMixer: Display: FMixerPlatformXAudio2::SubmitBuffer() called for the first time
[2025.05.24-15.39.42:234][161]LogInit: FAudioDevice initialized.
[2025.05.24-15.39.42:234][161]LogAudio: Display: Audio Device (ID: 64) registered with world 'VRTemplateMap'.
[2025.05.24-15.39.42:241][161]LogLoad: Game class is 'VRGameMode_C'
[2025.05.24-15.39.42:243][161]LogWorld: Bringing World /Game/VRTemplate/Maps/UEDPIE_0_VRTemplateMap.VRTemplateMap up for play (max tick rate 60) at 2025.05.24-18.39.42
[2025.05.24-15.39.42:243][161]LogWorld: Bringing up level for play took: 0.001336
[2025.05.24-15.39.42:243][161]LogOnline: OSS: Creating online subsystem instance for: :Context_138
[2025.05.24-15.39.42:245][161]LogSpawn: Warning: SpawnActor failed because no class was specified
[2025.05.24-15.39.42:246][161]PIE: Server logged in
[2025.05.24-15.39.42:247][161]PIE: Play in editor total start time 0,127 seconds.
[2025.05.24-15.39.42:268][161]LogResonanceAudio: Display: Resonance Audio Listener is initialized
[2025.05.24-15.39.48:085][504]LogEditorViewport: Clicking on Actor (LMB): StaticMeshActor (Wall_400x300)
[2025.05.24-15.39.55:821][967]LogEditorViewport: Clicking on Actor (LMB): BP_EncoderPetals_C (BP_EncoderPetals)
[2025.05.24-15.39.57:084][ 40]LogEditorViewport: Clicking on Actor (context menu): BP_EncoderPetals_C (BP_EncoderPetals)
[2025.05.24-15.39.58:902][144]LogAssetEditorSubsystem: Opening Asset editor for Blueprint /Game/Andrey/Objects/BP_EncoderPetals.BP_EncoderPetals
[2025.05.24-15.40.06:779][593]LogSlate: Updating window title bar state: overlay mode, drag disabled, window buttons hidden, title bar hidden
[2025.05.24-15.40.06:779][593]LogWorld: BeginTearingDown for /Game/VRTemplate/Maps/UEDPIE_0_VRTemplateMap
[2025.05.24-15.40.06:779][593]LogWorld: UWorld::CleanupWorld for VRTemplateMap, bSessionEnded=true, bCleanupResources=true
[2025.05.24-15.40.06:780][593]LogSlate: InvalidateAllWidgets triggered.  All widgets were invalidated
[2025.05.24-15.40.06:789][593]LogPlayLevel: Display: Shutting down PIE online subsystems
[2025.05.24-15.40.06:797][593]LogSlate: InvalidateAllWidgets triggered.  All widgets were invalidated
[2025.05.24-15.40.06:837][593]LogAudio: Display: Audio Device unregistered from world 'None'.
[2025.05.24-15.40.06:837][593]LogResonanceAudio: Display: Resonance Audio Listener is shutdown
[2025.05.24-15.40.06:837][593]LogAudioMixer: FMixerPlatformXAudio2::StopAudioStream() called
[2025.05.24-15.40.06:838][593]LogAudioMixer: FMixerPlatformXAudio2::StopAudioStream() called
[2025.05.24-15.40.06:844][593]LogSlate: Updating window title bar state: overlay mode, drag disabled, window buttons hidden, title bar hidden
[2025.05.24-15.40.06:849][593]LogUObjectHash: Compacting FUObjectHashTables data took   3.82ms
[2025.05.24-15.40.06:898][594]LogPlayLevel: Display: Destroying online subsystem :Context_138
[2025.05.24-15.40.13:927][ 14]BlueprintLog: New page: Compile BP_EncoderPetals
[2025.05.24-15.40.13:994][ 14]LogUObjectHash: Compacting FUObjectHashTables data took   3.70ms
[2025.05.24-15.40.14:365][ 32]Cmd: OBJ SAVEPACKAGE PACKAGE="/Game/Andrey/Objects/BP_EncoderPetals" FILE="../../../../../../Users/AlisaDI/Documents/MephiTasks/UnrealProject/Content/Andrey/Objects/BP_EncoderPetals.uasset" SILENT=true
[2025.05.24-15.40.14:373][ 32]LogSavePackage: Moving '../../../../../../Users/AlisaDI/Documents/MephiTasks/UnrealProject/Saved/BP_EncoderPetals1CBE082340FB6C8A9A497AB893E1B8DF.tmp' to '../../../../../../Users/AlisaDI/Documents/MephiTasks/UnrealProject/Content/Andrey/Objects/BP_EncoderPetals.uasset'
[2025.05.24-15.40.14:396][ 32]AssetCheck: New page: Asset Save: BP_EncoderPetals
[2025.05.24-15.40.14:396][ 32]LogContentValidation: Display: Validating Blueprint /Game/Andrey/Objects/BP_EncoderPetals.BP_EncoderPetals
[2025.05.24-15.40.17:754][234]LogTemp: Repeating last play command: Simulate
[2025.05.24-15.40.17:759][234]LogPlayLevel: PlayLevel: No blueprints needed recompiling
[2025.05.24-15.40.17:759][234]PIE: New page: SIE session: VRTemplateMap (24 мая 2025 г., 21:40:17)
[2025.05.24-15.40.17:759][234]LogPlayLevel: Creating play world package: /Game/VRTemplate/Maps/UEDPIE_0_VRTemplateMap
[2025.05.24-15.40.17:763][234]LogPlayLevel: PIE: StaticDuplicateObject took: (0.003579s)
[2025.05.24-15.40.17:764][234]LogAIModule: Creating AISystem for world VRTemplateMap
[2025.05.24-15.40.17:764][234]LogPlayLevel: PIE: World Init took: (0.000946s)
[2025.05.24-15.40.17:764][234]LogPlayLevel: PIE: Created PIE world by copying editor world from /Game/VRTemplate/Maps/VRTemplateMap.VRTemplateMap to /Game/VRTemplate/Maps/UEDPIE_0_VRTemplateMap.VRTemplateMap (0.004631s)
[2025.05.24-15.40.17:808][234]LogUObjectHash: Compacting FUObjectHashTables data took   4.48ms
[2025.05.24-15.40.17:809][234]LogAudio: Display: Creating Audio Device:                 Id: 65, Scope: Unique, Realtime: True
[2025.05.24-15.40.17:810][234]LogAudioMixer: Display: Audio Mixer Platform Settings:
[2025.05.24-15.40.17:810][234]LogAudioMixer: Display: 	Sample Rate:						  48000
[2025.05.24-15.40.17:810][234]LogAudioMixer: Display: 	Callback Buffer Frame Size Requested: 1024
[2025.05.24-15.40.17:810][234]LogAudioMixer: Display: 	Callback Buffer Frame Size To Use:	  1024
[2025.05.24-15.40.17:810][234]LogAudioMixer: Display: 	Number of buffers to queue:			  1
[2025.05.24-15.40.17:810][234]LogAudioMixer: Display: 	Max Channels (voices):				  0
[2025.05.24-15.40.17:810][234]LogAudioMixer: Display: 	Number of Async Source Workers:		  4
[2025.05.24-15.40.17:810][234]LogAudio: Display: AudioDevice MaxSources: 32
[2025.05.24-15.40.17:810][234]LogAudio: Display: Audio Spatialization Plugin: Resonance Audio is external send: 1
[2025.05.24-15.40.17:810][234]LogAudio: Display: Audio Reverb Plugin: Resonance Audio
[2025.05.24-15.40.17:810][234]LogAudio: Display: Audio Occlusion Plugin: None (built-in).
[2025.05.24-15.40.17:810][234]LogAudioMixer: Display: Initializing audio mixer.
[2025.05.24-15.40.17:814][234]LogAudioMixer: Display: 0: FrontLeft
[2025.05.24-15.40.17:814][234]LogAudioMixer: Display: 1: FrontRight
[2025.05.24-15.40.17:869][234]LogAudioMixer: Display: Using Audio Device Динамики (Realtek(R) Audio)
[2025.05.24-15.40.17:869][234]LogAudioMixer: Display: Initializing Sound Submixes...
[2025.05.24-15.40.17:869][234]LogAudioMixer: Display: Creating Master Submix 'MasterSubmixDefault'
[2025.05.24-15.40.17:869][234]LogAudioMixer: Display: Creating Master Submix 'MasterReverbSubmixDefault'
[2025.05.24-15.40.17:869][234]LogAudioMixer: Display: Creating Master Submix 'MasterEQSubmixDefault'
[2025.05.24-15.40.17:870][234]LogAudioMixer: FMixerPlatformXAudio2::StartAudioStream() called
[2025.05.24-15.40.17:870][234]LogAudioMixer: Display: Output buffers initialized: Frames=1024, Channels=2, Samples=2048
[2025.05.24-15.40.17:871][234]LogAudioMixer: Display: Starting AudioMixerPlatformInterface::RunInternal()
[2025.05.24-15.40.17:871][234]LogAudioMixer: Display: FMixerPlatformXAudio2::SubmitBuffer() called for the first time
[2025.05.24-15.40.17:871][234]LogInit: FAudioDevice initialized.
[2025.05.24-15.40.17:871][234]LogAudio: Display: Audio Device (ID: 65) registered with world 'VRTemplateMap'.
[2025.05.24-15.40.17:877][234]LogLoad: Game class is 'VRGameMode_C'
[2025.05.24-15.40.17:879][234]LogWorld: Bringing World /Game/VRTemplate/Maps/UEDPIE_0_VRTemplateMap.VRTemplateMap up for play (max tick rate 60) at 2025.05.24-18.40.17
[2025.05.24-15.40.17:879][234]LogWorld: Bringing up level for play took: 0.001305
[2025.05.24-15.40.17:879][234]LogOnline: OSS: Creating online subsystem instance for: :Context_140
[2025.05.24-15.40.17:881][234]LogSpawn: Warning: SpawnActor failed because no class was specified
[2025.05.24-15.40.17:882][234]PIE: Server logged in
[2025.05.24-15.40.17:883][234]PIE: Play in editor total start time 0,125 seconds.
[2025.05.24-15.40.17:893][234]LogResonanceAudio: Display: Resonance Audio Listener is initialized
[2025.05.24-15.40.20:199][371]LogEditorViewport: Clicking on Actor (LMB): StaticMeshActor (Wall_400x300)
[2025.05.24-15.40.43:961][786]LogEditorViewport: Clicking on Actor (LMB): StaticMeshActor (Wall_400x300)
[2025.05.24-15.41.12:699][497]LogEditorViewport: Clicking on Actor (LMB): BP_Motor_Holder_C (BP_Motor_Holder)
[2025.05.24-15.41.15:632][670]LogEditorViewport: Clicking on Actor (context menu): BP_Motor_Holder_C (BP_Motor_Holder)
[2025.05.24-15.41.18:008][806]LogAssetEditorSubsystem: Opening Asset editor for Blueprint /Game/Andrey/Objects/BP_Motor_Holder.BP_Motor_Holder
[2025.05.24-15.41.24:471][173]LogSlate: Updating window title bar state: overlay mode, drag disabled, window buttons hidden, title bar hidden
[2025.05.24-15.41.24:472][173]LogWorld: BeginTearingDown for /Game/VRTemplate/Maps/UEDPIE_0_VRTemplateMap
[2025.05.24-15.41.24:472][173]LogWorld: UWorld::CleanupWorld for VRTemplateMap, bSessionEnded=true, bCleanupResources=true
[2025.05.24-15.41.24:472][173]LogSlate: InvalidateAllWidgets triggered.  All widgets were invalidated
[2025.05.24-15.41.24:484][173]LogPlayLevel: Display: Shutting down PIE online subsystems
[2025.05.24-15.41.24:492][173]LogSlate: InvalidateAllWidgets triggered.  All widgets were invalidated
[2025.05.24-15.41.24:535][173]LogAudio: Display: Audio Device unregistered from world 'None'.
[2025.05.24-15.41.24:535][173]LogResonanceAudio: Display: Resonance Audio Listener is shutdown
[2025.05.24-15.41.24:535][173]LogAudioMixer: FMixerPlatformXAudio2::StopAudioStream() called
[2025.05.24-15.41.24:537][173]LogAudioMixer: FMixerPlatformXAudio2::StopAudioStream() called
[2025.05.24-15.41.24:542][173]LogSlate: Updating window title bar state: overlay mode, drag disabled, window buttons hidden, title bar hidden
[2025.05.24-15.41.24:547][173]LogUObjectHash: Compacting FUObjectHashTables data took   3.60ms
[2025.05.24-15.41.24:595][174]LogPlayLevel: Display: Destroying online subsystem :Context_140
[2025.05.24-15.41.32:029][620]BlueprintLog: New page: Compile BP_Motor_Holder
[2025.05.24-15.41.32:097][620]LogUObjectHash: Compacting FUObjectHashTables data took   3.61ms
[2025.05.24-15.41.39:552][ 64]LogTemp: Repeating last play command: Simulate
[2025.05.24-15.41.39:558][ 64]LogPlayLevel: PlayLevel: No blueprints needed recompiling
[2025.05.24-15.41.39:558][ 64]PIE: New page: SIE session: VRTemplateMap (24 мая 2025 г., 21:41:39)
[2025.05.24-15.41.39:558][ 64]LogPlayLevel: Creating play world package: /Game/VRTemplate/Maps/UEDPIE_0_VRTemplateMap
[2025.05.24-15.41.39:562][ 64]LogPlayLevel: PIE: StaticDuplicateObject took: (0.003751s)
[2025.05.24-15.41.39:563][ 64]LogAIModule: Creating AISystem for world VRTemplateMap
[2025.05.24-15.41.39:563][ 64]LogPlayLevel: PIE: World Init took: (0.001502s)
[2025.05.24-15.41.39:563][ 64]LogPlayLevel: PIE: Created PIE world by copying editor world from /Game/VRTemplate/Maps/VRTemplateMap.VRTemplateMap to /Game/VRTemplate/Maps/UEDPIE_0_VRTemplateMap.VRTemplateMap (0.005397s)
[2025.05.24-15.41.39:614][ 64]LogUObjectHash: Compacting FUObjectHashTables data took   4.07ms
[2025.05.24-15.41.39:616][ 64]LogAudio: Display: Creating Audio Device:                 Id: 66, Scope: Unique, Realtime: True
[2025.05.24-15.41.39:616][ 64]LogAudioMixer: Display: Audio Mixer Platform Settings:
[2025.05.24-15.41.39:616][ 64]LogAudioMixer: Display: 	Sample Rate:						  48000
[2025.05.24-15.41.39:616][ 64]LogAudioMixer: Display: 	Callback Buffer Frame Size Requested: 1024
[2025.05.24-15.41.39:616][ 64]LogAudioMixer: Display: 	Callback Buffer Frame Size To Use:	  1024
[2025.05.24-15.41.39:616][ 64]LogAudioMixer: Display: 	Number of buffers to queue:			  1
[2025.05.24-15.41.39:616][ 64]LogAudioMixer: Display: 	Max Channels (voices):				  0
[2025.05.24-15.41.39:616][ 64]LogAudioMixer: Display: 	Number of Async Source Workers:		  4
[2025.05.24-15.41.39:616][ 64]LogAudio: Display: AudioDevice MaxSources: 32
[2025.05.24-15.41.39:617][ 64]LogAudio: Display: Audio Spatialization Plugin: Resonance Audio is external send: 1
[2025.05.24-15.41.39:617][ 64]LogAudio: Display: Audio Reverb Plugin: Resonance Audio
[2025.05.24-15.41.39:617][ 64]LogAudio: Display: Audio Occlusion Plugin: None (built-in).
[2025.05.24-15.41.39:617][ 64]LogAudioMixer: Display: Initializing audio mixer.
[2025.05.24-15.41.39:621][ 64]LogAudioMixer: Display: 0: FrontLeft
[2025.05.24-15.41.39:621][ 64]LogAudioMixer: Display: 1: FrontRight
[2025.05.24-15.41.39:670][ 64]LogAudioMixer: Display: Using Audio Device Динамики (Realtek(R) Audio)
[2025.05.24-15.41.39:670][ 64]LogAudioMixer: Display: Initializing Sound Submixes...
[2025.05.24-15.41.39:670][ 64]LogAudioMixer: Display: Creating Master Submix 'MasterSubmixDefault'
[2025.05.24-15.41.39:670][ 64]LogAudioMixer: Display: Creating Master Submix 'MasterReverbSubmixDefault'
[2025.05.24-15.41.39:671][ 64]LogAudioMixer: Display: Creating Master Submix 'MasterEQSubmixDefault'
[2025.05.24-15.41.39:671][ 64]LogAudioMixer: FMixerPlatformXAudio2::StartAudioStream() called
[2025.05.24-15.41.39:671][ 64]LogAudioMixer: Display: Output buffers initialized: Frames=1024, Channels=2, Samples=2048
[2025.05.24-15.41.39:672][ 64]LogAudioMixer: Display: Starting AudioMixerPlatformInterface::RunInternal()
[2025.05.24-15.41.39:672][ 64]LogAudioMixer: Display: FMixerPlatformXAudio2::SubmitBuffer() called for the first time
[2025.05.24-15.41.39:672][ 64]LogInit: FAudioDevice initialized.
[2025.05.24-15.41.39:672][ 64]LogAudio: Display: Audio Device (ID: 66) registered with world 'VRTemplateMap'.
[2025.05.24-15.41.39:683][ 64]LogLoad: Game class is 'VRGameMode_C'
[2025.05.24-15.41.39:685][ 64]LogWorld: Bringing World /Game/VRTemplate/Maps/UEDPIE_0_VRTemplateMap.VRTemplateMap up for play (max tick rate 60) at 2025.05.24-18.41.39
[2025.05.24-15.41.39:685][ 64]LogWorld: Bringing up level for play took: 0.001444
[2025.05.24-15.41.39:685][ 64]LogOnline: OSS: Creating online subsystem instance for: :Context_142
[2025.05.24-15.41.39:687][ 64]LogSpawn: Warning: SpawnActor failed because no class was specified
[2025.05.24-15.41.39:688][ 64]PIE: Server logged in
[2025.05.24-15.41.39:689][ 64]PIE: Play in editor total start time 0,132 seconds.
[2025.05.24-15.41.39:698][ 64]LogResonanceAudio: Display: Resonance Audio Listener is initialized
[2025.05.24-15.41.54:020][921]LogEditorViewport: Clicking on Actor (LMB): BP_test_menu_2_C (BP_test_menu_2)
[2025.05.24-15.42.14:077][112]LogEditorViewport: Clicking on Actor (LMB): BP_Wheel_Support_C (BP_Wheel_Support)
[2025.05.24-15.42.19:471][433]LogEditorViewport: Clicking on Actor (context menu): BP_Wheel_Support_C (BP_Wheel_Support)
[2025.05.24-15.42.21:922][572]LogAssetEditorSubsystem: Opening Asset editor for Blueprint /Game/Andrey/Objects/BP_Wheel_Support.BP_Wheel_Support
[2025.05.24-15.42.27:621][892]LogSlate: Updating window title bar state: overlay mode, drag disabled, window buttons hidden, title bar hidden
[2025.05.24-15.42.27:621][892]LogWorld: BeginTearingDown for /Game/VRTemplate/Maps/UEDPIE_0_VRTemplateMap
[2025.05.24-15.42.27:622][892]LogWorld: UWorld::CleanupWorld for VRTemplateMap, bSessionEnded=true, bCleanupResources=true
[2025.05.24-15.42.27:622][892]LogSlate: InvalidateAllWidgets triggered.  All widgets were invalidated
[2025.05.24-15.42.27:636][892]LogPlayLevel: Display: Shutting down PIE online subsystems
[2025.05.24-15.42.27:643][892]LogSlate: InvalidateAllWidgets triggered.  All widgets were invalidated
[2025.05.24-15.42.27:692][892]LogAudio: Display: Audio Device unregistered from world 'None'.
[2025.05.24-15.42.27:692][892]LogResonanceAudio: Display: Resonance Audio Listener is shutdown
[2025.05.24-15.42.27:692][892]LogAudioMixer: FMixerPlatformXAudio2::StopAudioStream() called
[2025.05.24-15.42.27:694][892]LogAudioMixer: FMixerPlatformXAudio2::StopAudioStream() called
[2025.05.24-15.42.27:699][892]LogSlate: Updating window title bar state: overlay mode, drag disabled, window buttons hidden, title bar hidden
[2025.05.24-15.42.27:706][892]LogUObjectHash: Compacting FUObjectHashTables data took   3.99ms
[2025.05.24-15.42.27:753][893]LogPlayLevel: Display: Destroying online subsystem :Context_142
[2025.05.24-15.42.42:471][774]BlueprintLog: New page: Compile BP_Wheel_Support
[2025.05.24-15.42.42:543][774]LogUObjectHash: Compacting FUObjectHashTables data took   3.26ms
[2025.05.24-15.42.42:904][792]Cmd: OBJ SAVEPACKAGE PACKAGE="/Game/Andrey/Objects/BP_Wheel_Support" FILE="../../../../../../Users/AlisaDI/Documents/MephiTasks/UnrealProject/Content/Andrey/Objects/BP_Wheel_Support.uasset" SILENT=true
[2025.05.24-15.42.42:912][792]LogSavePackage: Moving '../../../../../../Users/AlisaDI/Documents/MephiTasks/UnrealProject/Saved/BP_Wheel_Support2EF95B2642B04984747C9A9EC1F61503.tmp' to '../../../../../../Users/AlisaDI/Documents/MephiTasks/UnrealProject/Content/Andrey/Objects/BP_Wheel_Support.uasset'
[2025.05.24-15.42.42:932][792]AssetCheck: New page: Asset Save: BP_Wheel_Support
[2025.05.24-15.42.42:932][792]LogContentValidation: Display: Validating Blueprint /Game/Andrey/Objects/BP_Wheel_Support.BP_Wheel_Support
[2025.05.24-15.42.50:265][229]LogAssetEditorSubsystem: Opening Asset editor for Blueprint /Game/Andrey/Objects/BP_Wheel.BP_Wheel
[2025.05.24-15.43.05:900][143]BlueprintLog: New page: Compile BP_Wheel
[2025.05.24-15.43.05:978][143]LogUObjectHash: Compacting FUObjectHashTables data took   4.31ms
[2025.05.24-15.43.06:972][199]Cmd: OBJ SAVEPACKAGE PACKAGE="/Game/Andrey/Objects/BP_Wheel" FILE="../../../../../../Users/AlisaDI/Documents/MephiTasks/UnrealProject/Content/Andrey/Objects/BP_Wheel.uasset" SILENT=true
[2025.05.24-15.43.06:979][199]LogSavePackage: Moving '../../../../../../Users/AlisaDI/Documents/MephiTasks/UnrealProject/Saved/BP_Wheel0011FA2F4945F5AF9A6AE39CD2D9AE27.tmp' to '../../../../../../Users/AlisaDI/Documents/MephiTasks/UnrealProject/Content/Andrey/Objects/BP_Wheel.uasset'
[2025.05.24-15.43.06:999][199]AssetCheck: New page: Asset Save: BP_Wheel
[2025.05.24-15.43.06:999][199]LogContentValidation: Display: Validating Blueprint /Game/Andrey/Objects/BP_Wheel.BP_Wheel
[2025.05.24-15.43.09:209][332]LogTemp: Repeating last play command: Simulate
[2025.05.24-15.43.09:214][332]LogPlayLevel: PlayLevel: No blueprints needed recompiling
[2025.05.24-15.43.09:214][332]PIE: New page: SIE session: VRTemplateMap (24 мая 2025 г., 21:43:09)
[2025.05.24-15.43.09:215][332]LogPlayLevel: Creating play world package: /Game/VRTemplate/Maps/UEDPIE_0_VRTemplateMap
[2025.05.24-15.43.09:218][332]LogPlayLevel: PIE: StaticDuplicateObject took: (0.003944s)
[2025.05.24-15.43.09:219][332]LogAIModule: Creating AISystem for world VRTemplateMap
[2025.05.24-15.43.09:220][332]LogPlayLevel: PIE: World Init took: (0.000971s)
[2025.05.24-15.43.09:220][332]LogPlayLevel: PIE: Created PIE world by copying editor world from /Game/VRTemplate/Maps/VRTemplateMap.VRTemplateMap to /Game/VRTemplate/Maps/UEDPIE_0_VRTemplateMap.VRTemplateMap (0.005055s)
[2025.05.24-15.43.09:273][332]LogUObjectHash: Compacting FUObjectHashTables data took   4.93ms
[2025.05.24-15.43.09:274][332]LogAudio: Display: Creating Audio Device:                 Id: 67, Scope: Unique, Realtime: True
[2025.05.24-15.43.09:274][332]LogAudioMixer: Display: Audio Mixer Platform Settings:
[2025.05.24-15.43.09:274][332]LogAudioMixer: Display: 	Sample Rate:						  48000
[2025.05.24-15.43.09:274][332]LogAudioMixer: Display: 	Callback Buffer Frame Size Requested: 1024
[2025.05.24-15.43.09:274][332]LogAudioMixer: Display: 	Callback Buffer Frame Size To Use:	  1024
[2025.05.24-15.43.09:274][332]LogAudioMixer: Display: 	Number of buffers to queue:			  1
[2025.05.24-15.43.09:274][332]LogAudioMixer: Display: 	Max Channels (voices):				  0
[2025.05.24-15.43.09:274][332]LogAudioMixer: Display: 	Number of Async Source Workers:		  4
[2025.05.24-15.43.09:274][332]LogAudio: Display: AudioDevice MaxSources: 32
[2025.05.24-15.43.09:274][332]LogAudio: Display: Audio Spatialization Plugin: Resonance Audio is external send: 1
[2025.05.24-15.43.09:274][332]LogAudio: Display: Audio Reverb Plugin: Resonance Audio
[2025.05.24-15.43.09:274][332]LogAudio: Display: Audio Occlusion Plugin: None (built-in).
[2025.05.24-15.43.09:274][332]LogAudioMixer: Display: Initializing audio mixer.
[2025.05.24-15.43.09:279][332]LogAudioMixer: Display: 0: FrontLeft
[2025.05.24-15.43.09:279][332]LogAudioMixer: Display: 1: FrontRight
[2025.05.24-15.43.09:328][332]LogAudioMixer: Display: Using Audio Device Динамики (Realtek(R) Audio)
[2025.05.24-15.43.09:328][332]LogAudioMixer: Display: Initializing Sound Submixes...
[2025.05.24-15.43.09:328][332]LogAudioMixer: Display: Creating Master Submix 'MasterSubmixDefault'
[2025.05.24-15.43.09:328][332]LogAudioMixer: Display: Creating Master Submix 'MasterReverbSubmixDefault'
[2025.05.24-15.43.09:329][332]LogAudioMixer: Display: Creating Master Submix 'MasterEQSubmixDefault'
[2025.05.24-15.43.09:329][332]LogAudioMixer: FMixerPlatformXAudio2::StartAudioStream() called
[2025.05.24-15.43.09:329][332]LogAudioMixer: Display: Output buffers initialized: Frames=1024, Channels=2, Samples=2048
[2025.05.24-15.43.09:330][332]LogAudioMixer: Display: Starting AudioMixerPlatformInterface::RunInternal()
[2025.05.24-15.43.09:330][332]LogAudioMixer: Display: FMixerPlatformXAudio2::SubmitBuffer() called for the first time
[2025.05.24-15.43.09:330][332]LogInit: FAudioDevice initialized.
[2025.05.24-15.43.09:330][332]LogAudio: Display: Audio Device (ID: 67) registered with world 'VRTemplateMap'.
[2025.05.24-15.43.09:337][332]LogLoad: Game class is 'VRGameMode_C'
[2025.05.24-15.43.09:338][332]LogWorld: Bringing World /Game/VRTemplate/Maps/UEDPIE_0_VRTemplateMap.VRTemplateMap up for play (max tick rate 60) at 2025.05.24-18.43.09
[2025.05.24-15.43.09:339][332]LogWorld: Bringing up level for play took: 0.001580
[2025.05.24-15.43.09:339][332]LogOnline: OSS: Creating online subsystem instance for: :Context_145
[2025.05.24-15.43.09:341][332]LogSpawn: Warning: SpawnActor failed because no class was specified
[2025.05.24-15.43.09:342][332]PIE: Server logged in
[2025.05.24-15.43.09:343][332]PIE: Play in editor total start time 0,129 seconds.
[2025.05.24-15.43.09:351][332]LogResonanceAudio: Display: Resonance Audio Listener is initialized
[2025.05.24-15.43.28:294][467]LogEditorViewport: Clicking on Actor (LMB): BP_Wheel_Support_C (BP_Wheel_Support)
[2025.05.24-15.43.33:120][749]LogSlate: Updating window title bar state: overlay mode, drag disabled, window buttons hidden, title bar hidden
[2025.05.24-15.43.33:120][749]LogWorld: BeginTearingDown for /Game/VRTemplate/Maps/UEDPIE_0_VRTemplateMap
[2025.05.24-15.43.33:121][749]LogWorld: UWorld::CleanupWorld for VRTemplateMap, bSessionEnded=true, bCleanupResources=true
[2025.05.24-15.43.33:121][749]LogSlate: InvalidateAllWidgets triggered.  All widgets were invalidated
[2025.05.24-15.43.33:135][749]LogPlayLevel: Display: Shutting down PIE online subsystems
[2025.05.24-15.43.33:143][749]LogSlate: InvalidateAllWidgets triggered.  All widgets were invalidated
[2025.05.24-15.43.33:195][749]LogAudio: Display: Audio Device unregistered from world 'None'.
[2025.05.24-15.43.33:195][749]LogResonanceAudio: Display: Resonance Audio Listener is shutdown
[2025.05.24-15.43.33:195][749]LogAudioMixer: FMixerPlatformXAudio2::StopAudioStream() called
[2025.05.24-15.43.33:197][749]LogAudioMixer: FMixerPlatformXAudio2::StopAudioStream() called
[2025.05.24-15.43.33:201][749]LogSlate: Updating window title bar state: overlay mode, drag disabled, window buttons hidden, title bar hidden
[2025.05.24-15.43.33:205][749]LogUObjectHash: Compacting FUObjectHashTables data took   3.13ms
[2025.05.24-15.43.33:227][750]LogPlayLevel: Display: Destroying online subsystem :Context_145
[2025.05.24-15.43.44:946][453]LogTemp: Repeating last play command: Simulate
[2025.05.24-15.43.44:952][453]LogPlayLevel: PlayLevel: No blueprints needed recompiling
[2025.05.24-15.43.44:952][453]PIE: New page: SIE session: VRTemplateMap (24 мая 2025 г., 21:43:44)
[2025.05.24-15.43.44:980][453]LogPlayLevel: Creating play world package: /Game/VRTemplate/Maps/UEDPIE_0_VRTemplateMap
[2025.05.24-15.43.44:984][453]LogPlayLevel: PIE: StaticDuplicateObject took: (0.003868s)
[2025.05.24-15.43.44:985][453]LogAIModule: Creating AISystem for world VRTemplateMap
[2025.05.24-15.43.44:986][453]LogPlayLevel: PIE: World Init took: (0.001134s)
[2025.05.24-15.43.44:986][453]LogPlayLevel: PIE: Created PIE world by copying editor world from /Game/VRTemplate/Maps/VRTemplateMap.VRTemplateMap to /Game/VRTemplate/Maps/UEDPIE_0_VRTemplateMap.VRTemplateMap (0.005219s)
[2025.05.24-15.43.45:035][453]LogUObjectHash: Compacting FUObjectHashTables data took   3.43ms
[2025.05.24-15.43.45:037][453]LogAudio: Display: Creating Audio Device:                 Id: 68, Scope: Unique, Realtime: True
[2025.05.24-15.43.45:037][453]LogAudioMixer: Display: Audio Mixer Platform Settings:
[2025.05.24-15.43.45:037][453]LogAudioMixer: Display: 	Sample Rate:						  48000
[2025.05.24-15.43.45:037][453]LogAudioMixer: Display: 	Callback Buffer Frame Size Requested: 1024
[2025.05.24-15.43.45:037][453]LogAudioMixer: Display: 	Callback Buffer Frame Size To Use:	  1024
[2025.05.24-15.43.45:037][453]LogAudioMixer: Display: 	Number of buffers to queue:			  1
[2025.05.24-15.43.45:037][453]LogAudioMixer: Display: 	Max Channels (voices):				  0
[2025.05.24-15.43.45:037][453]LogAudioMixer: Display: 	Number of Async Source Workers:		  4
[2025.05.24-15.43.45:037][453]LogAudio: Display: AudioDevice MaxSources: 32
[2025.05.24-15.43.45:037][453]LogAudio: Display: Audio Spatialization Plugin: Resonance Audio is external send: 1
[2025.05.24-15.43.45:037][453]LogAudio: Display: Audio Reverb Plugin: Resonance Audio
[2025.05.24-15.43.45:037][453]LogAudio: Display: Audio Occlusion Plugin: None (built-in).
[2025.05.24-15.43.45:038][453]LogAudioMixer: Display: Initializing audio mixer.
[2025.05.24-15.43.45:042][453]LogAudioMixer: Display: 0: FrontLeft
[2025.05.24-15.43.45:042][453]LogAudioMixer: Display: 1: FrontRight
[2025.05.24-15.43.45:092][453]LogAudioMixer: Display: Using Audio Device Динамики (Realtek(R) Audio)
[2025.05.24-15.43.45:093][453]LogAudioMixer: Display: Initializing Sound Submixes...
[2025.05.24-15.43.45:093][453]LogAudioMixer: Display: Creating Master Submix 'MasterSubmixDefault'
[2025.05.24-15.43.45:093][453]LogAudioMixer: Display: Creating Master Submix 'MasterReverbSubmixDefault'
[2025.05.24-15.43.45:093][453]LogAudioMixer: Display: Creating Master Submix 'MasterEQSubmixDefault'
[2025.05.24-15.43.45:093][453]LogAudioMixer: FMixerPlatformXAudio2::StartAudioStream() called
[2025.05.24-15.43.45:093][453]LogAudioMixer: Display: Output buffers initialized: Frames=1024, Channels=2, Samples=2048
[2025.05.24-15.43.45:094][453]LogAudioMixer: Display: Starting AudioMixerPlatformInterface::RunInternal()
[2025.05.24-15.43.45:094][453]LogAudioMixer: Display: FMixerPlatformXAudio2::SubmitBuffer() called for the first time
[2025.05.24-15.43.45:094][453]LogInit: FAudioDevice initialized.
[2025.05.24-15.43.45:094][453]LogAudio: Display: Audio Device (ID: 68) registered with world 'VRTemplateMap'.
[2025.05.24-15.43.45:105][453]LogLoad: Game class is 'VRGameMode_C'
[2025.05.24-15.43.45:108][453]LogWorld: Bringing World /Game/VRTemplate/Maps/UEDPIE_0_VRTemplateMap.VRTemplateMap up for play (max tick rate 60) at 2025.05.24-18.43.45
[2025.05.24-15.43.45:108][453]LogWorld: Bringing up level for play took: 0.001597
[2025.05.24-15.43.45:108][453]LogOnline: OSS: Creating online subsystem instance for: :Context_146
[2025.05.24-15.43.45:110][453]LogSpawn: Warning: SpawnActor failed because no class was specified
[2025.05.24-15.43.45:111][453]PIE: Server logged in
[2025.05.24-15.43.45:112][453]PIE: Play in editor total start time 0,162 seconds.
[2025.05.24-15.43.45:121][453]LogResonanceAudio: Display: Resonance Audio Listener is initialized
[2025.05.24-15.44.13:534][153]LogEditorViewport: Clicking on Actor (LMB): BP_Platform_C (BP_Platform)
[2025.05.24-15.44.16:075][301]LogSlate: Updating window title bar state: overlay mode, drag disabled, window buttons hidden, title bar hidden
[2025.05.24-15.44.16:075][301]LogWorld: BeginTearingDown for /Game/VRTemplate/Maps/UEDPIE_0_VRTemplateMap
[2025.05.24-15.44.16:076][301]LogWorld: UWorld::CleanupWorld for VRTemplateMap, bSessionEnded=true, bCleanupResources=true
[2025.05.24-15.44.16:076][301]LogSlate: InvalidateAllWidgets triggered.  All widgets were invalidated
[2025.05.24-15.44.16:088][301]LogPlayLevel: Display: Shutting down PIE online subsystems
[2025.05.24-15.44.16:097][301]LogSlate: InvalidateAllWidgets triggered.  All widgets were invalidated
[2025.05.24-15.44.16:146][301]LogSlate: Updating window title bar state: overlay mode, drag disabled, window buttons hidden, title bar hidden
[2025.05.24-15.44.16:146][301]LogResonanceAudio: Display: Resonance Audio Listener is shutdown
[2025.05.24-15.44.16:146][301]LogAudioMixer: FMixerPlatformXAudio2::StopAudioStream() called
[2025.05.24-15.44.16:148][301]LogAudioMixer: FMixerPlatformXAudio2::StopAudioStream() called
[2025.05.24-15.44.16:157][301]LogUObjectHash: Compacting FUObjectHashTables data took   3.38ms
[2025.05.24-15.44.16:180][302]LogPlayLevel: Display: Destroying online subsystem :Context_146
[2025.05.24-15.44.17:014][352]LogTemp: Repeating last play command: Simulate
[2025.05.24-15.44.17:019][352]LogPlayLevel: PlayLevel: No blueprints needed recompiling
[2025.05.24-15.44.17:020][352]PIE: New page: SIE session: VRTemplateMap (24 мая 2025 г., 21:44:17)
[2025.05.24-15.44.17:020][352]LogPlayLevel: Creating play world package: /Game/VRTemplate/Maps/UEDPIE_0_VRTemplateMap
[2025.05.24-15.44.17:023][352]LogPlayLevel: PIE: StaticDuplicateObject took: (0.003889s)
[2025.05.24-15.44.17:024][352]LogAIModule: Creating AISystem for world VRTemplateMap
[2025.05.24-15.44.17:025][352]LogPlayLevel: PIE: World Init took: (0.001108s)
[2025.05.24-15.44.17:025][352]LogPlayLevel: PIE: Created PIE world by copying editor world from /Game/VRTemplate/Maps/VRTemplateMap.VRTemplateMap to /Game/VRTemplate/Maps/UEDPIE_0_VRTemplateMap.VRTemplateMap (0.005141s)
[2025.05.24-15.44.17:073][352]LogUObjectHash: Compacting FUObjectHashTables data took   3.15ms
[2025.05.24-15.44.17:074][352]LogAudio: Display: Creating Audio Device:                 Id: 69, Scope: Unique, Realtime: True
[2025.05.24-15.44.17:074][352]LogAudioMixer: Display: Audio Mixer Platform Settings:
[2025.05.24-15.44.17:074][352]LogAudioMixer: Display: 	Sample Rate:						  48000
[2025.05.24-15.44.17:074][352]LogAudioMixer: Display: 	Callback Buffer Frame Size Requested: 1024
[2025.05.24-15.44.17:074][352]LogAudioMixer: Display: 	Callback Buffer Frame Size To Use:	  1024
[2025.05.24-15.44.17:074][352]LogAudioMixer: Display: 	Number of buffers to queue:			  1
[2025.05.24-15.44.17:074][352]LogAudioMixer: Display: 	Max Channels (voices):				  0
[2025.05.24-15.44.17:074][352]LogAudioMixer: Display: 	Number of Async Source Workers:		  4
[2025.05.24-15.44.17:074][352]LogAudio: Display: AudioDevice MaxSources: 32
[2025.05.24-15.44.17:075][352]LogAudio: Display: Audio Spatialization Plugin: Resonance Audio is external send: 1
[2025.05.24-15.44.17:075][352]LogAudio: Display: Audio Reverb Plugin: Resonance Audio
[2025.05.24-15.44.17:075][352]LogAudio: Display: Audio Occlusion Plugin: None (built-in).
[2025.05.24-15.44.17:075][352]LogAudioMixer: Display: Initializing audio mixer.
[2025.05.24-15.44.17:079][352]LogAudioMixer: Display: 0: FrontLeft
[2025.05.24-15.44.17:079][352]LogAudioMixer: Display: 1: FrontRight
[2025.05.24-15.44.17:119][352]LogAudioMixer: Display: Using Audio Device Динамики (Realtek(R) Audio)
[2025.05.24-15.44.17:119][352]LogAudioMixer: Display: Initializing Sound Submixes...
[2025.05.24-15.44.17:119][352]LogAudioMixer: Display: Creating Master Submix 'MasterSubmixDefault'
[2025.05.24-15.44.17:119][352]LogAudioMixer: Display: Creating Master Submix 'MasterReverbSubmixDefault'
[2025.05.24-15.44.17:120][352]LogAudioMixer: Display: Creating Master Submix 'MasterEQSubmixDefault'
[2025.05.24-15.44.17:120][352]LogAudioMixer: FMixerPlatformXAudio2::StartAudioStream() called
[2025.05.24-15.44.17:120][352]LogAudioMixer: Display: Output buffers initialized: Frames=1024, Channels=2, Samples=2048
[2025.05.24-15.44.17:121][352]LogAudioMixer: Display: Starting AudioMixerPlatformInterface::RunInternal()
[2025.05.24-15.44.17:121][352]LogAudioMixer: Display: FMixerPlatformXAudio2::SubmitBuffer() called for the first time
[2025.05.24-15.44.17:121][352]LogInit: FAudioDevice initialized.
[2025.05.24-15.44.17:121][352]LogAudio: Display: Audio Device (ID: 69) registered with world 'VRTemplateMap'.
[2025.05.24-15.44.17:130][352]LogLoad: Game class is 'VRGameMode_C'
[2025.05.24-15.44.17:131][352]LogWorld: Bringing World /Game/VRTemplate/Maps/UEDPIE_0_VRTemplateMap.VRTemplateMap up for play (max tick rate 60) at 2025.05.24-18.44.17
[2025.05.24-15.44.17:132][352]LogWorld: Bringing up level for play took: 0.001454
[2025.05.24-15.44.17:132][352]LogOnline: OSS: Creating online subsystem instance for: :Context_147
[2025.05.24-15.44.17:133][352]LogSpawn: Warning: SpawnActor failed because no class was specified
[2025.05.24-15.44.17:135][352]PIE: Server logged in
[2025.05.24-15.44.17:136][352]PIE: Play in editor total start time 0,117 seconds.
[2025.05.24-15.44.17:144][352]LogResonanceAudio: Display: Resonance Audio Listener is initialized
[2025.05.24-15.44.18:839][453]LogEditorViewport: Clicking on Actor (LMB): StaticMeshActor (Wall_400x300)
[2025.05.24-15.49.36:297][605]LogSlate: Updating window title bar state: overlay mode, drag disabled, window buttons hidden, title bar hidden
[2025.05.24-15.49.36:297][605]LogWorld: BeginTearingDown for /Game/VRTemplate/Maps/UEDPIE_0_VRTemplateMap
[2025.05.24-15.49.36:298][605]LogWorld: UWorld::CleanupWorld for VRTemplateMap, bSessionEnded=true, bCleanupResources=true
[2025.05.24-15.49.36:298][605]LogSlate: InvalidateAllWidgets triggered.  All widgets were invalidated
[2025.05.24-15.49.36:310][605]LogPlayLevel: Display: Shutting down PIE online subsystems
[2025.05.24-15.49.36:331][605]LogSlate: InvalidateAllWidgets triggered.  All widgets were invalidated
[2025.05.24-15.49.36:380][605]LogSlate: Updating window title bar state: overlay mode, drag disabled, window buttons hidden, title bar hidden
[2025.05.24-15.49.36:380][605]LogResonanceAudio: Display: Resonance Audio Listener is shutdown
[2025.05.24-15.49.36:380][605]LogAudioMixer: FMixerPlatformXAudio2::StopAudioStream() called
[2025.05.24-15.49.36:383][605]LogAudioMixer: FMixerPlatformXAudio2::StopAudioStream() called
[2025.05.24-15.49.36:394][605]LogUObjectHash: Compacting FUObjectHashTables data took   4.49ms
[2025.05.24-15.49.36:416][606]LogPlayLevel: Display: Destroying online subsystem :Context_147
[2025.05.24-15.51.27:214][111]LogEditorViewport: Clicking on Actor (context menu): BP_menu_C (BP_menu2)
[2025.05.24-15.51.28:272][172]LogEditorViewport: Clicking on Actor (LMB): StaticMeshActor (Wall_400x300)
[2025.05.24-15.51.32:342][414]LogEditorViewport: Clicking on Actor (LMB): BP_menu_C (BP_menu2)
[2025.05.24-15.54.47:574][479]LogUObjectHash: Compacting FUObjectHashTables data took   4.84ms
[2025.05.24-15.54.47:593][479]LogSavePackage: Moving '../../../../../../Users/AlisaDI/Documents/MephiTasks/UnrealProject/Saved/VRTemplateMap_Auto06BC1C6E24C3B9C5A985F198873782165.tmp' to '../../../../../../Users/AlisaDI/Documents/MephiTasks/UnrealProject/Saved/Autosaves/Game/VRTemplate/Maps/VRTemplateMap_Auto0.umap'
[2025.05.24-15.54.47:594][479]LogFileHelpers: Editor autosave (incl. external actors) for '/Game/VRTemplate/Maps/VRTemplateMap' took 0.090
[2025.05.24-15.54.47:594][479]LogFileHelpers: Editor autosave (incl. sublevels & external actors) for all levels took 0.090
[2025.05.24-15.54.47:594][479]OBJ SavePackage: Generating thumbnails for [0] asset(s) in package [/Game/Andrey/Menu/WD_Menu] ([2] browsable assets)...
[2025.05.24-15.54.47:594][479]OBJ SavePackage: Finished generating thumbnails for package [/Game/Andrey/Menu/WD_Menu]
[2025.05.24-15.54.47:659][479]LogSavePackage: Moving '../../../../../../Users/AlisaDI/Documents/MephiTasks/UnrealProject/Saved/WD_Menu_Auto0C35DC1434A4DCFC96A4D8B9462806E67.tmp' to '../../../../../../Users/AlisaDI/Documents/MephiTasks/UnrealProject/Saved/Autosaves/Game/Andrey/Menu/WD_Menu_Auto0.uasset'
[2025.05.24-15.54.47:660][479]OBJ SavePackage: Generating thumbnails for [2] asset(s) in package [/Game/Andrey/Objects/BP_Motor_Holder] ([2] browsable assets)...
[2025.05.24-15.54.47:677][479]OBJ SavePackage:     Rendered thumbnail for [Blueprint /Game/Andrey/Objects/BP_Motor_Holder.BP_Motor_Holder]
[2025.05.24-15.54.47:677][479]OBJ SavePackage: Finished generating thumbnails for package [/Game/Andrey/Objects/BP_Motor_Holder]
[2025.05.24-15.54.47:685][479]LogSavePackage: Moving '../../../../../../Users/AlisaDI/Documents/MephiTasks/UnrealProject/Saved/BP_Motor_Holder_Auto0F3439C1F4B04D176CF3E7682BBE3E56E.tmp' to '../../../../../../Users/AlisaDI/Documents/MephiTasks/UnrealProject/Saved/Autosaves/Game/Andrey/Objects/BP_Motor_Holder_Auto0.uasset'
[2025.05.24-15.54.47:686][479]LogFileHelpers: Auto-saving content packages took 0.092
[2025.05.24-16.18.44:709][773]LogWindowsTextInputMethodSystem: Display: IME system deactivated.
[2025.05.24-16.18.44:709][773]LogWindowsTextInputMethodSystem: Display: IME system deactivated.
[2025.05.24-16.19.11:481][357]LogEditorViewport: Clicking on Actor (LMB): StaticMeshActor (TemplateFloor)
[2025.05.24-16.19.45:263][379]LogEditorViewport: Clicking on Actor (LMB): BP_test_menu_2_C (BP_test_menu_2)
[2025.05.24-16.20.48:431][737]LogUObjectHash: Compacting FUObjectHashTables data took   1.83ms
[2025.05.24-16.20.48:442][737]LogFileHelpers: Editor autosave (incl. external actors) for '/Game/VRTemplate/Maps/VRTemplateMap' took 0.077
[2025.05.24-16.20.48:442][737]OBJ SavePackage: Generating thumbnails for [1] asset(s) in package [/Game/Andrey/Menu/BP_test_menu_2] ([4] browsable assets)...
[2025.05.24-16.20.48:442][737]OBJ SavePackage: Finished generating thumbnails for package [/Game/Andrey/Menu/BP_test_menu_2]
[2025.05.24-16.20.48:462][737]LogSavePackage: Moving '../../../../../../Users/AlisaDI/Documents/MephiTasks/UnrealProject/Saved/BP_test_menu_2_Auto1FB8D0DAE4A11578139A639A140DCFBA6.tmp' to '../../../../../../Users/AlisaDI/Documents/MephiTasks/UnrealProject/Saved/Autosaves/Game/Andrey/Menu/BP_test_menu_2_Auto1.uasset'
[2025.05.24-16.20.48:463][737]LogFileHelpers: Auto-saving content packages took 0.022
[2025.05.24-16.21.12:461][121]LogWindowsTextInputMethodSystem: Display: IME system deactivated.
[2025.05.24-16.21.12:461][121]LogWindowsTextInputMethodSystem: Display: IME system deactivated.
[2025.05.24-16.21.15:075][278]BlueprintLog: New page: Compile Menu_Int
[2025.05.24-16.21.15:195][278]LogUObjectHash: Compacting FUObjectHashTables data took   4.75ms
[2025.05.24-16.21.15:615][299]Cmd: OBJ SAVEPACKAGE PACKAGE="/Game/Andrey/Menu/Menu_Int" FILE="../../../../../../Users/AlisaDI/Documents/MephiTasks/UnrealProject/Content/Andrey/Menu/Menu_Int.uasset" SILENT=true
[2025.05.24-16.21.15:618][299]LogSavePackage: Moving '../../../../../../Users/AlisaDI/Documents/MephiTasks/UnrealProject/Saved/Menu_Int9219472A464DD6550E6A3EB6C93BD048.tmp' to '../../../../../../Users/AlisaDI/Documents/MephiTasks/UnrealProject/Content/Andrey/Menu/Menu_Int.uasset'
[2025.05.24-16.21.15:639][299]AssetCheck: New page: Asset Save: Menu_Int
[2025.05.24-16.21.15:639][299]LogContentValidation: Display: Validating Blueprint /Game/Andrey/Menu/Menu_Int.Menu_Int
[2025.05.24-16.21.59:636][893]BlueprintLog: New page: Compile WD_Menu
[2025.05.24-16.21.59:747][893]LogUObjectHash: Compacting FUObjectHashTables data took   4.12ms
[2025.05.24-16.22.00:201][912]Cmd: OBJ SAVEPACKAGE PACKAGE="/Game/Andrey/Menu/WD_Menu" FILE="../../../../../../Users/AlisaDI/Documents/MephiTasks/UnrealProject/Content/Andrey/Menu/WD_Menu.uasset" SILENT=true
[2025.05.24-16.22.00:265][912]LogSavePackage: Moving '../../../../../../Users/AlisaDI/Documents/MephiTasks/UnrealProject/Saved/WD_MenuE262E01A4050A03289221DB92A74ACDE.tmp' to '../../../../../../Users/AlisaDI/Documents/MephiTasks/UnrealProject/Content/Andrey/Menu/WD_Menu.uasset'
[2025.05.24-16.22.00:285][912]AssetCheck: New page: Asset Save: WD_Menu
[2025.05.24-16.22.00:285][912]LogContentValidation: Display: Validating WidgetBlueprint /Game/Andrey/Menu/WD_Menu.WD_Menu
[2025.05.24-16.22.02:693][ 56]LogTemp: Repeating last play command: Simulate
[2025.05.24-16.22.02:698][ 56]BlueprintLog: New page: Pre-Play auto-recompile
[2025.05.24-16.22.02:699][ 56]LogPlayLevel: [PlayLevel] Compiling BP_test_menu_2 before play...
[2025.05.24-16.22.02:804][ 56]LogUObjectHash: Compacting FUObjectHashTables data took   3.99ms
[2025.05.24-16.22.02:805][ 56]LogPlayLevel: PlayLevel: Blueprint regeneration took 107 ms (1 blueprints)
[2025.05.24-16.22.02:805][ 56]PIE: New page: SIE session: VRTemplateMap (24 мая 2025 г., 22:22:02)
[2025.05.24-16.22.02:805][ 56]LogPlayLevel: Creating play world package: /Game/VRTemplate/Maps/UEDPIE_0_VRTemplateMap
[2025.05.24-16.22.02:809][ 56]LogPlayLevel: PIE: StaticDuplicateObject took: (0.003289s)
[2025.05.24-16.22.02:809][ 56]LogAIModule: Creating AISystem for world VRTemplateMap
[2025.05.24-16.22.02:810][ 56]LogPlayLevel: PIE: World Init took: (0.000959s)
[2025.05.24-16.22.02:810][ 56]LogPlayLevel: PIE: Created PIE world by copying editor world from /Game/VRTemplate/Maps/VRTemplateMap.VRTemplateMap to /Game/VRTemplate/Maps/UEDPIE_0_VRTemplateMap.VRTemplateMap (0.004360s)
[2025.05.24-16.22.02:858][ 56]LogUObjectHash: Compacting FUObjectHashTables data took   3.17ms
[2025.05.24-16.22.02:858][ 56]LogAudio: Display: Creating Audio Device:                 Id: 70, Scope: Unique, Realtime: True
[2025.05.24-16.22.02:859][ 56]LogAudioMixer: Display: Audio Mixer Platform Settings:
[2025.05.24-16.22.02:859][ 56]LogAudioMixer: Display: 	Sample Rate:						  48000
[2025.05.24-16.22.02:859][ 56]LogAudioMixer: Display: 	Callback Buffer Frame Size Requested: 1024
[2025.05.24-16.22.02:859][ 56]LogAudioMixer: Display: 	Callback Buffer Frame Size To Use:	  1024
[2025.05.24-16.22.02:859][ 56]LogAudioMixer: Display: 	Number of buffers to queue:			  1
[2025.05.24-16.22.02:859][ 56]LogAudioMixer: Display: 	Max Channels (voices):				  0
[2025.05.24-16.22.02:859][ 56]LogAudioMixer: Display: 	Number of Async Source Workers:		  4
[2025.05.24-16.22.02:859][ 56]LogAudio: Display: AudioDevice MaxSources: 32
[2025.05.24-16.22.02:859][ 56]LogAudio: Display: Audio Spatialization Plugin: Resonance Audio is external send: 1
[2025.05.24-16.22.02:859][ 56]LogAudio: Display: Audio Reverb Plugin: Resonance Audio
[2025.05.24-16.22.02:859][ 56]LogAudio: Display: Audio Occlusion Plugin: None (built-in).
[2025.05.24-16.22.02:859][ 56]LogAudioMixer: Display: Initializing audio mixer.
[2025.05.24-16.22.02:864][ 56]LogAudioMixer: Display: 0: FrontLeft
[2025.05.24-16.22.02:864][ 56]LogAudioMixer: Display: 1: FrontRight
[2025.05.24-16.22.02:898][ 56]LogAudioMixer: Display: Using Audio Device Динамики (Realtek(R) Audio)
[2025.05.24-16.22.02:899][ 56]LogAudioMixer: Display: Initializing Sound Submixes...
[2025.05.24-16.22.02:899][ 56]LogAudioMixer: Display: Creating Master Submix 'MasterSubmixDefault'
[2025.05.24-16.22.02:899][ 56]LogAudioMixer: Display: Creating Master Submix 'MasterReverbSubmixDefault'
[2025.05.24-16.22.02:899][ 56]LogAudioMixer: Display: Creating Master Submix 'MasterEQSubmixDefault'
[2025.05.24-16.22.02:899][ 56]LogAudioMixer: FMixerPlatformXAudio2::StartAudioStream() called
[2025.05.24-16.22.02:899][ 56]LogAudioMixer: Display: Output buffers initialized: Frames=1024, Channels=2, Samples=2048
[2025.05.24-16.22.02:900][ 56]LogAudioMixer: Display: Starting AudioMixerPlatformInterface::RunInternal()
[2025.05.24-16.22.02:900][ 56]LogAudioMixer: Display: FMixerPlatformXAudio2::SubmitBuffer() called for the first time
[2025.05.24-16.22.02:900][ 56]LogInit: FAudioDevice initialized.
[2025.05.24-16.22.02:900][ 56]LogAudio: Display: Audio Device (ID: 70) registered with world 'VRTemplateMap'.
[2025.05.24-16.22.02:910][ 56]LogLoad: Game class is 'VRGameMode_C'
[2025.05.24-16.22.02:911][ 56]LogWorld: Bringing World /Game/VRTemplate/Maps/UEDPIE_0_VRTemplateMap.VRTemplateMap up for play (max tick rate 60) at 2025.05.24-19.22.02
[2025.05.24-16.22.02:911][ 56]LogWorld: Bringing up level for play took: 0.001317
[2025.05.24-16.22.02:912][ 56]LogOnline: OSS: Creating online subsystem instance for: :Context_148
[2025.05.24-16.22.02:913][ 56]LogSpawn: Warning: SpawnActor failed because no class was specified
[2025.05.24-16.22.02:914][ 56]PIE: Server logged in
[2025.05.24-16.22.02:915][ 56]PIE: Play in editor total start time 0,218 seconds.
[2025.05.24-16.22.02:934][ 56]LogResonanceAudio: Display: Resonance Audio Listener is initialized
[2025.05.24-16.22.09:673][457]LogBlueprintUserMessages: [WD_Menu_C_1] Неверно задано количество деталей
[2025.05.24-16.22.43:622][482]LogSlate: Updating window title bar state: overlay mode, drag disabled, window buttons hidden, title bar hidden
[2025.05.24-16.22.43:623][482]LogWorld: BeginTearingDown for /Game/VRTemplate/Maps/UEDPIE_0_VRTemplateMap
[2025.05.24-16.22.43:623][482]LogWorld: UWorld::CleanupWorld for VRTemplateMap, bSessionEnded=true, bCleanupResources=true
[2025.05.24-16.22.43:623][482]LogSlate: InvalidateAllWidgets triggered.  All widgets were invalidated
[2025.05.24-16.22.43:640][482]LogPlayLevel: Display: Shutting down PIE online subsystems
[2025.05.24-16.22.43:652][482]LogSlate: InvalidateAllWidgets triggered.  All widgets were invalidated
[2025.05.24-16.22.43:699][482]LogSlate: Updating window title bar state: overlay mode, drag disabled, window buttons hidden, title bar hidden
[2025.05.24-16.22.43:699][482]LogResonanceAudio: Display: Resonance Audio Listener is shutdown
[2025.05.24-16.22.43:701][482]LogAudioMixer: FMixerPlatformXAudio2::StopAudioStream() called
[2025.05.24-16.22.43:701][482]LogAudioMixer: FMixerPlatformXAudio2::StopAudioStream() called
[2025.05.24-16.22.43:711][482]LogUObjectHash: Compacting FUObjectHashTables data took   3.45ms
[2025.05.24-16.22.43:729][483]LogPlayLevel: Display: Destroying online subsystem :Context_148
[2025.05.24-16.22.58:693][359]BlueprintLog: New page: Compile WD_Menu
[2025.05.24-16.22.58:804][359]LogUObjectHash: Compacting FUObjectHashTables data took   3.58ms
[2025.05.24-16.22.59:248][379]Cmd: OBJ SAVEPACKAGE PACKAGE="/Game/Andrey/Menu/WD_Menu" FILE="../../../../../../Users/AlisaDI/Documents/MephiTasks/UnrealProject/Content/Andrey/Menu/WD_Menu.uasset" SILENT=true
[2025.05.24-16.22.59:308][379]LogSavePackage: Moving '../../../../../../Users/AlisaDI/Documents/MephiTasks/UnrealProject/Saved/WD_Menu0629048342B90C4DF1A36C85D86E9AF0.tmp' to '../../../../../../Users/AlisaDI/Documents/MephiTasks/UnrealProject/Content/Andrey/Menu/WD_Menu.uasset'
[2025.05.24-16.22.59:330][379]AssetCheck: New page: Asset Save: WD_Menu
[2025.05.24-16.22.59:330][379]LogContentValidation: Display: Validating WidgetBlueprint /Game/Andrey/Menu/WD_Menu.WD_Menu
[2025.05.24-16.23.00:763][464]LogTemp: Repeating last play command: Simulate
[2025.05.24-16.23.00:768][464]LogPlayLevel: PlayLevel: No blueprints needed recompiling
[2025.05.24-16.23.00:768][464]PIE: New page: SIE session: VRTemplateMap (24 мая 2025 г., 22:23:00)
[2025.05.24-16.23.00:769][464]LogPlayLevel: Creating play world package: /Game/VRTemplate/Maps/UEDPIE_0_VRTemplateMap
[2025.05.24-16.23.00:773][464]LogPlayLevel: PIE: StaticDuplicateObject took: (0.004115s)
[2025.05.24-16.23.00:774][464]LogAIModule: Creating AISystem for world VRTemplateMap
[2025.05.24-16.23.00:774][464]LogPlayLevel: PIE: World Init took: (0.000969s)
[2025.05.24-16.23.00:774][464]LogPlayLevel: PIE: Created PIE world by copying editor world from /Game/VRTemplate/Maps/VRTemplateMap.VRTemplateMap to /Game/VRTemplate/Maps/UEDPIE_0_VRTemplateMap.VRTemplateMap (0.005202s)
[2025.05.24-16.23.00:827][464]LogUObjectHash: Compacting FUObjectHashTables data took   4.48ms
[2025.05.24-16.23.00:829][464]LogAudio: Display: Creating Audio Device:                 Id: 71, Scope: Unique, Realtime: True
[2025.05.24-16.23.00:829][464]LogAudioMixer: Display: Audio Mixer Platform Settings:
[2025.05.24-16.23.00:829][464]LogAudioMixer: Display: 	Sample Rate:						  48000
[2025.05.24-16.23.00:829][464]LogAudioMixer: Display: 	Callback Buffer Frame Size Requested: 1024
[2025.05.24-16.23.00:829][464]LogAudioMixer: Display: 	Callback Buffer Frame Size To Use:	  1024
[2025.05.24-16.23.00:829][464]LogAudioMixer: Display: 	Number of buffers to queue:			  1
[2025.05.24-16.23.00:829][464]LogAudioMixer: Display: 	Max Channels (voices):				  0
[2025.05.24-16.23.00:829][464]LogAudioMixer: Display: 	Number of Async Source Workers:		  4
[2025.05.24-16.23.00:829][464]LogAudio: Display: AudioDevice MaxSources: 32
[2025.05.24-16.23.00:829][464]LogAudio: Display: Audio Spatialization Plugin: Resonance Audio is external send: 1
[2025.05.24-16.23.00:829][464]LogAudio: Display: Audio Reverb Plugin: Resonance Audio
[2025.05.24-16.23.00:829][464]LogAudio: Display: Audio Occlusion Plugin: None (built-in).
[2025.05.24-16.23.00:829][464]LogAudioMixer: Display: Initializing audio mixer.
[2025.05.24-16.23.00:833][464]LogAudioMixer: Display: 0: FrontLeft
[2025.05.24-16.23.00:833][464]LogAudioMixer: Display: 1: FrontRight
[2025.05.24-16.23.00:879][464]LogAudioMixer: Display: Using Audio Device Динамики (Realtek(R) Audio)
[2025.05.24-16.23.00:879][464]LogAudioMixer: Display: Initializing Sound Submixes...
[2025.05.24-16.23.00:879][464]LogAudioMixer: Display: Creating Master Submix 'MasterSubmixDefault'
[2025.05.24-16.23.00:879][464]LogAudioMixer: Display: Creating Master Submix 'MasterReverbSubmixDefault'
[2025.05.24-16.23.00:879][464]LogAudioMixer: Display: Creating Master Submix 'MasterEQSubmixDefault'
[2025.05.24-16.23.00:880][464]LogAudioMixer: FMixerPlatformXAudio2::StartAudioStream() called
[2025.05.24-16.23.00:880][464]LogAudioMixer: Display: Output buffers initialized: Frames=1024, Channels=2, Samples=2048
[2025.05.24-16.23.00:881][464]LogAudioMixer: Display: Starting AudioMixerPlatformInterface::RunInternal()
[2025.05.24-16.23.00:881][464]LogAudioMixer: Display: FMixerPlatformXAudio2::SubmitBuffer() called for the first time
[2025.05.24-16.23.00:881][464]LogInit: FAudioDevice initialized.
[2025.05.24-16.23.00:881][464]LogAudio: Display: Audio Device (ID: 71) registered with world 'VRTemplateMap'.
[2025.05.24-16.23.00:887][464]LogLoad: Game class is 'VRGameMode_C'
[2025.05.24-16.23.00:890][464]LogWorld: Bringing World /Game/VRTemplate/Maps/UEDPIE_0_VRTemplateMap.VRTemplateMap up for play (max tick rate 60) at 2025.05.24-19.23.00
[2025.05.24-16.23.00:890][464]LogWorld: Bringing up level for play took: 0.001273
[2025.05.24-16.23.00:890][464]LogOnline: OSS: Creating online subsystem instance for: :Context_149
[2025.05.24-16.23.00:892][464]LogSpawn: Warning: SpawnActor failed because no class was specified
[2025.05.24-16.23.00:893][464]PIE: Server logged in
[2025.05.24-16.23.00:894][464]PIE: Play in editor total start time 0,125 seconds.
[2025.05.24-16.23.00:906][464]LogResonanceAudio: Display: Resonance Audio Listener is initialized
[2025.05.24-16.23.05:123][715]LogEditorViewport: Clicking on Actor (LMB): BP_menu_C (BP_menu2)
[2025.05.24-16.23.40:815][851]LogSlate: Updating window title bar state: overlay mode, drag disabled, window buttons hidden, title bar hidden
[2025.05.24-16.23.40:816][851]LogWorld: BeginTearingDown for /Game/VRTemplate/Maps/UEDPIE_0_VRTemplateMap
[2025.05.24-16.23.40:816][851]LogWorld: UWorld::CleanupWorld for VRTemplateMap, bSessionEnded=true, bCleanupResources=true
[2025.05.24-16.23.40:816][851]LogSlate: InvalidateAllWidgets triggered.  All widgets were invalidated
[2025.05.24-16.23.40:824][851]LogPlayLevel: Display: Shutting down PIE online subsystems
[2025.05.24-16.23.40:835][851]LogSlate: InvalidateAllWidgets triggered.  All widgets were invalidated
[2025.05.24-16.23.40:878][851]LogAudio: Display: Audio Device unregistered from world 'None'.
[2025.05.24-16.23.40:878][851]LogResonanceAudio: Display: Resonance Audio Listener is shutdown
[2025.05.24-16.23.40:878][851]LogAudioMixer: FMixerPlatformXAudio2::StopAudioStream() called
[2025.05.24-16.23.40:880][851]LogAudioMixer: FMixerPlatformXAudio2::StopAudioStream() called
[2025.05.24-16.23.40:884][851]LogSlate: Updating window title bar state: overlay mode, drag disabled, window buttons hidden, title bar hidden
[2025.05.24-16.23.40:889][851]LogUObjectHash: Compacting FUObjectHashTables data took   3.18ms
[2025.05.24-16.23.40:924][853]LogPlayLevel: Display: Destroying online subsystem :Context_149
[2025.05.24-16.26.10:498][315]LogSlate: Window 'Color Picker' being destroyed
[2025.05.24-16.26.50:076][670]BlueprintLog: New page: Compile WD_Menu
[2025.05.24-16.26.50:202][670]LogUObjectHash: Compacting FUObjectHashTables data took   4.67ms
[2025.05.24-16.26.50:589][688]Cmd: OBJ SAVEPACKAGE PACKAGE="/Game/Andrey/Menu/WD_Menu" FILE="../../../../../../Users/AlisaDI/Documents/MephiTasks/UnrealProject/Content/Andrey/Menu/WD_Menu.uasset" SILENT=true
[2025.05.24-16.26.50:649][688]LogSavePackage: Moving '../../../../../../Users/AlisaDI/Documents/MephiTasks/UnrealProject/Saved/WD_Menu5096E15A4CAD2B1AF0D837A043965807.tmp' to '../../../../../../Users/AlisaDI/Documents/MephiTasks/UnrealProject/Content/Andrey/Menu/WD_Menu.uasset'
[2025.05.24-16.26.50:673][688]AssetCheck: New page: Asset Save: WD_Menu
[2025.05.24-16.26.50:673][688]LogContentValidation: Display: Validating WidgetBlueprint /Game/Andrey/Menu/WD_Menu.WD_Menu
[2025.05.24-16.27.29:990][992]BlueprintLog: New page: Compile WD_Menu
[2025.05.24-16.27.30:110][992]LogUObjectHash: Compacting FUObjectHashTables data took   4.54ms
[2025.05.24-16.27.30:533][ 10]Cmd: OBJ SAVEPACKAGE PACKAGE="/Game/Andrey/Menu/WD_Menu" FILE="../../../../../../Users/AlisaDI/Documents/MephiTasks/UnrealProject/Content/Andrey/Menu/WD_Menu.uasset" SILENT=true
[2025.05.24-16.27.30:596][ 10]LogSavePackage: Moving '../../../../../../Users/AlisaDI/Documents/MephiTasks/UnrealProject/Saved/WD_Menu6D8D9E9F456A2964EF7634A3242EC414.tmp' to '../../../../../../Users/AlisaDI/Documents/MephiTasks/UnrealProject/Content/Andrey/Menu/WD_Menu.uasset'
[2025.05.24-16.27.30:618][ 10]AssetCheck: New page: Asset Save: WD_Menu
[2025.05.24-16.27.30:618][ 10]LogContentValidation: Display: Validating WidgetBlueprint /Game/Andrey/Menu/WD_Menu.WD_Menu
[2025.05.24-16.28.56:206][ 42]LogAssetEditorSubsystem: Opening Asset editor for Blueprint /Engine/EditorBlueprintResources/StandardMacros.StandardMacros
[2025.05.24-16.29.00:629][289]LogWorld: UWorld::CleanupWorld for World_103, bSessionEnded=true, bCleanupResources=true
[2025.05.24-16.29.00:629][289]LogSlate: InvalidateAllWidgets triggered.  All widgets were invalidated
[2025.05.24-16.30.09:482][290]BlueprintLog: New page: Compile WD_Menu
[2025.05.24-16.30.09:615][290]LogUObjectHash: Compacting FUObjectHashTables data took   5.38ms
[2025.05.24-16.30.09:947][301]Cmd: OBJ SAVEPACKAGE PACKAGE="/Game/Andrey/Menu/WD_Menu" FILE="../../../../../../Users/AlisaDI/Documents/MephiTasks/UnrealProject/Content/Andrey/Menu/WD_Menu.uasset" SILENT=true
[2025.05.24-16.30.10:013][301]LogSavePackage: Moving '../../../../../../Users/AlisaDI/Documents/MephiTasks/UnrealProject/Saved/WD_MenuB86ADB4E485F6208854730A6E70180F9.tmp' to '../../../../../../Users/AlisaDI/Documents/MephiTasks/UnrealProject/Content/Andrey/Menu/WD_Menu.uasset'
[2025.05.24-16.30.10:034][301]AssetCheck: New page: Asset Save: WD_Menu
[2025.05.24-16.30.10:034][301]LogContentValidation: Display: Validating WidgetBlueprint /Game/Andrey/Menu/WD_Menu.WD_Menu
[2025.05.24-16.30.11:550][391]LogTemp: Repeating last play command: Simulate
[2025.05.24-16.30.11:556][391]LogPlayLevel: PlayLevel: No blueprints needed recompiling
[2025.05.24-16.30.11:556][391]PIE: New page: SIE session: VRTemplateMap (24 мая 2025 г., 22:30:11)
[2025.05.24-16.30.11:556][391]LogPlayLevel: Creating play world package: /Game/VRTemplate/Maps/UEDPIE_0_VRTemplateMap
[2025.05.24-16.30.11:560][391]LogPlayLevel: PIE: StaticDuplicateObject took: (0.004101s)
[2025.05.24-16.30.11:561][391]LogAIModule: Creating AISystem for world VRTemplateMap
[2025.05.24-16.30.11:561][391]LogPlayLevel: PIE: World Init took: (0.001053s)
[2025.05.24-16.30.11:561][391]LogPlayLevel: PIE: Created PIE world by copying editor world from /Game/VRTemplate/Maps/VRTemplateMap.VRTemplateMap to /Game/VRTemplate/Maps/UEDPIE_0_VRTemplateMap.VRTemplateMap (0.005267s)
[2025.05.24-16.30.11:615][391]LogUObjectHash: Compacting FUObjectHashTables data took   4.65ms
[2025.05.24-16.30.11:616][391]LogAudio: Display: Creating Audio Device:                 Id: 72, Scope: Unique, Realtime: True
[2025.05.24-16.30.11:616][391]LogAudioMixer: Display: Audio Mixer Platform Settings:
[2025.05.24-16.30.11:616][391]LogAudioMixer: Display: 	Sample Rate:						  48000
[2025.05.24-16.30.11:616][391]LogAudioMixer: Display: 	Callback Buffer Frame Size Requested: 1024
[2025.05.24-16.30.11:616][391]LogAudioMixer: Display: 	Callback Buffer Frame Size To Use:	  1024
[2025.05.24-16.30.11:616][391]LogAudioMixer: Display: 	Number of buffers to queue:			  1
[2025.05.24-16.30.11:616][391]LogAudioMixer: Display: 	Max Channels (voices):				  0
[2025.05.24-16.30.11:616][391]LogAudioMixer: Display: 	Number of Async Source Workers:		  4
[2025.05.24-16.30.11:616][391]LogAudio: Display: AudioDevice MaxSources: 32
[2025.05.24-16.30.11:617][391]LogAudio: Display: Audio Spatialization Plugin: Resonance Audio is external send: 1
[2025.05.24-16.30.11:617][391]LogAudio: Display: Audio Reverb Plugin: Resonance Audio
[2025.05.24-16.30.11:617][391]LogAudio: Display: Audio Occlusion Plugin: None (built-in).
[2025.05.24-16.30.11:617][391]LogAudioMixer: Display: Initializing audio mixer.
[2025.05.24-16.30.11:621][391]LogAudioMixer: Display: 0: FrontLeft
[2025.05.24-16.30.11:621][391]LogAudioMixer: Display: 1: FrontRight
[2025.05.24-16.30.11:659][391]LogAudioMixer: Display: Using Audio Device Динамики (Realtek(R) Audio)
[2025.05.24-16.30.11:659][391]LogAudioMixer: Display: Initializing Sound Submixes...
[2025.05.24-16.30.11:659][391]LogAudioMixer: Display: Creating Master Submix 'MasterSubmixDefault'
[2025.05.24-16.30.11:659][391]LogAudioMixer: Display: Creating Master Submix 'MasterReverbSubmixDefault'
[2025.05.24-16.30.11:660][391]LogAudioMixer: Display: Creating Master Submix 'MasterEQSubmixDefault'
[2025.05.24-16.30.11:660][391]LogAudioMixer: FMixerPlatformXAudio2::StartAudioStream() called
[2025.05.24-16.30.11:660][391]LogAudioMixer: Display: Output buffers initialized: Frames=1024, Channels=2, Samples=2048
[2025.05.24-16.30.11:661][391]LogAudioMixer: Display: Starting AudioMixerPlatformInterface::RunInternal()
[2025.05.24-16.30.11:661][391]LogAudioMixer: Display: FMixerPlatformXAudio2::SubmitBuffer() called for the first time
[2025.05.24-16.30.11:661][391]LogInit: FAudioDevice initialized.
[2025.05.24-16.30.11:661][391]LogAudio: Display: Audio Device (ID: 72) registered with world 'VRTemplateMap'.
[2025.05.24-16.30.11:671][391]LogLoad: Game class is 'VRGameMode_C'
[2025.05.24-16.30.11:672][391]LogWorld: Bringing World /Game/VRTemplate/Maps/UEDPIE_0_VRTemplateMap.VRTemplateMap up for play (max tick rate 60) at 2025.05.24-19.30.11
[2025.05.24-16.30.11:673][391]LogWorld: Bringing up level for play took: 0.001620
[2025.05.24-16.30.11:673][391]LogOnline: OSS: Creating online subsystem instance for: :Context_151
[2025.05.24-16.30.11:674][391]LogSpawn: Warning: SpawnActor failed because no class was specified
[2025.05.24-16.30.11:676][391]PIE: Server logged in
[2025.05.24-16.30.11:677][391]PIE: Play in editor total start time 0,122 seconds.
[2025.05.24-16.30.11:691][391]LogResonanceAudio: Display: Resonance Audio Listener is initialized
[2025.05.24-16.30.19:523][855]LogSlate: Updating window title bar state: overlay mode, drag disabled, window buttons hidden, title bar hidden
[2025.05.24-16.30.19:523][855]LogWorld: BeginTearingDown for /Game/VRTemplate/Maps/UEDPIE_0_VRTemplateMap
[2025.05.24-16.30.19:524][855]LogWorld: UWorld::CleanupWorld for VRTemplateMap, bSessionEnded=true, bCleanupResources=true
[2025.05.24-16.30.19:524][855]LogSlate: InvalidateAllWidgets triggered.  All widgets were invalidated
[2025.05.24-16.30.19:532][855]LogPlayLevel: Display: Shutting down PIE online subsystems
[2025.05.24-16.30.19:544][855]LogSlate: InvalidateAllWidgets triggered.  All widgets were invalidated
[2025.05.24-16.30.19:586][855]LogAudio: Display: Audio Device unregistered from world 'None'.
[2025.05.24-16.30.19:587][855]LogResonanceAudio: Display: Resonance Audio Listener is shutdown
[2025.05.24-16.30.19:587][855]LogAudioMixer: FMixerPlatformXAudio2::StopAudioStream() called
[2025.05.24-16.30.19:589][855]LogAudioMixer: FMixerPlatformXAudio2::StopAudioStream() called
[2025.05.24-16.30.19:593][855]LogSlate: Updating window title bar state: overlay mode, drag disabled, window buttons hidden, title bar hidden
[2025.05.24-16.30.19:598][855]LogUObjectHash: Compacting FUObjectHashTables data took   2.95ms
[2025.05.24-16.30.19:627][856]LogPlayLevel: Display: Destroying online subsystem :Context_151
[2025.05.24-16.30.20:277][895]LogTemp: Repeating last play command: Simulate
[2025.05.24-16.30.20:282][895]LogPlayLevel: PlayLevel: No blueprints needed recompiling
[2025.05.24-16.30.20:282][895]PIE: New page: SIE session: VRTemplateMap (24 мая 2025 г., 22:30:20)
[2025.05.24-16.30.20:282][895]LogPlayLevel: Creating play world package: /Game/VRTemplate/Maps/UEDPIE_0_VRTemplateMap
[2025.05.24-16.30.20:286][895]LogPlayLevel: PIE: StaticDuplicateObject took: (0.003498s)
[2025.05.24-16.30.20:286][895]LogAIModule: Creating AISystem for world VRTemplateMap
[2025.05.24-16.30.20:287][895]LogPlayLevel: PIE: World Init took: (0.000894s)
[2025.05.24-16.30.20:287][895]LogPlayLevel: PIE: Created PIE world by copying editor world from /Game/VRTemplate/Maps/VRTemplateMap.VRTemplateMap to /Game/VRTemplate/Maps/UEDPIE_0_VRTemplateMap.VRTemplateMap (0.004500s)
[2025.05.24-16.30.20:335][895]LogUObjectHash: Compacting FUObjectHashTables data took   3.08ms
[2025.05.24-16.30.20:335][895]LogAudio: Display: Creating Audio Device:                 Id: 73, Scope: Unique, Realtime: True
[2025.05.24-16.30.20:335][895]LogAudioMixer: Display: Audio Mixer Platform Settings:
[2025.05.24-16.30.20:335][895]LogAudioMixer: Display: 	Sample Rate:						  48000
[2025.05.24-16.30.20:335][895]LogAudioMixer: Display: 	Callback Buffer Frame Size Requested: 1024
[2025.05.24-16.30.20:335][895]LogAudioMixer: Display: 	Callback Buffer Frame Size To Use:	  1024
[2025.05.24-16.30.20:335][895]LogAudioMixer: Display: 	Number of buffers to queue:			  1
[2025.05.24-16.30.20:335][895]LogAudioMixer: Display: 	Max Channels (voices):				  0
[2025.05.24-16.30.20:335][895]LogAudioMixer: Display: 	Number of Async Source Workers:		  4
[2025.05.24-16.30.20:335][895]LogAudio: Display: AudioDevice MaxSources: 32
[2025.05.24-16.30.20:336][895]LogAudio: Display: Audio Spatialization Plugin: Resonance Audio is external send: 1
[2025.05.24-16.30.20:336][895]LogAudio: Display: Audio Reverb Plugin: Resonance Audio
[2025.05.24-16.30.20:336][895]LogAudio: Display: Audio Occlusion Plugin: None (built-in).
[2025.05.24-16.30.20:336][895]LogAudioMixer: Display: Initializing audio mixer.
[2025.05.24-16.30.20:341][895]LogAudioMixer: Display: 0: FrontLeft
[2025.05.24-16.30.20:341][895]LogAudioMixer: Display: 1: FrontRight
[2025.05.24-16.30.20:388][895]LogAudioMixer: Display: Using Audio Device Динамики (Realtek(R) Audio)
[2025.05.24-16.30.20:388][895]LogAudioMixer: Display: Initializing Sound Submixes...
[2025.05.24-16.30.20:388][895]LogAudioMixer: Display: Creating Master Submix 'MasterSubmixDefault'
[2025.05.24-16.30.20:388][895]LogAudioMixer: Display: Creating Master Submix 'MasterReverbSubmixDefault'
[2025.05.24-16.30.20:388][895]LogAudioMixer: Display: Creating Master Submix 'MasterEQSubmixDefault'
[2025.05.24-16.30.20:388][895]LogAudioMixer: FMixerPlatformXAudio2::StartAudioStream() called
[2025.05.24-16.30.20:388][895]LogAudioMixer: Display: Output buffers initialized: Frames=1024, Channels=2, Samples=2048
[2025.05.24-16.30.20:389][895]LogAudioMixer: Display: Starting AudioMixerPlatformInterface::RunInternal()
[2025.05.24-16.30.20:389][895]LogAudioMixer: Display: FMixerPlatformXAudio2::SubmitBuffer() called for the first time
[2025.05.24-16.30.20:389][895]LogInit: FAudioDevice initialized.
[2025.05.24-16.30.20:389][895]LogAudio: Display: Audio Device (ID: 73) registered with world 'VRTemplateMap'.
[2025.05.24-16.30.20:402][895]LogLoad: Game class is 'VRGameMode_C'
[2025.05.24-16.30.20:403][895]LogWorld: Bringing World /Game/VRTemplate/Maps/UEDPIE_0_VRTemplateMap.VRTemplateMap up for play (max tick rate 60) at 2025.05.24-19.30.20
[2025.05.24-16.30.20:404][895]LogWorld: Bringing up level for play took: 0.001537
[2025.05.24-16.30.20:404][895]LogOnline: OSS: Creating online subsystem instance for: :Context_152
[2025.05.24-16.30.20:406][895]LogSpawn: Warning: SpawnActor failed because no class was specified
[2025.05.24-16.30.20:408][895]PIE: Server logged in
[2025.05.24-16.30.20:409][895]PIE: Play in editor total start time 0,127 seconds.
[2025.05.24-16.30.20:424][895]LogResonanceAudio: Display: Resonance Audio Listener is initialized
[2025.05.24-16.30.26:273][242]LogSlate: Updating window title bar state: overlay mode, drag disabled, window buttons hidden, title bar hidden
[2025.05.24-16.30.26:273][242]LogWorld: BeginTearingDown for /Game/VRTemplate/Maps/UEDPIE_0_VRTemplateMap
[2025.05.24-16.30.26:273][242]LogWorld: UWorld::CleanupWorld for VRTemplateMap, bSessionEnded=true, bCleanupResources=true
[2025.05.24-16.30.26:274][242]LogSlate: InvalidateAllWidgets triggered.  All widgets were invalidated
[2025.05.24-16.30.26:282][242]LogPlayLevel: Display: Shutting down PIE online subsystems
[2025.05.24-16.30.26:294][242]LogSlate: InvalidateAllWidgets triggered.  All widgets were invalidated
[2025.05.24-16.30.26:338][242]LogSlate: Updating window title bar state: overlay mode, drag disabled, window buttons hidden, title bar hidden
[2025.05.24-16.30.26:339][242]LogResonanceAudio: Display: Resonance Audio Listener is shutdown
[2025.05.24-16.30.26:339][242]LogAudioMixer: FMixerPlatformXAudio2::StopAudioStream() called
[2025.05.24-16.30.26:340][242]LogAudioMixer: FMixerPlatformXAudio2::StopAudioStream() called
[2025.05.24-16.30.26:363][242]LogUObjectHash: Compacting FUObjectHashTables data took   3.32ms
[2025.05.24-16.30.26:394][243]LogPlayLevel: Display: Destroying online subsystem :Context_152
[2025.05.24-16.30.48:170][527]BlueprintLog: New page: Compile WD_Menu
[2025.05.24-16.30.48:293][527]LogUObjectHash: Compacting FUObjectHashTables data took   3.44ms
[2025.05.24-16.30.48:707][545]Cmd: OBJ SAVEPACKAGE PACKAGE="/Game/Andrey/Menu/WD_Menu" FILE="../../../../../../Users/AlisaDI/Documents/MephiTasks/UnrealProject/Content/Andrey/Menu/WD_Menu.uasset" SILENT=true
[2025.05.24-16.30.48:774][545]LogSavePackage: Moving '../../../../../../Users/AlisaDI/Documents/MephiTasks/UnrealProject/Saved/WD_MenuD7C8EA074CEA247CBBBF3AB5066B15CC.tmp' to '../../../../../../Users/AlisaDI/Documents/MephiTasks/UnrealProject/Content/Andrey/Menu/WD_Menu.uasset'
[2025.05.24-16.30.48:796][545]AssetCheck: New page: Asset Save: WD_Menu
[2025.05.24-16.30.48:796][545]LogContentValidation: Display: Validating WidgetBlueprint /Game/Andrey/Menu/WD_Menu.WD_Menu
[2025.05.24-16.30.50:798][664]LogTemp: Repeating last play command: Simulate
[2025.05.24-16.30.50:803][664]LogPlayLevel: PlayLevel: No blueprints needed recompiling
[2025.05.24-16.30.50:803][664]PIE: New page: SIE session: VRTemplateMap (24 мая 2025 г., 22:30:50)
[2025.05.24-16.30.50:803][664]LogPlayLevel: Creating play world package: /Game/VRTemplate/Maps/UEDPIE_0_VRTemplateMap
[2025.05.24-16.30.50:807][664]LogPlayLevel: PIE: StaticDuplicateObject took: (0.004142s)
[2025.05.24-16.30.50:808][664]LogAIModule: Creating AISystem for world VRTemplateMap
[2025.05.24-16.30.50:808][664]LogPlayLevel: PIE: World Init took: (0.000966s)
[2025.05.24-16.30.50:809][664]LogPlayLevel: PIE: Created PIE world by copying editor world from /Game/VRTemplate/Maps/VRTemplateMap.VRTemplateMap to /Game/VRTemplate/Maps/UEDPIE_0_VRTemplateMap.VRTemplateMap (0.005223s)
[2025.05.24-16.30.50:863][664]LogUObjectHash: Compacting FUObjectHashTables data took   4.73ms
[2025.05.24-16.30.50:864][664]LogAudio: Display: Creating Audio Device:                 Id: 74, Scope: Unique, Realtime: True
[2025.05.24-16.30.50:864][664]LogAudioMixer: Display: Audio Mixer Platform Settings:
[2025.05.24-16.30.50:864][664]LogAudioMixer: Display: 	Sample Rate:						  48000
[2025.05.24-16.30.50:864][664]LogAudioMixer: Display: 	Callback Buffer Frame Size Requested: 1024
[2025.05.24-16.30.50:864][664]LogAudioMixer: Display: 	Callback Buffer Frame Size To Use:	  1024
[2025.05.24-16.30.50:864][664]LogAudioMixer: Display: 	Number of buffers to queue:			  1
[2025.05.24-16.30.50:864][664]LogAudioMixer: Display: 	Max Channels (voices):				  0
[2025.05.24-16.30.50:864][664]LogAudioMixer: Display: 	Number of Async Source Workers:		  4
[2025.05.24-16.30.50:864][664]LogAudio: Display: AudioDevice MaxSources: 32
[2025.05.24-16.30.50:865][664]LogAudio: Display: Audio Spatialization Plugin: Resonance Audio is external send: 1
[2025.05.24-16.30.50:865][664]LogAudio: Display: Audio Reverb Plugin: Resonance Audio
[2025.05.24-16.30.50:865][664]LogAudio: Display: Audio Occlusion Plugin: None (built-in).
[2025.05.24-16.30.50:865][664]LogAudioMixer: Display: Initializing audio mixer.
[2025.05.24-16.30.50:869][664]LogAudioMixer: Display: 0: FrontLeft
[2025.05.24-16.30.50:869][664]LogAudioMixer: Display: 1: FrontRight
[2025.05.24-16.30.50:904][664]LogAudioMixer: Display: Using Audio Device Динамики (Realtek(R) Audio)
[2025.05.24-16.30.50:904][664]LogAudioMixer: Display: Initializing Sound Submixes...
[2025.05.24-16.30.50:904][664]LogAudioMixer: Display: Creating Master Submix 'MasterSubmixDefault'
[2025.05.24-16.30.50:904][664]LogAudioMixer: Display: Creating Master Submix 'MasterReverbSubmixDefault'
[2025.05.24-16.30.50:905][664]LogAudioMixer: Display: Creating Master Submix 'MasterEQSubmixDefault'
[2025.05.24-16.30.50:905][664]LogAudioMixer: FMixerPlatformXAudio2::StartAudioStream() called
[2025.05.24-16.30.50:905][664]LogAudioMixer: Display: Output buffers initialized: Frames=1024, Channels=2, Samples=2048
[2025.05.24-16.30.50:906][664]LogAudioMixer: Display: Starting AudioMixerPlatformInterface::RunInternal()
[2025.05.24-16.30.50:906][664]LogAudioMixer: Display: FMixerPlatformXAudio2::SubmitBuffer() called for the first time
[2025.05.24-16.30.50:906][664]LogInit: FAudioDevice initialized.
[2025.05.24-16.30.50:906][664]LogAudio: Display: Audio Device (ID: 74) registered with world 'VRTemplateMap'.
[2025.05.24-16.30.50:915][664]LogLoad: Game class is 'VRGameMode_C'
[2025.05.24-16.30.50:917][664]LogWorld: Bringing World /Game/VRTemplate/Maps/UEDPIE_0_VRTemplateMap.VRTemplateMap up for play (max tick rate 60) at 2025.05.24-19.30.50
[2025.05.24-16.30.50:917][664]LogWorld: Bringing up level for play took: 0.001162
[2025.05.24-16.30.50:917][664]LogOnline: OSS: Creating online subsystem instance for: :Context_153
[2025.05.24-16.30.50:919][664]LogSpawn: Warning: SpawnActor failed because no class was specified
[2025.05.24-16.30.50:920][664]PIE: Server logged in
[2025.05.24-16.30.50:921][664]PIE: Play in editor total start time 0,119 seconds.
[2025.05.24-16.30.50:935][664]LogResonanceAudio: Display: Resonance Audio Listener is initialized
[2025.05.24-16.31.12:639][947]LogSlate: Updating window title bar state: overlay mode, drag disabled, window buttons hidden, title bar hidden
[2025.05.24-16.31.12:639][947]LogWorld: BeginTearingDown for /Game/VRTemplate/Maps/UEDPIE_0_VRTemplateMap
[2025.05.24-16.31.12:640][947]LogWorld: UWorld::CleanupWorld for VRTemplateMap, bSessionEnded=true, bCleanupResources=true
[2025.05.24-16.31.12:640][947]LogSlate: InvalidateAllWidgets triggered.  All widgets were invalidated
[2025.05.24-16.31.12:658][947]LogPlayLevel: Display: Shutting down PIE online subsystems
[2025.05.24-16.31.12:669][947]LogSlate: InvalidateAllWidgets triggered.  All widgets were invalidated
[2025.05.24-16.31.12:717][947]LogAudio: Display: Audio Device unregistered from world 'None'.
[2025.05.24-16.31.12:717][947]LogResonanceAudio: Display: Resonance Audio Listener is shutdown
[2025.05.24-16.31.12:717][947]LogAudioMixer: FMixerPlatformXAudio2::StopAudioStream() called
[2025.05.24-16.31.12:719][947]LogAudioMixer: FMixerPlatformXAudio2::StopAudioStream() called
[2025.05.24-16.31.12:722][947]LogSlate: Updating window title bar state: overlay mode, drag disabled, window buttons hidden, title bar hidden
[2025.05.24-16.31.12:727][947]LogUObjectHash: Compacting FUObjectHashTables data took   3.17ms
[2025.05.24-16.31.12:744][948]LogPlayLevel: Display: Destroying online subsystem :Context_153
[2025.05.24-16.31.33:287][140]LogEditorTransaction: Undo Move Node
[2025.05.24-16.31.33:653][151]LogEditorTransaction: Undo Create Pin Link
[2025.05.24-16.32.58:175][ 78]BlueprintLog: New page: Compile WD_Menu
[2025.05.24-16.32.58:293][ 78]LogUObjectHash: Compacting FUObjectHashTables data took   4.33ms
[2025.05.24-16.32.58:699][ 95]Cmd: OBJ SAVEPACKAGE PACKAGE="/Game/Andrey/Menu/WD_Menu" FILE="../../../../../../Users/AlisaDI/Documents/MephiTasks/UnrealProject/Content/Andrey/Menu/WD_Menu.uasset" SILENT=true
[2025.05.24-16.32.58:773][ 95]LogSavePackage: Moving '../../../../../../Users/AlisaDI/Documents/MephiTasks/UnrealProject/Saved/WD_Menu7CD9D00840A4850D596787AAA083ECEF.tmp' to '../../../../../../Users/AlisaDI/Documents/MephiTasks/UnrealProject/Content/Andrey/Menu/WD_Menu.uasset'
[2025.05.24-16.32.58:796][ 95]AssetCheck: New page: Asset Save: WD_Menu
[2025.05.24-16.32.58:796][ 95]LogContentValidation: Display: Validating WidgetBlueprint /Game/Andrey/Menu/WD_Menu.WD_Menu
[2025.05.24-16.32.59:800][153]LogTemp: Repeating last play command: Simulate
[2025.05.24-16.32.59:805][153]LogPlayLevel: PlayLevel: No blueprints needed recompiling
[2025.05.24-16.32.59:805][153]PIE: New page: SIE session: VRTemplateMap (24 мая 2025 г., 22:32:59)
[2025.05.24-16.32.59:806][153]LogPlayLevel: Creating play world package: /Game/VRTemplate/Maps/UEDPIE_0_VRTemplateMap
[2025.05.24-16.32.59:810][153]LogPlayLevel: PIE: StaticDuplicateObject took: (0.004041s)
[2025.05.24-16.32.59:810][153]LogAIModule: Creating AISystem for world VRTemplateMap
[2025.05.24-16.32.59:811][153]LogPlayLevel: PIE: World Init took: (0.001105s)
[2025.05.24-16.32.59:811][153]LogPlayLevel: PIE: Created PIE world by copying editor world from /Game/VRTemplate/Maps/VRTemplateMap.VRTemplateMap to /Game/VRTemplate/Maps/UEDPIE_0_VRTemplateMap.VRTemplateMap (0.005258s)
[2025.05.24-16.32.59:863][153]LogUObjectHash: Compacting FUObjectHashTables data took   3.69ms
[2025.05.24-16.32.59:865][153]LogAudio: Display: Creating Audio Device:                 Id: 75, Scope: Unique, Realtime: True
[2025.05.24-16.32.59:865][153]LogAudioMixer: Display: Audio Mixer Platform Settings:
[2025.05.24-16.32.59:865][153]LogAudioMixer: Display: 	Sample Rate:						  48000
[2025.05.24-16.32.59:865][153]LogAudioMixer: Display: 	Callback Buffer Frame Size Requested: 1024
[2025.05.24-16.32.59:865][153]LogAudioMixer: Display: 	Callback Buffer Frame Size To Use:	  1024
[2025.05.24-16.32.59:865][153]LogAudioMixer: Display: 	Number of buffers to queue:			  1
[2025.05.24-16.32.59:865][153]LogAudioMixer: Display: 	Max Channels (voices):				  0
[2025.05.24-16.32.59:865][153]LogAudioMixer: Display: 	Number of Async Source Workers:		  4
[2025.05.24-16.32.59:865][153]LogAudio: Display: AudioDevice MaxSources: 32
[2025.05.24-16.32.59:865][153]LogAudio: Display: Audio Spatialization Plugin: Resonance Audio is external send: 1
[2025.05.24-16.32.59:865][153]LogAudio: Display: Audio Reverb Plugin: Resonance Audio
[2025.05.24-16.32.59:865][153]LogAudio: Display: Audio Occlusion Plugin: None (built-in).
[2025.05.24-16.32.59:865][153]LogAudioMixer: Display: Initializing audio mixer.
[2025.05.24-16.32.59:869][153]LogAudioMixer: Display: 0: FrontLeft
[2025.05.24-16.32.59:869][153]LogAudioMixer: Display: 1: FrontRight
[2025.05.24-16.32.59:911][153]LogAudioMixer: Display: Using Audio Device Динамики (Realtek(R) Audio)
[2025.05.24-16.32.59:911][153]LogAudioMixer: Display: Initializing Sound Submixes...
[2025.05.24-16.32.59:911][153]LogAudioMixer: Display: Creating Master Submix 'MasterSubmixDefault'
[2025.05.24-16.32.59:911][153]LogAudioMixer: Display: Creating Master Submix 'MasterReverbSubmixDefault'
[2025.05.24-16.32.59:911][153]LogAudioMixer: Display: Creating Master Submix 'MasterEQSubmixDefault'
[2025.05.24-16.32.59:912][153]LogAudioMixer: FMixerPlatformXAudio2::StartAudioStream() called
[2025.05.24-16.32.59:912][153]LogAudioMixer: Display: Output buffers initialized: Frames=1024, Channels=2, Samples=2048
[2025.05.24-16.32.59:913][153]LogAudioMixer: Display: Starting AudioMixerPlatformInterface::RunInternal()
[2025.05.24-16.32.59:913][153]LogAudioMixer: Display: FMixerPlatformXAudio2::SubmitBuffer() called for the first time
[2025.05.24-16.32.59:913][153]LogInit: FAudioDevice initialized.
[2025.05.24-16.32.59:913][153]LogAudio: Display: Audio Device (ID: 75) registered with world 'VRTemplateMap'.
[2025.05.24-16.32.59:922][153]LogLoad: Game class is 'VRGameMode_C'
[2025.05.24-16.32.59:923][153]LogWorld: Bringing World /Game/VRTemplate/Maps/UEDPIE_0_VRTemplateMap.VRTemplateMap up for play (max tick rate 60) at 2025.05.24-19.32.59
[2025.05.24-16.32.59:924][153]LogWorld: Bringing up level for play took: 0.001498
[2025.05.24-16.32.59:924][153]LogOnline: OSS: Creating online subsystem instance for: :Context_154
[2025.05.24-16.32.59:925][153]LogSpawn: Warning: SpawnActor failed because no class was specified
[2025.05.24-16.32.59:927][153]PIE: Server logged in
[2025.05.24-16.32.59:928][153]PIE: Play in editor total start time 0,122 seconds.
[2025.05.24-16.32.59:941][153]LogResonanceAudio: Display: Resonance Audio Listener is initialized
[2025.05.24-16.33.05:031][455]LogSlate: Updating window title bar state: overlay mode, drag disabled, window buttons hidden, title bar hidden
[2025.05.24-16.33.05:031][455]LogWorld: BeginTearingDown for /Game/VRTemplate/Maps/UEDPIE_0_VRTemplateMap
[2025.05.24-16.33.05:032][455]LogWorld: UWorld::CleanupWorld for VRTemplateMap, bSessionEnded=true, bCleanupResources=true
[2025.05.24-16.33.05:032][455]LogSlate: InvalidateAllWidgets triggered.  All widgets were invalidated
[2025.05.24-16.33.05:044][455]LogPlayLevel: Display: Shutting down PIE online subsystems
[2025.05.24-16.33.05:056][455]LogSlate: InvalidateAllWidgets triggered.  All widgets were invalidated
[2025.05.24-16.33.05:100][455]LogAudio: Display: Audio Device unregistered from world 'None'.
[2025.05.24-16.33.05:100][455]LogResonanceAudio: Display: Resonance Audio Listener is shutdown
[2025.05.24-16.33.05:100][455]LogAudioMixer: FMixerPlatformXAudio2::StopAudioStream() called
[2025.05.24-16.33.05:102][455]LogAudioMixer: FMixerPlatformXAudio2::StopAudioStream() called
[2025.05.24-16.33.05:106][455]LogSlate: Updating window title bar state: overlay mode, drag disabled, window buttons hidden, title bar hidden
[2025.05.24-16.33.05:111][455]LogUObjectHash: Compacting FUObjectHashTables data took   3.30ms
[2025.05.24-16.33.05:140][456]LogPlayLevel: Display: Destroying online subsystem :Context_154
[2025.05.24-16.33.22:650][480]LogEditorTransaction: Undo Create Pin Link
[2025.05.24-16.33.23:212][498]LogEditorTransaction: Undo Delete current selection
[2025.05.24-16.33.30:755][915]BlueprintLog: New page: Compile WD_Menu
[2025.05.24-16.33.30:876][915]LogUObjectHash: Compacting FUObjectHashTables data took   4.54ms
[2025.05.24-16.33.31:241][930]Cmd: OBJ SAVEPACKAGE PACKAGE="/Game/Andrey/Menu/WD_Menu" FILE="../../../../../../Users/AlisaDI/Documents/MephiTasks/UnrealProject/Content/Andrey/Menu/WD_Menu.uasset" SILENT=true
[2025.05.24-16.33.31:308][930]LogSavePackage: Moving '../../../../../../Users/AlisaDI/Documents/MephiTasks/UnrealProject/Saved/WD_MenuB13944064903F0E058DF06A9FCE73DC9.tmp' to '../../../../../../Users/AlisaDI/Documents/MephiTasks/UnrealProject/Content/Andrey/Menu/WD_Menu.uasset'
[2025.05.24-16.33.31:332][930]AssetCheck: New page: Asset Save: WD_Menu
[2025.05.24-16.33.31:332][930]LogContentValidation: Display: Validating WidgetBlueprint /Game/Andrey/Menu/WD_Menu.WD_Menu
[2025.05.24-16.33.32:581][  5]LogTemp: Repeating last play command: Simulate
[2025.05.24-16.33.32:588][  5]LogPlayLevel: PlayLevel: No blueprints needed recompiling
[2025.05.24-16.33.32:588][  5]PIE: New page: SIE session: VRTemplateMap (24 мая 2025 г., 22:33:32)
[2025.05.24-16.33.32:588][  5]LogPlayLevel: Creating play world package: /Game/VRTemplate/Maps/UEDPIE_0_VRTemplateMap
[2025.05.24-16.33.32:593][  5]LogPlayLevel: PIE: StaticDuplicateObject took: (0.004761s)
[2025.05.24-16.33.32:594][  5]LogAIModule: Creating AISystem for world VRTemplateMap
[2025.05.24-16.33.32:594][  5]LogPlayLevel: PIE: World Init took: (0.001168s)
[2025.05.24-16.33.32:594][  5]LogPlayLevel: PIE: Created PIE world by copying editor world from /Game/VRTemplate/Maps/VRTemplateMap.VRTemplateMap to /Game/VRTemplate/Maps/UEDPIE_0_VRTemplateMap.VRTemplateMap (0.006074s)
[2025.05.24-16.33.32:648][  5]LogUObjectHash: Compacting FUObjectHashTables data took   4.30ms
[2025.05.24-16.33.32:649][  5]LogAudio: Display: Creating Audio Device:                 Id: 76, Scope: Unique, Realtime: True
[2025.05.24-16.33.32:649][  5]LogAudioMixer: Display: Audio Mixer Platform Settings:
[2025.05.24-16.33.32:649][  5]LogAudioMixer: Display: 	Sample Rate:						  48000
[2025.05.24-16.33.32:649][  5]LogAudioMixer: Display: 	Callback Buffer Frame Size Requested: 1024
[2025.05.24-16.33.32:649][  5]LogAudioMixer: Display: 	Callback Buffer Frame Size To Use:	  1024
[2025.05.24-16.33.32:649][  5]LogAudioMixer: Display: 	Number of buffers to queue:			  1
[2025.05.24-16.33.32:649][  5]LogAudioMixer: Display: 	Max Channels (voices):				  0
[2025.05.24-16.33.32:649][  5]LogAudioMixer: Display: 	Number of Async Source Workers:		  4
[2025.05.24-16.33.32:649][  5]LogAudio: Display: AudioDevice MaxSources: 32
[2025.05.24-16.33.32:650][  5]LogAudio: Display: Audio Spatialization Plugin: Resonance Audio is external send: 1
[2025.05.24-16.33.32:650][  5]LogAudio: Display: Audio Reverb Plugin: Resonance Audio
[2025.05.24-16.33.32:650][  5]LogAudio: Display: Audio Occlusion Plugin: None (built-in).
[2025.05.24-16.33.32:650][  5]LogAudioMixer: Display: Initializing audio mixer.
[2025.05.24-16.33.32:654][  5]LogAudioMixer: Display: 0: FrontLeft
[2025.05.24-16.33.32:654][  5]LogAudioMixer: Display: 1: FrontRight
[2025.05.24-16.33.32:698][  5]LogAudioMixer: Display: Using Audio Device Динамики (Realtek(R) Audio)
[2025.05.24-16.33.32:698][  5]LogAudioMixer: Display: Initializing Sound Submixes...
[2025.05.24-16.33.32:699][  5]LogAudioMixer: Display: Creating Master Submix 'MasterSubmixDefault'
[2025.05.24-16.33.32:699][  5]LogAudioMixer: Display: Creating Master Submix 'MasterReverbSubmixDefault'
[2025.05.24-16.33.32:699][  5]LogAudioMixer: Display: Creating Master Submix 'MasterEQSubmixDefault'
[2025.05.24-16.33.32:699][  5]LogAudioMixer: FMixerPlatformXAudio2::StartAudioStream() called
[2025.05.24-16.33.32:699][  5]LogAudioMixer: Display: Output buffers initialized: Frames=1024, Channels=2, Samples=2048
[2025.05.24-16.33.32:700][  5]LogAudioMixer: Display: Starting AudioMixerPlatformInterface::RunInternal()
[2025.05.24-16.33.32:700][  5]LogAudioMixer: Display: FMixerPlatformXAudio2::SubmitBuffer() called for the first time
[2025.05.24-16.33.32:700][  5]LogInit: FAudioDevice initialized.
[2025.05.24-16.33.32:700][  5]LogAudio: Display: Audio Device (ID: 76) registered with world 'VRTemplateMap'.
[2025.05.24-16.33.32:709][  5]LogLoad: Game class is 'VRGameMode_C'
[2025.05.24-16.33.32:711][  5]LogWorld: Bringing World /Game/VRTemplate/Maps/UEDPIE_0_VRTemplateMap.VRTemplateMap up for play (max tick rate 60) at 2025.05.24-19.33.32
[2025.05.24-16.33.32:711][  5]LogWorld: Bringing up level for play took: 0.001271
[2025.05.24-16.33.32:711][  5]LogOnline: OSS: Creating online subsystem instance for: :Context_155
[2025.05.24-16.33.32:713][  5]LogSpawn: Warning: SpawnActor failed because no class was specified
[2025.05.24-16.33.32:714][  5]PIE: Server logged in
[2025.05.24-16.33.32:715][  5]PIE: Play in editor total start time 0,127 seconds.
[2025.05.24-16.33.32:730][  5]LogResonanceAudio: Display: Resonance Audio Listener is initialized
[2025.05.24-16.33.40:892][489]LogSlate: Updating window title bar state: overlay mode, drag disabled, window buttons hidden, title bar hidden
[2025.05.24-16.33.40:892][489]LogWorld: BeginTearingDown for /Game/VRTemplate/Maps/UEDPIE_0_VRTemplateMap
[2025.05.24-16.33.40:893][489]LogWorld: UWorld::CleanupWorld for VRTemplateMap, bSessionEnded=true, bCleanupResources=true
[2025.05.24-16.33.40:893][489]LogSlate: InvalidateAllWidgets triggered.  All widgets were invalidated
[2025.05.24-16.33.40:903][489]LogPlayLevel: Display: Shutting down PIE online subsystems
[2025.05.24-16.33.40:915][489]LogSlate: InvalidateAllWidgets triggered.  All widgets were invalidated
[2025.05.24-16.33.40:960][489]LogAudio: Display: Audio Device unregistered from world 'None'.
[2025.05.24-16.33.40:960][489]LogResonanceAudio: Display: Resonance Audio Listener is shutdown
[2025.05.24-16.33.40:960][489]LogAudioMixer: FMixerPlatformXAudio2::StopAudioStream() called
[2025.05.24-16.33.40:962][489]LogAudioMixer: FMixerPlatformXAudio2::StopAudioStream() called
[2025.05.24-16.33.40:966][489]LogSlate: Updating window title bar state: overlay mode, drag disabled, window buttons hidden, title bar hidden
[2025.05.24-16.33.40:971][489]LogUObjectHash: Compacting FUObjectHashTables data took   3.23ms
[2025.05.24-16.33.41:004][490]LogPlayLevel: Display: Destroying online subsystem :Context_155
[2025.05.24-16.34.29:280][278]BlueprintLog: New page: Compile WD_Menu
[2025.05.24-16.34.29:406][278]LogUObjectHash: Compacting FUObjectHashTables data took   4.03ms
[2025.05.24-16.34.29:810][295]Cmd: OBJ SAVEPACKAGE PACKAGE="/Game/Andrey/Menu/WD_Menu" FILE="../../../../../../Users/AlisaDI/Documents/MephiTasks/UnrealProject/Content/Andrey/Menu/WD_Menu.uasset" SILENT=true
[2025.05.24-16.34.29:880][295]LogSavePackage: Moving '../../../../../../Users/AlisaDI/Documents/MephiTasks/UnrealProject/Saved/WD_Menu93EB843146EA26B0B14D8195D404C52C.tmp' to '../../../../../../Users/AlisaDI/Documents/MephiTasks/UnrealProject/Content/Andrey/Menu/WD_Menu.uasset'
[2025.05.24-16.34.29:903][295]AssetCheck: New page: Asset Save: WD_Menu
[2025.05.24-16.34.29:903][295]LogContentValidation: Display: Validating WidgetBlueprint /Game/Andrey/Menu/WD_Menu.WD_Menu
[2025.05.24-16.34.31:194][372]LogTemp: Repeating last play command: Simulate
[2025.05.24-16.34.31:200][372]LogPlayLevel: PlayLevel: No blueprints needed recompiling
[2025.05.24-16.34.31:200][372]PIE: New page: SIE session: VRTemplateMap (24 мая 2025 г., 22:34:31)
[2025.05.24-16.34.31:200][372]LogPlayLevel: Creating play world package: /Game/VRTemplate/Maps/UEDPIE_0_VRTemplateMap
[2025.05.24-16.34.31:204][372]LogPlayLevel: PIE: StaticDuplicateObject took: (0.003889s)
[2025.05.24-16.34.31:205][372]LogAIModule: Creating AISystem for world VRTemplateMap
[2025.05.24-16.34.31:205][372]LogPlayLevel: PIE: World Init took: (0.001144s)
[2025.05.24-16.34.31:205][372]LogPlayLevel: PIE: Created PIE world by copying editor world from /Game/VRTemplate/Maps/VRTemplateMap.VRTemplateMap to /Game/VRTemplate/Maps/UEDPIE_0_VRTemplateMap.VRTemplateMap (0.005162s)
[2025.05.24-16.34.31:260][372]LogUObjectHash: Compacting FUObjectHashTables data took   4.51ms
[2025.05.24-16.34.31:261][372]LogAudio: Display: Creating Audio Device:                 Id: 77, Scope: Unique, Realtime: True
[2025.05.24-16.34.31:261][372]LogAudioMixer: Display: Audio Mixer Platform Settings:
[2025.05.24-16.34.31:261][372]LogAudioMixer: Display: 	Sample Rate:						  48000
[2025.05.24-16.34.31:261][372]LogAudioMixer: Display: 	Callback Buffer Frame Size Requested: 1024
[2025.05.24-16.34.31:261][372]LogAudioMixer: Display: 	Callback Buffer Frame Size To Use:	  1024
[2025.05.24-16.34.31:261][372]LogAudioMixer: Display: 	Number of buffers to queue:			  1
[2025.05.24-16.34.31:261][372]LogAudioMixer: Display: 	Max Channels (voices):				  0
[2025.05.24-16.34.31:261][372]LogAudioMixer: Display: 	Number of Async Source Workers:		  4
[2025.05.24-16.34.31:261][372]LogAudio: Display: AudioDevice MaxSources: 32
[2025.05.24-16.34.31:262][372]LogAudio: Display: Audio Spatialization Plugin: Resonance Audio is external send: 1
[2025.05.24-16.34.31:262][372]LogAudio: Display: Audio Reverb Plugin: Resonance Audio
[2025.05.24-16.34.31:262][372]LogAudio: Display: Audio Occlusion Plugin: None (built-in).
[2025.05.24-16.34.31:262][372]LogAudioMixer: Display: Initializing audio mixer.
[2025.05.24-16.34.31:266][372]LogAudioMixer: Display: 0: FrontLeft
[2025.05.24-16.34.31:266][372]LogAudioMixer: Display: 1: FrontRight
[2025.05.24-16.34.31:315][372]LogAudioMixer: Display: Using Audio Device Динамики (Realtek(R) Audio)
[2025.05.24-16.34.31:316][372]LogAudioMixer: Display: Initializing Sound Submixes...
[2025.05.24-16.34.31:316][372]LogAudioMixer: Display: Creating Master Submix 'MasterSubmixDefault'
[2025.05.24-16.34.31:316][372]LogAudioMixer: Display: Creating Master Submix 'MasterReverbSubmixDefault'
[2025.05.24-16.34.31:316][372]LogAudioMixer: Display: Creating Master Submix 'MasterEQSubmixDefault'
[2025.05.24-16.34.31:316][372]LogAudioMixer: FMixerPlatformXAudio2::StartAudioStream() called
[2025.05.24-16.34.31:316][372]LogAudioMixer: Display: Output buffers initialized: Frames=1024, Channels=2, Samples=2048
[2025.05.24-16.34.31:317][372]LogAudioMixer: Display: Starting AudioMixerPlatformInterface::RunInternal()
[2025.05.24-16.34.31:317][372]LogAudioMixer: Display: FMixerPlatformXAudio2::SubmitBuffer() called for the first time
[2025.05.24-16.34.31:317][372]LogInit: FAudioDevice initialized.
[2025.05.24-16.34.31:317][372]LogAudio: Display: Audio Device (ID: 77) registered with world 'VRTemplateMap'.
[2025.05.24-16.34.31:326][372]LogLoad: Game class is 'VRGameMode_C'
[2025.05.24-16.34.31:328][372]LogWorld: Bringing World /Game/VRTemplate/Maps/UEDPIE_0_VRTemplateMap.VRTemplateMap up for play (max tick rate 60) at 2025.05.24-19.34.31
[2025.05.24-16.34.31:328][372]LogWorld: Bringing up level for play took: 0.001410
[2025.05.24-16.34.31:328][372]LogOnline: OSS: Creating online subsystem instance for: :Context_156
[2025.05.24-16.34.31:329][372]LogSpawn: Warning: SpawnActor failed because no class was specified
[2025.05.24-16.34.31:331][372]PIE: Server logged in
[2025.05.24-16.34.31:332][372]PIE: Play in editor total start time 0,134 seconds.
[2025.05.24-16.34.31:348][372]LogResonanceAudio: Display: Resonance Audio Listener is initialized
[2025.05.24-16.34.52:768][653]LogSlate: Updating window title bar state: overlay mode, drag disabled, window buttons hidden, title bar hidden
[2025.05.24-16.34.52:768][653]LogWorld: BeginTearingDown for /Game/VRTemplate/Maps/UEDPIE_0_VRTemplateMap
[2025.05.24-16.34.52:769][653]LogWorld: UWorld::CleanupWorld for VRTemplateMap, bSessionEnded=true, bCleanupResources=true
[2025.05.24-16.34.52:769][653]LogSlate: InvalidateAllWidgets triggered.  All widgets were invalidated
[2025.05.24-16.34.52:781][653]LogPlayLevel: Display: Shutting down PIE online subsystems
[2025.05.24-16.34.52:792][653]LogSlate: InvalidateAllWidgets triggered.  All widgets were invalidated
[2025.05.24-16.34.52:837][653]LogAudio: Display: Audio Device unregistered from world 'None'.
[2025.05.24-16.34.52:837][653]LogResonanceAudio: Display: Resonance Audio Listener is shutdown
[2025.05.24-16.34.52:837][653]LogAudioMixer: FMixerPlatformXAudio2::StopAudioStream() called
[2025.05.24-16.34.52:839][653]LogAudioMixer: FMixerPlatformXAudio2::StopAudioStream() called
[2025.05.24-16.34.52:843][653]LogSlate: Updating window title bar state: overlay mode, drag disabled, window buttons hidden, title bar hidden
[2025.05.24-16.34.52:848][653]LogUObjectHash: Compacting FUObjectHashTables data took   3.21ms
[2025.05.24-16.34.52:873][654]LogPlayLevel: Display: Destroying online subsystem :Context_156
[2025.05.24-16.35.25:844][551]LogEditorTransaction: Undo Create Pin Link
[2025.05.24-16.35.26:035][554]LogEditorTransaction: Undo Create Pin Link
[2025.05.24-16.35.44:748][634]BlueprintLog: New page: Compile WD_Menu
[2025.05.24-16.35.44:871][634]LogUObjectHash: Compacting FUObjectHashTables data took   5.27ms
[2025.05.24-16.35.45:157][644]Cmd: OBJ SAVEPACKAGE PACKAGE="/Game/Andrey/Menu/WD_Menu" FILE="../../../../../../Users/AlisaDI/Documents/MephiTasks/UnrealProject/Content/Andrey/Menu/WD_Menu.uasset" SILENT=true
[2025.05.24-16.35.45:225][644]LogSavePackage: Moving '../../../../../../Users/AlisaDI/Documents/MephiTasks/UnrealProject/Saved/WD_Menu47BCB4404960444E06B4E7B39B41AA66.tmp' to '../../../../../../Users/AlisaDI/Documents/MephiTasks/UnrealProject/Content/Andrey/Menu/WD_Menu.uasset'
[2025.05.24-16.35.45:246][644]AssetCheck: New page: Asset Save: WD_Menu
[2025.05.24-16.35.45:246][644]LogContentValidation: Display: Validating WidgetBlueprint /Game/Andrey/Menu/WD_Menu.WD_Menu
[2025.05.24-16.35.46:850][738]Cmd: OBJ SAVEPACKAGE PACKAGE="/Game/Andrey/Menu/WD_Menu" FILE="../../../../../../Users/AlisaDI/Documents/MephiTasks/UnrealProject/Content/Andrey/Menu/WD_Menu.uasset" SILENT=true
[2025.05.24-16.35.46:921][738]LogSavePackage: Moving '../../../../../../Users/AlisaDI/Documents/MephiTasks/UnrealProject/Saved/WD_Menu1ED09EF54CE072A6207807A98DF5CC19.tmp' to '../../../../../../Users/AlisaDI/Documents/MephiTasks/UnrealProject/Content/Andrey/Menu/WD_Menu.uasset'
[2025.05.24-16.35.46:942][738]AssetCheck: New page: Asset Save: WD_Menu
[2025.05.24-16.35.46:942][738]LogContentValidation: Display: Validating WidgetBlueprint /Game/Andrey/Menu/WD_Menu.WD_Menu
[2025.05.24-16.35.48:292][819]LogTemp: Repeating last play command: Simulate
[2025.05.24-16.35.48:297][819]LogPlayLevel: PlayLevel: No blueprints needed recompiling
[2025.05.24-16.35.48:297][819]PIE: New page: SIE session: VRTemplateMap (24 мая 2025 г., 22:35:48)
[2025.05.24-16.35.48:298][819]LogPlayLevel: Creating play world package: /Game/VRTemplate/Maps/UEDPIE_0_VRTemplateMap
[2025.05.24-16.35.48:301][819]LogPlayLevel: PIE: StaticDuplicateObject took: (0.003731s)
[2025.05.24-16.35.48:302][819]LogAIModule: Creating AISystem for world VRTemplateMap
[2025.05.24-16.35.48:302][819]LogPlayLevel: PIE: World Init took: (0.001004s)
[2025.05.24-16.35.48:302][819]LogPlayLevel: PIE: Created PIE world by copying editor world from /Game/VRTemplate/Maps/VRTemplateMap.VRTemplateMap to /Game/VRTemplate/Maps/UEDPIE_0_VRTemplateMap.VRTemplateMap (0.004865s)
[2025.05.24-16.35.48:357][819]LogUObjectHash: Compacting FUObjectHashTables data took   4.01ms
[2025.05.24-16.35.48:358][819]LogAudio: Display: Creating Audio Device:                 Id: 78, Scope: Unique, Realtime: True
[2025.05.24-16.35.48:358][819]LogAudioMixer: Display: Audio Mixer Platform Settings:
[2025.05.24-16.35.48:358][819]LogAudioMixer: Display: 	Sample Rate:						  48000
[2025.05.24-16.35.48:358][819]LogAudioMixer: Display: 	Callback Buffer Frame Size Requested: 1024
[2025.05.24-16.35.48:358][819]LogAudioMixer: Display: 	Callback Buffer Frame Size To Use:	  1024
[2025.05.24-16.35.48:358][819]LogAudioMixer: Display: 	Number of buffers to queue:			  1
[2025.05.24-16.35.48:358][819]LogAudioMixer: Display: 	Max Channels (voices):				  0
[2025.05.24-16.35.48:358][819]LogAudioMixer: Display: 	Number of Async Source Workers:		  4
[2025.05.24-16.35.48:358][819]LogAudio: Display: AudioDevice MaxSources: 32
[2025.05.24-16.35.48:358][819]LogAudio: Display: Audio Spatialization Plugin: Resonance Audio is external send: 1
[2025.05.24-16.35.48:358][819]LogAudio: Display: Audio Reverb Plugin: Resonance Audio
[2025.05.24-16.35.48:358][819]LogAudio: Display: Audio Occlusion Plugin: None (built-in).
[2025.05.24-16.35.48:358][819]LogAudioMixer: Display: Initializing audio mixer.
[2025.05.24-16.35.48:362][819]LogAudioMixer: Display: 0: FrontLeft
[2025.05.24-16.35.48:362][819]LogAudioMixer: Display: 1: FrontRight
[2025.05.24-16.35.48:404][819]LogAudioMixer: Display: Using Audio Device Динамики (Realtek(R) Audio)
[2025.05.24-16.35.48:404][819]LogAudioMixer: Display: Initializing Sound Submixes...
[2025.05.24-16.35.48:404][819]LogAudioMixer: Display: Creating Master Submix 'MasterSubmixDefault'
[2025.05.24-16.35.48:404][819]LogAudioMixer: Display: Creating Master Submix 'MasterReverbSubmixDefault'
[2025.05.24-16.35.48:405][819]LogAudioMixer: Display: Creating Master Submix 'MasterEQSubmixDefault'
[2025.05.24-16.35.48:405][819]LogAudioMixer: FMixerPlatformXAudio2::StartAudioStream() called
[2025.05.24-16.35.48:405][819]LogAudioMixer: Display: Output buffers initialized: Frames=1024, Channels=2, Samples=2048
[2025.05.24-16.35.48:406][819]LogAudioMixer: Display: Starting AudioMixerPlatformInterface::RunInternal()
[2025.05.24-16.35.48:406][819]LogAudioMixer: Display: FMixerPlatformXAudio2::SubmitBuffer() called for the first time
[2025.05.24-16.35.48:406][819]LogInit: FAudioDevice initialized.
[2025.05.24-16.35.48:406][819]LogAudio: Display: Audio Device (ID: 78) registered with world 'VRTemplateMap'.
[2025.05.24-16.35.48:411][819]LogLoad: Game class is 'VRGameMode_C'
[2025.05.24-16.35.48:413][819]LogWorld: Bringing World /Game/VRTemplate/Maps/UEDPIE_0_VRTemplateMap.VRTemplateMap up for play (max tick rate 60) at 2025.05.24-19.35.48
[2025.05.24-16.35.48:413][819]LogWorld: Bringing up level for play took: 0.001235
[2025.05.24-16.35.48:413][819]LogOnline: OSS: Creating online subsystem instance for: :Context_157
[2025.05.24-16.35.48:414][819]LogSpawn: Warning: SpawnActor failed because no class was specified
[2025.05.24-16.35.48:416][819]PIE: Server logged in
[2025.05.24-16.35.48:417][819]PIE: Play in editor total start time 0,121 seconds.
[2025.05.24-16.35.48:431][819]LogResonanceAudio: Display: Resonance Audio Listener is initialized
[2025.05.24-16.35.56:748][313]LogSlate: Updating window title bar state: overlay mode, drag disabled, window buttons hidden, title bar hidden
[2025.05.24-16.35.56:748][313]LogWorld: BeginTearingDown for /Game/VRTemplate/Maps/UEDPIE_0_VRTemplateMap
[2025.05.24-16.35.56:749][313]LogWorld: UWorld::CleanupWorld for VRTemplateMap, bSessionEnded=true, bCleanupResources=true
[2025.05.24-16.35.56:749][313]LogSlate: InvalidateAllWidgets triggered.  All widgets were invalidated
[2025.05.24-16.35.56:761][313]LogPlayLevel: Display: Shutting down PIE online subsystems
[2025.05.24-16.35.56:773][313]LogSlate: InvalidateAllWidgets triggered.  All widgets were invalidated
[2025.05.24-16.35.56:821][313]LogAudio: Display: Audio Device unregistered from world 'None'.
[2025.05.24-16.35.56:821][313]LogResonanceAudio: Display: Resonance Audio Listener is shutdown
[2025.05.24-16.35.56:821][313]LogAudioMixer: FMixerPlatformXAudio2::StopAudioStream() called
[2025.05.24-16.35.56:822][313]LogAudioMixer: FMixerPlatformXAudio2::StopAudioStream() called
[2025.05.24-16.35.56:826][313]LogSlate: Updating window title bar state: overlay mode, drag disabled, window buttons hidden, title bar hidden
[2025.05.24-16.35.56:831][313]LogUObjectHash: Compacting FUObjectHashTables data took   3.01ms
[2025.05.24-16.35.56:860][314]LogPlayLevel: Display: Destroying online subsystem :Context_157
[2025.05.24-16.36.03:639][710]LogEditorTransaction: Undo Create Pin Link
[2025.05.24-16.36.03:827][712]LogEditorTransaction: Undo Create Pin Link
[2025.05.24-16.36.06:610][861]BlueprintLog: New page: Compile WD_Menu
[2025.05.24-16.36.06:729][861]LogUObjectHash: Compacting FUObjectHashTables data took   4.38ms
[2025.05.24-16.36.07:120][877]Cmd: OBJ SAVEPACKAGE PACKAGE="/Game/Andrey/Menu/WD_Menu" FILE="../../../../../../Users/AlisaDI/Documents/MephiTasks/UnrealProject/Content/Andrey/Menu/WD_Menu.uasset" SILENT=true
[2025.05.24-16.36.07:193][877]LogSavePackage: Moving '../../../../../../Users/AlisaDI/Documents/MephiTasks/UnrealProject/Saved/WD_MenuE5EC60C248FDDDC323D681BF727DE08D.tmp' to '../../../../../../Users/AlisaDI/Documents/MephiTasks/UnrealProject/Content/Andrey/Menu/WD_Menu.uasset'
[2025.05.24-16.36.07:213][877]AssetCheck: New page: Asset Save: WD_Menu
[2025.05.24-16.36.07:213][877]LogContentValidation: Display: Validating WidgetBlueprint /Game/Andrey/Menu/WD_Menu.WD_Menu
[2025.05.24-16.36.08:263][939]LogTemp: Repeating last play command: Simulate
[2025.05.24-16.36.08:268][939]LogPlayLevel: PlayLevel: No blueprints needed recompiling
[2025.05.24-16.36.08:268][939]PIE: New page: SIE session: VRTemplateMap (24 мая 2025 г., 22:36:08)
[2025.05.24-16.36.08:268][939]LogPlayLevel: Creating play world package: /Game/VRTemplate/Maps/UEDPIE_0_VRTemplateMap
[2025.05.24-16.36.08:271][939]LogPlayLevel: PIE: StaticDuplicateObject took: (0.003422s)
[2025.05.24-16.36.08:272][939]LogAIModule: Creating AISystem for world VRTemplateMap
[2025.05.24-16.36.08:272][939]LogPlayLevel: PIE: World Init took: (0.000897s)
[2025.05.24-16.36.08:272][939]LogPlayLevel: PIE: Created PIE world by copying editor world from /Game/VRTemplate/Maps/VRTemplateMap.VRTemplateMap to /Game/VRTemplate/Maps/UEDPIE_0_VRTemplateMap.VRTemplateMap (0.004450s)
[2025.05.24-16.36.08:327][939]LogUObjectHash: Compacting FUObjectHashTables data took   4.44ms
[2025.05.24-16.36.08:328][939]LogAudio: Display: Creating Audio Device:                 Id: 79, Scope: Unique, Realtime: True
[2025.05.24-16.36.08:328][939]LogAudioMixer: Display: Audio Mixer Platform Settings:
[2025.05.24-16.36.08:328][939]LogAudioMixer: Display: 	Sample Rate:						  48000
[2025.05.24-16.36.08:328][939]LogAudioMixer: Display: 	Callback Buffer Frame Size Requested: 1024
[2025.05.24-16.36.08:328][939]LogAudioMixer: Display: 	Callback Buffer Frame Size To Use:	  1024
[2025.05.24-16.36.08:328][939]LogAudioMixer: Display: 	Number of buffers to queue:			  1
[2025.05.24-16.36.08:329][939]LogAudioMixer: Display: 	Max Channels (voices):				  0
[2025.05.24-16.36.08:329][939]LogAudioMixer: Display: 	Number of Async Source Workers:		  4
[2025.05.24-16.36.08:329][939]LogAudio: Display: AudioDevice MaxSources: 32
[2025.05.24-16.36.08:329][939]LogAudio: Display: Audio Spatialization Plugin: Resonance Audio is external send: 1
[2025.05.24-16.36.08:329][939]LogAudio: Display: Audio Reverb Plugin: Resonance Audio
[2025.05.24-16.36.08:329][939]LogAudio: Display: Audio Occlusion Plugin: None (built-in).
[2025.05.24-16.36.08:329][939]LogAudioMixer: Display: Initializing audio mixer.
[2025.05.24-16.36.08:333][939]LogAudioMixer: Display: 0: FrontLeft
[2025.05.24-16.36.08:333][939]LogAudioMixer: Display: 1: FrontRight
[2025.05.24-16.36.08:379][939]LogAudioMixer: Display: Using Audio Device Динамики (Realtek(R) Audio)
[2025.05.24-16.36.08:379][939]LogAudioMixer: Display: Initializing Sound Submixes...
[2025.05.24-16.36.08:379][939]LogAudioMixer: Display: Creating Master Submix 'MasterSubmixDefault'
[2025.05.24-16.36.08:379][939]LogAudioMixer: Display: Creating Master Submix 'MasterReverbSubmixDefault'
[2025.05.24-16.36.08:379][939]LogAudioMixer: Display: Creating Master Submix 'MasterEQSubmixDefault'
[2025.05.24-16.36.08:380][939]LogAudioMixer: FMixerPlatformXAudio2::StartAudioStream() called
[2025.05.24-16.36.08:380][939]LogAudioMixer: Display: Output buffers initialized: Frames=1024, Channels=2, Samples=2048
[2025.05.24-16.36.08:381][939]LogAudioMixer: Display: Starting AudioMixerPlatformInterface::RunInternal()
[2025.05.24-16.36.08:381][939]LogAudioMixer: Display: FMixerPlatformXAudio2::SubmitBuffer() called for the first time
[2025.05.24-16.36.08:381][939]LogInit: FAudioDevice initialized.
[2025.05.24-16.36.08:381][939]LogAudio: Display: Audio Device (ID: 79) registered with world 'VRTemplateMap'.
[2025.05.24-16.36.08:393][939]LogLoad: Game class is 'VRGameMode_C'
[2025.05.24-16.36.08:395][939]LogWorld: Bringing World /Game/VRTemplate/Maps/UEDPIE_0_VRTemplateMap.VRTemplateMap up for play (max tick rate 60) at 2025.05.24-19.36.08
[2025.05.24-16.36.08:396][939]LogWorld: Bringing up level for play took: 0.001483
[2025.05.24-16.36.08:396][939]LogOnline: OSS: Creating online subsystem instance for: :Context_158
[2025.05.24-16.36.08:397][939]LogSpawn: Warning: SpawnActor failed because no class was specified
[2025.05.24-16.36.08:399][939]PIE: Server logged in
[2025.05.24-16.36.08:400][939]PIE: Play in editor total start time 0,133 seconds.
[2025.05.24-16.36.08:428][939]LogResonanceAudio: Display: Resonance Audio Listener is initialized
[2025.05.24-16.36.56:773][826]LogSlate: Updating window title bar state: overlay mode, drag disabled, window buttons hidden, title bar hidden
[2025.05.24-16.36.56:773][826]LogWorld: BeginTearingDown for /Game/VRTemplate/Maps/UEDPIE_0_VRTemplateMap
[2025.05.24-16.36.56:773][826]LogWorld: UWorld::CleanupWorld for VRTemplateMap, bSessionEnded=true, bCleanupResources=true
[2025.05.24-16.36.56:773][826]LogSlate: InvalidateAllWidgets triggered.  All widgets were invalidated
[2025.05.24-16.36.56:789][826]LogPlayLevel: Display: Shutting down PIE online subsystems
[2025.05.24-16.36.56:800][826]LogSlate: InvalidateAllWidgets triggered.  All widgets were invalidated
[2025.05.24-16.36.56:842][826]LogAudio: Display: Audio Device unregistered from world 'None'.
[2025.05.24-16.36.56:842][826]LogResonanceAudio: Display: Resonance Audio Listener is shutdown
[2025.05.24-16.36.56:842][826]LogAudioMixer: FMixerPlatformXAudio2::StopAudioStream() called
[2025.05.24-16.36.56:843][826]LogAudioMixer: FMixerPlatformXAudio2::StopAudioStream() called
[2025.05.24-16.36.56:847][826]LogSlate: Updating window title bar state: overlay mode, drag disabled, window buttons hidden, title bar hidden
[2025.05.24-16.36.56:852][826]LogUObjectHash: Compacting FUObjectHashTables data took   3.01ms
[2025.05.24-16.36.56:886][828]LogPlayLevel: Display: Destroying online subsystem :Context_158
[2025.05.24-16.38.19:701][649]LogEditorTransaction: Undo Move Node
[2025.05.24-16.38.38:744][734]BlueprintLog: New page: Compile WD_Menu
[2025.05.24-16.38.38:866][734]LogUObjectHash: Compacting FUObjectHashTables data took   4.35ms
[2025.05.24-16.38.39:353][755]Cmd: OBJ SAVEPACKAGE PACKAGE="/Game/Andrey/Menu/WD_Menu" FILE="../../../../../../Users/AlisaDI/Documents/MephiTasks/UnrealProject/Content/Andrey/Menu/WD_Menu.uasset" SILENT=true
[2025.05.24-16.38.39:420][755]LogSavePackage: Moving '../../../../../../Users/AlisaDI/Documents/MephiTasks/UnrealProject/Saved/WD_MenuD5BE6F584B1C59DC5BB6A78FE280D8AE.tmp' to '../../../../../../Users/AlisaDI/Documents/MephiTasks/UnrealProject/Content/Andrey/Menu/WD_Menu.uasset'
[2025.05.24-16.38.39:442][755]AssetCheck: New page: Asset Save: WD_Menu
[2025.05.24-16.38.39:443][755]LogContentValidation: Display: Validating WidgetBlueprint /Game/Andrey/Menu/WD_Menu.WD_Menu
[2025.05.24-16.39.10:305][555]BlueprintLog: New page: Compile WD_Menu
[2025.05.24-16.39.10:428][555]LogUObjectHash: Compacting FUObjectHashTables data took   4.26ms
[2025.05.24-16.39.12:853][693]Cmd: OBJ SAVEPACKAGE PACKAGE="/Game/Andrey/Menu/WD_Menu" FILE="../../../../../../Users/AlisaDI/Documents/MephiTasks/UnrealProject/Content/Andrey/Menu/WD_Menu.uasset" SILENT=true
[2025.05.24-16.39.12:923][693]LogSavePackage: Moving '../../../../../../Users/AlisaDI/Documents/MephiTasks/UnrealProject/Saved/WD_Menu108F787D42512D7FD0C685A02D04246E.tmp' to '../../../../../../Users/AlisaDI/Documents/MephiTasks/UnrealProject/Content/Andrey/Menu/WD_Menu.uasset'
[2025.05.24-16.39.12:943][693]AssetCheck: New page: Asset Save: WD_Menu
[2025.05.24-16.39.12:943][693]LogContentValidation: Display: Validating WidgetBlueprint /Game/Andrey/Menu/WD_Menu.WD_Menu
[2025.05.24-16.39.24:665][390]LogEditorTransaction: Undo Move Node
[2025.05.24-16.39.37:547][139]LogWindowsTextInputMethodSystem: Display: IME system deactivated.
[2025.05.24-16.39.37:547][139]LogWindowsTextInputMethodSystem: Display: IME system deactivated.
[2025.05.24-16.39.51:146][932]BlueprintLog: New page: Compile WD_Menu
[2025.05.24-16.39.51:272][932]LogUObjectHash: Compacting FUObjectHashTables data took   4.33ms
[2025.05.24-16.39.51:680][949]Cmd: OBJ SAVEPACKAGE PACKAGE="/Game/Andrey/Menu/WD_Menu" FILE="../../../../../../Users/AlisaDI/Documents/MephiTasks/UnrealProject/Content/Andrey/Menu/WD_Menu.uasset" SILENT=true
[2025.05.24-16.39.51:756][949]LogSavePackage: Moving '../../../../../../Users/AlisaDI/Documents/MephiTasks/UnrealProject/Saved/WD_Menu9BDC2B724525D833596258BB872B07DE.tmp' to '../../../../../../Users/AlisaDI/Documents/MephiTasks/UnrealProject/Content/Andrey/Menu/WD_Menu.uasset'
[2025.05.24-16.39.51:778][949]AssetCheck: New page: Asset Save: WD_Menu
[2025.05.24-16.39.51:778][949]LogContentValidation: Display: Validating WidgetBlueprint /Game/Andrey/Menu/WD_Menu.WD_Menu
[2025.05.24-16.39.56:249][216]LogTemp: Repeating last play command: Simulate
[2025.05.24-16.39.56:255][216]LogPlayLevel: PlayLevel: No blueprints needed recompiling
[2025.05.24-16.39.56:255][216]PIE: New page: SIE session: VRTemplateMap (24 мая 2025 г., 22:39:56)
[2025.05.24-16.39.56:277][216]LogPlayLevel: Creating play world package: /Game/VRTemplate/Maps/UEDPIE_0_VRTemplateMap
[2025.05.24-16.39.56:281][216]LogPlayLevel: PIE: StaticDuplicateObject took: (0.003916s)
[2025.05.24-16.39.56:282][216]LogAIModule: Creating AISystem for world VRTemplateMap
[2025.05.24-16.39.56:282][216]LogPlayLevel: PIE: World Init took: (0.001067s)
[2025.05.24-16.39.56:282][216]LogPlayLevel: PIE: Created PIE world by copying editor world from /Game/VRTemplate/Maps/VRTemplateMap.VRTemplateMap to /Game/VRTemplate/Maps/UEDPIE_0_VRTemplateMap.VRTemplateMap (0.005150s)
[2025.05.24-16.39.56:334][216]LogUObjectHash: Compacting FUObjectHashTables data took   4.37ms
[2025.05.24-16.39.56:336][216]LogAudio: Display: Creating Audio Device:                 Id: 80, Scope: Unique, Realtime: True
[2025.05.24-16.39.56:336][216]LogAudioMixer: Display: Audio Mixer Platform Settings:
[2025.05.24-16.39.56:336][216]LogAudioMixer: Display: 	Sample Rate:						  48000
[2025.05.24-16.39.56:336][216]LogAudioMixer: Display: 	Callback Buffer Frame Size Requested: 1024
[2025.05.24-16.39.56:336][216]LogAudioMixer: Display: 	Callback Buffer Frame Size To Use:	  1024
[2025.05.24-16.39.56:336][216]LogAudioMixer: Display: 	Number of buffers to queue:			  1
[2025.05.24-16.39.56:336][216]LogAudioMixer: Display: 	Max Channels (voices):				  0
[2025.05.24-16.39.56:336][216]LogAudioMixer: Display: 	Number of Async Source Workers:		  4
[2025.05.24-16.39.56:336][216]LogAudio: Display: AudioDevice MaxSources: 32
[2025.05.24-16.39.56:337][216]LogAudio: Display: Audio Spatialization Plugin: Resonance Audio is external send: 1
[2025.05.24-16.39.56:337][216]LogAudio: Display: Audio Reverb Plugin: Resonance Audio
[2025.05.24-16.39.56:337][216]LogAudio: Display: Audio Occlusion Plugin: None (built-in).
[2025.05.24-16.39.56:337][216]LogAudioMixer: Display: Initializing audio mixer.
[2025.05.24-16.39.56:342][216]LogAudioMixer: Display: 0: FrontLeft
[2025.05.24-16.39.56:342][216]LogAudioMixer: Display: 1: FrontRight
[2025.05.24-16.39.56:384][216]LogAudioMixer: Display: Using Audio Device Динамики (Realtek(R) Audio)
[2025.05.24-16.39.56:384][216]LogAudioMixer: Display: Initializing Sound Submixes...
[2025.05.24-16.39.56:384][216]LogAudioMixer: Display: Creating Master Submix 'MasterSubmixDefault'
[2025.05.24-16.39.56:384][216]LogAudioMixer: Display: Creating Master Submix 'MasterReverbSubmixDefault'
[2025.05.24-16.39.56:385][216]LogAudioMixer: Display: Creating Master Submix 'MasterEQSubmixDefault'
[2025.05.24-16.39.56:385][216]LogAudioMixer: FMixerPlatformXAudio2::StartAudioStream() called
[2025.05.24-16.39.56:385][216]LogAudioMixer: Display: Output buffers initialized: Frames=1024, Channels=2, Samples=2048
[2025.05.24-16.39.56:386][216]LogAudioMixer: Display: Starting AudioMixerPlatformInterface::RunInternal()
[2025.05.24-16.39.56:386][216]LogAudioMixer: Display: FMixerPlatformXAudio2::SubmitBuffer() called for the first time
[2025.05.24-16.39.56:386][216]LogInit: FAudioDevice initialized.
[2025.05.24-16.39.56:386][216]LogAudio: Display: Audio Device (ID: 80) registered with world 'VRTemplateMap'.
[2025.05.24-16.39.56:398][216]LogLoad: Game class is 'VRGameMode_C'
[2025.05.24-16.39.56:400][216]LogWorld: Bringing World /Game/VRTemplate/Maps/UEDPIE_0_VRTemplateMap.VRTemplateMap up for play (max tick rate 60) at 2025.05.24-19.39.56
[2025.05.24-16.39.56:400][216]LogWorld: Bringing up level for play took: 0.001451
[2025.05.24-16.39.56:401][216]LogOnline: OSS: Creating online subsystem instance for: :Context_159
[2025.05.24-16.39.56:402][216]LogSpawn: Warning: SpawnActor failed because no class was specified
[2025.05.24-16.39.56:403][216]PIE: Server logged in
[2025.05.24-16.39.56:404][216]PIE: Play in editor total start time 0,15 seconds.
[2025.05.24-16.39.56:417][216]LogResonanceAudio: Display: Resonance Audio Listener is initialized
[2025.05.24-16.40.00:885][482]LogBlueprintUserMessages: [WD_Menu_C_1] Неверно задано количество деталей
[2025.05.24-16.40.03:923][663]LogBlueprintUserMessages: [WD_Menu_C_1] Маленький процент заполнения
[2025.05.24-16.40.06:457][815]LogBlueprintUserMessages: [WD_Menu_C_1] Маленький процент заполнения
[2025.05.24-16.40.08:211][920]LogScript: Warning: Script Msg: Attempted to access index -1 from array 'Class' of length 7 in '/Game/Andrey/Menu/BP_test_menu_2.BP_test_menu_2_C'!
[2025.05.24-16.40.08:211][920]LogScript: Warning: UGameplayStatics::BeginSpawningActorFromClass: can not spawn an actor from a NULL class
[2025.05.24-16.40.19:671][607]LogSlate: Updating window title bar state: overlay mode, drag disabled, window buttons hidden, title bar hidden
[2025.05.24-16.40.19:671][607]LogWorld: BeginTearingDown for /Game/VRTemplate/Maps/UEDPIE_0_VRTemplateMap
[2025.05.24-16.40.19:671][607]LogWorld: UWorld::CleanupWorld for VRTemplateMap, bSessionEnded=true, bCleanupResources=true
[2025.05.24-16.40.19:672][607]LogSlate: InvalidateAllWidgets triggered.  All widgets were invalidated
[2025.05.24-16.40.19:680][607]LogPlayLevel: Display: Shutting down PIE online subsystems
[2025.05.24-16.40.19:691][607]LogSlate: InvalidateAllWidgets triggered.  All widgets were invalidated
[2025.05.24-16.40.19:737][607]LogAudio: Display: Audio Device unregistered from world 'None'.
[2025.05.24-16.40.19:737][607]LogResonanceAudio: Display: Resonance Audio Listener is shutdown
[2025.05.24-16.40.19:737][607]LogAudioMixer: FMixerPlatformXAudio2::StopAudioStream() called
[2025.05.24-16.40.19:739][607]LogAudioMixer: FMixerPlatformXAudio2::StopAudioStream() called
[2025.05.24-16.40.19:742][607]LogSlate: Updating window title bar state: overlay mode, drag disabled, window buttons hidden, title bar hidden
[2025.05.24-16.40.19:747][607]LogUObjectHash: Compacting FUObjectHashTables data took   3.07ms
[2025.05.24-16.40.19:770][608]LogPlayLevel: Display: Destroying online subsystem :Context_159
[2025.05.24-16.41.14:831][502]LogUObjectHash: Compacting FUObjectHashTables data took   4.80ms
[2025.05.24-16.41.14:847][502]LogSavePackage: Moving '../../../../../../Users/AlisaDI/Documents/MephiTasks/UnrealProject/Saved/VRTemplateMap_Auto20C5E5E4C4E477F93CA644F8074D8E4D2.tmp' to '../../../../../../Users/AlisaDI/Documents/MephiTasks/UnrealProject/Saved/Autosaves/Game/VRTemplate/Maps/VRTemplateMap_Auto2.umap'
[2025.05.24-16.41.14:848][502]LogFileHelpers: Editor autosave (incl. external actors) for '/Game/VRTemplate/Maps/VRTemplateMap' took 0.073
[2025.05.24-16.41.14:848][502]LogFileHelpers: Editor autosave (incl. sublevels & external actors) for all levels took 0.073
[2025.05.24-16.41.14:849][502]OBJ SavePackage: Generating thumbnails for [0] asset(s) in package [/Game/Andrey/Menu/WD_Menu] ([4] browsable assets)...
[2025.05.24-16.41.14:849][502]OBJ SavePackage: Finished generating thumbnails for package [/Game/Andrey/Menu/WD_Menu]
[2025.05.24-16.41.14:926][502]LogSavePackage: Moving '../../../../../../Users/AlisaDI/Documents/MephiTasks/UnrealProject/Saved/WD_Menu_Auto23E4403E74A7181A735E870A4D459AD0D.tmp' to '../../../../../../Users/AlisaDI/Documents/MephiTasks/UnrealProject/Saved/Autosaves/Game/Andrey/Menu/WD_Menu_Auto2.uasset'
[2025.05.24-16.41.14:927][502]OBJ SavePackage: Generating thumbnails for [2] asset(s) in package [/Game/Andrey/Menu/BP_test_menu_2] ([4] browsable assets)...
[2025.05.24-16.41.14:960][502]OBJ SavePackage:     Rendered thumbnail for [Blueprint /Game/Andrey/Menu/BP_test_menu_2.BP_test_menu_2]
[2025.05.24-16.41.14:974][502]OBJ SavePackage:     Rendered thumbnail for [Blueprint /Game/Andrey/Menu/BP_test_menu_2.BP_test_menu_2]
[2025.05.24-16.41.14:975][502]OBJ SavePackage: Finished generating thumbnails for package [/Game/Andrey/Menu/BP_test_menu_2]
[2025.05.24-16.41.14:997][502]LogSavePackage: Moving '../../../../../../Users/AlisaDI/Documents/MephiTasks/UnrealProject/Saved/BP_test_menu_2_Auto2A8ADFF4146DB90AA4254299356B5E902.tmp' to '../../../../../../Users/AlisaDI/Documents/MephiTasks/UnrealProject/Saved/Autosaves/Game/Andrey/Menu/BP_test_menu_2_Auto2.uasset'
[2025.05.24-16.41.14:997][502]OBJ SavePackage: Generating thumbnails for [1] asset(s) in package [/Game/Resources/Materials/MI_Workbench] ([1] browsable assets)...
[2025.05.24-16.41.15:011][502]OBJ SavePackage:     Rendered thumbnail for [MaterialInstanceConstant /Game/Resources/Materials/MI_Workbench.MI_Workbench]
[2025.05.24-16.41.15:011][502]OBJ SavePackage: Finished generating thumbnails for package [/Game/Resources/Materials/MI_Workbench]
[2025.05.24-16.41.15:016][502]LogSavePackage: Moving '../../../../../../Users/AlisaDI/Documents/MephiTasks/UnrealProject/Saved/MI_Workbench_Auto2CF9078ED45C75FB58FE4E9A60B58EA49.tmp' to '../../../../../../Users/AlisaDI/Documents/MephiTasks/UnrealProject/Saved/Autosaves/Game/Resources/Materials/MI_Workbench_Auto2.uasset'
[2025.05.24-16.41.15:016][502]LogFileHelpers: Auto-saving content packages took 0.168
[2025.05.24-16.43.53:727][914]LogEditorTransaction: Undo Move Node
[2025.05.24-16.43.55:614][ 10]LogEditorTransaction: Undo Move Node
[2025.05.24-16.44.01:265][339]LogEditorTransaction: Undo Delete current selection
[2025.05.24-16.44.01:773][354]LogEditorTransaction: Undo Delete current selection
[2025.05.24-16.44.02:079][365]LogEditorTransaction: Undo Move Node
[2025.05.24-16.44.02:440][379]LogEditorTransaction: Undo Paste clipboard contents
[2025.05.24-16.44.02:740][389]LogEditorTransaction: Undo Change Number Pin Value
[2025.05.24-16.44.03:069][401]LogEditorTransaction: Undo Create Pin Link
[2025.05.24-16.44.03:369][412]LogEditorTransaction: Undo Add Node
[2025.05.24-16.44.03:704][425]LogEditorTransaction: Undo Add Node
[2025.05.24-16.44.04:133][443]LogEditorTransaction: Undo Move Node
[2025.05.24-16.44.04:600][464]LogEditorTransaction: Undo Create Pin Link
[2025.05.24-16.44.05:041][483]LogEditorTransaction: Undo Create Pin Link
[2025.05.24-16.46.05:527][605]LogWindowsTextInputMethodSystem: Display: IME system deactivated.
[2025.05.24-16.46.05:527][605]LogWindowsTextInputMethodSystem: Display: IME system deactivated.
[2025.05.24-16.47.21:421][740]LogSlate: Window 'Change Variable Type' being destroyed
[2025.05.24-16.47.24:365][889]LogSlate: Window 'Find in Blueprints' being destroyed
[2025.05.24-16.47.24:368][889]LogSlate: Window 'Find in Blueprints' being destroyed
[2025.05.24-16.47.42:919][962]BlueprintLog: New page: Compile WD_Menu
[2025.05.24-16.47.43:053][962]LogUObjectHash: Compacting FUObjectHashTables data took   4.56ms
[2025.05.24-16.47.43:495][981]Cmd: OBJ SAVEPACKAGE PACKAGE="/Game/Andrey/Menu/WD_Menu" FILE="../../../../../../Users/AlisaDI/Documents/MephiTasks/UnrealProject/Content/Andrey/Menu/WD_Menu.uasset" SILENT=true
[2025.05.24-16.47.43:564][981]LogSavePackage: Moving '../../../../../../Users/AlisaDI/Documents/MephiTasks/UnrealProject/Saved/WD_Menu4C1730304280E2C031FDF2A513B79C66.tmp' to '../../../../../../Users/AlisaDI/Documents/MephiTasks/UnrealProject/Content/Andrey/Menu/WD_Menu.uasset'
[2025.05.24-16.47.43:584][981]AssetCheck: New page: Asset Save: WD_Menu
[2025.05.24-16.47.43:584][981]LogContentValidation: Display: Validating WidgetBlueprint /Game/Andrey/Menu/WD_Menu.WD_Menu
[2025.05.24-16.47.44:972][ 64]LogTemp: Repeating last play command: Simulate
[2025.05.24-16.47.44:978][ 64]LogPlayLevel: PlayLevel: No blueprints needed recompiling
[2025.05.24-16.47.44:978][ 64]PIE: New page: SIE session: VRTemplateMap (24 мая 2025 г., 22:47:44)
[2025.05.24-16.47.44:979][ 64]LogPlayLevel: Creating play world package: /Game/VRTemplate/Maps/UEDPIE_0_VRTemplateMap
[2025.05.24-16.47.44:983][ 64]LogPlayLevel: PIE: StaticDuplicateObject took: (0.004106s)
[2025.05.24-16.47.44:984][ 64]LogAIModule: Creating AISystem for world VRTemplateMap
[2025.05.24-16.47.44:984][ 64]LogPlayLevel: PIE: World Init took: (0.001101s)
[2025.05.24-16.47.44:984][ 64]LogPlayLevel: PIE: Created PIE world by copying editor world from /Game/VRTemplate/Maps/VRTemplateMap.VRTemplateMap to /Game/VRTemplate/Maps/UEDPIE_0_VRTemplateMap.VRTemplateMap (0.005338s)
[2025.05.24-16.47.45:038][ 64]LogUObjectHash: Compacting FUObjectHashTables data took   4.51ms
[2025.05.24-16.47.45:040][ 64]LogAudio: Display: Creating Audio Device:                 Id: 81, Scope: Unique, Realtime: True
[2025.05.24-16.47.45:040][ 64]LogAudioMixer: Display: Audio Mixer Platform Settings:
[2025.05.24-16.47.45:040][ 64]LogAudioMixer: Display: 	Sample Rate:						  48000
[2025.05.24-16.47.45:040][ 64]LogAudioMixer: Display: 	Callback Buffer Frame Size Requested: 1024
[2025.05.24-16.47.45:040][ 64]LogAudioMixer: Display: 	Callback Buffer Frame Size To Use:	  1024
[2025.05.24-16.47.45:040][ 64]LogAudioMixer: Display: 	Number of buffers to queue:			  1
[2025.05.24-16.47.45:040][ 64]LogAudioMixer: Display: 	Max Channels (voices):				  0
[2025.05.24-16.47.45:040][ 64]LogAudioMixer: Display: 	Number of Async Source Workers:		  4
[2025.05.24-16.47.45:040][ 64]LogAudio: Display: AudioDevice MaxSources: 32
[2025.05.24-16.47.45:040][ 64]LogAudio: Display: Audio Spatialization Plugin: Resonance Audio is external send: 1
[2025.05.24-16.47.45:040][ 64]LogAudio: Display: Audio Reverb Plugin: Resonance Audio
[2025.05.24-16.47.45:040][ 64]LogAudio: Display: Audio Occlusion Plugin: None (built-in).
[2025.05.24-16.47.45:040][ 64]LogAudioMixer: Display: Initializing audio mixer.
[2025.05.24-16.47.45:044][ 64]LogAudioMixer: Display: 0: FrontLeft
[2025.05.24-16.47.45:044][ 64]LogAudioMixer: Display: 1: FrontRight
[2025.05.24-16.47.45:088][ 64]LogAudioMixer: Display: Using Audio Device Динамики (Realtek(R) Audio)
[2025.05.24-16.47.45:088][ 64]LogAudioMixer: Display: Initializing Sound Submixes...
[2025.05.24-16.47.45:088][ 64]LogAudioMixer: Display: Creating Master Submix 'MasterSubmixDefault'
[2025.05.24-16.47.45:088][ 64]LogAudioMixer: Display: Creating Master Submix 'MasterReverbSubmixDefault'
[2025.05.24-16.47.45:088][ 64]LogAudioMixer: Display: Creating Master Submix 'MasterEQSubmixDefault'
[2025.05.24-16.47.45:089][ 64]LogAudioMixer: FMixerPlatformXAudio2::StartAudioStream() called
[2025.05.24-16.47.45:089][ 64]LogAudioMixer: Display: Output buffers initialized: Frames=1024, Channels=2, Samples=2048
[2025.05.24-16.47.45:090][ 64]LogAudioMixer: Display: Starting AudioMixerPlatformInterface::RunInternal()
[2025.05.24-16.47.45:090][ 64]LogAudioMixer: Display: FMixerPlatformXAudio2::SubmitBuffer() called for the first time
[2025.05.24-16.47.45:090][ 64]LogInit: FAudioDevice initialized.
[2025.05.24-16.47.45:090][ 64]LogAudio: Display: Audio Device (ID: 81) registered with world 'VRTemplateMap'.
[2025.05.24-16.47.45:098][ 64]LogLoad: Game class is 'VRGameMode_C'
[2025.05.24-16.47.45:100][ 64]LogWorld: Bringing World /Game/VRTemplate/Maps/UEDPIE_0_VRTemplateMap.VRTemplateMap up for play (max tick rate 60) at 2025.05.24-19.47.45
[2025.05.24-16.47.45:101][ 64]LogWorld: Bringing up level for play took: 0.001699
[2025.05.24-16.47.45:101][ 64]LogOnline: OSS: Creating online subsystem instance for: :Context_160
[2025.05.24-16.47.45:103][ 64]LogSpawn: Warning: SpawnActor failed because no class was specified
[2025.05.24-16.47.45:105][ 64]PIE: Server logged in
[2025.05.24-16.47.45:105][ 64]PIE: Play in editor total start time 0,128 seconds.
[2025.05.24-16.47.45:122][ 64]LogResonanceAudio: Display: Resonance Audio Listener is initialized
[2025.05.24-16.47.52:949][529]LogSlate: Updating window title bar state: overlay mode, drag disabled, window buttons hidden, title bar hidden
[2025.05.24-16.47.52:949][529]LogWorld: BeginTearingDown for /Game/VRTemplate/Maps/UEDPIE_0_VRTemplateMap
[2025.05.24-16.47.52:950][529]LogWorld: UWorld::CleanupWorld for VRTemplateMap, bSessionEnded=true, bCleanupResources=true
[2025.05.24-16.47.52:950][529]LogSlate: InvalidateAllWidgets triggered.  All widgets were invalidated
[2025.05.24-16.47.52:958][529]LogPlayLevel: Display: Shutting down PIE online subsystems
[2025.05.24-16.47.52:969][529]LogSlate: InvalidateAllWidgets triggered.  All widgets were invalidated
[2025.05.24-16.47.53:014][529]LogAudio: Display: Audio Device unregistered from world 'None'.
[2025.05.24-16.47.53:015][529]LogResonanceAudio: Display: Resonance Audio Listener is shutdown
[2025.05.24-16.47.53:015][529]LogAudioMixer: FMixerPlatformXAudio2::StopAudioStream() called
[2025.05.24-16.47.53:016][529]LogAudioMixer: FMixerPlatformXAudio2::StopAudioStream() called
[2025.05.24-16.47.53:020][529]LogSlate: Updating window title bar state: overlay mode, drag disabled, window buttons hidden, title bar hidden
[2025.05.24-16.47.53:024][529]LogUObjectHash: Compacting FUObjectHashTables data took   2.77ms
[2025.05.24-16.47.53:059][530]LogPlayLevel: Display: Destroying online subsystem :Context_160
[2025.05.24-16.49.31:255][247]LogWindowsTextInputMethodSystem: Display: IME system deactivated.
[2025.05.24-16.49.31:255][247]LogWindowsTextInputMethodSystem: Display: IME system deactivated.
[2025.05.24-16.49.56:382][727]BlueprintLog: New page: Compile WD_Menu
[2025.05.24-16.49.56:504][727]LogUObjectHash: Compacting FUObjectHashTables data took   3.50ms
[2025.05.24-16.49.56:955][747]Cmd: OBJ SAVEPACKAGE PACKAGE="/Game/Andrey/Menu/WD_Menu" FILE="../../../../../../Users/AlisaDI/Documents/MephiTasks/UnrealProject/Content/Andrey/Menu/WD_Menu.uasset" SILENT=true
[2025.05.24-16.49.57:023][747]LogSavePackage: Moving '../../../../../../Users/AlisaDI/Documents/MephiTasks/UnrealProject/Saved/WD_Menu3483BD20467E8F8199E01286F67A9781.tmp' to '../../../../../../Users/AlisaDI/Documents/MephiTasks/UnrealProject/Content/Andrey/Menu/WD_Menu.uasset'
[2025.05.24-16.49.57:045][747]AssetCheck: New page: Asset Save: WD_Menu
[2025.05.24-16.49.57:045][747]LogContentValidation: Display: Validating WidgetBlueprint /Game/Andrey/Menu/WD_Menu.WD_Menu
[2025.05.24-16.50.00:596][960]LogTemp: Repeating last play command: Simulate
[2025.05.24-16.50.00:601][960]LogPlayLevel: PlayLevel: No blueprints needed recompiling
[2025.05.24-16.50.00:602][960]PIE: New page: SIE session: VRTemplateMap (24 мая 2025 г., 22:50:00)
[2025.05.24-16.50.00:602][960]LogPlayLevel: Creating play world package: /Game/VRTemplate/Maps/UEDPIE_0_VRTemplateMap
[2025.05.24-16.50.00:605][960]LogPlayLevel: PIE: StaticDuplicateObject took: (0.003752s)
[2025.05.24-16.50.00:606][960]LogAIModule: Creating AISystem for world VRTemplateMap
[2025.05.24-16.50.00:607][960]LogPlayLevel: PIE: World Init took: (0.001160s)
[2025.05.24-16.50.00:607][960]LogPlayLevel: PIE: Created PIE world by copying editor world from /Game/VRTemplate/Maps/VRTemplateMap.VRTemplateMap to /Game/VRTemplate/Maps/UEDPIE_0_VRTemplateMap.VRTemplateMap (0.005042s)
[2025.05.24-16.50.00:657][960]LogUObjectHash: Compacting FUObjectHashTables data took   4.41ms
[2025.05.24-16.50.00:659][960]LogAudio: Display: Creating Audio Device:                 Id: 82, Scope: Unique, Realtime: True
[2025.05.24-16.50.00:659][960]LogAudioMixer: Display: Audio Mixer Platform Settings:
[2025.05.24-16.50.00:659][960]LogAudioMixer: Display: 	Sample Rate:						  48000
[2025.05.24-16.50.00:659][960]LogAudioMixer: Display: 	Callback Buffer Frame Size Requested: 1024
[2025.05.24-16.50.00:659][960]LogAudioMixer: Display: 	Callback Buffer Frame Size To Use:	  1024
[2025.05.24-16.50.00:659][960]LogAudioMixer: Display: 	Number of buffers to queue:			  1
[2025.05.24-16.50.00:659][960]LogAudioMixer: Display: 	Max Channels (voices):				  0
[2025.05.24-16.50.00:659][960]LogAudioMixer: Display: 	Number of Async Source Workers:		  4
[2025.05.24-16.50.00:659][960]LogAudio: Display: AudioDevice MaxSources: 32
[2025.05.24-16.50.00:660][960]LogAudio: Display: Audio Spatialization Plugin: Resonance Audio is external send: 1
[2025.05.24-16.50.00:660][960]LogAudio: Display: Audio Reverb Plugin: Resonance Audio
[2025.05.24-16.50.00:660][960]LogAudio: Display: Audio Occlusion Plugin: None (built-in).
[2025.05.24-16.50.00:660][960]LogAudioMixer: Display: Initializing audio mixer.
[2025.05.24-16.50.00:664][960]LogAudioMixer: Display: 0: FrontLeft
[2025.05.24-16.50.00:664][960]LogAudioMixer: Display: 1: FrontRight
[2025.05.24-16.50.00:708][960]LogAudioMixer: Display: Using Audio Device Динамики (Realtek(R) Audio)
[2025.05.24-16.50.00:708][960]LogAudioMixer: Display: Initializing Sound Submixes...
[2025.05.24-16.50.00:708][960]LogAudioMixer: Display: Creating Master Submix 'MasterSubmixDefault'
[2025.05.24-16.50.00:708][960]LogAudioMixer: Display: Creating Master Submix 'MasterReverbSubmixDefault'
[2025.05.24-16.50.00:709][960]LogAudioMixer: Display: Creating Master Submix 'MasterEQSubmixDefault'
[2025.05.24-16.50.00:709][960]LogAudioMixer: FMixerPlatformXAudio2::StartAudioStream() called
[2025.05.24-16.50.00:709][960]LogAudioMixer: Display: Output buffers initialized: Frames=1024, Channels=2, Samples=2048
[2025.05.24-16.50.00:710][960]LogAudioMixer: Display: Starting AudioMixerPlatformInterface::RunInternal()
[2025.05.24-16.50.00:710][960]LogAudioMixer: Display: FMixerPlatformXAudio2::SubmitBuffer() called for the first time
[2025.05.24-16.50.00:710][960]LogInit: FAudioDevice initialized.
[2025.05.24-16.50.00:710][960]LogAudio: Display: Audio Device (ID: 82) registered with world 'VRTemplateMap'.
[2025.05.24-16.50.00:718][960]LogLoad: Game class is 'VRGameMode_C'
[2025.05.24-16.50.00:720][960]LogWorld: Bringing World /Game/VRTemplate/Maps/UEDPIE_0_VRTemplateMap.VRTemplateMap up for play (max tick rate 60) at 2025.05.24-19.50.00
[2025.05.24-16.50.00:720][960]LogWorld: Bringing up level for play took: 0.002083
[2025.05.24-16.50.00:721][960]LogOnline: OSS: Creating online subsystem instance for: :Context_161
[2025.05.24-16.50.00:722][960]LogSpawn: Warning: SpawnActor failed because no class was specified
[2025.05.24-16.50.00:723][960]PIE: Server logged in
[2025.05.24-16.50.00:724][960]PIE: Play in editor total start time 0,124 seconds.
[2025.05.24-16.50.00:738][960]LogResonanceAudio: Display: Resonance Audio Listener is initialized
[2025.05.24-16.50.09:268][470]LogBlueprintUserMessages: [WD_Menu_C_1] Неверно задано количество деталей
[2025.05.24-16.50.13:060][697]LogBlueprintUserMessages: [WD_Menu_C_1] Маленький процент заполнения
[2025.05.24-16.50.39:156][255]LogSlate: Updating window title bar state: overlay mode, drag disabled, window buttons hidden, title bar hidden
[2025.05.24-16.50.39:156][255]LogWorld: BeginTearingDown for /Game/VRTemplate/Maps/UEDPIE_0_VRTemplateMap
[2025.05.24-16.50.39:157][255]LogWorld: UWorld::CleanupWorld for VRTemplateMap, bSessionEnded=true, bCleanupResources=true
[2025.05.24-16.50.39:157][255]LogSlate: InvalidateAllWidgets triggered.  All widgets were invalidated
[2025.05.24-16.50.39:168][255]LogPlayLevel: Display: Shutting down PIE online subsystems
[2025.05.24-16.50.39:181][255]LogSlate: InvalidateAllWidgets triggered.  All widgets were invalidated
[2025.05.24-16.50.39:228][255]LogAudio: Display: Audio Device unregistered from world 'None'.
[2025.05.24-16.50.39:228][255]LogResonanceAudio: Display: Resonance Audio Listener is shutdown
[2025.05.24-16.50.39:228][255]LogAudioMixer: FMixerPlatformXAudio2::StopAudioStream() called
[2025.05.24-16.50.39:230][255]LogAudioMixer: FMixerPlatformXAudio2::StopAudioStream() called
[2025.05.24-16.50.39:235][255]LogSlate: Updating window title bar state: overlay mode, drag disabled, window buttons hidden, title bar hidden
[2025.05.24-16.50.39:240][255]LogUObjectHash: Compacting FUObjectHashTables data took   3.64ms
[2025.05.24-16.50.39:272][256]LogPlayLevel: Display: Destroying online subsystem :Context_161
[2025.05.24-16.50.40:838][350]BlueprintLog: New page: Compile WD_Menu
[2025.05.24-16.50.40:966][350]LogUObjectHash: Compacting FUObjectHashTables data took   4.15ms
[2025.05.24-16.50.41:377][366]Cmd: OBJ SAVEPACKAGE PACKAGE="/Game/Andrey/Menu/WD_Menu" FILE="../../../../../../Users/AlisaDI/Documents/MephiTasks/UnrealProject/Content/Andrey/Menu/WD_Menu.uasset" SILENT=true
[2025.05.24-16.50.41:447][366]LogSavePackage: Moving '../../../../../../Users/AlisaDI/Documents/MephiTasks/UnrealProject/Saved/WD_Menu4231918C4EE352F895260C8C895EFD1E.tmp' to '../../../../../../Users/AlisaDI/Documents/MephiTasks/UnrealProject/Content/Andrey/Menu/WD_Menu.uasset'
[2025.05.24-16.50.41:465][366]AssetCheck: New page: Asset Save: WD_Menu
[2025.05.24-16.50.41:465][366]LogContentValidation: Display: Validating WidgetBlueprint /Game/Andrey/Menu/WD_Menu.WD_Menu
[2025.05.24-16.51.22:261][797]LogTemp: Repeating last play command: Simulate
[2025.05.24-16.51.22:266][797]LogPlayLevel: PlayLevel: No blueprints needed recompiling
[2025.05.24-16.51.22:266][797]PIE: New page: SIE session: VRTemplateMap (24 мая 2025 г., 22:51:22)
[2025.05.24-16.51.22:266][797]LogPlayLevel: Creating play world package: /Game/VRTemplate/Maps/UEDPIE_0_VRTemplateMap
[2025.05.24-16.51.22:270][797]LogPlayLevel: PIE: StaticDuplicateObject took: (0.003667s)
[2025.05.24-16.51.22:270][797]LogAIModule: Creating AISystem for world VRTemplateMap
[2025.05.24-16.51.22:271][797]LogPlayLevel: PIE: World Init took: (0.000857s)
[2025.05.24-16.51.22:271][797]LogPlayLevel: PIE: Created PIE world by copying editor world from /Game/VRTemplate/Maps/VRTemplateMap.VRTemplateMap to /Game/VRTemplate/Maps/UEDPIE_0_VRTemplateMap.VRTemplateMap (0.004637s)
[2025.05.24-16.51.22:324][797]LogUObjectHash: Compacting FUObjectHashTables data took   4.10ms
[2025.05.24-16.51.22:327][797]LogAudio: Display: Creating Audio Device:                 Id: 83, Scope: Unique, Realtime: True
[2025.05.24-16.51.22:327][797]LogAudioMixer: Display: Audio Mixer Platform Settings:
[2025.05.24-16.51.22:327][797]LogAudioMixer: Display: 	Sample Rate:						  48000
[2025.05.24-16.51.22:327][797]LogAudioMixer: Display: 	Callback Buffer Frame Size Requested: 1024
[2025.05.24-16.51.22:327][797]LogAudioMixer: Display: 	Callback Buffer Frame Size To Use:	  1024
[2025.05.24-16.51.22:327][797]LogAudioMixer: Display: 	Number of buffers to queue:			  1
[2025.05.24-16.51.22:327][797]LogAudioMixer: Display: 	Max Channels (voices):				  0
[2025.05.24-16.51.22:327][797]LogAudioMixer: Display: 	Number of Async Source Workers:		  4
[2025.05.24-16.51.22:327][797]LogAudio: Display: AudioDevice MaxSources: 32
[2025.05.24-16.51.22:328][797]LogAudio: Display: Audio Spatialization Plugin: Resonance Audio is external send: 1
[2025.05.24-16.51.22:328][797]LogAudio: Display: Audio Reverb Plugin: Resonance Audio
[2025.05.24-16.51.22:328][797]LogAudio: Display: Audio Occlusion Plugin: None (built-in).
[2025.05.24-16.51.22:328][797]LogAudioMixer: Display: Initializing audio mixer.
[2025.05.24-16.51.22:332][797]LogAudioMixer: Display: 0: FrontLeft
[2025.05.24-16.51.22:332][797]LogAudioMixer: Display: 1: FrontRight
[2025.05.24-16.51.22:377][797]LogAudioMixer: Display: Using Audio Device Динамики (Realtek(R) Audio)
[2025.05.24-16.51.22:377][797]LogAudioMixer: Display: Initializing Sound Submixes...
[2025.05.24-16.51.22:377][797]LogAudioMixer: Display: Creating Master Submix 'MasterSubmixDefault'
[2025.05.24-16.51.22:377][797]LogAudioMixer: Display: Creating Master Submix 'MasterReverbSubmixDefault'
[2025.05.24-16.51.22:378][797]LogAudioMixer: Display: Creating Master Submix 'MasterEQSubmixDefault'
[2025.05.24-16.51.22:378][797]LogAudioMixer: FMixerPlatformXAudio2::StartAudioStream() called
[2025.05.24-16.51.22:378][797]LogAudioMixer: Display: Output buffers initialized: Frames=1024, Channels=2, Samples=2048
[2025.05.24-16.51.22:379][797]LogAudioMixer: Display: Starting AudioMixerPlatformInterface::RunInternal()
[2025.05.24-16.51.22:379][797]LogAudioMixer: Display: FMixerPlatformXAudio2::SubmitBuffer() called for the first time
[2025.05.24-16.51.22:379][797]LogInit: FAudioDevice initialized.
[2025.05.24-16.51.22:379][797]LogAudio: Display: Audio Device (ID: 83) registered with world 'VRTemplateMap'.
[2025.05.24-16.51.22:390][797]LogLoad: Game class is 'VRGameMode_C'
[2025.05.24-16.51.22:392][797]LogWorld: Bringing World /Game/VRTemplate/Maps/UEDPIE_0_VRTemplateMap.VRTemplateMap up for play (max tick rate 60) at 2025.05.24-19.51.22
[2025.05.24-16.51.22:393][797]LogWorld: Bringing up level for play took: 0.001323
[2025.05.24-16.51.22:393][797]LogOnline: OSS: Creating online subsystem instance for: :Context_162
[2025.05.24-16.51.22:394][797]LogSpawn: Warning: SpawnActor failed because no class was specified
[2025.05.24-16.51.22:395][797]PIE: Server logged in
[2025.05.24-16.51.22:396][797]PIE: Play in editor total start time 0,131 seconds.
[2025.05.24-16.51.22:412][797]LogResonanceAudio: Display: Resonance Audio Listener is initialized
[2025.05.24-16.51.31:427][334]LogSlate: Updating window title bar state: overlay mode, drag disabled, window buttons hidden, title bar hidden
[2025.05.24-16.51.31:427][334]LogWorld: BeginTearingDown for /Game/VRTemplate/Maps/UEDPIE_0_VRTemplateMap
[2025.05.24-16.51.31:428][334]LogWorld: UWorld::CleanupWorld for VRTemplateMap, bSessionEnded=true, bCleanupResources=true
[2025.05.24-16.51.31:428][334]LogSlate: InvalidateAllWidgets triggered.  All widgets were invalidated
[2025.05.24-16.51.31:441][334]LogPlayLevel: Display: Shutting down PIE online subsystems
[2025.05.24-16.51.31:453][334]LogSlate: InvalidateAllWidgets triggered.  All widgets were invalidated
[2025.05.24-16.51.31:501][334]LogAudio: Display: Audio Device unregistered from world 'None'.
[2025.05.24-16.51.31:501][334]LogResonanceAudio: Display: Resonance Audio Listener is shutdown
[2025.05.24-16.51.31:501][334]LogAudioMixer: FMixerPlatformXAudio2::StopAudioStream() called
[2025.05.24-16.51.31:502][334]LogAudioMixer: FMixerPlatformXAudio2::StopAudioStream() called
[2025.05.24-16.51.31:506][334]LogSlate: Updating window title bar state: overlay mode, drag disabled, window buttons hidden, title bar hidden
[2025.05.24-16.51.31:511][334]LogUObjectHash: Compacting FUObjectHashTables data took   3.22ms
[2025.05.24-16.51.31:543][335]LogPlayLevel: Display: Destroying online subsystem :Context_162
[2025.05.24-16.51.32:102][367]LogTemp: Repeating last play command: Simulate
[2025.05.24-16.51.32:106][367]LogPlayLevel: PlayLevel: No blueprints needed recompiling
[2025.05.24-16.51.32:107][367]PIE: New page: SIE session: VRTemplateMap (24 мая 2025 г., 22:51:32)
[2025.05.24-16.51.32:107][367]LogPlayLevel: Creating play world package: /Game/VRTemplate/Maps/UEDPIE_0_VRTemplateMap
[2025.05.24-16.51.32:110][367]LogPlayLevel: PIE: StaticDuplicateObject took: (0.003418s)
[2025.05.24-16.51.32:111][367]LogAIModule: Creating AISystem for world VRTemplateMap
[2025.05.24-16.51.32:111][367]LogPlayLevel: PIE: World Init took: (0.000939s)
[2025.05.24-16.51.32:111][367]LogPlayLevel: PIE: Created PIE world by copying editor world from /Game/VRTemplate/Maps/VRTemplateMap.VRTemplateMap to /Game/VRTemplate/Maps/UEDPIE_0_VRTemplateMap.VRTemplateMap (0.004464s)
[2025.05.24-16.51.32:158][367]LogUObjectHash: Compacting FUObjectHashTables data took   3.14ms
[2025.05.24-16.51.32:159][367]LogAudio: Display: Creating Audio Device:                 Id: 84, Scope: Unique, Realtime: True
[2025.05.24-16.51.32:159][367]LogAudioMixer: Display: Audio Mixer Platform Settings:
[2025.05.24-16.51.32:159][367]LogAudioMixer: Display: 	Sample Rate:						  48000
[2025.05.24-16.51.32:159][367]LogAudioMixer: Display: 	Callback Buffer Frame Size Requested: 1024
[2025.05.24-16.51.32:159][367]LogAudioMixer: Display: 	Callback Buffer Frame Size To Use:	  1024
[2025.05.24-16.51.32:159][367]LogAudioMixer: Display: 	Number of buffers to queue:			  1
[2025.05.24-16.51.32:159][367]LogAudioMixer: Display: 	Max Channels (voices):				  0
[2025.05.24-16.51.32:159][367]LogAudioMixer: Display: 	Number of Async Source Workers:		  4
[2025.05.24-16.51.32:159][367]LogAudio: Display: AudioDevice MaxSources: 32
[2025.05.24-16.51.32:160][367]LogAudio: Display: Audio Spatialization Plugin: Resonance Audio is external send: 1
[2025.05.24-16.51.32:160][367]LogAudio: Display: Audio Reverb Plugin: Resonance Audio
[2025.05.24-16.51.32:160][367]LogAudio: Display: Audio Occlusion Plugin: None (built-in).
[2025.05.24-16.51.32:160][367]LogAudioMixer: Display: Initializing audio mixer.
[2025.05.24-16.51.32:164][367]LogAudioMixer: Display: 0: FrontLeft
[2025.05.24-16.51.32:164][367]LogAudioMixer: Display: 1: FrontRight
[2025.05.24-16.51.32:209][367]LogAudioMixer: Display: Using Audio Device Динамики (Realtek(R) Audio)
[2025.05.24-16.51.32:209][367]LogAudioMixer: Display: Initializing Sound Submixes...
[2025.05.24-16.51.32:210][367]LogAudioMixer: Display: Creating Master Submix 'MasterSubmixDefault'
[2025.05.24-16.51.32:210][367]LogAudioMixer: Display: Creating Master Submix 'MasterReverbSubmixDefault'
[2025.05.24-16.51.32:210][367]LogAudioMixer: Display: Creating Master Submix 'MasterEQSubmixDefault'
[2025.05.24-16.51.32:210][367]LogAudioMixer: FMixerPlatformXAudio2::StartAudioStream() called
[2025.05.24-16.51.32:210][367]LogAudioMixer: Display: Output buffers initialized: Frames=1024, Channels=2, Samples=2048
[2025.05.24-16.51.32:211][367]LogAudioMixer: Display: Starting AudioMixerPlatformInterface::RunInternal()
[2025.05.24-16.51.32:211][367]LogAudioMixer: Display: FMixerPlatformXAudio2::SubmitBuffer() called for the first time
[2025.05.24-16.51.32:211][367]LogInit: FAudioDevice initialized.
[2025.05.24-16.51.32:211][367]LogAudio: Display: Audio Device (ID: 84) registered with world 'VRTemplateMap'.
[2025.05.24-16.51.32:216][367]LogLoad: Game class is 'VRGameMode_C'
[2025.05.24-16.51.32:218][367]LogWorld: Bringing World /Game/VRTemplate/Maps/UEDPIE_0_VRTemplateMap.VRTemplateMap up for play (max tick rate 60) at 2025.05.24-19.51.32
[2025.05.24-16.51.32:219][367]LogWorld: Bringing up level for play took: 0.001262
[2025.05.24-16.51.32:219][367]LogOnline: OSS: Creating online subsystem instance for: :Context_163
[2025.05.24-16.51.32:220][367]LogSpawn: Warning: SpawnActor failed because no class was specified
[2025.05.24-16.51.32:221][367]PIE: Server logged in
[2025.05.24-16.51.32:222][367]PIE: Play in editor total start time 0,116 seconds.
[2025.05.24-16.51.32:235][367]LogResonanceAudio: Display: Resonance Audio Listener is initialized
[2025.05.24-16.51.55:997][788]LogSlate: Updating window title bar state: overlay mode, drag disabled, window buttons hidden, title bar hidden
[2025.05.24-16.51.55:998][788]LogWorld: BeginTearingDown for /Game/VRTemplate/Maps/UEDPIE_0_VRTemplateMap
[2025.05.24-16.51.55:998][788]LogWorld: UWorld::CleanupWorld for VRTemplateMap, bSessionEnded=true, bCleanupResources=true
[2025.05.24-16.51.55:998][788]LogSlate: InvalidateAllWidgets triggered.  All widgets were invalidated
[2025.05.24-16.51.56:009][788]LogPlayLevel: Display: Shutting down PIE online subsystems
[2025.05.24-16.51.56:022][788]LogSlate: InvalidateAllWidgets triggered.  All widgets were invalidated
[2025.05.24-16.51.56:069][788]LogSlate: Updating window title bar state: overlay mode, drag disabled, window buttons hidden, title bar hidden
[2025.05.24-16.51.56:070][788]LogResonanceAudio: Display: Resonance Audio Listener is shutdown
[2025.05.24-16.51.56:070][788]LogAudioMixer: FMixerPlatformXAudio2::StopAudioStream() called
[2025.05.24-16.51.56:071][788]LogAudioMixer: FMixerPlatformXAudio2::StopAudioStream() called
[2025.05.24-16.51.56:080][788]LogUObjectHash: Compacting FUObjectHashTables data took   3.77ms
[2025.05.24-16.51.56:116][789]LogPlayLevel: Display: Destroying online subsystem :Context_163
[2025.05.24-16.51.58:194][913]LogTemp: Repeating last play command: Simulate
[2025.05.24-16.51.58:199][913]LogPlayLevel: PlayLevel: No blueprints needed recompiling
[2025.05.24-16.51.58:199][913]PIE: New page: SIE session: VRTemplateMap (24 мая 2025 г., 22:51:58)
[2025.05.24-16.51.58:199][913]LogPlayLevel: Creating play world package: /Game/VRTemplate/Maps/UEDPIE_0_VRTemplateMap
[2025.05.24-16.51.58:203][913]LogPlayLevel: PIE: StaticDuplicateObject took: (0.003669s)
[2025.05.24-16.51.58:203][913]LogAIModule: Creating AISystem for world VRTemplateMap
[2025.05.24-16.51.58:204][913]LogPlayLevel: PIE: World Init took: (0.000957s)
[2025.05.24-16.51.58:204][913]LogPlayLevel: PIE: Created PIE world by copying editor world from /Game/VRTemplate/Maps/VRTemplateMap.VRTemplateMap to /Game/VRTemplate/Maps/UEDPIE_0_VRTemplateMap.VRTemplateMap (0.004738s)
[2025.05.24-16.51.58:251][913]LogUObjectHash: Compacting FUObjectHashTables data took   3.11ms
[2025.05.24-16.51.58:253][913]LogAudio: Display: Creating Audio Device:                 Id: 85, Scope: Unique, Realtime: True
[2025.05.24-16.51.58:253][913]LogAudioMixer: Display: Audio Mixer Platform Settings:
[2025.05.24-16.51.58:253][913]LogAudioMixer: Display: 	Sample Rate:						  48000
[2025.05.24-16.51.58:253][913]LogAudioMixer: Display: 	Callback Buffer Frame Size Requested: 1024
[2025.05.24-16.51.58:253][913]LogAudioMixer: Display: 	Callback Buffer Frame Size To Use:	  1024
[2025.05.24-16.51.58:253][913]LogAudioMixer: Display: 	Number of buffers to queue:			  1
[2025.05.24-16.51.58:253][913]LogAudioMixer: Display: 	Max Channels (voices):				  0
[2025.05.24-16.51.58:253][913]LogAudioMixer: Display: 	Number of Async Source Workers:		  4
[2025.05.24-16.51.58:253][913]LogAudio: Display: AudioDevice MaxSources: 32
[2025.05.24-16.51.58:253][913]LogAudio: Display: Audio Spatialization Plugin: Resonance Audio is external send: 1
[2025.05.24-16.51.58:253][913]LogAudio: Display: Audio Reverb Plugin: Resonance Audio
[2025.05.24-16.51.58:253][913]LogAudio: Display: Audio Occlusion Plugin: None (built-in).
[2025.05.24-16.51.58:253][913]LogAudioMixer: Display: Initializing audio mixer.
[2025.05.24-16.51.58:257][913]LogAudioMixer: Display: 0: FrontLeft
[2025.05.24-16.51.58:257][913]LogAudioMixer: Display: 1: FrontRight
[2025.05.24-16.51.58:294][913]LogAudioMixer: Display: Using Audio Device Динамики (Realtek(R) Audio)
[2025.05.24-16.51.58:294][913]LogAudioMixer: Display: Initializing Sound Submixes...
[2025.05.24-16.51.58:294][913]LogAudioMixer: Display: Creating Master Submix 'MasterSubmixDefault'
[2025.05.24-16.51.58:294][913]LogAudioMixer: Display: Creating Master Submix 'MasterReverbSubmixDefault'
[2025.05.24-16.51.58:294][913]LogAudioMixer: Display: Creating Master Submix 'MasterEQSubmixDefault'
[2025.05.24-16.51.58:295][913]LogAudioMixer: FMixerPlatformXAudio2::StartAudioStream() called
[2025.05.24-16.51.58:295][913]LogAudioMixer: Display: Output buffers initialized: Frames=1024, Channels=2, Samples=2048
[2025.05.24-16.51.58:296][913]LogAudioMixer: Display: Starting AudioMixerPlatformInterface::RunInternal()
[2025.05.24-16.51.58:296][913]LogAudioMixer: Display: FMixerPlatformXAudio2::SubmitBuffer() called for the first time
[2025.05.24-16.51.58:296][913]LogInit: FAudioDevice initialized.
[2025.05.24-16.51.58:296][913]LogAudio: Display: Audio Device (ID: 85) registered with world 'VRTemplateMap'.
[2025.05.24-16.51.58:302][913]LogLoad: Game class is 'VRGameMode_C'
[2025.05.24-16.51.58:304][913]LogWorld: Bringing World /Game/VRTemplate/Maps/UEDPIE_0_VRTemplateMap.VRTemplateMap up for play (max tick rate 60) at 2025.05.24-19.51.58
[2025.05.24-16.51.58:305][913]LogWorld: Bringing up level for play took: 0.001493
[2025.05.24-16.51.58:305][913]LogOnline: OSS: Creating online subsystem instance for: :Context_164
[2025.05.24-16.51.58:306][913]LogSpawn: Warning: SpawnActor failed because no class was specified
[2025.05.24-16.51.58:308][913]PIE: Server logged in
[2025.05.24-16.51.58:309][913]PIE: Play in editor total start time 0,111 seconds.
[2025.05.24-16.51.58:322][913]LogResonanceAudio: Display: Resonance Audio Listener is initialized
[2025.05.24-16.52.05:988][371]LogBlueprintUserMessages: [WD_Menu_C_1] Неверно задано количество деталей
[2025.05.24-16.52.19:594][182]LogBlueprintUserMessages: [WD_Menu_C_1] Должны быть поддержки
[2025.05.24-16.52.26:649][603]LogSlate: Updating window title bar state: overlay mode, drag disabled, window buttons hidden, title bar hidden
[2025.05.24-16.52.26:649][603]LogWorld: BeginTearingDown for /Game/VRTemplate/Maps/UEDPIE_0_VRTemplateMap
[2025.05.24-16.52.26:649][603]LogWorld: UWorld::CleanupWorld for VRTemplateMap, bSessionEnded=true, bCleanupResources=true
[2025.05.24-16.52.26:650][603]LogSlate: InvalidateAllWidgets triggered.  All widgets were invalidated
[2025.05.24-16.52.26:658][603]LogPlayLevel: Display: Shutting down PIE online subsystems
[2025.05.24-16.52.26:670][603]LogSlate: InvalidateAllWidgets triggered.  All widgets were invalidated
[2025.05.24-16.52.26:716][603]LogSlate: Updating window title bar state: overlay mode, drag disabled, window buttons hidden, title bar hidden
[2025.05.24-16.52.26:717][603]LogResonanceAudio: Display: Resonance Audio Listener is shutdown
[2025.05.24-16.52.26:717][603]LogAudioMixer: FMixerPlatformXAudio2::StopAudioStream() called
[2025.05.24-16.52.26:718][603]LogAudioMixer: FMixerPlatformXAudio2::StopAudioStream() called
[2025.05.24-16.52.26:727][603]LogUObjectHash: Compacting FUObjectHashTables data took   3.36ms
[2025.05.24-16.52.26:763][604]LogPlayLevel: Display: Destroying online subsystem :Context_164
[2025.05.24-16.52.27:594][654]LogTemp: Repeating last play command: Simulate
[2025.05.24-16.52.27:601][654]LogPlayLevel: PlayLevel: No blueprints needed recompiling
[2025.05.24-16.52.27:601][654]PIE: New page: SIE session: VRTemplateMap (24 мая 2025 г., 22:52:27)
[2025.05.24-16.52.27:601][654]LogPlayLevel: Creating play world package: /Game/VRTemplate/Maps/UEDPIE_0_VRTemplateMap
[2025.05.24-16.52.27:605][654]LogPlayLevel: PIE: StaticDuplicateObject took: (0.004213s)
[2025.05.24-16.52.27:606][654]LogAIModule: Creating AISystem for world VRTemplateMap
[2025.05.24-16.52.27:606][654]LogPlayLevel: PIE: World Init took: (0.001064s)
[2025.05.24-16.52.27:606][654]LogPlayLevel: PIE: Created PIE world by copying editor world from /Game/VRTemplate/Maps/VRTemplateMap.VRTemplateMap to /Game/VRTemplate/Maps/UEDPIE_0_VRTemplateMap.VRTemplateMap (0.005423s)
[2025.05.24-16.52.27:657][654]LogUObjectHash: Compacting FUObjectHashTables data took   3.53ms
[2025.05.24-16.52.27:658][654]LogAudio: Display: Creating Audio Device:                 Id: 86, Scope: Unique, Realtime: True
[2025.05.24-16.52.27:658][654]LogAudioMixer: Display: Audio Mixer Platform Settings:
[2025.05.24-16.52.27:658][654]LogAudioMixer: Display: 	Sample Rate:						  48000
[2025.05.24-16.52.27:658][654]LogAudioMixer: Display: 	Callback Buffer Frame Size Requested: 1024
[2025.05.24-16.52.27:658][654]LogAudioMixer: Display: 	Callback Buffer Frame Size To Use:	  1024
[2025.05.24-16.52.27:658][654]LogAudioMixer: Display: 	Number of buffers to queue:			  1
[2025.05.24-16.52.27:658][654]LogAudioMixer: Display: 	Max Channels (voices):				  0
[2025.05.24-16.52.27:658][654]LogAudioMixer: Display: 	Number of Async Source Workers:		  4
[2025.05.24-16.52.27:658][654]LogAudio: Display: AudioDevice MaxSources: 32
[2025.05.24-16.52.27:659][654]LogAudio: Display: Audio Spatialization Plugin: Resonance Audio is external send: 1
[2025.05.24-16.52.27:659][654]LogAudio: Display: Audio Reverb Plugin: Resonance Audio
[2025.05.24-16.52.27:659][654]LogAudio: Display: Audio Occlusion Plugin: None (built-in).
[2025.05.24-16.52.27:659][654]LogAudioMixer: Display: Initializing audio mixer.
[2025.05.24-16.52.27:663][654]LogAudioMixer: Display: 0: FrontLeft
[2025.05.24-16.52.27:663][654]LogAudioMixer: Display: 1: FrontRight
[2025.05.24-16.52.27:710][654]LogAudioMixer: Display: Using Audio Device Динамики (Realtek(R) Audio)
[2025.05.24-16.52.27:711][654]LogAudioMixer: Display: Initializing Sound Submixes...
[2025.05.24-16.52.27:711][654]LogAudioMixer: Display: Creating Master Submix 'MasterSubmixDefault'
[2025.05.24-16.52.27:711][654]LogAudioMixer: Display: Creating Master Submix 'MasterReverbSubmixDefault'
[2025.05.24-16.52.27:711][654]LogAudioMixer: Display: Creating Master Submix 'MasterEQSubmixDefault'
[2025.05.24-16.52.27:711][654]LogAudioMixer: FMixerPlatformXAudio2::StartAudioStream() called
[2025.05.24-16.52.27:711][654]LogAudioMixer: Display: Output buffers initialized: Frames=1024, Channels=2, Samples=2048
[2025.05.24-16.52.27:712][654]LogAudioMixer: Display: Starting AudioMixerPlatformInterface::RunInternal()
[2025.05.24-16.52.27:713][654]LogAudioMixer: Display: FMixerPlatformXAudio2::SubmitBuffer() called for the first time
[2025.05.24-16.52.27:713][654]LogInit: FAudioDevice initialized.
[2025.05.24-16.52.27:713][654]LogAudio: Display: Audio Device (ID: 86) registered with world 'VRTemplateMap'.
[2025.05.24-16.52.27:720][654]LogLoad: Game class is 'VRGameMode_C'
[2025.05.24-16.52.27:722][654]LogWorld: Bringing World /Game/VRTemplate/Maps/UEDPIE_0_VRTemplateMap.VRTemplateMap up for play (max tick rate 60) at 2025.05.24-19.52.27
[2025.05.24-16.52.27:723][654]LogWorld: Bringing up level for play took: 0.001310
[2025.05.24-16.52.27:723][654]LogOnline: OSS: Creating online subsystem instance for: :Context_165
[2025.05.24-16.52.27:724][654]LogSpawn: Warning: SpawnActor failed because no class was specified
[2025.05.24-16.52.27:725][654]PIE: Server logged in
[2025.05.24-16.52.27:726][654]PIE: Play in editor total start time 0,128 seconds.
[2025.05.24-16.52.27:739][654]LogResonanceAudio: Display: Resonance Audio Listener is initialized
[2025.05.24-16.52.58:250][480]LogBlueprintUserMessages: [WD_Menu_C_1] Должны быть поддержки
[2025.05.24-16.53.04:633][857]LogSlate: Updating window title bar state: overlay mode, drag disabled, window buttons hidden, title bar hidden
[2025.05.24-16.53.04:633][857]LogWorld: BeginTearingDown for /Game/VRTemplate/Maps/UEDPIE_0_VRTemplateMap
[2025.05.24-16.53.04:633][857]LogWorld: UWorld::CleanupWorld for VRTemplateMap, bSessionEnded=true, bCleanupResources=true
[2025.05.24-16.53.04:634][857]LogSlate: InvalidateAllWidgets triggered.  All widgets were invalidated
[2025.05.24-16.53.04:645][857]LogPlayLevel: Display: Shutting down PIE online subsystems
[2025.05.24-16.53.04:658][857]LogSlate: InvalidateAllWidgets triggered.  All widgets were invalidated
[2025.05.24-16.53.04:703][857]LogSlate: Updating window title bar state: overlay mode, drag disabled, window buttons hidden, title bar hidden
[2025.05.24-16.53.04:703][857]LogResonanceAudio: Display: Resonance Audio Listener is shutdown
[2025.05.24-16.53.04:703][857]LogAudioMixer: FMixerPlatformXAudio2::StopAudioStream() called
[2025.05.24-16.53.04:705][857]LogAudioMixer: FMixerPlatformXAudio2::StopAudioStream() called
[2025.05.24-16.53.04:713][857]LogUObjectHash: Compacting FUObjectHashTables data took   3.12ms
[2025.05.24-16.53.04:735][858]LogPlayLevel: Display: Destroying online subsystem :Context_165
[2025.05.24-16.53.10:647][210]LogWindowsTextInputMethodSystem: Display: IME system deactivated.
[2025.05.24-16.53.10:647][210]LogWindowsTextInputMethodSystem: Display: IME system deactivated.
[2025.05.24-16.53.13:098][357]LogWindowsTextInputMethodSystem: Display: IME system deactivated.
[2025.05.24-16.53.13:098][357]LogWindowsTextInputMethodSystem: Display: IME system deactivated.
[2025.05.24-16.53.15:111][477]BlueprintLog: New page: Compile WD_Menu
[2025.05.24-16.53.15:237][477]LogUObjectHash: Compacting FUObjectHashTables data took   3.91ms
[2025.05.24-16.53.16:398][538]Cmd: OBJ SAVEPACKAGE PACKAGE="/Game/Andrey/Menu/WD_Menu" FILE="../../../../../../Users/AlisaDI/Documents/MephiTasks/UnrealProject/Content/Andrey/Menu/WD_Menu.uasset" SILENT=true
[2025.05.24-16.53.16:477][538]LogSavePackage: Moving '../../../../../../Users/AlisaDI/Documents/MephiTasks/UnrealProject/Saved/WD_MenuD1BBFB424158014DC3FF299ED5721A31.tmp' to '../../../../../../Users/AlisaDI/Documents/MephiTasks/UnrealProject/Content/Andrey/Menu/WD_Menu.uasset'
[2025.05.24-16.53.16:498][538]AssetCheck: New page: Asset Save: WD_Menu
[2025.05.24-16.53.16:498][538]LogContentValidation: Display: Validating WidgetBlueprint /Game/Andrey/Menu/WD_Menu.WD_Menu
[2025.05.24-16.53.17:699][609]LogTemp: Repeating last play command: Simulate
[2025.05.24-16.53.17:704][609]LogPlayLevel: PlayLevel: No blueprints needed recompiling
[2025.05.24-16.53.17:704][609]PIE: New page: SIE session: VRTemplateMap (24 мая 2025 г., 22:53:17)
[2025.05.24-16.53.17:704][609]LogPlayLevel: Creating play world package: /Game/VRTemplate/Maps/UEDPIE_0_VRTemplateMap
[2025.05.24-16.53.17:707][609]LogPlayLevel: PIE: StaticDuplicateObject took: (0.003354s)
[2025.05.24-16.53.17:708][609]LogAIModule: Creating AISystem for world VRTemplateMap
[2025.05.24-16.53.17:708][609]LogPlayLevel: PIE: World Init took: (0.000882s)
[2025.05.24-16.53.17:708][609]LogPlayLevel: PIE: Created PIE world by copying editor world from /Game/VRTemplate/Maps/VRTemplateMap.VRTemplateMap to /Game/VRTemplate/Maps/UEDPIE_0_VRTemplateMap.VRTemplateMap (0.004336s)
[2025.05.24-16.53.17:760][609]LogUObjectHash: Compacting FUObjectHashTables data took   3.97ms
[2025.05.24-16.53.17:761][609]LogAudio: Display: Creating Audio Device:                 Id: 87, Scope: Unique, Realtime: True
[2025.05.24-16.53.17:761][609]LogAudioMixer: Display: Audio Mixer Platform Settings:
[2025.05.24-16.53.17:761][609]LogAudioMixer: Display: 	Sample Rate:						  48000
[2025.05.24-16.53.17:761][609]LogAudioMixer: Display: 	Callback Buffer Frame Size Requested: 1024
[2025.05.24-16.53.17:761][609]LogAudioMixer: Display: 	Callback Buffer Frame Size To Use:	  1024
[2025.05.24-16.53.17:761][609]LogAudioMixer: Display: 	Number of buffers to queue:			  1
[2025.05.24-16.53.17:761][609]LogAudioMixer: Display: 	Max Channels (voices):				  0
[2025.05.24-16.53.17:761][609]LogAudioMixer: Display: 	Number of Async Source Workers:		  4
[2025.05.24-16.53.17:761][609]LogAudio: Display: AudioDevice MaxSources: 32
[2025.05.24-16.53.17:762][609]LogAudio: Display: Audio Spatialization Plugin: Resonance Audio is external send: 1
[2025.05.24-16.53.17:762][609]LogAudio: Display: Audio Reverb Plugin: Resonance Audio
[2025.05.24-16.53.17:762][609]LogAudio: Display: Audio Occlusion Plugin: None (built-in).
[2025.05.24-16.53.17:762][609]LogAudioMixer: Display: Initializing audio mixer.
[2025.05.24-16.53.17:765][609]LogAudioMixer: Display: 0: FrontLeft
[2025.05.24-16.53.17:765][609]LogAudioMixer: Display: 1: FrontRight
[2025.05.24-16.53.17:800][609]LogAudioMixer: Display: Using Audio Device Динамики (Realtek(R) Audio)
[2025.05.24-16.53.17:801][609]LogAudioMixer: Display: Initializing Sound Submixes...
[2025.05.24-16.53.17:801][609]LogAudioMixer: Display: Creating Master Submix 'MasterSubmixDefault'
[2025.05.24-16.53.17:801][609]LogAudioMixer: Display: Creating Master Submix 'MasterReverbSubmixDefault'
[2025.05.24-16.53.17:801][609]LogAudioMixer: Display: Creating Master Submix 'MasterEQSubmixDefault'
[2025.05.24-16.53.17:801][609]LogAudioMixer: FMixerPlatformXAudio2::StartAudioStream() called
[2025.05.24-16.53.17:801][609]LogAudioMixer: Display: Output buffers initialized: Frames=1024, Channels=2, Samples=2048
[2025.05.24-16.53.17:802][609]LogAudioMixer: Display: Starting AudioMixerPlatformInterface::RunInternal()
[2025.05.24-16.53.17:802][609]LogAudioMixer: Display: FMixerPlatformXAudio2::SubmitBuffer() called for the first time
[2025.05.24-16.53.17:802][609]LogInit: FAudioDevice initialized.
[2025.05.24-16.53.17:802][609]LogAudio: Display: Audio Device (ID: 87) registered with world 'VRTemplateMap'.
[2025.05.24-16.53.17:808][609]LogLoad: Game class is 'VRGameMode_C'
[2025.05.24-16.53.17:810][609]LogWorld: Bringing World /Game/VRTemplate/Maps/UEDPIE_0_VRTemplateMap.VRTemplateMap up for play (max tick rate 60) at 2025.05.24-19.53.17
[2025.05.24-16.53.17:810][609]LogWorld: Bringing up level for play took: 0.001309
[2025.05.24-16.53.17:810][609]LogOnline: OSS: Creating online subsystem instance for: :Context_166
[2025.05.24-16.53.17:811][609]LogSpawn: Warning: SpawnActor failed because no class was specified
[2025.05.24-16.53.17:813][609]PIE: Server logged in
[2025.05.24-16.53.17:813][609]PIE: Play in editor total start time 0,11 seconds.
[2025.05.24-16.53.17:828][609]LogResonanceAudio: Display: Resonance Audio Listener is initialized
[2025.05.24-16.53.25:828][ 84]LogBlueprintUserMessages: [WD_Menu_C_1] Должны быть поддержки
[2025.05.24-16.54.02:542][274]LogSlate: Updating window title bar state: overlay mode, drag disabled, window buttons hidden, title bar hidden
[2025.05.24-16.54.02:542][274]LogWorld: BeginTearingDown for /Game/VRTemplate/Maps/UEDPIE_0_VRTemplateMap
[2025.05.24-16.54.02:542][274]LogWorld: UWorld::CleanupWorld for VRTemplateMap, bSessionEnded=true, bCleanupResources=true
[2025.05.24-16.54.02:542][274]LogSlate: InvalidateAllWidgets triggered.  All widgets were invalidated
[2025.05.24-16.54.02:554][274]LogPlayLevel: Display: Shutting down PIE online subsystems
[2025.05.24-16.54.02:566][274]LogSlate: InvalidateAllWidgets triggered.  All widgets were invalidated
[2025.05.24-16.54.02:613][274]LogAudio: Display: Audio Device unregistered from world 'None'.
[2025.05.24-16.54.02:614][274]LogResonanceAudio: Display: Resonance Audio Listener is shutdown
[2025.05.24-16.54.02:614][274]LogAudioMixer: FMixerPlatformXAudio2::StopAudioStream() called
[2025.05.24-16.54.02:615][274]LogAudioMixer: FMixerPlatformXAudio2::StopAudioStream() called
[2025.05.24-16.54.02:619][274]LogSlate: Updating window title bar state: overlay mode, drag disabled, window buttons hidden, title bar hidden
[2025.05.24-16.54.02:624][274]LogUObjectHash: Compacting FUObjectHashTables data took   3.24ms
[2025.05.24-16.54.02:646][275]LogPlayLevel: Display: Destroying online subsystem :Context_166
[2025.05.24-16.54.30:444][919]LogWindowsTextInputMethodSystem: Display: IME system deactivated.
[2025.05.24-16.54.30:444][919]LogWindowsTextInputMethodSystem: Display: IME system deactivated.
[2025.05.24-16.55.26:376][184]BlueprintLog: New page: Compile WD_Menu
[2025.05.24-16.55.26:502][184]LogUObjectHash: Compacting FUObjectHashTables data took   4.46ms
[2025.05.24-16.55.26:981][204]Cmd: OBJ SAVEPACKAGE PACKAGE="/Game/Andrey/Menu/WD_Menu" FILE="../../../../../../Users/AlisaDI/Documents/MephiTasks/UnrealProject/Content/Andrey/Menu/WD_Menu.uasset" SILENT=true
[2025.05.24-16.55.27:053][204]LogSavePackage: Moving '../../../../../../Users/AlisaDI/Documents/MephiTasks/UnrealProject/Saved/WD_Menu3C79A115415B43CF42B2A09306C3E3FA.tmp' to '../../../../../../Users/AlisaDI/Documents/MephiTasks/UnrealProject/Content/Andrey/Menu/WD_Menu.uasset'
[2025.05.24-16.55.27:075][204]AssetCheck: New page: Asset Save: WD_Menu
[2025.05.24-16.55.27:075][204]LogContentValidation: Display: Validating WidgetBlueprint /Game/Andrey/Menu/WD_Menu.WD_Menu
[2025.05.24-16.55.55:120][981]LogUObjectHash: Compacting FUObjectHashTables data took   3.77ms
[2025.05.24-16.55.55:136][981]LogSavePackage: Moving '../../../../../../Users/AlisaDI/Documents/MephiTasks/UnrealProject/Saved/VRTemplateMap_Auto3EA53B0A6469E5F687807DE84586B78A2.tmp' to '../../../../../../Users/AlisaDI/Documents/MephiTasks/UnrealProject/Saved/Autosaves/Game/VRTemplate/Maps/VRTemplateMap_Auto3.umap'
[2025.05.24-16.55.55:137][981]LogFileHelpers: Editor autosave (incl. external actors) for '/Game/VRTemplate/Maps/VRTemplateMap' took 0.070
[2025.05.24-16.55.55:137][981]LogFileHelpers: Editor autosave (incl. sublevels & external actors) for all levels took 0.070
[2025.05.24-16.55.55:137][981]OBJ SavePackage: Generating thumbnails for [0] asset(s) in package [/Game/Resources/Materials/MI_Workbench] ([1] browsable assets)...
[2025.05.24-16.55.55:137][981]OBJ SavePackage: Finished generating thumbnails for package [/Game/Resources/Materials/MI_Workbench]
[2025.05.24-16.55.55:138][981]LogSavePackage: Moving '../../../../../../Users/AlisaDI/Documents/MephiTasks/UnrealProject/Saved/MI_Workbench_Auto31F1487134C0C51A01746B5807EC1BF34.tmp' to '../../../../../../Users/AlisaDI/Documents/MephiTasks/UnrealProject/Saved/Autosaves/Game/Resources/Materials/MI_Workbench_Auto3.uasset'
[2025.05.24-16.55.55:139][981]LogFileHelpers: Auto-saving content packages took 0.002
[2025.05.24-16.56.24:151][708]LogContentBrowser: Deferred new asset file creation: NewWidgetBlueprint
[2025.05.24-16.56.24:169][708]LogContentBrowser: Creating deferred item: NewWidgetBlueprint
[2025.05.24-16.56.31:823][168]LogContentBrowser: Attempting asset rename: NewWidgetBlueprint -> Inventory_WD
[2025.05.24-16.56.31:827][168]LogContentBrowser: End creating deferred item NewWidgetBlueprint
[2025.05.24-16.56.33:510][268]LogAssetEditorSubsystem: Opening Asset editor for WidgetBlueprint /Game/Andrey/Inventory/Inventory_WD.Inventory_WD
[2025.05.24-16.56.59:361][783]LogSlate: Window 'Color Picker' being destroyed
[2025.05.24-16.57.02:606][976]LogWindowsTextInputMethodSystem: Display: IME system deactivated.
[2025.05.24-16.57.02:606][976]LogWindowsTextInputMethodSystem: Display: IME system deactivated.
[2025.05.24-16.57.06:058][183]LogWindowsTextInputMethodSystem: Display: IME system deactivated.
[2025.05.24-16.57.06:058][183]LogWindowsTextInputMethodSystem: Display: IME system deactivated.
[2025.05.24-16.57.45:140][333]LogWindowsTextInputMethodSystem: Display: IME system deactivated.
[2025.05.24-16.57.45:141][333]LogWindowsTextInputMethodSystem: Display: IME system deactivated.
[2025.05.24-16.58.25:837][749]BlueprintLog: New page: Compile Inventory_WD
[2025.05.24-16.58.25:900][749]LogUObjectHash: Compacting FUObjectHashTables data took   4.42ms
[2025.05.24-16.58.26:482][779]Cmd: OBJ SAVEPACKAGE PACKAGE="/Game/Andrey/Inventory/Inventory_WD" FILE="../../../../../../Users/AlisaDI/Documents/MephiTasks/UnrealProject/Content/Andrey/Inventory/Inventory_WD.uasset" SILENT=true
[2025.05.24-16.58.26:487][779]LogSavePackage: Moving '../../../../../../Users/AlisaDI/Documents/MephiTasks/UnrealProject/Saved/Inventory_WD93A01114431F5AC852C7AA996FB44155.tmp' to '../../../../../../Users/AlisaDI/Documents/MephiTasks/UnrealProject/Content/Andrey/Inventory/Inventory_WD.uasset'
[2025.05.24-16.58.26:508][779]AssetCheck: New page: Asset Save: Inventory_WD
[2025.05.24-16.58.26:508][779]LogContentValidation: Display: Validating WidgetBlueprint /Game/Andrey/Inventory/Inventory_WD.Inventory_WD
[2025.05.24-16.58.37:176][419]LogEditorViewport: Clicking on Actor (LMB): BP_menu_C (BP_menu2)
[2025.05.24-16.58.59:113][728]LogEditorViewport: Clicking on Actor (context menu): StaticMeshActor (Wall_Door_400x300)
[2025.05.24-16.59.02:304][909]LogEditorViewport: Clicking on Actor (LMB): StaticMeshActor (TemplateFloor)
[2025.05.24-16.59.02:982][948]LogEditorViewport: Clicking on Actor (LMB): StaticMeshActor (TemplateFloor)
[2025.05.24-16.59.04:347][ 29]LogAssetEditorSubsystem: Opening Asset editor for Blueprint /Game/Andrey/Menu/BP_test_menu.BP_test_menu
[2025.05.24-16.59.04:618][ 29]LogMemory: Warning: Freeing 33554432 bytes from backup pool to handle out of memory.
[2025.05.24-16.59.04:618][ 29]LogMemory: Warning: MemoryStats:
	AvailablePhysical 18623700992
	 AvailableVirtual 7438336
	     UsedPhysical 2714685440
	 PeakUsedPhysical 5139771392
	      UsedVirtual 9157369856
	  PeakUsedVirtual 9862049792
[2025.05.24-16.59.04:618][ 29]Allocator Stats for TBB: (not implemented)
[2025.05.24-16.59.04:618][ 29]LogOutputDevice: Warning: 

Script Stack (0 frames):

[2025.05.24-16.59.04:618][ 29]LogWindows: Windows GetLastError: Операция успешно завершена. (0)
[2025.05.24-16.59.05:286][ 29]LogWindows: Error: === Critical error: ===
[2025.05.24-16.59.05:286][ 29]LogWindows: Error: 
[2025.05.24-16.59.05:286][ 29]LogWindows: Error: Fatal error: [File:D:/Build/++UE4/Sync/Engine/Source/Runtime/Core/Private/GenericPlatform/GenericPlatformMemory.cpp] [Line: 197] 
[2025.05.24-16.59.05:286][ 29]LogWindows: Error: Ran out of memory allocating 8 bytes with alignment 0
[2025.05.24-16.59.05:286][ 29]LogWindows: Error: 
[2025.05.24-16.59.05:286][ 29]LogWindows: Error: 
[2025.05.24-16.59.05:286][ 29]LogWindows: Error: [Callstack] 0x00007ff94508b699 KERNELBASE.dll!UnknownFunction []
[2025.05.24-16.59.05:286][ 29]LogWindows: Error: [Callstack] 0x00007ff8e59e0216 UE4Editor-Core.dll!UnknownFunction []
[2025.05.24-16.59.05:286][ 29]LogWindows: Error: [Callstack] 0x00007ff8e59e4218 UE4Editor-Core.dll!UnknownFunction []
[2025.05.24-16.59.05:286][ 29]LogWindows: Error: [Callstack] 0x00007ff8e570242d UE4Editor-Core.dll!UnknownFunction []
[2025.05.24-16.59.05:286][ 29]LogWindows: Error: [Callstack] 0x00007ff8e54b47ba UE4Editor-Core.dll!UnknownFunction []
[2025.05.24-16.59.05:286][ 29]LogWindows: Error: [Callstack] 0x00007ff8e556a82d UE4Editor-Core.dll!UnknownFunction []
[2025.05.24-16.59.05:287][ 29]LogWindows: Error: [Callstack] 0x00007ff8e556a90a UE4Editor-Core.dll!UnknownFunction []
[2025.05.24-16.59.05:287][ 29]LogWindows: Error: [Callstack] 0x00007ff8c858c35d UE4Editor-Slate.dll!UnknownFunction []
[2025.05.24-16.59.05:287][ 29]LogWindows: Error: [Callstack] 0x00007ff8c8683078 UE4Editor-Slate.dll!UnknownFunction []
[2025.05.24-16.59.05:287][ 29]LogWindows: Error: [Callstack] 0x00007ff8c869c68e UE4Editor-Slate.dll!UnknownFunction []
[2025.05.24-16.59.05:287][ 29]LogWindows: Error: [Callstack] 0x00007ff8c84c50dd UE4Editor-Slate.dll!UnknownFunction []
[2025.05.24-16.59.05:287][ 29]LogWindows: Error: [Callstack] 0x00007ff8c84e1668 UE4Editor-Slate.dll!UnknownFunction []
[2025.05.24-16.59.05:287][ 29]LogWindows: Error: [Callstack] 0x00007ff8c851bc01 UE4Editor-Slate.dll!UnknownFunction []
[2025.05.24-16.59.05:287][ 29]LogWindows: Error: [Callstack] 0x00007ff8c851bc84 UE4Editor-Slate.dll!UnknownFunction []
[2025.05.24-16.59.05:287][ 29]LogWindows: Error: [Callstack] 0x00007ff8c6b1182a UE4Editor-ToolMenus.dll!UnknownFunction []
[2025.05.24-16.59.05:287][ 29]LogWindows: Error: [Callstack] 0x00007ff8bcbaaf26 UE4Editor-UnrealEd.dll!UnknownFunction []
[2025.05.24-16.59.05:287][ 29]LogWindows: Error: [Callstack] 0x00007ff8bcbedcf9 UE4Editor-UnrealEd.dll!UnknownFunction []
[2025.05.24-16.59.05:287][ 29]LogWindows: Error: [Callstack] 0x00007ff8bbab4d72 UE4Editor-Kismet.dll!UnknownFunction []
[2025.05.24-16.59.05:287][ 29]LogWindows: Error: [Callstack] 0x00007ff8bb6abbae UE4Editor-Kismet.dll!UnknownFunction []
[2025.05.24-16.59.05:287][ 29]LogWindows: Error: [Callstack] 0x00007ff8bb69dfc6 UE4Editor-Kismet.dll!UnknownFunction []
[2025.05.24-16.59.05:287][ 29]LogWindows: Error: [Callstack] 0x00007ff8bb67ca48 UE4Editor-Kismet.dll!UnknownFunction []
[2025.05.24-16.59.05:287][ 29]LogWindows: Error: [Callstack] 0x00007ff8bb7326af UE4Editor-Kismet.dll!UnknownFunction []
[2025.05.24-16.59.05:287][ 29]LogWindows: Error: [Callstack] 0x00007ff8bb732c88 UE4Editor-Kismet.dll!UnknownFunction []
[2025.05.24-16.59.05:287][ 29]LogWindows: Error: [Callstack] 0x00007ff8b589ffd6 UE4Editor-AssetTools.dll!UnknownFunction []
[2025.05.24-16.59.05:287][ 29]LogWindows: Error: [Callstack] 0x000001d42b380100 UnknownFunction []
[2025.05.24-16.59.05:287][ 29]LogWindows: Error: [Callstack] 0x0000004600000001 UnknownFunction []
[2025.05.24-16.59.05:287][ 29]LogWindows: Error: [Callstack] 0x000000466ed79130 UnknownFunction []
[2025.05.24-16.59.05:287][ 29]LogWindows: Error: [Callstack] 0x000001d43a271ca0 UnknownFunction []
[2025.05.24-16.59.05:287][ 29]LogWindows: Error: [Callstack] 0x000001d42b380100 UnknownFunction []
[2025.05.24-16.59.05:287][ 29]LogWindows: Error: [Callstack] 0x000001d3d0b8ee00 UnknownFunction []
[2025.05.24-16.59.05:287][ 29]LogWindows: Error: [Callstack] 0x0003e2b50003e2b5 UnknownFunction []
[2025.05.24-16.59.05:287][ 29]LogWindows: Error: [Callstack] 0x000001d400000000 UnknownFunction []
[2025.05.24-16.59.05:287][ 29]LogWindows: Error: [Callstack] 0x0003e2b50003e2b5 UnknownFunction []
[2025.05.24-16.59.05:287][ 29]LogWindows: Error: [Callstack] 0x00007ff800000000 UnknownFunction []
[2025.05.24-16.59.05:287][ 29]LogWindows: Error: 
[2025.05.24-16.59.05:302][ 29]LogExit: Executing StaticShutdownAfterError
[2025.05.24-16.59.05:331][ 29]LogWindows: FPlatformMisc::RequestExit(1)
[2025.05.24-16.59.05:331][ 29]LogWindows: FPlatformMisc::RequestExitWithStatus(1, 3)
[2025.05.24-16.59.05:331][ 29]LogCore: Engine exit requested (reason: Win RequestExit)
[2025.05.24-16.59.05:333][ 29]Log file closed, 05/24/25 19:59:05
