Log file open, 05/26/25 15:00:06
LogWindows: Failed to load 'aqProf.dll' (GetLastError=126)
LogWindows: File 'aqProf.dll' does not exist
LogWindows: Failed to load 'VtuneApi.dll' (GetLastError=126)
LogWindows: File 'VtuneApi.dll' does not exist
LogWindows: Failed to load 'VtuneApi32e.dll' (GetLastError=126)
LogWindows: File 'VtuneApi32e.dll' does not exist
LogConsoleResponse: Display: Failed to find resolution value strings in scalability ini. Falling back to default.
LogConsoleResponse: Display: Failed to find resolution value strings in scalability ini. Falling back to default.
LogInit: Display: Running engine for game: MyProject
LogPlatformFile: Not using cached read wrapper
LogTaskGraph: Started task graph with 5 named threads and 35 total threads with 3 sets of task threads.
LogStats: Stats thread started at 0.226847
LogICUInternationalization: ICU TimeZone Detection - Raw Offset: +3:00, Platform Override: ''
LogInit: Display: Loading text-based GConfig....
LogPluginManager: Mounting plugin MeshPainting
LogPluginManager: Mounting plugin XGEController
LogPluginManager: Mounting plugin Paper2D
LogPluginManager: Mounting plugin AISupport
LogPluginManager: Mounting plugin EnvironmentQueryEditor
LogPluginManager: Mounting plugin LightPropagationVolume
LogPluginManager: Mounting plugin OodleData
LogPluginManager: Mounting plugin OodleNetwork
LogPluginManager: Mounting plugin LiveLink
LogPluginManager: Mounting plugin AssetManagerEditor
LogPluginManager: Mounting plugin CryptoKeys
LogPluginManager: Mounting plugin CurveEditorTools
LogPluginManager: Mounting plugin DataValidation
LogPluginManager: Mounting plugin FacialAnimation
LogPluginManager: Mounting plugin GameplayTagsEditor
LogPluginManager: Mounting plugin GeometryMode
LogPluginManager: Mounting plugin MaterialAnalyzer
LogPluginManager: Mounting plugin MacGraphicsSwitching
LogPluginManager: Mounting plugin PluginBrowser
LogPluginManager: Mounting plugin MobileLauncherProfileWizard
LogPluginManager: Mounting plugin CameraShakePreviewer
LogPluginManager: Mounting plugin GameplayCameras
LogPluginManager: Mounting plugin SpeedTreeImporter
LogPluginManager: Mounting plugin DatasmithContent
LogPluginManager: Mounting plugin VariantManagerContent
LogPluginManager: Mounting plugin AlembicImporter
LogPluginManager: Mounting plugin AutomationUtils
LogPluginManager: Mounting plugin BackChannel
LogPluginManager: Mounting plugin ChaosCloth
LogPluginManager: Mounting plugin ChaosClothEditor
LogPluginManager: Mounting plugin ChaosSolverPlugin
LogPluginManager: Mounting plugin ChaosNiagara
LogPluginManager: Mounting plugin ChaosEditor
LogPluginManager: Mounting plugin CharacterAI
LogPluginManager: Mounting plugin AnimationSharing
LogPluginManager: Mounting plugin CLionSourceCodeAccess
LogPluginManager: Mounting plugin CodeLiteSourceCodeAccess
LogPluginManager: Mounting plugin NullSourceCodeAccess
LogPluginManager: Mounting plugin KDevelopSourceCodeAccess
LogPluginManager: Mounting plugin GitSourceControl
LogPluginManager: Mounting plugin PerforceSourceControl
LogPluginManager: Mounting plugin PixWinPlugin
LogPluginManager: Mounting plugin PlasticSourceControl
LogPluginManager: Mounting plugin PluginUtils
LogPluginManager: Mounting plugin PropertyAccessNode
LogPluginManager: Mounting plugin SubversionSourceControl
LogPluginManager: Mounting plugin RiderSourceCodeAccess
LogPluginManager: Mounting plugin TextureFormatOodle
LogPluginManager: Mounting plugin UObjectPlugin
LogPluginManager: Mounting plugin VisualStudioCodeSourceCodeAccess
LogPluginManager: Mounting plugin VisualStudioSourceCodeAccess
LogPluginManager: Mounting plugin XCodeSourceCodeAccess
LogPluginManager: Mounting plugin AvfMedia
LogPluginManager: Mounting plugin AndroidMedia
LogPluginManager: Mounting plugin ImgMedia
LogPluginManager: Mounting plugin MediaCompositing
LogPluginManager: Mounting plugin GeometryCache
LogPluginManager: Mounting plugin MediaPlayerEditor
LogPluginManager: Mounting plugin GeometryCollectionPlugin
LogPluginManager: Mounting plugin GeometryProcessing
LogPluginManager: Mounting plugin WebMMedia
LogPluginManager: Mounting plugin WmfMedia
LogPluginManager: Mounting plugin MotoSynth
LogPluginManager: Mounting plugin OpenImageDenoise
LogPluginManager: Mounting plugin PlanarCut
LogPluginManager: Mounting plugin PlatformCrypto
LogPluginManager: Mounting plugin ProxyLODPlugin
LogPluginManager: Mounting plugin PythonScriptPlugin
LogPluginManager: Mounting plugin Niagara
LogPluginManager: Mounting plugin SkeletalReduction
LogPluginManager: Mounting plugin MagicLeap
LogPluginManager: Mounting plugin LuminPlatformFeatures
LogPluginManager: Mounting plugin MagicLeapLightEstimation
LogPluginManager: Mounting plugin MagicLeapMedia
LogPluginManager: Mounting plugin MagicLeapPassableWorld
LogPluginManager: Mounting plugin MLSDK
LogPluginManager: Mounting plugin OnlineSubsystemNull
LogPluginManager: Mounting plugin TcpMessaging
LogPluginManager: Mounting plugin UdpMessaging
LogPluginManager: Mounting plugin OnlineSubsystem
LogPluginManager: Mounting plugin OnlineSubsystemUtils
LogPluginManager: Mounting plugin LauncherChunkInstaller
LogPluginManager: Mounting plugin ActorSequence
LogPluginManager: Mounting plugin LevelSequenceEditor
LogPluginManager: Mounting plugin MatineeToLevelSequence
LogPluginManager: Mounting plugin TemplateSequence
LogPluginManager: Mounting plugin ActorLayerUtilities
LogPluginManager: Mounting plugin AndroidDeviceProfileSelector
LogPluginManager: Mounting plugin AndroidMoviePlayer
LogPluginManager: Mounting plugin AndroidPermission
LogPluginManager: Mounting plugin AppleMoviePlayer
LogPluginManager: Mounting plugin ArchVisCharacter
LogPluginManager: Mounting plugin AppleImageUtils
LogPluginManager: Mounting plugin AssetTags
LogPluginManager: Mounting plugin AudioCapture
LogPluginManager: Mounting plugin AudioSynesthesia
LogPluginManager: Mounting plugin CableComponent
LogPluginManager: Mounting plugin ChunkDownloader
LogPluginManager: Mounting plugin CustomMeshComponent
LogPluginManager: Mounting plugin EditableMesh
LogPluginManager: Mounting plugin ExampleDeviceProfileSelector
LogPluginManager: Mounting plugin GoogleCloudMessaging
LogPluginManager: Mounting plugin ScreenshotTools
LogPluginManager: Mounting plugin GooglePAD
LogPluginManager: Mounting plugin IOSDeviceProfileSelector
LogPluginManager: Mounting plugin LinuxDeviceProfileSelector
LogPluginManager: Mounting plugin Takes
LogPluginManager: Mounting plugin LocationServicesBPLibrary
LogPluginManager: Mounting plugin MobilePatchingUtils
LogPluginManager: Mounting plugin OpenXREyeTracker
LogPluginManager: Mounting plugin OpenXR
LogPluginManager: Mounting plugin OpenXRHandTracking
LogPluginManager: Mounting plugin PhysXVehicles
LogPluginManager: Mounting plugin PostSplashScreen
LogPluginManager: Mounting plugin ProceduralMeshComponent
LogPluginManager: Mounting plugin PropertyAccessEditor
LogPluginManager: Mounting plugin ResonanceAudio
LogPluginManager: Mounting plugin RuntimePhysXCooking
LogPluginManager: Mounting plugin SoundFields
LogPluginManager: Mounting plugin SignificanceManager
LogPluginManager: Mounting plugin Synthesis
LogPluginManager: Mounting plugin WebMMoviePlayer
LogPluginManager: Mounting plugin WindowsMoviePlayer
LogPluginManager: Mounting plugin ContentBrowserAssetDataSource
LogPluginManager: Mounting plugin ContentBrowserFileDataSource
LogPluginManager: Mounting plugin ContentBrowserClassDataSource
LogPluginManager: Mounting plugin OnlineSubsystemGooglePlay
LogPluginManager: Mounting plugin OnlineSubsystemIOS
LogPluginManager: Mounting plugin OculusOpenXR
PixWinPlugin: PIX capture plugin failed to initialize! Check that the process is launched from PIX.
LogInit: Using libcurl 7.55.1-DEV
LogInit:  - built for x86_64-pc-win32
LogInit:  - supports SSL with OpenSSL/1.1.1
LogInit:  - supports HTTP deflate (compression) using libz 1.2.8
LogInit:  - other features:
LogInit:      CURL_VERSION_SSL
LogInit:      CURL_VERSION_LIBZ
LogInit:      CURL_VERSION_IPV6
LogInit:      CURL_VERSION_ASYNCHDNS
LogInit:      CURL_VERSION_LARGEFILE
LogInit:      CURL_VERSION_IDN
LogInit:  CurlRequestOptions (configurable via config and command line):
LogInit:  - bVerifyPeer = true  - Libcurl will verify peer certificate
LogInit:  - bUseHttpProxy = false  - Libcurl will NOT use HTTP proxy
LogInit:  - bDontReuseConnections = false  - Libcurl will reuse connections
LogInit:  - MaxHostConnections = 16  - Libcurl will limit the number of connections to a host
LogInit:  - LocalHostAddr = Default
LogInit:  - BufferSize = 65536
LogOnline: OSS: Creating online subsystem instance for: NULL
LogInit: WinSock: version 1.1 (2.2), MaxSocks=32767, MaxUdp=65467
LogOnline: OSS: TryLoadSubsystemAndSetDefault: Loaded subsystem for module [NULL]
LogInit: Build: ++UE4+Release-4.27-CL-18319896
LogInit: Engine Version: 4.27.2-18319896+++UE4+Release-4.27
LogInit: Compatible Engine Version: 4.27.0-17155196+++UE4+Release-4.27
LogInit: Net CL: 17155196
LogInit: OS: Windows 10 (Release 2009) (), CPU: 11th Gen Intel(R) Core(TM) i5-11400H @ 2.70GHz, GPU: Intel(R) UHD Graphics
LogInit: Compiled (64-bit): Nov 30 2021 07:12:08
LogInit: Compiled with Visual C++: 19.24.28315.00
LogInit: Build Configuration: Development
LogInit: Branch Name: ++UE4+Release-4.27
LogInit: Command Line: 
LogInit: Base Directory: C:/Program Files/Epic Games/UE_4.27/Engine/Binaries/Win64/
LogInit: Allocator: TBB
LogInit: Installed Engine Build: 1
LogDevObjectVersion: Number of dev versions registered: 29
LogDevObjectVersion:   Dev-Blueprints (B0D832E4-1F89-4F0D-ACCF-7EB736FD4AA2): 10
LogDevObjectVersion:   Dev-Build (E1C64328-A22C-4D53-A36C-8E866417BD8C): 0
LogDevObjectVersion:   Dev-Core (375EC13C-06E4-48FB-B500-84F0262A717E): 4
LogDevObjectVersion:   Dev-Editor (E4B068ED-F494-42E9-A231-DA0B2E46BB41): 40
LogDevObjectVersion:   Dev-Framework (CFFC743F-43B0-4480-9391-14DF171D2073): 37
LogDevObjectVersion:   Dev-Mobile (B02B49B5-BB20-44E9-A304-32B752E40360): 3
LogDevObjectVersion:   Dev-Networking (A4E4105C-59A1-49B5-A7C5-40C4547EDFEE): 0
LogDevObjectVersion:   Dev-Online (39C831C9-5AE6-47DC-9A44-9C173E1C8E7C): 0
LogDevObjectVersion:   Dev-Physics (78F01B33-EBEA-4F98-B9B4-84EACCB95AA2): 14
LogDevObjectVersion:   Dev-Platform (6631380F-2D4D-43E0-8009-CF276956A95A): 0
LogDevObjectVersion:   Dev-Rendering (12F88B9F-8875-4AFC-A67C-D90C383ABD29): 45
LogDevObjectVersion:   Dev-Sequencer (7B5AE74C-D270-4C10-A958-57980B212A5A): 13
LogDevObjectVersion:   Dev-VR (D7296918-1DD6-4BDD-9DE2-64A83CC13884): 3
LogDevObjectVersion:   Dev-LoadTimes (C2A15278-BFE7-4AFE-6C17-90FF531DF755): 1
LogDevObjectVersion:   Private-Geometry (6EACA3D4-40EC-4CC1-B786-8BED09428FC5): 3
LogDevObjectVersion:   Dev-AnimPhys (29E575DD-E0A3-4627-9D10-D276232CDCEA): 17
LogDevObjectVersion:   Dev-Anim (AF43A65D-7FD3-4947-9873-3E8ED9C1BB05): 15
LogDevObjectVersion:   Dev-ReflectionCapture (6B266CEC-1EC7-4B8F-A30B-E4D90942FC07): 1
LogDevObjectVersion:   Dev-Automation (0DF73D61-A23F-47EA-B727-89E90C41499A): 1
LogDevObjectVersion:   FortniteMain (601D1886-AC64-4F84-AA16-D3DE0DEAC7D6): 47
LogDevObjectVersion:   FortniteRelease (E7086368-6B23-4C58-8439-1B7016265E91): 1
LogDevObjectVersion:   Dev-Enterprise (9DFFBCD6-494F-0158-E221-12823C92A888): 10
LogDevObjectVersion:   Dev-Niagara (F2AED0AC-9AFE-416F-8664-AA7FFA26D6FC): 1
LogDevObjectVersion:   Dev-Destruction (174F1F0B-B4C6-45A5-B13F-2EE8D0FB917D): 10
LogDevObjectVersion:   Dev-Physics-Ext (35F94A83-E258-406C-A318-09F59610247C): 41
LogDevObjectVersion:   Dev-PhysicsMaterial-Chaos (B68FC16E-8B1B-42E2-B453-215C058844FE): 1
LogDevObjectVersion:   Dev-CineCamera (B2E18506-4273-CFC2-A54E-F4BB758BBA07): 1
LogDevObjectVersion:   Dev-VirtualProduction (64F58936-FD1B-42BA-BA96-7289D5D0FA4E): 1
LogDevObjectVersion:   Dev-MediaFramework (6F0ED827-A609-4895-9C91-998D90180EA4): 2
LogInit: Presizing for max 25165824 objects, including 0 objects not considered by GC, pre-allocating 0 bytes for permanent pool.
LogConfig: Applying CVar settings from Section [/Script/Engine.StreamingSettings] File [C:/Users/sasha/Documents/GitHub/unreal_project/Saved/Config/Windows/Engine.ini]
LogConfig: Setting CVar [[s.MinBulkDataSizeForAsyncLoading:131072]]
LogConfig: Setting CVar [[s.AsyncLoadingThreadEnabled:0]]
LogConfig: Setting CVar [[s.EventDrivenLoaderEnabled:1]]
LogConfig: Setting CVar [[s.WarnIfTimeLimitExceeded:0]]
LogConfig: Setting CVar [[s.TimeLimitExceededMultiplier:1.5]]
LogConfig: Setting CVar [[s.TimeLimitExceededMinTime:0.005]]
LogConfig: Setting CVar [[s.UseBackgroundLevelStreaming:1]]
LogConfig: Setting CVar [[s.PriorityAsyncLoadingExtraTime:15.0]]
LogConfig: Setting CVar [[s.LevelStreamingActorsUpdateTimeLimit:5.0]]
LogConfig: Setting CVar [[s.PriorityLevelStreamingActorsUpdateExtraTime:5.0]]
LogConfig: Setting CVar [[s.LevelStreamingComponentsRegistrationGranularity:10]]
LogConfig: Setting CVar [[s.UnregisterComponentsTimeLimit:1.0]]
LogConfig: Setting CVar [[s.LevelStreamingComponentsUnregistrationGranularity:5]]
LogConfig: Setting CVar [[s.FlushStreamingOnExit:1]]
LogInit: Object subsystem initialized
LogConfig: Setting CVar [[con.DebugEarlyDefault:1]]
LogConfig: Setting CVar [[r.setres:1280x720]]
[2025.05.26-12.00.06:524][  0]LogConfig: Setting CVar [[r.VSync:0]]
[2025.05.26-12.00.06:524][  0]LogConfig: Setting CVar [[r.RHICmdBypass:0]]
[2025.05.26-12.00.06:524][  0]LogConfig: Applying CVar settings from Section [/Script/Engine.RendererSettings] File [C:/Users/sasha/Documents/GitHub/unreal_project/Saved/Config/Windows/Engine.ini]
[2025.05.26-12.00.06:524][  0]LogConfig: Setting CVar [[r.GPUCrashDebugging:0]]
[2025.05.26-12.00.06:525][  0]LogConfig: Setting CVar [[r.Mobile.DisableVertexFog:1]]
[2025.05.26-12.00.06:525][  0]LogConfig: Setting CVar [[r.Shadow.CSM.MaxMobileCascades:2]]
[2025.05.26-12.00.06:525][  0]LogConfig: Setting CVar [[r.MobileMSAA:4]]
[2025.05.26-12.00.06:525][  0]LogConfig: Setting CVar [[r.Mobile.AllowDitheredLODTransition:0]]
[2025.05.26-12.00.06:525][  0]LogConfig: Setting CVar [[r.Mobile.AllowSoftwareOcclusion:0]]
[2025.05.26-12.00.06:525][  0]LogConfig: Setting CVar [[r.Mobile.VirtualTextures:0]]
[2025.05.26-12.00.06:525][  0]LogConfig: Setting CVar [[r.DiscardUnusedQuality:0]]
[2025.05.26-12.00.06:525][  0]LogConfig: Setting CVar [[r.AllowOcclusionQueries:1]]
[2025.05.26-12.00.06:525][  0]LogConfig: Setting CVar [[r.MinScreenRadiusForLights:0.030000]]
[2025.05.26-12.00.06:525][  0]LogConfig: Setting CVar [[r.MinScreenRadiusForDepthPrepass:0.030000]]
[2025.05.26-12.00.06:525][  0]LogConfig: Setting CVar [[r.MinScreenRadiusForCSMDepth:0.010000]]
[2025.05.26-12.00.06:525][  0]LogConfig: Setting CVar [[r.PrecomputedVisibilityWarning:0]]
[2025.05.26-12.00.06:525][  0]LogConfig: Setting CVar [[r.TextureStreaming:1]]
[2025.05.26-12.00.06:525][  0]LogConfig: Setting CVar [[Compat.UseDXT5NormalMaps:0]]
[2025.05.26-12.00.06:525][  0]LogConfig: Setting CVar [[r.VirtualTextures:0]]
[2025.05.26-12.00.06:525][  0]LogConfig: Setting CVar [[r.VirtualTexturedLightmaps:0]]
[2025.05.26-12.00.06:525][  0]LogConfig: Setting CVar [[r.VT.TileSize:128]]
[2025.05.26-12.00.06:525][  0]LogConfig: Setting CVar [[r.VT.TileBorderSize:4]]
[2025.05.26-12.00.06:525][  0]LogConfig: Setting CVar [[r.vt.FeedbackFactor:16]]
[2025.05.26-12.00.06:525][  0]LogConfig: Setting CVar [[r.VT.EnableCompressZlib:1]]
[2025.05.26-12.00.06:525][  0]LogConfig: Setting CVar [[r.VT.EnableCompressCrunch:0]]
[2025.05.26-12.00.06:525][  0]LogConfig: Setting CVar [[r.ClearCoatNormal:0]]
[2025.05.26-12.00.06:525][  0]LogConfig: Setting CVar [[r.ReflectionCaptureResolution:128]]
[2025.05.26-12.00.06:525][  0]LogConfig: Setting CVar [[r.Mobile.ReflectionCaptureCompression:0]]
[2025.05.26-12.00.06:525][  0]LogConfig: Setting CVar [[r.ReflectionEnvironmentLightmapMixBasedOnRoughness:1]]
[2025.05.26-12.00.06:525][  0]LogConfig: Setting CVar [[r.ForwardShading:1]]
[2025.05.26-12.00.06:525][  0]LogConfig: Setting CVar [[r.VertexFoggingForOpaque:1]]
[2025.05.26-12.00.06:525][  0]LogConfig: Setting CVar [[r.AllowStaticLighting:1]]
[2025.05.26-12.00.06:525][  0]LogConfig: Setting CVar [[r.NormalMapsForStaticLighting:0]]
[2025.05.26-12.00.06:525][  0]LogConfig: Setting CVar [[r.GenerateMeshDistanceFields:0]]
[2025.05.26-12.00.06:525][  0]LogConfig: Setting CVar [[r.DistanceFieldBuild.EightBit:0]]
[2025.05.26-12.00.06:525][  0]LogConfig: Setting CVar [[r.GenerateLandscapeGIData:0]]
[2025.05.26-12.00.06:525][  0]LogConfig: Setting CVar [[r.DistanceFieldBuild.Compress:0]]
[2025.05.26-12.00.06:525][  0]LogConfig: Setting CVar [[r.TessellationAdaptivePixelsPerTriangle:48.000000]]
[2025.05.26-12.00.06:525][  0]LogConfig: Setting CVar [[r.SeparateTranslucency:0]]
[2025.05.26-12.00.06:525][  0]LogConfig: Setting CVar [[r.TranslucentSortPolicy:0]]
[2025.05.26-12.00.06:525][  0]LogConfig: Setting CVar [[r.CustomDepth:1]]
[2025.05.26-12.00.06:525][  0]LogConfig: Setting CVar [[r.CustomDepthTemporalAAJitter:1]]
[2025.05.26-12.00.06:525][  0]LogConfig: Setting CVar [[r.PostProcessing.PropagateAlpha:0]]
[2025.05.26-12.00.06:525][  0]LogConfig: Setting CVar [[r.DefaultFeature.Bloom:0]]
[2025.05.26-12.00.06:525][  0]LogConfig: Setting CVar [[r.DefaultFeature.AmbientOcclusion:0]]
[2025.05.26-12.00.06:525][  0]LogConfig: Setting CVar [[r.DefaultFeature.AmbientOcclusionStaticFraction:1]]
[2025.05.26-12.00.06:525][  0]LogConfig: Setting CVar [[r.DefaultFeature.AutoExposure:0]]
[2025.05.26-12.00.06:525][  0]LogConfig: Setting CVar [[r.DefaultFeature.AutoExposure.Method:0]]
[2025.05.26-12.00.06:525][  0]LogConfig: Setting CVar [[r.DefaultFeature.AutoExposure.Bias:1.000000]]
[2025.05.26-12.00.06:525][  0]LogConfig: Setting CVar [[r.DefaultFeature.AutoExposure.ExtendDefaultLuminanceRange:1]]
[2025.05.26-12.00.06:525][  0]LogConfig: Setting CVar [[r.UsePreExposure:1]]
[2025.05.26-12.00.06:525][  0]LogConfig: Setting CVar [[r.EyeAdaptation.EditorOnly:0]]
[2025.05.26-12.00.06:525][  0]LogConfig: Setting CVar [[r.DefaultFeature.MotionBlur:0]]
[2025.05.26-12.00.06:525][  0]LogConfig: Setting CVar [[r.DefaultFeature.LensFlare:0]]
[2025.05.26-12.00.06:525][  0]LogConfig: Setting CVar [[r.TemporalAA.Upsampling:0]]
[2025.05.26-12.00.06:525][  0]LogConfig: Setting CVar [[r.SSGI.Enable:0]]
[2025.05.26-12.00.06:525][  0]LogConfig: Setting CVar [[r.DefaultFeature.AntiAliasing:3]]
[2025.05.26-12.00.06:525][  0]LogConfig: Setting CVar [[r.DefaultFeature.LightUnits:1]]
[2025.05.26-12.00.06:525][  0]LogConfig: Setting CVar [[r.DefaultBackBufferPixelFormat:4]]
[2025.05.26-12.00.06:525][  0]LogConfig: Setting CVar [[r.Shadow.UnbuiltPreviewInGame:1]]
[2025.05.26-12.00.06:525][  0]LogConfig: Setting CVar [[r.StencilForLODDither:0]]
[2025.05.26-12.00.06:525][  0]LogConfig: Setting CVar [[r.EarlyZPass:3]]
[2025.05.26-12.00.06:525][  0]LogConfig: Setting CVar [[r.EarlyZPassOnlyMaterialMasking:0]]
[2025.05.26-12.00.06:525][  0]LogConfig: Setting CVar [[r.DBuffer:1]]
[2025.05.26-12.00.06:525][  0]LogConfig: Setting CVar [[r.ClearSceneMethod:1]]
[2025.05.26-12.00.06:525][  0]LogConfig: Setting CVar [[r.BasePassOutputsVelocity:0]]
[2025.05.26-12.00.06:525][  0]LogConfig: Setting CVar [[r.VertexDeformationOutputsVelocity:0]]
[2025.05.26-12.00.06:525][  0]LogConfig: Setting CVar [[r.SelectiveBasePassOutputs:0]]
[2025.05.26-12.00.06:525][  0]LogConfig: Setting CVar [[fx.GPUSimulationTextureSizeX:1024]]
[2025.05.26-12.00.06:525][  0]LogConfig: Setting CVar [[fx.GPUSimulationTextureSizeY:1024]]
[2025.05.26-12.00.06:525][  0]LogConfig: Setting CVar [[r.AllowGlobalClipPlane:0]]
[2025.05.26-12.00.06:525][  0]LogConfig: Setting CVar [[r.GBufferFormat:1]]
[2025.05.26-12.00.06:525][  0]LogConfig: Setting CVar [[r.MorphTarget.Mode:1]]
[2025.05.26-12.00.06:525][  0]LogConfig: Setting CVar [[vr.InstancedStereo:1]]
[2025.05.26-12.00.06:525][  0]LogConfig: Setting CVar [[r.MobileHDR:0]]
[2025.05.26-12.00.06:525][  0]LogConfig: Setting CVar [[vr.MobileMultiView:1]]
[2025.05.26-12.00.06:525][  0]LogConfig: Setting CVar [[r.Mobile.UseHWsRGBEncoding:1]]
[2025.05.26-12.00.06:525][  0]LogConfig: Setting CVar [[vr.RoundRobinOcclusion:0]]
[2025.05.26-12.00.06:525][  0]LogConfig: Setting CVar [[vr.ODSCapture:0]]
[2025.05.26-12.00.06:525][  0]LogConfig: Setting CVar [[r.MeshStreaming:0]]
[2025.05.26-12.00.06:525][  0]LogConfig: Setting CVar [[r.WireframeCullThreshold:5.000000]]
[2025.05.26-12.00.06:525][  0]LogConfig: Setting CVar [[r.RayTracing:0]]
[2025.05.26-12.00.06:525][  0]LogConfig: Setting CVar [[r.RayTracing.UseTextureLod:0]]
[2025.05.26-12.00.06:525][  0]LogConfig: Setting CVar [[r.SupportStationarySkylight:1]]
[2025.05.26-12.00.06:525][  0]LogConfig: Setting CVar [[r.SupportLowQualityLightmaps:1]]
[2025.05.26-12.00.06:525][  0]LogConfig: Setting CVar [[r.SupportPointLightWholeSceneShadows:1]]
[2025.05.26-12.00.06:525][  0]LogConfig: Setting CVar [[r.SupportAtmosphericFog:1]]
[2025.05.26-12.00.06:525][  0]LogConfig: Setting CVar [[r.SupportSkyAtmosphere:1]]
[2025.05.26-12.00.06:525][  0]LogConfig: Setting CVar [[r.SupportSkyAtmosphereAffectsHeightFog:0]]
[2025.05.26-12.00.06:525][  0]LogConfig: Setting CVar [[r.SkinCache.CompileShaders:0]]
[2025.05.26-12.00.06:525][  0]LogConfig: Setting CVar [[r.SkinCache.DefaultBehavior:1]]
[2025.05.26-12.00.06:525][  0]LogConfig: Setting CVar [[r.SkinCache.SceneMemoryLimitInMB:128.000000]]
[2025.05.26-12.00.06:525][  0]LogConfig: Setting CVar [[r.Mobile.EnableStaticAndCSMShadowReceivers:1]]
[2025.05.26-12.00.06:525][  0]LogConfig: Setting CVar [[r.Mobile.EnableMovableLightCSMShaderCulling:1]]
[2025.05.26-12.00.06:525][  0]LogConfig: Setting CVar [[r.Mobile.AllowDistanceFieldShadows:1]]
[2025.05.26-12.00.06:525][  0]LogConfig: Setting CVar [[r.Mobile.AllowMovableDirectionalLights:1]]
[2025.05.26-12.00.06:525][  0]LogConfig: Setting CVar [[r.MobileNumDynamicPointLights:4]]
[2025.05.26-12.00.06:525][  0]LogConfig: Setting CVar [[r.MobileDynamicPointLightsUseStaticBranch:1]]
[2025.05.26-12.00.06:525][  0]LogConfig: Setting CVar [[r.Mobile.EnableMovableSpotlights:0]]
[2025.05.26-12.00.06:525][  0]LogConfig: Setting CVar [[r.Mobile.EnableMovableSpotlightsShadow:0]]
[2025.05.26-12.00.06:525][  0]LogConfig: Setting CVar [[r.GPUSkin.Support16BitBoneIndex:0]]
[2025.05.26-12.00.06:525][  0]LogConfig: Setting CVar [[r.GPUSkin.Limit2BoneInfluences:0]]
[2025.05.26-12.00.06:525][  0]LogConfig: Setting CVar [[r.SupportDepthOnlyIndexBuffers:1]]
[2025.05.26-12.00.06:525][  0]LogConfig: Setting CVar [[r.SupportReversedIndexBuffers:1]]
[2025.05.26-12.00.06:525][  0]LogConfig: Setting CVar [[r.LightPropagationVolume:0]]
[2025.05.26-12.00.06:525][  0]LogConfig: Setting CVar [[r.Mobile.AmbientOcclusion:0]]
[2025.05.26-12.00.06:525][  0]LogConfig: Setting CVar [[r.GPUSkin.UnlimitedBoneInfluences:0]]
[2025.05.26-12.00.06:525][  0]LogConfig: Setting CVar [[r.GPUSkin.UnlimitedBoneInfluencesThreshold:8]]
[2025.05.26-12.00.06:525][  0]LogConfig: Setting CVar [[r.Mobile.PlanarReflectionMode:0]]
[2025.05.26-12.00.06:525][  0]LogConfig: Setting CVar [[r.Mobile.SupportGPUScene:1]]
[2025.05.26-12.00.06:525][  0]LogConfig: Applying CVar settings from Section [/Script/Engine.RendererOverrideSettings] File [C:/Users/sasha/Documents/GitHub/unreal_project/Saved/Config/Windows/Engine.ini]
[2025.05.26-12.00.06:525][  0]LogConfig: Applying CVar settings from Section [/Script/Engine.StreamingSettings] File [C:/Users/sasha/Documents/GitHub/unreal_project/Saved/Config/Windows/Engine.ini]
[2025.05.26-12.00.06:525][  0]LogConfig: Setting CVar [[s.MinBulkDataSizeForAsyncLoading:131072]]
[2025.05.26-12.00.06:525][  0]LogConfig: Setting CVar [[s.AsyncLoadingThreadEnabled:0]]
[2025.05.26-12.00.06:525][  0]LogConfig: Setting CVar [[s.EventDrivenLoaderEnabled:1]]
[2025.05.26-12.00.06:525][  0]LogConfig: Setting CVar [[s.WarnIfTimeLimitExceeded:0]]
[2025.05.26-12.00.06:525][  0]LogConfig: Setting CVar [[s.TimeLimitExceededMultiplier:1.5]]
[2025.05.26-12.00.06:525][  0]LogConfig: Setting CVar [[s.TimeLimitExceededMinTime:0.005]]
[2025.05.26-12.00.06:525][  0]LogConfig: Setting CVar [[s.UseBackgroundLevelStreaming:1]]
[2025.05.26-12.00.06:525][  0]LogConfig: Setting CVar [[s.PriorityAsyncLoadingExtraTime:15.0]]
[2025.05.26-12.00.06:525][  0]LogConfig: Setting CVar [[s.LevelStreamingActorsUpdateTimeLimit:5.0]]
[2025.05.26-12.00.06:525][  0]LogConfig: Setting CVar [[s.PriorityLevelStreamingActorsUpdateExtraTime:5.0]]
[2025.05.26-12.00.06:525][  0]LogConfig: Setting CVar [[s.LevelStreamingComponentsRegistrationGranularity:10]]
[2025.05.26-12.00.06:525][  0]LogConfig: Setting CVar [[s.UnregisterComponentsTimeLimit:1.0]]
[2025.05.26-12.00.06:525][  0]LogConfig: Setting CVar [[s.LevelStreamingComponentsUnregistrationGranularity:5]]
[2025.05.26-12.00.06:525][  0]LogConfig: Setting CVar [[s.FlushStreamingOnExit:1]]
[2025.05.26-12.00.06:525][  0]LogConfig: Applying CVar settings from Section [/Script/Engine.GarbageCollectionSettings] File [C:/Users/sasha/Documents/GitHub/unreal_project/Saved/Config/Windows/Engine.ini]
[2025.05.26-12.00.06:526][  0]LogConfig: Setting CVar [[gc.MaxObjectsNotConsideredByGC:1]]
[2025.05.26-12.00.06:526][  0]LogConfig: Setting CVar [[gc.SizeOfPermanentObjectPool:0]]
[2025.05.26-12.00.06:526][  0]LogConfig: Setting CVar [[gc.FlushStreamingOnGC:0]]
[2025.05.26-12.00.06:526][  0]LogConfig: Setting CVar [[gc.NumRetriesBeforeForcingGC:10]]
[2025.05.26-12.00.06:526][  0]LogConfig: Setting CVar [[gc.AllowParallelGC:1]]
[2025.05.26-12.00.06:526][  0]LogConfig: Setting CVar [[gc.TimeBetweenPurgingPendingKillObjects:61.1]]
[2025.05.26-12.00.06:526][  0]LogConfig: Setting CVar [[gc.MaxObjectsInEditor:25165824]]
[2025.05.26-12.00.06:526][  0]LogConfig: Setting CVar [[gc.IncrementalBeginDestroyEnabled:1]]
[2025.05.26-12.00.06:526][  0]LogConfig: Setting CVar [[gc.CreateGCClusters:1]]
[2025.05.26-12.00.06:526][  0]LogConfig: Setting CVar [[gc.MinGCClusterSize:5]]
[2025.05.26-12.00.06:526][  0]LogConfig: Setting CVar [[gc.ActorClusteringEnabled:0]]
[2025.05.26-12.00.06:526][  0]LogConfig: Setting CVar [[gc.BlueprintClusteringEnabled:0]]
[2025.05.26-12.00.06:526][  0]LogConfig: Setting CVar [[gc.UseDisregardForGCOnDedicatedServers:0]]
[2025.05.26-12.00.06:526][  0]LogConfig: Setting CVar [[gc.MultithreadedDestructionEnabled:1]]
[2025.05.26-12.00.06:526][  0]LogConfig: Applying CVar settings from Section [/Script/Engine.NetworkSettings] File [C:/Users/sasha/Documents/GitHub/unreal_project/Saved/Config/Windows/Engine.ini]
[2025.05.26-12.00.06:526][  0]LogConfig: Applying CVar settings from Section [/Script/UnrealEd.CookerSettings] File [C:/Users/sasha/Documents/GitHub/unreal_project/Saved/Config/Windows/Engine.ini]
[2025.05.26-12.00.06:541][  0]LogConfig: Applying CVar settings from Section [ViewDistanceQuality@3] File [C:/Users/sasha/Documents/GitHub/unreal_project/Saved/Config/Windows/Scalability.ini]
[2025.05.26-12.00.06:541][  0]LogConfig: Setting CVar [[r.SkeletalMeshLODBias:0]]
[2025.05.26-12.00.06:541][  0]LogConfig: Setting CVar [[r.ViewDistanceScale:1.0]]
[2025.05.26-12.00.06:541][  0]LogConfig: Applying CVar settings from Section [AntiAliasingQuality@3] File [C:/Users/sasha/Documents/GitHub/unreal_project/Saved/Config/Windows/Scalability.ini]
[2025.05.26-12.00.06:541][  0]LogConfig: Setting CVar [[r.PostProcessAAQuality:4]]
[2025.05.26-12.00.06:541][  0]LogConfig: Applying CVar settings from Section [ShadowQuality@3] File [C:/Users/sasha/Documents/GitHub/unreal_project/Saved/Config/Windows/Scalability.ini]
[2025.05.26-12.00.06:541][  0]LogConfig: Setting CVar [[r.LightFunctionQuality:1]]
[2025.05.26-12.00.06:541][  0]LogConfig: Setting CVar [[r.ShadowQuality:5]]
[2025.05.26-12.00.06:542][  0]LogConfig: Setting CVar [[r.Shadow.CSM.MaxCascades:10]]
[2025.05.26-12.00.06:542][  0]LogConfig: Setting CVar [[r.Shadow.MaxResolution:2048]]
[2025.05.26-12.00.06:542][  0]LogConfig: Setting CVar [[r.Shadow.MaxCSMResolution:2048]]
[2025.05.26-12.00.06:542][  0]LogConfig: Setting CVar [[r.Shadow.RadiusThreshold:0.01]]
[2025.05.26-12.00.06:542][  0]LogConfig: Setting CVar [[r.Shadow.DistanceScale:1.0]]
[2025.05.26-12.00.06:542][  0]LogConfig: Setting CVar [[r.Shadow.CSM.TransitionScale:1.0]]
[2025.05.26-12.00.06:542][  0]LogConfig: Setting CVar [[r.Shadow.PreShadowResolutionFactor:1.0]]
[2025.05.26-12.00.06:542][  0]LogConfig: Setting CVar [[r.DistanceFieldShadowing:1]]
[2025.05.26-12.00.06:542][  0]LogConfig: Setting CVar [[r.DistanceFieldAO:1]]
[2025.05.26-12.00.06:542][  0]LogConfig: Setting CVar [[r.AOQuality:2]]
[2025.05.26-12.00.06:542][  0]LogConfig: Setting CVar [[r.VolumetricFog:1]]
[2025.05.26-12.00.06:542][  0]LogConfig: Setting CVar [[r.VolumetricFog.GridPixelSize:8]]
[2025.05.26-12.00.06:542][  0]LogConfig: Setting CVar [[r.VolumetricFog.GridSizeZ:128]]
[2025.05.26-12.00.06:542][  0]LogConfig: Setting CVar [[r.VolumetricFog.HistoryMissSupersampleCount:4]]
[2025.05.26-12.00.06:542][  0]LogConfig: Setting CVar [[r.LightMaxDrawDistanceScale:1]]
[2025.05.26-12.00.06:542][  0]LogConfig: Setting CVar [[r.CapsuleShadows:1]]
[2025.05.26-12.00.06:542][  0]LogConfig: Applying CVar settings from Section [PostProcessQuality@3] File [C:/Users/sasha/Documents/GitHub/unreal_project/Saved/Config/Windows/Scalability.ini]
[2025.05.26-12.00.06:542][  0]LogConfig: Setting CVar [[r.MotionBlurQuality:4]]
[2025.05.26-12.00.06:542][  0]LogConfig: Setting CVar [[r.AmbientOcclusionMipLevelFactor:0.4]]
[2025.05.26-12.00.06:542][  0]LogConfig: Setting CVar [[r.AmbientOcclusionMaxQuality:100]]
[2025.05.26-12.00.06:542][  0]LogConfig: Setting CVar [[r.AmbientOcclusionLevels:-1]]
[2025.05.26-12.00.06:542][  0]LogConfig: Setting CVar [[r.AmbientOcclusionRadiusScale:1.0]]
[2025.05.26-12.00.06:542][  0]LogConfig: Setting CVar [[r.DepthOfFieldQuality:2]]
[2025.05.26-12.00.06:542][  0]LogConfig: Setting CVar [[r.RenderTargetPoolMin:400]]
[2025.05.26-12.00.06:542][  0]LogConfig: Setting CVar [[r.LensFlareQuality:2]]
[2025.05.26-12.00.06:542][  0]LogConfig: Setting CVar [[r.SceneColorFringeQuality:1]]
[2025.05.26-12.00.06:542][  0]LogConfig: Setting CVar [[r.EyeAdaptationQuality:2]]
[2025.05.26-12.00.06:542][  0]LogConfig: Setting CVar [[r.BloomQuality:5]]
[2025.05.26-12.00.06:542][  0]LogConfig: Setting CVar [[r.FastBlurThreshold:100]]
[2025.05.26-12.00.06:542][  0]LogConfig: Setting CVar [[r.Upscale.Quality:3]]
[2025.05.26-12.00.06:542][  0]LogConfig: Setting CVar [[r.Tonemapper.GrainQuantization:1]]
[2025.05.26-12.00.06:542][  0]LogConfig: Setting CVar [[r.LightShaftQuality:1]]
[2025.05.26-12.00.06:542][  0]LogConfig: Setting CVar [[r.Filter.SizeScale:1]]
[2025.05.26-12.00.06:542][  0]LogConfig: Setting CVar [[r.Tonemapper.Quality:5]]
[2025.05.26-12.00.06:542][  0]LogConfig: Setting CVar [[r.DOF.Gather.AccumulatorQuality:1        ; higher gathering accumulator quality]]
[2025.05.26-12.00.06:542][  0]LogConfig: Setting CVar [[r.DOF.Gather.PostfilterMethod:1          ; Median3x3 postfilering method]]
[2025.05.26-12.00.06:542][  0]LogConfig: Setting CVar [[r.DOF.Gather.EnableBokehSettings:0       ; no bokeh simulation when gathering]]
[2025.05.26-12.00.06:542][  0]LogConfig: Setting CVar [[r.DOF.Gather.RingCount:4                 ; medium number of samples when gathering]]
[2025.05.26-12.00.06:542][  0]LogConfig: Setting CVar [[r.DOF.Scatter.ForegroundCompositing:1    ; additive foreground scattering]]
[2025.05.26-12.00.06:542][  0]LogConfig: Setting CVar [[r.DOF.Scatter.BackgroundCompositing:2    ; additive background scattering]]
[2025.05.26-12.00.06:542][  0]LogConfig: Setting CVar [[r.DOF.Scatter.EnableBokehSettings:1      ; bokeh simulation when scattering]]
[2025.05.26-12.00.06:542][  0]LogConfig: Setting CVar [[r.DOF.Scatter.MaxSpriteRatio:0.1         ; only a maximum of 10% of scattered bokeh]]
[2025.05.26-12.00.06:542][  0]LogConfig: Setting CVar [[r.DOF.Recombine.Quality:1                ; cheap slight out of focus]]
[2025.05.26-12.00.06:542][  0]LogConfig: Setting CVar [[r.DOF.Recombine.EnableBokehSettings:0    ; no bokeh simulation on slight out of focus]]
[2025.05.26-12.00.06:542][  0]LogConfig: Setting CVar [[r.DOF.TemporalAAQuality:1                ; more stable temporal accumulation]]
[2025.05.26-12.00.06:542][  0]LogConfig: Setting CVar [[r.DOF.Kernel.MaxForegroundRadius:0.025]]
[2025.05.26-12.00.06:542][  0]LogConfig: Setting CVar [[r.DOF.Kernel.MaxBackgroundRadius:0.025]]
[2025.05.26-12.00.06:542][  0]LogConfig: Applying CVar settings from Section [TextureQuality@3] File [C:/Users/sasha/Documents/GitHub/unreal_project/Saved/Config/Windows/Scalability.ini]
[2025.05.26-12.00.06:542][  0]LogConfig: Setting CVar [[r.Streaming.MipBias:0]]
[2025.05.26-12.00.06:542][  0]LogConfig: Setting CVar [[r.Streaming.AmortizeCPUToGPUCopy:0]]
[2025.05.26-12.00.06:542][  0]LogConfig: Setting CVar [[r.Streaming.MaxNumTexturesToStreamPerFrame:0]]
[2025.05.26-12.00.06:542][  0]LogConfig: Setting CVar [[r.Streaming.Boost:1]]
[2025.05.26-12.00.06:542][  0]LogConfig: Setting CVar [[r.MaxAnisotropy:8]]
[2025.05.26-12.00.06:542][  0]LogConfig: Setting CVar [[r.VT.MaxAnisotropy:8]]
[2025.05.26-12.00.06:542][  0]LogConfig: Setting CVar [[r.Streaming.LimitPoolSizeToVRAM:0]]
[2025.05.26-12.00.06:542][  0]LogConfig: Setting CVar [[r.Streaming.PoolSize:1000]]
[2025.05.26-12.00.06:542][  0]LogConfig: Setting CVar [[r.Streaming.MaxEffectiveScreenSize:0]]
[2025.05.26-12.00.06:542][  0]LogConfig: Applying CVar settings from Section [EffectsQuality@3] File [C:/Users/sasha/Documents/GitHub/unreal_project/Saved/Config/Windows/Scalability.ini]
[2025.05.26-12.00.06:542][  0]LogConfig: Setting CVar [[r.TranslucencyLightingVolumeDim:64]]
[2025.05.26-12.00.06:542][  0]LogConfig: Setting CVar [[r.RefractionQuality:2]]
[2025.05.26-12.00.06:542][  0]LogConfig: Setting CVar [[r.SSR.Quality:3]]
[2025.05.26-12.00.06:542][  0]LogConfig: Setting CVar [[r.SSR.HalfResSceneColor:0]]
[2025.05.26-12.00.06:542][  0]LogConfig: Setting CVar [[r.SceneColorFormat:4]]
[2025.05.26-12.00.06:542][  0]LogConfig: Setting CVar [[r.DetailMode:2]]
[2025.05.26-12.00.06:542][  0]LogConfig: Setting CVar [[r.TranslucencyVolumeBlur:1]]
[2025.05.26-12.00.06:542][  0]LogConfig: Setting CVar [[r.MaterialQualityLevel:1 ; High quality]]
[2025.05.26-12.00.06:542][  0]LogConfig: Setting CVar [[r.AnisotropicMaterials:1]]
[2025.05.26-12.00.06:542][  0]LogConfig: Setting CVar [[r.SSS.Scale:1]]
[2025.05.26-12.00.06:542][  0]LogConfig: Setting CVar [[r.SSS.SampleSet:2]]
[2025.05.26-12.00.06:542][  0]LogConfig: Setting CVar [[r.SSS.Quality:1]]
[2025.05.26-12.00.06:542][  0]LogConfig: Setting CVar [[r.SSS.HalfRes:0]]
[2025.05.26-12.00.06:542][  0]LogConfig: Setting CVar [[r.SSGI.Quality:3]]
[2025.05.26-12.00.06:542][  0]LogConfig: Setting CVar [[r.EmitterSpawnRateScale:1.0]]
[2025.05.26-12.00.06:542][  0]LogConfig: Setting CVar [[r.ParticleLightQuality:2]]
[2025.05.26-12.00.06:542][  0]LogConfig: Setting CVar [[r.SkyAtmosphere.AerialPerspectiveLUT.FastApplyOnOpaque:1 ; Always have FastSkyLUT 1 in this case to avoid wrong sky]]
[2025.05.26-12.00.06:542][  0]LogConfig: Setting CVar [[r.SkyAtmosphere.AerialPerspectiveLUT.SampleCountMaxPerSlice:4]]
[2025.05.26-12.00.06:542][  0]LogConfig: Setting CVar [[r.SkyAtmosphere.AerialPerspectiveLUT.DepthResolution:16.0]]
[2025.05.26-12.00.06:542][  0]LogConfig: Setting CVar [[r.SkyAtmosphere.FastSkyLUT:1]]
[2025.05.26-12.00.06:542][  0]LogConfig: Setting CVar [[r.SkyAtmosphere.FastSkyLUT.SampleCountMin:4.0]]
[2025.05.26-12.00.06:542][  0]LogConfig: Setting CVar [[r.SkyAtmosphere.FastSkyLUT.SampleCountMax:128.0]]
[2025.05.26-12.00.06:542][  0]LogConfig: Setting CVar [[r.SkyAtmosphere.SampleCountMin:4.0]]
[2025.05.26-12.00.06:542][  0]LogConfig: Setting CVar [[r.SkyAtmosphere.SampleCountMax:128.0]]
[2025.05.26-12.00.06:542][  0]LogConfig: Setting CVar [[r.SkyAtmosphere.TransmittanceLUT.UseSmallFormat:0]]
[2025.05.26-12.00.06:542][  0]LogConfig: Setting CVar [[r.SkyAtmosphere.TransmittanceLUT.SampleCount:10.0]]
[2025.05.26-12.00.06:542][  0]LogConfig: Setting CVar [[r.SkyAtmosphere.MultiScatteringLUT.SampleCount:15.0]]
[2025.05.26-12.00.06:542][  0]LogConfig: Setting CVar [[r.SkyLight.RealTimeReflectionCapture:1]]
[2025.05.26-12.00.06:542][  0]LogConfig: Applying CVar settings from Section [FoliageQuality@3] File [C:/Users/sasha/Documents/GitHub/unreal_project/Saved/Config/Windows/Scalability.ini]
[2025.05.26-12.00.06:542][  0]LogConfig: Setting CVar [[foliage.DensityScale:1.0]]
[2025.05.26-12.00.06:542][  0]LogConfig: Setting CVar [[grass.DensityScale:1.0]]
[2025.05.26-12.00.06:542][  0]LogConfig: Applying CVar settings from Section [ShadingQuality@3] File [C:/Users/sasha/Documents/GitHub/unreal_project/Saved/Config/Windows/Scalability.ini]
[2025.05.26-12.00.06:542][  0]LogConfig: Setting CVar [[r.HairStrands.SkyLighting.IntegrationType:2]]
[2025.05.26-12.00.06:542][  0]LogConfig: Setting CVar [[r.HairStrands.SkyAO.SampleCount:4]]
[2025.05.26-12.00.06:542][  0]LogConfig: Setting CVar [[r.HairStrands.Visibility.MSAA.SamplePerPixel:4]]
[2025.05.26-12.00.06:542][  0]LogInit: Selected Device Profile: [Windows]
[2025.05.26-12.00.06:542][  0]LogInit: Applying CVar settings loaded from the selected device profile: [Windows]
[2025.05.26-12.00.06:542][  0]LogHAL: Display: Platform has ~ 32 GB [34046914560 / 34359738368 / 32], which maps to Largest [LargestMinGB=32, LargerMinGB=12, DefaultMinGB=8, SmallerMinGB=6, SmallestMinGB=0)
[2025.05.26-12.00.06:542][  0]LogInit: Going up to parent DeviceProfile []
[2025.05.26-12.00.06:542][  0]LogConfig: Applying CVar settings from Section [ViewDistanceQuality@1] File [C:/Users/sasha/Documents/GitHub/unreal_project/Saved/Config/Windows/Scalability.ini]
[2025.05.26-12.00.06:542][  0]LogConfig: Setting CVar [[r.SkeletalMeshLODBias:1]]
[2025.05.26-12.00.06:542][  0]LogConfig: Setting CVar [[r.ViewDistanceScale:0.6]]
[2025.05.26-12.00.06:542][  0]LogConfig: Applying CVar settings from Section [AntiAliasingQuality@1] File [C:/Users/sasha/Documents/GitHub/unreal_project/Saved/Config/Windows/Scalability.ini]
[2025.05.26-12.00.06:542][  0]LogConfig: Setting CVar [[r.PostProcessAAQuality:2]]
[2025.05.26-12.00.06:542][  0]LogConfig: Applying CVar settings from Section [ShadowQuality@1] File [C:/Users/sasha/Documents/GitHub/unreal_project/Saved/Config/Windows/Scalability.ini]
[2025.05.26-12.00.06:542][  0]LogConfig: Setting CVar [[r.LightFunctionQuality:1]]
[2025.05.26-12.00.06:542][  0]LogConfig: Setting CVar [[r.ShadowQuality:3]]
[2025.05.26-12.00.06:542][  0]LogConfig: Setting CVar [[r.Shadow.CSM.MaxCascades:1]]
[2025.05.26-12.00.06:542][  0]LogConfig: Setting CVar [[r.Shadow.MaxResolution:1024]]
[2025.05.26-12.00.06:542][  0]LogConfig: Setting CVar [[r.Shadow.MaxCSMResolution:1024]]
[2025.05.26-12.00.06:542][  0]LogConfig: Setting CVar [[r.Shadow.RadiusThreshold:0.05]]
[2025.05.26-12.00.06:542][  0]LogConfig: Setting CVar [[r.Shadow.DistanceScale:0.7]]
[2025.05.26-12.00.06:542][  0]LogConfig: Setting CVar [[r.Shadow.CSM.TransitionScale:0.25]]
[2025.05.26-12.00.06:542][  0]LogConfig: Setting CVar [[r.Shadow.PreShadowResolutionFactor:0.5]]
[2025.05.26-12.00.06:542][  0]LogConfig: Setting CVar [[r.DistanceFieldShadowing:0]]
[2025.05.26-12.00.06:542][  0]LogConfig: Setting CVar [[r.DistanceFieldAO:0]]
[2025.05.26-12.00.06:542][  0]LogConfig: Setting CVar [[r.VolumetricFog:0]]
[2025.05.26-12.00.06:543][  0]LogConfig: Setting CVar [[r.LightMaxDrawDistanceScale:.5]]
[2025.05.26-12.00.06:543][  0]LogConfig: Setting CVar [[r.CapsuleShadows:1]]
[2025.05.26-12.00.06:543][  0]LogConfig: Applying CVar settings from Section [PostProcessQuality@1] File [C:/Users/sasha/Documents/GitHub/unreal_project/Saved/Config/Windows/Scalability.ini]
[2025.05.26-12.00.06:543][  0]LogConfig: Setting CVar [[r.MotionBlurQuality:3]]
[2025.05.26-12.00.06:543][  0]LogConfig: Setting CVar [[r.AmbientOcclusionMipLevelFactor:1.0]]
[2025.05.26-12.00.06:543][  0]LogConfig: Setting CVar [[r.AmbientOcclusionMaxQuality:60]]
[2025.05.26-12.00.06:543][  0]LogConfig: Setting CVar [[r.AmbientOcclusionLevels:-1]]
[2025.05.26-12.00.06:543][  0]LogConfig: Setting CVar [[r.AmbientOcclusionRadiusScale:1.5]]
[2025.05.26-12.00.06:543][  0]LogConfig: Setting CVar [[r.DepthOfFieldQuality:1]]
[2025.05.26-12.00.06:543][  0]LogConfig: Setting CVar [[r.RenderTargetPoolMin:350]]
[2025.05.26-12.00.06:543][  0]LogConfig: Setting CVar [[r.LensFlareQuality:0]]
[2025.05.26-12.00.06:543][  0]LogConfig: Setting CVar [[r.SceneColorFringeQuality:0]]
[2025.05.26-12.00.06:543][  0]LogConfig: Setting CVar [[r.EyeAdaptationQuality:2]]
[2025.05.26-12.00.06:543][  0]LogConfig: Setting CVar [[r.BloomQuality:4]]
[2025.05.26-12.00.06:543][  0]LogConfig: Setting CVar [[r.FastBlurThreshold:2]]
[2025.05.26-12.00.06:543][  0]LogConfig: Setting CVar [[r.Upscale.Quality:2]]
[2025.05.26-12.00.06:543][  0]LogConfig: Setting CVar [[r.Tonemapper.GrainQuantization:0]]
[2025.05.26-12.00.06:543][  0]LogConfig: Setting CVar [[r.LightShaftQuality:0]]
[2025.05.26-12.00.06:543][  0]LogConfig: Setting CVar [[r.Filter.SizeScale:0.7]]
[2025.05.26-12.00.06:543][  0]LogConfig: Setting CVar [[r.Tonemapper.Quality:2]]
[2025.05.26-12.00.06:543][  0]LogConfig: Setting CVar [[r.DOF.Gather.AccumulatorQuality:0        ; lower gathering accumulator quality]]
[2025.05.26-12.00.06:543][  0]LogConfig: Setting CVar [[r.DOF.Gather.PostfilterMethod:2          ; Max3x3 postfilering method]]
[2025.05.26-12.00.06:543][  0]LogConfig: Setting CVar [[r.DOF.Gather.EnableBokehSettings:0       ; no bokeh simulation when gathering]]
[2025.05.26-12.00.06:543][  0]LogConfig: Setting CVar [[r.DOF.Gather.RingCount:3                 ; low number of samples when gathering]]
[2025.05.26-12.00.06:543][  0]LogConfig: Setting CVar [[r.DOF.Scatter.ForegroundCompositing:0    ; no foreground scattering]]
[2025.05.26-12.00.06:543][  0]LogConfig: Setting CVar [[r.DOF.Scatter.BackgroundCompositing:0    ; no foreground scattering]]
[2025.05.26-12.00.06:543][  0]LogConfig: Setting CVar [[r.DOF.Recombine.Quality:0                ; no slight out of focus]]
[2025.05.26-12.00.06:543][  0]LogConfig: Setting CVar [[r.DOF.TemporalAAQuality:0                ; faster temporal accumulation]]
[2025.05.26-12.00.06:543][  0]LogConfig: Setting CVar [[r.DOF.Kernel.MaxForegroundRadius:0.006   ; required because low gathering and no scattering and not looking great at 1080p]]
[2025.05.26-12.00.06:543][  0]LogConfig: Setting CVar [[r.DOF.Kernel.MaxBackgroundRadius:0.006   ; required because low gathering and no scattering and not looking great at 1080p]]
[2025.05.26-12.00.06:543][  0]LogConfig: Applying CVar settings from Section [TextureQuality@1] File [C:/Users/sasha/Documents/GitHub/unreal_project/Saved/Config/Windows/Scalability.ini]
[2025.05.26-12.00.06:543][  0]LogConfig: Setting CVar [[r.Streaming.MipBias:1]]
[2025.05.26-12.00.06:543][  0]LogConfig: Setting CVar [[r.Streaming.AmortizeCPUToGPUCopy:0]]
[2025.05.26-12.00.06:543][  0]LogConfig: Setting CVar [[r.Streaming.MaxNumTexturesToStreamPerFrame:0]]
[2025.05.26-12.00.06:543][  0]LogConfig: Setting CVar [[r.Streaming.Boost:1]]
[2025.05.26-12.00.06:543][  0]LogConfig: Setting CVar [[r.MaxAnisotropy:2]]
[2025.05.26-12.00.06:543][  0]LogConfig: Setting CVar [[r.VT.MaxAnisotropy:4]]
[2025.05.26-12.00.06:543][  0]LogConfig: Setting CVar [[r.Streaming.LimitPoolSizeToVRAM:1]]
[2025.05.26-12.00.06:543][  0]LogConfig: Setting CVar [[r.Streaming.PoolSize:600]]
[2025.05.26-12.00.06:543][  0]LogConfig: Setting CVar [[r.Streaming.MaxEffectiveScreenSize:0]]
[2025.05.26-12.00.06:543][  0]LogConfig: Applying CVar settings from Section [EffectsQuality@1] File [C:/Users/sasha/Documents/GitHub/unreal_project/Saved/Config/Windows/Scalability.ini]
[2025.05.26-12.00.06:543][  0]LogConfig: Setting CVar [[r.TranslucencyLightingVolumeDim:32]]
[2025.05.26-12.00.06:543][  0]LogConfig: Setting CVar [[r.RefractionQuality:0]]
[2025.05.26-12.00.06:543][  0]LogConfig: Setting CVar [[r.SSR.Quality:0]]
[2025.05.26-12.00.06:543][  0]LogConfig: Setting CVar [[r.SSR.HalfResSceneColor:1]]
[2025.05.26-12.00.06:543][  0]LogConfig: Setting CVar [[r.SceneColorFormat:3]]
[2025.05.26-12.00.06:543][  0]LogConfig: Setting CVar [[r.DetailMode:1]]
[2025.05.26-12.00.06:543][  0]LogConfig: Setting CVar [[r.TranslucencyVolumeBlur:0]]
[2025.05.26-12.00.06:543][  0]LogConfig: Setting CVar [[r.MaterialQualityLevel:2 ; Medium quality]]
[2025.05.26-12.00.06:543][  0]LogConfig: Setting CVar [[r.AnisotropicMaterials:0]]
[2025.05.26-12.00.06:543][  0]LogConfig: Setting CVar [[r.SSS.Scale:0.75]]
[2025.05.26-12.00.06:543][  0]LogConfig: Setting CVar [[r.SSS.SampleSet:0]]
[2025.05.26-12.00.06:543][  0]LogConfig: Setting CVar [[r.SSS.Quality:0]]
[2025.05.26-12.00.06:543][  0]LogConfig: Setting CVar [[r.SSS.HalfRes:1]]
[2025.05.26-12.00.06:543][  0]LogConfig: Setting CVar [[r.SSGI.Quality:1]]
[2025.05.26-12.00.06:543][  0]LogConfig: Setting CVar [[r.EmitterSpawnRateScale:0.25]]
[2025.05.26-12.00.06:543][  0]LogConfig: Setting CVar [[r.ParticleLightQuality:0]]
[2025.05.26-12.00.06:543][  0]LogConfig: Setting CVar [[r.SkyAtmosphere.AerialPerspectiveLUT.FastApplyOnOpaque:1 ; Always have FastSkyLUT 1 in this case to avoid wrong sky]]
[2025.05.26-12.00.06:543][  0]LogConfig: Setting CVar [[r.SkyAtmosphere.AerialPerspectiveLUT.SampleCountMaxPerSlice:1]]
[2025.05.26-12.00.06:543][  0]LogConfig: Setting CVar [[r.SkyAtmosphere.AerialPerspectiveLUT.DepthResolution:16.0]]
[2025.05.26-12.00.06:543][  0]LogConfig: Setting CVar [[r.SkyAtmosphere.FastSkyLUT:1]]
[2025.05.26-12.00.06:543][  0]LogConfig: Setting CVar [[r.SkyAtmosphere.FastSkyLUT.SampleCountMin:4.0]]
[2025.05.26-12.00.06:543][  0]LogConfig: Setting CVar [[r.SkyAtmosphere.FastSkyLUT.SampleCountMax:32.0]]
[2025.05.26-12.00.06:543][  0]LogConfig: Setting CVar [[r.SkyAtmosphere.SampleCountMin:4.0]]
[2025.05.26-12.00.06:543][  0]LogConfig: Setting CVar [[r.SkyAtmosphere.SampleCountMax:32.0]]
[2025.05.26-12.00.06:543][  0]LogConfig: Setting CVar [[r.SkyAtmosphere.TransmittanceLUT.UseSmallFormat:0]]
[2025.05.26-12.00.06:543][  0]LogConfig: Setting CVar [[r.SkyAtmosphere.TransmittanceLUT.SampleCount:10.0]]
[2025.05.26-12.00.06:543][  0]LogConfig: Setting CVar [[r.SkyAtmosphere.MultiScatteringLUT.SampleCount:15.0]]
[2025.05.26-12.00.06:543][  0]LogConfig: Setting CVar [[r.SkyLight.RealTimeReflectionCapture:0]]
[2025.05.26-12.00.06:543][  0]LogConfig: Applying CVar settings from Section [FoliageQuality@1] File [C:/Users/sasha/Documents/GitHub/unreal_project/Saved/Config/Windows/Scalability.ini]
[2025.05.26-12.00.06:543][  0]LogConfig: Setting CVar [[foliage.DensityScale:0.4]]
[2025.05.26-12.00.06:543][  0]LogConfig: Setting CVar [[grass.DensityScale:0.4]]
[2025.05.26-12.00.06:543][  0]LogConfig: Applying CVar settings from Section [ShadingQuality@1] File [C:/Users/sasha/Documents/GitHub/unreal_project/Saved/Config/Windows/Scalability.ini]
[2025.05.26-12.00.06:543][  0]LogConfig: Setting CVar [[r.HairStrands.SkyLighting.IntegrationType:2]]
[2025.05.26-12.00.06:543][  0]LogConfig: Setting CVar [[r.HairStrands.SkyAO.SampleCount:4]]
[2025.05.26-12.00.06:543][  0]LogConfig: Setting CVar [[r.HairStrands.Visibility.MSAA.SamplePerPixel:1]]
[2025.05.26-12.00.06:543][  0]LogConfig: Applying CVar settings from Section [Startup] File [../../../Engine/Config/ConsoleVariables.ini]
[2025.05.26-12.00.06:544][  0]LogConfig: Setting CVar [[net.UseAdaptiveNetUpdateFrequency:0]]
[2025.05.26-12.00.06:544][  0]LogConfig: Setting CVar [[p.chaos.AllowCreatePhysxBodies:1]]
[2025.05.26-12.00.06:544][  0]LogConfig: Setting CVar [[fx.SkipVectorVMBackendOptimizations:1]]
[2025.05.26-12.00.06:544][  0]LogConfig: Applying CVar settings from Section [ConsoleVariables] File [C:/Users/sasha/Documents/GitHub/unreal_project/Saved/Config/Windows/Engine.ini]
[2025.05.26-12.00.06:544][  0]LogConfig: Applying CVar settings from Section [ConsoleVariables] File [C:/Users/sasha/Documents/GitHub/unreal_project/Saved/Config/Windows/Editor.ini]
[2025.05.26-12.00.06:544][  0]LogInit: Computer: ALEXF
[2025.05.26-12.00.06:544][  0]LogInit: User: sasha
[2025.05.26-12.00.06:544][  0]LogInit: CPU Page size=4096, Cores=6
[2025.05.26-12.00.06:544][  0]LogInit: High frequency timer resolution =10.000000 MHz
[2025.05.26-12.00.06:544][  0]LogMemory: Memory total: Physical=31.7GB (32GB approx)
[2025.05.26-12.00.06:544][  0]LogMemory: Platform Memory Stats for Windows
[2025.05.26-12.00.06:544][  0]LogMemory: Process Physical Memory: 148.08 MB used, 148.08 MB peak
[2025.05.26-12.00.06:544][  0]LogMemory: Process Virtual Memory: 131.71 MB used, 131.71 MB peak
[2025.05.26-12.00.06:544][  0]LogMemory: Physical Memory: 12436.58 MB used,  20033.09 MB free, 32469.67 MB total
[2025.05.26-12.00.06:544][  0]LogMemory: Virtual Memory: 134194344.00 MB used,  23384.57 MB free, 134217728.00 MB total
[2025.05.26-12.00.06:569][  0]LogWindows: WindowsPlatformFeatures enabled
[2025.05.26-12.00.06:604][  0]LogInit: Physics initialised using underlying interface: PhysX
[2025.05.26-12.00.06:605][  0]LogInit: Using OS detected language (ru-RU).
[2025.05.26-12.00.06:605][  0]LogInit: Using OS detected locale (ru-RU).
[2025.05.26-12.00.06:607][  0]LogTextLocalizationManager: No specific localization for 'ru-RU' exists, so the 'ru' localization will be used.
[2025.05.26-12.00.06:607][  0]LogTextLocalizationResource: LocRes '../../../Engine/Content/Localization/Editor/ru/Editor.locres' could not be opened for reading!
[2025.05.26-12.00.06:607][  0]LogTextLocalizationResource: LocRes '../../../Engine/Content/Localization/EditorTutorials/ru/EditorTutorials.locres' could not be opened for reading!
[2025.05.26-12.00.06:607][  0]LogTextLocalizationResource: LocRes '../../../Engine/Content/Localization/Keywords/ru/Keywords.locres' could not be opened for reading!
[2025.05.26-12.00.06:607][  0]LogTextLocalizationResource: LocRes '../../../Engine/Content/Localization/Category/ru/Category.locres' could not be opened for reading!
[2025.05.26-12.00.06:607][  0]LogTextLocalizationResource: LocRes '../../../Engine/Content/Localization/ToolTips/ru/ToolTips.locres' could not be opened for reading!
[2025.05.26-12.00.06:607][  0]LogTextLocalizationResource: LocRes '../../../Engine/Content/Localization/PropertyNames/ru/PropertyNames.locres' could not be opened for reading!
[2025.05.26-12.00.06:607][  0]LogTextLocalizationResource: LocRes '../../../Engine/Content/Localization/Engine/ru/Engine.locres' could not be opened for reading!
[2025.05.26-12.00.06:608][  0]LogInit: Setting process to per monitor DPI aware
[2025.05.26-12.00.06:615][  0]LogWindowsTextInputMethodSystem: Display: IME system deactivated.
[2025.05.26-12.00.06:624][  0]LogSlate: New Slate User Created.  User Index 0, Is Virtual User: 0
[2025.05.26-12.00.06:624][  0]LogSlate: Slate User Registered.  User Index 0, Is Virtual User: 0
[2025.05.26-12.00.06:755][  0]LogD3D11RHI: Loaded GFSDK_Aftermath_Lib.x64.dll
[2025.05.26-12.00.06:818][  0]LogHMD: Optional extension XR_VARJO_quad_views is not available
[2025.05.26-12.00.06:828][  0]LogHMD: Failed to create an OpenXR instance, result is XR_ERROR_RUNTIME_FAILURE. Please check if you have an OpenXR runtime installed. The following extensions were enabled:
[2025.05.26-12.00.06:828][  0]LogHMD: - XR_KHR_D3D11_enable
[2025.05.26-12.00.06:828][  0]LogHMD: - XR_KHR_D3D12_enable
[2025.05.26-12.00.06:828][  0]LogHMD: - XR_KHR_opengl_enable
[2025.05.26-12.00.06:828][  0]LogHMD: - XR_KHR_vulkan_enable
[2025.05.26-12.00.06:828][  0]LogHMD: - XR_KHR_composition_layer_depth
[2025.05.26-12.00.06:828][  0]LogHMD: - XR_KHR_visibility_mask
[2025.05.26-12.00.06:828][  0]LogHMD: - XR_EXT_hand_tracking
[2025.05.26-12.00.06:828][  0]LogHMD: - XR_EXT_eye_gaze_interaction
[2025.05.26-12.00.06:828][  0]LogD3D11RHI: D3D11 min allowed feature level: 11_0
[2025.05.26-12.00.06:828][  0]LogD3D11RHI: D3D11 max allowed feature level: 11_0
[2025.05.26-12.00.06:828][  0]LogD3D11RHI: D3D11 adapters:
[2025.05.26-12.00.06:942][  0]LogD3D11RHI:    0. 'NVIDIA GeForce RTX 3050 Ti Laptop GPU' (Feature Level 11_0)
[2025.05.26-12.00.06:942][  0]LogD3D11RHI:       3965/0/16234 MB DedicatedVideo/DedicatedSystem/SharedSystem, Outputs:1, VendorId:0x10de
[2025.05.26-12.00.06:971][  0]LogD3D11RHI:    1. 'Intel(R) UHD Graphics' (Feature Level 11_0)
[2025.05.26-12.00.06:971][  0]LogD3D11RHI:       128/0/16234 MB DedicatedVideo/DedicatedSystem/SharedSystem, Outputs:0, VendorId:0x8086
[2025.05.26-12.00.06:974][  0]LogD3D11RHI:    2. 'Microsoft Basic Render Driver' (Feature Level 11_0)
[2025.05.26-12.00.06:974][  0]LogD3D11RHI:       0/0/16234 MB DedicatedVideo/DedicatedSystem/SharedSystem, Outputs:0, VendorId:0x1414
[2025.05.26-12.00.06:974][  0]LogD3D11RHI: Chosen D3D11 Adapter:
[2025.05.26-12.00.06:974][  0]LogD3D11RHI:     Description : NVIDIA GeForce RTX 3050 Ti Laptop GPU
[2025.05.26-12.00.06:974][  0]LogD3D11RHI:     VendorId    : 10de
[2025.05.26-12.00.06:974][  0]LogD3D11RHI:     DeviceId    : 25a0
[2025.05.26-12.00.06:974][  0]LogD3D11RHI:     SubSysId    : 132e1462
[2025.05.26-12.00.06:974][  0]LogD3D11RHI:     Revision    : 00a1
[2025.05.26-12.00.06:974][  0]LogD3D11RHI:     DedicatedVideoMemory : 4157603840 bytes
[2025.05.26-12.00.06:974][  0]LogD3D11RHI:     DedicatedSystemMemory : 0 bytes
[2025.05.26-12.00.06:974][  0]LogD3D11RHI:     SharedSystemMemory : 17023457280 bytes
[2025.05.26-12.00.06:974][  0]LogD3D11RHI:     AdapterLuid : 0 62585
[2025.05.26-12.00.06:979][  0]LogD3D11RHI: Creating new Direct3DDevice
[2025.05.26-12.00.06:979][  0]LogD3D11RHI:     GPU DeviceId: 0x25a0 (for the marketing name, search the web for "GPU Device Id")
[2025.05.26-12.00.06:979][  0]LogWindows: EnumDisplayDevices:
[2025.05.26-12.00.06:979][  0]LogWindows:    0. 'Intel(R) UHD Graphics' (P:1 D:1)
[2025.05.26-12.00.06:979][  0]LogWindows:    1. 'Intel(R) UHD Graphics' (P:0 D:0)
[2025.05.26-12.00.06:980][  0]LogWindows:    2. 'Intel(R) UHD Graphics' (P:0 D:0)
[2025.05.26-12.00.06:980][  0]LogWindows:    3. 'Intel(R) UHD Graphics' (P:0 D:0)
[2025.05.26-12.00.06:980][  0]LogWindows: DebugString: PrimaryIsNotTheChoosenAdapter PrimaryIsNotTheChoosenAdapter PrimaryIsNotTheChoosenAdapter PrimaryIsNotTheChoosenAdapter FoundDriverCount:0 
[2025.05.26-12.00.06:980][  0]LogD3D11RHI:     Adapter Name: NVIDIA GeForce RTX 3050 Ti Laptop GPU
[2025.05.26-12.00.06:980][  0]LogD3D11RHI:   Driver Version: Unknown (internal:Unknown, unified:Unknown)
[2025.05.26-12.00.06:980][  0]LogD3D11RHI:      Driver Date: Unknown
[2025.05.26-12.00.06:980][  0]LogRHI: Texture pool is 2775 MB (70% of 3965 MB)
[2025.05.26-12.00.06:980][  0]LogD3D11RHI: Creating D3DDevice using adapter:
[2025.05.26-12.00.06:980][  0]LogD3D11RHI:     Description : NVIDIA GeForce RTX 3050 Ti Laptop GPU
[2025.05.26-12.00.06:980][  0]LogD3D11RHI:     VendorId    : 10de
[2025.05.26-12.00.06:980][  0]LogD3D11RHI:     DeviceId    : 25a0
[2025.05.26-12.00.06:980][  0]LogD3D11RHI:     SubSysId    : 132e1462
[2025.05.26-12.00.06:980][  0]LogD3D11RHI:     Revision    : 00a1
[2025.05.26-12.00.06:980][  0]LogD3D11RHI:     DedicatedVideoMemory : 4157603840 bytes
[2025.05.26-12.00.06:980][  0]LogD3D11RHI:     DedicatedSystemMemory : 0 bytes
[2025.05.26-12.00.06:980][  0]LogD3D11RHI:     SharedSystemMemory : 17023457280 bytes
[2025.05.26-12.00.06:980][  0]LogD3D11RHI:     AdapterLuid : 0 62585
[2025.05.26-12.00.07:066][  0]LogD3D11RHI: RHI has support for 64 bit atomics
[2025.05.26-12.00.07:066][  0]LogD3D11RHI: Async texture creation enabled
[2025.05.26-12.00.07:066][  0]LogD3D11RHI: Array index from any shader is supported
[2025.05.26-12.00.07:087][  0]LogD3D11RHI: GPU Timing Frequency: 1000.000000 (Debug: 2 2)
[2025.05.26-12.00.07:115][  0]LogRHI: GeForceNow SDK initialized: 1
[2025.05.26-12.00.07:381][  0]LogTargetPlatformManager: Display: Loaded TargetPlatform 'AllDesktop'
[2025.05.26-12.00.07:400][  0]LogTargetPlatformManager: Display: Loaded TargetPlatform 'Android'
[2025.05.26-12.00.07:400][  0]LogTargetPlatformManager: Display: Loaded TargetPlatform 'Android_ASTC'
[2025.05.26-12.00.07:400][  0]LogTargetPlatformManager: Display: Loaded TargetPlatform 'Android_DXT'
[2025.05.26-12.00.07:400][  0]LogTargetPlatformManager: Display: Loaded TargetPlatform 'Android_ETC2'
[2025.05.26-12.00.07:400][  0]LogTargetPlatformManager: Display: Loaded TargetPlatform 'AndroidClient'
[2025.05.26-12.00.07:400][  0]LogTargetPlatformManager: Display: Loaded TargetPlatform 'Android_ASTCClient'
[2025.05.26-12.00.07:400][  0]LogTargetPlatformManager: Display: Loaded TargetPlatform 'Android_DXTClient'
[2025.05.26-12.00.07:400][  0]LogTargetPlatformManager: Display: Loaded TargetPlatform 'Android_ETC2Client'
[2025.05.26-12.00.07:400][  0]LogTargetPlatformManager: Display: Loaded TargetPlatform 'Android_Multi'
[2025.05.26-12.00.07:400][  0]LogTargetPlatformManager: Display: Loaded TargetPlatform 'Android_MultiClient'
[2025.05.26-12.00.07:417][  0]LogTargetPlatformManager: Display: Loaded TargetPlatform 'IOSClient'
[2025.05.26-12.00.07:417][  0]LogTargetPlatformManager: Display: Loaded TargetPlatform 'IOS'
[2025.05.26-12.00.07:424][  0]LogTargetPlatformManager: Display: Loaded TargetPlatform 'Linux'
[2025.05.26-12.00.07:429][  0]LogTargetPlatformManager: Display: Loaded TargetPlatform 'LinuxNoEditor'
[2025.05.26-12.00.07:434][  0]LogTargetPlatformManager: Display: Loaded TargetPlatform 'LinuxClient'
[2025.05.26-12.00.07:437][  0]LogTargetPlatformManager: Display: Loaded TargetPlatform 'LinuxServer'
[2025.05.26-12.00.07:446][  0]LogTargetPlatformManager: Display: Loaded TargetPlatform 'LinuxAArch64NoEditor'
[2025.05.26-12.00.07:450][  0]LogTargetPlatformManager: Display: Loaded TargetPlatform 'LinuxAArch64Client'
[2025.05.26-12.00.07:453][  0]LogTargetPlatformManager: Display: Loaded TargetPlatform 'LinuxAArch64Server'
[2025.05.26-12.00.07:474][  0]LogTargetPlatformManager: Display: Loaded TargetPlatform 'Lumin'
[2025.05.26-12.00.07:474][  0]LogTargetPlatformManager: Display: Loaded TargetPlatform 'LuminClient'
[2025.05.26-12.00.07:482][  0]LogTargetPlatformManager: Display: Loaded TargetPlatform 'MacNoEditor'
[2025.05.26-12.00.07:486][  0]LogTargetPlatformManager: Display: Loaded TargetPlatform 'Mac'
[2025.05.26-12.00.07:490][  0]LogTargetPlatformManager: Display: Loaded TargetPlatform 'MacClient'
[2025.05.26-12.00.07:494][  0]LogTargetPlatformManager: Display: Loaded TargetPlatform 'MacServer'
[2025.05.26-12.00.07:502][  0]LogTargetPlatformManager: Display: Loaded TargetPlatform 'TVOSClient'
[2025.05.26-12.00.07:502][  0]LogTargetPlatformManager: Display: Loaded TargetPlatform 'TVOS'
[2025.05.26-12.00.07:511][  0]LogTargetPlatformManager: Display: Loaded TargetPlatform 'WindowsNoEditor'
[2025.05.26-12.00.07:516][  0]LogTargetPlatformManager: Display: Loaded TargetPlatform 'Windows'
[2025.05.26-12.00.07:520][  0]LogTargetPlatformManager: Display: Loaded TargetPlatform 'WindowsClient'
[2025.05.26-12.00.07:524][  0]LogTargetPlatformManager: Display: Loaded TargetPlatform 'WindowsServer'
[2025.05.26-12.00.07:524][  0]LogTargetPlatformManager: Display: Building Assets For Windows
[2025.05.26-12.00.07:531][  0]LogAudioDebug: Display: Lib vorbis DLL was dynamically loaded.
[2025.05.26-12.00.07:559][  0]LogTextureFormatOodle: Display: Oodle Texture 2.9.0 init RDO Off
[2025.05.26-12.00.07:588][  0]LogRendererCore: Ray tracing is disabled. Reason: r.RayTracing=0.
[2025.05.26-12.00.07:588][  0]LogShaderCompilers: Guid format shader working directory is -15 characters bigger than the processId version (../../../../../../Users/sasha/Documents/GitHub/unreal_project/Intermediate/Shaders/WorkingDirectory/3820/).
[2025.05.26-12.00.07:588][  0]LogShaderCompilers: Cleaned the shader compiler working directory 'C:/Users/sasha/AppData/Local/Temp/UnrealShaderWorkingDir/A7B1080B400065294D73BE99DCC1DAE0/'.
[2025.05.26-12.00.07:588][  0]LogXGEController: Cannot use XGE Controller as Incredibuild is not installed on this machine.
[2025.05.26-12.00.07:588][  0]LogShaderCompilers: Cannot use XGE Shader Compiler as Incredibuild is not installed on this machine.
[2025.05.26-12.00.07:588][  0]LogShaderCompilers: Display: Using Local Shader Compiler.
[2025.05.26-12.00.08:233][  0]LogDerivedDataCache: Display: Max Cache Size: 512 MB
[2025.05.26-12.00.08:291][  0]LogDerivedDataCache: Loaded boot cache 0.06s 122MB C:/Users/sasha/AppData/Local/UnrealEngine/4.27/DerivedDataCache/Boot.ddc.
[2025.05.26-12.00.08:291][  0]LogDerivedDataCache: Display: Loaded Boot cache: C:/Users/sasha/AppData/Local/UnrealEngine/4.27/DerivedDataCache/Boot.ddc
[2025.05.26-12.00.08:291][  0]LogDerivedDataCache: FDerivedDataBackendGraph:  Pak pak cache file ../../../../../../Users/sasha/Documents/GitHub/unreal_project/DerivedDataCache/DDC.ddp not found, will not use a pak cache.
[2025.05.26-12.00.08:291][  0]LogDerivedDataCache: Unable to find inner node Pak for hierarchical cache Hierarchy.
[2025.05.26-12.00.08:291][  0]LogDerivedDataCache: FDerivedDataBackendGraph:  CompressedPak pak cache file ../../../../../../Users/sasha/Documents/GitHub/unreal_project/DerivedDataCache/Compressed.ddp not found, will not use a pak cache.
[2025.05.26-12.00.08:291][  0]LogDerivedDataCache: Unable to find inner node CompressedPak for hierarchical cache Hierarchy.
[2025.05.26-12.00.08:306][  0]LogDerivedDataCache: Display: Pak cache opened for reading ../../../Engine/DerivedDataCache/Compressed.ddp.
[2025.05.26-12.00.08:306][  0]LogDerivedDataCache: FDerivedDataBackendGraph:  EnterprisePak pak cache file ../../../Enterprise/DerivedDataCache/Compressed.ddp not found, will not use a pak cache.
[2025.05.26-12.00.08:306][  0]LogDerivedDataCache: Unable to find inner node EnterprisePak for hierarchical cache Hierarchy.
[2025.05.26-12.00.08:312][  0]LogDerivedDataCache: Speed tests for C:/Users/sasha/AppData/Local/UnrealEngine/Common/DerivedDataCache took 0.01 seconds
[2025.05.26-12.00.08:312][  0]LogDerivedDataCache: Display: Performance to C:/Users/sasha/AppData/Local/UnrealEngine/Common/DerivedDataCache: Latency=0.02ms. RandomReadSpeed=930.15MBs, RandomWriteSpeed=181.73MBs. Assigned SpeedClass 'Local'
[2025.05.26-12.00.08:313][  0]LogDerivedDataCache: Using Local data cache path C:/Users/sasha/AppData/Local/UnrealEngine/Common/DerivedDataCache: Writable
[2025.05.26-12.00.08:313][  0]LogDerivedDataCache: Shared data cache path not found in *engine.ini, will not use an Shared cache.
[2025.05.26-12.00.08:313][  0]LogDerivedDataCache: Unable to find inner node Shared for hierarchical cache Hierarchy.
[2025.05.26-12.00.08:351][  0]LogSlate: Using FreeType 2.10.0
[2025.05.26-12.00.08:353][  0]LogSlate: SlateFontServices - WITH_FREETYPE: 1, WITH_HARFBUZZ: 1
[2025.05.26-12.00.08:375][  0]LogHMD: Optional extension XR_VARJO_quad_views is not available
[2025.05.26-12.00.08:385][  0]LogHMD: Failed to create an OpenXR instance, result is XR_ERROR_RUNTIME_FAILURE. Please check if you have an OpenXR runtime installed. The following extensions were enabled:
[2025.05.26-12.00.08:385][  0]LogHMD: - XR_KHR_D3D11_enable
[2025.05.26-12.00.08:385][  0]LogHMD: - XR_KHR_D3D12_enable
[2025.05.26-12.00.08:385][  0]LogHMD: - XR_KHR_opengl_enable
[2025.05.26-12.00.08:385][  0]LogHMD: - XR_KHR_vulkan_enable
[2025.05.26-12.00.08:385][  0]LogHMD: - XR_KHR_composition_layer_depth
[2025.05.26-12.00.08:385][  0]LogHMD: - XR_KHR_visibility_mask
[2025.05.26-12.00.08:385][  0]LogHMD: - XR_EXT_hand_tracking
[2025.05.26-12.00.08:385][  0]LogHMD: - XR_EXT_eye_gaze_interaction
[2025.05.26-12.00.08:404][  0]LogAssetRegistry: FAssetRegistry took 0.0025 seconds to start up
[2025.05.26-12.00.08:607][  0]LogInit: Selected Device Profile: [Windows]
[2025.05.26-12.00.08:607][  0]LogInit: Active device profile: [0000024F287A5E00][0000024F283BD540 49] Windows
[2025.05.26-12.00.08:607][  0]LogInit: Profiles: [0000024F287A5E00][0000024F283BD540 49] Windows, [0000024F2876B800][0000024F271D96C0 49] WindowsNoEditor, [0000024F287A5C00][0000024F1FF51840 49] WindowsServer, [0000024F28768300][0000024F1FF559C0 49] WindowsClient, [0000024F287A4400][0000024F285AFB40 49] IOS, [0000024F2876BF00][0000024F285B6140 49] iPadAir, [0000024F287A5400][0000024F285BE2C0 49] iPadAir2, [0000024F286E1500][0000024F26EA8580 49] IPadPro, [0000024F286E1600][0000024F2AA1C5C0 49] iPadAir3, [0000024F287A7800][0000024F2AB2C740 49] iPadAir4, [0000024F286E3000][0000024F2AB348C0 49] iPadMini2, [0000024F287A4C00][0000024F2AB7AA40 49] iPadMini3, [0000024F286E1D00][0000024F2860CB80 49] iPadMini4, [0000024F287A6800][0000024F2AC40CC0 49] iPadMini5, [0000024F28708E00][0000024F2AD92F00 49] iPhone6, [0000024F28708F00][0000024F2AD78F40 49] iPodTouch6, [0000024F2876BD00][0000024F2ADB3200 49] iPhone7, [0000024F2876BE00][0000024F2ADAF240 49] iPodTouch7, [0000024F28708200][0000024F2ADB73C0 49] iPhone5S, [0000024F286E3F00][0000024F2ADBB540 49] iPhone6Plus, [0000024F2870AE00][0000024F2ADBF6C0 49] iPhone6S, [0000024F286E1200][0000024F2ADC3840 49] iPhone6SPlus, [0000024F28768100][0000024F2ADC79C0 49] iPhone7Plus, [0000024F286E2500][0000024F2ADCBB40 49] iPhoneSE, [0000024F2876A800][0000024F2ADCE140 49] iPhone8, [0000024F286E0600][0000024F2ADD82C0 49] iPhone8Plus, [0000024F28768F00][0000024F2AE24440 49] iPhoneX, [0000024F286E0C00][0000024F2AEDE5C0 49] iPhoneXS, [0000024F28769700][0000024F2AF1E740 49] iPhoneXSMax, [0000024F286E1100][0000024F2AF228C0 49] iPhoneXR, [0000024F2876AE00][0000024F2AF26A40 49] iPhone11, [0000024F286E3700][0000024F2AF66BC0 49] iPhone11Pro, [0000024F2876A200][0000024F2AF6AD40 49] iPhone11ProMax, [0000024F286E3900][0000024F2ADAAE80 49] iPhoneSE2, [0000024F28768A00][0000024F1F990FC0 49] iPhone12Mini, [0000024F286E0100][0000024F1F995100 49] iPhone12, [0000024F2876B300][0000024F1F999280 49] iPhone12Pro, [0000024F286E0E00][0000024F1F99D400 49] iPhone12ProMax, [0000024F28769F00][0000024F1F9A1580 49] iPadPro105, [0000024F286E2000][0000024F1F987700 49] iPadPro129, [0000024F28768700][0000024F2A693880 49] iPadPro97, [0000024F286E0900][0000024F2A697A00 49] iPadPro2_129, [0000024F2876AD00][0000024F2A69BB80 49] iPad5, [0000024F286E3E00][0000024F2A69E180 49] iPad6, [0000024F28768400][0000024F2A6A2300 49] iPad7, [0000024F286E1300][0000024F2A6A6480 49] iPad8, [0000024F28768D00][0000024F2A6AA600 49] iPadPro11, [0000024F286E2B00][0000024F2AB5C780 49] iPadPro2_11, [0000024F28769900][0000024F2AB28900 49] iPadPro3_129, [0000024F286E2A00][0000024F26EA4A80 49] iPadPro4_129, [0000024F2876A700][0000024F26E9AC00 49] AppleTV, [0000024F286E3300][0000024F2AA12D80 49] AppleTV4K, [0000024F2876B700][0000024F2AA0EF00 49] TVOS, [0000024F286E2E00][0000024F271BD040 49] Mac, [0000024F28769400][0000024F2AA0B180 49] MacClient, [0000024F286E3500][0000024F2A6D72C0 49] MacNoEditor, [0000024F28768C00][0000024F1FA0F440 49] MacServer, [0000024F286E3600][0000024F285B35C0 49] Linux, [0000024F2876B400][0000024F26F1F740 49] LinuxAArch64, [0000024F286E3A00][0000024F2AD978C0 49] LinuxNoEditor, [0000024F28769000][0000024F2A6AFA40 49] LinuxAArch64NoEditor, [0000024F286E2100][0000024F2A6B3BC0 49] LinuxClient, [0000024F28768200][0000024F2AF2A1C0 49] LinuxAArch64Client, [0000024F286E0A00][0000024F2AF2E340 49] LinuxServer, [0000024F28769E00][0000024F2AF324C0 49] LinuxAArch64Server, [0000024F286E3B00][0000024F2AF36640 49] Android, [0000024F2876A000][0000024F2AF3A7C0 49] Android_Low, [0000024F286E0700][0000024F2AF3E940 49] Android_Mid, [0000024F2876B600][0000024F2AF42AC0 49] Android_High, [0000024F286E1F00][0000024F2AF46C40 49] Android_Default, [0000024F287A6500][0000024F2AF4ADC0 49] Android_Adreno4xx, [0000024F2870B700][0000024F2AF4EF40 49] Android_Adreno5xx_Low, [0000024F287A4700][0000024F2AF530C0 49] Android_Adreno5xx, [0000024F2870B400][0000024F285BB200 49] Android_Adreno6xx, [0000024F287A6900][0000024F2AF57340 49] Android_Adreno6xx_Vulkan, [0000024F28708C00][0000024F2AF5B480 49] Android_Mali_T6xx, [0000024F287A7000][0000024F2AF5F5C0 49] Android_Mali_T7xx, [0000024F2870B500][0000024F1F9B1740 49] Android_Mali_T8xx, [0000024F287A5100][0000024F1F9B58C0 49] Android_Mali_G71, [0000024F28708100][0000024F1F9B9A40 49] Android_Mali_G72, [0000024F287A4800][0000024F1F9BDBC0 49] Android_Mali_G72_Vulkan, [0000024F28708700][0000024F1F9C01C0 49] Android_Mali_G76, [0000024F287A6700][0000024F1F9C4340 49] Android_Mali_G76_Vulkan, [0000024F2870B900][0000024F1F9C84C0 49] Android_Mali_G77, [0000024F287A7200][0000024F1F9CC640 49] Android_Mali_G77_Vulkan, [0000024F28709100][0000024F1F9D07C0 49] Android_Mali_G78, [0000024F287A4100][0000024F1F9D4940 49] Android_Mali_G78_Vulkan, [0000024F28708600][0000024F1F9D8AC0 49] Android_Mali_G710, [0000024F287A5800][0000024F1F9DCC40 49] Android_Mali_G710_Vulkan, [0000024F28708900][0000024F1F9E0DC0 49] Android_Vulkan_SM5, [0000024F287A7500][0000024F1F9E4F40 49] Android_PowerVR_G6xxx, [0000024F2870AC00][0000024F1F9E90C0 49] Android_PowerVR_GT7xxx, [0000024F287A6B00][0000024F1F9ED240 49] Android_PowerVR_GE8xxx, [0000024F2870A600][0000024F2AF63380 49] Android_PowerVR_GM9xxx, [0000024F287A6100][0000024F1F9F14C0 49] Android_PowerVR_GM9xxx_Vulkan, [0000024F286E3200][0000024F2AE41600 49] Android_TegraK1, [0000024F287A7A00][0000024F2AE45740 49] Android_Unknown_Vulkan, [0000024F286E0400][0000024F2AE4D8C0 49] Lumin, [0000024F287A7900][0000024F2AE51A40 49] Lumin_Desktop, [0000024F286E0500][0000024F2AE55BC0 49] HoloLens, 
[2025.05.26-12.00.08:716][  0]LogMeshReduction: Using QuadricMeshReduction for automatic static mesh reduction
[2025.05.26-12.00.08:716][  0]LogMeshReduction: Using SimplygonMeshReduction for automatic skeletal mesh reduction
[2025.05.26-12.00.08:716][  0]LogMeshReduction: Using ProxyLODMeshReduction for automatic mesh merging
[2025.05.26-12.00.08:716][  0]LogMeshReduction: No distributed automatic mesh merging module available
[2025.05.26-12.00.08:716][  0]LogMeshMerging: No distributed automatic mesh merging module available
[2025.05.26-12.00.08:731][  0]LogNetVersion: MyProject 1.0.0, NetCL: 17155196, EngineNetVer: 17, GameNetVer: 0 (Checksum: 3629800737)
[2025.05.26-12.00.09:058][  0]LogTexture: Default maximum texture size for cubemaps generated from long-lat sources has been changed from 512 to unlimited. In order to preserve old behaiour for '/Engine/MapTemplates/Sky/DaylightAmbientCubemap.DaylightAmbientCubemap', its maximum texture size has been explicitly set to 512.
[2025.05.26-12.00.09:108][  0]LogUObjectArray: 17011 objects as part of root set at end of initial load.
[2025.05.26-12.00.09:108][  0]LogUObjectAllocator: 4257152 out of 0 bytes used by permanent object pool.
[2025.05.26-12.00.09:108][  0]LogUObjectArray: CloseDisregardForGC: 0/0 objects in disregard for GC pool
[2025.05.26-12.00.09:344][  0]LogPython: Using Python 3.7.7
[2025.05.26-12.00.09:736][  0]LogNiagaraDebuggerClient: Niagara Debugger Client Initialized | Session: 876E34874C8BD59DE48C68867B6CF2FD | Instance: 89EAA26546DD6B0F8C1349A64FD0B68A (ALEXF-3820).
[2025.05.26-12.00.09:863][  0]LogTcpMessaging: Initializing TcpMessaging bridge
[2025.05.26-12.00.09:866][  0]LogUdpMessaging: Initializing bridge on interface 0.0.0.0:0 to multicast group 230.0.0.1:6666.
[2025.05.26-12.00.10:151][  0]SourceControl: Source control is disabled
[2025.05.26-12.00.10:151][  0]SourceControl: Source control is disabled
[2025.05.26-12.00.10:155][  0]SourceControl: Source control is disabled
[2025.05.26-12.00.10:157][  0]SourceControl: Source control is disabled
[2025.05.26-12.00.10:160][  0]SourceControl: Source control is disabled
[2025.05.26-12.00.10:168][  0]LogUProjectInfo: Found projects:
[2025.05.26-12.00.10:175][  0]LogVSAccessor: Display: Unable to create Visual Studio setup instance: 80040154
[2025.05.26-12.00.10:177][  0]LogVSAccessor: Display: Unable to create Visual Studio setup instance: 80040154
[2025.05.26-12.00.10:177][  0]LogVSAccessor: Display: Unable to create Visual Studio setup instance: 80040154
[2025.05.26-12.00.10:221][  0]LogOpenImageDenoise: OIDN starting up
[2025.05.26-12.00.10:250][  0]LogAndroidPermission: UAndroidPermissionCallbackProxy::GetInstance
[2025.05.26-12.00.10:272][  0]LogAudioCaptureCore: Display: No Audio Capture implementations found. Audio input will be silent.
[2025.05.26-12.00.10:272][  0]LogAudioCaptureCore: Display: No Audio Capture implementations found. Audio input will be silent.
[2025.05.26-12.00.10:392][  0]LogCollectionManager: Loaded 0 collections in 0.001449 seconds
[2025.05.26-12.00.10:445][  0]LogFileCache: Scanning file cache for directory 'C:/Users/sasha/Documents/GitHub/unreal_project/Saved/Collections/' took 0.00s
[2025.05.26-12.00.10:445][  0]LogFileCache: Scanning file cache for directory 'C:/Users/sasha/Documents/GitHub/unreal_project/Content/Developers/sasha/Collections/' took 0.00s
[2025.05.26-12.00.10:445][  0]LogFileCache: Scanning file cache for directory 'C:/Users/sasha/Documents/GitHub/unreal_project/Content/Collections/' took 0.00s
[2025.05.26-12.00.10:445][  0]LogEngine: Initializing Engine...
[2025.05.26-12.00.10:469][  0]LogHMD: Optional extension XR_VARJO_quad_views is not available
[2025.05.26-12.00.10:479][  0]LogHMD: Failed to create an OpenXR instance, result is XR_ERROR_RUNTIME_FAILURE. Please check if you have an OpenXR runtime installed. The following extensions were enabled:
[2025.05.26-12.00.10:479][  0]LogHMD: - XR_KHR_D3D11_enable
[2025.05.26-12.00.10:479][  0]LogHMD: - XR_KHR_D3D12_enable
[2025.05.26-12.00.10:479][  0]LogHMD: - XR_KHR_opengl_enable
[2025.05.26-12.00.10:479][  0]LogHMD: - XR_KHR_vulkan_enable
[2025.05.26-12.00.10:479][  0]LogHMD: - XR_KHR_composition_layer_depth
[2025.05.26-12.00.10:479][  0]LogHMD: - XR_KHR_visibility_mask
[2025.05.26-12.00.10:479][  0]LogHMD: - XR_EXT_hand_tracking
[2025.05.26-12.00.10:479][  0]LogHMD: - XR_EXT_eye_gaze_interaction
[2025.05.26-12.00.10:479][  0]LogMagicLeap: Warning: VR disabled because ZI is not enabled.  To enable, in the editor, Edit -> Project Settings -> Plugins -> Magic Leap Plugin -> Enable Zero Iteration
[2025.05.26-12.00.10:480][  0]LogStats: UGameplayTagsManager::InitializeManager -  0.000 s
[2025.05.26-12.00.10:597][  0]LogInit: Initializing FReadOnlyCVARCache
[2025.05.26-12.00.10:604][  0]LogAIModule: Creating AISystem for world Untitled
[2025.05.26-12.00.10:605][  0]LogAudio: Display: Initializing Audio Device Manager...
[2025.05.26-12.00.10:608][  0]LogAudio: Display: Loading Default Audio Settings Objects...
[2025.05.26-12.00.10:608][  0]LogAudio: Display: No default SoundConcurrencyObject specified (or failed to load).
[2025.05.26-12.00.10:609][  0]LogAudio: Display: Audio Device Manager Initialized
[2025.05.26-12.00.10:609][  0]LogAudio: Display: Creating Audio Device:                 Id: 1, Scope: Shared, Realtime: True
[2025.05.26-12.00.10:609][  0]LogAudioMixer: Display: Audio Mixer Platform Settings:
[2025.05.26-12.00.10:609][  0]LogAudioMixer: Display: 	Sample Rate:						  48000
[2025.05.26-12.00.10:609][  0]LogAudioMixer: Display: 	Callback Buffer Frame Size Requested: 1024
[2025.05.26-12.00.10:609][  0]LogAudioMixer: Display: 	Callback Buffer Frame Size To Use:	  1024
[2025.05.26-12.00.10:609][  0]LogAudioMixer: Display: 	Number of buffers to queue:			  1
[2025.05.26-12.00.10:609][  0]LogAudioMixer: Display: 	Max Channels (voices):				  0
[2025.05.26-12.00.10:609][  0]LogAudioMixer: Display: 	Number of Async Source Workers:		  4
[2025.05.26-12.00.10:609][  0]LogAudio: Display: AudioDevice MaxSources: 32
[2025.05.26-12.00.10:609][  0]LogAudio: Display: Audio Spatialization Plugin: Resonance Audio is external send: 1
[2025.05.26-12.00.10:609][  0]LogAudio: Display: Audio Reverb Plugin: Resonance Audio
[2025.05.26-12.00.10:609][  0]LogAudio: Display: Audio Occlusion Plugin: None (built-in).
[2025.05.26-12.00.10:609][  0]LogAudioMixer: Display: Initializing audio mixer.
[2025.05.26-12.00.10:644][  0]LogAudioMixer: Display: 0: FrontLeft
[2025.05.26-12.00.10:644][  0]LogAudioMixer: Display: 1: FrontRight
[2025.05.26-12.00.10:679][  0]LogAudioMixer: Display: Using Audio Device Динамики (Realtek(R) Audio)
[2025.05.26-12.00.10:682][  0]LogAudioMixer: Display: Initializing Sound Submixes...
[2025.05.26-12.00.10:684][  0]LogAudioMixer: Display: Creating Master Submix 'MasterSubmixDefault'
[2025.05.26-12.00.10:684][  0]LogAudioMixer: Display: Creating Master Submix 'MasterReverbSubmixDefault'
[2025.05.26-12.00.10:685][  0]LogAudioMixer: Display: Creating Master Submix 'MasterEQSubmixDefault'
[2025.05.26-12.00.10:686][  0]LogAudioMixer: FMixerPlatformXAudio2::StartAudioStream() called
[2025.05.26-12.00.10:686][  0]LogAudioMixer: Display: Output buffers initialized: Frames=1024, Channels=2, Samples=2048
[2025.05.26-12.00.10:686][  0]LogAudioMixer: Display: Starting AudioMixerPlatformInterface::RunInternal()
[2025.05.26-12.00.10:686][  0]LogAudioMixer: Display: FMixerPlatformXAudio2::SubmitBuffer() called for the first time
[2025.05.26-12.00.10:686][  0]LogInit: FAudioDevice initialized.
[2025.05.26-12.00.10:686][  0]LogAudio: Display: Audio Device (ID: 1) registered with world 'Untitled'.
[2025.05.26-12.00.10:686][  0]LogNetVersion: Set ProjectVersion to 1.0.0.0. Version Checksum will be recalculated on next use.
[2025.05.26-12.00.10:742][  0]LogDerivedDataCache: Saved boot cache 0.06s 96MB C:/Users/sasha/AppData/Local/UnrealEngine/4.27/DerivedDataCache/Boot.ddc.
[2025.05.26-12.00.10:744][  0]LogInit: Texture streaming: Enabled
[2025.05.26-12.00.10:756][  0]LogAnalytics: Display: [UEEditor.Rocket.Release] APIServer = https://datarouter.ol.epicgames.com/. AppVersion = 4.27.2-18319896+++UE4+Release-4.27
[2025.05.26-12.00.10:759][  0]LogEngineSessionManager: EngineSessionManager initialized
[2025.05.26-12.00.10:759][  0]LogEngineSessionManager: EngineSessionManager sent abnormal shutdown report. Type=Crashed, SessionId={BD19A492-446A-1EFC-4DE4-07A6D572D4D1}
[2025.05.26-12.00.10:759][  0]LogEditorSessionSummary: Verbose: Initializing EditorSessionSummaryWriter for editor session tracking
[2025.05.26-12.00.10:761][  0]LogEditorSessionSummary: EditorSessionSummaryWriter initialized
[2025.05.26-12.00.10:782][  0]LogInit: Transaction tracking system initialized
[2025.05.26-12.00.10:801][  0]BlueprintLog: New page: Editor Load
[2025.05.26-12.00.10:853][  0]LocalizationService: Localization service is disabled
[2025.05.26-12.00.10:873][  0]TimingProfiler: Initialize
[2025.05.26-12.00.10:873][  0]TimingProfiler: OnSessionChanged
[2025.05.26-12.00.10:873][  0]LoadingProfiler: Initialize
[2025.05.26-12.00.10:873][  0]LoadingProfiler: OnSessionChanged
[2025.05.26-12.00.10:873][  0]NetworkingProfiler: Initialize
[2025.05.26-12.00.10:873][  0]NetworkingProfiler: OnSessionChanged
[2025.05.26-12.00.10:873][  0]MemoryProfiler: Initialize
[2025.05.26-12.00.10:873][  0]MemoryProfiler: OnSessionChanged
[2025.05.26-12.00.10:931][  0]LogVSAccessor: Display: Unable to create Visual Studio setup instance: 80040154
[2025.05.26-12.00.10:931][  0]LogVSAccessor: Display: Unable to create Visual Studio setup instance: 80040154
[2025.05.26-12.00.10:932][  0]LogVSAccessor: Display: Unable to create Visual Studio setup instance: 80040154
[2025.05.26-12.00.11:006][  0]LogCook: Display: CookSettings for Memory: MemoryMaxUsedVirtual 0MiB, MemoryMaxUsedPhysical 16384MiB, MemoryMinFreeVirtual 0MiB, MemoryMinFreePhysical 1024MiB
[2025.05.26-12.00.11:006][  0]LogCook: Display: Mobile HDR setting 0
[2025.05.26-12.00.11:181][  0]LogFileCache: Scanning file cache for directory 'C:/Users/sasha/Documents/GitHub/unreal_project/Content/' took 0.01s
[2025.05.26-12.00.11:181][  0]LogInit: Display: Engine is initialized. Leaving FEngineLoop::Init()
[2025.05.26-12.00.11:184][  0]SourceControl: Source control is disabled
[2025.05.26-12.00.11:184][  0]LogUnrealEdMisc: Loading editor; pre map load, took 5.546
[2025.05.26-12.00.11:184][  0]Cmd: MAP LOAD FILE="../../../../../../Users/sasha/Documents/GitHub/unreal_project/Content/VRTemplate/Maps/VRTemplateMap.umap" TEMPLATE=0 SHOWPROGRESS=1 FEATURELEVEL=3
[2025.05.26-12.00.11:184][  0]LightingResults: New page: Lighting Build
[2025.05.26-12.00.11:186][  0]LogWorld: UWorld::CleanupWorld for Untitled, bSessionEnded=true, bCleanupResources=true
[2025.05.26-12.00.11:186][  0]LogSlate: InvalidateAllWidgets triggered.  All widgets were invalidated
[2025.05.26-12.00.11:186][  0]MapCheck: New page: Map Check
[2025.05.26-12.00.11:186][  0]LightingResults: New page: Lighting Build
[2025.05.26-12.00.11:192][  0]LogAudio: Display: Audio Device unregistered from world 'None'.
[2025.05.26-12.00.11:194][  0]LogUObjectHash: Compacting FUObjectHashTables data took   0.57ms
[2025.05.26-12.00.11:977][  0]LogAudio: Display: Audio Device (ID: 1) registered with world 'VRTemplateMap'.
[2025.05.26-12.00.11:978][  0]LogAIModule: Creating AISystem for world VRTemplateMap
[2025.05.26-12.00.12:002][  0]LogEditorServer: Finished looking for orphan Actors (0.000 secs)
[2025.05.26-12.00.12:013][  0]LogUObjectHash: Compacting FUObjectHashTables data took   0.93ms
[2025.05.26-12.00.12:013][  0]Cmd: MAP CHECKDEP NOCLEARLOG
[2025.05.26-12.00.12:013][  0]MapCheck: Map check complete: 0 Error(s), 0 Warning(s), took 0,138ms to complete.
[2025.05.26-12.00.12:013][  0]LogFileHelpers: Loading map 'VRTemplateMap' took 0.829
[2025.05.26-12.00.12:014][  0]LogUnrealEdMisc: Total Editor Startup Time, took 6.377
[2025.05.26-12.00.12:113][  0]LogSlate: Updating window title bar state: overlay mode, drag disabled, window buttons hidden, title bar hidden
[2025.05.26-12.00.12:119][  0]LogSlate: Updating window title bar state: overlay mode, drag disabled, window buttons hidden, title bar hidden
[2025.05.26-12.00.12:125][  0]LogSlate: Updating window title bar state: overlay mode, drag disabled, window buttons hidden, title bar hidden
[2025.05.26-12.00.12:130][  0]LogSlate: Updating window title bar state: overlay mode, drag disabled, window buttons hidden, title bar hidden
[2025.05.26-12.00.12:142][  0]LogNativeClassHierarchy: Verbose: Native class hierarchy populated in 0.0081 seconds. Added 3809 classes and 916 folders.
[2025.05.26-12.00.12:143][  0]LogNativeClassHierarchy: Verbose: Native class hierarchy updated for 'WidgetCarousel' in 0.0002 seconds. Added 0 classes and 0 folders.
[2025.05.26-12.00.12:144][  0]LogPakFile: PakFile PrimaryIndexSize=187
[2025.05.26-12.00.12:144][  0]LogPakFile: PakFile PathHashIndexSize=101
[2025.05.26-12.00.12:144][  0]LogPakFile: PakFile FullDirectoryIndexSize=148
[2025.05.26-12.00.12:144][  0]LogShaderLibrary: Display: ShaderCodeLibraryPakFileMountedCallback: PakFile 'C:/Program Files/Epic Games/UE_4.27/FeaturePacks/FP_FirstPerson.upack' (chunk index -1, root 'root:/') mounted
[2025.05.26-12.00.12:144][  0]LogShaderLibrary: Display: ShaderCodeLibraryPakFileMountedCallback: pending pak file info (ChunkID:-1 Root:root:/ File:C:/Program Files/Epic Games/UE_4.27/FeaturePacks/FP_FirstPerson.upack)
[2025.05.26-12.00.12:144][  0]LogPakFile: OnPakFileMounted2Time == 0.000042
[2025.05.26-12.00.12:146][  0]LogPakFile: PakFile PrimaryIndexSize=189
[2025.05.26-12.00.12:146][  0]LogPakFile: PakFile PathHashIndexSize=101
[2025.05.26-12.00.12:146][  0]LogPakFile: PakFile FullDirectoryIndexSize=152
[2025.05.26-12.00.12:146][  0]LogShaderLibrary: Display: ShaderCodeLibraryPakFileMountedCallback: PakFile 'C:/Program Files/Epic Games/UE_4.27/FeaturePacks/FP_FirstPersonBP.upack' (chunk index -1, root 'root:/') mounted
[2025.05.26-12.00.12:146][  0]LogShaderLibrary: Display: ShaderCodeLibraryPakFileMountedCallback: pending pak file info (ChunkID:-1 Root:root:/ File:C:/Program Files/Epic Games/UE_4.27/FeaturePacks/FP_FirstPersonBP.upack)
[2025.05.26-12.00.12:146][  0]LogPakFile: OnPakFileMounted2Time == 0.000027
[2025.05.26-12.00.12:146][  0]LogPakFile: PakFile PrimaryIndexSize=191
[2025.05.26-12.00.12:146][  0]LogPakFile: PakFile PathHashIndexSize=101
[2025.05.26-12.00.12:146][  0]LogPakFile: PakFile FullDirectoryIndexSize=160
[2025.05.26-12.00.12:146][  0]LogShaderLibrary: Display: ShaderCodeLibraryPakFileMountedCallback: PakFile 'C:/Program Files/Epic Games/UE_4.27/FeaturePacks/MobileStarterContent.upack' (chunk index -1, root 'root:/') mounted
[2025.05.26-12.00.12:146][  0]LogShaderLibrary: Display: ShaderCodeLibraryPakFileMountedCallback: pending pak file info (ChunkID:-1 Root:root:/ File:C:/Program Files/Epic Games/UE_4.27/FeaturePacks/MobileStarterContent.upack)
[2025.05.26-12.00.12:146][  0]LogPakFile: OnPakFileMounted2Time == 0.000023
[2025.05.26-12.00.12:146][  0]LogPakFile: PakFile PrimaryIndexSize=185
[2025.05.26-12.00.12:146][  0]LogPakFile: PakFile PathHashIndexSize=101
[2025.05.26-12.00.12:146][  0]LogPakFile: PakFile FullDirectoryIndexSize=148
[2025.05.26-12.00.12:146][  0]LogShaderLibrary: Display: ShaderCodeLibraryPakFileMountedCallback: PakFile 'C:/Program Files/Epic Games/UE_4.27/FeaturePacks/StarterContent.upack' (chunk index -1, root 'root:/') mounted
[2025.05.26-12.00.12:146][  0]LogShaderLibrary: Display: ShaderCodeLibraryPakFileMountedCallback: pending pak file info (ChunkID:-1 Root:root:/ File:C:/Program Files/Epic Games/UE_4.27/FeaturePacks/StarterContent.upack)
[2025.05.26-12.00.12:146][  0]LogPakFile: OnPakFileMounted2Time == 0.000029
[2025.05.26-12.00.12:147][  0]LogPakFile: PakFile PrimaryIndexSize=190
[2025.05.26-12.00.12:147][  0]LogPakFile: PakFile PathHashIndexSize=101
[2025.05.26-12.00.12:147][  0]LogPakFile: PakFile FullDirectoryIndexSize=154
[2025.05.26-12.00.12:147][  0]LogShaderLibrary: Display: ShaderCodeLibraryPakFileMountedCallback: PakFile 'C:/Program Files/Epic Games/UE_4.27/FeaturePacks/TP_2DSideScroller.upack' (chunk index -1, root 'root:/') mounted
[2025.05.26-12.00.12:147][  0]LogShaderLibrary: Display: ShaderCodeLibraryPakFileMountedCallback: pending pak file info (ChunkID:-1 Root:root:/ File:C:/Program Files/Epic Games/UE_4.27/FeaturePacks/TP_2DSideScroller.upack)
[2025.05.26-12.00.12:147][  0]LogPakFile: OnPakFileMounted2Time == 0.000023
[2025.05.26-12.00.12:147][  0]LogPakFile: PakFile PrimaryIndexSize=192
[2025.05.26-12.00.12:147][  0]LogPakFile: PakFile PathHashIndexSize=101
[2025.05.26-12.00.12:147][  0]LogPakFile: PakFile FullDirectoryIndexSize=158
[2025.05.26-12.00.12:147][  0]LogShaderLibrary: Display: ShaderCodeLibraryPakFileMountedCallback: PakFile 'C:/Program Files/Epic Games/UE_4.27/FeaturePacks/TP_2DSideScrollerBP.upack' (chunk index -1, root 'root:/') mounted
[2025.05.26-12.00.12:147][  0]LogShaderLibrary: Display: ShaderCodeLibraryPakFileMountedCallback: pending pak file info (ChunkID:-1 Root:root:/ File:C:/Program Files/Epic Games/UE_4.27/FeaturePacks/TP_2DSideScrollerBP.upack)
[2025.05.26-12.00.12:147][  0]LogPakFile: OnPakFileMounted2Time == 0.000023
[2025.05.26-12.00.12:147][  0]LogPakFile: PakFile PrimaryIndexSize=182
[2025.05.26-12.00.12:147][  0]LogPakFile: PakFile PathHashIndexSize=101
[2025.05.26-12.00.12:147][  0]LogPakFile: PakFile FullDirectoryIndexSize=138
[2025.05.26-12.00.12:147][  0]LogShaderLibrary: Display: ShaderCodeLibraryPakFileMountedCallback: PakFile 'C:/Program Files/Epic Games/UE_4.27/FeaturePacks/TP_Flying.upack' (chunk index -1, root 'root:/') mounted
[2025.05.26-12.00.12:148][  0]LogShaderLibrary: Display: ShaderCodeLibraryPakFileMountedCallback: pending pak file info (ChunkID:-1 Root:root:/ File:C:/Program Files/Epic Games/UE_4.27/FeaturePacks/TP_Flying.upack)
[2025.05.26-12.00.12:148][  0]LogPakFile: OnPakFileMounted2Time == 0.000023
[2025.05.26-12.00.12:148][  0]LogPakFile: PakFile PrimaryIndexSize=184
[2025.05.26-12.00.12:148][  0]LogPakFile: PakFile PathHashIndexSize=101
[2025.05.26-12.00.12:148][  0]LogPakFile: PakFile FullDirectoryIndexSize=142
[2025.05.26-12.00.12:148][  0]LogShaderLibrary: Display: ShaderCodeLibraryPakFileMountedCallback: PakFile 'C:/Program Files/Epic Games/UE_4.27/FeaturePacks/TP_FlyingBP.upack' (chunk index -1, root 'root:/') mounted
[2025.05.26-12.00.12:148][  0]LogShaderLibrary: Display: ShaderCodeLibraryPakFileMountedCallback: pending pak file info (ChunkID:-1 Root:root:/ File:C:/Program Files/Epic Games/UE_4.27/FeaturePacks/TP_FlyingBP.upack)
[2025.05.26-12.00.12:148][  0]LogPakFile: OnPakFileMounted2Time == 0.000022
[2025.05.26-12.00.12:148][  0]LogPakFile: PakFile PrimaryIndexSize=188
[2025.05.26-12.00.12:148][  0]LogPakFile: PakFile PathHashIndexSize=101
[2025.05.26-12.00.12:148][  0]LogPakFile: PakFile FullDirectoryIndexSize=150
[2025.05.26-12.00.12:148][  0]LogShaderLibrary: Display: ShaderCodeLibraryPakFileMountedCallback: PakFile 'C:/Program Files/Epic Games/UE_4.27/FeaturePacks/TP_HandheldARBP.upack' (chunk index -1, root 'root:/') mounted
[2025.05.26-12.00.12:148][  0]LogShaderLibrary: Display: ShaderCodeLibraryPakFileMountedCallback: pending pak file info (ChunkID:-1 Root:root:/ File:C:/Program Files/Epic Games/UE_4.27/FeaturePacks/TP_HandheldARBP.upack)
[2025.05.26-12.00.12:148][  0]LogPakFile: OnPakFileMounted2Time == 0.000023
[2025.05.26-12.00.12:149][  0]LogPakFile: PakFile PrimaryIndexSize=182
[2025.05.26-12.00.12:149][  0]LogPakFile: PakFile PathHashIndexSize=101
[2025.05.26-12.00.12:149][  0]LogPakFile: PakFile FullDirectoryIndexSize=138
[2025.05.26-12.00.12:149][  0]LogShaderLibrary: Display: ShaderCodeLibraryPakFileMountedCallback: PakFile 'C:/Program Files/Epic Games/UE_4.27/FeaturePacks/TP_Puzzle.upack' (chunk index -1, root 'root:/') mounted
[2025.05.26-12.00.12:149][  0]LogShaderLibrary: Display: ShaderCodeLibraryPakFileMountedCallback: pending pak file info (ChunkID:-1 Root:root:/ File:C:/Program Files/Epic Games/UE_4.27/FeaturePacks/TP_Puzzle.upack)
[2025.05.26-12.00.12:149][  0]LogPakFile: OnPakFileMounted2Time == 0.000022
[2025.05.26-12.00.12:149][  0]LogPakFile: PakFile PrimaryIndexSize=184
[2025.05.26-12.00.12:149][  0]LogPakFile: PakFile PathHashIndexSize=101
[2025.05.26-12.00.12:149][  0]LogPakFile: PakFile FullDirectoryIndexSize=142
[2025.05.26-12.00.12:149][  0]LogShaderLibrary: Display: ShaderCodeLibraryPakFileMountedCallback: PakFile 'C:/Program Files/Epic Games/UE_4.27/FeaturePacks/TP_PuzzleBP.upack' (chunk index -1, root 'root:/') mounted
[2025.05.26-12.00.12:149][  0]LogShaderLibrary: Display: ShaderCodeLibraryPakFileMountedCallback: pending pak file info (ChunkID:-1 Root:root:/ File:C:/Program Files/Epic Games/UE_4.27/FeaturePacks/TP_PuzzleBP.upack)
[2025.05.26-12.00.12:149][  0]LogPakFile: OnPakFileMounted2Time == 0.000023
[2025.05.26-12.00.12:149][  0]LogPakFile: PakFile PrimaryIndexSize=183
[2025.05.26-12.00.12:149][  0]LogPakFile: PakFile PathHashIndexSize=101
[2025.05.26-12.00.12:149][  0]LogPakFile: PakFile FullDirectoryIndexSize=140
[2025.05.26-12.00.12:149][  0]LogShaderLibrary: Display: ShaderCodeLibraryPakFileMountedCallback: PakFile 'C:/Program Files/Epic Games/UE_4.27/FeaturePacks/TP_Rolling.upack' (chunk index -1, root 'root:/') mounted
[2025.05.26-12.00.12:149][  0]LogShaderLibrary: Display: ShaderCodeLibraryPakFileMountedCallback: pending pak file info (ChunkID:-1 Root:root:/ File:C:/Program Files/Epic Games/UE_4.27/FeaturePacks/TP_Rolling.upack)
[2025.05.26-12.00.12:149][  0]LogPakFile: OnPakFileMounted2Time == 0.000022
[2025.05.26-12.00.12:150][  0]LogPakFile: PakFile PrimaryIndexSize=185
[2025.05.26-12.00.12:150][  0]LogPakFile: PakFile PathHashIndexSize=101
[2025.05.26-12.00.12:150][  0]LogPakFile: PakFile FullDirectoryIndexSize=144
[2025.05.26-12.00.12:150][  0]LogShaderLibrary: Display: ShaderCodeLibraryPakFileMountedCallback: PakFile 'C:/Program Files/Epic Games/UE_4.27/FeaturePacks/TP_RollingBP.upack' (chunk index -1, root 'root:/') mounted
[2025.05.26-12.00.12:150][  0]LogShaderLibrary: Display: ShaderCodeLibraryPakFileMountedCallback: pending pak file info (ChunkID:-1 Root:root:/ File:C:/Program Files/Epic Games/UE_4.27/FeaturePacks/TP_RollingBP.upack)
[2025.05.26-12.00.12:150][  0]LogPakFile: OnPakFileMounted2Time == 0.000027
[2025.05.26-12.00.12:150][  0]LogPakFile: PakFile PrimaryIndexSize=188
[2025.05.26-12.00.12:150][  0]LogPakFile: PakFile PathHashIndexSize=101
[2025.05.26-12.00.12:150][  0]LogPakFile: PakFile FullDirectoryIndexSize=150
[2025.05.26-12.00.12:150][  0]LogShaderLibrary: Display: ShaderCodeLibraryPakFileMountedCallback: PakFile 'C:/Program Files/Epic Games/UE_4.27/FeaturePacks/TP_SideScroller.upack' (chunk index -1, root 'root:/') mounted
[2025.05.26-12.00.12:150][  0]LogShaderLibrary: Display: ShaderCodeLibraryPakFileMountedCallback: pending pak file info (ChunkID:-1 Root:root:/ File:C:/Program Files/Epic Games/UE_4.27/FeaturePacks/TP_SideScroller.upack)
[2025.05.26-12.00.12:150][  0]LogPakFile: OnPakFileMounted2Time == 0.000023
[2025.05.26-12.00.12:150][  0]LogPakFile: PakFile PrimaryIndexSize=190
[2025.05.26-12.00.12:150][  0]LogPakFile: PakFile PathHashIndexSize=101
[2025.05.26-12.00.12:151][  0]LogPakFile: PakFile FullDirectoryIndexSize=154
[2025.05.26-12.00.12:151][  0]LogShaderLibrary: Display: ShaderCodeLibraryPakFileMountedCallback: PakFile 'C:/Program Files/Epic Games/UE_4.27/FeaturePacks/TP_SideScrollerBP.upack' (chunk index -1, root 'root:/') mounted
[2025.05.26-12.00.12:151][  0]LogShaderLibrary: Display: ShaderCodeLibraryPakFileMountedCallback: pending pak file info (ChunkID:-1 Root:root:/ File:C:/Program Files/Epic Games/UE_4.27/FeaturePacks/TP_SideScrollerBP.upack)
[2025.05.26-12.00.12:151][  0]LogPakFile: OnPakFileMounted2Time == 0.000036
[2025.05.26-12.00.12:151][  0]LogPakFile: PakFile PrimaryIndexSize=187
[2025.05.26-12.00.12:151][  0]LogPakFile: PakFile PathHashIndexSize=101
[2025.05.26-12.00.12:151][  0]LogPakFile: PakFile FullDirectoryIndexSize=148
[2025.05.26-12.00.12:151][  0]LogShaderLibrary: Display: ShaderCodeLibraryPakFileMountedCallback: PakFile 'C:/Program Files/Epic Games/UE_4.27/FeaturePacks/TP_ThirdPerson.upack' (chunk index -1, root 'root:/') mounted
[2025.05.26-12.00.12:151][  0]LogShaderLibrary: Display: ShaderCodeLibraryPakFileMountedCallback: pending pak file info (ChunkID:-1 Root:root:/ File:C:/Program Files/Epic Games/UE_4.27/FeaturePacks/TP_ThirdPerson.upack)
[2025.05.26-12.00.12:151][  0]LogPakFile: OnPakFileMounted2Time == 0.000023
[2025.05.26-12.00.12:151][  0]LogPakFile: PakFile PrimaryIndexSize=189
[2025.05.26-12.00.12:151][  0]LogPakFile: PakFile PathHashIndexSize=101
[2025.05.26-12.00.12:151][  0]LogPakFile: PakFile FullDirectoryIndexSize=152
[2025.05.26-12.00.12:151][  0]LogShaderLibrary: Display: ShaderCodeLibraryPakFileMountedCallback: PakFile 'C:/Program Files/Epic Games/UE_4.27/FeaturePacks/TP_ThirdPersonBP.upack' (chunk index -1, root 'root:/') mounted
[2025.05.26-12.00.12:151][  0]LogShaderLibrary: Display: ShaderCodeLibraryPakFileMountedCallback: pending pak file info (ChunkID:-1 Root:root:/ File:C:/Program Files/Epic Games/UE_4.27/FeaturePacks/TP_ThirdPersonBP.upack)
[2025.05.26-12.00.12:151][  0]LogPakFile: OnPakFileMounted2Time == 0.000023
[2025.05.26-12.00.12:152][  0]LogPakFile: PakFile PrimaryIndexSize=183
[2025.05.26-12.00.12:152][  0]LogPakFile: PakFile PathHashIndexSize=101
[2025.05.26-12.00.12:152][  0]LogPakFile: PakFile FullDirectoryIndexSize=140
[2025.05.26-12.00.12:152][  0]LogShaderLibrary: Display: ShaderCodeLibraryPakFileMountedCallback: PakFile 'C:/Program Files/Epic Games/UE_4.27/FeaturePacks/TP_TopDown.upack' (chunk index -1, root 'root:/') mounted
[2025.05.26-12.00.12:152][  0]LogShaderLibrary: Display: ShaderCodeLibraryPakFileMountedCallback: pending pak file info (ChunkID:-1 Root:root:/ File:C:/Program Files/Epic Games/UE_4.27/FeaturePacks/TP_TopDown.upack)
[2025.05.26-12.00.12:152][  0]LogPakFile: OnPakFileMounted2Time == 0.000030
[2025.05.26-12.00.12:152][  0]LogPakFile: PakFile PrimaryIndexSize=185
[2025.05.26-12.00.12:152][  0]LogPakFile: PakFile PathHashIndexSize=101
[2025.05.26-12.00.12:152][  0]LogPakFile: PakFile FullDirectoryIndexSize=144
[2025.05.26-12.00.12:152][  0]LogShaderLibrary: Display: ShaderCodeLibraryPakFileMountedCallback: PakFile 'C:/Program Files/Epic Games/UE_4.27/FeaturePacks/TP_TopDownBP.upack' (chunk index -1, root 'root:/') mounted
[2025.05.26-12.00.12:152][  0]LogShaderLibrary: Display: ShaderCodeLibraryPakFileMountedCallback: pending pak file info (ChunkID:-1 Root:root:/ File:C:/Program Files/Epic Games/UE_4.27/FeaturePacks/TP_TopDownBP.upack)
[2025.05.26-12.00.12:152][  0]LogPakFile: OnPakFileMounted2Time == 0.000024
[2025.05.26-12.00.12:152][  0]LogPakFile: PakFile PrimaryIndexSize=185
[2025.05.26-12.00.12:152][  0]LogPakFile: PakFile PathHashIndexSize=101
[2025.05.26-12.00.12:152][  0]LogPakFile: PakFile FullDirectoryIndexSize=144
[2025.05.26-12.00.12:152][  0]LogShaderLibrary: Display: ShaderCodeLibraryPakFileMountedCallback: PakFile 'C:/Program Files/Epic Games/UE_4.27/FeaturePacks/TP_TwinStick.upack' (chunk index -1, root 'root:/') mounted
[2025.05.26-12.00.12:152][  0]LogShaderLibrary: Display: ShaderCodeLibraryPakFileMountedCallback: pending pak file info (ChunkID:-1 Root:root:/ File:C:/Program Files/Epic Games/UE_4.27/FeaturePacks/TP_TwinStick.upack)
[2025.05.26-12.00.12:152][  0]LogPakFile: OnPakFileMounted2Time == 0.000023
[2025.05.26-12.00.12:153][  0]LogPakFile: PakFile PrimaryIndexSize=187
[2025.05.26-12.00.12:153][  0]LogPakFile: PakFile PathHashIndexSize=101
[2025.05.26-12.00.12:153][  0]LogPakFile: PakFile FullDirectoryIndexSize=148
[2025.05.26-12.00.12:153][  0]LogShaderLibrary: Display: ShaderCodeLibraryPakFileMountedCallback: PakFile 'C:/Program Files/Epic Games/UE_4.27/FeaturePacks/TP_TwinStickBP.upack' (chunk index -1, root 'root:/') mounted
[2025.05.26-12.00.12:153][  0]LogShaderLibrary: Display: ShaderCodeLibraryPakFileMountedCallback: pending pak file info (ChunkID:-1 Root:root:/ File:C:/Program Files/Epic Games/UE_4.27/FeaturePacks/TP_TwinStickBP.upack)
[2025.05.26-12.00.12:153][  0]LogPakFile: OnPakFileMounted2Time == 0.000023
[2025.05.26-12.00.12:153][  0]LogPakFile: PakFile PrimaryIndexSize=183
[2025.05.26-12.00.12:153][  0]LogPakFile: PakFile PathHashIndexSize=101
[2025.05.26-12.00.12:153][  0]LogPakFile: PakFile FullDirectoryIndexSize=140
[2025.05.26-12.00.12:153][  0]LogShaderLibrary: Display: ShaderCodeLibraryPakFileMountedCallback: PakFile 'C:/Program Files/Epic Games/UE_4.27/FeaturePacks/TP_Vehicle.upack' (chunk index -1, root 'root:/') mounted
[2025.05.26-12.00.12:153][  0]LogShaderLibrary: Display: ShaderCodeLibraryPakFileMountedCallback: pending pak file info (ChunkID:-1 Root:root:/ File:C:/Program Files/Epic Games/UE_4.27/FeaturePacks/TP_Vehicle.upack)
[2025.05.26-12.00.12:153][  0]LogPakFile: OnPakFileMounted2Time == 0.000024
[2025.05.26-12.00.12:154][  0]LogPakFile: PakFile PrimaryIndexSize=186
[2025.05.26-12.00.12:154][  0]LogPakFile: PakFile PathHashIndexSize=101
[2025.05.26-12.00.12:154][  0]LogPakFile: PakFile FullDirectoryIndexSize=146
[2025.05.26-12.00.12:154][  0]LogShaderLibrary: Display: ShaderCodeLibraryPakFileMountedCallback: PakFile 'C:/Program Files/Epic Games/UE_4.27/FeaturePacks/TP_VehicleAdv.upack' (chunk index -1, root 'root:/') mounted
[2025.05.26-12.00.12:154][  0]LogShaderLibrary: Display: ShaderCodeLibraryPakFileMountedCallback: pending pak file info (ChunkID:-1 Root:root:/ File:C:/Program Files/Epic Games/UE_4.27/FeaturePacks/TP_VehicleAdv.upack)
[2025.05.26-12.00.12:154][  0]LogPakFile: OnPakFileMounted2Time == 0.000032
[2025.05.26-12.00.12:154][  0]LogPakFile: PakFile PrimaryIndexSize=188
[2025.05.26-12.00.12:154][  0]LogPakFile: PakFile PathHashIndexSize=101
[2025.05.26-12.00.12:154][  0]LogPakFile: PakFile FullDirectoryIndexSize=150
[2025.05.26-12.00.12:154][  0]LogShaderLibrary: Display: ShaderCodeLibraryPakFileMountedCallback: PakFile 'C:/Program Files/Epic Games/UE_4.27/FeaturePacks/TP_VehicleAdvBP.upack' (chunk index -1, root 'root:/') mounted
[2025.05.26-12.00.12:154][  0]LogShaderLibrary: Display: ShaderCodeLibraryPakFileMountedCallback: pending pak file info (ChunkID:-1 Root:root:/ File:C:/Program Files/Epic Games/UE_4.27/FeaturePacks/TP_VehicleAdvBP.upack)
[2025.05.26-12.00.12:154][  0]LogPakFile: OnPakFileMounted2Time == 0.000024
[2025.05.26-12.00.12:154][  0]LogPakFile: PakFile PrimaryIndexSize=185
[2025.05.26-12.00.12:154][  0]LogPakFile: PakFile PathHashIndexSize=101
[2025.05.26-12.00.12:154][  0]LogPakFile: PakFile FullDirectoryIndexSize=144
[2025.05.26-12.00.12:154][  0]LogShaderLibrary: Display: ShaderCodeLibraryPakFileMountedCallback: PakFile 'C:/Program Files/Epic Games/UE_4.27/FeaturePacks/TP_VehicleBP.upack' (chunk index -1, root 'root:/') mounted
[2025.05.26-12.00.12:154][  0]LogShaderLibrary: Display: ShaderCodeLibraryPakFileMountedCallback: pending pak file info (ChunkID:-1 Root:root:/ File:C:/Program Files/Epic Games/UE_4.27/FeaturePacks/TP_VehicleBP.upack)
[2025.05.26-12.00.12:154][  0]LogPakFile: OnPakFileMounted2Time == 0.000023
[2025.05.26-12.00.12:154][  0]LogPakFile: PakFile PrimaryIndexSize=192
[2025.05.26-12.00.12:154][  0]LogPakFile: PakFile PathHashIndexSize=101
[2025.05.26-12.00.12:154][  0]LogPakFile: PakFile FullDirectoryIndexSize=158
[2025.05.26-12.00.12:154][  0]LogShaderLibrary: Display: ShaderCodeLibraryPakFileMountedCallback: PakFile 'C:/Program Files/Epic Games/UE_4.27/FeaturePacks/TP_VirtualRealityBP.upack' (chunk index -1, root 'root:/') mounted
[2025.05.26-12.00.12:154][  0]LogShaderLibrary: Display: ShaderCodeLibraryPakFileMountedCallback: pending pak file info (ChunkID:-1 Root:root:/ File:C:/Program Files/Epic Games/UE_4.27/FeaturePacks/TP_VirtualRealityBP.upack)
[2025.05.26-12.00.12:154][  0]LogPakFile: OnPakFileMounted2Time == 0.000026
[2025.05.26-12.00.12:192][  0]LogNativeClassHierarchy: Verbose: Native class hierarchy updated for 'AddContentDialog' in 0.0002 seconds. Added 0 classes and 0 folders.
[2025.05.26-12.00.12:192][  0]LogNativeClassHierarchy: Verbose: Native class hierarchy updated for 'SceneOutliner' in 0.0002 seconds. Added 2 classes and 0 folders.
[2025.05.26-12.00.12:239][  0]LogSlate: Took 0.000228 seconds to synchronously load lazily loaded font '../../../Engine/Content/Slate/Fonts/Roboto-Regular.ttf' (155K)
[2025.05.26-12.00.12:240][  0]LogSlate: Took 0.000204 seconds to synchronously load lazily loaded font '../../../Engine/Content/Editor/Slate/Fonts/FontAwesome.ttf' (139K)
[2025.05.26-12.00.12:241][  0]LogSlate: Took 0.000111 seconds to synchronously load lazily loaded font '../../../Engine/Content/Slate/Fonts/Roboto-Bold.ttf' (160K)
[2025.05.26-12.00.12:304][  0]LogRenderer: Reallocating scene render targets to support 964x428 Format 9 NumSamples 4 (Frame:1).
[2025.05.26-12.00.12:371][  0]LogNativeClassHierarchy: Verbose: Native class hierarchy updated for 'HierarchicalLODOutliner' in 0.0002 seconds. Added 0 classes and 0 folders.
[2025.05.26-12.00.12:371][  0]LogLoad: (Engine Initialization) Total time: 6.73 seconds
[2025.05.26-12.00.12:371][  0]LogLoad: (Engine Initialization) Total Blueprint compile time: 0.00 seconds
[2025.05.26-12.00.12:420][  0]LogAssetRegistry: Asset discovery search completed in 4.0172 seconds
[2025.05.26-12.00.12:424][  0]LogCollectionManager: Fixed up redirectors for 0 collections in 0.000003 seconds (updated 0 objects)
[2025.05.26-12.00.12:432][  0]LogResonanceAudio: Display: Resonance Audio Listener is initialized
[2025.05.26-12.00.12:433][  0]LogContentStreaming: Texture pool size now 600 MB
[2025.05.26-12.00.13:073][  2]LogSlate: Took 0.000220 seconds to synchronously load lazily loaded font '../../../Engine/Content/Slate/Fonts/Roboto-Light.ttf' (167K)
[2025.05.26-12.00.13:419][  4]LogSlate: Took 0.000234 seconds to synchronously load lazily loaded font '../../../Engine/Content/Slate/Fonts/Roboto-Light.ttf' (167K)
[2025.05.26-12.00.16:274][168]LogAssetEditorSubsystem: Opening Asset editor for Blueprint /Game/Andrey/Objects/BP_Motor_Holder.BP_Motor_Holder
[2025.05.26-12.00.16:379][168]LogNativeClassHierarchy: Verbose: Native class hierarchy updated for 'BlueprintGraph' in 0.0004 seconds. Added 126 classes and 0 folders.
[2025.05.26-12.00.16:982][168]LogAssetEditorSubsystem: Opening Asset editor for Blueprint /Game/Andrey/Objects/BP_Platform.BP_Platform
[2025.05.26-12.00.17:227][168]LogSlate: Took 0.000241 seconds to synchronously load lazily loaded font '../../../Engine/Content/Slate/Fonts/Roboto-BoldCondensed.ttf' (158K)
[2025.05.26-12.00.17:299][169]LogSlate: Took 0.000225 seconds to synchronously load lazily loaded font '../../../Engine/Content/Slate/Fonts/Roboto-Italic.ttf' (157K)
[2025.05.26-12.00.27:901][802]LogEditorClassViewer: Warning: Class /Engine/Tutorial/InWorldBlueprintEditing/TutorialAssets/IWBE_Blutility.IWBE_Blutility_C has parent /Script/Blutility.PlacedEditorUtilityBase, but this parent is not found. The Class will not be shown in ClassViewer.
[2025.05.26-12.00.35:297][230]BlueprintLog: New page: Compile BP_Platform
[2025.05.26-12.00.35:341][230]LogUObjectHash: Compacting FUObjectHashTables data took   1.65ms
[2025.05.26-12.00.35:413][230]LogSlate: Took 0.000088 seconds to synchronously load lazily loaded font '../../../Engine/Content/Slate/Fonts/DroidSansMono.ttf' (77K)
[2025.05.26-12.00.35:718][247]Cmd: OBJ SAVEPACKAGE PACKAGE="/Game/Andrey/Objects/BP_Platform" FILE="../../../../../../Users/sasha/Documents/GitHub/unreal_project/Content/Andrey/Objects/BP_Platform.uasset" SILENT=true
[2025.05.26-12.00.35:764][247]LogSavePackage: Moving '../../../../../../Users/sasha/Documents/GitHub/unreal_project/Saved/BP_Platform89C0DAA94D09094CEC060BA87345FE68.tmp' to '../../../../../../Users/sasha/Documents/GitHub/unreal_project/Content/Andrey/Objects/BP_Platform.uasset'
[2025.05.26-12.00.35:780][247]AssetCheck: New page: Asset Save: BP_Platform
[2025.05.26-12.00.35:780][247]LogContentValidation: Display: Validating Blueprint /Game/Andrey/Objects/BP_Platform.BP_Platform
[2025.05.26-12.00.37:363][342]LogTemp: Repeating last play command: Simulate
[2025.05.26-12.00.37:367][342]LogPlayLevel: PlayLevel: No blueprints needed recompiling
[2025.05.26-12.00.37:368][342]PIE: New page: SIE session: VRTemplateMap (26 мая 2025 г., 18:00:37)
[2025.05.26-12.00.37:370][342]LogOnline: OSS: Creating online subsystem instance for: NULL
[2025.05.26-12.00.37:371][342]LogOnline: OSS: TryLoadSubsystemAndSetDefault: Loaded subsystem for module [NULL]
[2025.05.26-12.00.37:371][342]LogPlayLevel: Creating play world package: /Game/VRTemplate/Maps/UEDPIE_0_VRTemplateMap
[2025.05.26-12.00.37:376][342]LogPlayLevel: PIE: StaticDuplicateObject took: (0.006105s)
[2025.05.26-12.00.37:377][342]LogAIModule: Creating AISystem for world VRTemplateMap
[2025.05.26-12.00.37:377][342]LogPlayLevel: PIE: World Init took: (0.000855s)
[2025.05.26-12.00.37:377][342]LogPlayLevel: PIE: Created PIE world by copying editor world from /Game/VRTemplate/Maps/VRTemplateMap.VRTemplateMap to /Game/VRTemplate/Maps/UEDPIE_0_VRTemplateMap.VRTemplateMap (0.007065s)
[2025.05.26-12.00.37:394][342]LogUObjectHash: Compacting FUObjectHashTables data took   1.59ms
[2025.05.26-12.00.37:394][342]LogAudio: Display: Creating Audio Device:                 Id: 2, Scope: Unique, Realtime: True
[2025.05.26-12.00.37:394][342]LogAudioMixer: Display: Audio Mixer Platform Settings:
[2025.05.26-12.00.37:394][342]LogAudioMixer: Display: 	Sample Rate:						  48000
[2025.05.26-12.00.37:394][342]LogAudioMixer: Display: 	Callback Buffer Frame Size Requested: 1024
[2025.05.26-12.00.37:394][342]LogAudioMixer: Display: 	Callback Buffer Frame Size To Use:	  1024
[2025.05.26-12.00.37:396][342]LogAudioMixer: Display: 	Number of buffers to queue:			  1
[2025.05.26-12.00.37:396][342]LogAudioMixer: Display: 	Max Channels (voices):				  0
[2025.05.26-12.00.37:396][342]LogAudioMixer: Display: 	Number of Async Source Workers:		  4
[2025.05.26-12.00.37:396][342]LogAudio: Display: AudioDevice MaxSources: 32
[2025.05.26-12.00.37:396][342]LogAudio: Display: Audio Spatialization Plugin: Resonance Audio is external send: 1
[2025.05.26-12.00.37:396][342]LogAudio: Display: Audio Reverb Plugin: Resonance Audio
[2025.05.26-12.00.37:396][342]LogAudio: Display: Audio Occlusion Plugin: None (built-in).
[2025.05.26-12.00.37:396][342]LogAudioMixer: Display: Initializing audio mixer.
[2025.05.26-12.00.37:401][342]LogAudioMixer: Display: 0: FrontLeft
[2025.05.26-12.00.37:401][342]LogAudioMixer: Display: 1: FrontRight
[2025.05.26-12.00.37:428][342]LogAudioMixer: Display: Using Audio Device Динамики (Realtek(R) Audio)
[2025.05.26-12.00.37:428][342]LogAudioMixer: Display: Initializing Sound Submixes...
[2025.05.26-12.00.37:428][342]LogAudioMixer: Display: Creating Master Submix 'MasterSubmixDefault'
[2025.05.26-12.00.37:428][342]LogAudioMixer: Display: Creating Master Submix 'MasterReverbSubmixDefault'
[2025.05.26-12.00.37:428][342]LogAudioMixer: Display: Creating Master Submix 'MasterEQSubmixDefault'
[2025.05.26-12.00.37:429][342]LogAudioMixer: FMixerPlatformXAudio2::StartAudioStream() called
[2025.05.26-12.00.37:429][342]LogAudioMixer: Display: Output buffers initialized: Frames=1024, Channels=2, Samples=2048
[2025.05.26-12.00.37:429][342]LogAudioMixer: Display: Starting AudioMixerPlatformInterface::RunInternal()
[2025.05.26-12.00.37:429][342]LogAudioMixer: Display: FMixerPlatformXAudio2::SubmitBuffer() called for the first time
[2025.05.26-12.00.37:429][342]LogInit: FAudioDevice initialized.
[2025.05.26-12.00.37:429][342]LogAudio: Display: Audio Device (ID: 2) registered with world 'VRTemplateMap'.
[2025.05.26-12.00.37:437][342]LogLoad: Game class is 'VRGameMode_C'
[2025.05.26-12.00.37:440][342]LogWorld: Bringing World /Game/VRTemplate/Maps/UEDPIE_0_VRTemplateMap.VRTemplateMap up for play (max tick rate 60) at 2025.05.26-15.00.37
[2025.05.26-12.00.37:440][342]LogWorld: Bringing up level for play took: 0.002078
[2025.05.26-12.00.37:440][342]LogOnline: OSS: Creating online subsystem instance for: :Context_13
[2025.05.26-12.00.37:441][342]LogSpawn: Warning: SpawnActor failed because no class was specified
[2025.05.26-12.00.37:442][342]LogNativeClassHierarchy: Verbose: Native class hierarchy updated for 'MovieSceneCapture' in 0.0003 seconds. Added 20 classes and 0 folders.
[2025.05.26-12.00.37:445][342]PIE: Server logged in
[2025.05.26-12.00.37:446][342]PIE: Play in editor total start time 0,078 seconds.
[2025.05.26-12.00.37:454][342]LogResonanceAudio: Display: Resonance Audio Listener is initialized
[2025.05.26-12.00.39:492][452]LogEditorViewport: Clicking on Actor (LMB): BP_MX1508_C (DP_MX1508)
[2025.05.26-12.00.41:228][555]LogScript: Warning: Infinite script recursion (120 calls) detected - see log for stack trace
	BP_Platform_C /Game/VRTemplate/Maps/UEDPIE_0_VRTemplateMap.VRTemplateMap:PersistentLevel.BP_Platform_2
	Function /Game/Andrey/Objects/BP_Platform.BP_Platform_C:ExecuteUbergraph_BP_Platform:0000
[2025.05.26-12.00.41:228][555]PIE: Error: Infinite loop detected. Blueprint:  BP_Platform Function:  On Component Begin Overlap (Motor_Holder_Socket_Front_Bottom_Left) Call Stack:  Show
[2025.05.26-12.00.41:268][555]LogSlate: Updating window title bar state: overlay mode, drag disabled, window buttons hidden, title bar hidden
[2025.05.26-12.00.41:268][555]LogWorld: BeginTearingDown for /Game/VRTemplate/Maps/UEDPIE_0_VRTemplateMap
[2025.05.26-12.00.41:269][555]LogWorld: UWorld::CleanupWorld for VRTemplateMap, bSessionEnded=true, bCleanupResources=true
[2025.05.26-12.00.41:269][555]LogSlate: InvalidateAllWidgets triggered.  All widgets were invalidated
[2025.05.26-12.00.41:274][555]LogPlayLevel: Display: Shutting down PIE online subsystems
[2025.05.26-12.00.41:283][555]LogSlate: InvalidateAllWidgets triggered.  All widgets were invalidated
[2025.05.26-12.00.41:283][555]LogEditorTransaction: Non zero active count in UTransBuffer::Reset
ActiveCount : 1
SessionName : 
Reason      : A PIE object was in the transaction buffer and had to be destroyed

Purging the undo buffer...

[2025.05.26-12.00.41:298][555]LogAudio: Display: Audio Device unregistered from world 'None'.
[2025.05.26-12.00.41:303][555]LogResonanceAudio: Display: Resonance Audio Listener is shutdown
[2025.05.26-12.00.41:303][555]LogAudioMixer: FMixerPlatformXAudio2::StopAudioStream() called
[2025.05.26-12.00.41:304][555]LogAudioMixer: FMixerPlatformXAudio2::StopAudioStream() called
[2025.05.26-12.00.41:307][555]LogSlate: Updating window title bar state: overlay mode, drag disabled, window buttons hidden, title bar hidden
[2025.05.26-12.00.41:322][555]LogUObjectHash: Compacting FUObjectHashTables data took   2.39ms
[2025.05.26-12.00.42:154][555]LogWindows: FPlatformMisc::RequestExit(1)
[2025.05.26-12.00.42:154][555]LogWindows: FPlatformMisc::RequestExitWithStatus(1, 3)
[2025.05.26-12.00.42:154][555]LogCore: Engine exit requested (reason: Win RequestExit)
[2025.05.26-12.00.42:161][555]Log file closed, 05/26/25 15:00:42
