Log file open, 05/26/25 15:03:40
LogWindows: Failed to load 'aqProf.dll' (GetLastError=126)
LogWindows: File 'aqProf.dll' does not exist
LogWindows: Failed to load 'VtuneApi.dll' (GetLastError=126)
LogWindows: File 'VtuneApi.dll' does not exist
LogWindows: Failed to load 'VtuneApi32e.dll' (GetLastError=126)
LogWindows: File 'VtuneApi32e.dll' does not exist
LogConsoleResponse: Display: Failed to find resolution value strings in scalability ini. Falling back to default.
LogConsoleResponse: Display: Failed to find resolution value strings in scalability ini. Falling back to default.
LogInit: Display: Running engine for game: MyProject
LogPlatformFile: Not using cached read wrapper
LogTaskGraph: Started task graph with 5 named threads and 35 total threads with 3 sets of task threads.
LogStats: Stats thread started at 0.220404
LogICUInternationalization: ICU TimeZone Detection - Raw Offset: +3:00, Platform Override: ''
LogInit: Display: Loading text-based GConfig....
LogPluginManager: Mounting plugin MeshPainting
LogPluginManager: Mounting plugin XGEController
LogPluginManager: Mounting plugin Paper2D
LogPluginManager: Mounting plugin LiveLink
LogPluginManager: Mounting plugin AISupport
LogPluginManager: Mounting plugin LightPropagationVolume
LogPluginManager: Mounting plugin OodleData
LogPluginManager: Mounting plugin EnvironmentQueryEditor
LogPluginManager: Mounting plugin OodleNetwork
LogPluginManager: Mounting plugin CameraShakePreviewer
LogPluginManager: Mounting plugin GameplayCameras
LogPluginManager: Mounting plugin AssetManagerEditor
LogPluginManager: Mounting plugin Niagara
LogPluginManager: Mounting plugin CryptoKeys
LogPluginManager: Mounting plugin CurveEditorTools
LogPluginManager: Mounting plugin LuminPlatformFeatures
LogPluginManager: Mounting plugin MagicLeap
LogPluginManager: Mounting plugin DataValidation
LogPluginManager: Mounting plugin FacialAnimation
LogPluginManager: Mounting plugin GameplayTagsEditor
LogPluginManager: Mounting plugin GeometryMode
LogPluginManager: Mounting plugin MacGraphicsSwitching
LogPluginManager: Mounting plugin MaterialAnalyzer
LogPluginManager: Mounting plugin MagicLeapLightEstimation
LogPluginManager: Mounting plugin MobileLauncherProfileWizard
LogPluginManager: Mounting plugin SpeedTreeImporter
LogPluginManager: Mounting plugin MagicLeapMedia
LogPluginManager: Mounting plugin PluginBrowser
LogPluginManager: Mounting plugin MagicLeapPassableWorld
LogPluginManager: Mounting plugin AlembicImporter
LogPluginManager: Mounting plugin AutomationUtils
LogPluginManager: Mounting plugin MLSDK
LogPluginManager: Mounting plugin BackChannel
LogPluginManager: Mounting plugin ChaosClothEditor
LogPluginManager: Mounting plugin ChaosEditor
LogPluginManager: Mounting plugin ChaosCloth
LogPluginManager: Mounting plugin ChaosNiagara
LogPluginManager: Mounting plugin ChaosSolverPlugin
LogPluginManager: Mounting plugin CharacterAI
LogPluginManager: Mounting plugin AnimationSharing
LogPluginManager: Mounting plugin CodeLiteSourceCodeAccess
LogPluginManager: Mounting plugin CLionSourceCodeAccess
LogPluginManager: Mounting plugin KDevelopSourceCodeAccess
LogPluginManager: Mounting plugin NullSourceCodeAccess
LogPluginManager: Mounting plugin PixWinPlugin
LogPluginManager: Mounting plugin PerforceSourceControl
LogPluginManager: Mounting plugin PlasticSourceControl
LogPluginManager: Mounting plugin PropertyAccessNode
LogPluginManager: Mounting plugin RiderSourceCodeAccess
LogPluginManager: Mounting plugin PluginUtils
LogPluginManager: Mounting plugin SubversionSourceControl
LogPluginManager: Mounting plugin TextureFormatOodle
LogPluginManager: Mounting plugin UObjectPlugin
LogPluginManager: Mounting plugin VisualStudioCodeSourceCodeAccess
LogPluginManager: Mounting plugin VisualStudioSourceCodeAccess
LogPluginManager: Mounting plugin XCodeSourceCodeAccess
LogPluginManager: Mounting plugin DatasmithContent
LogPluginManager: Mounting plugin VariantManagerContent
LogPluginManager: Mounting plugin TcpMessaging
LogPluginManager: Mounting plugin UdpMessaging
LogPluginManager: Mounting plugin AndroidMedia
LogPluginManager: Mounting plugin AvfMedia
LogPluginManager: Mounting plugin GeometryCache
LogPluginManager: Mounting plugin GeometryCollectionPlugin
LogPluginManager: Mounting plugin GeometryProcessing
LogPluginManager: Mounting plugin ImgMedia
LogPluginManager: Mounting plugin MediaCompositing
LogPluginManager: Mounting plugin GitSourceControl
LogPluginManager: Mounting plugin MotoSynth
LogPluginManager: Mounting plugin OpenImageDenoise
LogPluginManager: Mounting plugin ActorSequence
LogPluginManager: Mounting plugin PlanarCut
LogPluginManager: Mounting plugin PlatformCrypto
LogPluginManager: Mounting plugin OnlineSubsystem
LogPluginManager: Mounting plugin LevelSequenceEditor
LogPluginManager: Mounting plugin MatineeToLevelSequence
LogPluginManager: Mounting plugin ProxyLODPlugin
LogPluginManager: Mounting plugin OnlineSubsystemNull
LogPluginManager: Mounting plugin TemplateSequence
LogPluginManager: Mounting plugin PythonScriptPlugin
LogPluginManager: Mounting plugin OnlineSubsystemUtils
LogPluginManager: Mounting plugin MediaPlayerEditor
LogPluginManager: Mounting plugin WebMMedia
LogPluginManager: Mounting plugin WmfMedia
LogPluginManager: Mounting plugin ActorLayerUtilities
LogPluginManager: Mounting plugin LauncherChunkInstaller
LogPluginManager: Mounting plugin SkeletalReduction
LogPluginManager: Mounting plugin AndroidDeviceProfileSelector
LogPluginManager: Mounting plugin AndroidMoviePlayer
LogPluginManager: Mounting plugin AndroidPermission
LogPluginManager: Mounting plugin AppleImageUtils
LogPluginManager: Mounting plugin AppleMoviePlayer
LogPluginManager: Mounting plugin ArchVisCharacter
LogPluginManager: Mounting plugin AssetTags
LogPluginManager: Mounting plugin AudioCapture
LogPluginManager: Mounting plugin AudioSynesthesia
LogPluginManager: Mounting plugin ChunkDownloader
LogPluginManager: Mounting plugin CustomMeshComponent
LogPluginManager: Mounting plugin CableComponent
LogPluginManager: Mounting plugin EditableMesh
LogPluginManager: Mounting plugin GoogleCloudMessaging
LogPluginManager: Mounting plugin ScreenshotTools
LogPluginManager: Mounting plugin GooglePAD
LogPluginManager: Mounting plugin IOSDeviceProfileSelector
LogPluginManager: Mounting plugin LinuxDeviceProfileSelector
LogPluginManager: Mounting plugin LocationServicesBPLibrary
LogPluginManager: Mounting plugin ExampleDeviceProfileSelector
LogPluginManager: Mounting plugin MobilePatchingUtils
LogPluginManager: Mounting plugin OpenXR
LogPluginManager: Mounting plugin OpenXREyeTracker
LogPluginManager: Mounting plugin OpenXRHandTracking
LogPluginManager: Mounting plugin PostSplashScreen
LogPluginManager: Mounting plugin PhysXVehicles
LogPluginManager: Mounting plugin Takes
LogPluginManager: Mounting plugin PropertyAccessEditor
LogPluginManager: Mounting plugin ResonanceAudio
LogPluginManager: Mounting plugin RuntimePhysXCooking
LogPluginManager: Mounting plugin ProceduralMeshComponent
LogPluginManager: Mounting plugin SoundFields
LogPluginManager: Mounting plugin Synthesis
LogPluginManager: Mounting plugin SignificanceManager
LogPluginManager: Mounting plugin WebMMoviePlayer
LogPluginManager: Mounting plugin WindowsMoviePlayer
LogPluginManager: Mounting plugin ContentBrowserAssetDataSource
LogPluginManager: Mounting plugin ContentBrowserClassDataSource
LogPluginManager: Mounting plugin ContentBrowserFileDataSource
LogPluginManager: Mounting plugin OnlineSubsystemGooglePlay
LogPluginManager: Mounting plugin OnlineSubsystemIOS
LogPluginManager: Mounting plugin OculusOpenXR
PixWinPlugin: PIX capture plugin failed to initialize! Check that the process is launched from PIX.
LogInit: Using libcurl 7.55.1-DEV
LogInit:  - built for x86_64-pc-win32
LogInit:  - supports SSL with OpenSSL/1.1.1
LogInit:  - supports HTTP deflate (compression) using libz 1.2.8
LogInit:  - other features:
LogInit:      CURL_VERSION_SSL
LogInit:      CURL_VERSION_LIBZ
LogInit:      CURL_VERSION_IPV6
LogInit:      CURL_VERSION_ASYNCHDNS
LogInit:      CURL_VERSION_LARGEFILE
LogInit:      CURL_VERSION_IDN
LogInit:  CurlRequestOptions (configurable via config and command line):
LogInit:  - bVerifyPeer = true  - Libcurl will verify peer certificate
LogInit:  - bUseHttpProxy = false  - Libcurl will NOT use HTTP proxy
LogInit:  - bDontReuseConnections = false  - Libcurl will reuse connections
LogInit:  - MaxHostConnections = 16  - Libcurl will limit the number of connections to a host
LogInit:  - LocalHostAddr = Default
LogInit:  - BufferSize = 65536
LogOnline: OSS: Creating online subsystem instance for: NULL
LogInit: WinSock: version 1.1 (2.2), MaxSocks=32767, MaxUdp=65467
LogOnline: OSS: TryLoadSubsystemAndSetDefault: Loaded subsystem for module [NULL]
LogInit: Build: ++UE4+Release-4.27-CL-18319896
LogInit: Engine Version: 4.27.2-18319896+++UE4+Release-4.27
LogInit: Compatible Engine Version: 4.27.0-17155196+++UE4+Release-4.27
LogInit: Net CL: 17155196
LogInit: OS: Windows 10 (Release 2009) (), CPU: 11th Gen Intel(R) Core(TM) i5-11400H @ 2.70GHz, GPU: Intel(R) UHD Graphics
LogInit: Compiled (64-bit): Nov 30 2021 07:12:08
LogInit: Compiled with Visual C++: 19.24.28315.00
LogInit: Build Configuration: Development
LogInit: Branch Name: ++UE4+Release-4.27
LogInit: Command Line: 
LogInit: Base Directory: C:/Program Files/Epic Games/UE_4.27/Engine/Binaries/Win64/
LogInit: Allocator: TBB
LogInit: Installed Engine Build: 1
LogDevObjectVersion: Number of dev versions registered: 29
LogDevObjectVersion:   Dev-Blueprints (B0D832E4-1F89-4F0D-ACCF-7EB736FD4AA2): 10
LogDevObjectVersion:   Dev-Build (E1C64328-A22C-4D53-A36C-8E866417BD8C): 0
LogDevObjectVersion:   Dev-Core (375EC13C-06E4-48FB-B500-84F0262A717E): 4
LogDevObjectVersion:   Dev-Editor (E4B068ED-F494-42E9-A231-DA0B2E46BB41): 40
LogDevObjectVersion:   Dev-Framework (CFFC743F-43B0-4480-9391-14DF171D2073): 37
LogDevObjectVersion:   Dev-Mobile (B02B49B5-BB20-44E9-A304-32B752E40360): 3
LogDevObjectVersion:   Dev-Networking (A4E4105C-59A1-49B5-A7C5-40C4547EDFEE): 0
LogDevObjectVersion:   Dev-Online (39C831C9-5AE6-47DC-9A44-9C173E1C8E7C): 0
LogDevObjectVersion:   Dev-Physics (78F01B33-EBEA-4F98-B9B4-84EACCB95AA2): 14
LogDevObjectVersion:   Dev-Platform (6631380F-2D4D-43E0-8009-CF276956A95A): 0
LogDevObjectVersion:   Dev-Rendering (12F88B9F-8875-4AFC-A67C-D90C383ABD29): 45
LogDevObjectVersion:   Dev-Sequencer (7B5AE74C-D270-4C10-A958-57980B212A5A): 13
LogDevObjectVersion:   Dev-VR (D7296918-1DD6-4BDD-9DE2-64A83CC13884): 3
LogDevObjectVersion:   Dev-LoadTimes (C2A15278-BFE7-4AFE-6C17-90FF531DF755): 1
LogDevObjectVersion:   Private-Geometry (6EACA3D4-40EC-4CC1-B786-8BED09428FC5): 3
LogDevObjectVersion:   Dev-AnimPhys (29E575DD-E0A3-4627-9D10-D276232CDCEA): 17
LogDevObjectVersion:   Dev-Anim (AF43A65D-7FD3-4947-9873-3E8ED9C1BB05): 15
LogDevObjectVersion:   Dev-ReflectionCapture (6B266CEC-1EC7-4B8F-A30B-E4D90942FC07): 1
LogDevObjectVersion:   Dev-Automation (0DF73D61-A23F-47EA-B727-89E90C41499A): 1
LogDevObjectVersion:   FortniteMain (601D1886-AC64-4F84-AA16-D3DE0DEAC7D6): 47
LogDevObjectVersion:   FortniteRelease (E7086368-6B23-4C58-8439-1B7016265E91): 1
LogDevObjectVersion:   Dev-Enterprise (9DFFBCD6-494F-0158-E221-12823C92A888): 10
LogDevObjectVersion:   Dev-Niagara (F2AED0AC-9AFE-416F-8664-AA7FFA26D6FC): 1
LogDevObjectVersion:   Dev-Destruction (174F1F0B-B4C6-45A5-B13F-2EE8D0FB917D): 10
LogDevObjectVersion:   Dev-Physics-Ext (35F94A83-E258-406C-A318-09F59610247C): 41
LogDevObjectVersion:   Dev-PhysicsMaterial-Chaos (B68FC16E-8B1B-42E2-B453-215C058844FE): 1
LogDevObjectVersion:   Dev-CineCamera (B2E18506-4273-CFC2-A54E-F4BB758BBA07): 1
LogDevObjectVersion:   Dev-VirtualProduction (64F58936-FD1B-42BA-BA96-7289D5D0FA4E): 1
LogDevObjectVersion:   Dev-MediaFramework (6F0ED827-A609-4895-9C91-998D90180EA4): 2
LogInit: Presizing for max 25165824 objects, including 0 objects not considered by GC, pre-allocating 0 bytes for permanent pool.
LogConfig: Applying CVar settings from Section [/Script/Engine.StreamingSettings] File [C:/Users/sasha/Documents/GitHub/unreal_project/Saved/Config/Windows/Engine.ini]
LogConfig: Setting CVar [[s.MinBulkDataSizeForAsyncLoading:131072]]
LogConfig: Setting CVar [[s.AsyncLoadingThreadEnabled:0]]
LogConfig: Setting CVar [[s.EventDrivenLoaderEnabled:1]]
LogConfig: Setting CVar [[s.WarnIfTimeLimitExceeded:0]]
LogConfig: Setting CVar [[s.TimeLimitExceededMultiplier:1.5]]
LogConfig: Setting CVar [[s.TimeLimitExceededMinTime:0.005]]
LogConfig: Setting CVar [[s.UseBackgroundLevelStreaming:1]]
LogConfig: Setting CVar [[s.PriorityAsyncLoadingExtraTime:15.0]]
LogConfig: Setting CVar [[s.LevelStreamingActorsUpdateTimeLimit:5.0]]
LogConfig: Setting CVar [[s.PriorityLevelStreamingActorsUpdateExtraTime:5.0]]
LogConfig: Setting CVar [[s.LevelStreamingComponentsRegistrationGranularity:10]]
LogConfig: Setting CVar [[s.UnregisterComponentsTimeLimit:1.0]]
LogConfig: Setting CVar [[s.LevelStreamingComponentsUnregistrationGranularity:5]]
LogConfig: Setting CVar [[s.FlushStreamingOnExit:1]]
LogInit: Object subsystem initialized
LogConfig: Setting CVar [[con.DebugEarlyDefault:1]]
LogConfig: Setting CVar [[r.setres:1280x720]]
[2025.05.26-12.03.41:219][  0]LogConfig: Setting CVar [[r.VSync:0]]
[2025.05.26-12.03.41:219][  0]LogConfig: Setting CVar [[r.RHICmdBypass:0]]
[2025.05.26-12.03.41:219][  0]LogConfig: Applying CVar settings from Section [/Script/Engine.RendererSettings] File [C:/Users/sasha/Documents/GitHub/unreal_project/Saved/Config/Windows/Engine.ini]
[2025.05.26-12.03.41:219][  0]LogConfig: Setting CVar [[r.GPUCrashDebugging:0]]
[2025.05.26-12.03.41:219][  0]LogConfig: Setting CVar [[r.Mobile.DisableVertexFog:1]]
[2025.05.26-12.03.41:219][  0]LogConfig: Setting CVar [[r.Shadow.CSM.MaxMobileCascades:2]]
[2025.05.26-12.03.41:219][  0]LogConfig: Setting CVar [[r.MobileMSAA:4]]
[2025.05.26-12.03.41:219][  0]LogConfig: Setting CVar [[r.Mobile.AllowDitheredLODTransition:0]]
[2025.05.26-12.03.41:219][  0]LogConfig: Setting CVar [[r.Mobile.AllowSoftwareOcclusion:0]]
[2025.05.26-12.03.41:219][  0]LogConfig: Setting CVar [[r.Mobile.VirtualTextures:0]]
[2025.05.26-12.03.41:219][  0]LogConfig: Setting CVar [[r.DiscardUnusedQuality:0]]
[2025.05.26-12.03.41:219][  0]LogConfig: Setting CVar [[r.AllowOcclusionQueries:1]]
[2025.05.26-12.03.41:219][  0]LogConfig: Setting CVar [[r.MinScreenRadiusForLights:0.030000]]
[2025.05.26-12.03.41:219][  0]LogConfig: Setting CVar [[r.MinScreenRadiusForDepthPrepass:0.030000]]
[2025.05.26-12.03.41:219][  0]LogConfig: Setting CVar [[r.MinScreenRadiusForCSMDepth:0.010000]]
[2025.05.26-12.03.41:219][  0]LogConfig: Setting CVar [[r.PrecomputedVisibilityWarning:0]]
[2025.05.26-12.03.41:219][  0]LogConfig: Setting CVar [[r.TextureStreaming:1]]
[2025.05.26-12.03.41:219][  0]LogConfig: Setting CVar [[Compat.UseDXT5NormalMaps:0]]
[2025.05.26-12.03.41:219][  0]LogConfig: Setting CVar [[r.VirtualTextures:0]]
[2025.05.26-12.03.41:219][  0]LogConfig: Setting CVar [[r.VirtualTexturedLightmaps:0]]
[2025.05.26-12.03.41:219][  0]LogConfig: Setting CVar [[r.VT.TileSize:128]]
[2025.05.26-12.03.41:219][  0]LogConfig: Setting CVar [[r.VT.TileBorderSize:4]]
[2025.05.26-12.03.41:219][  0]LogConfig: Setting CVar [[r.vt.FeedbackFactor:16]]
[2025.05.26-12.03.41:219][  0]LogConfig: Setting CVar [[r.VT.EnableCompressZlib:1]]
[2025.05.26-12.03.41:219][  0]LogConfig: Setting CVar [[r.VT.EnableCompressCrunch:0]]
[2025.05.26-12.03.41:219][  0]LogConfig: Setting CVar [[r.ClearCoatNormal:0]]
[2025.05.26-12.03.41:219][  0]LogConfig: Setting CVar [[r.ReflectionCaptureResolution:128]]
[2025.05.26-12.03.41:219][  0]LogConfig: Setting CVar [[r.Mobile.ReflectionCaptureCompression:0]]
[2025.05.26-12.03.41:219][  0]LogConfig: Setting CVar [[r.ReflectionEnvironmentLightmapMixBasedOnRoughness:1]]
[2025.05.26-12.03.41:219][  0]LogConfig: Setting CVar [[r.ForwardShading:1]]
[2025.05.26-12.03.41:219][  0]LogConfig: Setting CVar [[r.VertexFoggingForOpaque:1]]
[2025.05.26-12.03.41:219][  0]LogConfig: Setting CVar [[r.AllowStaticLighting:1]]
[2025.05.26-12.03.41:219][  0]LogConfig: Setting CVar [[r.NormalMapsForStaticLighting:0]]
[2025.05.26-12.03.41:219][  0]LogConfig: Setting CVar [[r.GenerateMeshDistanceFields:0]]
[2025.05.26-12.03.41:219][  0]LogConfig: Setting CVar [[r.DistanceFieldBuild.EightBit:0]]
[2025.05.26-12.03.41:219][  0]LogConfig: Setting CVar [[r.GenerateLandscapeGIData:0]]
[2025.05.26-12.03.41:219][  0]LogConfig: Setting CVar [[r.DistanceFieldBuild.Compress:0]]
[2025.05.26-12.03.41:219][  0]LogConfig: Setting CVar [[r.TessellationAdaptivePixelsPerTriangle:48.000000]]
[2025.05.26-12.03.41:219][  0]LogConfig: Setting CVar [[r.SeparateTranslucency:0]]
[2025.05.26-12.03.41:219][  0]LogConfig: Setting CVar [[r.TranslucentSortPolicy:0]]
[2025.05.26-12.03.41:219][  0]LogConfig: Setting CVar [[r.CustomDepth:1]]
[2025.05.26-12.03.41:219][  0]LogConfig: Setting CVar [[r.CustomDepthTemporalAAJitter:1]]
[2025.05.26-12.03.41:219][  0]LogConfig: Setting CVar [[r.PostProcessing.PropagateAlpha:0]]
[2025.05.26-12.03.41:219][  0]LogConfig: Setting CVar [[r.DefaultFeature.Bloom:0]]
[2025.05.26-12.03.41:219][  0]LogConfig: Setting CVar [[r.DefaultFeature.AmbientOcclusion:0]]
[2025.05.26-12.03.41:219][  0]LogConfig: Setting CVar [[r.DefaultFeature.AmbientOcclusionStaticFraction:1]]
[2025.05.26-12.03.41:219][  0]LogConfig: Setting CVar [[r.DefaultFeature.AutoExposure:0]]
[2025.05.26-12.03.41:219][  0]LogConfig: Setting CVar [[r.DefaultFeature.AutoExposure.Method:0]]
[2025.05.26-12.03.41:219][  0]LogConfig: Setting CVar [[r.DefaultFeature.AutoExposure.Bias:1.000000]]
[2025.05.26-12.03.41:219][  0]LogConfig: Setting CVar [[r.DefaultFeature.AutoExposure.ExtendDefaultLuminanceRange:1]]
[2025.05.26-12.03.41:219][  0]LogConfig: Setting CVar [[r.UsePreExposure:1]]
[2025.05.26-12.03.41:219][  0]LogConfig: Setting CVar [[r.EyeAdaptation.EditorOnly:0]]
[2025.05.26-12.03.41:219][  0]LogConfig: Setting CVar [[r.DefaultFeature.MotionBlur:0]]
[2025.05.26-12.03.41:219][  0]LogConfig: Setting CVar [[r.DefaultFeature.LensFlare:0]]
[2025.05.26-12.03.41:219][  0]LogConfig: Setting CVar [[r.TemporalAA.Upsampling:0]]
[2025.05.26-12.03.41:219][  0]LogConfig: Setting CVar [[r.SSGI.Enable:0]]
[2025.05.26-12.03.41:219][  0]LogConfig: Setting CVar [[r.DefaultFeature.AntiAliasing:3]]
[2025.05.26-12.03.41:219][  0]LogConfig: Setting CVar [[r.DefaultFeature.LightUnits:1]]
[2025.05.26-12.03.41:219][  0]LogConfig: Setting CVar [[r.DefaultBackBufferPixelFormat:4]]
[2025.05.26-12.03.41:219][  0]LogConfig: Setting CVar [[r.Shadow.UnbuiltPreviewInGame:1]]
[2025.05.26-12.03.41:219][  0]LogConfig: Setting CVar [[r.StencilForLODDither:0]]
[2025.05.26-12.03.41:219][  0]LogConfig: Setting CVar [[r.EarlyZPass:3]]
[2025.05.26-12.03.41:219][  0]LogConfig: Setting CVar [[r.EarlyZPassOnlyMaterialMasking:0]]
[2025.05.26-12.03.41:219][  0]LogConfig: Setting CVar [[r.DBuffer:1]]
[2025.05.26-12.03.41:219][  0]LogConfig: Setting CVar [[r.ClearSceneMethod:1]]
[2025.05.26-12.03.41:219][  0]LogConfig: Setting CVar [[r.BasePassOutputsVelocity:0]]
[2025.05.26-12.03.41:219][  0]LogConfig: Setting CVar [[r.VertexDeformationOutputsVelocity:0]]
[2025.05.26-12.03.41:219][  0]LogConfig: Setting CVar [[r.SelectiveBasePassOutputs:0]]
[2025.05.26-12.03.41:219][  0]LogConfig: Setting CVar [[fx.GPUSimulationTextureSizeX:1024]]
[2025.05.26-12.03.41:219][  0]LogConfig: Setting CVar [[fx.GPUSimulationTextureSizeY:1024]]
[2025.05.26-12.03.41:219][  0]LogConfig: Setting CVar [[r.AllowGlobalClipPlane:0]]
[2025.05.26-12.03.41:219][  0]LogConfig: Setting CVar [[r.GBufferFormat:1]]
[2025.05.26-12.03.41:219][  0]LogConfig: Setting CVar [[r.MorphTarget.Mode:1]]
[2025.05.26-12.03.41:219][  0]LogConfig: Setting CVar [[vr.InstancedStereo:1]]
[2025.05.26-12.03.41:219][  0]LogConfig: Setting CVar [[r.MobileHDR:0]]
[2025.05.26-12.03.41:219][  0]LogConfig: Setting CVar [[vr.MobileMultiView:1]]
[2025.05.26-12.03.41:219][  0]LogConfig: Setting CVar [[r.Mobile.UseHWsRGBEncoding:1]]
[2025.05.26-12.03.41:219][  0]LogConfig: Setting CVar [[vr.RoundRobinOcclusion:0]]
[2025.05.26-12.03.41:219][  0]LogConfig: Setting CVar [[vr.ODSCapture:0]]
[2025.05.26-12.03.41:219][  0]LogConfig: Setting CVar [[r.MeshStreaming:0]]
[2025.05.26-12.03.41:219][  0]LogConfig: Setting CVar [[r.WireframeCullThreshold:5.000000]]
[2025.05.26-12.03.41:219][  0]LogConfig: Setting CVar [[r.RayTracing:0]]
[2025.05.26-12.03.41:219][  0]LogConfig: Setting CVar [[r.RayTracing.UseTextureLod:0]]
[2025.05.26-12.03.41:219][  0]LogConfig: Setting CVar [[r.SupportStationarySkylight:1]]
[2025.05.26-12.03.41:219][  0]LogConfig: Setting CVar [[r.SupportLowQualityLightmaps:1]]
[2025.05.26-12.03.41:220][  0]LogConfig: Setting CVar [[r.SupportPointLightWholeSceneShadows:1]]
[2025.05.26-12.03.41:220][  0]LogConfig: Setting CVar [[r.SupportAtmosphericFog:1]]
[2025.05.26-12.03.41:220][  0]LogConfig: Setting CVar [[r.SupportSkyAtmosphere:1]]
[2025.05.26-12.03.41:220][  0]LogConfig: Setting CVar [[r.SupportSkyAtmosphereAffectsHeightFog:0]]
[2025.05.26-12.03.41:220][  0]LogConfig: Setting CVar [[r.SkinCache.CompileShaders:0]]
[2025.05.26-12.03.41:220][  0]LogConfig: Setting CVar [[r.SkinCache.DefaultBehavior:1]]
[2025.05.26-12.03.41:220][  0]LogConfig: Setting CVar [[r.SkinCache.SceneMemoryLimitInMB:128.000000]]
[2025.05.26-12.03.41:220][  0]LogConfig: Setting CVar [[r.Mobile.EnableStaticAndCSMShadowReceivers:1]]
[2025.05.26-12.03.41:220][  0]LogConfig: Setting CVar [[r.Mobile.EnableMovableLightCSMShaderCulling:1]]
[2025.05.26-12.03.41:220][  0]LogConfig: Setting CVar [[r.Mobile.AllowDistanceFieldShadows:1]]
[2025.05.26-12.03.41:220][  0]LogConfig: Setting CVar [[r.Mobile.AllowMovableDirectionalLights:1]]
[2025.05.26-12.03.41:220][  0]LogConfig: Setting CVar [[r.MobileNumDynamicPointLights:4]]
[2025.05.26-12.03.41:220][  0]LogConfig: Setting CVar [[r.MobileDynamicPointLightsUseStaticBranch:1]]
[2025.05.26-12.03.41:220][  0]LogConfig: Setting CVar [[r.Mobile.EnableMovableSpotlights:0]]
[2025.05.26-12.03.41:220][  0]LogConfig: Setting CVar [[r.Mobile.EnableMovableSpotlightsShadow:0]]
[2025.05.26-12.03.41:220][  0]LogConfig: Setting CVar [[r.GPUSkin.Support16BitBoneIndex:0]]
[2025.05.26-12.03.41:220][  0]LogConfig: Setting CVar [[r.GPUSkin.Limit2BoneInfluences:0]]
[2025.05.26-12.03.41:220][  0]LogConfig: Setting CVar [[r.SupportDepthOnlyIndexBuffers:1]]
[2025.05.26-12.03.41:220][  0]LogConfig: Setting CVar [[r.SupportReversedIndexBuffers:1]]
[2025.05.26-12.03.41:220][  0]LogConfig: Setting CVar [[r.LightPropagationVolume:0]]
[2025.05.26-12.03.41:220][  0]LogConfig: Setting CVar [[r.Mobile.AmbientOcclusion:0]]
[2025.05.26-12.03.41:220][  0]LogConfig: Setting CVar [[r.GPUSkin.UnlimitedBoneInfluences:0]]
[2025.05.26-12.03.41:220][  0]LogConfig: Setting CVar [[r.GPUSkin.UnlimitedBoneInfluencesThreshold:8]]
[2025.05.26-12.03.41:220][  0]LogConfig: Setting CVar [[r.Mobile.PlanarReflectionMode:0]]
[2025.05.26-12.03.41:220][  0]LogConfig: Setting CVar [[r.Mobile.SupportGPUScene:1]]
[2025.05.26-12.03.41:220][  0]LogConfig: Applying CVar settings from Section [/Script/Engine.RendererOverrideSettings] File [C:/Users/sasha/Documents/GitHub/unreal_project/Saved/Config/Windows/Engine.ini]
[2025.05.26-12.03.41:220][  0]LogConfig: Applying CVar settings from Section [/Script/Engine.StreamingSettings] File [C:/Users/sasha/Documents/GitHub/unreal_project/Saved/Config/Windows/Engine.ini]
[2025.05.26-12.03.41:220][  0]LogConfig: Setting CVar [[s.MinBulkDataSizeForAsyncLoading:131072]]
[2025.05.26-12.03.41:220][  0]LogConfig: Setting CVar [[s.AsyncLoadingThreadEnabled:0]]
[2025.05.26-12.03.41:220][  0]LogConfig: Setting CVar [[s.EventDrivenLoaderEnabled:1]]
[2025.05.26-12.03.41:220][  0]LogConfig: Setting CVar [[s.WarnIfTimeLimitExceeded:0]]
[2025.05.26-12.03.41:220][  0]LogConfig: Setting CVar [[s.TimeLimitExceededMultiplier:1.5]]
[2025.05.26-12.03.41:220][  0]LogConfig: Setting CVar [[s.TimeLimitExceededMinTime:0.005]]
[2025.05.26-12.03.41:220][  0]LogConfig: Setting CVar [[s.UseBackgroundLevelStreaming:1]]
[2025.05.26-12.03.41:220][  0]LogConfig: Setting CVar [[s.PriorityAsyncLoadingExtraTime:15.0]]
[2025.05.26-12.03.41:220][  0]LogConfig: Setting CVar [[s.LevelStreamingActorsUpdateTimeLimit:5.0]]
[2025.05.26-12.03.41:220][  0]LogConfig: Setting CVar [[s.PriorityLevelStreamingActorsUpdateExtraTime:5.0]]
[2025.05.26-12.03.41:220][  0]LogConfig: Setting CVar [[s.LevelStreamingComponentsRegistrationGranularity:10]]
[2025.05.26-12.03.41:220][  0]LogConfig: Setting CVar [[s.UnregisterComponentsTimeLimit:1.0]]
[2025.05.26-12.03.41:220][  0]LogConfig: Setting CVar [[s.LevelStreamingComponentsUnregistrationGranularity:5]]
[2025.05.26-12.03.41:220][  0]LogConfig: Setting CVar [[s.FlushStreamingOnExit:1]]
[2025.05.26-12.03.41:220][  0]LogConfig: Applying CVar settings from Section [/Script/Engine.GarbageCollectionSettings] File [C:/Users/sasha/Documents/GitHub/unreal_project/Saved/Config/Windows/Engine.ini]
[2025.05.26-12.03.41:220][  0]LogConfig: Setting CVar [[gc.MaxObjectsNotConsideredByGC:1]]
[2025.05.26-12.03.41:220][  0]LogConfig: Setting CVar [[gc.SizeOfPermanentObjectPool:0]]
[2025.05.26-12.03.41:220][  0]LogConfig: Setting CVar [[gc.FlushStreamingOnGC:0]]
[2025.05.26-12.03.41:220][  0]LogConfig: Setting CVar [[gc.NumRetriesBeforeForcingGC:10]]
[2025.05.26-12.03.41:220][  0]LogConfig: Setting CVar [[gc.AllowParallelGC:1]]
[2025.05.26-12.03.41:220][  0]LogConfig: Setting CVar [[gc.TimeBetweenPurgingPendingKillObjects:61.1]]
[2025.05.26-12.03.41:220][  0]LogConfig: Setting CVar [[gc.MaxObjectsInEditor:25165824]]
[2025.05.26-12.03.41:220][  0]LogConfig: Setting CVar [[gc.IncrementalBeginDestroyEnabled:1]]
[2025.05.26-12.03.41:220][  0]LogConfig: Setting CVar [[gc.CreateGCClusters:1]]
[2025.05.26-12.03.41:220][  0]LogConfig: Setting CVar [[gc.MinGCClusterSize:5]]
[2025.05.26-12.03.41:220][  0]LogConfig: Setting CVar [[gc.ActorClusteringEnabled:0]]
[2025.05.26-12.03.41:220][  0]LogConfig: Setting CVar [[gc.BlueprintClusteringEnabled:0]]
[2025.05.26-12.03.41:220][  0]LogConfig: Setting CVar [[gc.UseDisregardForGCOnDedicatedServers:0]]
[2025.05.26-12.03.41:220][  0]LogConfig: Setting CVar [[gc.MultithreadedDestructionEnabled:1]]
[2025.05.26-12.03.41:220][  0]LogConfig: Applying CVar settings from Section [/Script/Engine.NetworkSettings] File [C:/Users/sasha/Documents/GitHub/unreal_project/Saved/Config/Windows/Engine.ini]
[2025.05.26-12.03.41:220][  0]LogConfig: Applying CVar settings from Section [/Script/UnrealEd.CookerSettings] File [C:/Users/sasha/Documents/GitHub/unreal_project/Saved/Config/Windows/Engine.ini]
[2025.05.26-12.03.41:235][  0]LogConfig: Applying CVar settings from Section [ViewDistanceQuality@3] File [C:/Users/sasha/Documents/GitHub/unreal_project/Saved/Config/Windows/Scalability.ini]
[2025.05.26-12.03.41:235][  0]LogConfig: Setting CVar [[r.SkeletalMeshLODBias:0]]
[2025.05.26-12.03.41:235][  0]LogConfig: Setting CVar [[r.ViewDistanceScale:1.0]]
[2025.05.26-12.03.41:235][  0]LogConfig: Applying CVar settings from Section [AntiAliasingQuality@3] File [C:/Users/sasha/Documents/GitHub/unreal_project/Saved/Config/Windows/Scalability.ini]
[2025.05.26-12.03.41:235][  0]LogConfig: Setting CVar [[r.PostProcessAAQuality:4]]
[2025.05.26-12.03.41:235][  0]LogConfig: Applying CVar settings from Section [ShadowQuality@3] File [C:/Users/sasha/Documents/GitHub/unreal_project/Saved/Config/Windows/Scalability.ini]
[2025.05.26-12.03.41:235][  0]LogConfig: Setting CVar [[r.LightFunctionQuality:1]]
[2025.05.26-12.03.41:235][  0]LogConfig: Setting CVar [[r.ShadowQuality:5]]
[2025.05.26-12.03.41:235][  0]LogConfig: Setting CVar [[r.Shadow.CSM.MaxCascades:10]]
[2025.05.26-12.03.41:235][  0]LogConfig: Setting CVar [[r.Shadow.MaxResolution:2048]]
[2025.05.26-12.03.41:235][  0]LogConfig: Setting CVar [[r.Shadow.MaxCSMResolution:2048]]
[2025.05.26-12.03.41:235][  0]LogConfig: Setting CVar [[r.Shadow.RadiusThreshold:0.01]]
[2025.05.26-12.03.41:235][  0]LogConfig: Setting CVar [[r.Shadow.DistanceScale:1.0]]
[2025.05.26-12.03.41:235][  0]LogConfig: Setting CVar [[r.Shadow.CSM.TransitionScale:1.0]]
[2025.05.26-12.03.41:235][  0]LogConfig: Setting CVar [[r.Shadow.PreShadowResolutionFactor:1.0]]
[2025.05.26-12.03.41:235][  0]LogConfig: Setting CVar [[r.DistanceFieldShadowing:1]]
[2025.05.26-12.03.41:235][  0]LogConfig: Setting CVar [[r.DistanceFieldAO:1]]
[2025.05.26-12.03.41:235][  0]LogConfig: Setting CVar [[r.AOQuality:2]]
[2025.05.26-12.03.41:235][  0]LogConfig: Setting CVar [[r.VolumetricFog:1]]
[2025.05.26-12.03.41:235][  0]LogConfig: Setting CVar [[r.VolumetricFog.GridPixelSize:8]]
[2025.05.26-12.03.41:235][  0]LogConfig: Setting CVar [[r.VolumetricFog.GridSizeZ:128]]
[2025.05.26-12.03.41:235][  0]LogConfig: Setting CVar [[r.VolumetricFog.HistoryMissSupersampleCount:4]]
[2025.05.26-12.03.41:235][  0]LogConfig: Setting CVar [[r.LightMaxDrawDistanceScale:1]]
[2025.05.26-12.03.41:235][  0]LogConfig: Setting CVar [[r.CapsuleShadows:1]]
[2025.05.26-12.03.41:235][  0]LogConfig: Applying CVar settings from Section [PostProcessQuality@3] File [C:/Users/sasha/Documents/GitHub/unreal_project/Saved/Config/Windows/Scalability.ini]
[2025.05.26-12.03.41:235][  0]LogConfig: Setting CVar [[r.MotionBlurQuality:4]]
[2025.05.26-12.03.41:235][  0]LogConfig: Setting CVar [[r.AmbientOcclusionMipLevelFactor:0.4]]
[2025.05.26-12.03.41:235][  0]LogConfig: Setting CVar [[r.AmbientOcclusionMaxQuality:100]]
[2025.05.26-12.03.41:235][  0]LogConfig: Setting CVar [[r.AmbientOcclusionLevels:-1]]
[2025.05.26-12.03.41:235][  0]LogConfig: Setting CVar [[r.AmbientOcclusionRadiusScale:1.0]]
[2025.05.26-12.03.41:235][  0]LogConfig: Setting CVar [[r.DepthOfFieldQuality:2]]
[2025.05.26-12.03.41:235][  0]LogConfig: Setting CVar [[r.RenderTargetPoolMin:400]]
[2025.05.26-12.03.41:235][  0]LogConfig: Setting CVar [[r.LensFlareQuality:2]]
[2025.05.26-12.03.41:235][  0]LogConfig: Setting CVar [[r.SceneColorFringeQuality:1]]
[2025.05.26-12.03.41:235][  0]LogConfig: Setting CVar [[r.EyeAdaptationQuality:2]]
[2025.05.26-12.03.41:235][  0]LogConfig: Setting CVar [[r.BloomQuality:5]]
[2025.05.26-12.03.41:235][  0]LogConfig: Setting CVar [[r.FastBlurThreshold:100]]
[2025.05.26-12.03.41:235][  0]LogConfig: Setting CVar [[r.Upscale.Quality:3]]
[2025.05.26-12.03.41:235][  0]LogConfig: Setting CVar [[r.Tonemapper.GrainQuantization:1]]
[2025.05.26-12.03.41:235][  0]LogConfig: Setting CVar [[r.LightShaftQuality:1]]
[2025.05.26-12.03.41:235][  0]LogConfig: Setting CVar [[r.Filter.SizeScale:1]]
[2025.05.26-12.03.41:235][  0]LogConfig: Setting CVar [[r.Tonemapper.Quality:5]]
[2025.05.26-12.03.41:235][  0]LogConfig: Setting CVar [[r.DOF.Gather.AccumulatorQuality:1        ; higher gathering accumulator quality]]
[2025.05.26-12.03.41:235][  0]LogConfig: Setting CVar [[r.DOF.Gather.PostfilterMethod:1          ; Median3x3 postfilering method]]
[2025.05.26-12.03.41:235][  0]LogConfig: Setting CVar [[r.DOF.Gather.EnableBokehSettings:0       ; no bokeh simulation when gathering]]
[2025.05.26-12.03.41:235][  0]LogConfig: Setting CVar [[r.DOF.Gather.RingCount:4                 ; medium number of samples when gathering]]
[2025.05.26-12.03.41:235][  0]LogConfig: Setting CVar [[r.DOF.Scatter.ForegroundCompositing:1    ; additive foreground scattering]]
[2025.05.26-12.03.41:235][  0]LogConfig: Setting CVar [[r.DOF.Scatter.BackgroundCompositing:2    ; additive background scattering]]
[2025.05.26-12.03.41:236][  0]LogConfig: Setting CVar [[r.DOF.Scatter.EnableBokehSettings:1      ; bokeh simulation when scattering]]
[2025.05.26-12.03.41:236][  0]LogConfig: Setting CVar [[r.DOF.Scatter.MaxSpriteRatio:0.1         ; only a maximum of 10% of scattered bokeh]]
[2025.05.26-12.03.41:236][  0]LogConfig: Setting CVar [[r.DOF.Recombine.Quality:1                ; cheap slight out of focus]]
[2025.05.26-12.03.41:236][  0]LogConfig: Setting CVar [[r.DOF.Recombine.EnableBokehSettings:0    ; no bokeh simulation on slight out of focus]]
[2025.05.26-12.03.41:236][  0]LogConfig: Setting CVar [[r.DOF.TemporalAAQuality:1                ; more stable temporal accumulation]]
[2025.05.26-12.03.41:236][  0]LogConfig: Setting CVar [[r.DOF.Kernel.MaxForegroundRadius:0.025]]
[2025.05.26-12.03.41:236][  0]LogConfig: Setting CVar [[r.DOF.Kernel.MaxBackgroundRadius:0.025]]
[2025.05.26-12.03.41:236][  0]LogConfig: Applying CVar settings from Section [TextureQuality@3] File [C:/Users/sasha/Documents/GitHub/unreal_project/Saved/Config/Windows/Scalability.ini]
[2025.05.26-12.03.41:236][  0]LogConfig: Setting CVar [[r.Streaming.MipBias:0]]
[2025.05.26-12.03.41:236][  0]LogConfig: Setting CVar [[r.Streaming.AmortizeCPUToGPUCopy:0]]
[2025.05.26-12.03.41:236][  0]LogConfig: Setting CVar [[r.Streaming.MaxNumTexturesToStreamPerFrame:0]]
[2025.05.26-12.03.41:236][  0]LogConfig: Setting CVar [[r.Streaming.Boost:1]]
[2025.05.26-12.03.41:236][  0]LogConfig: Setting CVar [[r.MaxAnisotropy:8]]
[2025.05.26-12.03.41:236][  0]LogConfig: Setting CVar [[r.VT.MaxAnisotropy:8]]
[2025.05.26-12.03.41:236][  0]LogConfig: Setting CVar [[r.Streaming.LimitPoolSizeToVRAM:0]]
[2025.05.26-12.03.41:236][  0]LogConfig: Setting CVar [[r.Streaming.PoolSize:1000]]
[2025.05.26-12.03.41:236][  0]LogConfig: Setting CVar [[r.Streaming.MaxEffectiveScreenSize:0]]
[2025.05.26-12.03.41:236][  0]LogConfig: Applying CVar settings from Section [EffectsQuality@3] File [C:/Users/sasha/Documents/GitHub/unreal_project/Saved/Config/Windows/Scalability.ini]
[2025.05.26-12.03.41:236][  0]LogConfig: Setting CVar [[r.TranslucencyLightingVolumeDim:64]]
[2025.05.26-12.03.41:236][  0]LogConfig: Setting CVar [[r.RefractionQuality:2]]
[2025.05.26-12.03.41:236][  0]LogConfig: Setting CVar [[r.SSR.Quality:3]]
[2025.05.26-12.03.41:236][  0]LogConfig: Setting CVar [[r.SSR.HalfResSceneColor:0]]
[2025.05.26-12.03.41:236][  0]LogConfig: Setting CVar [[r.SceneColorFormat:4]]
[2025.05.26-12.03.41:236][  0]LogConfig: Setting CVar [[r.DetailMode:2]]
[2025.05.26-12.03.41:236][  0]LogConfig: Setting CVar [[r.TranslucencyVolumeBlur:1]]
[2025.05.26-12.03.41:236][  0]LogConfig: Setting CVar [[r.MaterialQualityLevel:1 ; High quality]]
[2025.05.26-12.03.41:236][  0]LogConfig: Setting CVar [[r.AnisotropicMaterials:1]]
[2025.05.26-12.03.41:236][  0]LogConfig: Setting CVar [[r.SSS.Scale:1]]
[2025.05.26-12.03.41:236][  0]LogConfig: Setting CVar [[r.SSS.SampleSet:2]]
[2025.05.26-12.03.41:236][  0]LogConfig: Setting CVar [[r.SSS.Quality:1]]
[2025.05.26-12.03.41:236][  0]LogConfig: Setting CVar [[r.SSS.HalfRes:0]]
[2025.05.26-12.03.41:236][  0]LogConfig: Setting CVar [[r.SSGI.Quality:3]]
[2025.05.26-12.03.41:236][  0]LogConfig: Setting CVar [[r.EmitterSpawnRateScale:1.0]]
[2025.05.26-12.03.41:236][  0]LogConfig: Setting CVar [[r.ParticleLightQuality:2]]
[2025.05.26-12.03.41:236][  0]LogConfig: Setting CVar [[r.SkyAtmosphere.AerialPerspectiveLUT.FastApplyOnOpaque:1 ; Always have FastSkyLUT 1 in this case to avoid wrong sky]]
[2025.05.26-12.03.41:236][  0]LogConfig: Setting CVar [[r.SkyAtmosphere.AerialPerspectiveLUT.SampleCountMaxPerSlice:4]]
[2025.05.26-12.03.41:236][  0]LogConfig: Setting CVar [[r.SkyAtmosphere.AerialPerspectiveLUT.DepthResolution:16.0]]
[2025.05.26-12.03.41:236][  0]LogConfig: Setting CVar [[r.SkyAtmosphere.FastSkyLUT:1]]
[2025.05.26-12.03.41:236][  0]LogConfig: Setting CVar [[r.SkyAtmosphere.FastSkyLUT.SampleCountMin:4.0]]
[2025.05.26-12.03.41:236][  0]LogConfig: Setting CVar [[r.SkyAtmosphere.FastSkyLUT.SampleCountMax:128.0]]
[2025.05.26-12.03.41:236][  0]LogConfig: Setting CVar [[r.SkyAtmosphere.SampleCountMin:4.0]]
[2025.05.26-12.03.41:236][  0]LogConfig: Setting CVar [[r.SkyAtmosphere.SampleCountMax:128.0]]
[2025.05.26-12.03.41:236][  0]LogConfig: Setting CVar [[r.SkyAtmosphere.TransmittanceLUT.UseSmallFormat:0]]
[2025.05.26-12.03.41:236][  0]LogConfig: Setting CVar [[r.SkyAtmosphere.TransmittanceLUT.SampleCount:10.0]]
[2025.05.26-12.03.41:236][  0]LogConfig: Setting CVar [[r.SkyAtmosphere.MultiScatteringLUT.SampleCount:15.0]]
[2025.05.26-12.03.41:236][  0]LogConfig: Setting CVar [[r.SkyLight.RealTimeReflectionCapture:1]]
[2025.05.26-12.03.41:236][  0]LogConfig: Applying CVar settings from Section [FoliageQuality@3] File [C:/Users/sasha/Documents/GitHub/unreal_project/Saved/Config/Windows/Scalability.ini]
[2025.05.26-12.03.41:236][  0]LogConfig: Setting CVar [[foliage.DensityScale:1.0]]
[2025.05.26-12.03.41:236][  0]LogConfig: Setting CVar [[grass.DensityScale:1.0]]
[2025.05.26-12.03.41:236][  0]LogConfig: Applying CVar settings from Section [ShadingQuality@3] File [C:/Users/sasha/Documents/GitHub/unreal_project/Saved/Config/Windows/Scalability.ini]
[2025.05.26-12.03.41:236][  0]LogConfig: Setting CVar [[r.HairStrands.SkyLighting.IntegrationType:2]]
[2025.05.26-12.03.41:236][  0]LogConfig: Setting CVar [[r.HairStrands.SkyAO.SampleCount:4]]
[2025.05.26-12.03.41:236][  0]LogConfig: Setting CVar [[r.HairStrands.Visibility.MSAA.SamplePerPixel:4]]
[2025.05.26-12.03.41:236][  0]LogInit: Selected Device Profile: [Windows]
[2025.05.26-12.03.41:236][  0]LogInit: Applying CVar settings loaded from the selected device profile: [Windows]
[2025.05.26-12.03.41:236][  0]LogHAL: Display: Platform has ~ 32 GB [34046914560 / 34359738368 / 32], which maps to Largest [LargestMinGB=32, LargerMinGB=12, DefaultMinGB=8, SmallerMinGB=6, SmallestMinGB=0)
[2025.05.26-12.03.41:236][  0]LogInit: Going up to parent DeviceProfile []
[2025.05.26-12.03.41:236][  0]LogConfig: Applying CVar settings from Section [ViewDistanceQuality@1] File [C:/Users/sasha/Documents/GitHub/unreal_project/Saved/Config/Windows/Scalability.ini]
[2025.05.26-12.03.41:236][  0]LogConfig: Setting CVar [[r.SkeletalMeshLODBias:1]]
[2025.05.26-12.03.41:236][  0]LogConfig: Setting CVar [[r.ViewDistanceScale:0.6]]
[2025.05.26-12.03.41:236][  0]LogConfig: Applying CVar settings from Section [AntiAliasingQuality@1] File [C:/Users/sasha/Documents/GitHub/unreal_project/Saved/Config/Windows/Scalability.ini]
[2025.05.26-12.03.41:236][  0]LogConfig: Setting CVar [[r.PostProcessAAQuality:2]]
[2025.05.26-12.03.41:236][  0]LogConfig: Applying CVar settings from Section [ShadowQuality@1] File [C:/Users/sasha/Documents/GitHub/unreal_project/Saved/Config/Windows/Scalability.ini]
[2025.05.26-12.03.41:236][  0]LogConfig: Setting CVar [[r.LightFunctionQuality:1]]
[2025.05.26-12.03.41:236][  0]LogConfig: Setting CVar [[r.ShadowQuality:3]]
[2025.05.26-12.03.41:236][  0]LogConfig: Setting CVar [[r.Shadow.CSM.MaxCascades:1]]
[2025.05.26-12.03.41:236][  0]LogConfig: Setting CVar [[r.Shadow.MaxResolution:1024]]
[2025.05.26-12.03.41:236][  0]LogConfig: Setting CVar [[r.Shadow.MaxCSMResolution:1024]]
[2025.05.26-12.03.41:236][  0]LogConfig: Setting CVar [[r.Shadow.RadiusThreshold:0.05]]
[2025.05.26-12.03.41:236][  0]LogConfig: Setting CVar [[r.Shadow.DistanceScale:0.7]]
[2025.05.26-12.03.41:236][  0]LogConfig: Setting CVar [[r.Shadow.CSM.TransitionScale:0.25]]
[2025.05.26-12.03.41:236][  0]LogConfig: Setting CVar [[r.Shadow.PreShadowResolutionFactor:0.5]]
[2025.05.26-12.03.41:236][  0]LogConfig: Setting CVar [[r.DistanceFieldShadowing:0]]
[2025.05.26-12.03.41:236][  0]LogConfig: Setting CVar [[r.DistanceFieldAO:0]]
[2025.05.26-12.03.41:236][  0]LogConfig: Setting CVar [[r.VolumetricFog:0]]
[2025.05.26-12.03.41:236][  0]LogConfig: Setting CVar [[r.LightMaxDrawDistanceScale:.5]]
[2025.05.26-12.03.41:236][  0]LogConfig: Setting CVar [[r.CapsuleShadows:1]]
[2025.05.26-12.03.41:236][  0]LogConfig: Applying CVar settings from Section [PostProcessQuality@1] File [C:/Users/sasha/Documents/GitHub/unreal_project/Saved/Config/Windows/Scalability.ini]
[2025.05.26-12.03.41:236][  0]LogConfig: Setting CVar [[r.MotionBlurQuality:3]]
[2025.05.26-12.03.41:236][  0]LogConfig: Setting CVar [[r.AmbientOcclusionMipLevelFactor:1.0]]
[2025.05.26-12.03.41:236][  0]LogConfig: Setting CVar [[r.AmbientOcclusionMaxQuality:60]]
[2025.05.26-12.03.41:236][  0]LogConfig: Setting CVar [[r.AmbientOcclusionLevels:-1]]
[2025.05.26-12.03.41:236][  0]LogConfig: Setting CVar [[r.AmbientOcclusionRadiusScale:1.5]]
[2025.05.26-12.03.41:236][  0]LogConfig: Setting CVar [[r.DepthOfFieldQuality:1]]
[2025.05.26-12.03.41:236][  0]LogConfig: Setting CVar [[r.RenderTargetPoolMin:350]]
[2025.05.26-12.03.41:236][  0]LogConfig: Setting CVar [[r.LensFlareQuality:0]]
[2025.05.26-12.03.41:236][  0]LogConfig: Setting CVar [[r.SceneColorFringeQuality:0]]
[2025.05.26-12.03.41:236][  0]LogConfig: Setting CVar [[r.EyeAdaptationQuality:2]]
[2025.05.26-12.03.41:236][  0]LogConfig: Setting CVar [[r.BloomQuality:4]]
[2025.05.26-12.03.41:236][  0]LogConfig: Setting CVar [[r.FastBlurThreshold:2]]
[2025.05.26-12.03.41:236][  0]LogConfig: Setting CVar [[r.Upscale.Quality:2]]
[2025.05.26-12.03.41:236][  0]LogConfig: Setting CVar [[r.Tonemapper.GrainQuantization:0]]
[2025.05.26-12.03.41:236][  0]LogConfig: Setting CVar [[r.LightShaftQuality:0]]
[2025.05.26-12.03.41:236][  0]LogConfig: Setting CVar [[r.Filter.SizeScale:0.7]]
[2025.05.26-12.03.41:236][  0]LogConfig: Setting CVar [[r.Tonemapper.Quality:2]]
[2025.05.26-12.03.41:236][  0]LogConfig: Setting CVar [[r.DOF.Gather.AccumulatorQuality:0        ; lower gathering accumulator quality]]
[2025.05.26-12.03.41:236][  0]LogConfig: Setting CVar [[r.DOF.Gather.PostfilterMethod:2          ; Max3x3 postfilering method]]
[2025.05.26-12.03.41:236][  0]LogConfig: Setting CVar [[r.DOF.Gather.EnableBokehSettings:0       ; no bokeh simulation when gathering]]
[2025.05.26-12.03.41:236][  0]LogConfig: Setting CVar [[r.DOF.Gather.RingCount:3                 ; low number of samples when gathering]]
[2025.05.26-12.03.41:236][  0]LogConfig: Setting CVar [[r.DOF.Scatter.ForegroundCompositing:0    ; no foreground scattering]]
[2025.05.26-12.03.41:236][  0]LogConfig: Setting CVar [[r.DOF.Scatter.BackgroundCompositing:0    ; no foreground scattering]]
[2025.05.26-12.03.41:236][  0]LogConfig: Setting CVar [[r.DOF.Recombine.Quality:0                ; no slight out of focus]]
[2025.05.26-12.03.41:236][  0]LogConfig: Setting CVar [[r.DOF.TemporalAAQuality:0                ; faster temporal accumulation]]
[2025.05.26-12.03.41:236][  0]LogConfig: Setting CVar [[r.DOF.Kernel.MaxForegroundRadius:0.006   ; required because low gathering and no scattering and not looking great at 1080p]]
[2025.05.26-12.03.41:236][  0]LogConfig: Setting CVar [[r.DOF.Kernel.MaxBackgroundRadius:0.006   ; required because low gathering and no scattering and not looking great at 1080p]]
[2025.05.26-12.03.41:236][  0]LogConfig: Applying CVar settings from Section [TextureQuality@1] File [C:/Users/sasha/Documents/GitHub/unreal_project/Saved/Config/Windows/Scalability.ini]
[2025.05.26-12.03.41:236][  0]LogConfig: Setting CVar [[r.Streaming.MipBias:1]]
[2025.05.26-12.03.41:236][  0]LogConfig: Setting CVar [[r.Streaming.AmortizeCPUToGPUCopy:0]]
[2025.05.26-12.03.41:236][  0]LogConfig: Setting CVar [[r.Streaming.MaxNumTexturesToStreamPerFrame:0]]
[2025.05.26-12.03.41:236][  0]LogConfig: Setting CVar [[r.Streaming.Boost:1]]
[2025.05.26-12.03.41:236][  0]LogConfig: Setting CVar [[r.MaxAnisotropy:2]]
[2025.05.26-12.03.41:236][  0]LogConfig: Setting CVar [[r.VT.MaxAnisotropy:4]]
[2025.05.26-12.03.41:236][  0]LogConfig: Setting CVar [[r.Streaming.LimitPoolSizeToVRAM:1]]
[2025.05.26-12.03.41:236][  0]LogConfig: Setting CVar [[r.Streaming.PoolSize:600]]
[2025.05.26-12.03.41:236][  0]LogConfig: Setting CVar [[r.Streaming.MaxEffectiveScreenSize:0]]
[2025.05.26-12.03.41:236][  0]LogConfig: Applying CVar settings from Section [EffectsQuality@1] File [C:/Users/sasha/Documents/GitHub/unreal_project/Saved/Config/Windows/Scalability.ini]
[2025.05.26-12.03.41:236][  0]LogConfig: Setting CVar [[r.TranslucencyLightingVolumeDim:32]]
[2025.05.26-12.03.41:236][  0]LogConfig: Setting CVar [[r.RefractionQuality:0]]
[2025.05.26-12.03.41:236][  0]LogConfig: Setting CVar [[r.SSR.Quality:0]]
[2025.05.26-12.03.41:236][  0]LogConfig: Setting CVar [[r.SSR.HalfResSceneColor:1]]
[2025.05.26-12.03.41:236][  0]LogConfig: Setting CVar [[r.SceneColorFormat:3]]
[2025.05.26-12.03.41:236][  0]LogConfig: Setting CVar [[r.DetailMode:1]]
[2025.05.26-12.03.41:236][  0]LogConfig: Setting CVar [[r.TranslucencyVolumeBlur:0]]
[2025.05.26-12.03.41:236][  0]LogConfig: Setting CVar [[r.MaterialQualityLevel:2 ; Medium quality]]
[2025.05.26-12.03.41:237][  0]LogConfig: Setting CVar [[r.AnisotropicMaterials:0]]
[2025.05.26-12.03.41:237][  0]LogConfig: Setting CVar [[r.SSS.Scale:0.75]]
[2025.05.26-12.03.41:237][  0]LogConfig: Setting CVar [[r.SSS.SampleSet:0]]
[2025.05.26-12.03.41:237][  0]LogConfig: Setting CVar [[r.SSS.Quality:0]]
[2025.05.26-12.03.41:237][  0]LogConfig: Setting CVar [[r.SSS.HalfRes:1]]
[2025.05.26-12.03.41:237][  0]LogConfig: Setting CVar [[r.SSGI.Quality:1]]
[2025.05.26-12.03.41:237][  0]LogConfig: Setting CVar [[r.EmitterSpawnRateScale:0.25]]
[2025.05.26-12.03.41:237][  0]LogConfig: Setting CVar [[r.ParticleLightQuality:0]]
[2025.05.26-12.03.41:237][  0]LogConfig: Setting CVar [[r.SkyAtmosphere.AerialPerspectiveLUT.FastApplyOnOpaque:1 ; Always have FastSkyLUT 1 in this case to avoid wrong sky]]
[2025.05.26-12.03.41:237][  0]LogConfig: Setting CVar [[r.SkyAtmosphere.AerialPerspectiveLUT.SampleCountMaxPerSlice:1]]
[2025.05.26-12.03.41:237][  0]LogConfig: Setting CVar [[r.SkyAtmosphere.AerialPerspectiveLUT.DepthResolution:16.0]]
[2025.05.26-12.03.41:237][  0]LogConfig: Setting CVar [[r.SkyAtmosphere.FastSkyLUT:1]]
[2025.05.26-12.03.41:237][  0]LogConfig: Setting CVar [[r.SkyAtmosphere.FastSkyLUT.SampleCountMin:4.0]]
[2025.05.26-12.03.41:237][  0]LogConfig: Setting CVar [[r.SkyAtmosphere.FastSkyLUT.SampleCountMax:32.0]]
[2025.05.26-12.03.41:237][  0]LogConfig: Setting CVar [[r.SkyAtmosphere.SampleCountMin:4.0]]
[2025.05.26-12.03.41:237][  0]LogConfig: Setting CVar [[r.SkyAtmosphere.SampleCountMax:32.0]]
[2025.05.26-12.03.41:237][  0]LogConfig: Setting CVar [[r.SkyAtmosphere.TransmittanceLUT.UseSmallFormat:0]]
[2025.05.26-12.03.41:237][  0]LogConfig: Setting CVar [[r.SkyAtmosphere.TransmittanceLUT.SampleCount:10.0]]
[2025.05.26-12.03.41:237][  0]LogConfig: Setting CVar [[r.SkyAtmosphere.MultiScatteringLUT.SampleCount:15.0]]
[2025.05.26-12.03.41:237][  0]LogConfig: Setting CVar [[r.SkyLight.RealTimeReflectionCapture:0]]
[2025.05.26-12.03.41:237][  0]LogConfig: Applying CVar settings from Section [FoliageQuality@1] File [C:/Users/sasha/Documents/GitHub/unreal_project/Saved/Config/Windows/Scalability.ini]
[2025.05.26-12.03.41:237][  0]LogConfig: Setting CVar [[foliage.DensityScale:0.4]]
[2025.05.26-12.03.41:237][  0]LogConfig: Setting CVar [[grass.DensityScale:0.4]]
[2025.05.26-12.03.41:237][  0]LogConfig: Applying CVar settings from Section [ShadingQuality@1] File [C:/Users/sasha/Documents/GitHub/unreal_project/Saved/Config/Windows/Scalability.ini]
[2025.05.26-12.03.41:237][  0]LogConfig: Setting CVar [[r.HairStrands.SkyLighting.IntegrationType:2]]
[2025.05.26-12.03.41:237][  0]LogConfig: Setting CVar [[r.HairStrands.SkyAO.SampleCount:4]]
[2025.05.26-12.03.41:237][  0]LogConfig: Setting CVar [[r.HairStrands.Visibility.MSAA.SamplePerPixel:1]]
[2025.05.26-12.03.41:237][  0]LogConfig: Applying CVar settings from Section [Startup] File [../../../Engine/Config/ConsoleVariables.ini]
[2025.05.26-12.03.41:237][  0]LogConfig: Setting CVar [[net.UseAdaptiveNetUpdateFrequency:0]]
[2025.05.26-12.03.41:237][  0]LogConfig: Setting CVar [[p.chaos.AllowCreatePhysxBodies:1]]
[2025.05.26-12.03.41:237][  0]LogConfig: Setting CVar [[fx.SkipVectorVMBackendOptimizations:1]]
[2025.05.26-12.03.41:237][  0]LogConfig: Applying CVar settings from Section [ConsoleVariables] File [C:/Users/sasha/Documents/GitHub/unreal_project/Saved/Config/Windows/Engine.ini]
[2025.05.26-12.03.41:237][  0]LogConfig: Applying CVar settings from Section [ConsoleVariables] File [C:/Users/sasha/Documents/GitHub/unreal_project/Saved/Config/Windows/Editor.ini]
[2025.05.26-12.03.41:237][  0]LogInit: Computer: ALEXF
[2025.05.26-12.03.41:237][  0]LogInit: User: sasha
[2025.05.26-12.03.41:237][  0]LogInit: CPU Page size=4096, Cores=6
[2025.05.26-12.03.41:237][  0]LogInit: High frequency timer resolution =10.000000 MHz
[2025.05.26-12.03.41:237][  0]LogMemory: Memory total: Physical=31.7GB (32GB approx)
[2025.05.26-12.03.41:237][  0]LogMemory: Platform Memory Stats for Windows
[2025.05.26-12.03.41:237][  0]LogMemory: Process Physical Memory: 148.51 MB used, 148.51 MB peak
[2025.05.26-12.03.41:237][  0]LogMemory: Process Virtual Memory: 123.85 MB used, 123.85 MB peak
[2025.05.26-12.03.41:237][  0]LogMemory: Physical Memory: 8183.89 MB used,  24285.78 MB free, 32469.67 MB total
[2025.05.26-12.03.41:237][  0]LogMemory: Virtual Memory: 134187992.00 MB used,  29732.94 MB free, 134217728.00 MB total
[2025.05.26-12.03.41:260][  0]LogWindows: WindowsPlatformFeatures enabled
[2025.05.26-12.03.41:295][  0]LogInit: Physics initialised using underlying interface: PhysX
[2025.05.26-12.03.41:296][  0]LogInit: Using OS detected language (ru-RU).
[2025.05.26-12.03.41:296][  0]LogInit: Using OS detected locale (ru-RU).
[2025.05.26-12.03.41:299][  0]LogTextLocalizationManager: No specific localization for 'ru-RU' exists, so the 'ru' localization will be used.
[2025.05.26-12.03.41:299][  0]LogTextLocalizationResource: LocRes '../../../Engine/Content/Localization/Editor/ru/Editor.locres' could not be opened for reading!
[2025.05.26-12.03.41:299][  0]LogTextLocalizationResource: LocRes '../../../Engine/Content/Localization/EditorTutorials/ru/EditorTutorials.locres' could not be opened for reading!
[2025.05.26-12.03.41:299][  0]LogTextLocalizationResource: LocRes '../../../Engine/Content/Localization/Keywords/ru/Keywords.locres' could not be opened for reading!
[2025.05.26-12.03.41:299][  0]LogTextLocalizationResource: LocRes '../../../Engine/Content/Localization/Category/ru/Category.locres' could not be opened for reading!
[2025.05.26-12.03.41:299][  0]LogTextLocalizationResource: LocRes '../../../Engine/Content/Localization/ToolTips/ru/ToolTips.locres' could not be opened for reading!
[2025.05.26-12.03.41:299][  0]LogTextLocalizationResource: LocRes '../../../Engine/Content/Localization/PropertyNames/ru/PropertyNames.locres' could not be opened for reading!
[2025.05.26-12.03.41:299][  0]LogTextLocalizationResource: LocRes '../../../Engine/Content/Localization/Engine/ru/Engine.locres' could not be opened for reading!
[2025.05.26-12.03.41:301][  0]LogInit: Setting process to per monitor DPI aware
[2025.05.26-12.03.41:310][  0]LogWindowsTextInputMethodSystem: Display: IME system deactivated.
[2025.05.26-12.03.41:319][  0]LogSlate: New Slate User Created.  User Index 0, Is Virtual User: 0
[2025.05.26-12.03.41:319][  0]LogSlate: Slate User Registered.  User Index 0, Is Virtual User: 0
[2025.05.26-12.03.41:438][  0]LogD3D11RHI: Loaded GFSDK_Aftermath_Lib.x64.dll
[2025.05.26-12.03.41:504][  0]LogHMD: Optional extension XR_VARJO_quad_views is not available
[2025.05.26-12.03.41:514][  0]LogHMD: Failed to create an OpenXR instance, result is XR_ERROR_RUNTIME_FAILURE. Please check if you have an OpenXR runtime installed. The following extensions were enabled:
[2025.05.26-12.03.41:514][  0]LogHMD: - XR_KHR_D3D11_enable
[2025.05.26-12.03.41:514][  0]LogHMD: - XR_KHR_D3D12_enable
[2025.05.26-12.03.41:514][  0]LogHMD: - XR_KHR_opengl_enable
[2025.05.26-12.03.41:514][  0]LogHMD: - XR_KHR_vulkan_enable
[2025.05.26-12.03.41:514][  0]LogHMD: - XR_KHR_composition_layer_depth
[2025.05.26-12.03.41:514][  0]LogHMD: - XR_KHR_visibility_mask
[2025.05.26-12.03.41:514][  0]LogHMD: - XR_EXT_hand_tracking
[2025.05.26-12.03.41:514][  0]LogHMD: - XR_EXT_eye_gaze_interaction
[2025.05.26-12.03.41:514][  0]LogD3D11RHI: D3D11 min allowed feature level: 11_0
[2025.05.26-12.03.41:514][  0]LogD3D11RHI: D3D11 max allowed feature level: 11_0
[2025.05.26-12.03.41:514][  0]LogD3D11RHI: D3D11 adapters:
[2025.05.26-12.03.41:627][  0]LogD3D11RHI:    0. 'NVIDIA GeForce RTX 3050 Ti Laptop GPU' (Feature Level 11_0)
[2025.05.26-12.03.41:627][  0]LogD3D11RHI:       3965/0/16234 MB DedicatedVideo/DedicatedSystem/SharedSystem, Outputs:1, VendorId:0x10de
[2025.05.26-12.03.41:655][  0]LogD3D11RHI:    1. 'Intel(R) UHD Graphics' (Feature Level 11_0)
[2025.05.26-12.03.41:655][  0]LogD3D11RHI:       128/0/16234 MB DedicatedVideo/DedicatedSystem/SharedSystem, Outputs:0, VendorId:0x8086
[2025.05.26-12.03.41:658][  0]LogD3D11RHI:    2. 'Microsoft Basic Render Driver' (Feature Level 11_0)
[2025.05.26-12.03.41:658][  0]LogD3D11RHI:       0/0/16234 MB DedicatedVideo/DedicatedSystem/SharedSystem, Outputs:0, VendorId:0x1414
[2025.05.26-12.03.41:658][  0]LogD3D11RHI: Chosen D3D11 Adapter:
[2025.05.26-12.03.41:658][  0]LogD3D11RHI:     Description : NVIDIA GeForce RTX 3050 Ti Laptop GPU
[2025.05.26-12.03.41:658][  0]LogD3D11RHI:     VendorId    : 10de
[2025.05.26-12.03.41:658][  0]LogD3D11RHI:     DeviceId    : 25a0
[2025.05.26-12.03.41:658][  0]LogD3D11RHI:     SubSysId    : 132e1462
[2025.05.26-12.03.41:658][  0]LogD3D11RHI:     Revision    : 00a1
[2025.05.26-12.03.41:658][  0]LogD3D11RHI:     DedicatedVideoMemory : 4157603840 bytes
[2025.05.26-12.03.41:658][  0]LogD3D11RHI:     DedicatedSystemMemory : 0 bytes
[2025.05.26-12.03.41:658][  0]LogD3D11RHI:     SharedSystemMemory : 17023457280 bytes
[2025.05.26-12.03.41:658][  0]LogD3D11RHI:     AdapterLuid : 0 62585
[2025.05.26-12.03.41:662][  0]LogD3D11RHI: Creating new Direct3DDevice
[2025.05.26-12.03.41:662][  0]LogD3D11RHI:     GPU DeviceId: 0x25a0 (for the marketing name, search the web for "GPU Device Id")
[2025.05.26-12.03.41:662][  0]LogWindows: EnumDisplayDevices:
[2025.05.26-12.03.41:663][  0]LogWindows:    0. 'Intel(R) UHD Graphics' (P:1 D:1)
[2025.05.26-12.03.41:663][  0]LogWindows:    1. 'Intel(R) UHD Graphics' (P:0 D:0)
[2025.05.26-12.03.41:663][  0]LogWindows:    2. 'Intel(R) UHD Graphics' (P:0 D:0)
[2025.05.26-12.03.41:663][  0]LogWindows:    3. 'Intel(R) UHD Graphics' (P:0 D:0)
[2025.05.26-12.03.41:663][  0]LogWindows: DebugString: PrimaryIsNotTheChoosenAdapter PrimaryIsNotTheChoosenAdapter PrimaryIsNotTheChoosenAdapter PrimaryIsNotTheChoosenAdapter FoundDriverCount:0 
[2025.05.26-12.03.41:663][  0]LogD3D11RHI:     Adapter Name: NVIDIA GeForce RTX 3050 Ti Laptop GPU
[2025.05.26-12.03.41:663][  0]LogD3D11RHI:   Driver Version: Unknown (internal:Unknown, unified:Unknown)
[2025.05.26-12.03.41:663][  0]LogD3D11RHI:      Driver Date: Unknown
[2025.05.26-12.03.41:663][  0]LogRHI: Texture pool is 2775 MB (70% of 3965 MB)
[2025.05.26-12.03.41:663][  0]LogD3D11RHI: Creating D3DDevice using adapter:
[2025.05.26-12.03.41:663][  0]LogD3D11RHI:     Description : NVIDIA GeForce RTX 3050 Ti Laptop GPU
[2025.05.26-12.03.41:663][  0]LogD3D11RHI:     VendorId    : 10de
[2025.05.26-12.03.41:663][  0]LogD3D11RHI:     DeviceId    : 25a0
[2025.05.26-12.03.41:663][  0]LogD3D11RHI:     SubSysId    : 132e1462
[2025.05.26-12.03.41:663][  0]LogD3D11RHI:     Revision    : 00a1
[2025.05.26-12.03.41:663][  0]LogD3D11RHI:     DedicatedVideoMemory : 4157603840 bytes
[2025.05.26-12.03.41:663][  0]LogD3D11RHI:     DedicatedSystemMemory : 0 bytes
[2025.05.26-12.03.41:663][  0]LogD3D11RHI:     SharedSystemMemory : 17023457280 bytes
[2025.05.26-12.03.41:663][  0]LogD3D11RHI:     AdapterLuid : 0 62585
[2025.05.26-12.03.41:736][  0]LogD3D11RHI: RHI has support for 64 bit atomics
[2025.05.26-12.03.41:736][  0]LogD3D11RHI: Async texture creation enabled
[2025.05.26-12.03.41:736][  0]LogD3D11RHI: Array index from any shader is supported
[2025.05.26-12.03.41:756][  0]LogD3D11RHI: GPU Timing Frequency: 1000.000000 (Debug: 2 2)
[2025.05.26-12.03.41:781][  0]LogRHI: GeForceNow SDK initialized: 1
[2025.05.26-12.03.42:016][  0]LogTargetPlatformManager: Display: Loaded TargetPlatform 'AllDesktop'
[2025.05.26-12.03.42:032][  0]LogTargetPlatformManager: Display: Loaded TargetPlatform 'Android'
[2025.05.26-12.03.42:032][  0]LogTargetPlatformManager: Display: Loaded TargetPlatform 'Android_ASTC'
[2025.05.26-12.03.42:032][  0]LogTargetPlatformManager: Display: Loaded TargetPlatform 'Android_DXT'
[2025.05.26-12.03.42:032][  0]LogTargetPlatformManager: Display: Loaded TargetPlatform 'Android_ETC2'
[2025.05.26-12.03.42:032][  0]LogTargetPlatformManager: Display: Loaded TargetPlatform 'AndroidClient'
[2025.05.26-12.03.42:032][  0]LogTargetPlatformManager: Display: Loaded TargetPlatform 'Android_ASTCClient'
[2025.05.26-12.03.42:032][  0]LogTargetPlatformManager: Display: Loaded TargetPlatform 'Android_DXTClient'
[2025.05.26-12.03.42:032][  0]LogTargetPlatformManager: Display: Loaded TargetPlatform 'Android_ETC2Client'
[2025.05.26-12.03.42:032][  0]LogTargetPlatformManager: Display: Loaded TargetPlatform 'Android_Multi'
[2025.05.26-12.03.42:032][  0]LogTargetPlatformManager: Display: Loaded TargetPlatform 'Android_MultiClient'
[2025.05.26-12.03.42:046][  0]LogTargetPlatformManager: Display: Loaded TargetPlatform 'IOSClient'
[2025.05.26-12.03.42:046][  0]LogTargetPlatformManager: Display: Loaded TargetPlatform 'IOS'
[2025.05.26-12.03.42:053][  0]LogTargetPlatformManager: Display: Loaded TargetPlatform 'Linux'
[2025.05.26-12.03.42:057][  0]LogTargetPlatformManager: Display: Loaded TargetPlatform 'LinuxNoEditor'
[2025.05.26-12.03.42:061][  0]LogTargetPlatformManager: Display: Loaded TargetPlatform 'LinuxClient'
[2025.05.26-12.03.42:064][  0]LogTargetPlatformManager: Display: Loaded TargetPlatform 'LinuxServer'
[2025.05.26-12.03.42:072][  0]LogTargetPlatformManager: Display: Loaded TargetPlatform 'LinuxAArch64NoEditor'
[2025.05.26-12.03.42:075][  0]LogTargetPlatformManager: Display: Loaded TargetPlatform 'LinuxAArch64Client'
[2025.05.26-12.03.42:079][  0]LogTargetPlatformManager: Display: Loaded TargetPlatform 'LinuxAArch64Server'
[2025.05.26-12.03.42:098][  0]LogTargetPlatformManager: Display: Loaded TargetPlatform 'Lumin'
[2025.05.26-12.03.42:098][  0]LogTargetPlatformManager: Display: Loaded TargetPlatform 'LuminClient'
[2025.05.26-12.03.42:105][  0]LogTargetPlatformManager: Display: Loaded TargetPlatform 'MacNoEditor'
[2025.05.26-12.03.42:108][  0]LogTargetPlatformManager: Display: Loaded TargetPlatform 'Mac'
[2025.05.26-12.03.42:112][  0]LogTargetPlatformManager: Display: Loaded TargetPlatform 'MacClient'
[2025.05.26-12.03.42:115][  0]LogTargetPlatformManager: Display: Loaded TargetPlatform 'MacServer'
[2025.05.26-12.03.42:123][  0]LogTargetPlatformManager: Display: Loaded TargetPlatform 'TVOSClient'
[2025.05.26-12.03.42:123][  0]LogTargetPlatformManager: Display: Loaded TargetPlatform 'TVOS'
[2025.05.26-12.03.42:130][  0]LogTargetPlatformManager: Display: Loaded TargetPlatform 'WindowsNoEditor'
[2025.05.26-12.03.42:134][  0]LogTargetPlatformManager: Display: Loaded TargetPlatform 'Windows'
[2025.05.26-12.03.42:138][  0]LogTargetPlatformManager: Display: Loaded TargetPlatform 'WindowsClient'
[2025.05.26-12.03.42:142][  0]LogTargetPlatformManager: Display: Loaded TargetPlatform 'WindowsServer'
[2025.05.26-12.03.42:142][  0]LogTargetPlatformManager: Display: Building Assets For Windows
[2025.05.26-12.03.42:148][  0]LogAudioDebug: Display: Lib vorbis DLL was dynamically loaded.
[2025.05.26-12.03.42:173][  0]LogTextureFormatOodle: Display: Oodle Texture 2.9.0 init RDO Off
[2025.05.26-12.03.42:201][  0]LogRendererCore: Ray tracing is disabled. Reason: r.RayTracing=0.
[2025.05.26-12.03.42:201][  0]LogShaderCompilers: Guid format shader working directory is -16 characters bigger than the processId version (../../../../../../Users/sasha/Documents/GitHub/unreal_project/Intermediate/Shaders/WorkingDirectory/12036/).
[2025.05.26-12.03.42:201][  0]LogShaderCompilers: Cleaned the shader compiler working directory 'C:/Users/sasha/AppData/Local/Temp/UnrealShaderWorkingDir/52AC498F4177FB3862EBFD905BA60887/'.
[2025.05.26-12.03.42:201][  0]LogXGEController: Cannot use XGE Controller as Incredibuild is not installed on this machine.
[2025.05.26-12.03.42:201][  0]LogShaderCompilers: Cannot use XGE Shader Compiler as Incredibuild is not installed on this machine.
[2025.05.26-12.03.42:201][  0]LogShaderCompilers: Display: Using Local Shader Compiler.
[2025.05.26-12.03.42:799][  0]LogDerivedDataCache: Display: Max Cache Size: 512 MB
[2025.05.26-12.03.42:845][  0]LogDerivedDataCache: Loaded boot cache 0.05s 96MB C:/Users/sasha/AppData/Local/UnrealEngine/4.27/DerivedDataCache/Boot.ddc.
[2025.05.26-12.03.42:845][  0]LogDerivedDataCache: Display: Loaded Boot cache: C:/Users/sasha/AppData/Local/UnrealEngine/4.27/DerivedDataCache/Boot.ddc
[2025.05.26-12.03.42:845][  0]LogDerivedDataCache: FDerivedDataBackendGraph:  Pak pak cache file ../../../../../../Users/sasha/Documents/GitHub/unreal_project/DerivedDataCache/DDC.ddp not found, will not use a pak cache.
[2025.05.26-12.03.42:845][  0]LogDerivedDataCache: Unable to find inner node Pak for hierarchical cache Hierarchy.
[2025.05.26-12.03.42:845][  0]LogDerivedDataCache: FDerivedDataBackendGraph:  CompressedPak pak cache file ../../../../../../Users/sasha/Documents/GitHub/unreal_project/DerivedDataCache/Compressed.ddp not found, will not use a pak cache.
[2025.05.26-12.03.42:845][  0]LogDerivedDataCache: Unable to find inner node CompressedPak for hierarchical cache Hierarchy.
[2025.05.26-12.03.42:858][  0]LogDerivedDataCache: Display: Pak cache opened for reading ../../../Engine/DerivedDataCache/Compressed.ddp.
[2025.05.26-12.03.42:858][  0]LogDerivedDataCache: FDerivedDataBackendGraph:  EnterprisePak pak cache file ../../../Enterprise/DerivedDataCache/Compressed.ddp not found, will not use a pak cache.
[2025.05.26-12.03.42:858][  0]LogDerivedDataCache: Unable to find inner node EnterprisePak for hierarchical cache Hierarchy.
[2025.05.26-12.03.42:866][  0]LogDerivedDataCache: Speed tests for C:/Users/sasha/AppData/Local/UnrealEngine/Common/DerivedDataCache took 0.01 seconds
[2025.05.26-12.03.42:866][  0]LogDerivedDataCache: Display: Performance to C:/Users/sasha/AppData/Local/UnrealEngine/Common/DerivedDataCache: Latency=0.01ms. RandomReadSpeed=1119.03MBs, RandomWriteSpeed=125.93MBs. Assigned SpeedClass 'Local'
[2025.05.26-12.03.42:867][  0]LogDerivedDataCache: Using Local data cache path C:/Users/sasha/AppData/Local/UnrealEngine/Common/DerivedDataCache: Writable
[2025.05.26-12.03.42:867][  0]LogDerivedDataCache: Shared data cache path not found in *engine.ini, will not use an Shared cache.
[2025.05.26-12.03.42:867][  0]LogDerivedDataCache: Unable to find inner node Shared for hierarchical cache Hierarchy.
[2025.05.26-12.03.42:904][  0]LogSlate: Using FreeType 2.10.0
[2025.05.26-12.03.42:904][  0]LogSlate: SlateFontServices - WITH_FREETYPE: 1, WITH_HARFBUZZ: 1
[2025.05.26-12.03.42:927][  0]LogHMD: Optional extension XR_VARJO_quad_views is not available
[2025.05.26-12.03.42:935][  0]LogHMD: Failed to create an OpenXR instance, result is XR_ERROR_RUNTIME_FAILURE. Please check if you have an OpenXR runtime installed. The following extensions were enabled:
[2025.05.26-12.03.42:935][  0]LogHMD: - XR_KHR_D3D11_enable
[2025.05.26-12.03.42:935][  0]LogHMD: - XR_KHR_D3D12_enable
[2025.05.26-12.03.42:935][  0]LogHMD: - XR_KHR_opengl_enable
[2025.05.26-12.03.42:935][  0]LogHMD: - XR_KHR_vulkan_enable
[2025.05.26-12.03.42:935][  0]LogHMD: - XR_KHR_composition_layer_depth
[2025.05.26-12.03.42:935][  0]LogHMD: - XR_KHR_visibility_mask
[2025.05.26-12.03.42:935][  0]LogHMD: - XR_EXT_hand_tracking
[2025.05.26-12.03.42:935][  0]LogHMD: - XR_EXT_eye_gaze_interaction
[2025.05.26-12.03.42:955][  0]LogAssetRegistry: FAssetRegistry took 0.0023 seconds to start up
[2025.05.26-12.03.43:128][  0]LogInit: Selected Device Profile: [Windows]
[2025.05.26-12.03.43:128][  0]LogInit: Active device profile: [000001BF97061E00][000001BF93612740 49] Windows
[2025.05.26-12.03.43:128][  0]LogInit: Profiles: [000001BF97061E00][000001BF93612740 49] Windows, [000001BF9702B800][000001BF9361A8C0 49] WindowsNoEditor, [000001BF97061C00][000001BF93616A00 49] WindowsServer, [000001BF97028300][000001BF8FB38B40 49] WindowsClient, [000001BF97060400][000001BF8FB3CC80 49] IOS, [000001BF9702BF00][000001BF8FB40DC0 49] iPadAir, [000001BF97061400][000001BF8FB48F40 49] iPadAir2, [000001BF96F51500][000001BF8FB55200 49] IPadPro, [000001BF96F51600][000001BF8FB4D240 49] iPadAir3, [000001BF97063800][000001BF933C93C0 49] iPadAir4, [000001BF96F53000][000001BF9678F540 49] iPadMini2, [000001BF97060C00][000001BF9340D6C0 49] iPadMini3, [000001BF96F51D00][000001BF93435840 49] iPadMini4, [000001BF97062800][000001BF933C59C0 49] iPadMini5, [000001BF96F68E00][000001BF8EE7C100 49] iPhone6, [000001BF96F68F00][000001BF8EE78140 49] iPodTouch6, [000001BF9702BD00][000001BF8EE88400 49] iPhone7, [000001BF9702BE00][000001BF8EE80440 49] iPodTouch7, [000001BF96F68200][000001BF8F8FE5C0 49] iPhone5S, [000001BF96F53F00][000001BF8F906740 49] iPhone6Plus, [000001BF96F6AE00][000001BF8F90A8C0 49] iPhone6S, [000001BF96F51200][000001BF8F90EA40 49] iPhone6SPlus, [000001BF97028100][000001BF8FB44B80 49] iPhone7Plus, [000001BF96F52500][000001BF97CB2CC0 49] iPhoneSE, [000001BF9702A800][000001BF97CBAE00 49] iPhone8, [000001BF96F50600][000001BF8F92AF40 49] iPhone8Plus, [000001BF97028F00][000001BF966C70C0 49] iPhoneX, [000001BF96F50C00][000001BF96705240 49] iPhoneXS, [000001BF97029700][000001BF967093C0 49] iPhoneXSMax, [000001BF96F51100][000001BF9677D540 49] iPhoneXR, [000001BF9702AE00][000001BF967816C0 49] iPhone11, [000001BF96F53700][000001BF93285840 49] iPhone11Pro, [000001BF9702A200][000001BF932899C0 49] iPhone11ProMax, [000001BF96F53900][000001BF933BFB40 49] iPhoneSE2, [000001BF97028A00][000001BF9328C140 49] iPhone12Mini, [000001BF96F50100][000001BF932902C0 49] iPhone12, [000001BF9702B300][000001BF93294440 49] iPhone12Pro, [000001BF96F50E00][000001BF932985C0 49] iPhone12ProMax, [000001BF97029F00][000001BF8F894740 49] iPadPro105, [000001BF96F52000][000001BF8F8D08C0 49] iPadPro129, [000001BF97028700][000001BF979B0A40 49] iPadPro97, [000001BF96F50900][000001BF979C8BC0 49] iPadPro2_129, [000001BF9702AD00][000001BF97A0CD40 49] iPad5, [000001BF96F53E00][000001BF966C2E80 49] iPad6, [000001BF97028400][000001BF97A18FC0 49] iPad7, [000001BF96F51300][000001BF97E89100 49] iPad8, [000001BF97028D00][000001BF97EA1280 49] iPadPro11, [000001BF96F52B00][000001BF97FC9400 49] iPadPro2_11, [000001BF97029900][000001BF97FCD580 49] iPadPro3_129, [000001BF96F52A00][000001BF97FD1700 49] iPadPro4_129, [000001BF9702A700][000001BF97FD9880 49] AppleTV, [000001BF96F53300][000001BF97FDDA00 49] AppleTV4K, [000001BF9702B700][000001BF97FE1B80 49] TVOS, [000001BF96F52E00][000001BF97FE4180 49] Mac, [000001BF97029400][000001BF97FE8300 49] MacClient, [000001BF96F53500][000001BF97FEC480 49] MacNoEditor, [000001BF97028C00][000001BF9670C600 49] MacServer, [000001BF96F53600][000001BF96710780 49] Linux, [000001BF9702B400][000001BF96714900 49] LinuxAArch64, [000001BF96F53A00][000001BF96718A80 49] LinuxNoEditor, [000001BF97029000][000001BF93240C00 49] LinuxAArch64NoEditor, [000001BF96F52100][000001BF93250D80 49] LinuxClient, [000001BF97028200][000001BF93254F00 49] LinuxAArch64Client, [000001BF96F50A00][000001BF97E9D040 49] LinuxServer, [000001BF97029E00][000001BF980C3180 49] LinuxAArch64Server, [000001BF96F53B00][000001BF980C72C0 49] Android, [000001BF9702A000][000001BF93261440 49] Android_Low, [000001BF96F50700][000001BF932655C0 49] Android_Mid, [000001BF9702B600][000001BF93269740 49] Android_High, [000001BF96F51F00][000001BF9326D8C0 49] Android_Default, [000001BF97062500][000001BF93271A40 49] Android_Adreno4xx, [000001BF96F6B700][000001BF9327FBC0 49] Android_Adreno5xx_Low, [000001BF97060700][000001BF9675A1C0 49] Android_Adreno5xx, [000001BF96F6B400][000001BF9675E340 49] Android_Adreno6xx, [000001BF97062900][000001BF967624C0 49] Android_Adreno6xx_Vulkan, [000001BF96F68C00][000001BF97CB6640 49] Android_Mali_T6xx, [000001BF97063000][000001BF967667C0 49] Android_Mali_T7xx, [000001BF96F6B500][000001BF9676A940 49] Android_Mali_T8xx, [000001BF97061100][000001BF9676EAC0 49] Android_Mali_G71, [000001BF96F68100][000001BF93274C40 49] Android_Mali_G72, [000001BF97060800][000001BF96772DC0 49] Android_Mali_G72_Vulkan, [000001BF96F68700][000001BF96776F40 49] Android_Mali_G76, [000001BF97062700][000001BF933A70C0 49] Android_Mali_G76_Vulkan, [000001BF96F6B900][000001BF980CB200 49] Android_Mali_G77, [000001BF97063200][000001BF933AB340 49] Android_Mali_G77_Vulkan, [000001BF96F69100][000001BF933AF480 49] Android_Mali_G78, [000001BF97060100][000001BF97A155C0 49] Android_Mali_G78_Vulkan, [000001BF96F68600][000001BF979C5740 49] Android_Mali_G710, [000001BF97061800][000001BF979BB8C0 49] Android_Mali_G710_Vulkan, [000001BF96F68900][000001BF979A7A40 49] Android_Vulkan_SM5, [000001BF97063500][000001BF9799DBC0 49] Android_PowerVR_G6xxx, [000001BF96F6AC00][000001BF979921C0 49] Android_PowerVR_GT7xxx, [000001BF97062B00][000001BF9798E340 49] Android_PowerVR_GE8xxx, [000001BF96F6A600][000001BF8F8CC4C0 49] Android_PowerVR_GM9xxx, [000001BF97062100][000001BF8F8C8640 49] Android_PowerVR_GM9xxx_Vulkan, [000001BF96F53200][000001BF9329C7C0 49] Android_TegraK1, [000001BF97063A00][000001BF97CAE940 49] Android_Unknown_Vulkan, [000001BF96F50400][000001BF97FD4AC0 49] Lumin, [000001BF97063900][000001BF933B2C40 49] Lumin_Desktop, [000001BF96F50500][000001BF933B6DC0 49] HoloLens, 
[2025.05.26-12.03.43:229][  0]LogMeshReduction: Using QuadricMeshReduction for automatic static mesh reduction
[2025.05.26-12.03.43:229][  0]LogMeshReduction: Using SimplygonMeshReduction for automatic skeletal mesh reduction
[2025.05.26-12.03.43:229][  0]LogMeshReduction: Using ProxyLODMeshReduction for automatic mesh merging
[2025.05.26-12.03.43:229][  0]LogMeshReduction: No distributed automatic mesh merging module available
[2025.05.26-12.03.43:229][  0]LogMeshMerging: No distributed automatic mesh merging module available
[2025.05.26-12.03.43:241][  0]LogNetVersion: MyProject 1.0.0, NetCL: 17155196, EngineNetVer: 17, GameNetVer: 0 (Checksum: 3629800737)
[2025.05.26-12.03.43:545][  0]LogTexture: Default maximum texture size for cubemaps generated from long-lat sources has been changed from 512 to unlimited. In order to preserve old behaiour for '/Engine/MapTemplates/Sky/DaylightAmbientCubemap.DaylightAmbientCubemap', its maximum texture size has been explicitly set to 512.
[2025.05.26-12.03.43:589][  0]LogUObjectArray: 17011 objects as part of root set at end of initial load.
[2025.05.26-12.03.43:589][  0]LogUObjectAllocator: 4257152 out of 0 bytes used by permanent object pool.
[2025.05.26-12.03.43:589][  0]LogUObjectArray: CloseDisregardForGC: 0/0 objects in disregard for GC pool
[2025.05.26-12.03.43:790][  0]LogNiagaraDebuggerClient: Niagara Debugger Client Initialized | Session: 4B802D6942E15444AA0EE3A04513BFC2 | Instance: 96D5FFE140B51F35DBA35D81E4100830 (ALEXF-12036).
[2025.05.26-12.03.43:907][  0]LogTcpMessaging: Initializing TcpMessaging bridge
[2025.05.26-12.03.43:911][  0]LogUdpMessaging: Initializing bridge on interface 0.0.0.0:0 to multicast group 230.0.0.1:6666.
[2025.05.26-12.03.43:927][  0]LogPython: Using Python 3.7.7
[2025.05.26-12.03.44:539][  0]SourceControl: Source control is disabled
[2025.05.26-12.03.44:539][  0]SourceControl: Source control is disabled
[2025.05.26-12.03.44:542][  0]SourceControl: Source control is disabled
[2025.05.26-12.03.44:547][  0]SourceControl: Source control is disabled
[2025.05.26-12.03.44:552][  0]LogUProjectInfo: Found projects:
[2025.05.26-12.03.44:558][  0]LogVSAccessor: Display: Unable to create Visual Studio setup instance: 80040154
[2025.05.26-12.03.44:559][  0]LogVSAccessor: Display: Unable to create Visual Studio setup instance: 80040154
[2025.05.26-12.03.44:559][  0]LogVSAccessor: Display: Unable to create Visual Studio setup instance: 80040154
[2025.05.26-12.03.44:603][  0]SourceControl: Source control is disabled
[2025.05.26-12.03.44:612][  0]LogOpenImageDenoise: OIDN starting up
[2025.05.26-12.03.44:623][  0]LogAndroidPermission: UAndroidPermissionCallbackProxy::GetInstance
[2025.05.26-12.03.44:642][  0]LogAudioCaptureCore: Display: No Audio Capture implementations found. Audio input will be silent.
[2025.05.26-12.03.44:642][  0]LogAudioCaptureCore: Display: No Audio Capture implementations found. Audio input will be silent.
[2025.05.26-12.03.44:751][  0]LogCollectionManager: Loaded 0 collections in 0.001371 seconds
[2025.05.26-12.03.44:799][  0]LogFileCache: Scanning file cache for directory 'C:/Users/sasha/Documents/GitHub/unreal_project/Saved/Collections/' took 0.00s
[2025.05.26-12.03.44:799][  0]LogFileCache: Scanning file cache for directory 'C:/Users/sasha/Documents/GitHub/unreal_project/Content/Developers/sasha/Collections/' took 0.00s
[2025.05.26-12.03.44:799][  0]LogFileCache: Scanning file cache for directory 'C:/Users/sasha/Documents/GitHub/unreal_project/Content/Collections/' took 0.00s
[2025.05.26-12.03.44:799][  0]LogEngine: Initializing Engine...
[2025.05.26-12.03.44:822][  0]LogHMD: Optional extension XR_VARJO_quad_views is not available
[2025.05.26-12.03.44:830][  0]LogHMD: Failed to create an OpenXR instance, result is XR_ERROR_RUNTIME_FAILURE. Please check if you have an OpenXR runtime installed. The following extensions were enabled:
[2025.05.26-12.03.44:830][  0]LogHMD: - XR_KHR_D3D11_enable
[2025.05.26-12.03.44:830][  0]LogHMD: - XR_KHR_D3D12_enable
[2025.05.26-12.03.44:830][  0]LogHMD: - XR_KHR_opengl_enable
[2025.05.26-12.03.44:830][  0]LogHMD: - XR_KHR_vulkan_enable
[2025.05.26-12.03.44:830][  0]LogHMD: - XR_KHR_composition_layer_depth
[2025.05.26-12.03.44:830][  0]LogHMD: - XR_KHR_visibility_mask
[2025.05.26-12.03.44:830][  0]LogHMD: - XR_EXT_hand_tracking
[2025.05.26-12.03.44:830][  0]LogHMD: - XR_EXT_eye_gaze_interaction
[2025.05.26-12.03.44:830][  0]LogMagicLeap: Warning: VR disabled because ZI is not enabled.  To enable, in the editor, Edit -> Project Settings -> Plugins -> Magic Leap Plugin -> Enable Zero Iteration
[2025.05.26-12.03.44:831][  0]LogStats: UGameplayTagsManager::InitializeManager -  0.000 s
[2025.05.26-12.03.44:925][  0]LogInit: Initializing FReadOnlyCVARCache
[2025.05.26-12.03.44:934][  0]LogAIModule: Creating AISystem for world Untitled
[2025.05.26-12.03.44:934][  0]LogAudio: Display: Initializing Audio Device Manager...
[2025.05.26-12.03.44:937][  0]LogAudio: Display: Loading Default Audio Settings Objects...
[2025.05.26-12.03.44:938][  0]LogAudio: Display: No default SoundConcurrencyObject specified (or failed to load).
[2025.05.26-12.03.44:938][  0]LogAudio: Display: Audio Device Manager Initialized
[2025.05.26-12.03.44:938][  0]LogAudio: Display: Creating Audio Device:                 Id: 1, Scope: Shared, Realtime: True
[2025.05.26-12.03.44:938][  0]LogAudioMixer: Display: Audio Mixer Platform Settings:
[2025.05.26-12.03.44:938][  0]LogAudioMixer: Display: 	Sample Rate:						  48000
[2025.05.26-12.03.44:938][  0]LogAudioMixer: Display: 	Callback Buffer Frame Size Requested: 1024
[2025.05.26-12.03.44:938][  0]LogAudioMixer: Display: 	Callback Buffer Frame Size To Use:	  1024
[2025.05.26-12.03.44:938][  0]LogAudioMixer: Display: 	Number of buffers to queue:			  1
[2025.05.26-12.03.44:938][  0]LogAudioMixer: Display: 	Max Channels (voices):				  0
[2025.05.26-12.03.44:938][  0]LogAudioMixer: Display: 	Number of Async Source Workers:		  4
[2025.05.26-12.03.44:938][  0]LogAudio: Display: AudioDevice MaxSources: 32
[2025.05.26-12.03.44:939][  0]LogAudio: Display: Audio Spatialization Plugin: Resonance Audio is external send: 1
[2025.05.26-12.03.44:939][  0]LogAudio: Display: Audio Reverb Plugin: Resonance Audio
[2025.05.26-12.03.44:939][  0]LogAudio: Display: Audio Occlusion Plugin: None (built-in).
[2025.05.26-12.03.44:939][  0]LogAudioMixer: Display: Initializing audio mixer.
[2025.05.26-12.03.44:973][  0]LogAudioMixer: Display: 0: FrontLeft
[2025.05.26-12.03.44:973][  0]LogAudioMixer: Display: 1: FrontRight
[2025.05.26-12.03.45:085][  0]LogAudioMixer: Display: Using Audio Device Динамики (Realtek(R) Audio)
[2025.05.26-12.03.45:086][  0]LogAudioMixer: Display: Initializing Sound Submixes...
[2025.05.26-12.03.45:088][  0]LogAudioMixer: Display: Creating Master Submix 'MasterSubmixDefault'
[2025.05.26-12.03.45:088][  0]LogAudioMixer: Display: Creating Master Submix 'MasterReverbSubmixDefault'
[2025.05.26-12.03.45:089][  0]LogAudioMixer: Display: Creating Master Submix 'MasterEQSubmixDefault'
[2025.05.26-12.03.45:090][  0]LogAudioMixer: FMixerPlatformXAudio2::StartAudioStream() called
[2025.05.26-12.03.45:090][  0]LogAudioMixer: Display: Output buffers initialized: Frames=1024, Channels=2, Samples=2048
[2025.05.26-12.03.45:091][  0]LogAudioMixer: Display: Starting AudioMixerPlatformInterface::RunInternal()
[2025.05.26-12.03.45:091][  0]LogAudioMixer: Display: FMixerPlatformXAudio2::SubmitBuffer() called for the first time
[2025.05.26-12.03.45:091][  0]LogInit: FAudioDevice initialized.
[2025.05.26-12.03.45:091][  0]LogAudio: Display: Audio Device (ID: 1) registered with world 'Untitled'.
[2025.05.26-12.03.45:091][  0]LogNetVersion: Set ProjectVersion to 1.0.0.0. Version Checksum will be recalculated on next use.
[2025.05.26-12.03.45:136][  0]LogDerivedDataCache: Saved boot cache 0.05s 96MB C:/Users/sasha/AppData/Local/UnrealEngine/4.27/DerivedDataCache/Boot.ddc.
[2025.05.26-12.03.45:138][  0]LogInit: Texture streaming: Enabled
[2025.05.26-12.03.45:149][  0]LogAnalytics: Display: [UEEditor.Rocket.Release] APIServer = https://datarouter.ol.epicgames.com/. AppVersion = 4.27.2-18319896+++UE4+Release-4.27
[2025.05.26-12.03.45:152][  0]LogEngineSessionManager: EngineSessionManager initialized
[2025.05.26-12.03.45:152][  0]LogEngineSessionManager: EngineSessionManager sent abnormal shutdown report. Type=Crashed, SessionId={2EA81574-45B0-0EFE-4639-8AA4092C1506}
[2025.05.26-12.03.45:152][  0]LogEditorSessionSummary: Verbose: Initializing EditorSessionSummaryWriter for editor session tracking
[2025.05.26-12.03.45:153][  0]LogEditorSessionSummary: EditorSessionSummaryWriter initialized
[2025.05.26-12.03.45:177][  0]LogInit: Transaction tracking system initialized
[2025.05.26-12.03.45:195][  0]BlueprintLog: New page: Editor Load
[2025.05.26-12.03.45:249][  0]LocalizationService: Localization service is disabled
[2025.05.26-12.03.45:268][  0]TimingProfiler: Initialize
[2025.05.26-12.03.45:268][  0]TimingProfiler: OnSessionChanged
[2025.05.26-12.03.45:268][  0]LoadingProfiler: Initialize
[2025.05.26-12.03.45:269][  0]LoadingProfiler: OnSessionChanged
[2025.05.26-12.03.45:269][  0]NetworkingProfiler: Initialize
[2025.05.26-12.03.45:269][  0]NetworkingProfiler: OnSessionChanged
[2025.05.26-12.03.45:269][  0]MemoryProfiler: Initialize
[2025.05.26-12.03.45:269][  0]MemoryProfiler: OnSessionChanged
[2025.05.26-12.03.45:322][  0]LogVSAccessor: Display: Unable to create Visual Studio setup instance: 80040154
[2025.05.26-12.03.45:322][  0]LogVSAccessor: Display: Unable to create Visual Studio setup instance: 80040154
[2025.05.26-12.03.45:323][  0]LogVSAccessor: Display: Unable to create Visual Studio setup instance: 80040154
[2025.05.26-12.03.45:398][  0]LogCook: Display: CookSettings for Memory: MemoryMaxUsedVirtual 0MiB, MemoryMaxUsedPhysical 16384MiB, MemoryMinFreeVirtual 0MiB, MemoryMinFreePhysical 1024MiB
[2025.05.26-12.03.45:398][  0]LogCook: Display: Mobile HDR setting 0
[2025.05.26-12.03.45:561][  0]LogFileCache: Scanning file cache for directory 'C:/Users/sasha/Documents/GitHub/unreal_project/Content/' took 0.01s
[2025.05.26-12.03.45:561][  0]LogInit: Display: Engine is initialized. Leaving FEngineLoop::Init()
[2025.05.26-12.03.45:564][  0]SourceControl: Source control is disabled
[2025.05.26-12.03.45:564][  0]LogUnrealEdMisc: Loading editor; pre map load, took 5.217
[2025.05.26-12.03.45:564][  0]Cmd: MAP LOAD FILE="../../../../../../Users/sasha/Documents/GitHub/unreal_project/Content/VRTemplate/Maps/VRTemplateMap.umap" TEMPLATE=0 SHOWPROGRESS=1 FEATURELEVEL=3
[2025.05.26-12.03.45:564][  0]LightingResults: New page: Lighting Build
[2025.05.26-12.03.45:566][  0]LogWorld: UWorld::CleanupWorld for Untitled, bSessionEnded=true, bCleanupResources=true
[2025.05.26-12.03.45:566][  0]LogSlate: InvalidateAllWidgets triggered.  All widgets were invalidated
[2025.05.26-12.03.45:566][  0]MapCheck: New page: Map Check
[2025.05.26-12.03.45:566][  0]LightingResults: New page: Lighting Build
[2025.05.26-12.03.45:569][  0]LogAudio: Display: Audio Device unregistered from world 'None'.
[2025.05.26-12.03.45:571][  0]LogUObjectHash: Compacting FUObjectHashTables data took   0.60ms
[2025.05.26-12.03.46:303][  0]LogAudio: Display: Audio Device (ID: 1) registered with world 'VRTemplateMap'.
[2025.05.26-12.03.46:303][  0]LogAIModule: Creating AISystem for world VRTemplateMap
[2025.05.26-12.03.46:328][  0]LogEditorServer: Finished looking for orphan Actors (0.000 secs)
[2025.05.26-12.03.46:339][  0]LogUObjectHash: Compacting FUObjectHashTables data took   1.21ms
[2025.05.26-12.03.46:339][  0]Cmd: MAP CHECKDEP NOCLEARLOG
[2025.05.26-12.03.46:339][  0]MapCheck: Map check complete: 0 Error(s), 0 Warning(s), took 0,112ms to complete.
[2025.05.26-12.03.46:339][  0]LogFileHelpers: Loading map 'VRTemplateMap' took 0.776
[2025.05.26-12.03.46:341][  0]LogUnrealEdMisc: Total Editor Startup Time, took 5.995
[2025.05.26-12.03.46:449][  0]LogSlate: Updating window title bar state: overlay mode, drag disabled, window buttons hidden, title bar hidden
[2025.05.26-12.03.46:454][  0]LogSlate: Updating window title bar state: overlay mode, drag disabled, window buttons hidden, title bar hidden
[2025.05.26-12.03.46:459][  0]LogSlate: Updating window title bar state: overlay mode, drag disabled, window buttons hidden, title bar hidden
[2025.05.26-12.03.46:463][  0]LogSlate: Updating window title bar state: overlay mode, drag disabled, window buttons hidden, title bar hidden
[2025.05.26-12.03.46:475][  0]LogNativeClassHierarchy: Verbose: Native class hierarchy populated in 0.0082 seconds. Added 3809 classes and 916 folders.
[2025.05.26-12.03.46:477][  0]LogNativeClassHierarchy: Verbose: Native class hierarchy updated for 'WidgetCarousel' in 0.0002 seconds. Added 0 classes and 0 folders.
[2025.05.26-12.03.46:479][  0]LogPakFile: PakFile PrimaryIndexSize=187
[2025.05.26-12.03.46:479][  0]LogPakFile: PakFile PathHashIndexSize=101
[2025.05.26-12.03.46:479][  0]LogPakFile: PakFile FullDirectoryIndexSize=148
[2025.05.26-12.03.46:479][  0]LogShaderLibrary: Display: ShaderCodeLibraryPakFileMountedCallback: PakFile 'C:/Program Files/Epic Games/UE_4.27/FeaturePacks/FP_FirstPerson.upack' (chunk index -1, root 'root:/') mounted
[2025.05.26-12.03.46:479][  0]LogShaderLibrary: Display: ShaderCodeLibraryPakFileMountedCallback: pending pak file info (ChunkID:-1 Root:root:/ File:C:/Program Files/Epic Games/UE_4.27/FeaturePacks/FP_FirstPerson.upack)
[2025.05.26-12.03.46:479][  0]LogPakFile: OnPakFileMounted2Time == 0.000045
[2025.05.26-12.03.46:479][  0]LogPakFile: PakFile PrimaryIndexSize=189
[2025.05.26-12.03.46:479][  0]LogPakFile: PakFile PathHashIndexSize=101
[2025.05.26-12.03.46:479][  0]LogPakFile: PakFile FullDirectoryIndexSize=152
[2025.05.26-12.03.46:479][  0]LogShaderLibrary: Display: ShaderCodeLibraryPakFileMountedCallback: PakFile 'C:/Program Files/Epic Games/UE_4.27/FeaturePacks/FP_FirstPersonBP.upack' (chunk index -1, root 'root:/') mounted
[2025.05.26-12.03.46:479][  0]LogShaderLibrary: Display: ShaderCodeLibraryPakFileMountedCallback: pending pak file info (ChunkID:-1 Root:root:/ File:C:/Program Files/Epic Games/UE_4.27/FeaturePacks/FP_FirstPersonBP.upack)
[2025.05.26-12.03.46:479][  0]LogPakFile: OnPakFileMounted2Time == 0.000026
[2025.05.26-12.03.46:479][  0]LogPakFile: PakFile PrimaryIndexSize=191
[2025.05.26-12.03.46:479][  0]LogPakFile: PakFile PathHashIndexSize=101
[2025.05.26-12.03.46:479][  0]LogPakFile: PakFile FullDirectoryIndexSize=160
[2025.05.26-12.03.46:479][  0]LogShaderLibrary: Display: ShaderCodeLibraryPakFileMountedCallback: PakFile 'C:/Program Files/Epic Games/UE_4.27/FeaturePacks/MobileStarterContent.upack' (chunk index -1, root 'root:/') mounted
[2025.05.26-12.03.46:479][  0]LogShaderLibrary: Display: ShaderCodeLibraryPakFileMountedCallback: pending pak file info (ChunkID:-1 Root:root:/ File:C:/Program Files/Epic Games/UE_4.27/FeaturePacks/MobileStarterContent.upack)
[2025.05.26-12.03.46:479][  0]LogPakFile: OnPakFileMounted2Time == 0.000024
[2025.05.26-12.03.46:479][  0]LogPakFile: PakFile PrimaryIndexSize=185
[2025.05.26-12.03.46:479][  0]LogPakFile: PakFile PathHashIndexSize=101
[2025.05.26-12.03.46:479][  0]LogPakFile: PakFile FullDirectoryIndexSize=148
[2025.05.26-12.03.46:480][  0]LogShaderLibrary: Display: ShaderCodeLibraryPakFileMountedCallback: PakFile 'C:/Program Files/Epic Games/UE_4.27/FeaturePacks/StarterContent.upack' (chunk index -1, root 'root:/') mounted
[2025.05.26-12.03.46:480][  0]LogShaderLibrary: Display: ShaderCodeLibraryPakFileMountedCallback: pending pak file info (ChunkID:-1 Root:root:/ File:C:/Program Files/Epic Games/UE_4.27/FeaturePacks/StarterContent.upack)
[2025.05.26-12.03.46:480][  0]LogPakFile: OnPakFileMounted2Time == 0.000034
[2025.05.26-12.03.46:480][  0]LogPakFile: PakFile PrimaryIndexSize=190
[2025.05.26-12.03.46:480][  0]LogPakFile: PakFile PathHashIndexSize=101
[2025.05.26-12.03.46:480][  0]LogPakFile: PakFile FullDirectoryIndexSize=154
[2025.05.26-12.03.46:480][  0]LogShaderLibrary: Display: ShaderCodeLibraryPakFileMountedCallback: PakFile 'C:/Program Files/Epic Games/UE_4.27/FeaturePacks/TP_2DSideScroller.upack' (chunk index -1, root 'root:/') mounted
[2025.05.26-12.03.46:480][  0]LogShaderLibrary: Display: ShaderCodeLibraryPakFileMountedCallback: pending pak file info (ChunkID:-1 Root:root:/ File:C:/Program Files/Epic Games/UE_4.27/FeaturePacks/TP_2DSideScroller.upack)
[2025.05.26-12.03.46:480][  0]LogPakFile: OnPakFileMounted2Time == 0.000024
[2025.05.26-12.03.46:480][  0]LogPakFile: PakFile PrimaryIndexSize=192
[2025.05.26-12.03.46:480][  0]LogPakFile: PakFile PathHashIndexSize=101
[2025.05.26-12.03.46:480][  0]LogPakFile: PakFile FullDirectoryIndexSize=158
[2025.05.26-12.03.46:480][  0]LogShaderLibrary: Display: ShaderCodeLibraryPakFileMountedCallback: PakFile 'C:/Program Files/Epic Games/UE_4.27/FeaturePacks/TP_2DSideScrollerBP.upack' (chunk index -1, root 'root:/') mounted
[2025.05.26-12.03.46:480][  0]LogShaderLibrary: Display: ShaderCodeLibraryPakFileMountedCallback: pending pak file info (ChunkID:-1 Root:root:/ File:C:/Program Files/Epic Games/UE_4.27/FeaturePacks/TP_2DSideScrollerBP.upack)
[2025.05.26-12.03.46:480][  0]LogPakFile: OnPakFileMounted2Time == 0.000023
[2025.05.26-12.03.46:481][  0]LogPakFile: PakFile PrimaryIndexSize=182
[2025.05.26-12.03.46:481][  0]LogPakFile: PakFile PathHashIndexSize=101
[2025.05.26-12.03.46:481][  0]LogPakFile: PakFile FullDirectoryIndexSize=138
[2025.05.26-12.03.46:481][  0]LogShaderLibrary: Display: ShaderCodeLibraryPakFileMountedCallback: PakFile 'C:/Program Files/Epic Games/UE_4.27/FeaturePacks/TP_Flying.upack' (chunk index -1, root 'root:/') mounted
[2025.05.26-12.03.46:481][  0]LogShaderLibrary: Display: ShaderCodeLibraryPakFileMountedCallback: pending pak file info (ChunkID:-1 Root:root:/ File:C:/Program Files/Epic Games/UE_4.27/FeaturePacks/TP_Flying.upack)
[2025.05.26-12.03.46:481][  0]LogPakFile: OnPakFileMounted2Time == 0.000023
[2025.05.26-12.03.46:481][  0]LogPakFile: PakFile PrimaryIndexSize=184
[2025.05.26-12.03.46:481][  0]LogPakFile: PakFile PathHashIndexSize=101
[2025.05.26-12.03.46:481][  0]LogPakFile: PakFile FullDirectoryIndexSize=142
[2025.05.26-12.03.46:481][  0]LogShaderLibrary: Display: ShaderCodeLibraryPakFileMountedCallback: PakFile 'C:/Program Files/Epic Games/UE_4.27/FeaturePacks/TP_FlyingBP.upack' (chunk index -1, root 'root:/') mounted
[2025.05.26-12.03.46:481][  0]LogShaderLibrary: Display: ShaderCodeLibraryPakFileMountedCallback: pending pak file info (ChunkID:-1 Root:root:/ File:C:/Program Files/Epic Games/UE_4.27/FeaturePacks/TP_FlyingBP.upack)
[2025.05.26-12.03.46:481][  0]LogPakFile: OnPakFileMounted2Time == 0.000023
[2025.05.26-12.03.46:481][  0]LogPakFile: PakFile PrimaryIndexSize=188
[2025.05.26-12.03.46:481][  0]LogPakFile: PakFile PathHashIndexSize=101
[2025.05.26-12.03.46:481][  0]LogPakFile: PakFile FullDirectoryIndexSize=150
[2025.05.26-12.03.46:481][  0]LogShaderLibrary: Display: ShaderCodeLibraryPakFileMountedCallback: PakFile 'C:/Program Files/Epic Games/UE_4.27/FeaturePacks/TP_HandheldARBP.upack' (chunk index -1, root 'root:/') mounted
[2025.05.26-12.03.46:481][  0]LogShaderLibrary: Display: ShaderCodeLibraryPakFileMountedCallback: pending pak file info (ChunkID:-1 Root:root:/ File:C:/Program Files/Epic Games/UE_4.27/FeaturePacks/TP_HandheldARBP.upack)
[2025.05.26-12.03.46:481][  0]LogPakFile: OnPakFileMounted2Time == 0.000023
[2025.05.26-12.03.46:482][  0]LogPakFile: PakFile PrimaryIndexSize=182
[2025.05.26-12.03.46:482][  0]LogPakFile: PakFile PathHashIndexSize=101
[2025.05.26-12.03.46:482][  0]LogPakFile: PakFile FullDirectoryIndexSize=138
[2025.05.26-12.03.46:482][  0]LogShaderLibrary: Display: ShaderCodeLibraryPakFileMountedCallback: PakFile 'C:/Program Files/Epic Games/UE_4.27/FeaturePacks/TP_Puzzle.upack' (chunk index -1, root 'root:/') mounted
[2025.05.26-12.03.46:482][  0]LogShaderLibrary: Display: ShaderCodeLibraryPakFileMountedCallback: pending pak file info (ChunkID:-1 Root:root:/ File:C:/Program Files/Epic Games/UE_4.27/FeaturePacks/TP_Puzzle.upack)
[2025.05.26-12.03.46:482][  0]LogPakFile: OnPakFileMounted2Time == 0.000023
[2025.05.26-12.03.46:482][  0]LogPakFile: PakFile PrimaryIndexSize=184
[2025.05.26-12.03.46:482][  0]LogPakFile: PakFile PathHashIndexSize=101
[2025.05.26-12.03.46:482][  0]LogPakFile: PakFile FullDirectoryIndexSize=142
[2025.05.26-12.03.46:482][  0]LogShaderLibrary: Display: ShaderCodeLibraryPakFileMountedCallback: PakFile 'C:/Program Files/Epic Games/UE_4.27/FeaturePacks/TP_PuzzleBP.upack' (chunk index -1, root 'root:/') mounted
[2025.05.26-12.03.46:482][  0]LogShaderLibrary: Display: ShaderCodeLibraryPakFileMountedCallback: pending pak file info (ChunkID:-1 Root:root:/ File:C:/Program Files/Epic Games/UE_4.27/FeaturePacks/TP_PuzzleBP.upack)
[2025.05.26-12.03.46:482][  0]LogPakFile: OnPakFileMounted2Time == 0.000022
[2025.05.26-12.03.46:483][  0]LogPakFile: PakFile PrimaryIndexSize=183
[2025.05.26-12.03.46:483][  0]LogPakFile: PakFile PathHashIndexSize=101
[2025.05.26-12.03.46:483][  0]LogPakFile: PakFile FullDirectoryIndexSize=140
[2025.05.26-12.03.46:483][  0]LogShaderLibrary: Display: ShaderCodeLibraryPakFileMountedCallback: PakFile 'C:/Program Files/Epic Games/UE_4.27/FeaturePacks/TP_Rolling.upack' (chunk index -1, root 'root:/') mounted
[2025.05.26-12.03.46:483][  0]LogShaderLibrary: Display: ShaderCodeLibraryPakFileMountedCallback: pending pak file info (ChunkID:-1 Root:root:/ File:C:/Program Files/Epic Games/UE_4.27/FeaturePacks/TP_Rolling.upack)
[2025.05.26-12.03.46:483][  0]LogPakFile: OnPakFileMounted2Time == 0.000023
[2025.05.26-12.03.46:483][  0]LogPakFile: PakFile PrimaryIndexSize=185
[2025.05.26-12.03.46:483][  0]LogPakFile: PakFile PathHashIndexSize=101
[2025.05.26-12.03.46:483][  0]LogPakFile: PakFile FullDirectoryIndexSize=144
[2025.05.26-12.03.46:483][  0]LogShaderLibrary: Display: ShaderCodeLibraryPakFileMountedCallback: PakFile 'C:/Program Files/Epic Games/UE_4.27/FeaturePacks/TP_RollingBP.upack' (chunk index -1, root 'root:/') mounted
[2025.05.26-12.03.46:483][  0]LogShaderLibrary: Display: ShaderCodeLibraryPakFileMountedCallback: pending pak file info (ChunkID:-1 Root:root:/ File:C:/Program Files/Epic Games/UE_4.27/FeaturePacks/TP_RollingBP.upack)
[2025.05.26-12.03.46:483][  0]LogPakFile: OnPakFileMounted2Time == 0.000023
[2025.05.26-12.03.46:483][  0]LogPakFile: PakFile PrimaryIndexSize=188
[2025.05.26-12.03.46:484][  0]LogPakFile: PakFile PathHashIndexSize=101
[2025.05.26-12.03.46:484][  0]LogPakFile: PakFile FullDirectoryIndexSize=150
[2025.05.26-12.03.46:484][  0]LogShaderLibrary: Display: ShaderCodeLibraryPakFileMountedCallback: PakFile 'C:/Program Files/Epic Games/UE_4.27/FeaturePacks/TP_SideScroller.upack' (chunk index -1, root 'root:/') mounted
[2025.05.26-12.03.46:484][  0]LogShaderLibrary: Display: ShaderCodeLibraryPakFileMountedCallback: pending pak file info (ChunkID:-1 Root:root:/ File:C:/Program Files/Epic Games/UE_4.27/FeaturePacks/TP_SideScroller.upack)
[2025.05.26-12.03.46:484][  0]LogPakFile: OnPakFileMounted2Time == 0.000033
[2025.05.26-12.03.46:484][  0]LogPakFile: PakFile PrimaryIndexSize=190
[2025.05.26-12.03.46:484][  0]LogPakFile: PakFile PathHashIndexSize=101
[2025.05.26-12.03.46:484][  0]LogPakFile: PakFile FullDirectoryIndexSize=154
[2025.05.26-12.03.46:484][  0]LogShaderLibrary: Display: ShaderCodeLibraryPakFileMountedCallback: PakFile 'C:/Program Files/Epic Games/UE_4.27/FeaturePacks/TP_SideScrollerBP.upack' (chunk index -1, root 'root:/') mounted
[2025.05.26-12.03.46:484][  0]LogShaderLibrary: Display: ShaderCodeLibraryPakFileMountedCallback: pending pak file info (ChunkID:-1 Root:root:/ File:C:/Program Files/Epic Games/UE_4.27/FeaturePacks/TP_SideScrollerBP.upack)
[2025.05.26-12.03.46:484][  0]LogPakFile: OnPakFileMounted2Time == 0.000023
[2025.05.26-12.03.46:484][  0]LogPakFile: PakFile PrimaryIndexSize=187
[2025.05.26-12.03.46:484][  0]LogPakFile: PakFile PathHashIndexSize=101
[2025.05.26-12.03.46:484][  0]LogPakFile: PakFile FullDirectoryIndexSize=148
[2025.05.26-12.03.46:484][  0]LogShaderLibrary: Display: ShaderCodeLibraryPakFileMountedCallback: PakFile 'C:/Program Files/Epic Games/UE_4.27/FeaturePacks/TP_ThirdPerson.upack' (chunk index -1, root 'root:/') mounted
[2025.05.26-12.03.46:484][  0]LogShaderLibrary: Display: ShaderCodeLibraryPakFileMountedCallback: pending pak file info (ChunkID:-1 Root:root:/ File:C:/Program Files/Epic Games/UE_4.27/FeaturePacks/TP_ThirdPerson.upack)
[2025.05.26-12.03.46:484][  0]LogPakFile: OnPakFileMounted2Time == 0.000024
[2025.05.26-12.03.46:485][  0]LogPakFile: PakFile PrimaryIndexSize=189
[2025.05.26-12.03.46:485][  0]LogPakFile: PakFile PathHashIndexSize=101
[2025.05.26-12.03.46:485][  0]LogPakFile: PakFile FullDirectoryIndexSize=152
[2025.05.26-12.03.46:485][  0]LogShaderLibrary: Display: ShaderCodeLibraryPakFileMountedCallback: PakFile 'C:/Program Files/Epic Games/UE_4.27/FeaturePacks/TP_ThirdPersonBP.upack' (chunk index -1, root 'root:/') mounted
[2025.05.26-12.03.46:485][  0]LogShaderLibrary: Display: ShaderCodeLibraryPakFileMountedCallback: pending pak file info (ChunkID:-1 Root:root:/ File:C:/Program Files/Epic Games/UE_4.27/FeaturePacks/TP_ThirdPersonBP.upack)
[2025.05.26-12.03.46:485][  0]LogPakFile: OnPakFileMounted2Time == 0.000023
[2025.05.26-12.03.46:485][  0]LogPakFile: PakFile PrimaryIndexSize=183
[2025.05.26-12.03.46:485][  0]LogPakFile: PakFile PathHashIndexSize=101
[2025.05.26-12.03.46:485][  0]LogPakFile: PakFile FullDirectoryIndexSize=140
[2025.05.26-12.03.46:485][  0]LogShaderLibrary: Display: ShaderCodeLibraryPakFileMountedCallback: PakFile 'C:/Program Files/Epic Games/UE_4.27/FeaturePacks/TP_TopDown.upack' (chunk index -1, root 'root:/') mounted
[2025.05.26-12.03.46:485][  0]LogShaderLibrary: Display: ShaderCodeLibraryPakFileMountedCallback: pending pak file info (ChunkID:-1 Root:root:/ File:C:/Program Files/Epic Games/UE_4.27/FeaturePacks/TP_TopDown.upack)
[2025.05.26-12.03.46:485][  0]LogPakFile: OnPakFileMounted2Time == 0.000030
[2025.05.26-12.03.46:486][  0]LogPakFile: PakFile PrimaryIndexSize=185
[2025.05.26-12.03.46:486][  0]LogPakFile: PakFile PathHashIndexSize=101
[2025.05.26-12.03.46:486][  0]LogPakFile: PakFile FullDirectoryIndexSize=144
[2025.05.26-12.03.46:486][  0]LogShaderLibrary: Display: ShaderCodeLibraryPakFileMountedCallback: PakFile 'C:/Program Files/Epic Games/UE_4.27/FeaturePacks/TP_TopDownBP.upack' (chunk index -1, root 'root:/') mounted
[2025.05.26-12.03.46:486][  0]LogShaderLibrary: Display: ShaderCodeLibraryPakFileMountedCallback: pending pak file info (ChunkID:-1 Root:root:/ File:C:/Program Files/Epic Games/UE_4.27/FeaturePacks/TP_TopDownBP.upack)
[2025.05.26-12.03.46:486][  0]LogPakFile: OnPakFileMounted2Time == 0.000022
[2025.05.26-12.03.46:486][  0]LogPakFile: PakFile PrimaryIndexSize=185
[2025.05.26-12.03.46:486][  0]LogPakFile: PakFile PathHashIndexSize=101
[2025.05.26-12.03.46:486][  0]LogPakFile: PakFile FullDirectoryIndexSize=144
[2025.05.26-12.03.46:486][  0]LogShaderLibrary: Display: ShaderCodeLibraryPakFileMountedCallback: PakFile 'C:/Program Files/Epic Games/UE_4.27/FeaturePacks/TP_TwinStick.upack' (chunk index -1, root 'root:/') mounted
[2025.05.26-12.03.46:486][  0]LogShaderLibrary: Display: ShaderCodeLibraryPakFileMountedCallback: pending pak file info (ChunkID:-1 Root:root:/ File:C:/Program Files/Epic Games/UE_4.27/FeaturePacks/TP_TwinStick.upack)
[2025.05.26-12.03.46:486][  0]LogPakFile: OnPakFileMounted2Time == 0.000022
[2025.05.26-12.03.46:486][  0]LogPakFile: PakFile PrimaryIndexSize=187
[2025.05.26-12.03.46:486][  0]LogPakFile: PakFile PathHashIndexSize=101
[2025.05.26-12.03.46:486][  0]LogPakFile: PakFile FullDirectoryIndexSize=148
[2025.05.26-12.03.46:486][  0]LogShaderLibrary: Display: ShaderCodeLibraryPakFileMountedCallback: PakFile 'C:/Program Files/Epic Games/UE_4.27/FeaturePacks/TP_TwinStickBP.upack' (chunk index -1, root 'root:/') mounted
[2025.05.26-12.03.46:486][  0]LogShaderLibrary: Display: ShaderCodeLibraryPakFileMountedCallback: pending pak file info (ChunkID:-1 Root:root:/ File:C:/Program Files/Epic Games/UE_4.27/FeaturePacks/TP_TwinStickBP.upack)
[2025.05.26-12.03.46:486][  0]LogPakFile: OnPakFileMounted2Time == 0.000022
[2025.05.26-12.03.46:487][  0]LogPakFile: PakFile PrimaryIndexSize=183
[2025.05.26-12.03.46:487][  0]LogPakFile: PakFile PathHashIndexSize=101
[2025.05.26-12.03.46:487][  0]LogPakFile: PakFile FullDirectoryIndexSize=140
[2025.05.26-12.03.46:487][  0]LogShaderLibrary: Display: ShaderCodeLibraryPakFileMountedCallback: PakFile 'C:/Program Files/Epic Games/UE_4.27/FeaturePacks/TP_Vehicle.upack' (chunk index -1, root 'root:/') mounted
[2025.05.26-12.03.46:487][  0]LogShaderLibrary: Display: ShaderCodeLibraryPakFileMountedCallback: pending pak file info (ChunkID:-1 Root:root:/ File:C:/Program Files/Epic Games/UE_4.27/FeaturePacks/TP_Vehicle.upack)
[2025.05.26-12.03.46:487][  0]LogPakFile: OnPakFileMounted2Time == 0.000026
[2025.05.26-12.03.46:487][  0]LogPakFile: PakFile PrimaryIndexSize=186
[2025.05.26-12.03.46:487][  0]LogPakFile: PakFile PathHashIndexSize=101
[2025.05.26-12.03.46:487][  0]LogPakFile: PakFile FullDirectoryIndexSize=146
[2025.05.26-12.03.46:487][  0]LogShaderLibrary: Display: ShaderCodeLibraryPakFileMountedCallback: PakFile 'C:/Program Files/Epic Games/UE_4.27/FeaturePacks/TP_VehicleAdv.upack' (chunk index -1, root 'root:/') mounted
[2025.05.26-12.03.46:487][  0]LogShaderLibrary: Display: ShaderCodeLibraryPakFileMountedCallback: pending pak file info (ChunkID:-1 Root:root:/ File:C:/Program Files/Epic Games/UE_4.27/FeaturePacks/TP_VehicleAdv.upack)
[2025.05.26-12.03.46:487][  0]LogPakFile: OnPakFileMounted2Time == 0.000024
[2025.05.26-12.03.46:488][  0]LogPakFile: PakFile PrimaryIndexSize=188
[2025.05.26-12.03.46:488][  0]LogPakFile: PakFile PathHashIndexSize=101
[2025.05.26-12.03.46:488][  0]LogPakFile: PakFile FullDirectoryIndexSize=150
[2025.05.26-12.03.46:488][  0]LogShaderLibrary: Display: ShaderCodeLibraryPakFileMountedCallback: PakFile 'C:/Program Files/Epic Games/UE_4.27/FeaturePacks/TP_VehicleAdvBP.upack' (chunk index -1, root 'root:/') mounted
[2025.05.26-12.03.46:488][  0]LogShaderLibrary: Display: ShaderCodeLibraryPakFileMountedCallback: pending pak file info (ChunkID:-1 Root:root:/ File:C:/Program Files/Epic Games/UE_4.27/FeaturePacks/TP_VehicleAdvBP.upack)
[2025.05.26-12.03.46:488][  0]LogPakFile: OnPakFileMounted2Time == 0.000023
[2025.05.26-12.03.46:488][  0]LogPakFile: PakFile PrimaryIndexSize=185
[2025.05.26-12.03.46:488][  0]LogPakFile: PakFile PathHashIndexSize=101
[2025.05.26-12.03.46:488][  0]LogPakFile: PakFile FullDirectoryIndexSize=144
[2025.05.26-12.03.46:488][  0]LogShaderLibrary: Display: ShaderCodeLibraryPakFileMountedCallback: PakFile 'C:/Program Files/Epic Games/UE_4.27/FeaturePacks/TP_VehicleBP.upack' (chunk index -1, root 'root:/') mounted
[2025.05.26-12.03.46:488][  0]LogShaderLibrary: Display: ShaderCodeLibraryPakFileMountedCallback: pending pak file info (ChunkID:-1 Root:root:/ File:C:/Program Files/Epic Games/UE_4.27/FeaturePacks/TP_VehicleBP.upack)
[2025.05.26-12.03.46:488][  0]LogPakFile: OnPakFileMounted2Time == 0.000023
[2025.05.26-12.03.46:488][  0]LogPakFile: PakFile PrimaryIndexSize=192
[2025.05.26-12.03.46:488][  0]LogPakFile: PakFile PathHashIndexSize=101
[2025.05.26-12.03.46:488][  0]LogPakFile: PakFile FullDirectoryIndexSize=158
[2025.05.26-12.03.46:488][  0]LogShaderLibrary: Display: ShaderCodeLibraryPakFileMountedCallback: PakFile 'C:/Program Files/Epic Games/UE_4.27/FeaturePacks/TP_VirtualRealityBP.upack' (chunk index -1, root 'root:/') mounted
[2025.05.26-12.03.46:488][  0]LogShaderLibrary: Display: ShaderCodeLibraryPakFileMountedCallback: pending pak file info (ChunkID:-1 Root:root:/ File:C:/Program Files/Epic Games/UE_4.27/FeaturePacks/TP_VirtualRealityBP.upack)
[2025.05.26-12.03.46:488][  0]LogPakFile: OnPakFileMounted2Time == 0.000024
[2025.05.26-12.03.46:531][  0]LogNativeClassHierarchy: Verbose: Native class hierarchy updated for 'AddContentDialog' in 0.0002 seconds. Added 0 classes and 0 folders.
[2025.05.26-12.03.46:532][  0]LogNativeClassHierarchy: Verbose: Native class hierarchy updated for 'SceneOutliner' in 0.0002 seconds. Added 2 classes and 0 folders.
[2025.05.26-12.03.46:575][  0]LogSlate: Took 0.000158 seconds to synchronously load lazily loaded font '../../../Engine/Content/Slate/Fonts/Roboto-Regular.ttf' (155K)
[2025.05.26-12.03.46:576][  0]LogSlate: Took 0.000115 seconds to synchronously load lazily loaded font '../../../Engine/Content/Editor/Slate/Fonts/FontAwesome.ttf' (139K)
[2025.05.26-12.03.46:577][  0]LogSlate: Took 0.000207 seconds to synchronously load lazily loaded font '../../../Engine/Content/Slate/Fonts/Roboto-Bold.ttf' (160K)
[2025.05.26-12.03.46:642][  0]LogRenderer: Reallocating scene render targets to support 964x428 Format 9 NumSamples 4 (Frame:1).
[2025.05.26-12.03.46:712][  0]LogNativeClassHierarchy: Verbose: Native class hierarchy updated for 'HierarchicalLODOutliner' in 0.0002 seconds. Added 0 classes and 0 folders.
[2025.05.26-12.03.46:712][  0]LogLoad: (Engine Initialization) Total time: 6.36 seconds
[2025.05.26-12.03.46:712][  0]LogLoad: (Engine Initialization) Total Blueprint compile time: 0.00 seconds
[2025.05.26-12.03.46:748][  0]LogAssetRegistry: Asset discovery search completed in 3.7936 seconds
[2025.05.26-12.03.46:752][  0]LogCollectionManager: Fixed up redirectors for 0 collections in 0.000003 seconds (updated 0 objects)
[2025.05.26-12.03.46:759][  0]LogResonanceAudio: Display: Resonance Audio Listener is initialized
[2025.05.26-12.03.46:761][  0]LogContentStreaming: Texture pool size now 600 MB
[2025.05.26-12.03.46:903][  3]LogSlate: Took 0.000153 seconds to synchronously load lazily loaded font '../../../Engine/Content/Slate/Fonts/Roboto-Light.ttf' (167K)
[2025.05.26-12.03.47:726][ 89]LogSlate: Took 0.000176 seconds to synchronously load lazily loaded font '../../../Engine/Content/Slate/Fonts/Roboto-Light.ttf' (167K)
[2025.05.26-12.03.50:116][338]LogAssetEditorSubsystem: Opening Asset editor for Blueprint /Game/Andrey/Objects/BP_Motor_Holder.BP_Motor_Holder
[2025.05.26-12.03.50:223][338]LogNativeClassHierarchy: Verbose: Native class hierarchy updated for 'BlueprintGraph' in 0.0004 seconds. Added 126 classes and 0 folders.
[2025.05.26-12.03.50:830][338]LogAssetEditorSubsystem: Opening Asset editor for Blueprint /Game/Andrey/Objects/BP_Platform.BP_Platform
[2025.05.26-12.03.51:090][338]LogSlate: Took 0.000205 seconds to synchronously load lazily loaded font '../../../Engine/Content/Slate/Fonts/Roboto-BoldCondensed.ttf' (158K)
[2025.05.26-12.03.51:165][339]LogSlate: Took 0.000193 seconds to synchronously load lazily loaded font '../../../Engine/Content/Slate/Fonts/Roboto-Italic.ttf' (157K)
[2025.05.26-12.03.57:926][139]LogTemp: Repeating last play command: Simulate
[2025.05.26-12.03.57:930][139]LogPlayLevel: PlayLevel: No blueprints needed recompiling
[2025.05.26-12.03.57:930][139]PIE: New page: SIE session: VRTemplateMap (26 мая 2025 г., 18:03:57)
[2025.05.26-12.03.57:931][139]LogOnline: OSS: Creating online subsystem instance for: NULL
[2025.05.26-12.03.57:933][139]LogOnline: OSS: TryLoadSubsystemAndSetDefault: Loaded subsystem for module [NULL]
[2025.05.26-12.03.57:933][139]LogPlayLevel: Creating play world package: /Game/VRTemplate/Maps/UEDPIE_0_VRTemplateMap
[2025.05.26-12.03.57:940][139]LogPlayLevel: PIE: StaticDuplicateObject took: (0.006884s)
[2025.05.26-12.03.57:941][139]LogAIModule: Creating AISystem for world VRTemplateMap
[2025.05.26-12.03.57:941][139]LogPlayLevel: PIE: World Init took: (0.000839s)
[2025.05.26-12.03.57:941][139]LogPlayLevel: PIE: Created PIE world by copying editor world from /Game/VRTemplate/Maps/VRTemplateMap.VRTemplateMap to /Game/VRTemplate/Maps/UEDPIE_0_VRTemplateMap.VRTemplateMap (0.007830s)
[2025.05.26-12.03.57:960][139]LogUObjectHash: Compacting FUObjectHashTables data took   1.65ms
[2025.05.26-12.03.57:961][139]LogAudio: Display: Creating Audio Device:                 Id: 2, Scope: Unique, Realtime: True
[2025.05.26-12.03.57:961][139]LogAudioMixer: Display: Audio Mixer Platform Settings:
[2025.05.26-12.03.57:961][139]LogAudioMixer: Display: 	Sample Rate:						  48000
[2025.05.26-12.03.57:961][139]LogAudioMixer: Display: 	Callback Buffer Frame Size Requested: 1024
[2025.05.26-12.03.57:961][139]LogAudioMixer: Display: 	Callback Buffer Frame Size To Use:	  1024
[2025.05.26-12.03.57:961][139]LogAudioMixer: Display: 	Number of buffers to queue:			  1
[2025.05.26-12.03.57:961][139]LogAudioMixer: Display: 	Max Channels (voices):				  0
[2025.05.26-12.03.57:961][139]LogAudioMixer: Display: 	Number of Async Source Workers:		  4
[2025.05.26-12.03.57:961][139]LogAudio: Display: AudioDevice MaxSources: 32
[2025.05.26-12.03.57:961][139]LogAudio: Display: Audio Spatialization Plugin: Resonance Audio is external send: 1
[2025.05.26-12.03.57:961][139]LogAudio: Display: Audio Reverb Plugin: Resonance Audio
[2025.05.26-12.03.57:961][139]LogAudio: Display: Audio Occlusion Plugin: None (built-in).
[2025.05.26-12.03.57:961][139]LogAudioMixer: Display: Initializing audio mixer.
[2025.05.26-12.03.57:966][139]LogAudioMixer: Display: 0: FrontLeft
[2025.05.26-12.03.57:966][139]LogAudioMixer: Display: 1: FrontRight
[2025.05.26-12.03.57:995][139]LogAudioMixer: Display: Using Audio Device Динамики (Realtek(R) Audio)
[2025.05.26-12.03.57:995][139]LogAudioMixer: Display: Initializing Sound Submixes...
[2025.05.26-12.03.57:995][139]LogAudioMixer: Display: Creating Master Submix 'MasterSubmixDefault'
[2025.05.26-12.03.57:995][139]LogAudioMixer: Display: Creating Master Submix 'MasterReverbSubmixDefault'
[2025.05.26-12.03.57:995][139]LogAudioMixer: Display: Creating Master Submix 'MasterEQSubmixDefault'
[2025.05.26-12.03.57:995][139]LogAudioMixer: FMixerPlatformXAudio2::StartAudioStream() called
[2025.05.26-12.03.57:995][139]LogAudioMixer: Display: Output buffers initialized: Frames=1024, Channels=2, Samples=2048
[2025.05.26-12.03.57:996][139]LogAudioMixer: Display: Starting AudioMixerPlatformInterface::RunInternal()
[2025.05.26-12.03.57:996][139]LogAudioMixer: Display: FMixerPlatformXAudio2::SubmitBuffer() called for the first time
[2025.05.26-12.03.57:996][139]LogInit: FAudioDevice initialized.
[2025.05.26-12.03.57:996][139]LogAudio: Display: Audio Device (ID: 2) registered with world 'VRTemplateMap'.
[2025.05.26-12.03.58:004][139]LogLoad: Game class is 'VRGameMode_C'
[2025.05.26-12.03.58:007][139]LogWorld: Bringing World /Game/VRTemplate/Maps/UEDPIE_0_VRTemplateMap.VRTemplateMap up for play (max tick rate 0) at 2025.05.26-15.03.58
[2025.05.26-12.03.58:008][139]LogWorld: Bringing up level for play took: 0.002061
[2025.05.26-12.03.58:008][139]LogOnline: OSS: Creating online subsystem instance for: :Context_12
[2025.05.26-12.03.58:009][139]LogSpawn: Warning: SpawnActor failed because no class was specified
[2025.05.26-12.03.58:011][139]LogNativeClassHierarchy: Verbose: Native class hierarchy updated for 'MovieSceneCapture' in 0.0003 seconds. Added 20 classes and 0 folders.
[2025.05.26-12.03.58:013][139]PIE: Server logged in
[2025.05.26-12.03.58:013][139]PIE: Play in editor total start time 0,084 seconds.
[2025.05.26-12.03.58:023][139]LogResonanceAudio: Display: Resonance Audio Listener is initialized
[2025.05.26-12.03.59:314][251]LogEditorViewport: Clicking on Actor (LMB): BP_MX1508_C (DP_MX1508)
[2025.05.26-12.04.00:251][351]LogScript: Warning: Infinite script recursion (120 calls) detected - see log for stack trace
	BP_Platform_C /Game/VRTemplate/Maps/UEDPIE_0_VRTemplateMap.VRTemplateMap:PersistentLevel.BP_Platform_2
	Function /Game/Andrey/Objects/BP_Platform.BP_Platform_C:ExecuteUbergraph_BP_Platform:0000
[2025.05.26-12.04.00:251][351]PIE: Error: Infinite loop detected. Blueprint:  BP_Platform Function:  On Component Begin Overlap (Motor_Holder_Socket_Front_Bottom_Left) Call Stack:  Show
[2025.05.26-12.04.00:284][351]LogSlate: Updating window title bar state: overlay mode, drag disabled, window buttons hidden, title bar hidden
[2025.05.26-12.04.00:284][351]LogWorld: BeginTearingDown for /Game/VRTemplate/Maps/UEDPIE_0_VRTemplateMap
[2025.05.26-12.04.00:284][351]LogWorld: UWorld::CleanupWorld for VRTemplateMap, bSessionEnded=true, bCleanupResources=true
[2025.05.26-12.04.00:285][351]LogSlate: InvalidateAllWidgets triggered.  All widgets were invalidated
[2025.05.26-12.04.00:296][351]LogPlayLevel: Display: Shutting down PIE online subsystems
[2025.05.26-12.04.00:305][351]LogSlate: InvalidateAllWidgets triggered.  All widgets were invalidated
[2025.05.26-12.04.00:305][351]LogEditorTransaction: Non zero active count in UTransBuffer::Reset
ActiveCount : 1
SessionName : 
Reason      : A PIE object was in the transaction buffer and had to be destroyed

Purging the undo buffer...

[2025.05.26-12.04.00:329][351]LogAudio: Display: Audio Device unregistered from world 'None'.
[2025.05.26-12.04.00:330][351]LogResonanceAudio: Display: Resonance Audio Listener is shutdown
[2025.05.26-12.04.00:330][351]LogAudioMixer: FMixerPlatformXAudio2::StopAudioStream() called
[2025.05.26-12.04.00:332][351]LogAudioMixer: FMixerPlatformXAudio2::StopAudioStream() called
[2025.05.26-12.04.00:333][351]LogSlate: Updating window title bar state: overlay mode, drag disabled, window buttons hidden, title bar hidden
[2025.05.26-12.04.00:351][351]LogUObjectHash: Compacting FUObjectHashTables data took   2.74ms
[2025.05.26-12.04.01:195][351]LogWindows: FPlatformMisc::RequestExit(1)
[2025.05.26-12.04.01:195][351]LogWindows: FPlatformMisc::RequestExitWithStatus(1, 3)
[2025.05.26-12.04.01:195][351]LogCore: Engine exit requested (reason: Win RequestExit)
[2025.05.26-12.04.01:203][351]Log file closed, 05/26/25 15:04:01
