Log file open, 05/26/25 19:07:47
LogWindows: Failed to load 'aqProf.dll' (GetLastError=126)
LogWindows: File 'aqProf.dll' does not exist
LogWindows: Failed to load 'VtuneApi.dll' (GetLastError=126)
LogWindows: File 'VtuneApi.dll' does not exist
LogWindows: Failed to load 'VtuneApi32e.dll' (GetLastError=126)
LogWindows: File 'VtuneApi32e.dll' does not exist
LogConsoleResponse: Display: Failed to find resolution value strings in scalability ini. Falling back to default.
LogConsoleResponse: Display: Failed to find resolution value strings in scalability ini. Falling back to default.
LogInit: Display: Running engine for game: MyProject
LogPlatformFile: Not using cached read wrapper
LogTaskGraph: Started task graph with 5 named threads and 35 total threads with 3 sets of task threads.
LogStats: Stats thread started at 0.284183
LogICUInternationalization: ICU TimeZone Detection - Raw Offset: +3:00, Platform Override: ''
LogInit: Display: Loading text-based GConfig....
LogPluginManager: Mounting plugin MeshPainting
LogPluginManager: Mounting plugin XGEController
LogPluginManager: Mounting plugin Paper2D
LogPluginManager: Mounting plugin CameraShakePreviewer
LogPluginManager: Mounting plugin LiveLink
LogPluginManager: Mounting plugin EnvironmentQueryEditor
LogPluginManager: Mounting plugin AISupport
LogPluginManager: Mounting plugin GameplayCameras
LogPluginManager: Mounting plugin LightPropagationVolume
LogPluginManager: Mounting plugin AnimationSharing
LogPluginManager: Mounting plugin CLionSourceCodeAccess
LogPluginManager: Mounting plugin GitSourceControl
LogPluginManager: Mounting plugin CodeLiteSourceCodeAccess
LogPluginManager: Mounting plugin NullSourceCodeAccess
LogPluginManager: Mounting plugin KDevelopSourceCodeAccess
LogPluginManager: Mounting plugin PerforceSourceControl
LogPluginManager: Mounting plugin PixWinPlugin
LogPluginManager: Mounting plugin PluginUtils
LogPluginManager: Mounting plugin PropertyAccessNode
LogPluginManager: Mounting plugin PlasticSourceControl
LogPluginManager: Mounting plugin RiderSourceCodeAccess
LogPluginManager: Mounting plugin SubversionSourceControl
LogPluginManager: Mounting plugin TextureFormatOodle
LogPluginManager: Mounting plugin UObjectPlugin
LogPluginManager: Mounting plugin VisualStudioCodeSourceCodeAccess
LogPluginManager: Mounting plugin VisualStudioSourceCodeAccess
LogPluginManager: Mounting plugin XCodeSourceCodeAccess
LogPluginManager: Mounting plugin DatasmithContent
LogPluginManager: Mounting plugin AlembicImporter
LogPluginManager: Mounting plugin VariantManagerContent
LogPluginManager: Mounting plugin AutomationUtils
LogPluginManager: Mounting plugin BackChannel
LogPluginManager: Mounting plugin ChaosCloth
LogPluginManager: Mounting plugin ChaosEditor
LogPluginManager: Mounting plugin ChaosNiagara
LogPluginManager: Mounting plugin ChaosSolverPlugin
LogPluginManager: Mounting plugin CharacterAI
LogPluginManager: Mounting plugin AssetManagerEditor
LogPluginManager: Mounting plugin CryptoKeys
LogPluginManager: Mounting plugin CurveEditorTools
LogPluginManager: Mounting plugin DataValidation
LogPluginManager: Mounting plugin FacialAnimation
LogPluginManager: Mounting plugin GameplayTagsEditor
LogPluginManager: Mounting plugin GeometryMode
LogPluginManager: Mounting plugin MacGraphicsSwitching
LogPluginManager: Mounting plugin MaterialAnalyzer
LogPluginManager: Mounting plugin ChaosClothEditor
LogPluginManager: Mounting plugin MobileLauncherProfileWizard
LogPluginManager: Mounting plugin PluginBrowser
LogPluginManager: Mounting plugin SpeedTreeImporter
LogPluginManager: Mounting plugin OodleData
LogPluginManager: Mounting plugin OodleNetwork
LogPluginManager: Mounting plugin GeometryCache
LogPluginManager: Mounting plugin GeometryCollectionPlugin
LogPluginManager: Mounting plugin GeometryProcessing
LogPluginManager: Mounting plugin MotoSynth
LogPluginManager: Mounting plugin OpenImageDenoise
LogPluginManager: Mounting plugin PlanarCut
LogPluginManager: Mounting plugin PlatformCrypto
LogPluginManager: Mounting plugin ProxyLODPlugin
LogPluginManager: Mounting plugin PythonScriptPlugin
LogPluginManager: Mounting plugin SkeletalReduction
LogPluginManager: Mounting plugin Niagara
LogPluginManager: Mounting plugin AvfMedia
LogPluginManager: Mounting plugin AndroidMedia
LogPluginManager: Mounting plugin ImgMedia
LogPluginManager: Mounting plugin MediaCompositing
LogPluginManager: Mounting plugin WebMMedia
LogPluginManager: Mounting plugin WmfMedia
LogPluginManager: Mounting plugin MediaPlayerEditor
LogPluginManager: Mounting plugin LuminPlatformFeatures
LogPluginManager: Mounting plugin MagicLeap
LogPluginManager: Mounting plugin MagicLeapLightEstimation
LogPluginManager: Mounting plugin MagicLeapMedia
LogPluginManager: Mounting plugin MagicLeapPassableWorld
LogPluginManager: Mounting plugin MLSDK
LogPluginManager: Mounting plugin LevelSequenceEditor
LogPluginManager: Mounting plugin MatineeToLevelSequence
LogPluginManager: Mounting plugin ActorSequence
LogPluginManager: Mounting plugin TemplateSequence
LogPluginManager: Mounting plugin TcpMessaging
LogPluginManager: Mounting plugin UdpMessaging
LogPluginManager: Mounting plugin OnlineSubsystem
LogPluginManager: Mounting plugin OnlineSubsystemNull
LogPluginManager: Mounting plugin OnlineSubsystemUtils
LogPluginManager: Mounting plugin ActorLayerUtilities
LogPluginManager: Mounting plugin AndroidMoviePlayer
LogPluginManager: Mounting plugin AndroidDeviceProfileSelector
LogPluginManager: Mounting plugin AndroidPermission
LogPluginManager: Mounting plugin AppleImageUtils
LogPluginManager: Mounting plugin ArchVisCharacter
LogPluginManager: Mounting plugin AssetTags
LogPluginManager: Mounting plugin AudioCapture
LogPluginManager: Mounting plugin AudioSynesthesia
LogPluginManager: Mounting plugin CableComponent
LogPluginManager: Mounting plugin ChunkDownloader
LogPluginManager: Mounting plugin CustomMeshComponent
LogPluginManager: Mounting plugin EditableMesh
LogPluginManager: Mounting plugin ExampleDeviceProfileSelector
LogPluginManager: Mounting plugin AppleMoviePlayer
LogPluginManager: Mounting plugin GoogleCloudMessaging
LogPluginManager: Mounting plugin LauncherChunkInstaller
LogPluginManager: Mounting plugin GooglePAD
LogPluginManager: Mounting plugin IOSDeviceProfileSelector
LogPluginManager: Mounting plugin LinuxDeviceProfileSelector
LogPluginManager: Mounting plugin LocationServicesBPLibrary
LogPluginManager: Mounting plugin MobilePatchingUtils
LogPluginManager: Mounting plugin OpenXR
LogPluginManager: Mounting plugin OpenXREyeTracker
LogPluginManager: Mounting plugin OpenXRHandTracking
LogPluginManager: Mounting plugin Takes
LogPluginManager: Mounting plugin ScreenshotTools
LogPluginManager: Mounting plugin PhysXVehicles
LogPluginManager: Mounting plugin PostSplashScreen
LogPluginManager: Mounting plugin ProceduralMeshComponent
LogPluginManager: Mounting plugin PropertyAccessEditor
LogPluginManager: Mounting plugin RuntimePhysXCooking
LogPluginManager: Mounting plugin ResonanceAudio
LogPluginManager: Mounting plugin SignificanceManager
LogPluginManager: Mounting plugin SoundFields
LogPluginManager: Mounting plugin Synthesis
LogPluginManager: Mounting plugin WebMMoviePlayer
LogPluginManager: Mounting plugin WindowsMoviePlayer
LogPluginManager: Mounting plugin ContentBrowserAssetDataSource
LogPluginManager: Mounting plugin ContentBrowserClassDataSource
LogPluginManager: Mounting plugin ContentBrowserFileDataSource
LogPluginManager: Mounting plugin OnlineSubsystemIOS
LogPluginManager: Mounting plugin OnlineSubsystemGooglePlay
LogPluginManager: Mounting plugin OculusOpenXR
PixWinPlugin: PIX capture plugin failed to initialize! Check that the process is launched from PIX.
LogInit: Using libcurl 7.55.1-DEV
LogInit:  - built for x86_64-pc-win32
LogInit:  - supports SSL with OpenSSL/1.1.1
LogInit:  - supports HTTP deflate (compression) using libz 1.2.8
LogInit:  - other features:
LogInit:      CURL_VERSION_SSL
LogInit:      CURL_VERSION_LIBZ
LogInit:      CURL_VERSION_IPV6
LogInit:      CURL_VERSION_ASYNCHDNS
LogInit:      CURL_VERSION_LARGEFILE
LogInit:      CURL_VERSION_IDN
LogInit:  CurlRequestOptions (configurable via config and command line):
LogInit:  - bVerifyPeer = true  - Libcurl will verify peer certificate
LogInit:  - bUseHttpProxy = false  - Libcurl will NOT use HTTP proxy
LogInit:  - bDontReuseConnections = false  - Libcurl will reuse connections
LogInit:  - MaxHostConnections = 16  - Libcurl will limit the number of connections to a host
LogInit:  - LocalHostAddr = Default
LogInit:  - BufferSize = 65536
LogOnline: OSS: Creating online subsystem instance for: NULL
LogInit: WinSock: version 1.1 (2.2), MaxSocks=32767, MaxUdp=65467
LogOnline: OSS: TryLoadSubsystemAndSetDefault: Loaded subsystem for module [NULL]
LogInit: Build: ++UE4+Release-4.27-CL-18319896
LogInit: Engine Version: 4.27.2-18319896+++UE4+Release-4.27
LogInit: Compatible Engine Version: 4.27.0-17155196+++UE4+Release-4.27
LogInit: Net CL: 17155196
LogInit: OS: Windows 10 (Release 2009) (), CPU: 11th Gen Intel(R) Core(TM) i5-11400H @ 2.70GHz, GPU: Intel(R) UHD Graphics
LogInit: Compiled (64-bit): Nov 30 2021 07:12:08
LogInit: Compiled with Visual C++: 19.24.28315.00
LogInit: Build Configuration: Development
LogInit: Branch Name: ++UE4+Release-4.27
LogInit: Command Line: 
LogInit: Base Directory: C:/Program Files/Epic Games/UE_4.27/Engine/Binaries/Win64/
LogInit: Allocator: TBB
LogInit: Installed Engine Build: 1
LogDevObjectVersion: Number of dev versions registered: 29
LogDevObjectVersion:   Dev-Blueprints (B0D832E4-1F89-4F0D-ACCF-7EB736FD4AA2): 10
LogDevObjectVersion:   Dev-Build (E1C64328-A22C-4D53-A36C-8E866417BD8C): 0
LogDevObjectVersion:   Dev-Core (375EC13C-06E4-48FB-B500-84F0262A717E): 4
LogDevObjectVersion:   Dev-Editor (E4B068ED-F494-42E9-A231-DA0B2E46BB41): 40
LogDevObjectVersion:   Dev-Framework (CFFC743F-43B0-4480-9391-14DF171D2073): 37
LogDevObjectVersion:   Dev-Mobile (B02B49B5-BB20-44E9-A304-32B752E40360): 3
LogDevObjectVersion:   Dev-Networking (A4E4105C-59A1-49B5-A7C5-40C4547EDFEE): 0
LogDevObjectVersion:   Dev-Online (39C831C9-5AE6-47DC-9A44-9C173E1C8E7C): 0
LogDevObjectVersion:   Dev-Physics (78F01B33-EBEA-4F98-B9B4-84EACCB95AA2): 14
LogDevObjectVersion:   Dev-Platform (6631380F-2D4D-43E0-8009-CF276956A95A): 0
LogDevObjectVersion:   Dev-Rendering (12F88B9F-8875-4AFC-A67C-D90C383ABD29): 45
LogDevObjectVersion:   Dev-Sequencer (7B5AE74C-D270-4C10-A958-57980B212A5A): 13
LogDevObjectVersion:   Dev-VR (D7296918-1DD6-4BDD-9DE2-64A83CC13884): 3
LogDevObjectVersion:   Dev-LoadTimes (C2A15278-BFE7-4AFE-6C17-90FF531DF755): 1
LogDevObjectVersion:   Private-Geometry (6EACA3D4-40EC-4CC1-B786-8BED09428FC5): 3
LogDevObjectVersion:   Dev-AnimPhys (29E575DD-E0A3-4627-9D10-D276232CDCEA): 17
LogDevObjectVersion:   Dev-Anim (AF43A65D-7FD3-4947-9873-3E8ED9C1BB05): 15
LogDevObjectVersion:   Dev-ReflectionCapture (6B266CEC-1EC7-4B8F-A30B-E4D90942FC07): 1
LogDevObjectVersion:   Dev-Automation (0DF73D61-A23F-47EA-B727-89E90C41499A): 1
LogDevObjectVersion:   FortniteMain (601D1886-AC64-4F84-AA16-D3DE0DEAC7D6): 47
LogDevObjectVersion:   FortniteRelease (E7086368-6B23-4C58-8439-1B7016265E91): 1
LogDevObjectVersion:   Dev-Enterprise (9DFFBCD6-494F-0158-E221-12823C92A888): 10
LogDevObjectVersion:   Dev-Niagara (F2AED0AC-9AFE-416F-8664-AA7FFA26D6FC): 1
LogDevObjectVersion:   Dev-Destruction (174F1F0B-B4C6-45A5-B13F-2EE8D0FB917D): 10
LogDevObjectVersion:   Dev-Physics-Ext (35F94A83-E258-406C-A318-09F59610247C): 41
LogDevObjectVersion:   Dev-PhysicsMaterial-Chaos (B68FC16E-8B1B-42E2-B453-215C058844FE): 1
LogDevObjectVersion:   Dev-CineCamera (B2E18506-4273-CFC2-A54E-F4BB758BBA07): 1
LogDevObjectVersion:   Dev-VirtualProduction (64F58936-FD1B-42BA-BA96-7289D5D0FA4E): 1
LogDevObjectVersion:   Dev-MediaFramework (6F0ED827-A609-4895-9C91-998D90180EA4): 2
LogInit: Presizing for max 25165824 objects, including 0 objects not considered by GC, pre-allocating 0 bytes for permanent pool.
LogConfig: Applying CVar settings from Section [/Script/Engine.StreamingSettings] File [C:/Users/sasha/Documents/GitHub/unreal_project/Saved/Config/Windows/Engine.ini]
LogConfig: Setting CVar [[s.MinBulkDataSizeForAsyncLoading:131072]]
LogConfig: Setting CVar [[s.AsyncLoadingThreadEnabled:0]]
LogConfig: Setting CVar [[s.EventDrivenLoaderEnabled:1]]
LogConfig: Setting CVar [[s.WarnIfTimeLimitExceeded:0]]
LogConfig: Setting CVar [[s.TimeLimitExceededMultiplier:1.5]]
LogConfig: Setting CVar [[s.TimeLimitExceededMinTime:0.005]]
LogConfig: Setting CVar [[s.UseBackgroundLevelStreaming:1]]
LogConfig: Setting CVar [[s.PriorityAsyncLoadingExtraTime:15.0]]
LogConfig: Setting CVar [[s.LevelStreamingActorsUpdateTimeLimit:5.0]]
LogConfig: Setting CVar [[s.PriorityLevelStreamingActorsUpdateExtraTime:5.0]]
LogConfig: Setting CVar [[s.LevelStreamingComponentsRegistrationGranularity:10]]
LogConfig: Setting CVar [[s.UnregisterComponentsTimeLimit:1.0]]
LogConfig: Setting CVar [[s.LevelStreamingComponentsUnregistrationGranularity:5]]
LogConfig: Setting CVar [[s.FlushStreamingOnExit:1]]
LogInit: Object subsystem initialized
LogConfig: Setting CVar [[con.DebugEarlyDefault:1]]
LogConfig: Setting CVar [[r.setres:1280x720]]
[2025.05.26-16.07.47:814][  0]LogConfig: Setting CVar [[r.VSync:0]]
[2025.05.26-16.07.47:814][  0]LogConfig: Setting CVar [[r.RHICmdBypass:0]]
[2025.05.26-16.07.47:814][  0]LogConfig: Applying CVar settings from Section [/Script/Engine.RendererSettings] File [C:/Users/sasha/Documents/GitHub/unreal_project/Saved/Config/Windows/Engine.ini]
[2025.05.26-16.07.47:814][  0]LogConfig: Setting CVar [[r.GPUCrashDebugging:0]]
[2025.05.26-16.07.47:814][  0]LogConfig: Setting CVar [[r.Mobile.DisableVertexFog:1]]
[2025.05.26-16.07.47:814][  0]LogConfig: Setting CVar [[r.Shadow.CSM.MaxMobileCascades:2]]
[2025.05.26-16.07.47:814][  0]LogConfig: Setting CVar [[r.MobileMSAA:4]]
[2025.05.26-16.07.47:814][  0]LogConfig: Setting CVar [[r.Mobile.AllowDitheredLODTransition:0]]
[2025.05.26-16.07.47:814][  0]LogConfig: Setting CVar [[r.Mobile.AllowSoftwareOcclusion:0]]
[2025.05.26-16.07.47:814][  0]LogConfig: Setting CVar [[r.Mobile.VirtualTextures:0]]
[2025.05.26-16.07.47:814][  0]LogConfig: Setting CVar [[r.DiscardUnusedQuality:0]]
[2025.05.26-16.07.47:814][  0]LogConfig: Setting CVar [[r.AllowOcclusionQueries:1]]
[2025.05.26-16.07.47:814][  0]LogConfig: Setting CVar [[r.MinScreenRadiusForLights:0.030000]]
[2025.05.26-16.07.47:814][  0]LogConfig: Setting CVar [[r.MinScreenRadiusForDepthPrepass:0.030000]]
[2025.05.26-16.07.47:814][  0]LogConfig: Setting CVar [[r.MinScreenRadiusForCSMDepth:0.010000]]
[2025.05.26-16.07.47:814][  0]LogConfig: Setting CVar [[r.PrecomputedVisibilityWarning:0]]
[2025.05.26-16.07.47:814][  0]LogConfig: Setting CVar [[r.TextureStreaming:1]]
[2025.05.26-16.07.47:814][  0]LogConfig: Setting CVar [[Compat.UseDXT5NormalMaps:0]]
[2025.05.26-16.07.47:814][  0]LogConfig: Setting CVar [[r.VirtualTextures:0]]
[2025.05.26-16.07.47:814][  0]LogConfig: Setting CVar [[r.VirtualTexturedLightmaps:0]]
[2025.05.26-16.07.47:814][  0]LogConfig: Setting CVar [[r.VT.TileSize:128]]
[2025.05.26-16.07.47:814][  0]LogConfig: Setting CVar [[r.VT.TileBorderSize:4]]
[2025.05.26-16.07.47:814][  0]LogConfig: Setting CVar [[r.vt.FeedbackFactor:16]]
[2025.05.26-16.07.47:814][  0]LogConfig: Setting CVar [[r.VT.EnableCompressZlib:1]]
[2025.05.26-16.07.47:814][  0]LogConfig: Setting CVar [[r.VT.EnableCompressCrunch:0]]
[2025.05.26-16.07.47:814][  0]LogConfig: Setting CVar [[r.ClearCoatNormal:0]]
[2025.05.26-16.07.47:814][  0]LogConfig: Setting CVar [[r.ReflectionCaptureResolution:128]]
[2025.05.26-16.07.47:814][  0]LogConfig: Setting CVar [[r.Mobile.ReflectionCaptureCompression:0]]
[2025.05.26-16.07.47:814][  0]LogConfig: Setting CVar [[r.ReflectionEnvironmentLightmapMixBasedOnRoughness:1]]
[2025.05.26-16.07.47:814][  0]LogConfig: Setting CVar [[r.ForwardShading:1]]
[2025.05.26-16.07.47:814][  0]LogConfig: Setting CVar [[r.VertexFoggingForOpaque:1]]
[2025.05.26-16.07.47:814][  0]LogConfig: Setting CVar [[r.AllowStaticLighting:1]]
[2025.05.26-16.07.47:814][  0]LogConfig: Setting CVar [[r.NormalMapsForStaticLighting:0]]
[2025.05.26-16.07.47:814][  0]LogConfig: Setting CVar [[r.GenerateMeshDistanceFields:0]]
[2025.05.26-16.07.47:814][  0]LogConfig: Setting CVar [[r.DistanceFieldBuild.EightBit:0]]
[2025.05.26-16.07.47:814][  0]LogConfig: Setting CVar [[r.GenerateLandscapeGIData:0]]
[2025.05.26-16.07.47:814][  0]LogConfig: Setting CVar [[r.DistanceFieldBuild.Compress:0]]
[2025.05.26-16.07.47:814][  0]LogConfig: Setting CVar [[r.TessellationAdaptivePixelsPerTriangle:48.000000]]
[2025.05.26-16.07.47:814][  0]LogConfig: Setting CVar [[r.SeparateTranslucency:0]]
[2025.05.26-16.07.47:814][  0]LogConfig: Setting CVar [[r.TranslucentSortPolicy:0]]
[2025.05.26-16.07.47:814][  0]LogConfig: Setting CVar [[r.CustomDepth:1]]
[2025.05.26-16.07.47:814][  0]LogConfig: Setting CVar [[r.CustomDepthTemporalAAJitter:1]]
[2025.05.26-16.07.47:814][  0]LogConfig: Setting CVar [[r.PostProcessing.PropagateAlpha:0]]
[2025.05.26-16.07.47:814][  0]LogConfig: Setting CVar [[r.DefaultFeature.Bloom:0]]
[2025.05.26-16.07.47:814][  0]LogConfig: Setting CVar [[r.DefaultFeature.AmbientOcclusion:0]]
[2025.05.26-16.07.47:814][  0]LogConfig: Setting CVar [[r.DefaultFeature.AmbientOcclusionStaticFraction:1]]
[2025.05.26-16.07.47:814][  0]LogConfig: Setting CVar [[r.DefaultFeature.AutoExposure:0]]
[2025.05.26-16.07.47:814][  0]LogConfig: Setting CVar [[r.DefaultFeature.AutoExposure.Method:0]]
[2025.05.26-16.07.47:814][  0]LogConfig: Setting CVar [[r.DefaultFeature.AutoExposure.Bias:1.000000]]
[2025.05.26-16.07.47:814][  0]LogConfig: Setting CVar [[r.DefaultFeature.AutoExposure.ExtendDefaultLuminanceRange:1]]
[2025.05.26-16.07.47:814][  0]LogConfig: Setting CVar [[r.UsePreExposure:1]]
[2025.05.26-16.07.47:814][  0]LogConfig: Setting CVar [[r.EyeAdaptation.EditorOnly:0]]
[2025.05.26-16.07.47:814][  0]LogConfig: Setting CVar [[r.DefaultFeature.MotionBlur:0]]
[2025.05.26-16.07.47:814][  0]LogConfig: Setting CVar [[r.DefaultFeature.LensFlare:0]]
[2025.05.26-16.07.47:814][  0]LogConfig: Setting CVar [[r.TemporalAA.Upsampling:0]]
[2025.05.26-16.07.47:814][  0]LogConfig: Setting CVar [[r.SSGI.Enable:0]]
[2025.05.26-16.07.47:814][  0]LogConfig: Setting CVar [[r.DefaultFeature.AntiAliasing:3]]
[2025.05.26-16.07.47:814][  0]LogConfig: Setting CVar [[r.DefaultFeature.LightUnits:1]]
[2025.05.26-16.07.47:814][  0]LogConfig: Setting CVar [[r.DefaultBackBufferPixelFormat:4]]
[2025.05.26-16.07.47:814][  0]LogConfig: Setting CVar [[r.Shadow.UnbuiltPreviewInGame:1]]
[2025.05.26-16.07.47:814][  0]LogConfig: Setting CVar [[r.StencilForLODDither:0]]
[2025.05.26-16.07.47:814][  0]LogConfig: Setting CVar [[r.EarlyZPass:3]]
[2025.05.26-16.07.47:814][  0]LogConfig: Setting CVar [[r.EarlyZPassOnlyMaterialMasking:0]]
[2025.05.26-16.07.47:814][  0]LogConfig: Setting CVar [[r.DBuffer:1]]
[2025.05.26-16.07.47:814][  0]LogConfig: Setting CVar [[r.ClearSceneMethod:1]]
[2025.05.26-16.07.47:814][  0]LogConfig: Setting CVar [[r.BasePassOutputsVelocity:0]]
[2025.05.26-16.07.47:814][  0]LogConfig: Setting CVar [[r.VertexDeformationOutputsVelocity:0]]
[2025.05.26-16.07.47:814][  0]LogConfig: Setting CVar [[r.SelectiveBasePassOutputs:0]]
[2025.05.26-16.07.47:814][  0]LogConfig: Setting CVar [[fx.GPUSimulationTextureSizeX:1024]]
[2025.05.26-16.07.47:814][  0]LogConfig: Setting CVar [[fx.GPUSimulationTextureSizeY:1024]]
[2025.05.26-16.07.47:814][  0]LogConfig: Setting CVar [[r.AllowGlobalClipPlane:0]]
[2025.05.26-16.07.47:814][  0]LogConfig: Setting CVar [[r.GBufferFormat:1]]
[2025.05.26-16.07.47:814][  0]LogConfig: Setting CVar [[r.MorphTarget.Mode:1]]
[2025.05.26-16.07.47:814][  0]LogConfig: Setting CVar [[vr.InstancedStereo:1]]
[2025.05.26-16.07.47:814][  0]LogConfig: Setting CVar [[r.MobileHDR:0]]
[2025.05.26-16.07.47:814][  0]LogConfig: Setting CVar [[vr.MobileMultiView:1]]
[2025.05.26-16.07.47:814][  0]LogConfig: Setting CVar [[r.Mobile.UseHWsRGBEncoding:1]]
[2025.05.26-16.07.47:814][  0]LogConfig: Setting CVar [[vr.RoundRobinOcclusion:0]]
[2025.05.26-16.07.47:814][  0]LogConfig: Setting CVar [[vr.ODSCapture:0]]
[2025.05.26-16.07.47:814][  0]LogConfig: Setting CVar [[r.MeshStreaming:0]]
[2025.05.26-16.07.47:814][  0]LogConfig: Setting CVar [[r.WireframeCullThreshold:5.000000]]
[2025.05.26-16.07.47:814][  0]LogConfig: Setting CVar [[r.RayTracing:0]]
[2025.05.26-16.07.47:814][  0]LogConfig: Setting CVar [[r.RayTracing.UseTextureLod:0]]
[2025.05.26-16.07.47:814][  0]LogConfig: Setting CVar [[r.SupportStationarySkylight:1]]
[2025.05.26-16.07.47:814][  0]LogConfig: Setting CVar [[r.SupportLowQualityLightmaps:1]]
[2025.05.26-16.07.47:814][  0]LogConfig: Setting CVar [[r.SupportPointLightWholeSceneShadows:1]]
[2025.05.26-16.07.47:814][  0]LogConfig: Setting CVar [[r.SupportAtmosphericFog:1]]
[2025.05.26-16.07.47:814][  0]LogConfig: Setting CVar [[r.SupportSkyAtmosphere:1]]
[2025.05.26-16.07.47:814][  0]LogConfig: Setting CVar [[r.SupportSkyAtmosphereAffectsHeightFog:0]]
[2025.05.26-16.07.47:814][  0]LogConfig: Setting CVar [[r.SkinCache.CompileShaders:0]]
[2025.05.26-16.07.47:814][  0]LogConfig: Setting CVar [[r.SkinCache.DefaultBehavior:1]]
[2025.05.26-16.07.47:814][  0]LogConfig: Setting CVar [[r.SkinCache.SceneMemoryLimitInMB:128.000000]]
[2025.05.26-16.07.47:814][  0]LogConfig: Setting CVar [[r.Mobile.EnableStaticAndCSMShadowReceivers:1]]
[2025.05.26-16.07.47:815][  0]LogConfig: Setting CVar [[r.Mobile.EnableMovableLightCSMShaderCulling:1]]
[2025.05.26-16.07.47:815][  0]LogConfig: Setting CVar [[r.Mobile.AllowDistanceFieldShadows:1]]
[2025.05.26-16.07.47:815][  0]LogConfig: Setting CVar [[r.Mobile.AllowMovableDirectionalLights:1]]
[2025.05.26-16.07.47:815][  0]LogConfig: Setting CVar [[r.MobileNumDynamicPointLights:4]]
[2025.05.26-16.07.47:815][  0]LogConfig: Setting CVar [[r.MobileDynamicPointLightsUseStaticBranch:1]]
[2025.05.26-16.07.47:815][  0]LogConfig: Setting CVar [[r.Mobile.EnableMovableSpotlights:0]]
[2025.05.26-16.07.47:815][  0]LogConfig: Setting CVar [[r.Mobile.EnableMovableSpotlightsShadow:0]]
[2025.05.26-16.07.47:815][  0]LogConfig: Setting CVar [[r.GPUSkin.Support16BitBoneIndex:0]]
[2025.05.26-16.07.47:815][  0]LogConfig: Setting CVar [[r.GPUSkin.Limit2BoneInfluences:0]]
[2025.05.26-16.07.47:815][  0]LogConfig: Setting CVar [[r.SupportDepthOnlyIndexBuffers:1]]
[2025.05.26-16.07.47:815][  0]LogConfig: Setting CVar [[r.SupportReversedIndexBuffers:1]]
[2025.05.26-16.07.47:815][  0]LogConfig: Setting CVar [[r.LightPropagationVolume:0]]
[2025.05.26-16.07.47:815][  0]LogConfig: Setting CVar [[r.Mobile.AmbientOcclusion:0]]
[2025.05.26-16.07.47:815][  0]LogConfig: Setting CVar [[r.GPUSkin.UnlimitedBoneInfluences:0]]
[2025.05.26-16.07.47:815][  0]LogConfig: Setting CVar [[r.GPUSkin.UnlimitedBoneInfluencesThreshold:8]]
[2025.05.26-16.07.47:815][  0]LogConfig: Setting CVar [[r.Mobile.PlanarReflectionMode:0]]
[2025.05.26-16.07.47:815][  0]LogConfig: Setting CVar [[r.Mobile.SupportGPUScene:1]]
[2025.05.26-16.07.47:815][  0]LogConfig: Applying CVar settings from Section [/Script/Engine.RendererOverrideSettings] File [C:/Users/sasha/Documents/GitHub/unreal_project/Saved/Config/Windows/Engine.ini]
[2025.05.26-16.07.47:815][  0]LogConfig: Applying CVar settings from Section [/Script/Engine.StreamingSettings] File [C:/Users/sasha/Documents/GitHub/unreal_project/Saved/Config/Windows/Engine.ini]
[2025.05.26-16.07.47:815][  0]LogConfig: Setting CVar [[s.MinBulkDataSizeForAsyncLoading:131072]]
[2025.05.26-16.07.47:815][  0]LogConfig: Setting CVar [[s.AsyncLoadingThreadEnabled:0]]
[2025.05.26-16.07.47:815][  0]LogConfig: Setting CVar [[s.EventDrivenLoaderEnabled:1]]
[2025.05.26-16.07.47:815][  0]LogConfig: Setting CVar [[s.WarnIfTimeLimitExceeded:0]]
[2025.05.26-16.07.47:815][  0]LogConfig: Setting CVar [[s.TimeLimitExceededMultiplier:1.5]]
[2025.05.26-16.07.47:815][  0]LogConfig: Setting CVar [[s.TimeLimitExceededMinTime:0.005]]
[2025.05.26-16.07.47:815][  0]LogConfig: Setting CVar [[s.UseBackgroundLevelStreaming:1]]
[2025.05.26-16.07.47:815][  0]LogConfig: Setting CVar [[s.PriorityAsyncLoadingExtraTime:15.0]]
[2025.05.26-16.07.47:815][  0]LogConfig: Setting CVar [[s.LevelStreamingActorsUpdateTimeLimit:5.0]]
[2025.05.26-16.07.47:815][  0]LogConfig: Setting CVar [[s.PriorityLevelStreamingActorsUpdateExtraTime:5.0]]
[2025.05.26-16.07.47:815][  0]LogConfig: Setting CVar [[s.LevelStreamingComponentsRegistrationGranularity:10]]
[2025.05.26-16.07.47:815][  0]LogConfig: Setting CVar [[s.UnregisterComponentsTimeLimit:1.0]]
[2025.05.26-16.07.47:815][  0]LogConfig: Setting CVar [[s.LevelStreamingComponentsUnregistrationGranularity:5]]
[2025.05.26-16.07.47:815][  0]LogConfig: Setting CVar [[s.FlushStreamingOnExit:1]]
[2025.05.26-16.07.47:815][  0]LogConfig: Applying CVar settings from Section [/Script/Engine.GarbageCollectionSettings] File [C:/Users/sasha/Documents/GitHub/unreal_project/Saved/Config/Windows/Engine.ini]
[2025.05.26-16.07.47:815][  0]LogConfig: Setting CVar [[gc.MaxObjectsNotConsideredByGC:1]]
[2025.05.26-16.07.47:815][  0]LogConfig: Setting CVar [[gc.SizeOfPermanentObjectPool:0]]
[2025.05.26-16.07.47:815][  0]LogConfig: Setting CVar [[gc.FlushStreamingOnGC:0]]
[2025.05.26-16.07.47:815][  0]LogConfig: Setting CVar [[gc.NumRetriesBeforeForcingGC:10]]
[2025.05.26-16.07.47:815][  0]LogConfig: Setting CVar [[gc.AllowParallelGC:1]]
[2025.05.26-16.07.47:815][  0]LogConfig: Setting CVar [[gc.TimeBetweenPurgingPendingKillObjects:61.1]]
[2025.05.26-16.07.47:815][  0]LogConfig: Setting CVar [[gc.MaxObjectsInEditor:25165824]]
[2025.05.26-16.07.47:815][  0]LogConfig: Setting CVar [[gc.IncrementalBeginDestroyEnabled:1]]
[2025.05.26-16.07.47:815][  0]LogConfig: Setting CVar [[gc.CreateGCClusters:1]]
[2025.05.26-16.07.47:815][  0]LogConfig: Setting CVar [[gc.MinGCClusterSize:5]]
[2025.05.26-16.07.47:815][  0]LogConfig: Setting CVar [[gc.ActorClusteringEnabled:0]]
[2025.05.26-16.07.47:815][  0]LogConfig: Setting CVar [[gc.BlueprintClusteringEnabled:0]]
[2025.05.26-16.07.47:815][  0]LogConfig: Setting CVar [[gc.UseDisregardForGCOnDedicatedServers:0]]
[2025.05.26-16.07.47:815][  0]LogConfig: Setting CVar [[gc.MultithreadedDestructionEnabled:1]]
[2025.05.26-16.07.47:815][  0]LogConfig: Applying CVar settings from Section [/Script/Engine.NetworkSettings] File [C:/Users/sasha/Documents/GitHub/unreal_project/Saved/Config/Windows/Engine.ini]
[2025.05.26-16.07.47:815][  0]LogConfig: Applying CVar settings from Section [/Script/UnrealEd.CookerSettings] File [C:/Users/sasha/Documents/GitHub/unreal_project/Saved/Config/Windows/Engine.ini]
[2025.05.26-16.07.47:845][  0]LogConfig: Applying CVar settings from Section [ViewDistanceQuality@3] File [C:/Users/sasha/Documents/GitHub/unreal_project/Saved/Config/Windows/Scalability.ini]
[2025.05.26-16.07.47:845][  0]LogConfig: Setting CVar [[r.SkeletalMeshLODBias:0]]
[2025.05.26-16.07.47:846][  0]LogConfig: Setting CVar [[r.ViewDistanceScale:1.0]]
[2025.05.26-16.07.47:846][  0]LogConfig: Applying CVar settings from Section [AntiAliasingQuality@3] File [C:/Users/sasha/Documents/GitHub/unreal_project/Saved/Config/Windows/Scalability.ini]
[2025.05.26-16.07.47:846][  0]LogConfig: Setting CVar [[r.PostProcessAAQuality:4]]
[2025.05.26-16.07.47:846][  0]LogConfig: Applying CVar settings from Section [ShadowQuality@3] File [C:/Users/sasha/Documents/GitHub/unreal_project/Saved/Config/Windows/Scalability.ini]
[2025.05.26-16.07.47:846][  0]LogConfig: Setting CVar [[r.LightFunctionQuality:1]]
[2025.05.26-16.07.47:846][  0]LogConfig: Setting CVar [[r.ShadowQuality:5]]
[2025.05.26-16.07.47:846][  0]LogConfig: Setting CVar [[r.Shadow.CSM.MaxCascades:10]]
[2025.05.26-16.07.47:846][  0]LogConfig: Setting CVar [[r.Shadow.MaxResolution:2048]]
[2025.05.26-16.07.47:846][  0]LogConfig: Setting CVar [[r.Shadow.MaxCSMResolution:2048]]
[2025.05.26-16.07.47:846][  0]LogConfig: Setting CVar [[r.Shadow.RadiusThreshold:0.01]]
[2025.05.26-16.07.47:846][  0]LogConfig: Setting CVar [[r.Shadow.DistanceScale:1.0]]
[2025.05.26-16.07.47:846][  0]LogConfig: Setting CVar [[r.Shadow.CSM.TransitionScale:1.0]]
[2025.05.26-16.07.47:846][  0]LogConfig: Setting CVar [[r.Shadow.PreShadowResolutionFactor:1.0]]
[2025.05.26-16.07.47:846][  0]LogConfig: Setting CVar [[r.DistanceFieldShadowing:1]]
[2025.05.26-16.07.47:846][  0]LogConfig: Setting CVar [[r.DistanceFieldAO:1]]
[2025.05.26-16.07.47:846][  0]LogConfig: Setting CVar [[r.AOQuality:2]]
[2025.05.26-16.07.47:846][  0]LogConfig: Setting CVar [[r.VolumetricFog:1]]
[2025.05.26-16.07.47:846][  0]LogConfig: Setting CVar [[r.VolumetricFog.GridPixelSize:8]]
[2025.05.26-16.07.47:846][  0]LogConfig: Setting CVar [[r.VolumetricFog.GridSizeZ:128]]
[2025.05.26-16.07.47:846][  0]LogConfig: Setting CVar [[r.VolumetricFog.HistoryMissSupersampleCount:4]]
[2025.05.26-16.07.47:846][  0]LogConfig: Setting CVar [[r.LightMaxDrawDistanceScale:1]]
[2025.05.26-16.07.47:846][  0]LogConfig: Setting CVar [[r.CapsuleShadows:1]]
[2025.05.26-16.07.47:846][  0]LogConfig: Applying CVar settings from Section [PostProcessQuality@3] File [C:/Users/sasha/Documents/GitHub/unreal_project/Saved/Config/Windows/Scalability.ini]
[2025.05.26-16.07.47:846][  0]LogConfig: Setting CVar [[r.MotionBlurQuality:4]]
[2025.05.26-16.07.47:846][  0]LogConfig: Setting CVar [[r.AmbientOcclusionMipLevelFactor:0.4]]
[2025.05.26-16.07.47:846][  0]LogConfig: Setting CVar [[r.AmbientOcclusionMaxQuality:100]]
[2025.05.26-16.07.47:846][  0]LogConfig: Setting CVar [[r.AmbientOcclusionLevels:-1]]
[2025.05.26-16.07.47:846][  0]LogConfig: Setting CVar [[r.AmbientOcclusionRadiusScale:1.0]]
[2025.05.26-16.07.47:846][  0]LogConfig: Setting CVar [[r.DepthOfFieldQuality:2]]
[2025.05.26-16.07.47:846][  0]LogConfig: Setting CVar [[r.RenderTargetPoolMin:400]]
[2025.05.26-16.07.47:846][  0]LogConfig: Setting CVar [[r.LensFlareQuality:2]]
[2025.05.26-16.07.47:846][  0]LogConfig: Setting CVar [[r.SceneColorFringeQuality:1]]
[2025.05.26-16.07.47:846][  0]LogConfig: Setting CVar [[r.EyeAdaptationQuality:2]]
[2025.05.26-16.07.47:846][  0]LogConfig: Setting CVar [[r.BloomQuality:5]]
[2025.05.26-16.07.47:846][  0]LogConfig: Setting CVar [[r.FastBlurThreshold:100]]
[2025.05.26-16.07.47:846][  0]LogConfig: Setting CVar [[r.Upscale.Quality:3]]
[2025.05.26-16.07.47:846][  0]LogConfig: Setting CVar [[r.Tonemapper.GrainQuantization:1]]
[2025.05.26-16.07.47:846][  0]LogConfig: Setting CVar [[r.LightShaftQuality:1]]
[2025.05.26-16.07.47:846][  0]LogConfig: Setting CVar [[r.Filter.SizeScale:1]]
[2025.05.26-16.07.47:846][  0]LogConfig: Setting CVar [[r.Tonemapper.Quality:5]]
[2025.05.26-16.07.47:846][  0]LogConfig: Setting CVar [[r.DOF.Gather.AccumulatorQuality:1        ; higher gathering accumulator quality]]
[2025.05.26-16.07.47:846][  0]LogConfig: Setting CVar [[r.DOF.Gather.PostfilterMethod:1          ; Median3x3 postfilering method]]
[2025.05.26-16.07.47:846][  0]LogConfig: Setting CVar [[r.DOF.Gather.EnableBokehSettings:0       ; no bokeh simulation when gathering]]
[2025.05.26-16.07.47:846][  0]LogConfig: Setting CVar [[r.DOF.Gather.RingCount:4                 ; medium number of samples when gathering]]
[2025.05.26-16.07.47:846][  0]LogConfig: Setting CVar [[r.DOF.Scatter.ForegroundCompositing:1    ; additive foreground scattering]]
[2025.05.26-16.07.47:846][  0]LogConfig: Setting CVar [[r.DOF.Scatter.BackgroundCompositing:2    ; additive background scattering]]
[2025.05.26-16.07.47:846][  0]LogConfig: Setting CVar [[r.DOF.Scatter.EnableBokehSettings:1      ; bokeh simulation when scattering]]
[2025.05.26-16.07.47:846][  0]LogConfig: Setting CVar [[r.DOF.Scatter.MaxSpriteRatio:0.1         ; only a maximum of 10% of scattered bokeh]]
[2025.05.26-16.07.47:846][  0]LogConfig: Setting CVar [[r.DOF.Recombine.Quality:1                ; cheap slight out of focus]]
[2025.05.26-16.07.47:846][  0]LogConfig: Setting CVar [[r.DOF.Recombine.EnableBokehSettings:0    ; no bokeh simulation on slight out of focus]]
[2025.05.26-16.07.47:846][  0]LogConfig: Setting CVar [[r.DOF.TemporalAAQuality:1                ; more stable temporal accumulation]]
[2025.05.26-16.07.47:846][  0]LogConfig: Setting CVar [[r.DOF.Kernel.MaxForegroundRadius:0.025]]
[2025.05.26-16.07.47:846][  0]LogConfig: Setting CVar [[r.DOF.Kernel.MaxBackgroundRadius:0.025]]
[2025.05.26-16.07.47:846][  0]LogConfig: Applying CVar settings from Section [TextureQuality@3] File [C:/Users/sasha/Documents/GitHub/unreal_project/Saved/Config/Windows/Scalability.ini]
[2025.05.26-16.07.47:846][  0]LogConfig: Setting CVar [[r.Streaming.MipBias:0]]
[2025.05.26-16.07.47:846][  0]LogConfig: Setting CVar [[r.Streaming.AmortizeCPUToGPUCopy:0]]
[2025.05.26-16.07.47:846][  0]LogConfig: Setting CVar [[r.Streaming.MaxNumTexturesToStreamPerFrame:0]]
[2025.05.26-16.07.47:846][  0]LogConfig: Setting CVar [[r.Streaming.Boost:1]]
[2025.05.26-16.07.47:846][  0]LogConfig: Setting CVar [[r.MaxAnisotropy:8]]
[2025.05.26-16.07.47:846][  0]LogConfig: Setting CVar [[r.VT.MaxAnisotropy:8]]
[2025.05.26-16.07.47:846][  0]LogConfig: Setting CVar [[r.Streaming.LimitPoolSizeToVRAM:0]]
[2025.05.26-16.07.47:846][  0]LogConfig: Setting CVar [[r.Streaming.PoolSize:1000]]
[2025.05.26-16.07.47:846][  0]LogConfig: Setting CVar [[r.Streaming.MaxEffectiveScreenSize:0]]
[2025.05.26-16.07.47:846][  0]LogConfig: Applying CVar settings from Section [EffectsQuality@3] File [C:/Users/sasha/Documents/GitHub/unreal_project/Saved/Config/Windows/Scalability.ini]
[2025.05.26-16.07.47:846][  0]LogConfig: Setting CVar [[r.TranslucencyLightingVolumeDim:64]]
[2025.05.26-16.07.47:846][  0]LogConfig: Setting CVar [[r.RefractionQuality:2]]
[2025.05.26-16.07.47:846][  0]LogConfig: Setting CVar [[r.SSR.Quality:3]]
[2025.05.26-16.07.47:846][  0]LogConfig: Setting CVar [[r.SSR.HalfResSceneColor:0]]
[2025.05.26-16.07.47:846][  0]LogConfig: Setting CVar [[r.SceneColorFormat:4]]
[2025.05.26-16.07.47:846][  0]LogConfig: Setting CVar [[r.DetailMode:2]]
[2025.05.26-16.07.47:846][  0]LogConfig: Setting CVar [[r.TranslucencyVolumeBlur:1]]
[2025.05.26-16.07.47:846][  0]LogConfig: Setting CVar [[r.MaterialQualityLevel:1 ; High quality]]
[2025.05.26-16.07.47:846][  0]LogConfig: Setting CVar [[r.AnisotropicMaterials:1]]
[2025.05.26-16.07.47:846][  0]LogConfig: Setting CVar [[r.SSS.Scale:1]]
[2025.05.26-16.07.47:846][  0]LogConfig: Setting CVar [[r.SSS.SampleSet:2]]
[2025.05.26-16.07.47:846][  0]LogConfig: Setting CVar [[r.SSS.Quality:1]]
[2025.05.26-16.07.47:846][  0]LogConfig: Setting CVar [[r.SSS.HalfRes:0]]
[2025.05.26-16.07.47:846][  0]LogConfig: Setting CVar [[r.SSGI.Quality:3]]
[2025.05.26-16.07.47:846][  0]LogConfig: Setting CVar [[r.EmitterSpawnRateScale:1.0]]
[2025.05.26-16.07.47:846][  0]LogConfig: Setting CVar [[r.ParticleLightQuality:2]]
[2025.05.26-16.07.47:846][  0]LogConfig: Setting CVar [[r.SkyAtmosphere.AerialPerspectiveLUT.FastApplyOnOpaque:1 ; Always have FastSkyLUT 1 in this case to avoid wrong sky]]
[2025.05.26-16.07.47:846][  0]LogConfig: Setting CVar [[r.SkyAtmosphere.AerialPerspectiveLUT.SampleCountMaxPerSlice:4]]
[2025.05.26-16.07.47:846][  0]LogConfig: Setting CVar [[r.SkyAtmosphere.AerialPerspectiveLUT.DepthResolution:16.0]]
[2025.05.26-16.07.47:846][  0]LogConfig: Setting CVar [[r.SkyAtmosphere.FastSkyLUT:1]]
[2025.05.26-16.07.47:846][  0]LogConfig: Setting CVar [[r.SkyAtmosphere.FastSkyLUT.SampleCountMin:4.0]]
[2025.05.26-16.07.47:846][  0]LogConfig: Setting CVar [[r.SkyAtmosphere.FastSkyLUT.SampleCountMax:128.0]]
[2025.05.26-16.07.47:846][  0]LogConfig: Setting CVar [[r.SkyAtmosphere.SampleCountMin:4.0]]
[2025.05.26-16.07.47:846][  0]LogConfig: Setting CVar [[r.SkyAtmosphere.SampleCountMax:128.0]]
[2025.05.26-16.07.47:846][  0]LogConfig: Setting CVar [[r.SkyAtmosphere.TransmittanceLUT.UseSmallFormat:0]]
[2025.05.26-16.07.47:846][  0]LogConfig: Setting CVar [[r.SkyAtmosphere.TransmittanceLUT.SampleCount:10.0]]
[2025.05.26-16.07.47:846][  0]LogConfig: Setting CVar [[r.SkyAtmosphere.MultiScatteringLUT.SampleCount:15.0]]
[2025.05.26-16.07.47:846][  0]LogConfig: Setting CVar [[r.SkyLight.RealTimeReflectionCapture:1]]
[2025.05.26-16.07.47:846][  0]LogConfig: Applying CVar settings from Section [FoliageQuality@3] File [C:/Users/sasha/Documents/GitHub/unreal_project/Saved/Config/Windows/Scalability.ini]
[2025.05.26-16.07.47:846][  0]LogConfig: Setting CVar [[foliage.DensityScale:1.0]]
[2025.05.26-16.07.47:846][  0]LogConfig: Setting CVar [[grass.DensityScale:1.0]]
[2025.05.26-16.07.47:846][  0]LogConfig: Applying CVar settings from Section [ShadingQuality@3] File [C:/Users/sasha/Documents/GitHub/unreal_project/Saved/Config/Windows/Scalability.ini]
[2025.05.26-16.07.47:846][  0]LogConfig: Setting CVar [[r.HairStrands.SkyLighting.IntegrationType:2]]
[2025.05.26-16.07.47:846][  0]LogConfig: Setting CVar [[r.HairStrands.SkyAO.SampleCount:4]]
[2025.05.26-16.07.47:846][  0]LogConfig: Setting CVar [[r.HairStrands.Visibility.MSAA.SamplePerPixel:4]]
[2025.05.26-16.07.47:846][  0]LogInit: Selected Device Profile: [Windows]
[2025.05.26-16.07.47:846][  0]LogInit: Applying CVar settings loaded from the selected device profile: [Windows]
[2025.05.26-16.07.47:846][  0]LogHAL: Display: Platform has ~ 32 GB [34046914560 / 34359738368 / 32], which maps to Largest [LargestMinGB=32, LargerMinGB=12, DefaultMinGB=8, SmallerMinGB=6, SmallestMinGB=0)
[2025.05.26-16.07.47:846][  0]LogInit: Going up to parent DeviceProfile []
[2025.05.26-16.07.47:847][  0]LogConfig: Applying CVar settings from Section [ViewDistanceQuality@1] File [C:/Users/sasha/Documents/GitHub/unreal_project/Saved/Config/Windows/Scalability.ini]
[2025.05.26-16.07.47:847][  0]LogConfig: Setting CVar [[r.SkeletalMeshLODBias:1]]
[2025.05.26-16.07.47:847][  0]LogConfig: Setting CVar [[r.ViewDistanceScale:0.6]]
[2025.05.26-16.07.47:847][  0]LogConfig: Applying CVar settings from Section [AntiAliasingQuality@1] File [C:/Users/sasha/Documents/GitHub/unreal_project/Saved/Config/Windows/Scalability.ini]
[2025.05.26-16.07.47:847][  0]LogConfig: Setting CVar [[r.PostProcessAAQuality:2]]
[2025.05.26-16.07.47:847][  0]LogConfig: Applying CVar settings from Section [ShadowQuality@1] File [C:/Users/sasha/Documents/GitHub/unreal_project/Saved/Config/Windows/Scalability.ini]
[2025.05.26-16.07.47:847][  0]LogConfig: Setting CVar [[r.LightFunctionQuality:1]]
[2025.05.26-16.07.47:847][  0]LogConfig: Setting CVar [[r.ShadowQuality:3]]
[2025.05.26-16.07.47:847][  0]LogConfig: Setting CVar [[r.Shadow.CSM.MaxCascades:1]]
[2025.05.26-16.07.47:847][  0]LogConfig: Setting CVar [[r.Shadow.MaxResolution:1024]]
[2025.05.26-16.07.47:847][  0]LogConfig: Setting CVar [[r.Shadow.MaxCSMResolution:1024]]
[2025.05.26-16.07.47:847][  0]LogConfig: Setting CVar [[r.Shadow.RadiusThreshold:0.05]]
[2025.05.26-16.07.47:847][  0]LogConfig: Setting CVar [[r.Shadow.DistanceScale:0.7]]
[2025.05.26-16.07.47:847][  0]LogConfig: Setting CVar [[r.Shadow.CSM.TransitionScale:0.25]]
[2025.05.26-16.07.47:847][  0]LogConfig: Setting CVar [[r.Shadow.PreShadowResolutionFactor:0.5]]
[2025.05.26-16.07.47:847][  0]LogConfig: Setting CVar [[r.DistanceFieldShadowing:0]]
[2025.05.26-16.07.47:847][  0]LogConfig: Setting CVar [[r.DistanceFieldAO:0]]
[2025.05.26-16.07.47:847][  0]LogConfig: Setting CVar [[r.VolumetricFog:0]]
[2025.05.26-16.07.47:847][  0]LogConfig: Setting CVar [[r.LightMaxDrawDistanceScale:.5]]
[2025.05.26-16.07.47:847][  0]LogConfig: Setting CVar [[r.CapsuleShadows:1]]
[2025.05.26-16.07.47:847][  0]LogConfig: Applying CVar settings from Section [PostProcessQuality@1] File [C:/Users/sasha/Documents/GitHub/unreal_project/Saved/Config/Windows/Scalability.ini]
[2025.05.26-16.07.47:847][  0]LogConfig: Setting CVar [[r.MotionBlurQuality:3]]
[2025.05.26-16.07.47:847][  0]LogConfig: Setting CVar [[r.AmbientOcclusionMipLevelFactor:1.0]]
[2025.05.26-16.07.47:847][  0]LogConfig: Setting CVar [[r.AmbientOcclusionMaxQuality:60]]
[2025.05.26-16.07.47:847][  0]LogConfig: Setting CVar [[r.AmbientOcclusionLevels:-1]]
[2025.05.26-16.07.47:847][  0]LogConfig: Setting CVar [[r.AmbientOcclusionRadiusScale:1.5]]
[2025.05.26-16.07.47:847][  0]LogConfig: Setting CVar [[r.DepthOfFieldQuality:1]]
[2025.05.26-16.07.47:847][  0]LogConfig: Setting CVar [[r.RenderTargetPoolMin:350]]
[2025.05.26-16.07.47:847][  0]LogConfig: Setting CVar [[r.LensFlareQuality:0]]
[2025.05.26-16.07.47:847][  0]LogConfig: Setting CVar [[r.SceneColorFringeQuality:0]]
[2025.05.26-16.07.47:847][  0]LogConfig: Setting CVar [[r.EyeAdaptationQuality:2]]
[2025.05.26-16.07.47:847][  0]LogConfig: Setting CVar [[r.BloomQuality:4]]
[2025.05.26-16.07.47:847][  0]LogConfig: Setting CVar [[r.FastBlurThreshold:2]]
[2025.05.26-16.07.47:847][  0]LogConfig: Setting CVar [[r.Upscale.Quality:2]]
[2025.05.26-16.07.47:847][  0]LogConfig: Setting CVar [[r.Tonemapper.GrainQuantization:0]]
[2025.05.26-16.07.47:847][  0]LogConfig: Setting CVar [[r.LightShaftQuality:0]]
[2025.05.26-16.07.47:847][  0]LogConfig: Setting CVar [[r.Filter.SizeScale:0.7]]
[2025.05.26-16.07.47:847][  0]LogConfig: Setting CVar [[r.Tonemapper.Quality:2]]
[2025.05.26-16.07.47:847][  0]LogConfig: Setting CVar [[r.DOF.Gather.AccumulatorQuality:0        ; lower gathering accumulator quality]]
[2025.05.26-16.07.47:847][  0]LogConfig: Setting CVar [[r.DOF.Gather.PostfilterMethod:2          ; Max3x3 postfilering method]]
[2025.05.26-16.07.47:847][  0]LogConfig: Setting CVar [[r.DOF.Gather.EnableBokehSettings:0       ; no bokeh simulation when gathering]]
[2025.05.26-16.07.47:847][  0]LogConfig: Setting CVar [[r.DOF.Gather.RingCount:3                 ; low number of samples when gathering]]
[2025.05.26-16.07.47:847][  0]LogConfig: Setting CVar [[r.DOF.Scatter.ForegroundCompositing:0    ; no foreground scattering]]
[2025.05.26-16.07.47:847][  0]LogConfig: Setting CVar [[r.DOF.Scatter.BackgroundCompositing:0    ; no foreground scattering]]
[2025.05.26-16.07.47:847][  0]LogConfig: Setting CVar [[r.DOF.Recombine.Quality:0                ; no slight out of focus]]
[2025.05.26-16.07.47:847][  0]LogConfig: Setting CVar [[r.DOF.TemporalAAQuality:0                ; faster temporal accumulation]]
[2025.05.26-16.07.47:847][  0]LogConfig: Setting CVar [[r.DOF.Kernel.MaxForegroundRadius:0.006   ; required because low gathering and no scattering and not looking great at 1080p]]
[2025.05.26-16.07.47:847][  0]LogConfig: Setting CVar [[r.DOF.Kernel.MaxBackgroundRadius:0.006   ; required because low gathering and no scattering and not looking great at 1080p]]
[2025.05.26-16.07.47:847][  0]LogConfig: Applying CVar settings from Section [TextureQuality@1] File [C:/Users/sasha/Documents/GitHub/unreal_project/Saved/Config/Windows/Scalability.ini]
[2025.05.26-16.07.47:847][  0]LogConfig: Setting CVar [[r.Streaming.MipBias:1]]
[2025.05.26-16.07.47:847][  0]LogConfig: Setting CVar [[r.Streaming.AmortizeCPUToGPUCopy:0]]
[2025.05.26-16.07.47:847][  0]LogConfig: Setting CVar [[r.Streaming.MaxNumTexturesToStreamPerFrame:0]]
[2025.05.26-16.07.47:847][  0]LogConfig: Setting CVar [[r.Streaming.Boost:1]]
[2025.05.26-16.07.47:847][  0]LogConfig: Setting CVar [[r.MaxAnisotropy:2]]
[2025.05.26-16.07.47:847][  0]LogConfig: Setting CVar [[r.VT.MaxAnisotropy:4]]
[2025.05.26-16.07.47:847][  0]LogConfig: Setting CVar [[r.Streaming.LimitPoolSizeToVRAM:1]]
[2025.05.26-16.07.47:847][  0]LogConfig: Setting CVar [[r.Streaming.PoolSize:600]]
[2025.05.26-16.07.47:847][  0]LogConfig: Setting CVar [[r.Streaming.MaxEffectiveScreenSize:0]]
[2025.05.26-16.07.47:847][  0]LogConfig: Applying CVar settings from Section [EffectsQuality@1] File [C:/Users/sasha/Documents/GitHub/unreal_project/Saved/Config/Windows/Scalability.ini]
[2025.05.26-16.07.47:847][  0]LogConfig: Setting CVar [[r.TranslucencyLightingVolumeDim:32]]
[2025.05.26-16.07.47:847][  0]LogConfig: Setting CVar [[r.RefractionQuality:0]]
[2025.05.26-16.07.47:847][  0]LogConfig: Setting CVar [[r.SSR.Quality:0]]
[2025.05.26-16.07.47:847][  0]LogConfig: Setting CVar [[r.SSR.HalfResSceneColor:1]]
[2025.05.26-16.07.47:847][  0]LogConfig: Setting CVar [[r.SceneColorFormat:3]]
[2025.05.26-16.07.47:847][  0]LogConfig: Setting CVar [[r.DetailMode:1]]
[2025.05.26-16.07.47:847][  0]LogConfig: Setting CVar [[r.TranslucencyVolumeBlur:0]]
[2025.05.26-16.07.47:847][  0]LogConfig: Setting CVar [[r.MaterialQualityLevel:2 ; Medium quality]]
[2025.05.26-16.07.47:847][  0]LogConfig: Setting CVar [[r.AnisotropicMaterials:0]]
[2025.05.26-16.07.47:847][  0]LogConfig: Setting CVar [[r.SSS.Scale:0.75]]
[2025.05.26-16.07.47:847][  0]LogConfig: Setting CVar [[r.SSS.SampleSet:0]]
[2025.05.26-16.07.47:847][  0]LogConfig: Setting CVar [[r.SSS.Quality:0]]
[2025.05.26-16.07.47:847][  0]LogConfig: Setting CVar [[r.SSS.HalfRes:1]]
[2025.05.26-16.07.47:847][  0]LogConfig: Setting CVar [[r.SSGI.Quality:1]]
[2025.05.26-16.07.47:847][  0]LogConfig: Setting CVar [[r.EmitterSpawnRateScale:0.25]]
[2025.05.26-16.07.47:847][  0]LogConfig: Setting CVar [[r.ParticleLightQuality:0]]
[2025.05.26-16.07.47:847][  0]LogConfig: Setting CVar [[r.SkyAtmosphere.AerialPerspectiveLUT.FastApplyOnOpaque:1 ; Always have FastSkyLUT 1 in this case to avoid wrong sky]]
[2025.05.26-16.07.47:847][  0]LogConfig: Setting CVar [[r.SkyAtmosphere.AerialPerspectiveLUT.SampleCountMaxPerSlice:1]]
[2025.05.26-16.07.47:847][  0]LogConfig: Setting CVar [[r.SkyAtmosphere.AerialPerspectiveLUT.DepthResolution:16.0]]
[2025.05.26-16.07.47:847][  0]LogConfig: Setting CVar [[r.SkyAtmosphere.FastSkyLUT:1]]
[2025.05.26-16.07.47:847][  0]LogConfig: Setting CVar [[r.SkyAtmosphere.FastSkyLUT.SampleCountMin:4.0]]
[2025.05.26-16.07.47:847][  0]LogConfig: Setting CVar [[r.SkyAtmosphere.FastSkyLUT.SampleCountMax:32.0]]
[2025.05.26-16.07.47:847][  0]LogConfig: Setting CVar [[r.SkyAtmosphere.SampleCountMin:4.0]]
[2025.05.26-16.07.47:847][  0]LogConfig: Setting CVar [[r.SkyAtmosphere.SampleCountMax:32.0]]
[2025.05.26-16.07.47:847][  0]LogConfig: Setting CVar [[r.SkyAtmosphere.TransmittanceLUT.UseSmallFormat:0]]
[2025.05.26-16.07.47:847][  0]LogConfig: Setting CVar [[r.SkyAtmosphere.TransmittanceLUT.SampleCount:10.0]]
[2025.05.26-16.07.47:847][  0]LogConfig: Setting CVar [[r.SkyAtmosphere.MultiScatteringLUT.SampleCount:15.0]]
[2025.05.26-16.07.47:847][  0]LogConfig: Setting CVar [[r.SkyLight.RealTimeReflectionCapture:0]]
[2025.05.26-16.07.47:847][  0]LogConfig: Applying CVar settings from Section [FoliageQuality@1] File [C:/Users/sasha/Documents/GitHub/unreal_project/Saved/Config/Windows/Scalability.ini]
[2025.05.26-16.07.47:847][  0]LogConfig: Setting CVar [[foliage.DensityScale:0.4]]
[2025.05.26-16.07.47:847][  0]LogConfig: Setting CVar [[grass.DensityScale:0.4]]
[2025.05.26-16.07.47:847][  0]LogConfig: Applying CVar settings from Section [ShadingQuality@1] File [C:/Users/sasha/Documents/GitHub/unreal_project/Saved/Config/Windows/Scalability.ini]
[2025.05.26-16.07.47:847][  0]LogConfig: Setting CVar [[r.HairStrands.SkyLighting.IntegrationType:2]]
[2025.05.26-16.07.47:847][  0]LogConfig: Setting CVar [[r.HairStrands.SkyAO.SampleCount:4]]
[2025.05.26-16.07.47:847][  0]LogConfig: Setting CVar [[r.HairStrands.Visibility.MSAA.SamplePerPixel:1]]
[2025.05.26-16.07.47:847][  0]LogConfig: Applying CVar settings from Section [Startup] File [../../../Engine/Config/ConsoleVariables.ini]
[2025.05.26-16.07.47:848][  0]LogConfig: Setting CVar [[net.UseAdaptiveNetUpdateFrequency:0]]
[2025.05.26-16.07.47:848][  0]LogConfig: Setting CVar [[p.chaos.AllowCreatePhysxBodies:1]]
[2025.05.26-16.07.47:848][  0]LogConfig: Setting CVar [[fx.SkipVectorVMBackendOptimizations:1]]
[2025.05.26-16.07.47:848][  0]LogConfig: Applying CVar settings from Section [ConsoleVariables] File [C:/Users/sasha/Documents/GitHub/unreal_project/Saved/Config/Windows/Engine.ini]
[2025.05.26-16.07.47:848][  0]LogConfig: Applying CVar settings from Section [ConsoleVariables] File [C:/Users/sasha/Documents/GitHub/unreal_project/Saved/Config/Windows/Editor.ini]
[2025.05.26-16.07.47:848][  0]LogInit: Computer: ALEXF
[2025.05.26-16.07.47:848][  0]LogInit: User: sasha
[2025.05.26-16.07.47:848][  0]LogInit: CPU Page size=4096, Cores=6
[2025.05.26-16.07.47:848][  0]LogInit: High frequency timer resolution =10.000000 MHz
[2025.05.26-16.07.47:848][  0]LogMemory: Memory total: Physical=31.7GB (32GB approx)
[2025.05.26-16.07.47:848][  0]LogMemory: Platform Memory Stats for Windows
[2025.05.26-16.07.47:848][  0]LogMemory: Process Physical Memory: 148.17 MB used, 148.17 MB peak
[2025.05.26-16.07.47:848][  0]LogMemory: Process Virtual Memory: 129.76 MB used, 129.76 MB peak
[2025.05.26-16.07.47:848][  0]LogMemory: Physical Memory: 7193.52 MB used,  25276.15 MB free, 32469.67 MB total
[2025.05.26-16.07.47:848][  0]LogMemory: Virtual Memory: 134187072.00 MB used,  30654.26 MB free, 134217728.00 MB total
[2025.05.26-16.07.47:879][  0]LogWindows: WindowsPlatformFeatures enabled
[2025.05.26-16.07.47:917][  0]LogInit: Physics initialised using underlying interface: PhysX
[2025.05.26-16.07.47:918][  0]LogInit: Using OS detected language (ru-RU).
[2025.05.26-16.07.47:918][  0]LogInit: Using OS detected locale (ru-RU).
[2025.05.26-16.07.47:922][  0]LogTextLocalizationManager: No specific localization for 'ru-RU' exists, so the 'ru' localization will be used.
[2025.05.26-16.07.47:922][  0]LogTextLocalizationResource: LocRes '../../../Engine/Content/Localization/Editor/ru/Editor.locres' could not be opened for reading!
[2025.05.26-16.07.47:922][  0]LogTextLocalizationResource: LocRes '../../../Engine/Content/Localization/EditorTutorials/ru/EditorTutorials.locres' could not be opened for reading!
[2025.05.26-16.07.47:922][  0]LogTextLocalizationResource: LocRes '../../../Engine/Content/Localization/Keywords/ru/Keywords.locres' could not be opened for reading!
[2025.05.26-16.07.47:922][  0]LogTextLocalizationResource: LocRes '../../../Engine/Content/Localization/Category/ru/Category.locres' could not be opened for reading!
[2025.05.26-16.07.47:922][  0]LogTextLocalizationResource: LocRes '../../../Engine/Content/Localization/ToolTips/ru/ToolTips.locres' could not be opened for reading!
[2025.05.26-16.07.47:922][  0]LogTextLocalizationResource: LocRes '../../../Engine/Content/Localization/PropertyNames/ru/PropertyNames.locres' could not be opened for reading!
[2025.05.26-16.07.47:922][  0]LogTextLocalizationResource: LocRes '../../../Engine/Content/Localization/Engine/ru/Engine.locres' could not be opened for reading!
[2025.05.26-16.07.47:923][  0]LogInit: Setting process to per monitor DPI aware
[2025.05.26-16.07.47:934][  0]LogWindowsTextInputMethodSystem: Display: IME system deactivated.
[2025.05.26-16.07.47:943][  0]LogSlate: New Slate User Created.  User Index 0, Is Virtual User: 0
[2025.05.26-16.07.47:943][  0]LogSlate: Slate User Registered.  User Index 0, Is Virtual User: 0
[2025.05.26-16.07.48:080][  0]LogD3D11RHI: Loaded GFSDK_Aftermath_Lib.x64.dll
[2025.05.26-16.07.48:164][  0]LogHMD: Optional extension XR_VARJO_quad_views is not available
[2025.05.26-16.07.48:191][  0]LogHMD: Failed to create an OpenXR instance, result is XR_ERROR_RUNTIME_FAILURE. Please check if you have an OpenXR runtime installed. The following extensions were enabled:
[2025.05.26-16.07.48:191][  0]LogHMD: - XR_KHR_D3D11_enable
[2025.05.26-16.07.48:191][  0]LogHMD: - XR_KHR_D3D12_enable
[2025.05.26-16.07.48:191][  0]LogHMD: - XR_KHR_opengl_enable
[2025.05.26-16.07.48:191][  0]LogHMD: - XR_KHR_vulkan_enable
[2025.05.26-16.07.48:191][  0]LogHMD: - XR_KHR_composition_layer_depth
[2025.05.26-16.07.48:191][  0]LogHMD: - XR_KHR_visibility_mask
[2025.05.26-16.07.48:191][  0]LogHMD: - XR_EXT_hand_tracking
[2025.05.26-16.07.48:191][  0]LogHMD: - XR_EXT_eye_gaze_interaction
[2025.05.26-16.07.48:191][  0]LogD3D11RHI: D3D11 min allowed feature level: 11_0
[2025.05.26-16.07.48:191][  0]LogD3D11RHI: D3D11 max allowed feature level: 11_0
[2025.05.26-16.07.48:191][  0]LogD3D11RHI: D3D11 adapters:
[2025.05.26-16.07.48:346][  0]LogD3D11RHI:    0. 'NVIDIA GeForce RTX 3050 Ti Laptop GPU' (Feature Level 11_0)
[2025.05.26-16.07.48:346][  0]LogD3D11RHI:       3965/0/16234 MB DedicatedVideo/DedicatedSystem/SharedSystem, Outputs:2, VendorId:0x10de
[2025.05.26-16.07.48:377][  0]LogD3D11RHI:    1. 'Intel(R) UHD Graphics' (Feature Level 11_0)
[2025.05.26-16.07.48:377][  0]LogD3D11RHI:       128/0/16234 MB DedicatedVideo/DedicatedSystem/SharedSystem, Outputs:0, VendorId:0x8086
[2025.05.26-16.07.48:380][  0]LogD3D11RHI:    2. 'Microsoft Basic Render Driver' (Feature Level 11_0)
[2025.05.26-16.07.48:381][  0]LogD3D11RHI:       0/0/16234 MB DedicatedVideo/DedicatedSystem/SharedSystem, Outputs:0, VendorId:0x1414
[2025.05.26-16.07.48:381][  0]LogD3D11RHI: Chosen D3D11 Adapter:
[2025.05.26-16.07.48:381][  0]LogD3D11RHI:     Description : NVIDIA GeForce RTX 3050 Ti Laptop GPU
[2025.05.26-16.07.48:381][  0]LogD3D11RHI:     VendorId    : 10de
[2025.05.26-16.07.48:381][  0]LogD3D11RHI:     DeviceId    : 25a0
[2025.05.26-16.07.48:381][  0]LogD3D11RHI:     SubSysId    : 132e1462
[2025.05.26-16.07.48:381][  0]LogD3D11RHI:     Revision    : 00a1
[2025.05.26-16.07.48:381][  0]LogD3D11RHI:     DedicatedVideoMemory : 4157603840 bytes
[2025.05.26-16.07.48:381][  0]LogD3D11RHI:     DedicatedSystemMemory : 0 bytes
[2025.05.26-16.07.48:381][  0]LogD3D11RHI:     SharedSystemMemory : 17023457280 bytes
[2025.05.26-16.07.48:381][  0]LogD3D11RHI:     AdapterLuid : 0 58710
[2025.05.26-16.07.48:386][  0]LogD3D11RHI: Creating new Direct3DDevice
[2025.05.26-16.07.48:386][  0]LogD3D11RHI:     GPU DeviceId: 0x25a0 (for the marketing name, search the web for "GPU Device Id")
[2025.05.26-16.07.48:386][  0]LogWindows: EnumDisplayDevices:
[2025.05.26-16.07.48:386][  0]LogWindows:    0. 'Intel(R) UHD Graphics' (P:1 D:1)
[2025.05.26-16.07.48:386][  0]LogWindows:    1. 'Intel(R) UHD Graphics' (P:0 D:1)
[2025.05.26-16.07.48:386][  0]LogWindows:    2. 'Intel(R) UHD Graphics' (P:0 D:0)
[2025.05.26-16.07.48:386][  0]LogWindows:    3. 'Intel(R) UHD Graphics' (P:0 D:0)
[2025.05.26-16.07.48:386][  0]LogWindows: DebugString: PrimaryIsNotTheChoosenAdapter PrimaryIsNotTheChoosenAdapter PrimaryIsNotTheChoosenAdapter PrimaryIsNotTheChoosenAdapter FoundDriverCount:0 
[2025.05.26-16.07.48:386][  0]LogD3D11RHI:     Adapter Name: NVIDIA GeForce RTX 3050 Ti Laptop GPU
[2025.05.26-16.07.48:386][  0]LogD3D11RHI:   Driver Version: Unknown (internal:Unknown, unified:Unknown)
[2025.05.26-16.07.48:386][  0]LogD3D11RHI:      Driver Date: Unknown
[2025.05.26-16.07.48:386][  0]LogRHI: Texture pool is 2775 MB (70% of 3965 MB)
[2025.05.26-16.07.48:386][  0]LogD3D11RHI: Creating D3DDevice using adapter:
[2025.05.26-16.07.48:386][  0]LogD3D11RHI:     Description : NVIDIA GeForce RTX 3050 Ti Laptop GPU
[2025.05.26-16.07.48:386][  0]LogD3D11RHI:     VendorId    : 10de
[2025.05.26-16.07.48:386][  0]LogD3D11RHI:     DeviceId    : 25a0
[2025.05.26-16.07.48:386][  0]LogD3D11RHI:     SubSysId    : 132e1462
[2025.05.26-16.07.48:386][  0]LogD3D11RHI:     Revision    : 00a1
[2025.05.26-16.07.48:386][  0]LogD3D11RHI:     DedicatedVideoMemory : 4157603840 bytes
[2025.05.26-16.07.48:386][  0]LogD3D11RHI:     DedicatedSystemMemory : 0 bytes
[2025.05.26-16.07.48:386][  0]LogD3D11RHI:     SharedSystemMemory : 17023457280 bytes
[2025.05.26-16.07.48:386][  0]LogD3D11RHI:     AdapterLuid : 0 58710
[2025.05.26-16.07.48:476][  0]LogD3D11RHI: RHI has support for 64 bit atomics
[2025.05.26-16.07.48:477][  0]LogD3D11RHI: Async texture creation enabled
[2025.05.26-16.07.48:477][  0]LogD3D11RHI: Array index from any shader is supported
[2025.05.26-16.07.48:498][  0]LogD3D11RHI: GPU Timing Frequency: 1000.000000 (Debug: 2 2)
[2025.05.26-16.07.48:527][  0]LogRHI: GeForceNow SDK initialized: 1
[2025.05.26-16.07.48:825][  0]LogTargetPlatformManager: Display: Loaded TargetPlatform 'AllDesktop'
[2025.05.26-16.07.48:846][  0]LogTargetPlatformManager: Display: Loaded TargetPlatform 'Android'
[2025.05.26-16.07.48:846][  0]LogTargetPlatformManager: Display: Loaded TargetPlatform 'Android_ASTC'
[2025.05.26-16.07.48:846][  0]LogTargetPlatformManager: Display: Loaded TargetPlatform 'Android_DXT'
[2025.05.26-16.07.48:846][  0]LogTargetPlatformManager: Display: Loaded TargetPlatform 'Android_ETC2'
[2025.05.26-16.07.48:846][  0]LogTargetPlatformManager: Display: Loaded TargetPlatform 'AndroidClient'
[2025.05.26-16.07.48:846][  0]LogTargetPlatformManager: Display: Loaded TargetPlatform 'Android_ASTCClient'
[2025.05.26-16.07.48:846][  0]LogTargetPlatformManager: Display: Loaded TargetPlatform 'Android_DXTClient'
[2025.05.26-16.07.48:847][  0]LogTargetPlatformManager: Display: Loaded TargetPlatform 'Android_ETC2Client'
[2025.05.26-16.07.48:847][  0]LogTargetPlatformManager: Display: Loaded TargetPlatform 'Android_Multi'
[2025.05.26-16.07.48:847][  0]LogTargetPlatformManager: Display: Loaded TargetPlatform 'Android_MultiClient'
[2025.05.26-16.07.48:865][  0]LogTargetPlatformManager: Display: Loaded TargetPlatform 'IOSClient'
[2025.05.26-16.07.48:865][  0]LogTargetPlatformManager: Display: Loaded TargetPlatform 'IOS'
[2025.05.26-16.07.48:875][  0]LogTargetPlatformManager: Display: Loaded TargetPlatform 'Linux'
[2025.05.26-16.07.48:879][  0]LogTargetPlatformManager: Display: Loaded TargetPlatform 'LinuxNoEditor'
[2025.05.26-16.07.48:884][  0]LogTargetPlatformManager: Display: Loaded TargetPlatform 'LinuxClient'
[2025.05.26-16.07.48:889][  0]LogTargetPlatformManager: Display: Loaded TargetPlatform 'LinuxServer'
[2025.05.26-16.07.48:898][  0]LogTargetPlatformManager: Display: Loaded TargetPlatform 'LinuxAArch64NoEditor'
[2025.05.26-16.07.48:902][  0]LogTargetPlatformManager: Display: Loaded TargetPlatform 'LinuxAArch64Client'
[2025.05.26-16.07.48:907][  0]LogTargetPlatformManager: Display: Loaded TargetPlatform 'LinuxAArch64Server'
[2025.05.26-16.07.48:930][  0]LogTargetPlatformManager: Display: Loaded TargetPlatform 'Lumin'
[2025.05.26-16.07.48:930][  0]LogTargetPlatformManager: Display: Loaded TargetPlatform 'LuminClient'
[2025.05.26-16.07.48:938][  0]LogTargetPlatformManager: Display: Loaded TargetPlatform 'MacNoEditor'
[2025.05.26-16.07.48:943][  0]LogTargetPlatformManager: Display: Loaded TargetPlatform 'Mac'
[2025.05.26-16.07.48:947][  0]LogTargetPlatformManager: Display: Loaded TargetPlatform 'MacClient'
[2025.05.26-16.07.48:952][  0]LogTargetPlatformManager: Display: Loaded TargetPlatform 'MacServer'
[2025.05.26-16.07.48:962][  0]LogTargetPlatformManager: Display: Loaded TargetPlatform 'TVOSClient'
[2025.05.26-16.07.48:962][  0]LogTargetPlatformManager: Display: Loaded TargetPlatform 'TVOS'
[2025.05.26-16.07.48:970][  0]LogTargetPlatformManager: Display: Loaded TargetPlatform 'WindowsNoEditor'
[2025.05.26-16.07.48:975][  0]LogTargetPlatformManager: Display: Loaded TargetPlatform 'Windows'
[2025.05.26-16.07.48:980][  0]LogTargetPlatformManager: Display: Loaded TargetPlatform 'WindowsClient'
[2025.05.26-16.07.48:984][  0]LogTargetPlatformManager: Display: Loaded TargetPlatform 'WindowsServer'
[2025.05.26-16.07.48:984][  0]LogTargetPlatformManager: Display: Building Assets For Windows
[2025.05.26-16.07.48:992][  0]LogAudioDebug: Display: Lib vorbis DLL was dynamically loaded.
[2025.05.26-16.07.49:020][  0]LogTextureFormatOodle: Display: Oodle Texture 2.9.0 init RDO Off
[2025.05.26-16.07.49:050][  0]LogRendererCore: Ray tracing is disabled. Reason: r.RayTracing=0.
[2025.05.26-16.07.49:050][  0]LogShaderCompilers: Guid format shader working directory is -16 characters bigger than the processId version (../../../../../../Users/sasha/Documents/GitHub/unreal_project/Intermediate/Shaders/WorkingDirectory/16828/).
[2025.05.26-16.07.49:050][  0]LogShaderCompilers: Cleaned the shader compiler working directory 'C:/Users/sasha/AppData/Local/Temp/UnrealShaderWorkingDir/CED9EAD348388EA51AD90985518D1C76/'.
[2025.05.26-16.07.49:050][  0]LogXGEController: Cannot use XGE Controller as Incredibuild is not installed on this machine.
[2025.05.26-16.07.49:051][  0]LogShaderCompilers: Cannot use XGE Shader Compiler as Incredibuild is not installed on this machine.
[2025.05.26-16.07.49:051][  0]LogShaderCompilers: Display: Using Local Shader Compiler.
[2025.05.26-16.07.49:726][  0]LogDerivedDataCache: Display: Max Cache Size: 512 MB
[2025.05.26-16.07.49:791][  0]LogDerivedDataCache: Loaded boot cache 0.06s 122MB C:/Users/sasha/AppData/Local/UnrealEngine/4.27/DerivedDataCache/Boot.ddc.
[2025.05.26-16.07.49:791][  0]LogDerivedDataCache: Display: Loaded Boot cache: C:/Users/sasha/AppData/Local/UnrealEngine/4.27/DerivedDataCache/Boot.ddc
[2025.05.26-16.07.49:791][  0]LogDerivedDataCache: FDerivedDataBackendGraph:  Pak pak cache file ../../../../../../Users/sasha/Documents/GitHub/unreal_project/DerivedDataCache/DDC.ddp not found, will not use a pak cache.
[2025.05.26-16.07.49:791][  0]LogDerivedDataCache: Unable to find inner node Pak for hierarchical cache Hierarchy.
[2025.05.26-16.07.49:791][  0]LogDerivedDataCache: FDerivedDataBackendGraph:  CompressedPak pak cache file ../../../../../../Users/sasha/Documents/GitHub/unreal_project/DerivedDataCache/Compressed.ddp not found, will not use a pak cache.
[2025.05.26-16.07.49:791][  0]LogDerivedDataCache: Unable to find inner node CompressedPak for hierarchical cache Hierarchy.
[2025.05.26-16.07.49:807][  0]LogDerivedDataCache: Display: Pak cache opened for reading ../../../Engine/DerivedDataCache/Compressed.ddp.
[2025.05.26-16.07.49:807][  0]LogDerivedDataCache: FDerivedDataBackendGraph:  EnterprisePak pak cache file ../../../Enterprise/DerivedDataCache/Compressed.ddp not found, will not use a pak cache.
[2025.05.26-16.07.49:807][  0]LogDerivedDataCache: Unable to find inner node EnterprisePak for hierarchical cache Hierarchy.
[2025.05.26-16.07.49:816][  0]LogDerivedDataCache: Speed tests for C:/Users/sasha/AppData/Local/UnrealEngine/Common/DerivedDataCache took 0.01 seconds
[2025.05.26-16.07.49:816][  0]LogDerivedDataCache: Display: Performance to C:/Users/sasha/AppData/Local/UnrealEngine/Common/DerivedDataCache: Latency=0.02ms. RandomReadSpeed=608.47MBs, RandomWriteSpeed=147.60MBs. Assigned SpeedClass 'Local'
[2025.05.26-16.07.49:817][  0]LogDerivedDataCache: Using Local data cache path C:/Users/sasha/AppData/Local/UnrealEngine/Common/DerivedDataCache: Writable
[2025.05.26-16.07.49:817][  0]LogDerivedDataCache: Shared data cache path not found in *engine.ini, will not use an Shared cache.
[2025.05.26-16.07.49:817][  0]LogDerivedDataCache: Unable to find inner node Shared for hierarchical cache Hierarchy.
[2025.05.26-16.07.49:857][  0]LogSlate: Using FreeType 2.10.0
[2025.05.26-16.07.49:858][  0]LogSlate: SlateFontServices - WITH_FREETYPE: 1, WITH_HARFBUZZ: 1
[2025.05.26-16.07.49:883][  0]LogHMD: Optional extension XR_VARJO_quad_views is not available
[2025.05.26-16.07.49:907][  0]LogHMD: Failed to create an OpenXR instance, result is XR_ERROR_RUNTIME_FAILURE. Please check if you have an OpenXR runtime installed. The following extensions were enabled:
[2025.05.26-16.07.49:907][  0]LogHMD: - XR_KHR_D3D11_enable
[2025.05.26-16.07.49:907][  0]LogHMD: - XR_KHR_D3D12_enable
[2025.05.26-16.07.49:907][  0]LogHMD: - XR_KHR_opengl_enable
[2025.05.26-16.07.49:907][  0]LogHMD: - XR_KHR_vulkan_enable
[2025.05.26-16.07.49:907][  0]LogHMD: - XR_KHR_composition_layer_depth
[2025.05.26-16.07.49:907][  0]LogHMD: - XR_KHR_visibility_mask
[2025.05.26-16.07.49:907][  0]LogHMD: - XR_EXT_hand_tracking
[2025.05.26-16.07.49:907][  0]LogHMD: - XR_EXT_eye_gaze_interaction
[2025.05.26-16.07.49:931][  0]LogAssetRegistry: FAssetRegistry took 0.0031 seconds to start up
[2025.05.26-16.07.50:171][  0]LogInit: Selected Device Profile: [Windows]
[2025.05.26-16.07.50:171][  0]LogInit: Active device profile: [0000016B53530900][0000016B542E0240 49] Windows
[2025.05.26-16.07.50:171][  0]LogInit: Profiles: [0000016B53530900][0000016B542E0240 49] Windows, [0000016B534EF800][0000016B543183C0 49] WindowsNoEditor, [0000016B53533500][0000016B5431C540 49] WindowsServer, [0000016B534ECE00][0000016B543206C0 49] WindowsClient, [0000016B53533800][0000016B54324840 49] IOS, [0000016B534EE800][0000016B489F49C0 49] iPadAir, [0000016B53532000][0000016B489F8B40 49] iPadAir2, [0000016B5346CA00][0000016B542E4DC0 49] IPadPro, [0000016B5346CB00][0000016B489FCE00 49] iPadAir3, [0000016B534ED800][0000016B52AF0F40 49] iPadAir4, [0000016B5346F400][0000016B52B23080 49] iPadMini2, [0000016B534EEA00][0000016B543651C0 49] iPadMini3, [0000016B5346D700][0000016B5436D340 49] iPadMini4, [0000016B53531000][0000016B543714C0 49] iPadMini5, [0000016B53490300][0000016B54379780 49] iPhone6, [0000016B53490400][0000016B543757C0 49] iPodTouch6, [0000016B5346F600][0000016B52B31A80 49] iPhone7, [0000016B5346D800][0000016B5437DAC0 49] iPodTouch7, [0000016B53493F00][0000016B52B340C0 49] iPhone5S, [0000016B534EE300][0000016B52B38240 49] iPhone6Plus, [0000016B5346C200][0000016B52B3C3C0 49] iPhone6S, [0000016B534EE200][0000016B48930540 49] iPhone6SPlus, [0000016B5346FC00][0000016B52B406C0 49] iPhone7Plus, [0000016B534EC100][0000016B528B6840 49] iPhoneSE, [0000016B5346F500][0000016B52B269C0 49] iPhone8, [0000016B534EDE00][0000016B54778B40 49] iPhone8Plus, [0000016B5346D000][0000016B5477CCC0 49] iPhoneX, [0000016B534ECA00][0000016B54780E40 49] iPhoneXS, [0000016B5346D200][0000016B54368F80 49] iPhoneXSMax, [0000016B534ED500][0000016B547850C0 49] iPhoneXR, [0000016B5346F700][0000016B529F9200 49] iPhone11, [0000016B534ECD00][0000016B529CD340 49] iPhone11Pro, [0000016B5346F800][0000016B5295B4C0 49] iPhone11ProMax, [0000016B534ECF00][0000016B5147D640 49] iPhoneSE2, [0000016B5346EE00][0000016B514737C0 49] iPhone12Mini, [0000016B534EF100][0000016B53F6B940 49] iPhone12, [0000016B5346EB00][0000016B53F67AC0 49] iPhone12Pro, [0000016B534EC800][0000016B4F50A0C0 49] iPhone12ProMax, [0000016B5346E300][0000016B4F506240 49] iPadPro105, [0000016B534EEF00][0000016B48A3A3C0 49] iPadPro129, [0000016B5346E000][0000016B5287A540 49] iPadPro97, [0000016B534ED300][0000016B543046C0 49] iPadPro2_129, [0000016B5346DA00][0000016B54788840 49] iPad5, [0000016B534EDA00][0000016B5478C9C0 49] iPad6, [0000016B5346E800][0000016B5443CB40 49] iPad7, [0000016B534ECC00][0000016B54440CC0 49] iPad8, [0000016B5346F200][0000016B54444E40 49] iPadPro11, [0000016B534ED600][0000016B54448FC0 49] iPadPro2_11, [0000016B5346DC00][0000016B5444D140 49] iPadPro3_129, [0000016B534EF900][0000016B52965280 49] iPadPro4_129, [0000016B5346D500][0000016B544513C0 49] AppleTV, [0000016B534EC300][0000016B54455500 49] AppleTV4K, [0000016B5346C100][0000016B5445D680 49] TVOS, [0000016B534EE400][0000016B54461800 49] Mac, [0000016B5346E100][0000016B54465980 49] MacClient, [0000016B534EF400][0000016B54469B00 49] MacNoEditor, [0000016B5346DF00][0000016B5446C100 49] MacServer, [0000016B534EC600][0000016B54470280 49] Linux, [0000016B5346E200][0000016B54474400 49] LinuxAArch64, [0000016B534EF600][0000016B528C6580 49] LinuxNoEditor, [0000016B5346DD00][0000016B528CA700 49] LinuxAArch64NoEditor, [0000016B534ED400][0000016B528CE880 49] LinuxClient, [0000016B5346F100][0000016B528D2A00 49] LinuxAArch64Client, [0000016B534ED900][0000016B528D6B80 49] LinuxServer, [0000016B5346F000][0000016B528DAD00 49] LinuxAArch64Server, [0000016B534EE600][0000016B528DEE80 49] Android, [0000016B5346C700][0000016B528E3000 49] Android_Low, [0000016B534EDB00][0000016B528E7180 49] Android_Mid, [0000016B53533A00][0000016B528EB300 49] Android_High, [0000016B53491C00][0000016B54459440 49] Android_Default, [0000016B53532100][0000016B528EF580 49] Android_Adreno4xx, [0000016B53492700][0000016B528F36C0 49] Android_Adreno5xx_Low, [0000016B53530B00][0000016B528FB840 49] Android_Adreno5xx, [0000016B53492D00][0000016B528FF9C0 49] Android_Adreno6xx, [0000016B53531200][0000016B52903B40 49] Android_Adreno6xx_Vulkan, [0000016B53492800][0000016B52906140 49] Android_Mali_T6xx, [0000016B53533200][0000016B5290A2C0 49] Android_Mali_T7xx, [0000016B53492E00][0000016B5290E440 49] Android_Mali_T8xx, [0000016B53532500][0000016B529125C0 49] Android_Mali_G71, [0000016B53493E00][0000016B52916740 49] Android_Mali_G72, [0000016B53532A00][0000016B5291A8C0 49] Android_Mali_G72_Vulkan, [0000016B53491B00][0000016B5291EA40 49] Android_Mali_G76, [0000016B53531B00][0000016B54390BC0 49] Android_Mali_G76_Vulkan, [0000016B53493D00][0000016B54394D40 49] Android_Mali_G77, [0000016B53532D00][0000016B54398EC0 49] Android_Mali_G77_Vulkan, [0000016B53493900][0000016B5439D040 49] Android_Mali_G78, [0000016B53530D00][0000016B543A11C0 49] Android_Mali_G78_Vulkan, [0000016B53490500][0000016B543A5340 49] Android_Mali_G710, [0000016B53532B00][0000016B543A94C0 49] Android_Mali_G710_Vulkan, [0000016B53493500][0000016B528F7600 49] Android_Vulkan_SM5, [0000016B53533400][0000016B543AD740 49] Android_PowerVR_G6xxx, [0000016B53492400][0000016B543B1880 49] Android_PowerVR_GT7xxx, [0000016B53533C00][0000016B543B59C0 49] Android_PowerVR_GE8xxx, [0000016B53492200][0000016B543BDB40 49] Android_PowerVR_GM9xxx, [0000016B53533000][0000016B543C0140 49] Android_PowerVR_GM9xxx_Vulkan, [0000016B53491500][0000016B543C42C0 49] Android_TegraK1, [0000016B53531100][0000016B543C8440 49] Android_Unknown_Vulkan, [0000016B534EFD00][0000016B543CC5C0 49] Lumin, [0000016B53532900][0000016B543D0740 49] Lumin_Desktop, [0000016B534EFE00][0000016B543D48C0 49] HoloLens, 
[2025.05.26-16.07.50:328][  0]LogMeshReduction: Using QuadricMeshReduction for automatic static mesh reduction
[2025.05.26-16.07.50:328][  0]LogMeshReduction: Using SimplygonMeshReduction for automatic skeletal mesh reduction
[2025.05.26-16.07.50:328][  0]LogMeshReduction: Using ProxyLODMeshReduction for automatic mesh merging
[2025.05.26-16.07.50:328][  0]LogMeshReduction: No distributed automatic mesh merging module available
[2025.05.26-16.07.50:328][  0]LogMeshMerging: No distributed automatic mesh merging module available
[2025.05.26-16.07.50:347][  0]LogNetVersion: MyProject 1.0.0, NetCL: 17155196, EngineNetVer: 17, GameNetVer: 0 (Checksum: 3629800737)
[2025.05.26-16.07.50:759][  0]LogTexture: Default maximum texture size for cubemaps generated from long-lat sources has been changed from 512 to unlimited. In order to preserve old behaiour for '/Engine/MapTemplates/Sky/DaylightAmbientCubemap.DaylightAmbientCubemap', its maximum texture size has been explicitly set to 512.
[2025.05.26-16.07.50:832][  0]LogUObjectArray: 17011 objects as part of root set at end of initial load.
[2025.05.26-16.07.50:832][  0]LogUObjectAllocator: 4257152 out of 0 bytes used by permanent object pool.
[2025.05.26-16.07.50:832][  0]LogUObjectArray: CloseDisregardForGC: 0/0 objects in disregard for GC pool
[2025.05.26-16.07.51:205][  0]LogPython: Using Python 3.7.7
[2025.05.26-16.07.51:706][  0]LogNiagaraDebuggerClient: Niagara Debugger Client Initialized | Session: 7251356340072301AEC269A45FCED4AE | Instance: 7BA7E77041FEA865FAC2C7816F707E4A (ALEXF-16828).
[2025.05.26-16.07.51:870][  0]LogTcpMessaging: Initializing TcpMessaging bridge
[2025.05.26-16.07.51:876][  0]LogUdpMessaging: Initializing bridge on interface 0.0.0.0:0 to multicast group 230.0.0.1:6666.
[2025.05.26-16.07.52:030][  0]SourceControl: Source control is disabled
[2025.05.26-16.07.52:030][  0]SourceControl: Source control is disabled
[2025.05.26-16.07.52:033][  0]SourceControl: Source control is disabled
[2025.05.26-16.07.52:039][  0]SourceControl: Source control is disabled
[2025.05.26-16.07.52:045][  0]SourceControl: Source control is disabled
[2025.05.26-16.07.52:053][  0]LogUProjectInfo: Found projects:
[2025.05.26-16.07.52:060][  0]LogVSAccessor: Display: Unable to create Visual Studio setup instance: 80040154
[2025.05.26-16.07.52:062][  0]LogVSAccessor: Display: Unable to create Visual Studio setup instance: 80040154
[2025.05.26-16.07.52:063][  0]LogVSAccessor: Display: Unable to create Visual Studio setup instance: 80040154
[2025.05.26-16.07.52:255][  0]LogOpenImageDenoise: OIDN starting up
[2025.05.26-16.07.52:304][  0]LogAndroidPermission: UAndroidPermissionCallbackProxy::GetInstance
[2025.05.26-16.07.52:327][  0]LogAudioCaptureCore: Display: No Audio Capture implementations found. Audio input will be silent.
[2025.05.26-16.07.52:327][  0]LogAudioCaptureCore: Display: No Audio Capture implementations found. Audio input will be silent.
[2025.05.26-16.07.52:458][  0]LogCollectionManager: Loaded 0 collections in 0.001612 seconds
[2025.05.26-16.07.52:520][  0]LogFileCache: Scanning file cache for directory 'C:/Users/sasha/Documents/GitHub/unreal_project/Saved/Collections/' took 0.00s
[2025.05.26-16.07.52:520][  0]LogFileCache: Scanning file cache for directory 'C:/Users/sasha/Documents/GitHub/unreal_project/Content/Developers/sasha/Collections/' took 0.00s
[2025.05.26-16.07.52:520][  0]LogFileCache: Scanning file cache for directory 'C:/Users/sasha/Documents/GitHub/unreal_project/Content/Collections/' took 0.00s
[2025.05.26-16.07.52:520][  0]LogEngine: Initializing Engine...
[2025.05.26-16.07.52:548][  0]LogHMD: Optional extension XR_VARJO_quad_views is not available
[2025.05.26-16.07.52:579][  0]LogHMD: Failed to create an OpenXR instance, result is XR_ERROR_RUNTIME_FAILURE. Please check if you have an OpenXR runtime installed. The following extensions were enabled:
[2025.05.26-16.07.52:579][  0]LogHMD: - XR_KHR_D3D11_enable
[2025.05.26-16.07.52:579][  0]LogHMD: - XR_KHR_D3D12_enable
[2025.05.26-16.07.52:579][  0]LogHMD: - XR_KHR_opengl_enable
[2025.05.26-16.07.52:579][  0]LogHMD: - XR_KHR_vulkan_enable
[2025.05.26-16.07.52:579][  0]LogHMD: - XR_KHR_composition_layer_depth
[2025.05.26-16.07.52:579][  0]LogHMD: - XR_KHR_visibility_mask
[2025.05.26-16.07.52:579][  0]LogHMD: - XR_EXT_hand_tracking
[2025.05.26-16.07.52:579][  0]LogHMD: - XR_EXT_eye_gaze_interaction
[2025.05.26-16.07.52:579][  0]LogMagicLeap: Warning: VR disabled because ZI is not enabled.  To enable, in the editor, Edit -> Project Settings -> Plugins -> Magic Leap Plugin -> Enable Zero Iteration
[2025.05.26-16.07.52:580][  0]LogStats: UGameplayTagsManager::InitializeManager -  0.000 s
[2025.05.26-16.07.52:696][  0]LogInit: Initializing FReadOnlyCVARCache
[2025.05.26-16.07.52:709][  0]LogAIModule: Creating AISystem for world Untitled
[2025.05.26-16.07.52:709][  0]LogAudio: Display: Initializing Audio Device Manager...
[2025.05.26-16.07.52:713][  0]LogAudio: Display: Loading Default Audio Settings Objects...
[2025.05.26-16.07.52:713][  0]LogAudio: Display: No default SoundConcurrencyObject specified (or failed to load).
[2025.05.26-16.07.52:714][  0]LogAudio: Display: Audio Device Manager Initialized
[2025.05.26-16.07.52:714][  0]LogAudio: Display: Creating Audio Device:                 Id: 1, Scope: Shared, Realtime: True
[2025.05.26-16.07.52:714][  0]LogAudioMixer: Display: Audio Mixer Platform Settings:
[2025.05.26-16.07.52:714][  0]LogAudioMixer: Display: 	Sample Rate:						  48000
[2025.05.26-16.07.52:714][  0]LogAudioMixer: Display: 	Callback Buffer Frame Size Requested: 1024
[2025.05.26-16.07.52:714][  0]LogAudioMixer: Display: 	Callback Buffer Frame Size To Use:	  1024
[2025.05.26-16.07.52:714][  0]LogAudioMixer: Display: 	Number of buffers to queue:			  1
[2025.05.26-16.07.52:714][  0]LogAudioMixer: Display: 	Max Channels (voices):				  0
[2025.05.26-16.07.52:714][  0]LogAudioMixer: Display: 	Number of Async Source Workers:		  4
[2025.05.26-16.07.52:714][  0]LogAudio: Display: AudioDevice MaxSources: 32
[2025.05.26-16.07.52:714][  0]LogAudio: Display: Audio Spatialization Plugin: Resonance Audio is external send: 1
[2025.05.26-16.07.52:714][  0]LogAudio: Display: Audio Reverb Plugin: Resonance Audio
[2025.05.26-16.07.52:714][  0]LogAudio: Display: Audio Occlusion Plugin: None (built-in).
[2025.05.26-16.07.52:714][  0]LogAudioMixer: Display: Initializing audio mixer.
[2025.05.26-16.07.52:758][  0]LogAudioMixer: Display: 0: FrontLeft
[2025.05.26-16.07.52:758][  0]LogAudioMixer: Display: 1: FrontRight
[2025.05.26-16.07.52:790][  0]LogAudioMixer: Display: Using Audio Device ASUS VG249 (HD Audio Driver for Display Audio)
[2025.05.26-16.07.52:790][  0]LogAudioMixer: Display: Initializing Sound Submixes...
[2025.05.26-16.07.52:794][  0]LogAudioMixer: Display: Creating Master Submix 'MasterSubmixDefault'
[2025.05.26-16.07.52:794][  0]LogAudioMixer: Display: Creating Master Submix 'MasterReverbSubmixDefault'
[2025.05.26-16.07.52:794][  0]LogAudioMixer: Display: Creating Master Submix 'MasterEQSubmixDefault'
[2025.05.26-16.07.52:796][  0]LogAudioMixer: FMixerPlatformXAudio2::StartAudioStream() called
[2025.05.26-16.07.52:796][  0]LogAudioMixer: Display: Output buffers initialized: Frames=1024, Channels=2, Samples=2048
[2025.05.26-16.07.52:797][  0]LogAudioMixer: Display: Starting AudioMixerPlatformInterface::RunInternal()
[2025.05.26-16.07.52:797][  0]LogAudioMixer: Display: FMixerPlatformXAudio2::SubmitBuffer() called for the first time
[2025.05.26-16.07.52:797][  0]LogInit: FAudioDevice initialized.
[2025.05.26-16.07.52:797][  0]LogAudio: Display: Audio Device (ID: 1) registered with world 'Untitled'.
[2025.05.26-16.07.52:797][  0]LogNetVersion: Set ProjectVersion to 1.0.0.0. Version Checksum will be recalculated on next use.
[2025.05.26-16.07.52:857][  0]LogDerivedDataCache: Saved boot cache 0.06s 122MB C:/Users/sasha/AppData/Local/UnrealEngine/4.27/DerivedDataCache/Boot.ddc.
[2025.05.26-16.07.52:859][  0]LogInit: Texture streaming: Enabled
[2025.05.26-16.07.52:871][  0]LogAnalytics: Display: [UEEditor.Rocket.Release] APIServer = https://datarouter.ol.epicgames.com/. AppVersion = 4.27.2-18319896+++UE4+Release-4.27
[2025.05.26-16.07.52:874][  0]LogEngineSessionManager: EngineSessionManager initialized
[2025.05.26-16.07.52:874][  0]LogEditorSessionSummary: Verbose: Initializing EditorSessionSummaryWriter for editor session tracking
[2025.05.26-16.07.52:877][  0]LogEditorSessionSummary: EditorSessionSummaryWriter initialized
[2025.05.26-16.07.52:900][  0]LogInit: Transaction tracking system initialized
[2025.05.26-16.07.52:921][  0]BlueprintLog: New page: Editor Load
[2025.05.26-16.07.52:978][  0]LocalizationService: Localization service is disabled
[2025.05.26-16.07.53:000][  0]TimingProfiler: Initialize
[2025.05.26-16.07.53:000][  0]TimingProfiler: OnSessionChanged
[2025.05.26-16.07.53:000][  0]LoadingProfiler: Initialize
[2025.05.26-16.07.53:001][  0]LoadingProfiler: OnSessionChanged
[2025.05.26-16.07.53:001][  0]NetworkingProfiler: Initialize
[2025.05.26-16.07.53:001][  0]NetworkingProfiler: OnSessionChanged
[2025.05.26-16.07.53:001][  0]MemoryProfiler: Initialize
[2025.05.26-16.07.53:001][  0]MemoryProfiler: OnSessionChanged
[2025.05.26-16.07.53:065][  0]LogVSAccessor: Display: Unable to create Visual Studio setup instance: 80040154
[2025.05.26-16.07.53:065][  0]LogVSAccessor: Display: Unable to create Visual Studio setup instance: 80040154
[2025.05.26-16.07.53:066][  0]LogVSAccessor: Display: Unable to create Visual Studio setup instance: 80040154
[2025.05.26-16.07.53:175][  0]LogCook: Display: CookSettings for Memory: MemoryMaxUsedVirtual 0MiB, MemoryMaxUsedPhysical 16384MiB, MemoryMinFreeVirtual 0MiB, MemoryMinFreePhysical 1024MiB
[2025.05.26-16.07.53:175][  0]LogCook: Display: Mobile HDR setting 0
[2025.05.26-16.07.53:398][  0]LogFileCache: Scanning file cache for directory 'C:/Users/sasha/Documents/GitHub/unreal_project/Content/' took 0.01s
[2025.05.26-16.07.53:398][  0]LogInit: Display: Engine is initialized. Leaving FEngineLoop::Init()
[2025.05.26-16.07.53:402][  0]SourceControl: Source control is disabled
[2025.05.26-16.07.53:402][  0]LogUnrealEdMisc: Loading editor; pre map load, took 6.802
[2025.05.26-16.07.53:402][  0]Cmd: MAP LOAD FILE="../../../../../../Users/sasha/Documents/GitHub/unreal_project/Content/VRTemplate/Maps/VRTemplateMap.umap" TEMPLATE=0 SHOWPROGRESS=1 FEATURELEVEL=3
[2025.05.26-16.07.53:402][  0]LightingResults: New page: Lighting Build
[2025.05.26-16.07.53:405][  0]LogWorld: UWorld::CleanupWorld for Untitled, bSessionEnded=true, bCleanupResources=true
[2025.05.26-16.07.53:405][  0]LogSlate: InvalidateAllWidgets triggered.  All widgets were invalidated
[2025.05.26-16.07.53:405][  0]MapCheck: New page: Map Check
[2025.05.26-16.07.53:405][  0]LightingResults: New page: Lighting Build
[2025.05.26-16.07.53:409][  0]LogAudio: Display: Audio Device unregistered from world 'None'.
[2025.05.26-16.07.53:412][  0]LogUObjectHash: Compacting FUObjectHashTables data took   0.69ms
[2025.05.26-16.07.54:641][  0]LogAudio: Display: Audio Device (ID: 1) registered with world 'VRTemplateMap'.
[2025.05.26-16.07.54:642][  0]LogAIModule: Creating AISystem for world VRTemplateMap
[2025.05.26-16.07.54:678][  0]LogEditorServer: Finished looking for orphan Actors (0.000 secs)
[2025.05.26-16.07.54:691][  0]LogUObjectHash: Compacting FUObjectHashTables data took   1.07ms
[2025.05.26-16.07.54:691][  0]Cmd: MAP CHECKDEP NOCLEARLOG
[2025.05.26-16.07.54:691][  0]MapCheck: Map check complete: 0 Error(s), 0 Warning(s), took 0,156ms to complete.
[2025.05.26-16.07.54:691][  0]LogFileHelpers: Loading map 'VRTemplateMap' took 1.288
[2025.05.26-16.07.54:693][  0]LogUnrealEdMisc: Total Editor Startup Time, took 8.092
[2025.05.26-16.07.54:825][  0]LogSlate: Updating window title bar state: overlay mode, drag disabled, window buttons hidden, title bar hidden
[2025.05.26-16.07.54:831][  0]LogSlate: Updating window title bar state: overlay mode, drag disabled, window buttons hidden, title bar hidden
[2025.05.26-16.07.54:837][  0]LogSlate: Updating window title bar state: overlay mode, drag disabled, window buttons hidden, title bar hidden
[2025.05.26-16.07.54:842][  0]LogSlate: Updating window title bar state: overlay mode, drag disabled, window buttons hidden, title bar hidden
[2025.05.26-16.07.54:877][  0]LogNativeClassHierarchy: Verbose: Native class hierarchy populated in 0.0087 seconds. Added 3809 classes and 916 folders.
[2025.05.26-16.07.54:882][  0]LogNativeClassHierarchy: Verbose: Native class hierarchy updated for 'WidgetCarousel' in 0.0003 seconds. Added 0 classes and 0 folders.
[2025.05.26-16.07.54:887][  0]LogPakFile: PakFile PrimaryIndexSize=187
[2025.05.26-16.07.54:887][  0]LogPakFile: PakFile PathHashIndexSize=101
[2025.05.26-16.07.54:887][  0]LogPakFile: PakFile FullDirectoryIndexSize=148
[2025.05.26-16.07.54:887][  0]LogShaderLibrary: Display: ShaderCodeLibraryPakFileMountedCallback: PakFile 'C:/Program Files/Epic Games/UE_4.27/FeaturePacks/FP_FirstPerson.upack' (chunk index -1, root 'root:/') mounted
[2025.05.26-16.07.54:888][  0]LogShaderLibrary: Display: ShaderCodeLibraryPakFileMountedCallback: pending pak file info (ChunkID:-1 Root:root:/ File:C:/Program Files/Epic Games/UE_4.27/FeaturePacks/FP_FirstPerson.upack)
[2025.05.26-16.07.54:888][  0]LogPakFile: OnPakFileMounted2Time == 0.000315
[2025.05.26-16.07.54:891][  0]LogPakFile: PakFile PrimaryIndexSize=189
[2025.05.26-16.07.54:891][  0]LogPakFile: PakFile PathHashIndexSize=101
[2025.05.26-16.07.54:891][  0]LogPakFile: PakFile FullDirectoryIndexSize=152
[2025.05.26-16.07.54:891][  0]LogShaderLibrary: Display: ShaderCodeLibraryPakFileMountedCallback: PakFile 'C:/Program Files/Epic Games/UE_4.27/FeaturePacks/FP_FirstPersonBP.upack' (chunk index -1, root 'root:/') mounted
[2025.05.26-16.07.54:891][  0]LogShaderLibrary: Display: ShaderCodeLibraryPakFileMountedCallback: pending pak file info (ChunkID:-1 Root:root:/ File:C:/Program Files/Epic Games/UE_4.27/FeaturePacks/FP_FirstPersonBP.upack)
[2025.05.26-16.07.54:891][  0]LogPakFile: OnPakFileMounted2Time == 0.000038
[2025.05.26-16.07.54:892][  0]LogPakFile: PakFile PrimaryIndexSize=191
[2025.05.26-16.07.54:892][  0]LogPakFile: PakFile PathHashIndexSize=101
[2025.05.26-16.07.54:892][  0]LogPakFile: PakFile FullDirectoryIndexSize=160
[2025.05.26-16.07.54:892][  0]LogShaderLibrary: Display: ShaderCodeLibraryPakFileMountedCallback: PakFile 'C:/Program Files/Epic Games/UE_4.27/FeaturePacks/MobileStarterContent.upack' (chunk index -1, root 'root:/') mounted
[2025.05.26-16.07.54:892][  0]LogShaderLibrary: Display: ShaderCodeLibraryPakFileMountedCallback: pending pak file info (ChunkID:-1 Root:root:/ File:C:/Program Files/Epic Games/UE_4.27/FeaturePacks/MobileStarterContent.upack)
[2025.05.26-16.07.54:892][  0]LogPakFile: OnPakFileMounted2Time == 0.000030
[2025.05.26-16.07.54:893][  0]LogPakFile: PakFile PrimaryIndexSize=185
[2025.05.26-16.07.54:893][  0]LogPakFile: PakFile PathHashIndexSize=101
[2025.05.26-16.07.54:893][  0]LogPakFile: PakFile FullDirectoryIndexSize=148
[2025.05.26-16.07.54:893][  0]LogShaderLibrary: Display: ShaderCodeLibraryPakFileMountedCallback: PakFile 'C:/Program Files/Epic Games/UE_4.27/FeaturePacks/StarterContent.upack' (chunk index -1, root 'root:/') mounted
[2025.05.26-16.07.54:893][  0]LogShaderLibrary: Display: ShaderCodeLibraryPakFileMountedCallback: pending pak file info (ChunkID:-1 Root:root:/ File:C:/Program Files/Epic Games/UE_4.27/FeaturePacks/StarterContent.upack)
[2025.05.26-16.07.54:893][  0]LogPakFile: OnPakFileMounted2Time == 0.000030
[2025.05.26-16.07.54:894][  0]LogPakFile: PakFile PrimaryIndexSize=190
[2025.05.26-16.07.54:894][  0]LogPakFile: PakFile PathHashIndexSize=101
[2025.05.26-16.07.54:894][  0]LogPakFile: PakFile FullDirectoryIndexSize=154
[2025.05.26-16.07.54:894][  0]LogShaderLibrary: Display: ShaderCodeLibraryPakFileMountedCallback: PakFile 'C:/Program Files/Epic Games/UE_4.27/FeaturePacks/TP_2DSideScroller.upack' (chunk index -1, root 'root:/') mounted
[2025.05.26-16.07.54:894][  0]LogShaderLibrary: Display: ShaderCodeLibraryPakFileMountedCallback: pending pak file info (ChunkID:-1 Root:root:/ File:C:/Program Files/Epic Games/UE_4.27/FeaturePacks/TP_2DSideScroller.upack)
[2025.05.26-16.07.54:894][  0]LogPakFile: OnPakFileMounted2Time == 0.000028
[2025.05.26-16.07.54:894][  0]LogPakFile: PakFile PrimaryIndexSize=192
[2025.05.26-16.07.54:894][  0]LogPakFile: PakFile PathHashIndexSize=101
[2025.05.26-16.07.54:894][  0]LogPakFile: PakFile FullDirectoryIndexSize=158
[2025.05.26-16.07.54:894][  0]LogShaderLibrary: Display: ShaderCodeLibraryPakFileMountedCallback: PakFile 'C:/Program Files/Epic Games/UE_4.27/FeaturePacks/TP_2DSideScrollerBP.upack' (chunk index -1, root 'root:/') mounted
[2025.05.26-16.07.54:894][  0]LogShaderLibrary: Display: ShaderCodeLibraryPakFileMountedCallback: pending pak file info (ChunkID:-1 Root:root:/ File:C:/Program Files/Epic Games/UE_4.27/FeaturePacks/TP_2DSideScrollerBP.upack)
[2025.05.26-16.07.54:894][  0]LogPakFile: OnPakFileMounted2Time == 0.000031
[2025.05.26-16.07.54:895][  0]LogPakFile: PakFile PrimaryIndexSize=182
[2025.05.26-16.07.54:895][  0]LogPakFile: PakFile PathHashIndexSize=101
[2025.05.26-16.07.54:895][  0]LogPakFile: PakFile FullDirectoryIndexSize=138
[2025.05.26-16.07.54:895][  0]LogShaderLibrary: Display: ShaderCodeLibraryPakFileMountedCallback: PakFile 'C:/Program Files/Epic Games/UE_4.27/FeaturePacks/TP_Flying.upack' (chunk index -1, root 'root:/') mounted
[2025.05.26-16.07.54:895][  0]LogShaderLibrary: Display: ShaderCodeLibraryPakFileMountedCallback: pending pak file info (ChunkID:-1 Root:root:/ File:C:/Program Files/Epic Games/UE_4.27/FeaturePacks/TP_Flying.upack)
[2025.05.26-16.07.54:895][  0]LogPakFile: OnPakFileMounted2Time == 0.000028
[2025.05.26-16.07.54:897][  0]LogPakFile: PakFile PrimaryIndexSize=184
[2025.05.26-16.07.54:897][  0]LogPakFile: PakFile PathHashIndexSize=101
[2025.05.26-16.07.54:897][  0]LogPakFile: PakFile FullDirectoryIndexSize=142
[2025.05.26-16.07.54:897][  0]LogShaderLibrary: Display: ShaderCodeLibraryPakFileMountedCallback: PakFile 'C:/Program Files/Epic Games/UE_4.27/FeaturePacks/TP_FlyingBP.upack' (chunk index -1, root 'root:/') mounted
[2025.05.26-16.07.54:897][  0]LogShaderLibrary: Display: ShaderCodeLibraryPakFileMountedCallback: pending pak file info (ChunkID:-1 Root:root:/ File:C:/Program Files/Epic Games/UE_4.27/FeaturePacks/TP_FlyingBP.upack)
[2025.05.26-16.07.54:897][  0]LogPakFile: OnPakFileMounted2Time == 0.000027
[2025.05.26-16.07.54:898][  0]LogPakFile: PakFile PrimaryIndexSize=188
[2025.05.26-16.07.54:898][  0]LogPakFile: PakFile PathHashIndexSize=101
[2025.05.26-16.07.54:898][  0]LogPakFile: PakFile FullDirectoryIndexSize=150
[2025.05.26-16.07.54:898][  0]LogShaderLibrary: Display: ShaderCodeLibraryPakFileMountedCallback: PakFile 'C:/Program Files/Epic Games/UE_4.27/FeaturePacks/TP_HandheldARBP.upack' (chunk index -1, root 'root:/') mounted
[2025.05.26-16.07.54:898][  0]LogShaderLibrary: Display: ShaderCodeLibraryPakFileMountedCallback: pending pak file info (ChunkID:-1 Root:root:/ File:C:/Program Files/Epic Games/UE_4.27/FeaturePacks/TP_HandheldARBP.upack)
[2025.05.26-16.07.54:898][  0]LogPakFile: OnPakFileMounted2Time == 0.000027
[2025.05.26-16.07.54:900][  0]LogPakFile: PakFile PrimaryIndexSize=182
[2025.05.26-16.07.54:900][  0]LogPakFile: PakFile PathHashIndexSize=101
[2025.05.26-16.07.54:900][  0]LogPakFile: PakFile FullDirectoryIndexSize=138
[2025.05.26-16.07.54:900][  0]LogShaderLibrary: Display: ShaderCodeLibraryPakFileMountedCallback: PakFile 'C:/Program Files/Epic Games/UE_4.27/FeaturePacks/TP_Puzzle.upack' (chunk index -1, root 'root:/') mounted
[2025.05.26-16.07.54:900][  0]LogShaderLibrary: Display: ShaderCodeLibraryPakFileMountedCallback: pending pak file info (ChunkID:-1 Root:root:/ File:C:/Program Files/Epic Games/UE_4.27/FeaturePacks/TP_Puzzle.upack)
[2025.05.26-16.07.54:900][  0]LogPakFile: OnPakFileMounted2Time == 0.000027
[2025.05.26-16.07.54:901][  0]LogPakFile: PakFile PrimaryIndexSize=184
[2025.05.26-16.07.54:901][  0]LogPakFile: PakFile PathHashIndexSize=101
[2025.05.26-16.07.54:901][  0]LogPakFile: PakFile FullDirectoryIndexSize=142
[2025.05.26-16.07.54:901][  0]LogShaderLibrary: Display: ShaderCodeLibraryPakFileMountedCallback: PakFile 'C:/Program Files/Epic Games/UE_4.27/FeaturePacks/TP_PuzzleBP.upack' (chunk index -1, root 'root:/') mounted
[2025.05.26-16.07.54:901][  0]LogShaderLibrary: Display: ShaderCodeLibraryPakFileMountedCallback: pending pak file info (ChunkID:-1 Root:root:/ File:C:/Program Files/Epic Games/UE_4.27/FeaturePacks/TP_PuzzleBP.upack)
[2025.05.26-16.07.54:901][  0]LogPakFile: OnPakFileMounted2Time == 0.000026
[2025.05.26-16.07.54:902][  0]LogPakFile: PakFile PrimaryIndexSize=183
[2025.05.26-16.07.54:902][  0]LogPakFile: PakFile PathHashIndexSize=101
[2025.05.26-16.07.54:902][  0]LogPakFile: PakFile FullDirectoryIndexSize=140
[2025.05.26-16.07.54:902][  0]LogShaderLibrary: Display: ShaderCodeLibraryPakFileMountedCallback: PakFile 'C:/Program Files/Epic Games/UE_4.27/FeaturePacks/TP_Rolling.upack' (chunk index -1, root 'root:/') mounted
[2025.05.26-16.07.54:902][  0]LogShaderLibrary: Display: ShaderCodeLibraryPakFileMountedCallback: pending pak file info (ChunkID:-1 Root:root:/ File:C:/Program Files/Epic Games/UE_4.27/FeaturePacks/TP_Rolling.upack)
[2025.05.26-16.07.54:902][  0]LogPakFile: OnPakFileMounted2Time == 0.000027
[2025.05.26-16.07.54:903][  0]LogPakFile: PakFile PrimaryIndexSize=185
[2025.05.26-16.07.54:903][  0]LogPakFile: PakFile PathHashIndexSize=101
[2025.05.26-16.07.54:903][  0]LogPakFile: PakFile FullDirectoryIndexSize=144
[2025.05.26-16.07.54:903][  0]LogShaderLibrary: Display: ShaderCodeLibraryPakFileMountedCallback: PakFile 'C:/Program Files/Epic Games/UE_4.27/FeaturePacks/TP_RollingBP.upack' (chunk index -1, root 'root:/') mounted
[2025.05.26-16.07.54:903][  0]LogShaderLibrary: Display: ShaderCodeLibraryPakFileMountedCallback: pending pak file info (ChunkID:-1 Root:root:/ File:C:/Program Files/Epic Games/UE_4.27/FeaturePacks/TP_RollingBP.upack)
[2025.05.26-16.07.54:903][  0]LogPakFile: OnPakFileMounted2Time == 0.000037
[2025.05.26-16.07.54:903][  0]LogPakFile: PakFile PrimaryIndexSize=188
[2025.05.26-16.07.54:903][  0]LogPakFile: PakFile PathHashIndexSize=101
[2025.05.26-16.07.54:903][  0]LogPakFile: PakFile FullDirectoryIndexSize=150
[2025.05.26-16.07.54:903][  0]LogShaderLibrary: Display: ShaderCodeLibraryPakFileMountedCallback: PakFile 'C:/Program Files/Epic Games/UE_4.27/FeaturePacks/TP_SideScroller.upack' (chunk index -1, root 'root:/') mounted
[2025.05.26-16.07.54:903][  0]LogShaderLibrary: Display: ShaderCodeLibraryPakFileMountedCallback: pending pak file info (ChunkID:-1 Root:root:/ File:C:/Program Files/Epic Games/UE_4.27/FeaturePacks/TP_SideScroller.upack)
[2025.05.26-16.07.54:903][  0]LogPakFile: OnPakFileMounted2Time == 0.000028
[2025.05.26-16.07.54:905][  0]LogPakFile: PakFile PrimaryIndexSize=190
[2025.05.26-16.07.54:905][  0]LogPakFile: PakFile PathHashIndexSize=101
[2025.05.26-16.07.54:905][  0]LogPakFile: PakFile FullDirectoryIndexSize=154
[2025.05.26-16.07.54:905][  0]LogShaderLibrary: Display: ShaderCodeLibraryPakFileMountedCallback: PakFile 'C:/Program Files/Epic Games/UE_4.27/FeaturePacks/TP_SideScrollerBP.upack' (chunk index -1, root 'root:/') mounted
[2025.05.26-16.07.54:905][  0]LogShaderLibrary: Display: ShaderCodeLibraryPakFileMountedCallback: pending pak file info (ChunkID:-1 Root:root:/ File:C:/Program Files/Epic Games/UE_4.27/FeaturePacks/TP_SideScrollerBP.upack)
[2025.05.26-16.07.54:905][  0]LogPakFile: OnPakFileMounted2Time == 0.000037
[2025.05.26-16.07.54:906][  0]LogPakFile: PakFile PrimaryIndexSize=187
[2025.05.26-16.07.54:906][  0]LogPakFile: PakFile PathHashIndexSize=101
[2025.05.26-16.07.54:906][  0]LogPakFile: PakFile FullDirectoryIndexSize=148
[2025.05.26-16.07.54:906][  0]LogShaderLibrary: Display: ShaderCodeLibraryPakFileMountedCallback: PakFile 'C:/Program Files/Epic Games/UE_4.27/FeaturePacks/TP_ThirdPerson.upack' (chunk index -1, root 'root:/') mounted
[2025.05.26-16.07.54:906][  0]LogShaderLibrary: Display: ShaderCodeLibraryPakFileMountedCallback: pending pak file info (ChunkID:-1 Root:root:/ File:C:/Program Files/Epic Games/UE_4.27/FeaturePacks/TP_ThirdPerson.upack)
[2025.05.26-16.07.54:906][  0]LogPakFile: OnPakFileMounted2Time == 0.000027
[2025.05.26-16.07.54:907][  0]LogPakFile: PakFile PrimaryIndexSize=189
[2025.05.26-16.07.54:907][  0]LogPakFile: PakFile PathHashIndexSize=101
[2025.05.26-16.07.54:907][  0]LogPakFile: PakFile FullDirectoryIndexSize=152
[2025.05.26-16.07.54:907][  0]LogShaderLibrary: Display: ShaderCodeLibraryPakFileMountedCallback: PakFile 'C:/Program Files/Epic Games/UE_4.27/FeaturePacks/TP_ThirdPersonBP.upack' (chunk index -1, root 'root:/') mounted
[2025.05.26-16.07.54:907][  0]LogShaderLibrary: Display: ShaderCodeLibraryPakFileMountedCallback: pending pak file info (ChunkID:-1 Root:root:/ File:C:/Program Files/Epic Games/UE_4.27/FeaturePacks/TP_ThirdPersonBP.upack)
[2025.05.26-16.07.54:907][  0]LogPakFile: OnPakFileMounted2Time == 0.000027
[2025.05.26-16.07.54:908][  0]LogPakFile: PakFile PrimaryIndexSize=183
[2025.05.26-16.07.54:908][  0]LogPakFile: PakFile PathHashIndexSize=101
[2025.05.26-16.07.54:908][  0]LogPakFile: PakFile FullDirectoryIndexSize=140
[2025.05.26-16.07.54:908][  0]LogShaderLibrary: Display: ShaderCodeLibraryPakFileMountedCallback: PakFile 'C:/Program Files/Epic Games/UE_4.27/FeaturePacks/TP_TopDown.upack' (chunk index -1, root 'root:/') mounted
[2025.05.26-16.07.54:908][  0]LogShaderLibrary: Display: ShaderCodeLibraryPakFileMountedCallback: pending pak file info (ChunkID:-1 Root:root:/ File:C:/Program Files/Epic Games/UE_4.27/FeaturePacks/TP_TopDown.upack)
[2025.05.26-16.07.54:908][  0]LogPakFile: OnPakFileMounted2Time == 0.000035
[2025.05.26-16.07.54:909][  0]LogPakFile: PakFile PrimaryIndexSize=185
[2025.05.26-16.07.54:909][  0]LogPakFile: PakFile PathHashIndexSize=101
[2025.05.26-16.07.54:909][  0]LogPakFile: PakFile FullDirectoryIndexSize=144
[2025.05.26-16.07.54:909][  0]LogShaderLibrary: Display: ShaderCodeLibraryPakFileMountedCallback: PakFile 'C:/Program Files/Epic Games/UE_4.27/FeaturePacks/TP_TopDownBP.upack' (chunk index -1, root 'root:/') mounted
[2025.05.26-16.07.54:909][  0]LogShaderLibrary: Display: ShaderCodeLibraryPakFileMountedCallback: pending pak file info (ChunkID:-1 Root:root:/ File:C:/Program Files/Epic Games/UE_4.27/FeaturePacks/TP_TopDownBP.upack)
[2025.05.26-16.07.54:909][  0]LogPakFile: OnPakFileMounted2Time == 0.000027
[2025.05.26-16.07.54:910][  0]LogPakFile: PakFile PrimaryIndexSize=185
[2025.05.26-16.07.54:910][  0]LogPakFile: PakFile PathHashIndexSize=101
[2025.05.26-16.07.54:910][  0]LogPakFile: PakFile FullDirectoryIndexSize=144
[2025.05.26-16.07.54:910][  0]LogShaderLibrary: Display: ShaderCodeLibraryPakFileMountedCallback: PakFile 'C:/Program Files/Epic Games/UE_4.27/FeaturePacks/TP_TwinStick.upack' (chunk index -1, root 'root:/') mounted
[2025.05.26-16.07.54:910][  0]LogShaderLibrary: Display: ShaderCodeLibraryPakFileMountedCallback: pending pak file info (ChunkID:-1 Root:root:/ File:C:/Program Files/Epic Games/UE_4.27/FeaturePacks/TP_TwinStick.upack)
[2025.05.26-16.07.54:910][  0]LogPakFile: OnPakFileMounted2Time == 0.000028
[2025.05.26-16.07.54:911][  0]LogPakFile: PakFile PrimaryIndexSize=187
[2025.05.26-16.07.54:911][  0]LogPakFile: PakFile PathHashIndexSize=101
[2025.05.26-16.07.54:911][  0]LogPakFile: PakFile FullDirectoryIndexSize=148
[2025.05.26-16.07.54:911][  0]LogShaderLibrary: Display: ShaderCodeLibraryPakFileMountedCallback: PakFile 'C:/Program Files/Epic Games/UE_4.27/FeaturePacks/TP_TwinStickBP.upack' (chunk index -1, root 'root:/') mounted
[2025.05.26-16.07.54:911][  0]LogShaderLibrary: Display: ShaderCodeLibraryPakFileMountedCallback: pending pak file info (ChunkID:-1 Root:root:/ File:C:/Program Files/Epic Games/UE_4.27/FeaturePacks/TP_TwinStickBP.upack)
[2025.05.26-16.07.54:911][  0]LogPakFile: OnPakFileMounted2Time == 0.000028
[2025.05.26-16.07.54:912][  0]LogPakFile: PakFile PrimaryIndexSize=183
[2025.05.26-16.07.54:912][  0]LogPakFile: PakFile PathHashIndexSize=101
[2025.05.26-16.07.54:912][  0]LogPakFile: PakFile FullDirectoryIndexSize=140
[2025.05.26-16.07.54:912][  0]LogShaderLibrary: Display: ShaderCodeLibraryPakFileMountedCallback: PakFile 'C:/Program Files/Epic Games/UE_4.27/FeaturePacks/TP_Vehicle.upack' (chunk index -1, root 'root:/') mounted
[2025.05.26-16.07.54:912][  0]LogShaderLibrary: Display: ShaderCodeLibraryPakFileMountedCallback: pending pak file info (ChunkID:-1 Root:root:/ File:C:/Program Files/Epic Games/UE_4.27/FeaturePacks/TP_Vehicle.upack)
[2025.05.26-16.07.54:912][  0]LogPakFile: OnPakFileMounted2Time == 0.000030
[2025.05.26-16.07.54:913][  0]LogPakFile: PakFile PrimaryIndexSize=186
[2025.05.26-16.07.54:913][  0]LogPakFile: PakFile PathHashIndexSize=101
[2025.05.26-16.07.54:913][  0]LogPakFile: PakFile FullDirectoryIndexSize=146
[2025.05.26-16.07.54:913][  0]LogShaderLibrary: Display: ShaderCodeLibraryPakFileMountedCallback: PakFile 'C:/Program Files/Epic Games/UE_4.27/FeaturePacks/TP_VehicleAdv.upack' (chunk index -1, root 'root:/') mounted
[2025.05.26-16.07.54:913][  0]LogShaderLibrary: Display: ShaderCodeLibraryPakFileMountedCallback: pending pak file info (ChunkID:-1 Root:root:/ File:C:/Program Files/Epic Games/UE_4.27/FeaturePacks/TP_VehicleAdv.upack)
[2025.05.26-16.07.54:913][  0]LogPakFile: OnPakFileMounted2Time == 0.000028
[2025.05.26-16.07.54:914][  0]LogPakFile: PakFile PrimaryIndexSize=188
[2025.05.26-16.07.54:914][  0]LogPakFile: PakFile PathHashIndexSize=101
[2025.05.26-16.07.54:914][  0]LogPakFile: PakFile FullDirectoryIndexSize=150
[2025.05.26-16.07.54:914][  0]LogShaderLibrary: Display: ShaderCodeLibraryPakFileMountedCallback: PakFile 'C:/Program Files/Epic Games/UE_4.27/FeaturePacks/TP_VehicleAdvBP.upack' (chunk index -1, root 'root:/') mounted
[2025.05.26-16.07.54:914][  0]LogShaderLibrary: Display: ShaderCodeLibraryPakFileMountedCallback: pending pak file info (ChunkID:-1 Root:root:/ File:C:/Program Files/Epic Games/UE_4.27/FeaturePacks/TP_VehicleAdvBP.upack)
[2025.05.26-16.07.54:914][  0]LogPakFile: OnPakFileMounted2Time == 0.000026
[2025.05.26-16.07.54:916][  0]LogPakFile: PakFile PrimaryIndexSize=185
[2025.05.26-16.07.54:916][  0]LogPakFile: PakFile PathHashIndexSize=101
[2025.05.26-16.07.54:916][  0]LogPakFile: PakFile FullDirectoryIndexSize=144
[2025.05.26-16.07.54:916][  0]LogShaderLibrary: Display: ShaderCodeLibraryPakFileMountedCallback: PakFile 'C:/Program Files/Epic Games/UE_4.27/FeaturePacks/TP_VehicleBP.upack' (chunk index -1, root 'root:/') mounted
[2025.05.26-16.07.54:916][  0]LogShaderLibrary: Display: ShaderCodeLibraryPakFileMountedCallback: pending pak file info (ChunkID:-1 Root:root:/ File:C:/Program Files/Epic Games/UE_4.27/FeaturePacks/TP_VehicleBP.upack)
[2025.05.26-16.07.54:916][  0]LogPakFile: OnPakFileMounted2Time == 0.000028
[2025.05.26-16.07.54:917][  0]LogPakFile: PakFile PrimaryIndexSize=192
[2025.05.26-16.07.54:917][  0]LogPakFile: PakFile PathHashIndexSize=101
[2025.05.26-16.07.54:917][  0]LogPakFile: PakFile FullDirectoryIndexSize=158
[2025.05.26-16.07.54:917][  0]LogShaderLibrary: Display: ShaderCodeLibraryPakFileMountedCallback: PakFile 'C:/Program Files/Epic Games/UE_4.27/FeaturePacks/TP_VirtualRealityBP.upack' (chunk index -1, root 'root:/') mounted
[2025.05.26-16.07.54:917][  0]LogShaderLibrary: Display: ShaderCodeLibraryPakFileMountedCallback: pending pak file info (ChunkID:-1 Root:root:/ File:C:/Program Files/Epic Games/UE_4.27/FeaturePacks/TP_VirtualRealityBP.upack)
[2025.05.26-16.07.54:917][  0]LogPakFile: OnPakFileMounted2Time == 0.000028
[2025.05.26-16.07.55:056][  0]LogNativeClassHierarchy: Verbose: Native class hierarchy updated for 'AddContentDialog' in 0.0003 seconds. Added 0 classes and 0 folders.
[2025.05.26-16.07.55:059][  0]LogNativeClassHierarchy: Verbose: Native class hierarchy updated for 'SceneOutliner' in 0.0003 seconds. Added 2 classes and 0 folders.
[2025.05.26-16.07.55:132][  0]LogSlate: Took 0.000248 seconds to synchronously load lazily loaded font '../../../Engine/Content/Slate/Fonts/Roboto-Regular.ttf' (155K)
[2025.05.26-16.07.55:134][  0]LogSlate: Took 0.000549 seconds to synchronously load lazily loaded font '../../../Engine/Content/Editor/Slate/Fonts/FontAwesome.ttf' (139K)
[2025.05.26-16.07.55:136][  0]LogSlate: Took 0.000274 seconds to synchronously load lazily loaded font '../../../Engine/Content/Slate/Fonts/Roboto-Bold.ttf' (160K)
[2025.05.26-16.07.55:228][  0]LogRenderer: Reallocating scene render targets to support 964x428 Format 9 NumSamples 4 (Frame:1).
[2025.05.26-16.07.55:366][  0]LogNativeClassHierarchy: Verbose: Native class hierarchy updated for 'HierarchicalLODOutliner' in 0.0003 seconds. Added 0 classes and 0 folders.
[2025.05.26-16.07.55:366][  0]LogLoad: (Engine Initialization) Total time: 8.77 seconds
[2025.05.26-16.07.55:366][  0]LogLoad: (Engine Initialization) Total Blueprint compile time: 0.00 seconds
[2025.05.26-16.07.55:414][  0]LogAssetRegistry: Asset discovery search completed in 5.4849 seconds
[2025.05.26-16.07.55:420][  0]LogCollectionManager: Fixed up redirectors for 0 collections in 0.000003 seconds (updated 0 objects)
[2025.05.26-16.07.55:424][  0]LogContentStreaming: Texture pool size now 600 MB
[2025.05.26-16.07.55:470][  1]LogResonanceAudio: Display: Resonance Audio Listener is initialized
[2025.05.26-16.07.55:514][  3]LogSlate: Took 0.000797 seconds to synchronously load lazily loaded font '../../../Engine/Content/Slate/Fonts/Roboto-Light.ttf' (167K)
[2025.05.26-16.07.56:391][ 87]LogSlate: Took 0.000230 seconds to synchronously load lazily loaded font '../../../Engine/Content/Slate/Fonts/Roboto-Light.ttf' (167K)
[2025.05.26-16.08.01:342][529]LogSlate: Took 0.000645 seconds to synchronously load lazily loaded font '../../../Engine/Content/Slate/Fonts/Roboto-Italic.ttf' (157K)
[2025.05.26-16.08.02:187][610]LogRenderer: Reallocating scene render targets to support 1208x568 Format 9 NumSamples 4 (Frame:608).
[2025.05.26-16.08.16:519][684]LogAssetEditorSubsystem: Opening Asset editor for Blueprint /Game/Sanya_Durex/BP_components/BP_BatteryContainer.BP_BatteryContainer
[2025.05.26-16.08.31:324][684]LogBlueprintEditor: Perf: 11.0 total seconds to load all 5 blueprint libraries in project. Avoid references to content in blueprint libraries to shorten this time.
[2025.05.26-16.08.31:324][684]LogBlueprintEditor: Perf: 9.2 seconds loading: /Engine/ArtTools/RenderToTexture/Macros/RenderToTextureMacros
[2025.05.26-16.08.31:324][684]LogBlueprintEditor: Perf: 1.1 seconds loading: /Engine/ArtTools/RenderToTexture/Macros/RenderToTextureFunctionLibrary
[2025.05.26-16.08.31:324][684]LogBlueprintEditor: Perf: 0.4 seconds loading: /Engine/Tutorial/BlueprintTutorials/TutorialAssets/Tutorial_BP_MacroLib
[2025.05.26-16.08.31:324][684]LogBlueprintEditor: Perf: 0.2 seconds loading: /Engine/EditorBlueprintResources/ActorMacros
[2025.05.26-16.08.35:290][684]LogNativeClassHierarchy: Verbose: Native class hierarchy updated for 'BlueprintGraph' in 0.0005 seconds. Added 126 classes and 0 folders.
[2025.05.26-16.08.36:628][684]LogSlate: Took 0.000219 seconds to synchronously load lazily loaded font '../../../Engine/Content/Slate/Fonts/Roboto-BoldCondensed.ttf' (158K)
[2025.05.26-16.08.39:545][969]LogSlate: Window 'BP_BatteryContainer' being destroyed
[2025.05.26-16.08.42:752][346]LogRenderer: Reallocating scene render targets to support 1208x704 Format 9 NumSamples 4 (Frame:1).
[2025.05.26-16.08.46:348][771]LogWorld: UWorld::CleanupWorld for World_9, bSessionEnded=true, bCleanupResources=true
[2025.05.26-16.08.46:348][771]LogSlate: InvalidateAllWidgets triggered.  All widgets were invalidated
[2025.05.26-16.08.50:655][265]LogAssetEditorSubsystem: Opening Asset editor for Blueprint /Game/Sanya_Durex/BP_components/BP_Encoder.BP_Encoder
[2025.05.26-16.08.54:402][675]LogWorld: UWorld::CleanupWorld for World_10, bSessionEnded=true, bCleanupResources=true
[2025.05.26-16.08.54:402][675]LogSlate: InvalidateAllWidgets triggered.  All widgets were invalidated
[2025.05.26-16.09.00:836][349]LogAssetEditorSubsystem: Opening Asset editor for Blueprint /Game/Sanya_Durex/BP_components/BP_ESP32.BP_ESP32
[2025.05.26-16.09.03:444][611]LogWorld: UWorld::CleanupWorld for World_11, bSessionEnded=true, bCleanupResources=true
[2025.05.26-16.09.03:444][611]LogSlate: InvalidateAllWidgets triggered.  All widgets were invalidated
[2025.05.26-16.09.07:728][ 91]LogAssetEditorSubsystem: Opening Asset editor for Blueprint /Game/Sanya_Durex/BP_components/BP_HC-SR04.BP_HC-SR04
[2025.05.26-16.09.10:694][369]LogWorld: UWorld::CleanupWorld for World_12, bSessionEnded=true, bCleanupResources=true
[2025.05.26-16.09.10:694][369]LogSlate: InvalidateAllWidgets triggered.  All widgets were invalidated
[2025.05.26-16.09.15:981][900]LogAssetEditorSubsystem: Opening Asset editor for Blueprint /Game/Sanya_Durex/BP_components/BP_MetalCilinder.BP_MetalCilinder
[2025.05.26-16.09.36:513][296]LogSavePackage: Moving '../../../../../../Users/sasha/Documents/GitHub/unreal_project/Saved/BP_MetalCilinderDAFDD0CF42351AAC9CF1F79EAFD6B657.tmp' to '../../../../../../Users/sasha/Documents/GitHub/unreal_project/Content/Sanya_Durex/BP_components/BP_MetalCilinder.uasset'
[2025.05.26-16.09.36:530][296]AssetCheck: New page: Asset Save: BP_MetalCilinder
[2025.05.26-16.09.36:531][296]LogContentValidation: Display: Validating Blueprint /Game/Sanya_Durex/BP_components/BP_MetalCilinder.BP_MetalCilinder
[2025.05.26-16.09.37:352][387]LogSavePackage: Moving '../../../../../../Users/sasha/Documents/GitHub/unreal_project/Saved/BP_MetalCilinder295EE4AC47A2DF052B15119D8EDF92C4.tmp' to '../../../../../../Users/sasha/Documents/GitHub/unreal_project/Content/Sanya_Durex/BP_components/BP_MetalCilinder.uasset'
[2025.05.26-16.09.37:365][387]AssetCheck: New page: Asset Save: BP_MetalCilinder
[2025.05.26-16.09.37:365][387]LogContentValidation: Display: Validating Blueprint /Game/Sanya_Durex/BP_components/BP_MetalCilinder.BP_MetalCilinder
[2025.05.26-16.09.37:779][437]BlueprintLog: New page: Compile BP_MetalCilinder
[2025.05.26-16.09.37:818][437]LogUObjectHash: Compacting FUObjectHashTables data took   2.09ms
[2025.05.26-16.09.37:849][437]LogSlate: Took 0.000538 seconds to synchronously load lazily loaded font '../../../Engine/Content/Slate/Fonts/DroidSansMono.ttf' (77K)
[2025.05.26-16.09.40:277][728]LogWorld: UWorld::CleanupWorld for World_13, bSessionEnded=true, bCleanupResources=true
[2025.05.26-16.09.40:277][728]LogSlate: InvalidateAllWidgets triggered.  All widgets were invalidated
[2025.05.26-16.09.41:651][867]LogAssetEditorSubsystem: Opening Asset editor for Blueprint /Game/Sanya_Durex/BP_components/BP_Motor.BP_Motor
[2025.05.26-16.09.56:783][635]LogOutputDevice: Warning: 

Script Stack (0 frames):

[2025.05.26-16.09.56:860][635]LogStats: FPlatformStackWalk::StackWalkAndDump -  0.077 s
[2025.05.26-16.09.56:860][635]LogOutputDevice: Error: === Handled ensure: ===
[2025.05.26-16.09.56:860][635]LogOutputDevice: Error: 
[2025.05.26-16.09.56:860][635]LogOutputDevice: Error: Ensure condition failed: !bGraphDataInvalid [File:D:/Build/++UE4/Sync/Engine/Source/Editor/GraphEditor/Private/SGraphPin.cpp] [Line: 821]
[2025.05.26-16.09.56:860][635]LogOutputDevice: Error: The Graph Pin Object has been invalidated. Someone is keeping a hard ref on the SGraphPin (SGraphPinKnot [SGraphNodeKnot.cpp(406)]). See InvalidateGraphData for more info
[2025.05.26-16.09.56:860][635]LogOutputDevice: Error: Stack: 
[2025.05.26-16.09.56:861][635]LogOutputDevice: Error: [Callstack] 0x00007ffe7d7d476b UE4Editor-GraphEditor.dll!UnknownFunction []
[2025.05.26-16.09.56:861][635]LogOutputDevice: Error: [Callstack] 0x00007ffe7d6812db UE4Editor-GraphEditor.dll!UnknownFunction []
[2025.05.26-16.09.56:861][635]LogOutputDevice: Error: [Callstack] 0x00007ffe7d67ff58 UE4Editor-GraphEditor.dll!UnknownFunction []
[2025.05.26-16.09.56:861][635]LogOutputDevice: Error: [Callstack] 0x00007ffe7d68d0bc UE4Editor-GraphEditor.dll!UnknownFunction []
[2025.05.26-16.09.56:861][635]LogOutputDevice: Error: [Callstack] 0x00007ffe7d70879c UE4Editor-GraphEditor.dll!UnknownFunction []
[2025.05.26-16.09.56:861][635]LogOutputDevice: Error: [Callstack] 0x00007ffe7d705c7f UE4Editor-GraphEditor.dll!UnknownFunction []
[2025.05.26-16.09.56:861][635]LogOutputDevice: Error: [Callstack] 0x00007ffe87966c66 UE4Editor-SlateCore.dll!UnknownFunction []
[2025.05.26-16.09.56:861][635]LogOutputDevice: Error: [Callstack] 0x00007ffe87964945 UE4Editor-SlateCore.dll!UnknownFunction []
[2025.05.26-16.09.56:861][635]LogOutputDevice: Error: [Callstack] 0x00007ffe87966c66 UE4Editor-SlateCore.dll!UnknownFunction []
[2025.05.26-16.09.56:861][635]LogOutputDevice: Error: [Callstack] 0x00007ffe87963ca2 UE4Editor-SlateCore.dll!UnknownFunction []
[2025.05.26-16.09.56:861][635]LogOutputDevice: Error: [Callstack] 0x00007ffe87966c66 UE4Editor-SlateCore.dll!UnknownFunction []
[2025.05.26-16.09.56:861][635]LogOutputDevice: Error: [Callstack] 0x00007ffe8da2b559 UE4Editor-Slate.dll!UnknownFunction []
[2025.05.26-16.09.56:861][635]LogOutputDevice: Error: [Callstack] 0x00007ffe87966c66 UE4Editor-SlateCore.dll!UnknownFunction []
[2025.05.26-16.09.56:861][635]LogOutputDevice: Error: [Callstack] 0x00007ffe87963ca2 UE4Editor-SlateCore.dll!UnknownFunction []
[2025.05.26-16.09.56:861][635]LogOutputDevice: Error: [Callstack] 0x00007ffe87966c66 UE4Editor-SlateCore.dll!UnknownFunction []
[2025.05.26-16.09.56:861][635]LogOutputDevice: Error: [Callstack] 0x00007ffe87963ca2 UE4Editor-SlateCore.dll!UnknownFunction []
[2025.05.26-16.09.56:861][635]LogOutputDevice: Error: [Callstack] 0x00007ffe8da2b3e4 UE4Editor-Slate.dll!UnknownFunction []
[2025.05.26-16.09.56:861][635]LogOutputDevice: Error: [Callstack] 0x00007ffe87966c66 UE4Editor-SlateCore.dll!UnknownFunction []
[2025.05.26-16.09.56:861][635]LogOutputDevice: Error: [Callstack] 0x00007ffe87964945 UE4Editor-SlateCore.dll!UnknownFunction []
[2025.05.26-16.09.56:861][635]LogOutputDevice: Error: [Callstack] 0x00007ffe87966c66 UE4Editor-SlateCore.dll!UnknownFunction []
[2025.05.26-16.09.56:861][635]LogOutputDevice: Error: [Callstack] 0x00007ffe87967678 UE4Editor-SlateCore.dll!UnknownFunction []
[2025.05.26-16.09.56:861][635]LogOutputDevice: Error: [Callstack] 0x00007ffe87964adb UE4Editor-SlateCore.dll!UnknownFunction []
[2025.05.26-16.09.56:861][635]LogOutputDevice: Error: [Callstack] 0x00007ffe87966c66 UE4Editor-SlateCore.dll!UnknownFunction []
[2025.05.26-16.09.56:861][635]LogOutputDevice: Error: [Callstack] 0x00007ffe87963ca2 UE4Editor-SlateCore.dll!UnknownFunction []
[2025.05.26-16.09.56:861][635]LogOutputDevice: Error: [Callstack] 0x00007ffe87966c66 UE4Editor-SlateCore.dll!UnknownFunction []
[2025.05.26-16.09.56:861][635]LogOutputDevice: Error: [Callstack] 0x00007ffe87967678 UE4Editor-SlateCore.dll!UnknownFunction []
[2025.05.26-16.09.56:861][635]LogOutputDevice: Error: [Callstack] 0x00007ffe8da2d800 UE4Editor-Slate.dll!UnknownFunction []
[2025.05.26-16.09.56:861][635]LogOutputDevice: Error: [Callstack] 0x00007ffe87966c66 UE4Editor-SlateCore.dll!UnknownFunction []
[2025.05.26-16.09.56:861][635]LogOutputDevice: Error: [Callstack] 0x00007ffe87963ca2 UE4Editor-SlateCore.dll!UnknownFunction []
[2025.05.26-16.09.56:861][635]LogOutputDevice: Error: [Callstack] 0x00007ffe87966c66 UE4Editor-SlateCore.dll!UnknownFunction []
[2025.05.26-16.09.56:861][635]LogOutputDevice: Error: [Callstack] 0x00007ffe87967678 UE4Editor-SlateCore.dll!UnknownFunction []
[2025.05.26-16.09.56:861][635]LogOutputDevice: Error: [Callstack] 0x00007ffe8da2d800 UE4Editor-Slate.dll!UnknownFunction []
[2025.05.26-16.09.56:861][635]LogOutputDevice: Error: [Callstack] 0x00007ffe87966c66 UE4Editor-SlateCore.dll!UnknownFunction []
[2025.05.26-16.09.56:861][635]LogOutputDevice: Error: [Callstack] 0x00007ffe87964945 UE4Editor-SlateCore.dll!UnknownFunction []
[2025.05.26-16.09.56:861][635]LogOutputDevice: Error: [Callstack] 0x00007ffe87966c66 UE4Editor-SlateCore.dll!UnknownFunction []
[2025.05.26-16.09.56:861][635]LogOutputDevice: Error: [Callstack] 0x00007ffe87963ca2 UE4Editor-SlateCore.dll!UnknownFunction []
[2025.05.26-16.09.56:861][635]LogOutputDevice: Error: [Callstack] 0x00007ffe87966c66 UE4Editor-SlateCore.dll!UnknownFunction []
[2025.05.26-16.09.56:861][635]LogOutputDevice: Error: [Callstack] 0x00007ffe87967678 UE4Editor-SlateCore.dll!UnknownFunction []
[2025.05.26-16.09.56:861][635]LogOutputDevice: Error: [Callstack] 0x00007ffe87964adb UE4Editor-SlateCore.dll!UnknownFunction []
[2025.05.26-16.09.56:861][635]LogOutputDevice: Error: [Callstack] 0x00007ffe87966c66 UE4Editor-SlateCore.dll!UnknownFunction []
[2025.05.26-16.09.56:861][635]LogOutputDevice: Error: [Callstack] 0x00007ffe87963ca2 UE4Editor-SlateCore.dll!UnknownFunction []
[2025.05.26-16.09.56:861][635]LogOutputDevice: Error: [Callstack] 0x00007ffe87966c66 UE4Editor-SlateCore.dll!UnknownFunction []
[2025.05.26-16.09.56:861][635]LogOutputDevice: Error: [Callstack] 0x00007ffe87963ca2 UE4Editor-SlateCore.dll!UnknownFunction []
[2025.05.26-16.09.56:861][635]LogOutputDevice: Error: [Callstack] 0x00007ffe8da2b3e4 UE4Editor-Slate.dll!UnknownFunction []
[2025.05.26-16.09.56:861][635]LogOutputDevice: Error: [Callstack] 0x00007ffe87966c66 UE4Editor-SlateCore.dll!UnknownFunction []
[2025.05.26-16.09.56:861][635]LogOutputDevice: Error: [Callstack] 0x00007ffe87964945 UE4Editor-SlateCore.dll!UnknownFunction []
[2025.05.26-16.09.56:861][635]LogOutputDevice: Error: [Callstack] 0x00007ffe87966c66 UE4Editor-SlateCore.dll!UnknownFunction []
[2025.05.26-16.09.56:861][635]LogOutputDevice: Error: [Callstack] 0x00007ffe87967678 UE4Editor-SlateCore.dll!UnknownFunction []
[2025.05.26-16.09.56:861][635]LogOutputDevice: Error: [Callstack] 0x00007ffe87964adb UE4Editor-SlateCore.dll!UnknownFunction []
[2025.05.26-16.09.56:861][635]LogOutputDevice: Error: [Callstack] 0x00007ffe87966c66 UE4Editor-SlateCore.dll!UnknownFunction []
[2025.05.26-16.09.56:861][635]LogOutputDevice: Error: [Callstack] 0x00007ffe87963ca2 UE4Editor-SlateCore.dll!UnknownFunction []
[2025.05.26-16.09.56:861][635]LogOutputDevice: Error: [Callstack] 0x00007ffe87966c66 UE4Editor-SlateCore.dll!UnknownFunction []
[2025.05.26-16.09.56:861][635]LogOutputDevice: Error: [Callstack] 0x00007ffe87967678 UE4Editor-SlateCore.dll!UnknownFunction []
[2025.05.26-16.09.56:861][635]LogOutputDevice: Error: [Callstack] 0x00007ffe8da2d800 UE4Editor-Slate.dll!UnknownFunction []
[2025.05.26-16.09.56:861][635]LogOutputDevice: Error: [Callstack] 0x00007ffe87966c66 UE4Editor-SlateCore.dll!UnknownFunction []
[2025.05.26-16.09.56:861][635]LogOutputDevice: Error: [Callstack] 0x00007ffe87964945 UE4Editor-SlateCore.dll!UnknownFunction []
[2025.05.26-16.09.56:861][635]LogOutputDevice: Error: [Callstack] 0x00007ffe87966c66 UE4Editor-SlateCore.dll!UnknownFunction []
[2025.05.26-16.09.56:861][635]LogOutputDevice: Error: [Callstack] 0x00007ffe87963ca2 UE4Editor-SlateCore.dll!UnknownFunction []
[2025.05.26-16.09.56:861][635]LogOutputDevice: Error: [Callstack] 0x00007ffe87966c66 UE4Editor-SlateCore.dll!UnknownFunction []
[2025.05.26-16.09.56:861][635]LogOutputDevice: Error: [Callstack] 0x00007ffe87967678 UE4Editor-SlateCore.dll!UnknownFunction []
[2025.05.26-16.09.56:861][635]LogOutputDevice: Error: [Callstack] 0x00007ffe87964adb UE4Editor-SlateCore.dll!UnknownFunction []
[2025.05.26-16.09.56:861][635]LogOutputDevice: Error: [Callstack] 0x00007ffe87966c66 UE4Editor-SlateCore.dll!UnknownFunction []
[2025.05.26-16.09.56:861][635]LogOutputDevice: Error: [Callstack] 0x00007ffe87967678 UE4Editor-SlateCore.dll!UnknownFunction []
[2025.05.26-16.09.56:861][635]LogOutputDevice: Error: [Callstack] 0x00007ffe87964adb UE4Editor-SlateCore.dll!UnknownFunction []
[2025.05.26-16.09.56:861][635]LogOutputDevice: Error: [Callstack] 0x00007ffe87966c66 UE4Editor-SlateCore.dll!UnknownFunction []
[2025.05.26-16.09.56:861][635]LogOutputDevice: Error: [Callstack] 0x00007ffe87964945 UE4Editor-SlateCore.dll!UnknownFunction []
[2025.05.26-16.09.56:861][635]LogOutputDevice: Error: [Callstack] 0x00007ffe87966c66 UE4Editor-SlateCore.dll!UnknownFunction []
[2025.05.26-16.09.56:861][635]LogOutputDevice: Error: [Callstack] 0x00007ffe87963ca2 UE4Editor-SlateCore.dll!UnknownFunction []
[2025.05.26-16.09.56:861][635]LogOutputDevice: Error: [Callstack] 0x00007ffe87966c66 UE4Editor-SlateCore.dll!UnknownFunction []
[2025.05.26-16.09.56:861][635]LogOutputDevice: Error: [Callstack] 0x00007ffe87967787 UE4Editor-SlateCore.dll!UnknownFunction []
[2025.05.26-16.09.56:861][635]LogOutputDevice: Error: [Callstack] 0x00007ffe8787be74 UE4Editor-SlateCore.dll!UnknownFunction []
[2025.05.26-16.09.56:861][635]LogOutputDevice: Error: [Callstack] 0x00007ffe87967a1c UE4Editor-SlateCore.dll!UnknownFunction []
[2025.05.26-16.09.56:861][635]LogOutputDevice: Error: [Callstack] 0x00007ffe8d801bee UE4Editor-Slate.dll!UnknownFunction []
[2025.05.26-16.09.56:861][635]LogOutputDevice: Error: [Callstack] 0x00007ffe8d832779 UE4Editor-Slate.dll!UnknownFunction []
[2025.05.26-16.09.56:861][635]LogOutputDevice: Error: [Callstack] 0x00007ffe8d802547 UE4Editor-Slate.dll!UnknownFunction []
[2025.05.26-16.09.56:861][635]LogOutputDevice: Error: [Callstack] 0x00007ffe8d858279 UE4Editor-Slate.dll!UnknownFunction []
[2025.05.26-16.09.56:861][635]LogOutputDevice: Error: [Callstack] 0x00007ffe8d857a73 UE4Editor-Slate.dll!UnknownFunction []
[2025.05.26-16.09.56:861][635]LogOutputDevice: Error: [Callstack] 0x00007ff610db9a1f UE4Editor.exe!UnknownFunction []
[2025.05.26-16.09.56:861][635]LogOutputDevice: Error: [Callstack] 0x00007ff610dd0fcc UE4Editor.exe!UnknownFunction []
[2025.05.26-16.09.56:861][635]LogOutputDevice: Error: [Callstack] 0x00007ff610dd10ba UE4Editor.exe!UnknownFunction []
[2025.05.26-16.09.56:861][635]LogOutputDevice: Error: [Callstack] 0x00007ff610dd40dd UE4Editor.exe!UnknownFunction []
[2025.05.26-16.09.56:861][635]LogOutputDevice: Error: [Callstack] 0x00007ff610de5984 UE4Editor.exe!UnknownFunction []
[2025.05.26-16.09.56:861][635]LogOutputDevice: Error: [Callstack] 0x00007ff610de853a UE4Editor.exe!UnknownFunction []
[2025.05.26-16.09.56:861][635]LogOutputDevice: Error: [Callstack] 0x00007ffef4c7e8d7 KERNEL32.DLL!UnknownFunction []
[2025.05.26-16.09.56:861][635]LogOutputDevice: Error: [Callstack] 0x00007ffef5ffc5dc ntdll.dll!UnknownFunction []
[2025.05.26-16.09.56:861][635]LogOutputDevice: Error: 
[2025.05.26-16.09.56:865][635]LogStats:                SubmitErrorReport -  0.000 s
[2025.05.26-16.09.57:732][635]LogStats:                    SendNewReport -  0.868 s
[2025.05.26-16.09.57:732][635]LogStats:             FDebug::EnsureFailed -  0.949 s
[2025.05.26-16.10.15:499][757]LogWindowsTextInputMethodSystem: Display: IME system deactivated.
[2025.05.26-16.10.15:499][757]LogWindowsTextInputMethodSystem: Display: IME system deactivated.
[2025.05.26-16.10.36:770][273]BlueprintLog: New page: Compile BP_Motor
[2025.05.26-16.10.36:800][273]LogUObjectHash: Compacting FUObjectHashTables data took   1.76ms
[2025.05.26-16.10.37:315][326]Cmd: OBJ SAVEPACKAGE PACKAGE="/Game/Sanya_Durex/BP_components/BP_Motor" FILE="../../../../../../Users/sasha/Documents/GitHub/unreal_project/Content/Sanya_Durex/BP_components/BP_Motor.uasset" SILENT=true
[2025.05.26-16.10.37:328][326]LogSavePackage: Moving '../../../../../../Users/sasha/Documents/GitHub/unreal_project/Saved/BP_Motor51EA3D87457DB24907B94F8B10C437D5.tmp' to '../../../../../../Users/sasha/Documents/GitHub/unreal_project/Content/Sanya_Durex/BP_components/BP_Motor.uasset'
[2025.05.26-16.10.37:342][326]AssetCheck: New page: Asset Save: BP_Motor
[2025.05.26-16.10.37:342][326]LogContentValidation: Display: Validating Blueprint /Game/Sanya_Durex/BP_components/BP_Motor.BP_Motor
[2025.05.26-16.11.03:636][445]LogAssetEditorSubsystem: Opening Asset editor for Blueprint /Game/Sanya_Durex/BP_components/BP_MX1508.BP_MX1508
[2025.05.26-16.11.07:280][786]LogSlate: Window 'BP_MX1508' being destroyed
[2025.05.26-16.11.18:771][154]Cmd: OBJ SAVEPACKAGE PACKAGE="/Game/Sanya_Durex/BP_components/BP_MX1508" FILE="../../../../../../Users/sasha/Documents/GitHub/unreal_project/Content/Sanya_Durex/BP_components/BP_MX1508.uasset" SILENT=true
[2025.05.26-16.11.18:780][154]LogSavePackage: Moving '../../../../../../Users/sasha/Documents/GitHub/unreal_project/Saved/BP_MX1508D21961D94A526F289982BB8AAE83A4A1.tmp' to '../../../../../../Users/sasha/Documents/GitHub/unreal_project/Content/Sanya_Durex/BP_components/BP_MX1508.uasset'
[2025.05.26-16.11.18:792][154]AssetCheck: New page: Asset Save: BP_MX1508
[2025.05.26-16.11.18:792][154]LogContentValidation: Display: Validating Blueprint /Game/Sanya_Durex/BP_components/BP_MX1508.BP_MX1508
[2025.05.26-16.11.19:162][199]BlueprintLog: New page: Compile BP_MX1508
[2025.05.26-16.11.19:195][199]LogUObjectHash: Compacting FUObjectHashTables data took   1.76ms
[2025.05.26-16.11.20:246][320]LogWorld: UWorld::CleanupWorld for World_15, bSessionEnded=true, bCleanupResources=true
[2025.05.26-16.11.20:246][320]LogSlate: InvalidateAllWidgets triggered.  All widgets were invalidated
[2025.05.26-16.11.21:008][404]LogActorComponent: UnregisterComponent: (/Engine/Transient.EditorFloorComp) Not registered. Aborting.
[2025.05.26-16.11.21:008][404]LogWorld: UWorld::CleanupWorld for World_14, bSessionEnded=true, bCleanupResources=true
[2025.05.26-16.11.21:008][404]LogSlate: InvalidateAllWidgets triggered.  All widgets were invalidated
[2025.05.26-16.11.28:350][229]LogAssetEditorSubsystem: Opening Asset editor for Blueprint /Game/Sanya_Durex/BP_components/BP_Screw.BP_Screw
[2025.05.26-16.11.30:925][445]LogSlate: Window 'BP_Screw' being destroyed
[2025.05.26-16.11.41:831][732]BlueprintLog: New page: Compile BP_Screw
[2025.05.26-16.11.41:863][732]LogUObjectHash: Compacting FUObjectHashTables data took   1.92ms
[2025.05.26-16.11.42:305][781]Cmd: OBJ SAVEPACKAGE PACKAGE="/Game/Sanya_Durex/BP_components/BP_Screw" FILE="../../../../../../Users/sasha/Documents/GitHub/unreal_project/Content/Sanya_Durex/BP_components/BP_Screw.uasset" SILENT=true
[2025.05.26-16.11.42:315][781]LogSavePackage: Moving '../../../../../../Users/sasha/Documents/GitHub/unreal_project/Saved/BP_Screw8CABE33F407F6A0308C322BA6FD3C720.tmp' to '../../../../../../Users/sasha/Documents/GitHub/unreal_project/Content/Sanya_Durex/BP_components/BP_Screw.uasset'
[2025.05.26-16.11.42:325][781]AssetCheck: New page: Asset Save: BP_Screw
[2025.05.26-16.11.42:325][781]LogContentValidation: Display: Validating Blueprint /Game/Sanya_Durex/BP_components/BP_Screw.BP_Screw
[2025.05.26-16.11.43:094][873]LogWorld: UWorld::CleanupWorld for World_16, bSessionEnded=true, bCleanupResources=true
[2025.05.26-16.11.43:094][873]LogSlate: InvalidateAllWidgets triggered.  All widgets were invalidated
[2025.05.26-16.12.14:791][603]LogAssetEditorSubsystem: Opening Asset editor for Blueprint /Game/Andrey/Objects/BP_EncoderPetals.BP_EncoderPetals
[2025.05.26-16.12.39:675][545]LogWindowsTextInputMethodSystem: Display: IME system deactivated.
[2025.05.26-16.12.39:675][545]LogWindowsTextInputMethodSystem: Display: IME system deactivated.
[2025.05.26-16.12.57:257][651]BlueprintLog: New page: Compile BP_EncoderPetals
[2025.05.26-16.12.57:288][651]LogUObjectHash: Compacting FUObjectHashTables data took   1.88ms
[2025.05.26-16.12.57:600][684]Cmd: OBJ SAVEPACKAGE PACKAGE="/Game/Andrey/Objects/BP_EncoderPetals" FILE="../../../../../../Users/sasha/Documents/GitHub/unreal_project/Content/Andrey/Objects/BP_EncoderPetals.uasset" SILENT=true
[2025.05.26-16.12.57:611][684]LogSavePackage: Moving '../../../../../../Users/sasha/Documents/GitHub/unreal_project/Saved/BP_EncoderPetals3B86AB224B3AE46696DA5699EDEE5D53.tmp' to '../../../../../../Users/sasha/Documents/GitHub/unreal_project/Content/Andrey/Objects/BP_EncoderPetals.uasset'
[2025.05.26-16.12.57:626][684]AssetCheck: New page: Asset Save: BP_EncoderPetals
[2025.05.26-16.12.57:626][684]LogContentValidation: Display: Validating Blueprint /Game/Andrey/Objects/BP_EncoderPetals.BP_EncoderPetals
[2025.05.26-16.12.58:310][766]LogWorld: UWorld::CleanupWorld for World_24, bSessionEnded=true, bCleanupResources=true
[2025.05.26-16.12.58:310][766]LogSlate: InvalidateAllWidgets triggered.  All widgets were invalidated
[2025.05.26-16.12.59:520][902]LogAssetEditorSubsystem: Opening Asset editor for Blueprint /Game/Andrey/Objects/BP_ESP_Holder.BP_ESP_Holder
[2025.05.26-16.13.09:453][ 49]BlueprintLog: New page: Compile BP_ESP_Holder
[2025.05.26-16.13.09:483][ 49]LogUObjectHash: Compacting FUObjectHashTables data took   1.96ms
[2025.05.26-16.13.09:795][ 82]Cmd: OBJ SAVEPACKAGE PACKAGE="/Game/Andrey/Objects/BP_ESP_Holder" FILE="../../../../../../Users/sasha/Documents/GitHub/unreal_project/Content/Andrey/Objects/BP_ESP_Holder.uasset" SILENT=true
[2025.05.26-16.13.09:805][ 82]LogSavePackage: Moving '../../../../../../Users/sasha/Documents/GitHub/unreal_project/Saved/BP_ESP_Holder759B2F1F4859C4AC5C6AA7907A4A9426.tmp' to '../../../../../../Users/sasha/Documents/GitHub/unreal_project/Content/Andrey/Objects/BP_ESP_Holder.uasset'
[2025.05.26-16.13.09:816][ 82]AssetCheck: New page: Asset Save: BP_ESP_Holder
[2025.05.26-16.13.09:816][ 82]LogContentValidation: Display: Validating Blueprint /Game/Andrey/Objects/BP_ESP_Holder.BP_ESP_Holder
[2025.05.26-16.13.16:617][889]LogAssetEditorSubsystem: Opening Asset editor for Blueprint /Game/Andrey/Objects/BP_HC-SR_Holder.BP_HC-SR_Holder
[2025.05.26-16.13.24:738][799]Cmd: OBJ SAVEPACKAGE PACKAGE="/Game/Andrey/Objects/BP_HC-SR_Holder" FILE="../../../../../../Users/sasha/Documents/GitHub/unreal_project/Content/Andrey/Objects/BP_HC-SR_Holder.uasset" SILENT=true
[2025.05.26-16.13.24:749][799]LogSavePackage: Moving '../../../../../../Users/sasha/Documents/GitHub/unreal_project/Saved/BP_HC-SR_HolderB342262F4BEA6A28C5E9CE8596AF6618.tmp' to '../../../../../../Users/sasha/Documents/GitHub/unreal_project/Content/Andrey/Objects/BP_HC-SR_Holder.uasset'
[2025.05.26-16.13.24:761][799]AssetCheck: New page: Asset Save: BP_HC-SR_Holder
[2025.05.26-16.13.24:761][799]LogContentValidation: Display: Validating Blueprint /Game/Andrey/Objects/BP_HC-SR_Holder.BP_HC-SR_Holder
[2025.05.26-16.13.25:920][936]BlueprintLog: New page: Compile BP_HC-SR_Holder
[2025.05.26-16.13.25:952][936]LogUObjectHash: Compacting FUObjectHashTables data took   1.96ms
[2025.05.26-16.13.26:296][973]Cmd: OBJ SAVEPACKAGE PACKAGE="/Game/Andrey/Objects/BP_HC-SR_Holder" FILE="../../../../../../Users/sasha/Documents/GitHub/unreal_project/Content/Andrey/Objects/BP_HC-SR_Holder.uasset" SILENT=true
[2025.05.26-16.13.26:307][973]LogSavePackage: Moving '../../../../../../Users/sasha/Documents/GitHub/unreal_project/Saved/BP_HC-SR_Holder5193CC7E4E3AB82D26C2EEB435A485AF.tmp' to '../../../../../../Users/sasha/Documents/GitHub/unreal_project/Content/Andrey/Objects/BP_HC-SR_Holder.uasset'
[2025.05.26-16.13.26:318][973]AssetCheck: New page: Asset Save: BP_HC-SR_Holder
[2025.05.26-16.13.26:318][973]LogContentValidation: Display: Validating Blueprint /Game/Andrey/Objects/BP_HC-SR_Holder.BP_HC-SR_Holder
[2025.05.26-16.13.34:033][894]LogWorld: UWorld::CleanupWorld for World_25, bSessionEnded=true, bCleanupResources=true
[2025.05.26-16.13.34:033][894]LogSlate: InvalidateAllWidgets triggered.  All widgets were invalidated
[2025.05.26-16.13.34:811][983]LogActorComponent: UnregisterComponent: (/Engine/Transient.EditorFloorComp) Not registered. Aborting.
[2025.05.26-16.13.34:811][983]LogWorld: UWorld::CleanupWorld for World_26, bSessionEnded=true, bCleanupResources=true
[2025.05.26-16.13.34:811][983]LogSlate: InvalidateAllWidgets triggered.  All widgets were invalidated
[2025.05.26-16.13.36:108][129]LogAssetEditorSubsystem: Opening Asset editor for Blueprint /Game/Andrey/Objects/BP_Motor_Holder.BP_Motor_Holder
[2025.05.26-16.14.02:010][194]LogWindowsTextInputMethodSystem: Display: IME system deactivated.
[2025.05.26-16.14.02:010][194]LogWindowsTextInputMethodSystem: Display: IME system deactivated.
[2025.05.26-16.14.14:626][698]BlueprintLog: New page: Compile BP_Motor_Holder
[2025.05.26-16.14.14:663][698]LogUObjectHash: Compacting FUObjectHashTables data took   2.04ms
[2025.05.26-16.14.15:114][746]Cmd: OBJ SAVEPACKAGE PACKAGE="/Game/Andrey/Objects/BP_Motor_Holder" FILE="../../../../../../Users/sasha/Documents/GitHub/unreal_project/Content/Andrey/Objects/BP_Motor_Holder.uasset" SILENT=true
[2025.05.26-16.14.15:125][746]LogSavePackage: Moving '../../../../../../Users/sasha/Documents/GitHub/unreal_project/Saved/BP_Motor_Holder6763936340D8E2BB93AC838767FD2436.tmp' to '../../../../../../Users/sasha/Documents/GitHub/unreal_project/Content/Andrey/Objects/BP_Motor_Holder.uasset'
[2025.05.26-16.14.15:137][746]AssetCheck: New page: Asset Save: BP_Motor_Holder
[2025.05.26-16.14.15:137][746]LogContentValidation: Display: Validating Blueprint /Game/Andrey/Objects/BP_Motor_Holder.BP_Motor_Holder
[2025.05.26-16.14.15:736][817]LogWorld: UWorld::CleanupWorld for World_27, bSessionEnded=true, bCleanupResources=true
[2025.05.26-16.14.15:736][817]LogSlate: InvalidateAllWidgets triggered.  All widgets were invalidated
[2025.05.26-16.14.17:164][981]LogAssetEditorSubsystem: Opening Asset editor for Blueprint /Game/Andrey/Objects/BP_Platform.BP_Platform
[2025.05.26-16.14.23:176][653]LogWorld: UWorld::CleanupWorld for World_28, bSessionEnded=true, bCleanupResources=true
[2025.05.26-16.14.23:176][653]LogSlate: InvalidateAllWidgets triggered.  All widgets were invalidated
[2025.05.26-16.14.24:880][841]LogAssetEditorSubsystem: Opening Asset editor for Blueprint /Game/Andrey/Objects/BP_Wheel.BP_Wheel
[2025.05.26-16.14.26:799][ 36]LogWorld: UWorld::CleanupWorld for World_29, bSessionEnded=true, bCleanupResources=true
[2025.05.26-16.14.26:799][ 36]LogSlate: InvalidateAllWidgets triggered.  All widgets were invalidated
[2025.05.26-16.14.29:803][387]LogAssetEditorSubsystem: Opening Asset editor for Blueprint /Game/Andrey/Objects/BP_Platform.BP_Platform
[2025.05.26-16.17.56:013][469]LogUObjectHash: Compacting FUObjectHashTables data took   2.22ms
[2025.05.26-16.17.56:042][469]LogSavePackage: Moving '../../../../../../Users/sasha/Documents/GitHub/unreal_project/Saved/VRTemplateMap_Auto1D658F2D7481299D68F9701B60873F4C8.tmp' to '../../../../../../Users/sasha/Documents/GitHub/unreal_project/Saved/Autosaves/Game/VRTemplate/Maps/VRTemplateMap_Auto1.umap'
[2025.05.26-16.17.56:046][469]LogFileHelpers: Editor autosave (incl. external actors) for '/Game/VRTemplate/Maps/VRTemplateMap' took 0.060
[2025.05.26-16.17.56:046][469]LogFileHelpers: Editor autosave (incl. sublevels & external actors) for all levels took 0.060
[2025.05.26-16.17.56:047][469]OBJ SavePackage: Generating thumbnails for [2] asset(s) in package [/Game/Andrey/Objects/BP_Wheel] ([2] browsable assets)...
[2025.05.26-16.17.56:058][469]OBJ SavePackage:     Rendered thumbnail for [Blueprint /Game/Andrey/Objects/BP_Wheel.BP_Wheel]
[2025.05.26-16.17.56:058][469]OBJ SavePackage: Finished generating thumbnails for package [/Game/Andrey/Objects/BP_Wheel]
[2025.05.26-16.17.56:065][469]LogSavePackage: Moving '../../../../../../Users/sasha/Documents/GitHub/unreal_project/Saved/BP_Wheel_Auto16EB1682F4E8B933D113F80BAD38BC344.tmp' to '../../../../../../Users/sasha/Documents/GitHub/unreal_project/Saved/Autosaves/Game/Andrey/Objects/BP_Wheel_Auto1.uasset'
[2025.05.26-16.17.56:067][469]OBJ SavePackage: Generating thumbnails for [2] asset(s) in package [/Game/Andrey/Objects/BP_Platform] ([2] browsable assets)...
[2025.05.26-16.17.56:076][469]OBJ SavePackage:     Rendered thumbnail for [Blueprint /Game/Andrey/Objects/BP_Platform.BP_Platform]
[2025.05.26-16.17.56:076][469]OBJ SavePackage: Finished generating thumbnails for package [/Game/Andrey/Objects/BP_Platform]
[2025.05.26-16.17.56:126][469]LogSavePackage: Moving '../../../../../../Users/sasha/Documents/GitHub/unreal_project/Saved/BP_Platform_Auto1EE2DAD404E61379588D69EA7B208917D.tmp' to '../../../../../../Users/sasha/Documents/GitHub/unreal_project/Saved/Autosaves/Game/Andrey/Objects/BP_Platform_Auto1.uasset'
[2025.05.26-16.17.56:128][469]LogFileHelpers: Auto-saving content packages took 0.082
[2025.05.26-16.18.02:349][489]LogWindowsTextInputMethodSystem: Display: IME system deactivated.
[2025.05.26-16.18.02:349][489]LogWindowsTextInputMethodSystem: Display: IME system deactivated.
[2025.05.26-16.20.16:496][ 78]BlueprintLog: New page: Compile BP_Platform
[2025.05.26-16.20.16:543][ 78]LogUObjectHash: Compacting FUObjectHashTables data took   1.75ms
[2025.05.26-16.20.16:925][110]Cmd: OBJ SAVEPACKAGE PACKAGE="/Game/Andrey/Objects/BP_Platform" FILE="../../../../../../Users/sasha/Documents/GitHub/unreal_project/Content/Andrey/Objects/BP_Platform.uasset" SILENT=true
[2025.05.26-16.20.16:976][110]LogSavePackage: Moving '../../../../../../Users/sasha/Documents/GitHub/unreal_project/Saved/BP_Platform6F8A4D3540DFCB5A0C2D928D7AC33FB6.tmp' to '../../../../../../Users/sasha/Documents/GitHub/unreal_project/Content/Andrey/Objects/BP_Platform.uasset'
[2025.05.26-16.20.16:989][110]AssetCheck: New page: Asset Save: BP_Platform
[2025.05.26-16.20.16:989][110]LogContentValidation: Display: Validating Blueprint /Game/Andrey/Objects/BP_Platform.BP_Platform
[2025.05.26-16.20.17:805][204]LogRenderer: Reallocating scene render targets to support 1696x704 Format 9 NumSamples 4 (Frame:1).
[2025.05.26-16.23.26:541][718]BlueprintLog: New page: Compile BP_Platform
[2025.05.26-16.23.26:586][718]LogUObjectHash: Compacting FUObjectHashTables data took   1.98ms
[2025.05.26-16.23.27:107][747]Cmd: OBJ SAVEPACKAGE PACKAGE="/Game/Andrey/Objects/BP_Platform" FILE="../../../../../../Users/sasha/Documents/GitHub/unreal_project/Content/Andrey/Objects/BP_Platform.uasset" SILENT=true
[2025.05.26-16.23.27:156][747]LogSavePackage: Moving '../../../../../../Users/sasha/Documents/GitHub/unreal_project/Saved/BP_PlatformC8EDEE2B4797CC610D424096A096091F.tmp' to '../../../../../../Users/sasha/Documents/GitHub/unreal_project/Content/Andrey/Objects/BP_Platform.uasset'
[2025.05.26-16.23.27:171][747]AssetCheck: New page: Asset Save: BP_Platform
[2025.05.26-16.23.27:171][747]LogContentValidation: Display: Validating Blueprint /Game/Andrey/Objects/BP_Platform.BP_Platform
[2025.05.26-16.23.39:336][469]LogContentBrowser: Deferred new asset folder creation: NewFolder
[2025.05.26-16.23.39:351][469]LogContentBrowser: Creating deferred item: NewFolder
[2025.05.26-16.23.42:721][672]LogWindowsTextInputMethodSystem: Display: IME system deactivated.
[2025.05.26-16.23.42:721][672]LogWindowsTextInputMethodSystem: Display: IME system deactivated.
[2025.05.26-16.23.50:838][159]LogContentBrowser: Attempting asset rename: NewFolder -> BP_assembly
[2025.05.26-16.23.50:838][159]LogContentBrowser: End creating deferred item NewFolder
[2025.05.26-16.23.58:111][591]LogEditorClassViewer: Warning: Class /Engine/Tutorial/InWorldBlueprintEditing/TutorialAssets/IWBE_Blutility.IWBE_Blutility_C has parent /Script/Blutility.PlacedEditorUtilityBase, but this parent is not found. The Class will not be shown in ClassViewer.
[2025.05.26-16.23.59:206][591]LogSlate: Window 'Pick Parent Class' being destroyed
[2025.05.26-16.23.59:212][591]LogContentBrowser: Deferred new asset file creation: NewBlueprint
[2025.05.26-16.23.59:222][591]LogContentBrowser: Creating deferred item: NewBlueprint
[2025.05.26-16.24.20:548][869]LogContentBrowser: Attempting asset rename: NewBlueprint -> BP_CarAssemly
[2025.05.26-16.24.20:552][869]LogContentBrowser: End creating deferred item NewBlueprint
[2025.05.26-16.24.33:815][663]LogAssetEditorSubsystem: Opening Asset editor for Blueprint /Game/Sanya_Durex/BP_assembly/BP_CarAssemly.BP_CarAssemly
[2025.05.26-16.24.37:240][842]LogSlate: Window 'BP_CarAssemly' being destroyed
[2025.05.26-16.25.07:879][391]LogUObjectHash: Compacting FUObjectHashTables data took   1.72ms
[2025.05.26-16.25.07:902][391]LogSavePackage: Moving '../../../../../../Users/sasha/Documents/GitHub/unreal_project/Saved/VRTemplateMap4ED75BE5427E8C0C97F7C281C7110BC7.tmp' to '../../../../../../Users/sasha/Documents/GitHub/unreal_project/Content/VRTemplate/Maps/VRTemplateMap.umap'
[2025.05.26-16.25.08:002][391]LogSavePackage: Moving '../../../../../../Users/sasha/Documents/GitHub/unreal_project/Saved/VRTemplateMap_BuiltData0232E1FE4DE4A0037C92E4A352F9BC3B.tmp' to '../../../../../../Users/sasha/Documents/GitHub/unreal_project/Content/VRTemplate/Maps/VRTemplateMap_BuiltData.uasset'
[2025.05.26-16.25.08:017][391]AssetCheck: New page: Asset Save: multiple assets
[2025.05.26-16.25.08:017][391]LogContentValidation: Display: Validating MapBuildDataRegistry /Game/VRTemplate/Maps/VRTemplateMap_BuiltData.VRTemplateMap_BuiltData
[2025.05.26-16.25.08:018][391]LogContentValidation: Display: Validating World /Game/VRTemplate/Maps/VRTemplateMap.VRTemplateMap
[2025.05.26-16.26.46:211][743]LogEditorTransaction: Undo Add Component
[2025.05.26-16.27.21:281][829]BlueprintLog: New page: Compile BP_CarAssemly
[2025.05.26-16.27.21:344][829]LogUObjectHash: Compacting FUObjectHashTables data took   2.62ms
[2025.05.26-16.29.07:808][293]LogWorld: UWorld::CleanupWorld for World_33, bSessionEnded=true, bCleanupResources=true
[2025.05.26-16.29.07:809][293]LogSlate: InvalidateAllWidgets triggered.  All widgets were invalidated
[2025.05.26-16.30.26:028][595]LogEditorTransaction: Undo Edit Visible
[2025.05.26-16.30.26:999][650]LogEditorTransaction: Undo Edit Visible
[2025.05.26-16.30.27:568][684]LogEditorTransaction: Undo Modify Component(s)
[2025.05.26-16.30.28:016][710]LogEditorTransaction: Undo Edit Static Mesh
[2025.05.26-16.30.28:381][731]LogEditorTransaction: Undo Edit Visible
[2025.05.26-16.30.28:919][763]LogEditorTransaction: Undo Edit Visible
[2025.05.26-16.30.29:439][794]LogEditorTransaction: Undo Add Component
[2025.05.26-16.32.29:707][  2]LogEditorTransaction: Undo Modify Component(s)
[2025.05.26-16.33.23:138][187]LogWindowsTextInputMethodSystem: Display: IME system deactivated.
[2025.05.26-16.33.23:138][187]LogWindowsTextInputMethodSystem: Display: IME system deactivated.
[2025.05.26-16.34.23:344][794]LogWindowsTextInputMethodSystem: Display: IME system deactivated.
[2025.05.26-16.34.23:344][794]LogWindowsTextInputMethodSystem: Display: IME system deactivated.
[2025.05.26-16.34.36:470][581]LogActorComponent: UnregisterComponent: (/Engine/Transient.EditorFloorComp) Not registered. Aborting.
[2025.05.26-16.34.36:470][581]LogWorld: UWorld::CleanupWorld for World_30, bSessionEnded=true, bCleanupResources=true
[2025.05.26-16.34.36:470][581]LogSlate: InvalidateAllWidgets triggered.  All widgets were invalidated
[2025.05.26-16.34.40:333][802]LogUObjectHash: Compacting FUObjectHashTables data took   5.74ms
[2025.05.26-16.34.44:090][802]LogSlate: Window 'Delete Assets' being destroyed
[2025.05.26-16.34.44:142][802]LogUObjectGlobals: Force Deleting 1 Package(s):
	Asset Name: /Game/Sanya_Durex/BP_assembly/BP_CarAssemly.BP_CarAssemly
[2025.05.26-16.34.44:942][802]LogUObjectHash: Compacting FUObjectHashTables data took   1.99ms
[2025.05.26-16.34.44:969][802]LogUObjectHash: Compacting FUObjectHashTables data took   1.41ms
[2025.05.26-16.34.50:876][156]LogEditorViewport: Clicking on Actor (LMB): BP_Platform_C (BP_Platform)
[2025.05.26-16.34.51:871][215]LogEditorViewport: Clicking on Actor (LMB): BP_MX1508_C (DP_MX1508)
[2025.05.26-16.34.53:298][300]Cmd: DELETE
[2025.05.26-16.34.53:298][300]Cmd: ACTOR DELETE
[2025.05.26-16.34.53:310][300]LogEditorActor: Deleted Actor: BP_MX1508_C
[2025.05.26-16.34.53:324][300]LogUObjectHash: Compacting FUObjectHashTables data took   1.54ms
[2025.05.26-16.34.53:330][300]LogEditorActor: Deleted 1 Actors (0.031 secs)
[2025.05.26-16.35.00:250][715]LogAssetEditorSubsystem: Opening Asset editor for Blueprint /Game/Andrey/Objects/BP_Platform.BP_Platform
[2025.05.26-16.35.02:943][856]BlueprintLog: New page: Compile BP_Platform
[2025.05.26-16.35.02:949][856]LogBlueprint: Error: [AssetLog] C:\Users\sasha\Documents\GitHub\unreal_project\Content\Andrey\Objects\BP_Platform.uasset: [Compiler] This blueprint (self) is not a SceneComponent, therefore ' Target ' must have a connection.
[2025.05.26-16.35.02:980][856]LogUObjectHash: Compacting FUObjectHashTables data took   1.55ms
[2025.05.26-16.35.03:618][888]Cmd: OBJ SAVEPACKAGE PACKAGE="/Game/Andrey/Objects/BP_Platform" FILE="../../../../../../Users/sasha/Documents/GitHub/unreal_project/Content/Andrey/Objects/BP_Platform.uasset" SILENT=true
[2025.05.26-16.35.03:665][888]LogSavePackage: Moving '../../../../../../Users/sasha/Documents/GitHub/unreal_project/Saved/BP_PlatformF0C1CA214CA3905A6A6C05AEE22E42B2.tmp' to '../../../../../../Users/sasha/Documents/GitHub/unreal_project/Content/Andrey/Objects/BP_Platform.uasset'
[2025.05.26-16.35.03:678][888]AssetCheck: New page: Asset Save: BP_Platform
[2025.05.26-16.35.03:678][888]LogContentValidation: Display: Validating Blueprint /Game/Andrey/Objects/BP_Platform.BP_Platform
[2025.05.26-16.35.15:551][600]BlueprintLog: New page: Compile BP_Platform
[2025.05.26-16.35.15:559][600]LogBlueprint: Error: [AssetLog] C:\Users\sasha\Documents\GitHub\unreal_project\Content\Andrey\Objects\BP_Platform.uasset: [Compiler] This blueprint (self) is not a SceneComponent, therefore ' Target ' must have a connection.
[2025.05.26-16.35.15:587][600]LogUObjectHash: Compacting FUObjectHashTables data took   1.81ms
[2025.05.26-16.35.15:949][618]Cmd: OBJ SAVEPACKAGE PACKAGE="/Game/Andrey/Objects/BP_Platform" FILE="../../../../../../Users/sasha/Documents/GitHub/unreal_project/Content/Andrey/Objects/BP_Platform.uasset" SILENT=true
[2025.05.26-16.35.15:995][618]LogSavePackage: Moving '../../../../../../Users/sasha/Documents/GitHub/unreal_project/Saved/BP_Platform40583F4D43374CA35E65AAB08824BF45.tmp' to '../../../../../../Users/sasha/Documents/GitHub/unreal_project/Content/Andrey/Objects/BP_Platform.uasset'
[2025.05.26-16.35.16:008][618]AssetCheck: New page: Asset Save: BP_Platform
[2025.05.26-16.35.16:008][618]LogContentValidation: Display: Validating Blueprint /Game/Andrey/Objects/BP_Platform.BP_Platform
[2025.05.26-16.36.17:837][798]BlueprintLog: New page: Compile BP_Platform
[2025.05.26-16.36.17:875][798]LogUObjectHash: Compacting FUObjectHashTables data took   2.03ms
[2025.05.26-16.36.18:331][818]Cmd: OBJ SAVEPACKAGE PACKAGE="/Game/Andrey/Objects/BP_Platform" FILE="../../../../../../Users/sasha/Documents/GitHub/unreal_project/Content/Andrey/Objects/BP_Platform.uasset" SILENT=true
[2025.05.26-16.36.18:380][818]LogSavePackage: Moving '../../../../../../Users/sasha/Documents/GitHub/unreal_project/Saved/BP_Platform369235BF40195886754FCEB538E6F593.tmp' to '../../../../../../Users/sasha/Documents/GitHub/unreal_project/Content/Andrey/Objects/BP_Platform.uasset'
[2025.05.26-16.36.18:396][818]AssetCheck: New page: Asset Save: BP_Platform
[2025.05.26-16.36.18:396][818]LogContentValidation: Display: Validating Blueprint /Game/Andrey/Objects/BP_Platform.BP_Platform
[2025.05.26-16.36.23:191][106]LogTemp: Repeating last play command: Simulate
[2025.05.26-16.36.23:198][106]LogPlayLevel: PlayLevel: No blueprints needed recompiling
[2025.05.26-16.36.23:199][106]PIE: New page: SIE session: VRTemplateMap (26 мая 2025 г., 22:36:23)
[2025.05.26-16.36.23:200][106]LogOnline: OSS: Creating online subsystem instance for: NULL
[2025.05.26-16.36.23:201][106]LogOnline: OSS: TryLoadSubsystemAndSetDefault: Loaded subsystem for module [NULL]
[2025.05.26-16.36.23:203][106]LogPlayLevel: Creating play world package: /Game/VRTemplate/Maps/UEDPIE_0_VRTemplateMap
[2025.05.26-16.36.23:208][106]LogPlayLevel: PIE: StaticDuplicateObject took: (0.006295s)
[2025.05.26-16.36.23:209][106]LogAIModule: Creating AISystem for world VRTemplateMap
[2025.05.26-16.36.23:209][106]LogPlayLevel: PIE: World Init took: (0.000890s)
[2025.05.26-16.36.23:209][106]LogPlayLevel: PIE: Created PIE world by copying editor world from /Game/VRTemplate/Maps/VRTemplateMap.VRTemplateMap to /Game/VRTemplate/Maps/UEDPIE_0_VRTemplateMap.VRTemplateMap (0.007309s)
[2025.05.26-16.36.23:227][106]LogUObjectHash: Compacting FUObjectHashTables data took   1.82ms
[2025.05.26-16.36.23:228][106]LogAudio: Display: Creating Audio Device:                 Id: 2, Scope: Unique, Realtime: True
[2025.05.26-16.36.23:228][106]LogAudioMixer: Display: Audio Mixer Platform Settings:
[2025.05.26-16.36.23:228][106]LogAudioMixer: Display: 	Sample Rate:						  48000
[2025.05.26-16.36.23:228][106]LogAudioMixer: Display: 	Callback Buffer Frame Size Requested: 1024
[2025.05.26-16.36.23:228][106]LogAudioMixer: Display: 	Callback Buffer Frame Size To Use:	  1024
[2025.05.26-16.36.23:228][106]LogAudioMixer: Display: 	Number of buffers to queue:			  1
[2025.05.26-16.36.23:228][106]LogAudioMixer: Display: 	Max Channels (voices):				  0
[2025.05.26-16.36.23:228][106]LogAudioMixer: Display: 	Number of Async Source Workers:		  4
[2025.05.26-16.36.23:228][106]LogAudio: Display: AudioDevice MaxSources: 32
[2025.05.26-16.36.23:228][106]LogAudio: Display: Audio Spatialization Plugin: Resonance Audio is external send: 1
[2025.05.26-16.36.23:228][106]LogAudio: Display: Audio Reverb Plugin: Resonance Audio
[2025.05.26-16.36.23:228][106]LogAudio: Display: Audio Occlusion Plugin: None (built-in).
[2025.05.26-16.36.23:228][106]LogAudioMixer: Display: Initializing audio mixer.
[2025.05.26-16.36.23:234][106]LogAudioMixer: Display: 0: FrontLeft
[2025.05.26-16.36.23:234][106]LogAudioMixer: Display: 1: FrontRight
[2025.05.26-16.36.23:241][106]LogAudioMixer: Display: Using Audio Device ASUS VG249 (HD Audio Driver for Display Audio)
[2025.05.26-16.36.23:241][106]LogAudioMixer: Display: Initializing Sound Submixes...
[2025.05.26-16.36.23:241][106]LogAudioMixer: Display: Creating Master Submix 'MasterSubmixDefault'
[2025.05.26-16.36.23:241][106]LogAudioMixer: Display: Creating Master Submix 'MasterReverbSubmixDefault'
[2025.05.26-16.36.23:241][106]LogAudioMixer: Display: Creating Master Submix 'MasterEQSubmixDefault'
[2025.05.26-16.36.23:241][106]LogAudioMixer: FMixerPlatformXAudio2::StartAudioStream() called
[2025.05.26-16.36.23:241][106]LogAudioMixer: Display: Output buffers initialized: Frames=1024, Channels=2, Samples=2048
[2025.05.26-16.36.23:243][106]LogAudioMixer: Display: Starting AudioMixerPlatformInterface::RunInternal()
[2025.05.26-16.36.23:243][106]LogAudioMixer: Display: FMixerPlatformXAudio2::SubmitBuffer() called for the first time
[2025.05.26-16.36.23:243][106]LogInit: FAudioDevice initialized.
[2025.05.26-16.36.23:243][106]LogAudio: Display: Audio Device (ID: 2) registered with world 'VRTemplateMap'.
[2025.05.26-16.36.23:250][106]LogLoad: Game class is 'VRGameMode_C'
[2025.05.26-16.36.23:253][106]LogWorld: Bringing World /Game/VRTemplate/Maps/UEDPIE_0_VRTemplateMap.VRTemplateMap up for play (max tick rate 60) at 2025.05.26-19.36.23
[2025.05.26-16.36.23:253][106]LogWorld: Bringing up level for play took: 0.002715
[2025.05.26-16.36.23:254][106]LogOnline: OSS: Creating online subsystem instance for: :Context_37
[2025.05.26-16.36.23:256][106]LogSpawn: Warning: SpawnActor failed because no class was specified
[2025.05.26-16.36.23:260][106]LogNativeClassHierarchy: Verbose: Native class hierarchy updated for 'MovieSceneCapture' in 0.0003 seconds. Added 20 classes and 0 folders.
[2025.05.26-16.36.23:264][106]PIE: Server logged in
[2025.05.26-16.36.23:264][106]PIE: Play in editor total start time 0,068 seconds.
[2025.05.26-16.36.23:276][106]LogResonanceAudio: Display: Resonance Audio Listener is initialized
[2025.05.26-16.36.29:365][455]LogSlate: Updating window title bar state: overlay mode, drag disabled, window buttons hidden, title bar hidden
[2025.05.26-16.36.29:365][455]LogWorld: BeginTearingDown for /Game/VRTemplate/Maps/UEDPIE_0_VRTemplateMap
[2025.05.26-16.36.29:365][455]LogWorld: UWorld::CleanupWorld for VRTemplateMap, bSessionEnded=true, bCleanupResources=true
[2025.05.26-16.36.29:366][455]LogSlate: InvalidateAllWidgets triggered.  All widgets were invalidated
[2025.05.26-16.36.29:375][455]LogPlayLevel: Display: Shutting down PIE online subsystems
[2025.05.26-16.36.29:379][455]LogSlate: InvalidateAllWidgets triggered.  All widgets were invalidated
[2025.05.26-16.36.29:396][455]LogAudio: Display: Audio Device unregistered from world 'None'.
[2025.05.26-16.36.29:397][455]LogResonanceAudio: Display: Resonance Audio Listener is shutdown
[2025.05.26-16.36.29:397][455]LogAudioMixer: FMixerPlatformXAudio2::StopAudioStream() called
[2025.05.26-16.36.29:399][455]LogAudioMixer: FMixerPlatformXAudio2::StopAudioStream() called
[2025.05.26-16.36.29:400][455]LogSlate: Updating window title bar state: overlay mode, drag disabled, window buttons hidden, title bar hidden
[2025.05.26-16.36.29:422][455]LogUObjectHash: Compacting FUObjectHashTables data took   2.74ms
[2025.05.26-16.36.29:436][456]LogPlayLevel: Display: Destroying online subsystem :Context_37
[2025.05.26-16.36.50:380][710]LogUObjectHash: Compacting FUObjectHashTables data took   2.24ms
[2025.05.26-16.36.53:139][710]LogSlate: Window 'Delete Assets' being destroyed
[2025.05.26-16.36.53:219][710]LogUObjectHash: Compacting FUObjectHashTables data took   1.76ms
[2025.05.26-16.36.53:247][710]LogUObjectHash: Compacting FUObjectHashTables data took   1.83ms
[2025.05.26-16.36.53:267][710]LogUObjectHash: Compacting FUObjectHashTables data took   0.52ms
[2025.05.26-16.36.57:216][943]LogUObjectHash: Compacting FUObjectHashTables data took   1.70ms
[2025.05.26-16.36.58:043][943]LogSlate: Window 'Delete Assets' being destroyed
[2025.05.26-16.36.58:114][943]LogUObjectHash: Compacting FUObjectHashTables data took   0.53ms
[2025.05.26-16.36.58:141][943]LogUObjectHash: Compacting FUObjectHashTables data took   0.98ms
[2025.05.26-16.36.58:163][943]LogUObjectHash: Compacting FUObjectHashTables data took   0.70ms
[2025.05.26-16.37.01:553][145]LogUObjectHash: Compacting FUObjectHashTables data took   1.75ms
[2025.05.26-16.37.02:247][145]LogSlate: Window 'Delete Assets' being destroyed
[2025.05.26-16.37.02:310][145]LogUObjectHash: Compacting FUObjectHashTables data took   0.53ms
[2025.05.26-16.37.02:335][145]LogUObjectHash: Compacting FUObjectHashTables data took   0.63ms
[2025.05.26-16.37.02:356][145]LogUObjectHash: Compacting FUObjectHashTables data took   0.84ms
[2025.05.26-16.37.28:017][683]LogTemp: Repeating last play command: Simulate
[2025.05.26-16.37.28:022][683]LogPlayLevel: PlayLevel: No blueprints needed recompiling
[2025.05.26-16.37.28:022][683]PIE: New page: SIE session: VRTemplateMap (26 мая 2025 г., 22:37:28)
[2025.05.26-16.37.28:022][683]LogPlayLevel: Creating play world package: /Game/VRTemplate/Maps/UEDPIE_0_VRTemplateMap
[2025.05.26-16.37.28:028][683]LogPlayLevel: PIE: StaticDuplicateObject took: (0.006837s)
[2025.05.26-16.37.28:028][683]LogAIModule: Creating AISystem for world VRTemplateMap
[2025.05.26-16.37.28:029][683]LogPlayLevel: PIE: World Init took: (0.000852s)
[2025.05.26-16.37.28:029][683]LogPlayLevel: PIE: Created PIE world by copying editor world from /Game/VRTemplate/Maps/VRTemplateMap.VRTemplateMap to /Game/VRTemplate/Maps/UEDPIE_0_VRTemplateMap.VRTemplateMap (0.007789s)
[2025.05.26-16.37.28:049][683]LogUObjectHash: Compacting FUObjectHashTables data took   1.79ms
[2025.05.26-16.37.28:051][683]LogAudio: Display: Creating Audio Device:                 Id: 3, Scope: Unique, Realtime: True
[2025.05.26-16.37.28:051][683]LogAudioMixer: Display: Audio Mixer Platform Settings:
[2025.05.26-16.37.28:051][683]LogAudioMixer: Display: 	Sample Rate:						  48000
[2025.05.26-16.37.28:051][683]LogAudioMixer: Display: 	Callback Buffer Frame Size Requested: 1024
[2025.05.26-16.37.28:051][683]LogAudioMixer: Display: 	Callback Buffer Frame Size To Use:	  1024
[2025.05.26-16.37.28:051][683]LogAudioMixer: Display: 	Number of buffers to queue:			  1
[2025.05.26-16.37.28:051][683]LogAudioMixer: Display: 	Max Channels (voices):				  0
[2025.05.26-16.37.28:051][683]LogAudioMixer: Display: 	Number of Async Source Workers:		  4
[2025.05.26-16.37.28:051][683]LogAudio: Display: AudioDevice MaxSources: 32
[2025.05.26-16.37.28:051][683]LogAudio: Display: Audio Spatialization Plugin: Resonance Audio is external send: 1
[2025.05.26-16.37.28:051][683]LogAudio: Display: Audio Reverb Plugin: Resonance Audio
[2025.05.26-16.37.28:051][683]LogAudio: Display: Audio Occlusion Plugin: None (built-in).
[2025.05.26-16.37.28:051][683]LogAudioMixer: Display: Initializing audio mixer.
[2025.05.26-16.37.28:058][683]LogAudioMixer: Display: 0: FrontLeft
[2025.05.26-16.37.28:058][683]LogAudioMixer: Display: 1: FrontRight
[2025.05.26-16.37.28:064][683]LogAudioMixer: Display: Using Audio Device ASUS VG249 (HD Audio Driver for Display Audio)
[2025.05.26-16.37.28:064][683]LogAudioMixer: Display: Initializing Sound Submixes...
[2025.05.26-16.37.28:064][683]LogAudioMixer: Display: Creating Master Submix 'MasterSubmixDefault'
[2025.05.26-16.37.28:064][683]LogAudioMixer: Display: Creating Master Submix 'MasterReverbSubmixDefault'
[2025.05.26-16.37.28:065][683]LogAudioMixer: Display: Creating Master Submix 'MasterEQSubmixDefault'
[2025.05.26-16.37.28:065][683]LogAudioMixer: FMixerPlatformXAudio2::StartAudioStream() called
[2025.05.26-16.37.28:065][683]LogAudioMixer: Display: Output buffers initialized: Frames=1024, Channels=2, Samples=2048
[2025.05.26-16.37.28:065][683]LogAudioMixer: Display: Starting AudioMixerPlatformInterface::RunInternal()
[2025.05.26-16.37.28:065][683]LogAudioMixer: Display: FMixerPlatformXAudio2::SubmitBuffer() called for the first time
[2025.05.26-16.37.28:065][683]LogInit: FAudioDevice initialized.
[2025.05.26-16.37.28:065][683]LogAudio: Display: Audio Device (ID: 3) registered with world 'VRTemplateMap'.
[2025.05.26-16.37.28:078][683]LogLoad: Game class is 'VRGameMode_C'
[2025.05.26-16.37.28:081][683]LogWorld: Bringing World /Game/VRTemplate/Maps/UEDPIE_0_VRTemplateMap.VRTemplateMap up for play (max tick rate 60) at 2025.05.26-19.37.28
[2025.05.26-16.37.28:081][683]LogWorld: Bringing up level for play took: 0.002251
[2025.05.26-16.37.28:081][683]LogOnline: OSS: Creating online subsystem instance for: :Context_38
[2025.05.26-16.37.28:083][683]LogSpawn: Warning: SpawnActor failed because no class was specified
[2025.05.26-16.37.28:085][683]PIE: Server logged in
[2025.05.26-16.37.28:086][683]PIE: Play in editor total start time 0,065 seconds.
[2025.05.26-16.37.28:098][683]LogResonanceAudio: Display: Resonance Audio Listener is initialized
[2025.05.26-16.37.28:759][722]LogEditorViewport: Clicking on Actor (LMB): BP_MX1508_C (BP_MX1508)
[2025.05.26-16.37.34:835][ 83]LogSlate: Updating window title bar state: overlay mode, drag disabled, window buttons hidden, title bar hidden
[2025.05.26-16.37.34:835][ 83]LogWorld: BeginTearingDown for /Game/VRTemplate/Maps/UEDPIE_0_VRTemplateMap
[2025.05.26-16.37.34:835][ 83]LogWorld: UWorld::CleanupWorld for VRTemplateMap, bSessionEnded=true, bCleanupResources=true
[2025.05.26-16.37.34:836][ 83]LogSlate: InvalidateAllWidgets triggered.  All widgets were invalidated
[2025.05.26-16.37.34:842][ 83]LogPlayLevel: Display: Shutting down PIE online subsystems
[2025.05.26-16.37.34:850][ 83]LogSlate: InvalidateAllWidgets triggered.  All widgets were invalidated
[2025.05.26-16.37.34:869][ 83]LogAudio: Display: Audio Device unregistered from world 'None'.
[2025.05.26-16.37.34:870][ 83]LogResonanceAudio: Display: Resonance Audio Listener is shutdown
[2025.05.26-16.37.34:870][ 83]LogAudioMixer: FMixerPlatformXAudio2::StopAudioStream() called
[2025.05.26-16.37.34:871][ 83]LogAudioMixer: FMixerPlatformXAudio2::StopAudioStream() called
[2025.05.26-16.37.34:873][ 83]LogSlate: Updating window title bar state: overlay mode, drag disabled, window buttons hidden, title bar hidden
[2025.05.26-16.37.34:876][ 83]LogUObjectHash: Compacting FUObjectHashTables data took   2.10ms
[2025.05.26-16.37.34:899][ 84]LogPlayLevel: Display: Destroying online subsystem :Context_38
[2025.05.26-16.38.02:711][746]LogEditorTransaction: Undo Add Component
[2025.05.26-16.39.06:118][540]BlueprintLog: New page: Compile BP_Platform
[2025.05.26-16.39.06:172][540]LogUObjectHash: Compacting FUObjectHashTables data took   2.48ms
[2025.05.26-16.40.12:744][497]BlueprintLog: New page: Compile BP_Platform
[2025.05.26-16.40.12:752][497]LogBlueprint: Error: [AssetLog] C:\Users\sasha\Documents\GitHub\unreal_project\Content\Andrey\Objects\BP_Platform.uasset: [Compiler] The type of  Object  is undetermined.  Connect something to  Cast To HUD  to imply a specific type.
[2025.05.26-16.40.12:752][497]LogBlueprint: Error: [AssetLog] C:\Users\sasha\Documents\GitHub\unreal_project\Content\Andrey\Objects\BP_Platform.uasset: [Compiler] The current value of the ' Object ' pin is invalid: Unsupported type Object Wildcard on pin Object
[2025.05.26-16.40.12:881][497]LogUObjectHash: Compacting FUObjectHashTables data took   2.74ms
[2025.05.26-16.40.21:103][988]BlueprintLog: New page: Compile BP_Platform
[2025.05.26-16.40.21:110][988]LogBlueprint: Error: [AssetLog] C:\Users\sasha\Documents\GitHub\unreal_project\Content\Andrey\Objects\BP_Platform.uasset: [Compiler] The type of  Object  is undetermined.  Connect something to  Cast To HUD  to imply a specific type.
[2025.05.26-16.40.21:111][988]LogBlueprint: Error: [AssetLog] C:\Users\sasha\Documents\GitHub\unreal_project\Content\Andrey\Objects\BP_Platform.uasset: [Compiler] The current value of the ' Object ' pin is invalid: Unsupported type Object Wildcard on pin Object
[2025.05.26-16.40.21:146][988]LogUObjectHash: Compacting FUObjectHashTables data took   2.37ms
[2025.05.26-16.42.19:327][ 25]BlueprintLog: New page: Compile BP_Platform
[2025.05.26-16.42.19:336][ 25]LogBlueprint: Error: [AssetLog] C:\Users\sasha\Documents\GitHub\unreal_project\Content\Andrey\Objects\BP_Platform.uasset: [Compiler] The type of  Object  is undetermined.  Connect something to  Cast To BP_HC-SR_Holder  to imply a specific type.
[2025.05.26-16.42.19:337][ 25]LogBlueprint: Error: [AssetLog] C:\Users\sasha\Documents\GitHub\unreal_project\Content\Andrey\Objects\BP_Platform.uasset: [Compiler] The current value of the ' Object ' pin is invalid: Unsupported type Object Wildcard on pin Object
[2025.05.26-16.42.19:373][ 25]LogUObjectHash: Compacting FUObjectHashTables data took   2.89ms
[2025.05.26-16.42.19:712][ 39]Cmd: OBJ SAVEPACKAGE PACKAGE="/Game/Andrey/Objects/BP_Platform" FILE="../../../../../../Users/sasha/Documents/GitHub/unreal_project/Content/Andrey/Objects/BP_Platform.uasset" SILENT=true
[2025.05.26-16.42.19:764][ 39]LogSavePackage: Moving '../../../../../../Users/sasha/Documents/GitHub/unreal_project/Saved/BP_Platform19E4C0514BC46B0ACCBF3CA0D101B314.tmp' to '../../../../../../Users/sasha/Documents/GitHub/unreal_project/Content/Andrey/Objects/BP_Platform.uasset'
[2025.05.26-16.42.19:779][ 39]AssetCheck: New page: Asset Save: BP_Platform
[2025.05.26-16.42.19:780][ 39]LogContentValidation: Display: Validating Blueprint /Game/Andrey/Objects/BP_Platform.BP_Platform
[2025.05.26-16.42.33:547][864]BlueprintLog: New page: Compile BP_Platform
[2025.05.26-16.42.33:593][864]LogUObjectHash: Compacting FUObjectHashTables data took   2.36ms
[2025.05.26-16.42.34:161][891]Cmd: OBJ SAVEPACKAGE PACKAGE="/Game/Andrey/Objects/BP_Platform" FILE="../../../../../../Users/sasha/Documents/GitHub/unreal_project/Content/Andrey/Objects/BP_Platform.uasset" SILENT=true
[2025.05.26-16.42.34:212][891]LogSavePackage: Moving '../../../../../../Users/sasha/Documents/GitHub/unreal_project/Saved/BP_Platform5FD0A8D94B0928C2E9916483F9BB8D6F.tmp' to '../../../../../../Users/sasha/Documents/GitHub/unreal_project/Content/Andrey/Objects/BP_Platform.uasset'
[2025.05.26-16.42.34:230][891]AssetCheck: New page: Asset Save: BP_Platform
[2025.05.26-16.42.34:230][891]LogContentValidation: Display: Validating Blueprint /Game/Andrey/Objects/BP_Platform.BP_Platform
[2025.05.26-16.42.38:096][123]LogTemp: Repeating last play command: Simulate
[2025.05.26-16.42.38:101][123]LogPlayLevel: PlayLevel: No blueprints needed recompiling
[2025.05.26-16.42.38:101][123]PIE: New page: SIE session: VRTemplateMap (26 мая 2025 г., 22:42:38)
[2025.05.26-16.42.38:101][123]LogPlayLevel: Creating play world package: /Game/VRTemplate/Maps/UEDPIE_0_VRTemplateMap
[2025.05.26-16.42.38:108][123]LogPlayLevel: PIE: StaticDuplicateObject took: (0.006669s)
[2025.05.26-16.42.38:109][123]LogAIModule: Creating AISystem for world VRTemplateMap
[2025.05.26-16.42.38:110][123]LogPlayLevel: PIE: World Init took: (0.001529s)
[2025.05.26-16.42.38:110][123]LogPlayLevel: PIE: Created PIE world by copying editor world from /Game/VRTemplate/Maps/VRTemplateMap.VRTemplateMap to /Game/VRTemplate/Maps/UEDPIE_0_VRTemplateMap.VRTemplateMap (0.008308s)
[2025.05.26-16.42.38:131][123]LogUObjectHash: Compacting FUObjectHashTables data took   2.61ms
[2025.05.26-16.42.38:133][123]LogAudio: Display: Creating Audio Device:                 Id: 4, Scope: Unique, Realtime: True
[2025.05.26-16.42.38:133][123]LogAudioMixer: Display: Audio Mixer Platform Settings:
[2025.05.26-16.42.38:133][123]LogAudioMixer: Display: 	Sample Rate:						  48000
[2025.05.26-16.42.38:133][123]LogAudioMixer: Display: 	Callback Buffer Frame Size Requested: 1024
[2025.05.26-16.42.38:133][123]LogAudioMixer: Display: 	Callback Buffer Frame Size To Use:	  1024
[2025.05.26-16.42.38:133][123]LogAudioMixer: Display: 	Number of buffers to queue:			  1
[2025.05.26-16.42.38:133][123]LogAudioMixer: Display: 	Max Channels (voices):				  0
[2025.05.26-16.42.38:133][123]LogAudioMixer: Display: 	Number of Async Source Workers:		  4
[2025.05.26-16.42.38:133][123]LogAudio: Display: AudioDevice MaxSources: 32
[2025.05.26-16.42.38:133][123]LogAudio: Display: Audio Spatialization Plugin: Resonance Audio is external send: 1
[2025.05.26-16.42.38:133][123]LogAudio: Display: Audio Reverb Plugin: Resonance Audio
[2025.05.26-16.42.38:133][123]LogAudio: Display: Audio Occlusion Plugin: None (built-in).
[2025.05.26-16.42.38:133][123]LogAudioMixer: Display: Initializing audio mixer.
[2025.05.26-16.42.38:140][123]LogAudioMixer: Display: 0: FrontLeft
[2025.05.26-16.42.38:140][123]LogAudioMixer: Display: 1: FrontRight
[2025.05.26-16.42.38:147][123]LogAudioMixer: Display: Using Audio Device ASUS VG249 (HD Audio Driver for Display Audio)
[2025.05.26-16.42.38:147][123]LogAudioMixer: Display: Initializing Sound Submixes...
[2025.05.26-16.42.38:147][123]LogAudioMixer: Display: Creating Master Submix 'MasterSubmixDefault'
[2025.05.26-16.42.38:147][123]LogAudioMixer: Display: Creating Master Submix 'MasterReverbSubmixDefault'
[2025.05.26-16.42.38:148][123]LogAudioMixer: Display: Creating Master Submix 'MasterEQSubmixDefault'
[2025.05.26-16.42.38:148][123]LogAudioMixer: FMixerPlatformXAudio2::StartAudioStream() called
[2025.05.26-16.42.38:148][123]LogAudioMixer: Display: Output buffers initialized: Frames=1024, Channels=2, Samples=2048
[2025.05.26-16.42.38:149][123]LogAudioMixer: Display: Starting AudioMixerPlatformInterface::RunInternal()
[2025.05.26-16.42.38:149][123]LogAudioMixer: Display: FMixerPlatformXAudio2::SubmitBuffer() called for the first time
[2025.05.26-16.42.38:149][123]LogInit: FAudioDevice initialized.
[2025.05.26-16.42.38:149][123]LogAudio: Display: Audio Device (ID: 4) registered with world 'VRTemplateMap'.
[2025.05.26-16.42.38:155][123]LogLoad: Game class is 'VRGameMode_C'
[2025.05.26-16.42.38:159][123]LogWorld: Bringing World /Game/VRTemplate/Maps/UEDPIE_0_VRTemplateMap.VRTemplateMap up for play (max tick rate 60) at 2025.05.26-19.42.38
[2025.05.26-16.42.38:160][123]LogWorld: Bringing up level for play took: 0.002554
[2025.05.26-16.42.38:160][123]LogOnline: OSS: Creating online subsystem instance for: :Context_39
[2025.05.26-16.42.38:161][123]LogSpawn: Warning: SpawnActor failed because no class was specified
[2025.05.26-16.42.38:163][123]PIE: Server logged in
[2025.05.26-16.42.38:164][123]PIE: Play in editor total start time 0,063 seconds.
[2025.05.26-16.42.38:175][123]LogResonanceAudio: Display: Resonance Audio Listener is initialized
[2025.05.26-16.42.38:811][161]LogEditorViewport: Clicking on Actor (LMB): BP_HC-SR_Holder_C (BP_HC-SR_Holder)
[2025.05.26-16.42.48:449][738]LogEditorViewport: Clicking on Actor (LMB): StaticMeshActor (Wall_Door_400x300)
[2025.05.26-16.42.50:624][865]LogSlate: Updating window title bar state: overlay mode, drag disabled, window buttons hidden, title bar hidden
[2025.05.26-16.42.50:624][865]LogWorld: BeginTearingDown for /Game/VRTemplate/Maps/UEDPIE_0_VRTemplateMap
[2025.05.26-16.42.50:625][865]LogWorld: UWorld::CleanupWorld for VRTemplateMap, bSessionEnded=true, bCleanupResources=true
[2025.05.26-16.42.50:625][865]LogSlate: InvalidateAllWidgets triggered.  All widgets were invalidated
[2025.05.26-16.42.50:630][865]LogPlayLevel: Display: Shutting down PIE online subsystems
[2025.05.26-16.42.50:645][865]LogSlate: InvalidateAllWidgets triggered.  All widgets were invalidated
[2025.05.26-16.42.50:663][865]LogAudio: Display: Audio Device unregistered from world 'None'.
[2025.05.26-16.42.50:664][865]LogResonanceAudio: Display: Resonance Audio Listener is shutdown
[2025.05.26-16.42.50:664][865]LogAudioMixer: FMixerPlatformXAudio2::StopAudioStream() called
[2025.05.26-16.42.50:665][865]LogAudioMixer: FMixerPlatformXAudio2::StopAudioStream() called
[2025.05.26-16.42.50:667][865]LogSlate: Updating window title bar state: overlay mode, drag disabled, window buttons hidden, title bar hidden
[2025.05.26-16.42.50:671][865]LogUObjectHash: Compacting FUObjectHashTables data took   2.05ms
[2025.05.26-16.42.50:699][866]LogPlayLevel: Display: Destroying online subsystem :Context_39
[2025.05.26-16.42.51:999][944]LogTemp: Repeating last play command: Simulate
[2025.05.26-16.42.52:004][944]LogPlayLevel: PlayLevel: No blueprints needed recompiling
[2025.05.26-16.42.52:005][944]PIE: New page: SIE session: VRTemplateMap (26 мая 2025 г., 22:42:52)
[2025.05.26-16.42.52:005][944]LogPlayLevel: Creating play world package: /Game/VRTemplate/Maps/UEDPIE_0_VRTemplateMap
[2025.05.26-16.42.52:011][944]LogPlayLevel: PIE: StaticDuplicateObject took: (0.006501s)
[2025.05.26-16.42.52:012][944]LogAIModule: Creating AISystem for world VRTemplateMap
[2025.05.26-16.42.52:013][944]LogPlayLevel: PIE: World Init took: (0.001048s)
[2025.05.26-16.42.52:013][944]LogPlayLevel: PIE: Created PIE world by copying editor world from /Game/VRTemplate/Maps/VRTemplateMap.VRTemplateMap to /Game/VRTemplate/Maps/UEDPIE_0_VRTemplateMap.VRTemplateMap (0.007773s)
[2025.05.26-16.42.52:032][944]LogUObjectHash: Compacting FUObjectHashTables data took   1.97ms
[2025.05.26-16.42.52:034][944]LogAudio: Display: Creating Audio Device:                 Id: 5, Scope: Unique, Realtime: True
[2025.05.26-16.42.52:034][944]LogAudioMixer: Display: Audio Mixer Platform Settings:
[2025.05.26-16.42.52:034][944]LogAudioMixer: Display: 	Sample Rate:						  48000
[2025.05.26-16.42.52:034][944]LogAudioMixer: Display: 	Callback Buffer Frame Size Requested: 1024
[2025.05.26-16.42.52:034][944]LogAudioMixer: Display: 	Callback Buffer Frame Size To Use:	  1024
[2025.05.26-16.42.52:034][944]LogAudioMixer: Display: 	Number of buffers to queue:			  1
[2025.05.26-16.42.52:034][944]LogAudioMixer: Display: 	Max Channels (voices):				  0
[2025.05.26-16.42.52:034][944]LogAudioMixer: Display: 	Number of Async Source Workers:		  4
[2025.05.26-16.42.52:034][944]LogAudio: Display: AudioDevice MaxSources: 32
[2025.05.26-16.42.52:034][944]LogAudio: Display: Audio Spatialization Plugin: Resonance Audio is external send: 1
[2025.05.26-16.42.52:034][944]LogAudio: Display: Audio Reverb Plugin: Resonance Audio
[2025.05.26-16.42.52:034][944]LogAudio: Display: Audio Occlusion Plugin: None (built-in).
[2025.05.26-16.42.52:034][944]LogAudioMixer: Display: Initializing audio mixer.
[2025.05.26-16.42.52:040][944]LogAudioMixer: Display: 0: FrontLeft
[2025.05.26-16.42.52:040][944]LogAudioMixer: Display: 1: FrontRight
[2025.05.26-16.42.52:044][944]LogAudioMixer: Display: Using Audio Device ASUS VG249 (HD Audio Driver for Display Audio)
[2025.05.26-16.42.52:044][944]LogAudioMixer: Display: Initializing Sound Submixes...
[2025.05.26-16.42.52:044][944]LogAudioMixer: Display: Creating Master Submix 'MasterSubmixDefault'
[2025.05.26-16.42.52:044][944]LogAudioMixer: Display: Creating Master Submix 'MasterReverbSubmixDefault'
[2025.05.26-16.42.52:044][944]LogAudioMixer: Display: Creating Master Submix 'MasterEQSubmixDefault'
[2025.05.26-16.42.52:044][944]LogAudioMixer: FMixerPlatformXAudio2::StartAudioStream() called
[2025.05.26-16.42.52:044][944]LogAudioMixer: Display: Output buffers initialized: Frames=1024, Channels=2, Samples=2048
[2025.05.26-16.42.52:045][944]LogAudioMixer: Display: Starting AudioMixerPlatformInterface::RunInternal()
[2025.05.26-16.42.52:045][944]LogAudioMixer: Display: FMixerPlatformXAudio2::SubmitBuffer() called for the first time
[2025.05.26-16.42.52:045][944]LogInit: FAudioDevice initialized.
[2025.05.26-16.42.52:045][944]LogAudio: Display: Audio Device (ID: 5) registered with world 'VRTemplateMap'.
[2025.05.26-16.42.52:056][944]LogLoad: Game class is 'VRGameMode_C'
[2025.05.26-16.42.52:059][944]LogWorld: Bringing World /Game/VRTemplate/Maps/UEDPIE_0_VRTemplateMap.VRTemplateMap up for play (max tick rate 60) at 2025.05.26-19.42.52
[2025.05.26-16.42.52:059][944]LogWorld: Bringing up level for play took: 0.002275
[2025.05.26-16.42.52:060][944]LogOnline: OSS: Creating online subsystem instance for: :Context_40
[2025.05.26-16.42.52:061][944]LogSpawn: Warning: SpawnActor failed because no class was specified
[2025.05.26-16.42.52:062][944]PIE: Server logged in
[2025.05.26-16.42.52:063][944]PIE: Play in editor total start time 0,06 seconds.
[2025.05.26-16.42.52:081][944]LogResonanceAudio: Display: Resonance Audio Listener is initialized
[2025.05.26-16.42.52:582][973]LogEditorViewport: Clicking on Actor (LMB): BP_HC-SR_Holder_C (BP_HC-SR_Holder)
[2025.05.26-16.42.55:263][132]LogEditorViewport: Clicking on Actor (LMB): BP_MX1508_C (BP_MX1508)
[2025.05.26-16.43.21:748][720]LogEditorViewport: Clicking on Actor (LMB): BP_MetalCilinder_C (BP_MetalCilinder3)
[2025.05.26-16.43.26:156][983]LogEditorViewport: Clicking on Actor (LMB): BP_MetalCilinder_C (BP_MetalCilinder4)
[2025.05.26-16.43.27:952][ 89]LogEditorViewport: Clicking on Actor (LMB): BP_MetalCilinder_C (BP_MetalCilinder3)
[2025.05.26-16.43.41:495][900]LogSlate: Updating window title bar state: overlay mode, drag disabled, window buttons hidden, title bar hidden
[2025.05.26-16.43.41:495][900]LogWorld: BeginTearingDown for /Game/VRTemplate/Maps/UEDPIE_0_VRTemplateMap
[2025.05.26-16.43.41:496][900]LogWorld: UWorld::CleanupWorld for VRTemplateMap, bSessionEnded=true, bCleanupResources=true
[2025.05.26-16.43.41:496][900]LogSlate: InvalidateAllWidgets triggered.  All widgets were invalidated
[2025.05.26-16.43.41:505][900]LogPlayLevel: Display: Shutting down PIE online subsystems
[2025.05.26-16.43.41:514][900]LogSlate: InvalidateAllWidgets triggered.  All widgets were invalidated
[2025.05.26-16.43.41:532][900]LogSlate: Updating window title bar state: overlay mode, drag disabled, window buttons hidden, title bar hidden
[2025.05.26-16.43.41:533][900]LogResonanceAudio: Display: Resonance Audio Listener is shutdown
[2025.05.26-16.43.41:533][900]LogAudioMixer: FMixerPlatformXAudio2::StopAudioStream() called
[2025.05.26-16.43.41:534][900]LogAudioMixer: FMixerPlatformXAudio2::StopAudioStream() called
[2025.05.26-16.43.41:540][900]LogUObjectHash: Compacting FUObjectHashTables data took   1.91ms
[2025.05.26-16.43.41:604][904]LogPlayLevel: Display: Destroying online subsystem :Context_40
[2025.05.26-16.44.17:898][699]LogUObjectHash: Compacting FUObjectHashTables data took   2.50ms
[2025.05.26-16.44.17:925][699]LogSavePackage: Moving '../../../../../../Users/sasha/Documents/GitHub/unreal_project/Saved/VRTemplateMap_Auto2FB11847B4C479C3A430B08B91386FAC7.tmp' to '../../../../../../Users/sasha/Documents/GitHub/unreal_project/Saved/Autosaves/Game/VRTemplate/Maps/VRTemplateMap_Auto2.umap'
[2025.05.26-16.44.17:928][699]LogFileHelpers: Editor autosave (incl. external actors) for '/Game/VRTemplate/Maps/VRTemplateMap' took 0.052
[2025.05.26-16.44.17:928][699]LogFileHelpers: Editor autosave (incl. sublevels & external actors) for all levels took 0.052
[2025.05.26-16.44.17:929][699]OBJ SavePackage: Generating thumbnails for [2] asset(s) in package [/Game/Andrey/Objects/BP_Platform] ([4] browsable assets)...
[2025.05.26-16.44.17:942][699]OBJ SavePackage:     Rendered thumbnail for [Blueprint /Game/Andrey/Objects/BP_Platform.BP_Platform]
[2025.05.26-16.44.17:951][699]OBJ SavePackage:     Rendered thumbnail for [Blueprint /Game/Andrey/Objects/BP_Platform.BP_Platform]
[2025.05.26-16.44.17:951][699]OBJ SavePackage: Finished generating thumbnails for package [/Game/Andrey/Objects/BP_Platform]
[2025.05.26-16.44.18:008][699]LogSavePackage: Moving '../../../../../../Users/sasha/Documents/GitHub/unreal_project/Saved/BP_Platform_Auto27628F2D1428603584A32109A76A8F1AD.tmp' to '../../../../../../Users/sasha/Documents/GitHub/unreal_project/Saved/Autosaves/Game/Andrey/Objects/BP_Platform_Auto2.uasset'
[2025.05.26-16.44.18:012][699]LogFileHelpers: Auto-saving content packages took 0.083
[2025.05.26-16.44.27:598][728]LogAudioMixer: Warning: Changing default audio render device to new device: {0.0.0.00000000}.{a16825a8-473e-4633-b593-a76820131383}.
[2025.05.26-16.44.27:598][728]LogAudioMixer: Resetting audio stream to device id 
[2025.05.26-16.44.27:604][728]LogAudioMixer: Display: 0: FrontLeft
[2025.05.26-16.44.27:604][728]LogAudioMixer: Display: 1: FrontRight
[2025.05.26-16.44.42:942][774]LogWindowsTextInputMethodSystem: Display: IME system deactivated.
[2025.05.26-16.44.42:942][774]LogWindowsTextInputMethodSystem: Display: IME system deactivated.
[2025.05.26-16.44.47:797][ 61]LogWindowsTextInputMethodSystem: Display: IME system deactivated.
[2025.05.26-16.44.47:797][ 61]LogWindowsTextInputMethodSystem: Display: IME system deactivated.
[2025.05.26-16.48.36:189][696]BlueprintLog: New page: Compile BP_Platform
[2025.05.26-16.48.36:197][696]LogBlueprint: Error: [AssetLog] C:\Users\sasha\Documents\GitHub\unreal_project\Content\Andrey\Objects\BP_Platform.uasset: [Compiler] The type of  Object  is undetermined.  Connect something to  Cast To BP_BatteryContainer  to imply a specific type.
[2025.05.26-16.48.36:198][696]LogBlueprint: Error: [AssetLog] C:\Users\sasha\Documents\GitHub\unreal_project\Content\Andrey\Objects\BP_Platform.uasset: [Compiler] The current value of the ' Object ' pin is invalid: Unsupported type Object Wildcard on pin Object
[2025.05.26-16.48.36:334][696]LogUObjectHash: Compacting FUObjectHashTables data took   3.46ms
[2025.05.26-16.48.44:440][174]BlueprintLog: New page: Compile BP_Platform
[2025.05.26-16.48.44:489][174]LogUObjectHash: Compacting FUObjectHashTables data took   2.68ms
[2025.05.26-16.48.44:987][196]Cmd: OBJ SAVEPACKAGE PACKAGE="/Game/Andrey/Objects/BP_Platform" FILE="../../../../../../Users/sasha/Documents/GitHub/unreal_project/Content/Andrey/Objects/BP_Platform.uasset" SILENT=true
[2025.05.26-16.48.45:042][196]LogSavePackage: Moving '../../../../../../Users/sasha/Documents/GitHub/unreal_project/Saved/BP_PlatformA981EC2E4F3E0B8FF936EF95DF2287A5.tmp' to '../../../../../../Users/sasha/Documents/GitHub/unreal_project/Content/Andrey/Objects/BP_Platform.uasset'
[2025.05.26-16.48.45:060][196]AssetCheck: New page: Asset Save: BP_Platform
[2025.05.26-16.48.45:060][196]LogContentValidation: Display: Validating Blueprint /Game/Andrey/Objects/BP_Platform.BP_Platform
[2025.05.26-16.48.49:862][480]LogEditorViewport: Clicking on Actor (LMB): BP_BatteryContainer_C (BP_BatteryContainer)
[2025.05.26-16.48.56:985][906]LogTemp: Repeating last play command: Simulate
[2025.05.26-16.48.56:990][906]LogPlayLevel: PlayLevel: No blueprints needed recompiling
[2025.05.26-16.48.56:990][906]PIE: New page: SIE session: VRTemplateMap (26 мая 2025 г., 22:48:56)
[2025.05.26-16.48.56:990][906]LogPlayLevel: Creating play world package: /Game/VRTemplate/Maps/UEDPIE_0_VRTemplateMap
[2025.05.26-16.48.56:997][906]LogPlayLevel: PIE: StaticDuplicateObject took: (0.007045s)
[2025.05.26-16.48.56:998][906]LogAIModule: Creating AISystem for world VRTemplateMap
[2025.05.26-16.48.56:998][906]LogPlayLevel: PIE: World Init took: (0.000946s)
[2025.05.26-16.48.56:998][906]LogPlayLevel: PIE: Created PIE world by copying editor world from /Game/VRTemplate/Maps/VRTemplateMap.VRTemplateMap to /Game/VRTemplate/Maps/UEDPIE_0_VRTemplateMap.VRTemplateMap (0.008103s)
[2025.05.26-16.48.57:020][906]LogUObjectHash: Compacting FUObjectHashTables data took   2.51ms
[2025.05.26-16.48.57:023][906]LogAudio: Display: Creating Audio Device:                 Id: 6, Scope: Unique, Realtime: True
[2025.05.26-16.48.57:024][906]LogAudioMixer: Display: Audio Mixer Platform Settings:
[2025.05.26-16.48.57:024][906]LogAudioMixer: Display: 	Sample Rate:						  48000
[2025.05.26-16.48.57:024][906]LogAudioMixer: Display: 	Callback Buffer Frame Size Requested: 1024
[2025.05.26-16.48.57:024][906]LogAudioMixer: Display: 	Callback Buffer Frame Size To Use:	  1024
[2025.05.26-16.48.57:024][906]LogAudioMixer: Display: 	Number of buffers to queue:			  1
[2025.05.26-16.48.57:024][906]LogAudioMixer: Display: 	Max Channels (voices):				  0
[2025.05.26-16.48.57:024][906]LogAudioMixer: Display: 	Number of Async Source Workers:		  4
[2025.05.26-16.48.57:024][906]LogAudio: Display: AudioDevice MaxSources: 32
[2025.05.26-16.48.57:024][906]LogAudio: Display: Audio Spatialization Plugin: Resonance Audio is external send: 1
[2025.05.26-16.48.57:024][906]LogAudio: Display: Audio Reverb Plugin: Resonance Audio
[2025.05.26-16.48.57:024][906]LogAudio: Display: Audio Occlusion Plugin: None (built-in).
[2025.05.26-16.48.57:024][906]LogAudioMixer: Display: Initializing audio mixer.
[2025.05.26-16.48.57:030][906]LogAudioMixer: Display: 0: FrontLeft
[2025.05.26-16.48.57:031][906]LogAudioMixer: Display: 1: FrontRight
[2025.05.26-16.48.57:035][906]LogAudioMixer: Display: Using Audio Device Headset Earphone (HyperX Cloud Alpha S Chat)
[2025.05.26-16.48.57:037][906]LogAudioMixer: Display: Initializing Sound Submixes...
[2025.05.26-16.48.57:037][906]LogAudioMixer: Display: Creating Master Submix 'MasterSubmixDefault'
[2025.05.26-16.48.57:037][906]LogAudioMixer: Display: Creating Master Submix 'MasterReverbSubmixDefault'
[2025.05.26-16.48.57:037][906]LogAudioMixer: Display: Creating Master Submix 'MasterEQSubmixDefault'
[2025.05.26-16.48.57:037][906]LogAudioMixer: FMixerPlatformXAudio2::StartAudioStream() called
[2025.05.26-16.48.57:037][906]LogAudioMixer: Display: Output buffers initialized: Frames=1024, Channels=2, Samples=2048
[2025.05.26-16.48.57:038][906]LogAudioMixer: Display: Starting AudioMixerPlatformInterface::RunInternal()
[2025.05.26-16.48.57:038][906]LogAudioMixer: Display: FMixerPlatformXAudio2::SubmitBuffer() called for the first time
[2025.05.26-16.48.57:038][906]LogInit: FAudioDevice initialized.
[2025.05.26-16.48.57:038][906]LogAudio: Display: Audio Device (ID: 6) registered with world 'VRTemplateMap'.
[2025.05.26-16.48.57:049][906]LogLoad: Game class is 'VRGameMode_C'
[2025.05.26-16.48.57:051][906]LogWorld: Bringing World /Game/VRTemplate/Maps/UEDPIE_0_VRTemplateMap.VRTemplateMap up for play (max tick rate 60) at 2025.05.26-19.48.57
[2025.05.26-16.48.57:051][906]LogWorld: Bringing up level for play took: 0.002570
[2025.05.26-16.48.57:053][906]LogOnline: OSS: Creating online subsystem instance for: :Context_41
[2025.05.26-16.48.57:054][906]LogSpawn: Warning: SpawnActor failed because no class was specified
[2025.05.26-16.48.57:056][906]PIE: Server logged in
[2025.05.26-16.48.57:057][906]PIE: Play in editor total start time 0,068 seconds.
[2025.05.26-16.48.57:068][906]LogResonanceAudio: Display: Resonance Audio Listener is initialized
[2025.05.26-16.48.57:639][939]LogEditorViewport: Clicking on Actor (LMB): BP_BatteryContainer_C (BP_BatteryContainer)
[2025.05.26-16.49.52:254][908]LogSlate: Updating window title bar state: overlay mode, drag disabled, window buttons hidden, title bar hidden
[2025.05.26-16.49.52:254][908]LogWorld: BeginTearingDown for /Game/VRTemplate/Maps/UEDPIE_0_VRTemplateMap
[2025.05.26-16.49.52:255][908]LogWorld: UWorld::CleanupWorld for VRTemplateMap, bSessionEnded=true, bCleanupResources=true
[2025.05.26-16.49.52:255][908]LogSlate: InvalidateAllWidgets triggered.  All widgets were invalidated
[2025.05.26-16.49.52:263][908]LogPlayLevel: Display: Shutting down PIE online subsystems
[2025.05.26-16.49.52:273][908]LogSlate: InvalidateAllWidgets triggered.  All widgets were invalidated
[2025.05.26-16.49.52:291][908]LogAudio: Display: Audio Device unregistered from world 'None'.
[2025.05.26-16.49.52:291][908]LogResonanceAudio: Display: Resonance Audio Listener is shutdown
[2025.05.26-16.49.52:291][908]LogAudioMixer: FMixerPlatformXAudio2::StopAudioStream() called
[2025.05.26-16.49.52:293][908]LogAudioMixer: FMixerPlatformXAudio2::StopAudioStream() called
[2025.05.26-16.49.52:294][908]LogSlate: Updating window title bar state: overlay mode, drag disabled, window buttons hidden, title bar hidden
[2025.05.26-16.49.52:298][908]LogUObjectHash: Compacting FUObjectHashTables data took   2.21ms
[2025.05.26-16.49.52:321][909]LogPlayLevel: Display: Destroying online subsystem :Context_41
[2025.05.26-16.54.01:581][721]LogEditorTransaction: Undo Modify Component(s)
[2025.05.26-16.54.40:025][ 18]BlueprintLog: New page: Compile BP_Platform
[2025.05.26-16.54.40:364][ 18]LogUObjectHash: Compacting FUObjectHashTables data took   3.27ms
[2025.05.26-16.54.41:096][ 54]Cmd: OBJ SAVEPACKAGE PACKAGE="/Game/Andrey/Objects/BP_Platform" FILE="../../../../../../Users/sasha/Documents/GitHub/unreal_project/Content/Andrey/Objects/BP_Platform.uasset" SILENT=true
[2025.05.26-16.54.41:147][ 54]LogSavePackage: Moving '../../../../../../Users/sasha/Documents/GitHub/unreal_project/Saved/BP_Platform5D47FD954A2DFF5541E2D4BC7A9FD562.tmp' to '../../../../../../Users/sasha/Documents/GitHub/unreal_project/Content/Andrey/Objects/BP_Platform.uasset'
[2025.05.26-16.54.41:162][ 54]AssetCheck: New page: Asset Save: BP_Platform
[2025.05.26-16.54.41:162][ 54]LogContentValidation: Display: Validating Blueprint /Game/Andrey/Objects/BP_Platform.BP_Platform
[2025.05.26-16.55.17:380][218]LogEditorTransaction: Undo Add Component
[2025.05.26-17.02.27:932][972]LogEditorTransaction: Undo Delete current selection
[2025.05.26-17.03.38:663][171]BlueprintLog: New page: Compile BP_Platform
[2025.05.26-17.03.39:166][171]LogUObjectHash: Compacting FUObjectHashTables data took   3.78ms
[2025.05.26-17.03.39:680][194]Cmd: OBJ SAVEPACKAGE PACKAGE="/Game/Andrey/Objects/BP_Platform" FILE="../../../../../../Users/sasha/Documents/GitHub/unreal_project/Content/Andrey/Objects/BP_Platform.uasset" SILENT=true
[2025.05.26-17.03.39:737][194]LogSavePackage: Moving '../../../../../../Users/sasha/Documents/GitHub/unreal_project/Saved/BP_Platform13891D724A412BEEB4DCA5AEA8F178DF.tmp' to '../../../../../../Users/sasha/Documents/GitHub/unreal_project/Content/Andrey/Objects/BP_Platform.uasset'
[2025.05.26-17.03.39:754][194]AssetCheck: New page: Asset Save: BP_Platform
[2025.05.26-17.03.39:754][194]LogContentValidation: Display: Validating Blueprint /Game/Andrey/Objects/BP_Platform.BP_Platform
[2025.05.26-17.03.43:207][401]LogEditorViewport: Clicking on Actor (LMB): BP_MetalCilinder_C (BP_MetalCilinder4)
[2025.05.26-17.03.50:448][832]LogTemp: Repeating last play command: Simulate
[2025.05.26-17.03.50:454][832]LogPlayLevel: PlayLevel: No blueprints needed recompiling
[2025.05.26-17.03.50:454][832]PIE: New page: SIE session: VRTemplateMap (26 мая 2025 г., 23:03:50)
[2025.05.26-17.03.50:454][832]LogPlayLevel: Creating play world package: /Game/VRTemplate/Maps/UEDPIE_0_VRTemplateMap
[2025.05.26-17.03.50:461][832]LogPlayLevel: PIE: StaticDuplicateObject took: (0.007213s)
[2025.05.26-17.03.50:461][832]LogAIModule: Creating AISystem for world VRTemplateMap
[2025.05.26-17.03.50:462][832]LogPlayLevel: PIE: World Init took: (0.000989s)
[2025.05.26-17.03.50:462][832]LogPlayLevel: PIE: Created PIE world by copying editor world from /Game/VRTemplate/Maps/VRTemplateMap.VRTemplateMap to /Game/VRTemplate/Maps/UEDPIE_0_VRTemplateMap.VRTemplateMap (0.008349s)
[2025.05.26-17.03.50:488][832]LogUObjectHash: Compacting FUObjectHashTables data took   2.40ms
[2025.05.26-17.03.50:491][832]LogAudio: Display: Creating Audio Device:                 Id: 7, Scope: Unique, Realtime: True
[2025.05.26-17.03.50:491][832]LogAudioMixer: Display: Audio Mixer Platform Settings:
[2025.05.26-17.03.50:491][832]LogAudioMixer: Display: 	Sample Rate:						  48000
[2025.05.26-17.03.50:491][832]LogAudioMixer: Display: 	Callback Buffer Frame Size Requested: 1024
[2025.05.26-17.03.50:491][832]LogAudioMixer: Display: 	Callback Buffer Frame Size To Use:	  1024
[2025.05.26-17.03.50:491][832]LogAudioMixer: Display: 	Number of buffers to queue:			  1
[2025.05.26-17.03.50:491][832]LogAudioMixer: Display: 	Max Channels (voices):				  0
[2025.05.26-17.03.50:491][832]LogAudioMixer: Display: 	Number of Async Source Workers:		  4
[2025.05.26-17.03.50:491][832]LogAudio: Display: AudioDevice MaxSources: 32
[2025.05.26-17.03.50:492][832]LogAudio: Display: Audio Spatialization Plugin: Resonance Audio is external send: 1
[2025.05.26-17.03.50:492][832]LogAudio: Display: Audio Reverb Plugin: Resonance Audio
[2025.05.26-17.03.50:492][832]LogAudio: Display: Audio Occlusion Plugin: None (built-in).
[2025.05.26-17.03.50:492][832]LogAudioMixer: Display: Initializing audio mixer.
[2025.05.26-17.03.50:498][832]LogAudioMixer: Display: 0: FrontLeft
[2025.05.26-17.03.50:498][832]LogAudioMixer: Display: 1: FrontRight
[2025.05.26-17.03.50:505][832]LogAudioMixer: Display: Using Audio Device Headset Earphone (HyperX Cloud Alpha S Chat)
[2025.05.26-17.03.50:505][832]LogAudioMixer: Display: Initializing Sound Submixes...
[2025.05.26-17.03.50:505][832]LogAudioMixer: Display: Creating Master Submix 'MasterSubmixDefault'
[2025.05.26-17.03.50:505][832]LogAudioMixer: Display: Creating Master Submix 'MasterReverbSubmixDefault'
[2025.05.26-17.03.50:505][832]LogAudioMixer: Display: Creating Master Submix 'MasterEQSubmixDefault'
[2025.05.26-17.03.50:506][832]LogAudioMixer: FMixerPlatformXAudio2::StartAudioStream() called
[2025.05.26-17.03.50:506][832]LogAudioMixer: Display: Output buffers initialized: Frames=1024, Channels=2, Samples=2048
[2025.05.26-17.03.50:507][832]LogAudioMixer: Display: Starting AudioMixerPlatformInterface::RunInternal()
[2025.05.26-17.03.50:507][832]LogAudioMixer: Display: FMixerPlatformXAudio2::SubmitBuffer() called for the first time
[2025.05.26-17.03.50:507][832]LogInit: FAudioDevice initialized.
[2025.05.26-17.03.50:507][832]LogAudio: Display: Audio Device (ID: 7) registered with world 'VRTemplateMap'.
[2025.05.26-17.03.50:516][832]LogLoad: Game class is 'VRGameMode_C'
[2025.05.26-17.03.50:519][832]LogWorld: Bringing World /Game/VRTemplate/Maps/UEDPIE_0_VRTemplateMap.VRTemplateMap up for play (max tick rate 60) at 2025.05.26-20.03.50
[2025.05.26-17.03.50:519][832]LogWorld: Bringing up level for play took: 0.002404
[2025.05.26-17.03.50:519][832]LogOnline: OSS: Creating online subsystem instance for: :Context_42
[2025.05.26-17.03.50:522][832]LogSpawn: Warning: SpawnActor failed because no class was specified
[2025.05.26-17.03.50:523][832]PIE: Server logged in
[2025.05.26-17.03.50:524][832]PIE: Play in editor total start time 0,071 seconds.
[2025.05.26-17.03.50:536][832]LogResonanceAudio: Display: Resonance Audio Listener is initialized
[2025.05.26-17.04.17:333][438]LogEditorViewport: Clicking on Actor (LMB): BP_BatteryContainer_C (BP_BatteryContainer)
[2025.05.26-17.04.27:497][ 46]LogEditorViewport: Clicking on Actor (LMB): BP_HC-SR_Holder_C (BP_HC-SR_Holder)
[2025.05.26-17.04.40:083][798]LogSlate: Updating window title bar state: overlay mode, drag disabled, window buttons hidden, title bar hidden
[2025.05.26-17.04.40:083][798]LogWorld: BeginTearingDown for /Game/VRTemplate/Maps/UEDPIE_0_VRTemplateMap
[2025.05.26-17.04.40:083][798]LogWorld: UWorld::CleanupWorld for VRTemplateMap, bSessionEnded=true, bCleanupResources=true
[2025.05.26-17.04.40:084][798]LogSlate: InvalidateAllWidgets triggered.  All widgets were invalidated
[2025.05.26-17.04.40:090][798]LogPlayLevel: Display: Shutting down PIE online subsystems
[2025.05.26-17.04.40:096][798]LogSlate: InvalidateAllWidgets triggered.  All widgets were invalidated
[2025.05.26-17.04.40:116][798]LogAudio: Display: Audio Device unregistered from world 'None'.
[2025.05.26-17.04.40:116][798]LogResonanceAudio: Display: Resonance Audio Listener is shutdown
[2025.05.26-17.04.40:116][798]LogAudioMixer: FMixerPlatformXAudio2::StopAudioStream() called
[2025.05.26-17.04.40:117][798]LogAudioMixer: FMixerPlatformXAudio2::StopAudioStream() called
[2025.05.26-17.04.40:119][798]LogSlate: Updating window title bar state: overlay mode, drag disabled, window buttons hidden, title bar hidden
[2025.05.26-17.04.40:123][798]LogUObjectHash: Compacting FUObjectHashTables data took   2.06ms
[2025.05.26-17.04.40:160][800]LogPlayLevel: Display: Destroying online subsystem :Context_42
[2025.05.26-17.06.00:474][271]LogUObjectHash: Compacting FUObjectHashTables data took   2.37ms
[2025.05.26-17.06.00:503][271]LogSavePackage: Moving '../../../../../../Users/sasha/Documents/GitHub/unreal_project/Saved/VRTemplateMap_Auto39530C1F24611B3B717BA9DB720CA2151.tmp' to '../../../../../../Users/sasha/Documents/GitHub/unreal_project/Saved/Autosaves/Game/VRTemplate/Maps/VRTemplateMap_Auto3.umap'
[2025.05.26-17.06.00:507][271]LogFileHelpers: Editor autosave (incl. external actors) for '/Game/VRTemplate/Maps/VRTemplateMap' took 0.053
[2025.05.26-17.06.00:507][271]LogFileHelpers: Editor autosave (incl. sublevels & external actors) for all levels took 0.053
[2025.05.26-17.06.54:885][484]LogUObjectHash: Compacting FUObjectHashTables data took   0.57ms
[2025.05.26-17.06.54:909][484]LogSavePackage: Moving '../../../../../../Users/sasha/Documents/GitHub/unreal_project/Saved/VRTemplateMap605A43B4480F4C37CD9B1587CEF5CF1B.tmp' to '../../../../../../Users/sasha/Documents/GitHub/unreal_project/Content/VRTemplate/Maps/VRTemplateMap.umap'
[2025.05.26-17.06.54:979][484]LogSavePackage: Moving '../../../../../../Users/sasha/Documents/GitHub/unreal_project/Saved/VRTemplateMap_BuiltData1DE22E984F6DB697898FD0A44FE35BC6.tmp' to '../../../../../../Users/sasha/Documents/GitHub/unreal_project/Content/VRTemplate/Maps/VRTemplateMap_BuiltData.uasset'
[2025.05.26-17.06.54:994][484]AssetCheck: New page: Asset Save: multiple assets
[2025.05.26-17.06.54:995][484]LogContentValidation: Display: Validating MapBuildDataRegistry /Game/VRTemplate/Maps/VRTemplateMap_BuiltData.VRTemplateMap_BuiltData
[2025.05.26-17.06.54:995][484]LogContentValidation: Display: Validating World /Game/VRTemplate/Maps/VRTemplateMap.VRTemplateMap
[2025.05.26-17.08.04:343][387]LogEditorTransaction: Undo Add Component
[2025.05.26-17.17.51:769][233]BlueprintLog: New page: Compile BP_Platform
[2025.05.26-17.17.52:369][233]LogUObjectHash: Compacting FUObjectHashTables data took   4.15ms
[2025.05.26-17.17.52:984][285]Cmd: OBJ SAVEPACKAGE PACKAGE="/Game/Andrey/Objects/BP_Platform" FILE="../../../../../../Users/sasha/Documents/GitHub/unreal_project/Content/Andrey/Objects/BP_Platform.uasset" SILENT=true
[2025.05.26-17.17.53:051][285]LogSavePackage: Moving '../../../../../../Users/sasha/Documents/GitHub/unreal_project/Saved/BP_Platform09931F134068E24D370B4B97B3BC7682.tmp' to '../../../../../../Users/sasha/Documents/GitHub/unreal_project/Content/Andrey/Objects/BP_Platform.uasset'
[2025.05.26-17.17.53:066][285]AssetCheck: New page: Asset Save: BP_Platform
[2025.05.26-17.17.53:066][285]LogContentValidation: Display: Validating Blueprint /Game/Andrey/Objects/BP_Platform.BP_Platform
[2025.05.26-17.17.58:672][935]LogEditorViewport: Clicking on Actor (LMB): BP_Motor_Holder_C (BP_Motor_Holder4)
[2025.05.26-17.18.08:304][998]LogEditorViewport: Clicking on Actor (LMB): BP_Motor_Holder_C (BP_Motor_Holder2)
[2025.05.26-17.18.18:716][211]LogTemp: Repeating last play command: Simulate
[2025.05.26-17.18.18:723][211]LogPlayLevel: PlayLevel: No blueprints needed recompiling
[2025.05.26-17.18.18:723][211]PIE: New page: SIE session: VRTemplateMap (26 мая 2025 г., 23:18:18)
[2025.05.26-17.18.18:723][211]LogPlayLevel: Creating play world package: /Game/VRTemplate/Maps/UEDPIE_0_VRTemplateMap
[2025.05.26-17.18.18:730][211]LogPlayLevel: PIE: StaticDuplicateObject took: (0.008268s)
[2025.05.26-17.18.18:731][211]LogAIModule: Creating AISystem for world VRTemplateMap
[2025.05.26-17.18.18:732][211]LogPlayLevel: PIE: World Init took: (0.001343s)
[2025.05.26-17.18.18:732][211]LogPlayLevel: PIE: Created PIE world by copying editor world from /Game/VRTemplate/Maps/VRTemplateMap.VRTemplateMap to /Game/VRTemplate/Maps/UEDPIE_0_VRTemplateMap.VRTemplateMap (0.009754s)
[2025.05.26-17.18.18:759][211]LogUObjectHash: Compacting FUObjectHashTables data took   2.77ms
[2025.05.26-17.18.18:766][211]LogAudio: Display: Creating Audio Device:                 Id: 8, Scope: Unique, Realtime: True
[2025.05.26-17.18.18:766][211]LogAudioMixer: Display: Audio Mixer Platform Settings:
[2025.05.26-17.18.18:766][211]LogAudioMixer: Display: 	Sample Rate:						  48000
[2025.05.26-17.18.18:766][211]LogAudioMixer: Display: 	Callback Buffer Frame Size Requested: 1024
[2025.05.26-17.18.18:766][211]LogAudioMixer: Display: 	Callback Buffer Frame Size To Use:	  1024
[2025.05.26-17.18.18:766][211]LogAudioMixer: Display: 	Number of buffers to queue:			  1
[2025.05.26-17.18.18:766][211]LogAudioMixer: Display: 	Max Channels (voices):				  0
[2025.05.26-17.18.18:766][211]LogAudioMixer: Display: 	Number of Async Source Workers:		  4
[2025.05.26-17.18.18:766][211]LogAudio: Display: AudioDevice MaxSources: 32
[2025.05.26-17.18.18:767][211]LogAudio: Display: Audio Spatialization Plugin: Resonance Audio is external send: 1
[2025.05.26-17.18.18:767][211]LogAudio: Display: Audio Reverb Plugin: Resonance Audio
[2025.05.26-17.18.18:767][211]LogAudio: Display: Audio Occlusion Plugin: None (built-in).
[2025.05.26-17.18.18:767][211]LogAudioMixer: Display: Initializing audio mixer.
[2025.05.26-17.18.18:773][211]LogAudioMixer: Display: 0: FrontLeft
[2025.05.26-17.18.18:773][211]LogAudioMixer: Display: 1: FrontRight
[2025.05.26-17.18.18:781][211]LogAudioMixer: Display: Using Audio Device Headset Earphone (HyperX Cloud Alpha S Chat)
[2025.05.26-17.18.18:781][211]LogAudioMixer: Display: Initializing Sound Submixes...
[2025.05.26-17.18.18:781][211]LogAudioMixer: Display: Creating Master Submix 'MasterSubmixDefault'
[2025.05.26-17.18.18:781][211]LogAudioMixer: Display: Creating Master Submix 'MasterReverbSubmixDefault'
[2025.05.26-17.18.18:782][211]LogAudioMixer: Display: Creating Master Submix 'MasterEQSubmixDefault'
[2025.05.26-17.18.18:782][211]LogAudioMixer: FMixerPlatformXAudio2::StartAudioStream() called
[2025.05.26-17.18.18:782][211]LogAudioMixer: Display: Output buffers initialized: Frames=1024, Channels=2, Samples=2048
[2025.05.26-17.18.18:783][211]LogAudioMixer: Display: Starting AudioMixerPlatformInterface::RunInternal()
[2025.05.26-17.18.18:783][211]LogAudioMixer: Display: FMixerPlatformXAudio2::SubmitBuffer() called for the first time
[2025.05.26-17.18.18:783][211]LogInit: FAudioDevice initialized.
[2025.05.26-17.18.18:783][211]LogAudio: Display: Audio Device (ID: 8) registered with world 'VRTemplateMap'.
[2025.05.26-17.18.18:791][211]LogLoad: Game class is 'VRGameMode_C'
[2025.05.26-17.18.18:794][211]LogWorld: Bringing World /Game/VRTemplate/Maps/UEDPIE_0_VRTemplateMap.VRTemplateMap up for play (max tick rate 0) at 2025.05.26-20.18.18
[2025.05.26-17.18.18:794][211]LogWorld: Bringing up level for play took: 0.002886
[2025.05.26-17.18.18:794][211]LogOnline: OSS: Creating online subsystem instance for: :Context_43
[2025.05.26-17.18.18:796][211]LogSpawn: Warning: SpawnActor failed because no class was specified
[2025.05.26-17.18.18:798][211]PIE: Server logged in
[2025.05.26-17.18.18:800][211]PIE: Play in editor total start time 0,078 seconds.
[2025.05.26-17.18.18:813][211]LogResonanceAudio: Display: Resonance Audio Listener is initialized
[2025.05.26-17.18.20:278][345]LogEditorViewport: Clicking on Actor (LMB): BP_Motor_Holder_C (BP_Motor_Holder4)
[2025.05.26-17.18.21:250][433]LogEditorViewport: Clicking on Actor (LMB): BP_Motor_Holder_C (BP_Motor_Holder2)
[2025.05.26-17.18.42:617][712]LogSlate: Updating window title bar state: overlay mode, drag disabled, window buttons hidden, title bar hidden
[2025.05.26-17.18.42:617][712]LogWorld: BeginTearingDown for /Game/VRTemplate/Maps/UEDPIE_0_VRTemplateMap
[2025.05.26-17.18.42:617][712]LogWorld: UWorld::CleanupWorld for VRTemplateMap, bSessionEnded=true, bCleanupResources=true
[2025.05.26-17.18.42:618][712]LogSlate: InvalidateAllWidgets triggered.  All widgets were invalidated
[2025.05.26-17.18.42:627][712]LogPlayLevel: Display: Shutting down PIE online subsystems
[2025.05.26-17.18.42:636][712]LogSlate: InvalidateAllWidgets triggered.  All widgets were invalidated
[2025.05.26-17.18.42:655][712]LogSlate: Updating window title bar state: overlay mode, drag disabled, window buttons hidden, title bar hidden
[2025.05.26-17.18.42:655][712]LogResonanceAudio: Display: Resonance Audio Listener is shutdown
[2025.05.26-17.18.42:655][712]LogAudioMixer: FMixerPlatformXAudio2::StopAudioStream() called
[2025.05.26-17.18.42:658][712]LogAudioMixer: FMixerPlatformXAudio2::StopAudioStream() called
[2025.05.26-17.18.42:663][712]LogUObjectHash: Compacting FUObjectHashTables data took   2.14ms
[2025.05.26-17.18.42:720][717]LogPlayLevel: Display: Destroying online subsystem :Context_43
[2025.05.26-17.18.55:742][ 84]LogEditorViewport: Clicking on Actor (LMB): BP_Sky_Sphere_C (SkySpherePC2)
[2025.05.26-17.20.11:426][249]LogUObjectHash: Compacting FUObjectHashTables data took   2.31ms
[2025.05.26-17.20.11:458][249]LogSavePackage: Moving '../../../../../../Users/sasha/Documents/GitHub/unreal_project/Saved/VRTemplateMap_Auto4088B92724B0569D5DF66C6B320132604.tmp' to '../../../../../../Users/sasha/Documents/GitHub/unreal_project/Saved/Autosaves/Game/VRTemplate/Maps/VRTemplateMap_Auto4.umap'
[2025.05.26-17.20.11:463][249]LogFileHelpers: Editor autosave (incl. external actors) for '/Game/VRTemplate/Maps/VRTemplateMap' took 0.059
[2025.05.26-17.20.11:463][249]LogFileHelpers: Editor autosave (incl. sublevels & external actors) for all levels took 0.059
[2025.05.26-17.28.36:103][207]BlueprintLog: New page: Compile BP_Platform
[2025.05.26-17.28.37:281][207]LogUObjectHash: Compacting FUObjectHashTables data took   7.10ms
[2025.05.26-17.28.38:198][296]Cmd: OBJ SAVEPACKAGE PACKAGE="/Game/Andrey/Objects/BP_Platform" FILE="../../../../../../Users/sasha/Documents/GitHub/unreal_project/Content/Andrey/Objects/BP_Platform.uasset" SILENT=true
[2025.05.26-17.28.38:268][296]LogSavePackage: Moving '../../../../../../Users/sasha/Documents/GitHub/unreal_project/Saved/BP_Platform8F7361DB467BC2CE2ECFE894AF3F29F5.tmp' to '../../../../../../Users/sasha/Documents/GitHub/unreal_project/Content/Andrey/Objects/BP_Platform.uasset'
[2025.05.26-17.28.38:286][296]AssetCheck: New page: Asset Save: BP_Platform
[2025.05.26-17.28.38:286][296]LogContentValidation: Display: Validating Blueprint /Game/Andrey/Objects/BP_Platform.BP_Platform
[2025.05.26-17.28.39:822][468]LogUObjectHash: Compacting FUObjectHashTables data took   2.69ms
[2025.05.26-17.28.39:850][468]LogSavePackage: Moving '../../../../../../Users/sasha/Documents/GitHub/unreal_project/Saved/VRTemplateMap8DB126854399C56F81566AA3986B8D1D.tmp' to '../../../../../../Users/sasha/Documents/GitHub/unreal_project/Content/VRTemplate/Maps/VRTemplateMap.umap'
[2025.05.26-17.28.39:926][468]LogSavePackage: Moving '../../../../../../Users/sasha/Documents/GitHub/unreal_project/Saved/VRTemplateMap_BuiltDataA3BC3F19440A04988907908F345B0868.tmp' to '../../../../../../Users/sasha/Documents/GitHub/unreal_project/Content/VRTemplate/Maps/VRTemplateMap_BuiltData.uasset'
[2025.05.26-17.28.39:941][468]AssetCheck: New page: Asset Save: multiple assets
[2025.05.26-17.28.39:941][468]LogContentValidation: Display: Validating MapBuildDataRegistry /Game/VRTemplate/Maps/VRTemplateMap_BuiltData.VRTemplateMap_BuiltData
[2025.05.26-17.28.39:941][468]LogContentValidation: Display: Validating World /Game/VRTemplate/Maps/VRTemplateMap.VRTemplateMap
[2025.05.26-17.28.47:106][294]LogTemp: Repeating last play command: Simulate
[2025.05.26-17.28.47:112][294]LogPlayLevel: PlayLevel: No blueprints needed recompiling
[2025.05.26-17.28.47:112][294]PIE: New page: SIE session: VRTemplateMap (26 мая 2025 г., 23:28:47)
[2025.05.26-17.28.47:150][294]LogPlayLevel: Creating play world package: /Game/VRTemplate/Maps/UEDPIE_0_VRTemplateMap
[2025.05.26-17.28.47:157][294]LogPlayLevel: PIE: StaticDuplicateObject took: (0.007284s)
[2025.05.26-17.28.47:158][294]LogAIModule: Creating AISystem for world VRTemplateMap
[2025.05.26-17.28.47:158][294]LogPlayLevel: PIE: World Init took: (0.000981s)
[2025.05.26-17.28.47:158][294]LogPlayLevel: PIE: Created PIE world by copying editor world from /Game/VRTemplate/Maps/VRTemplateMap.VRTemplateMap to /Game/VRTemplate/Maps/UEDPIE_0_VRTemplateMap.VRTemplateMap (0.008403s)
[2025.05.26-17.28.47:181][294]LogUObjectHash: Compacting FUObjectHashTables data took   2.28ms
[2025.05.26-17.28.47:186][294]LogAudio: Display: Creating Audio Device:                 Id: 9, Scope: Unique, Realtime: True
[2025.05.26-17.28.47:186][294]LogAudioMixer: Display: Audio Mixer Platform Settings:
[2025.05.26-17.28.47:186][294]LogAudioMixer: Display: 	Sample Rate:						  48000
[2025.05.26-17.28.47:186][294]LogAudioMixer: Display: 	Callback Buffer Frame Size Requested: 1024
[2025.05.26-17.28.47:186][294]LogAudioMixer: Display: 	Callback Buffer Frame Size To Use:	  1024
[2025.05.26-17.28.47:186][294]LogAudioMixer: Display: 	Number of buffers to queue:			  1
[2025.05.26-17.28.47:186][294]LogAudioMixer: Display: 	Max Channels (voices):				  0
[2025.05.26-17.28.47:186][294]LogAudioMixer: Display: 	Number of Async Source Workers:		  4
[2025.05.26-17.28.47:186][294]LogAudio: Display: AudioDevice MaxSources: 32
[2025.05.26-17.28.47:187][294]LogAudio: Display: Audio Spatialization Plugin: Resonance Audio is external send: 1
[2025.05.26-17.28.47:187][294]LogAudio: Display: Audio Reverb Plugin: Resonance Audio
[2025.05.26-17.28.47:187][294]LogAudio: Display: Audio Occlusion Plugin: None (built-in).
[2025.05.26-17.28.47:187][294]LogAudioMixer: Display: Initializing audio mixer.
[2025.05.26-17.28.47:194][294]LogAudioMixer: Display: 0: FrontLeft
[2025.05.26-17.28.47:194][294]LogAudioMixer: Display: 1: FrontRight
[2025.05.26-17.28.47:200][294]LogAudioMixer: Display: Using Audio Device Headset Earphone (HyperX Cloud Alpha S Chat)
[2025.05.26-17.28.47:201][294]LogAudioMixer: Display: Initializing Sound Submixes...
[2025.05.26-17.28.47:201][294]LogAudioMixer: Display: Creating Master Submix 'MasterSubmixDefault'
[2025.05.26-17.28.47:201][294]LogAudioMixer: Display: Creating Master Submix 'MasterReverbSubmixDefault'
[2025.05.26-17.28.47:201][294]LogAudioMixer: Display: Creating Master Submix 'MasterEQSubmixDefault'
[2025.05.26-17.28.47:201][294]LogAudioMixer: FMixerPlatformXAudio2::StartAudioStream() called
[2025.05.26-17.28.47:201][294]LogAudioMixer: Display: Output buffers initialized: Frames=1024, Channels=2, Samples=2048
[2025.05.26-17.28.47:203][294]LogAudioMixer: Display: Starting AudioMixerPlatformInterface::RunInternal()
[2025.05.26-17.28.47:203][294]LogAudioMixer: Display: FMixerPlatformXAudio2::SubmitBuffer() called for the first time
[2025.05.26-17.28.47:203][294]LogInit: FAudioDevice initialized.
[2025.05.26-17.28.47:203][294]LogAudio: Display: Audio Device (ID: 9) registered with world 'VRTemplateMap'.
[2025.05.26-17.28.47:211][294]LogLoad: Game class is 'VRGameMode_C'
[2025.05.26-17.28.47:214][294]LogWorld: Bringing World /Game/VRTemplate/Maps/UEDPIE_0_VRTemplateMap.VRTemplateMap up for play (max tick rate 0) at 2025.05.26-20.28.47
[2025.05.26-17.28.47:214][294]LogWorld: Bringing up level for play took: 0.002647
[2025.05.26-17.28.47:214][294]LogOnline: OSS: Creating online subsystem instance for: :Context_44
[2025.05.26-17.28.47:216][294]LogSpawn: Warning: SpawnActor failed because no class was specified
[2025.05.26-17.28.47:218][294]PIE: Server logged in
[2025.05.26-17.28.47:218][294]PIE: Play in editor total start time 0,107 seconds.
[2025.05.26-17.28.47:231][294]LogResonanceAudio: Display: Resonance Audio Listener is initialized
[2025.05.26-17.28.48:215][385]LogEditorViewport: Clicking on Actor (LMB): BP_Platform_C (BP_Platform)
[2025.05.26-17.29.09:631][390]LogSlate: Updating window title bar state: overlay mode, drag disabled, window buttons hidden, title bar hidden
[2025.05.26-17.29.09:631][390]LogWorld: BeginTearingDown for /Game/VRTemplate/Maps/UEDPIE_0_VRTemplateMap
[2025.05.26-17.29.09:632][390]LogWorld: UWorld::CleanupWorld for VRTemplateMap, bSessionEnded=true, bCleanupResources=true
[2025.05.26-17.29.09:632][390]LogSlate: InvalidateAllWidgets triggered.  All widgets were invalidated
[2025.05.26-17.29.09:656][390]LogPlayLevel: Display: Shutting down PIE online subsystems
[2025.05.26-17.29.09:667][390]LogSlate: InvalidateAllWidgets triggered.  All widgets were invalidated
[2025.05.26-17.29.09:689][390]LogSlate: Updating window title bar state: overlay mode, drag disabled, window buttons hidden, title bar hidden
[2025.05.26-17.29.09:690][390]LogResonanceAudio: Display: Resonance Audio Listener is shutdown
[2025.05.26-17.29.09:690][390]LogAudioMixer: FMixerPlatformXAudio2::StopAudioStream() called
[2025.05.26-17.29.09:691][390]LogAudioMixer: FMixerPlatformXAudio2::StopAudioStream() called
[2025.05.26-17.29.09:698][390]LogUObjectHash: Compacting FUObjectHashTables data took   2.50ms
[2025.05.26-17.29.09:729][391]LogPlayLevel: Display: Destroying online subsystem :Context_44
[2025.05.26-17.29.59:235][430]LogAssetEditorSubsystem: Opening Asset editor for Blueprint /Game/Sanya_Durex/BP_components/BP_BatteryContainer.BP_BatteryContainer
[2025.05.26-17.30.09:944][660]LogWorld: UWorld::CleanupWorld for World_36, bSessionEnded=true, bCleanupResources=true
[2025.05.26-17.30.09:944][660]LogSlate: InvalidateAllWidgets triggered.  All widgets were invalidated
[2025.05.26-17.30.12:882][930]LogAssetEditorSubsystem: Opening Asset editor for Blueprint /Game/Sanya_Durex/BP_components/BP_Motor.BP_Motor
[2025.05.26-17.31.27:196][ 41]BlueprintLog: New page: Compile BP_Platform
[2025.05.26-17.31.27:287][ 41]LogUObjectHash: Compacting FUObjectHashTables data took   2.97ms
[2025.05.26-17.33.20:743][452]LogEditorTransaction: Undo Edit Visible
[2025.05.26-17.33.29:631][249]BlueprintLog: New page: Compile BP_Platform
[2025.05.26-17.33.29:717][249]LogUObjectHash: Compacting FUObjectHashTables data took   3.46ms
[2025.05.26-17.33.30:410][295]Cmd: OBJ SAVEPACKAGE PACKAGE="/Game/Andrey/Objects/BP_Platform" FILE="../../../../../../Users/sasha/Documents/GitHub/unreal_project/Content/Andrey/Objects/BP_Platform.uasset" SILENT=true
[2025.05.26-17.33.30:487][295]LogSavePackage: Moving '../../../../../../Users/sasha/Documents/GitHub/unreal_project/Saved/BP_Platform0C87059349DB5B49711706A6E3760BA8.tmp' to '../../../../../../Users/sasha/Documents/GitHub/unreal_project/Content/Andrey/Objects/BP_Platform.uasset'
[2025.05.26-17.33.30:502][295]AssetCheck: New page: Asset Save: BP_Platform
[2025.05.26-17.33.30:502][295]LogContentValidation: Display: Validating Blueprint /Game/Andrey/Objects/BP_Platform.BP_Platform
[2025.05.26-17.33.32:766][528]LogTemp: Repeating last play command: Simulate
[2025.05.26-17.33.32:771][528]LogPlayLevel: PlayLevel: No blueprints needed recompiling
[2025.05.26-17.33.32:771][528]PIE: New page: SIE session: VRTemplateMap (26 мая 2025 г., 23:33:32)
[2025.05.26-17.33.32:773][528]LogPlayLevel: Creating play world package: /Game/VRTemplate/Maps/UEDPIE_0_VRTemplateMap
[2025.05.26-17.33.32:782][528]LogPlayLevel: PIE: StaticDuplicateObject took: (0.009128s)
[2025.05.26-17.33.32:783][528]LogAIModule: Creating AISystem for world VRTemplateMap
[2025.05.26-17.33.32:783][528]LogPlayLevel: PIE: World Init took: (0.001242s)
[2025.05.26-17.33.32:783][528]LogPlayLevel: PIE: Created PIE world by copying editor world from /Game/VRTemplate/Maps/VRTemplateMap.VRTemplateMap to /Game/VRTemplate/Maps/UEDPIE_0_VRTemplateMap.VRTemplateMap (0.010536s)
[2025.05.26-17.33.32:809][528]LogUObjectHash: Compacting FUObjectHashTables data took   3.16ms
[2025.05.26-17.33.32:811][528]LogAudio: Display: Creating Audio Device:                 Id: 10, Scope: Unique, Realtime: True
[2025.05.26-17.33.32:811][528]LogAudioMixer: Display: Audio Mixer Platform Settings:
[2025.05.26-17.33.32:811][528]LogAudioMixer: Display: 	Sample Rate:						  48000
[2025.05.26-17.33.32:811][528]LogAudioMixer: Display: 	Callback Buffer Frame Size Requested: 1024
[2025.05.26-17.33.32:811][528]LogAudioMixer: Display: 	Callback Buffer Frame Size To Use:	  1024
[2025.05.26-17.33.32:811][528]LogAudioMixer: Display: 	Number of buffers to queue:			  1
[2025.05.26-17.33.32:811][528]LogAudioMixer: Display: 	Max Channels (voices):				  0
[2025.05.26-17.33.32:811][528]LogAudioMixer: Display: 	Number of Async Source Workers:		  4
[2025.05.26-17.33.32:811][528]LogAudio: Display: AudioDevice MaxSources: 32
[2025.05.26-17.33.32:811][528]LogAudio: Display: Audio Spatialization Plugin: Resonance Audio is external send: 1
[2025.05.26-17.33.32:811][528]LogAudio: Display: Audio Reverb Plugin: Resonance Audio
[2025.05.26-17.33.32:811][528]LogAudio: Display: Audio Occlusion Plugin: None (built-in).
[2025.05.26-17.33.32:811][528]LogAudioMixer: Display: Initializing audio mixer.
[2025.05.26-17.33.32:821][528]LogAudioMixer: Display: 0: FrontLeft
[2025.05.26-17.33.32:821][528]LogAudioMixer: Display: 1: FrontRight
[2025.05.26-17.33.32:826][528]LogAudioMixer: Display: Using Audio Device Headset Earphone (HyperX Cloud Alpha S Chat)
[2025.05.26-17.33.32:827][528]LogAudioMixer: Display: Initializing Sound Submixes...
[2025.05.26-17.33.32:827][528]LogAudioMixer: Display: Creating Master Submix 'MasterSubmixDefault'
[2025.05.26-17.33.32:827][528]LogAudioMixer: Display: Creating Master Submix 'MasterReverbSubmixDefault'
[2025.05.26-17.33.32:827][528]LogAudioMixer: Display: Creating Master Submix 'MasterEQSubmixDefault'
[2025.05.26-17.33.32:827][528]LogAudioMixer: FMixerPlatformXAudio2::StartAudioStream() called
[2025.05.26-17.33.32:827][528]LogAudioMixer: Display: Output buffers initialized: Frames=1024, Channels=2, Samples=2048
[2025.05.26-17.33.32:829][528]LogAudioMixer: Display: Starting AudioMixerPlatformInterface::RunInternal()
[2025.05.26-17.33.32:829][528]LogAudioMixer: Display: FMixerPlatformXAudio2::SubmitBuffer() called for the first time
[2025.05.26-17.33.32:829][528]LogInit: FAudioDevice initialized.
[2025.05.26-17.33.32:829][528]LogAudio: Display: Audio Device (ID: 10) registered with world 'VRTemplateMap'.
[2025.05.26-17.33.32:835][528]LogLoad: Game class is 'VRGameMode_C'
[2025.05.26-17.33.32:837][528]LogWorld: Bringing World /Game/VRTemplate/Maps/UEDPIE_0_VRTemplateMap.VRTemplateMap up for play (max tick rate 0) at 2025.05.26-20.33.32
[2025.05.26-17.33.32:839][528]LogWorld: Bringing up level for play took: 0.002833
[2025.05.26-17.33.32:839][528]LogOnline: OSS: Creating online subsystem instance for: :Context_47
[2025.05.26-17.33.32:841][528]LogSpawn: Warning: SpawnActor failed because no class was specified
[2025.05.26-17.33.32:844][528]PIE: Server logged in
[2025.05.26-17.33.32:845][528]PIE: Play in editor total start time 0,073 seconds.
[2025.05.26-17.33.32:859][528]LogResonanceAudio: Display: Resonance Audio Listener is initialized
[2025.05.26-17.33.33:746][596]LogEditorViewport: Clicking on Actor (LMB): BP_Platform_C (BP_Platform)
[2025.05.26-17.33.40:046][200]LogEditorViewport: Clicking on Actor (LMB): BP_HC-SR_Holder_C (BP_HC-SR_Holder)
[2025.05.26-17.33.51:460][412]LogEditorViewport: Clicking on Actor (LMB): BP_Platform_C (BP_Platform)
[2025.05.26-17.33.53:501][580]LogSlate: Updating window title bar state: overlay mode, drag disabled, window buttons hidden, title bar hidden
[2025.05.26-17.33.53:501][580]LogWorld: BeginTearingDown for /Game/VRTemplate/Maps/UEDPIE_0_VRTemplateMap
[2025.05.26-17.33.53:502][580]LogWorld: UWorld::CleanupWorld for VRTemplateMap, bSessionEnded=true, bCleanupResources=true
[2025.05.26-17.33.53:503][580]LogSlate: InvalidateAllWidgets triggered.  All widgets were invalidated
[2025.05.26-17.33.53:534][580]LogPlayLevel: Display: Shutting down PIE online subsystems
[2025.05.26-17.33.53:545][580]LogSlate: InvalidateAllWidgets triggered.  All widgets were invalidated
[2025.05.26-17.33.53:567][580]LogAudio: Display: Audio Device unregistered from world 'None'.
[2025.05.26-17.33.53:567][580]LogResonanceAudio: Display: Resonance Audio Listener is shutdown
[2025.05.26-17.33.53:567][580]LogAudioMixer: FMixerPlatformXAudio2::StopAudioStream() called
[2025.05.26-17.33.53:569][580]LogAudioMixer: FMixerPlatformXAudio2::StopAudioStream() called
[2025.05.26-17.33.53:573][580]LogSlate: Updating window title bar state: overlay mode, drag disabled, window buttons hidden, title bar hidden
[2025.05.26-17.33.53:577][580]LogUObjectHash: Compacting FUObjectHashTables data took   3.01ms
[2025.05.26-17.33.53:609][581]LogPlayLevel: Display: Destroying online subsystem :Context_47
[2025.05.26-17.33.54:452][656]LogAssetEditorSubsystem: Opening Asset editor for Blueprint /Game/Andrey/Objects/BP_HC-SR_Holder.BP_HC-SR_Holder
[2025.05.26-17.37.10:428][373]BlueprintLog: New page: Compile BP_HC-SR_Holder
[2025.05.26-17.37.10:681][373]LogUObjectHash: Compacting FUObjectHashTables data took   4.22ms
[2025.05.26-17.37.11:127][414]Cmd: OBJ SAVEPACKAGE PACKAGE="/Game/Andrey/Objects/BP_HC-SR_Holder" FILE="../../../../../../Users/sasha/Documents/GitHub/unreal_project/Content/Andrey/Objects/BP_HC-SR_Holder.uasset" SILENT=true
[2025.05.26-17.37.11:142][414]LogSavePackage: Moving '../../../../../../Users/sasha/Documents/GitHub/unreal_project/Saved/BP_HC-SR_Holder12870C59462BBD31AEE22CB1D161E240.tmp' to '../../../../../../Users/sasha/Documents/GitHub/unreal_project/Content/Andrey/Objects/BP_HC-SR_Holder.uasset'
[2025.05.26-17.37.11:158][414]AssetCheck: New page: Asset Save: BP_HC-SR_Holder
[2025.05.26-17.37.11:158][414]LogContentValidation: Display: Validating Blueprint /Game/Andrey/Objects/BP_HC-SR_Holder.BP_HC-SR_Holder
[2025.05.26-17.37.14:737][801]LogTemp: Repeating last play command: Simulate
[2025.05.26-17.37.14:745][801]LogPlayLevel: PlayLevel: No blueprints needed recompiling
[2025.05.26-17.37.14:745][801]PIE: New page: SIE session: VRTemplateMap (26 мая 2025 г., 23:37:14)
[2025.05.26-17.37.14:745][801]LogPlayLevel: Creating play world package: /Game/VRTemplate/Maps/UEDPIE_0_VRTemplateMap
[2025.05.26-17.37.14:753][801]LogPlayLevel: PIE: StaticDuplicateObject took: (0.008869s)
[2025.05.26-17.37.14:754][801]LogAIModule: Creating AISystem for world VRTemplateMap
[2025.05.26-17.37.14:755][801]LogPlayLevel: PIE: World Init took: (0.001194s)
[2025.05.26-17.37.14:755][801]LogPlayLevel: PIE: Created PIE world by copying editor world from /Game/VRTemplate/Maps/VRTemplateMap.VRTemplateMap to /Game/VRTemplate/Maps/UEDPIE_0_VRTemplateMap.VRTemplateMap (0.010193s)
[2025.05.26-17.37.14:787][801]LogUObjectHash: Compacting FUObjectHashTables data took   3.12ms
[2025.05.26-17.37.14:790][801]LogAudio: Display: Creating Audio Device:                 Id: 11, Scope: Unique, Realtime: True
[2025.05.26-17.37.14:790][801]LogAudioMixer: Display: Audio Mixer Platform Settings:
[2025.05.26-17.37.14:790][801]LogAudioMixer: Display: 	Sample Rate:						  48000
[2025.05.26-17.37.14:790][801]LogAudioMixer: Display: 	Callback Buffer Frame Size Requested: 1024
[2025.05.26-17.37.14:790][801]LogAudioMixer: Display: 	Callback Buffer Frame Size To Use:	  1024
[2025.05.26-17.37.14:790][801]LogAudioMixer: Display: 	Number of buffers to queue:			  1
[2025.05.26-17.37.14:790][801]LogAudioMixer: Display: 	Max Channels (voices):				  0
[2025.05.26-17.37.14:790][801]LogAudioMixer: Display: 	Number of Async Source Workers:		  4
[2025.05.26-17.37.14:790][801]LogAudio: Display: AudioDevice MaxSources: 32
[2025.05.26-17.37.14:790][801]LogAudio: Display: Audio Spatialization Plugin: Resonance Audio is external send: 1
[2025.05.26-17.37.14:790][801]LogAudio: Display: Audio Reverb Plugin: Resonance Audio
[2025.05.26-17.37.14:790][801]LogAudio: Display: Audio Occlusion Plugin: None (built-in).
[2025.05.26-17.37.14:790][801]LogAudioMixer: Display: Initializing audio mixer.
[2025.05.26-17.37.14:798][801]LogAudioMixer: Display: 0: FrontLeft
[2025.05.26-17.37.14:798][801]LogAudioMixer: Display: 1: FrontRight
[2025.05.26-17.37.14:805][801]LogAudioMixer: Display: Using Audio Device Headset Earphone (HyperX Cloud Alpha S Chat)
[2025.05.26-17.37.14:805][801]LogAudioMixer: Display: Initializing Sound Submixes...
[2025.05.26-17.37.14:805][801]LogAudioMixer: Display: Creating Master Submix 'MasterSubmixDefault'
[2025.05.26-17.37.14:805][801]LogAudioMixer: Display: Creating Master Submix 'MasterReverbSubmixDefault'
[2025.05.26-17.37.14:805][801]LogAudioMixer: Display: Creating Master Submix 'MasterEQSubmixDefault'
[2025.05.26-17.37.14:805][801]LogAudioMixer: FMixerPlatformXAudio2::StartAudioStream() called
[2025.05.26-17.37.14:805][801]LogAudioMixer: Display: Output buffers initialized: Frames=1024, Channels=2, Samples=2048
[2025.05.26-17.37.14:806][801]LogAudioMixer: Display: Starting AudioMixerPlatformInterface::RunInternal()
[2025.05.26-17.37.14:806][801]LogAudioMixer: Display: FMixerPlatformXAudio2::SubmitBuffer() called for the first time
[2025.05.26-17.37.14:806][801]LogInit: FAudioDevice initialized.
[2025.05.26-17.37.14:806][801]LogAudio: Display: Audio Device (ID: 11) registered with world 'VRTemplateMap'.
[2025.05.26-17.37.14:816][801]LogLoad: Game class is 'VRGameMode_C'
[2025.05.26-17.37.14:820][801]LogWorld: Bringing World /Game/VRTemplate/Maps/UEDPIE_0_VRTemplateMap.VRTemplateMap up for play (max tick rate 0) at 2025.05.26-20.37.14
[2025.05.26-17.37.14:820][801]LogWorld: Bringing up level for play took: 0.003042
[2025.05.26-17.37.14:820][801]LogOnline: OSS: Creating online subsystem instance for: :Context_49
[2025.05.26-17.37.14:823][801]LogSpawn: Warning: SpawnActor failed because no class was specified
[2025.05.26-17.37.14:825][801]PIE: Server logged in
[2025.05.26-17.37.14:826][801]PIE: Play in editor total start time 0,083 seconds.
[2025.05.26-17.37.14:840][801]LogResonanceAudio: Display: Resonance Audio Listener is initialized
[2025.05.26-17.37.15:472][845]LogEditorViewport: Clicking on Actor (LMB): BP_HC-SR04_C (BP_HC-SR04)
[2025.05.26-17.37.20:595][324]LogEditorViewport: Clicking on Actor (LMB): BP_HC-SR_Holder_C (BP_HC-SR_Holder)
[2025.05.26-17.37.42:220][676]LogSlate: Updating window title bar state: overlay mode, drag disabled, window buttons hidden, title bar hidden
[2025.05.26-17.37.42:220][676]LogWorld: BeginTearingDown for /Game/VRTemplate/Maps/UEDPIE_0_VRTemplateMap
[2025.05.26-17.37.42:221][676]LogWorld: UWorld::CleanupWorld for VRTemplateMap, bSessionEnded=true, bCleanupResources=true
[2025.05.26-17.37.42:221][676]LogSlate: InvalidateAllWidgets triggered.  All widgets were invalidated
[2025.05.26-17.37.42:234][676]LogPlayLevel: Display: Shutting down PIE online subsystems
[2025.05.26-17.37.42:241][676]LogSlate: InvalidateAllWidgets triggered.  All widgets were invalidated
[2025.05.26-17.37.42:267][676]LogAudio: Display: Audio Device unregistered from world 'None'.
[2025.05.26-17.37.42:267][676]LogResonanceAudio: Display: Resonance Audio Listener is shutdown
[2025.05.26-17.37.42:267][676]LogAudioMixer: FMixerPlatformXAudio2::StopAudioStream() called
[2025.05.26-17.37.42:268][676]LogAudioMixer: FMixerPlatformXAudio2::StopAudioStream() called
[2025.05.26-17.37.42:271][676]LogSlate: Updating window title bar state: overlay mode, drag disabled, window buttons hidden, title bar hidden
[2025.05.26-17.37.42:275][676]LogUObjectHash: Compacting FUObjectHashTables data took   2.46ms
[2025.05.26-17.37.42:295][677]LogPlayLevel: Display: Destroying online subsystem :Context_49
[2025.05.26-17.37.50:942][628]LogEditorViewport: Clicking on Actor (LMB): BP_Screw_C (BP_Screw)
[2025.05.26-17.37.59:319][518]LogEditorViewport: Clicking on Actor (LMB): BP_Motor_Holder_C (BP_Motor_Holder4)
[2025.05.26-17.38.23:738][587]LogWorld: UWorld::CleanupWorld for World_35, bSessionEnded=true, bCleanupResources=true
[2025.05.26-17.38.23:738][587]LogSlate: InvalidateAllWidgets triggered.  All widgets were invalidated
[2025.05.26-17.38.24:279][638]LogActorComponent: UnregisterComponent: (/Engine/Transient.EditorFloorComp) Not registered. Aborting.
[2025.05.26-17.38.24:279][638]LogWorld: UWorld::CleanupWorld for World_37, bSessionEnded=true, bCleanupResources=true
[2025.05.26-17.38.24:280][638]LogSlate: InvalidateAllWidgets triggered.  All widgets were invalidated
[2025.05.26-17.38.24:702][683]LogActorComponent: UnregisterComponent: (/Engine/Transient.EditorFloorComp) Not registered. Aborting.
[2025.05.26-17.38.24:702][683]LogWorld: UWorld::CleanupWorld for World_38, bSessionEnded=true, bCleanupResources=true
[2025.05.26-17.38.24:702][683]LogSlate: InvalidateAllWidgets triggered.  All widgets were invalidated
[2025.05.26-17.38.30:204][284]LogUObjectHash: Compacting FUObjectHashTables data took   2.61ms
[2025.05.26-17.38.34:030][284]LogSlate: Window 'Save Content' being destroyed
[2025.05.26-17.38.34:057][284]Cmd: OBJ SAVEPACKAGE PACKAGE="/Game/Andrey/Objects/BP_Wheel" FILE="../../../../../../Users/sasha/Documents/GitHub/unreal_project/Content/Andrey/Objects/BP_Wheel.uasset" SILENT=true
[2025.05.26-17.38.34:060][284]LogSavePackage: Moving '../../../../../../Users/sasha/Documents/GitHub/unreal_project/Saved/BP_Wheel9C71C3A24C3A6A3A76C13A8CC811492C.tmp' to '../../../../../../Users/sasha/Documents/GitHub/unreal_project/Content/Andrey/Objects/BP_Wheel.uasset'
[2025.05.26-17.38.34:105][284]LogUObjectHash: Compacting FUObjectHashTables data took   2.72ms
[2025.05.26-17.38.34:132][284]LogSavePackage: Moving '../../../../../../Users/sasha/Documents/GitHub/unreal_project/Saved/VRTemplateMap2C53D480473D72CBF5330F842EE8341A.tmp' to '../../../../../../Users/sasha/Documents/GitHub/unreal_project/Content/VRTemplate/Maps/VRTemplateMap.umap'
[2025.05.26-17.38.34:146][284]LogFileHelpers: Saving map 'VRTemplateMap' took 0.083
[2025.05.26-17.38.34:307][284]LogSlate: New Slate User Created.  User Index 8, Is Virtual User: 1
[2025.05.26-17.38.34:309][284]LogSlate: Slate User Registered.  User Index 8, Is Virtual User: 1
[2025.05.26-17.38.34:311][284]LogAssetEditorSubsystem: Opening Asset editor for World /Game/StarterContent/Maps/Minimal_Default.Minimal_Default
[2025.05.26-17.38.34:312][284]Cmd: MAP LOAD FILE="../../../../../../Users/sasha/Documents/GitHub/unreal_project/Content/StarterContent/Maps/Minimal_Default.umap" TEMPLATE=0 SHOWPROGRESS=1 FEATURELEVEL=3
[2025.05.26-17.38.34:312][284]LightingResults: New page: Lighting Build
[2025.05.26-17.38.34:312][284]LoadErrors: New page: Loading map: Minimal_Default.umap
[2025.05.26-17.38.34:349][284]LogWorld: UWorld::CleanupWorld for VRTemplateMap, bSessionEnded=true, bCleanupResources=true
[2025.05.26-17.38.34:350][284]LogSlate: InvalidateAllWidgets triggered.  All widgets were invalidated
[2025.05.26-17.38.34:350][284]MapCheck: New page: Map Check
[2025.05.26-17.38.34:350][284]LightingResults: New page: Lighting Build
[2025.05.26-17.38.34:362][284]LogAudio: Display: Audio Device unregistered from world 'None'.
[2025.05.26-17.38.34:372][284]LogUObjectHash: Compacting FUObjectHashTables data took   1.86ms
[2025.05.26-17.38.34:373][284]LogAudio: Display: Audio Device (ID: 1) registered with world 'Minimal_Default'.
[2025.05.26-17.38.34:378][284]LogEditorServer: Finished looking for orphan Actors (0.000 secs)
[2025.05.26-17.38.34:378][284]LogAIModule: Creating AISystem for world Minimal_Default
[2025.05.26-17.38.34:395][284]LogUObjectHash: Compacting FUObjectHashTables data took   1.48ms
[2025.05.26-17.38.34:406][284]Cmd: MAP CHECKDEP NOCLEARLOG
[2025.05.26-17.38.34:406][284]MapCheck: Map check complete: 0 Error(s), 0 Warning(s), took 0,1ms to complete.
[2025.05.26-17.38.34:406][284]LogFileHelpers: Loading map 'Minimal_Default' took 0.094
[2025.05.26-17.38.34:434][284]AssetCheck: New page: Asset Save: multiple assets
[2025.05.26-17.38.34:434][284]LogContentValidation: Display: Validating Blueprint /Game/Andrey/Objects/BP_Wheel.BP_Wheel
[2025.05.26-17.38.34:434][284]LogContentValidation: Display: Validating World /Game/VRTemplate/Maps/VRTemplateMap.VRTemplateMap
[2025.05.26-17.38.37:690][651]LogEditorViewport: Clicking on Actor (LMB): VRPawn_C (VRPawn)
[2025.05.26-17.38.55:342][689]LogAssetEditorSubsystem: Opening Asset editor for Blueprint /Game/VRTemplate/Blueprints/VRPawn.VRPawn
[2025.05.26-17.39.36:682][681]LogWindowsTextInputMethodSystem: Display: IME system deactivated.
[2025.05.26-17.39.36:682][681]LogWindowsTextInputMethodSystem: Display: IME system deactivated.
[2025.05.26-17.39.51:163][711]BlueprintLog: New page: Compile VRPawn
[2025.05.26-17.39.51:243][711]LogUObjectHash: Compacting FUObjectHashTables data took   2.15ms
[2025.05.26-17.41.03:014][254]BlueprintLog: New page: Compile VRPawn
[2025.05.26-17.41.03:089][254]LogUObjectHash: Compacting FUObjectHashTables data took   2.17ms
[2025.05.26-17.41.03:610][283]Cmd: OBJ SAVEPACKAGE PACKAGE="/Game/VRTemplate/Blueprints/VRPawn" FILE="../../../../../../Users/sasha/Documents/GitHub/unreal_project/Content/VRTemplate/Blueprints/VRPawn.uasset" SILENT=true
[2025.05.26-17.41.03:713][283]LogSavePackage: Moving '../../../../../../Users/sasha/Documents/GitHub/unreal_project/Saved/VRPawn3FD422C548AE7FF0FA66B2B677E425DA.tmp' to '../../../../../../Users/sasha/Documents/GitHub/unreal_project/Content/VRTemplate/Blueprints/VRPawn.uasset'
[2025.05.26-17.41.03:730][283]AssetCheck: New page: Asset Save: VRPawn
[2025.05.26-17.41.03:730][283]LogContentValidation: Display: Validating Blueprint /Game/VRTemplate/Blueprints/VRPawn.VRPawn
[2025.05.26-17.41.05:606][415]LogSlate: Window 'VRPawn' being destroyed
[2025.05.26-17.41.05:617][415]LogWorld: UWorld::CleanupWorld for World_41, bSessionEnded=true, bCleanupResources=true
[2025.05.26-17.41.05:617][415]LogSlate: InvalidateAllWidgets triggered.  All widgets were invalidated
[2025.05.26-17.41.09:229][820]LogTemp: Repeating last play command: Simulate
[2025.05.26-17.41.09:234][820]LogPlayLevel: PlayLevel: No blueprints needed recompiling
[2025.05.26-17.41.09:235][820]PIE: New page: SIE session: Minimal_Default (26 мая 2025 г., 23:41:09)
[2025.05.26-17.41.09:235][820]LogPlayLevel: Creating play world package: /Game/StarterContent/Maps/UEDPIE_0_Minimal_Default
[2025.05.26-17.41.09:238][820]LogPlayLevel: PIE: StaticDuplicateObject took: (0.004089s)
[2025.05.26-17.41.09:240][820]LogAIModule: Creating AISystem for world Minimal_Default
[2025.05.26-17.41.09:240][820]LogPlayLevel: PIE: World Init took: (0.001016s)
[2025.05.26-17.41.09:240][820]LogPlayLevel: PIE: Created PIE world by copying editor world from /Game/StarterContent/Maps/Minimal_Default.Minimal_Default to /Game/StarterContent/Maps/UEDPIE_0_Minimal_Default.Minimal_Default (0.005220s)
[2025.05.26-17.41.09:260][820]LogUObjectHash: Compacting FUObjectHashTables data took   2.29ms
[2025.05.26-17.41.09:266][820]LogAudio: Display: Creating Audio Device:                 Id: 12, Scope: Unique, Realtime: True
[2025.05.26-17.41.09:266][820]LogAudioMixer: Display: Audio Mixer Platform Settings:
[2025.05.26-17.41.09:266][820]LogAudioMixer: Display: 	Sample Rate:						  48000
[2025.05.26-17.41.09:266][820]LogAudioMixer: Display: 	Callback Buffer Frame Size Requested: 1024
[2025.05.26-17.41.09:266][820]LogAudioMixer: Display: 	Callback Buffer Frame Size To Use:	  1024
[2025.05.26-17.41.09:266][820]LogAudioMixer: Display: 	Number of buffers to queue:			  1
[2025.05.26-17.41.09:266][820]LogAudioMixer: Display: 	Max Channels (voices):				  0
[2025.05.26-17.41.09:266][820]LogAudioMixer: Display: 	Number of Async Source Workers:		  4
[2025.05.26-17.41.09:266][820]LogAudio: Display: AudioDevice MaxSources: 32
[2025.05.26-17.41.09:266][820]LogAudio: Display: Audio Spatialization Plugin: Resonance Audio is external send: 1
[2025.05.26-17.41.09:266][820]LogAudio: Display: Audio Reverb Plugin: Resonance Audio
[2025.05.26-17.41.09:266][820]LogAudio: Display: Audio Occlusion Plugin: None (built-in).
[2025.05.26-17.41.09:266][820]LogAudioMixer: Display: Initializing audio mixer.
[2025.05.26-17.41.09:273][820]LogAudioMixer: Display: 0: FrontLeft
[2025.05.26-17.41.09:273][820]LogAudioMixer: Display: 1: FrontRight
[2025.05.26-17.41.09:278][820]LogAudioMixer: Display: Using Audio Device Headset Earphone (HyperX Cloud Alpha S Chat)
[2025.05.26-17.41.09:279][820]LogAudioMixer: Display: Initializing Sound Submixes...
[2025.05.26-17.41.09:279][820]LogAudioMixer: Display: Creating Master Submix 'MasterSubmixDefault'
[2025.05.26-17.41.09:279][820]LogAudioMixer: Display: Creating Master Submix 'MasterReverbSubmixDefault'
[2025.05.26-17.41.09:279][820]LogAudioMixer: Display: Creating Master Submix 'MasterEQSubmixDefault'
[2025.05.26-17.41.09:279][820]LogAudioMixer: FMixerPlatformXAudio2::StartAudioStream() called
[2025.05.26-17.41.09:279][820]LogAudioMixer: Display: Output buffers initialized: Frames=1024, Channels=2, Samples=2048
[2025.05.26-17.41.09:281][820]LogAudioMixer: Display: Starting AudioMixerPlatformInterface::RunInternal()
[2025.05.26-17.41.09:281][820]LogAudioMixer: Display: FMixerPlatformXAudio2::SubmitBuffer() called for the first time
[2025.05.26-17.41.09:281][820]LogInit: FAudioDevice initialized.
[2025.05.26-17.41.09:281][820]LogAudio: Display: Audio Device (ID: 12) registered with world 'Minimal_Default'.
[2025.05.26-17.41.09:289][820]LogLoad: Game class is 'VRGameMode_C'
[2025.05.26-17.41.09:289][820]LogWorld: Bringing World /Game/StarterContent/Maps/UEDPIE_0_Minimal_Default.Minimal_Default up for play (max tick rate 0) at 2025.05.26-20.41.09
[2025.05.26-17.41.09:291][820]LogWorld: Bringing up level for play took: 0.000912
[2025.05.26-17.41.09:291][820]LogOnline: OSS: Creating online subsystem instance for: :Context_53
[2025.05.26-17.41.09:292][820]LogSpawn: Warning: SpawnActor failed because no class was specified
[2025.05.26-17.41.09:296][820]PIE: Server logged in
[2025.05.26-17.41.09:298][820]PIE: Play in editor total start time 0,065 seconds.
[2025.05.26-17.41.09:312][820]LogResonanceAudio: Display: Resonance Audio Listener is initialized
[2025.05.26-17.41.12:015][ 72]LogEditorViewport: Clicking on Actor (LMB): VRPawn_C (VRPawn)
[2025.05.26-17.41.25:835][612]LogNet: Browse: /Game/VRTemplate/Maps/VRTemplateMap
[2025.05.26-17.41.25:836][612]LogLoad: LoadMap: /Game/VRTemplate/Maps/VRTemplateMap
[2025.05.26-17.41.25:836][612]LogWorld: BeginTearingDown for /Game/StarterContent/Maps/UEDPIE_0_Minimal_Default
[2025.05.26-17.41.25:836][612]LogWorld: UWorld::CleanupWorld for Minimal_Default, bSessionEnded=true, bCleanupResources=true
[2025.05.26-17.41.25:836][612]LogSlate: InvalidateAllWidgets triggered.  All widgets were invalidated
[2025.05.26-17.41.25:891][612]LogAudio: Display: Audio Device unregistered from world 'None'.
[2025.05.26-17.41.25:895][612]LogUObjectHash: Compacting FUObjectHashTables data took   1.64ms
[2025.05.26-17.41.25:902][612]LogPlayLevel: Creating play world package: /Game/VRTemplate/Maps/UEDPIE_0_VRTemplateMap
[2025.05.26-17.41.25:909][612]LogPlayLevel: PIE: StaticDuplicateObject took: (0.006721s)
[2025.05.26-17.41.25:910][612]LogAIModule: Creating AISystem for world VRTemplateMap
[2025.05.26-17.41.25:910][612]LogPlayLevel: PIE: World Init took: (0.000873s)
[2025.05.26-17.41.25:910][612]LogPlayLevel: PIE: Created PIE world by copying editor world from /Game/VRTemplate/Maps/VRTemplateMap.VRTemplateMap to /Game/VRTemplate/Maps/UEDPIE_0_VRTemplateMap.VRTemplateMap (0.007732s)
[2025.05.26-17.41.25:910][612]LogAudio: Display: Audio Device (ID: 12) registered with world 'VRTemplateMap'.
[2025.05.26-17.41.25:910][612]LogLoad: Game class is 'VRGameMode_C'
[2025.05.26-17.41.25:912][612]LogWorld: Bringing World /Game/VRTemplate/Maps/UEDPIE_0_VRTemplateMap.VRTemplateMap up for play (max tick rate 0) at 2025.05.26-20.41.25
[2025.05.26-17.41.25:913][612]LogWorld: Bringing up level for play took: 0.001758
[2025.05.26-17.41.25:913][612]LogSpawn: Warning: SpawnActor failed because no class was specified
[2025.05.26-17.41.25:914][612]LogSpawn: Warning: SpawnActor failed because of collision at the spawn location [X=-100.000 Y=0.000 Z=0.000] for [VRPawn_C]
[2025.05.26-17.41.25:914][612]LogGameMode: Warning: SpawnDefaultPawnAtTransform: Couldn't spawn Pawn of type VRPawn_C at Rotation: Pitch 0.000000 Yaw 0.000000 Roll 0.000000
Translation: -100.000000 0.000000 0.000000
Scale3D: 1.000000 1.000000 1.000000

[2025.05.26-17.41.25:916][612]LogLoad: Took 0.080686 seconds to LoadMap(/Game/VRTemplate/Maps/UEDPIE_0_VRTemplateMap)
[2025.05.26-17.41.35:563][741]LogEditorViewport: Clicking on Actor (LMB): BP_Platform_C (BP_Platform)
[2025.05.26-17.41.40:070][190]LogSlate: Updating window title bar state: overlay mode, drag disabled, window buttons hidden, title bar hidden
[2025.05.26-17.41.40:070][190]LogWorld: BeginTearingDown for /Game/VRTemplate/Maps/UEDPIE_0_VRTemplateMap
[2025.05.26-17.41.40:071][190]LogWorld: UWorld::CleanupWorld for VRTemplateMap, bSessionEnded=true, bCleanupResources=true
[2025.05.26-17.41.40:071][190]LogSlate: InvalidateAllWidgets triggered.  All widgets were invalidated
[2025.05.26-17.41.40:083][190]LogPlayLevel: Display: Shutting down PIE online subsystems
[2025.05.26-17.41.40:088][190]LogSlate: InvalidateAllWidgets triggered.  All widgets were invalidated
[2025.05.26-17.41.40:103][190]LogAudio: Display: Audio Device unregistered from world 'None'.
[2025.05.26-17.41.40:103][190]LogResonanceAudio: Display: Resonance Audio Listener is shutdown
[2025.05.26-17.41.40:103][190]LogAudioMixer: FMixerPlatformXAudio2::StopAudioStream() called
[2025.05.26-17.41.40:104][190]LogAudioMixer: FMixerPlatformXAudio2::StopAudioStream() called
[2025.05.26-17.41.40:105][190]LogSlate: Updating window title bar state: overlay mode, drag disabled, window buttons hidden, title bar hidden
[2025.05.26-17.41.40:109][190]LogUObjectHash: Compacting FUObjectHashTables data took   1.67ms
[2025.05.26-17.41.40:150][193]LogPlayLevel: Display: Destroying online subsystem :Context_53
[2025.05.26-17.41.48:406][164]LogUObjectHash: Compacting FUObjectHashTables data took   1.55ms
[2025.05.26-17.41.48:419][164]LogSavePackage: Moving '../../../../../../Users/sasha/Documents/GitHub/unreal_project/Saved/Minimal_DefaultAAFBF48348D7E060CDAE949F98C00AC7.tmp' to '../../../../../../Users/sasha/Documents/GitHub/unreal_project/Content/StarterContent/Maps/Minimal_Default.umap'
[2025.05.26-17.41.48:472][164]LogSavePackage: Moving '../../../../../../Users/sasha/Documents/GitHub/unreal_project/Saved/Minimal_Default_BuiltData8BDDCDF0457309F7AD3FF9AF4402D704.tmp' to '../../../../../../Users/sasha/Documents/GitHub/unreal_project/Content/StarterContent/Maps/Minimal_Default_BuiltData.uasset'
[2025.05.26-17.41.48:488][164]AssetCheck: New page: Asset Save: multiple assets
[2025.05.26-17.41.48:488][164]LogContentValidation: Display: Validating World /Game/StarterContent/Maps/Minimal_Default.Minimal_Default
[2025.05.26-17.41.48:488][164]LogContentValidation: Display: Validating MapBuildDataRegistry /Game/StarterContent/Maps/Minimal_Default_BuiltData.Minimal_Default_BuiltData
[2025.05.26-17.41.51:682][542]LogUObjectHash: Compacting FUObjectHashTables data took   0.45ms
[2025.05.26-17.41.51:720][542]LogSlate: Window 'MyProject - Unreal Editor' being destroyed
[2025.05.26-17.41.51:721][542]LogWindowsTextInputMethodSystem: Display: IME system deactivated.
[2025.05.26-17.41.51:819][543]Cmd: QUIT_EDITOR
[2025.05.26-17.41.51:819][543]LogCore: Engine exit requested (reason: UUnrealEdEngine::CloseEditor())
[2025.05.26-17.41.51:822][543]LogCore: Engine exit requested (reason: EngineExit() was called; note: exit was already requested)
[2025.05.26-17.41.52:469][543]LogAudio: Display: Beginning Audio Device Manager Shutdown (Module: AudioMixerXAudio2)...
[2025.05.26-17.41.52:469][543]LogAudio: Display: Destroying 1 Remaining Audio Device(s)...
[2025.05.26-17.41.52:469][543]LogAudio: Display: Audio Device unregistered from world 'Minimal_Default'.
[2025.05.26-17.41.52:469][543]LogResonanceAudio: Display: Resonance Audio Listener is shutdown
[2025.05.26-17.41.52:469][543]LogAudioMixer: FMixerPlatformXAudio2::StopAudioStream() called
[2025.05.26-17.41.52:470][543]LogAudioMixer: FMixerPlatformXAudio2::StopAudioStream() called
[2025.05.26-17.41.52:493][543]LogAudio: Display: Audio Device Manager Shutdown
[2025.05.26-17.41.52:497][543]LogExit: Preparing to exit.
[2025.05.26-17.41.52:992][543]LogUObjectHash: Compacting FUObjectHashTables data took   1.59ms
[2025.05.26-17.41.53:089][543]LogWorld: UWorld::CleanupWorld for World_0, bSessionEnded=true, bCleanupResources=true
[2025.05.26-17.41.53:092][543]LogWorld: UWorld::CleanupWorld for World_1, bSessionEnded=true, bCleanupResources=true
[2025.05.26-17.41.53:094][543]LogWorld: UWorld::CleanupWorld for World_2, bSessionEnded=true, bCleanupResources=true
[2025.05.26-17.41.53:096][543]LogWorld: UWorld::CleanupWorld for World_3, bSessionEnded=true, bCleanupResources=true
[2025.05.26-17.41.53:098][543]LogWorld: UWorld::CleanupWorld for World_4, bSessionEnded=true, bCleanupResources=true
[2025.05.26-17.41.53:100][543]LogWorld: UWorld::CleanupWorld for World_5, bSessionEnded=true, bCleanupResources=true
[2025.05.26-17.41.53:101][543]LogWorld: UWorld::CleanupWorld for World_6, bSessionEnded=true, bCleanupResources=true
[2025.05.26-17.41.53:104][543]LogWorld: UWorld::CleanupWorld for World_7, bSessionEnded=true, bCleanupResources=true
[2025.05.26-17.41.53:106][543]LogWorld: UWorld::CleanupWorld for World_8, bSessionEnded=true, bCleanupResources=true
[2025.05.26-17.41.53:108][543]LogWorld: UWorld::CleanupWorld for World_17, bSessionEnded=true, bCleanupResources=true
[2025.05.26-17.41.53:109][543]LogWorld: UWorld::CleanupWorld for World_18, bSessionEnded=true, bCleanupResources=true
[2025.05.26-17.41.53:111][543]LogWorld: UWorld::CleanupWorld for World_19, bSessionEnded=true, bCleanupResources=true
[2025.05.26-17.41.53:113][543]LogWorld: UWorld::CleanupWorld for World_20, bSessionEnded=true, bCleanupResources=true
[2025.05.26-17.41.53:116][543]LogWorld: UWorld::CleanupWorld for World_21, bSessionEnded=true, bCleanupResources=true
[2025.05.26-17.41.53:118][543]LogWorld: UWorld::CleanupWorld for World_22, bSessionEnded=true, bCleanupResources=true
[2025.05.26-17.41.53:120][543]LogWorld: UWorld::CleanupWorld for World_23, bSessionEnded=true, bCleanupResources=true
[2025.05.26-17.41.53:122][543]LogWorld: UWorld::CleanupWorld for World_34, bSessionEnded=true, bCleanupResources=true
[2025.05.26-17.41.53:124][543]LogWorld: UWorld::CleanupWorld for World_39, bSessionEnded=true, bCleanupResources=true
[2025.05.26-17.41.53:126][543]LogWorld: UWorld::CleanupWorld for World_40, bSessionEnded=true, bCleanupResources=true
[2025.05.26-17.41.53:128][543]LogWorld: UWorld::CleanupWorld for World_31, bSessionEnded=true, bCleanupResources=true
[2025.05.26-17.41.53:131][543]LogWorld: UWorld::CleanupWorld for World_32, bSessionEnded=true, bCleanupResources=true
[2025.05.26-17.41.53:176][543]LogDemo: Cleaned up 0 splitscreen connections with owner deletion
[2025.05.26-17.41.53:183][543]LogWorld: UWorld::CleanupWorld for None, bSessionEnded=true, bCleanupResources=true
[2025.05.26-17.41.53:183][543]LogExit: Editor shut down
[2025.05.26-17.41.53:184][543]LogExit: Transaction tracking system shut down
[2025.05.26-17.41.53:462][543]LogExit: Object subsystem successfully closed.
[2025.05.26-17.41.53:477][543]LogShaderCompilers: Display: === FShaderJobCache stats ===
[2025.05.26-17.41.53:477][543]LogShaderCompilers: Display: Total job queries 0, among them cache hits 0 (0.00%)
[2025.05.26-17.41.53:477][543]LogShaderCompilers: Display: Tracking 0 distinct input hashes that result in 0 distinct outputs (0.00%)
[2025.05.26-17.41.53:477][543]LogShaderCompilers: Display: RAM used: 0.00 MB (0.00 GB) of 1638.40 MB (1.60 GB) budget. Usage: 0.00%
[2025.05.26-17.41.53:477][543]LogShaderCompilers: Display: ================================================
[2025.05.26-17.41.53:485][543]LogShaderCompilers: Display: Shaders left to compile 0
[2025.05.26-17.41.53:502][543]LogModuleManager: Shutting down and abandoning module MovieSceneCapture (868)
[2025.05.26-17.41.53:502][543]LogModuleManager: Shutting down and abandoning module Voice (866)
[2025.05.26-17.41.53:502][543]LogModuleManager: Shutting down and abandoning module HierarchicalLODUtilities (864)
[2025.05.26-17.41.53:502][543]LogModuleManager: Shutting down and abandoning module BlueprintGraph (862)
[2025.05.26-17.41.53:502][543]LogModuleManager: Shutting down and abandoning module HierarchicalLODOutliner (860)
[2025.05.26-17.41.53:502][543]LogModuleManager: Shutting down and abandoning module SceneOutliner (858)
[2025.05.26-17.41.53:502][543]LogModuleManager: Shutting down and abandoning module AddContentDialog (856)
[2025.05.26-17.41.53:503][543]LogModuleManager: Shutting down and abandoning module WidgetCarousel (855)
[2025.05.26-17.41.53:503][543]LogModuleManager: Shutting down and abandoning module EditorWidgets (852)
[2025.05.26-17.41.53:503][543]LogModuleManager: Shutting down and abandoning module StatsViewer (850)
[2025.05.26-17.41.53:503][543]LogModuleManager: Shutting down and abandoning module PIEPreviewDeviceProfileSelector (848)
[2025.05.26-17.41.53:503][543]LogModuleManager: Shutting down and abandoning module SequenceRecorderSections (846)
[2025.05.26-17.41.53:503][543]LogModuleManager: Shutting down and abandoning module AutomationWorker (844)
[2025.05.26-17.41.53:503][543]LogModuleManager: Shutting down and abandoning module ResonanceAudioEditor (842)
[2025.05.26-17.41.53:503][543]LogModuleManager: Shutting down and abandoning module TakeRecorderSources (840)
[2025.05.26-17.41.53:503][543]LogModuleManager: Shutting down and abandoning module TakeRecorder (839)
[2025.05.26-17.41.53:503][543]LogModuleManager: Shutting down and abandoning module TakeTrackRecorders (836)
[2025.05.26-17.41.53:503][543]LogModuleManager: Shutting down and abandoning module TakesCore (834)
[2025.05.26-17.41.53:503][543]LogModuleManager: Shutting down and abandoning module OpenXRInput (832)
[2025.05.26-17.41.53:503][543]LogModuleManager: Shutting down and abandoning module GooglePADEditor (830)
[2025.05.26-17.41.53:503][543]LogModuleManager: Shutting down and abandoning module AudioCaptureEditor (828)
[2025.05.26-17.41.53:503][543]LogModuleManager: Shutting down and abandoning module TemplateSequenceEditor (826)
[2025.05.26-17.41.53:503][543]LogModuleManager: Shutting down and abandoning module ActorSequenceEditor (824)
[2025.05.26-17.41.53:503][543]LogModuleManager: Shutting down and abandoning module MatineeToLevelSequence (822)
[2025.05.26-17.41.53:503][543]LogModuleManager: Shutting down and abandoning module LevelSequenceEditor (820)
[2025.05.26-17.41.53:503][543]LogModuleManager: Shutting down and abandoning module MagicLeapMediaCodecFactory (818)
[2025.05.26-17.41.53:503][543]LogModuleManager: Shutting down and abandoning module MagicLeapMediaFactory (816)
[2025.05.26-17.41.53:503][543]LogModuleManager: Shutting down and abandoning module MagicLeapMediaEditor (814)
[2025.05.26-17.41.53:503][543]LogModuleManager: Shutting down and abandoning module MediaPlayerEditor (812)
[2025.05.26-17.41.53:503][543]LogModuleManager: Shutting down and abandoning module WmfMediaFactory (810)
[2025.05.26-17.41.53:503][543]LogModuleManager: Shutting down and abandoning module WmfMediaEditor (808)
[2025.05.26-17.41.53:503][543]LogModuleManager: Shutting down and abandoning module WebMMediaFactory (806)
[2025.05.26-17.41.53:503][543]LogModuleManager: Shutting down and abandoning module WebMMediaEditor (804)
[2025.05.26-17.41.53:503][543]LogModuleManager: Shutting down and abandoning module WebMMedia (802)
[2025.05.26-17.41.53:503][543]LogModuleManager: Shutting down and abandoning module MediaCompositingEditor (800)
[2025.05.26-17.41.53:503][543]LogModuleManager: Shutting down and abandoning module SequenceRecorder (799)
[2025.05.26-17.41.53:503][543]LogModuleManager: Shutting down and abandoning module OpenExrWrapper (796)
[2025.05.26-17.41.53:503][543]LogModuleManager: Shutting down and abandoning module ImgMediaFactory (794)
[2025.05.26-17.41.53:503][543]LogModuleManager: Shutting down and abandoning module ImgMediaEditor (792)
[2025.05.26-17.41.53:503][543]LogModuleManager: Shutting down and abandoning module AndroidMediaFactory (790)
[2025.05.26-17.41.53:503][543]LogModuleManager: Shutting down and abandoning module AndroidMediaEditor (788)
[2025.05.26-17.41.53:503][543]LogModuleManager: Shutting down and abandoning module AvfMediaFactory (786)
[2025.05.26-17.41.53:503][543]LogModuleManager: Shutting down and abandoning module AvfMediaEditor (784)
[2025.05.26-17.41.53:503][543]LogModuleManager: Shutting down and abandoning module PlanarCut (782)
[2025.05.26-17.41.53:503][543]LogModuleManager: Shutting down and abandoning module TextureAlignMode (780)
[2025.05.26-17.41.53:503][543]LogModuleManager: Shutting down and abandoning module BspMode (778)
[2025.05.26-17.41.53:503][543]LogModuleManager: Shutting down and abandoning module GeometryMode (776)
[2025.05.26-17.41.53:503][543]LogModuleManager: Shutting down and abandoning module CharacterAI (774)
[2025.05.26-17.41.53:503][543]LogModuleManager: Shutting down and abandoning module CameraShakePreviewer (772)
[2025.05.26-17.41.53:503][543]LogModuleManager: Shutting down and abandoning module SmartSnapping (770)
[2025.05.26-17.41.53:503][543]LogModuleManager: Shutting down and abandoning module SessionServices (768)
[2025.05.26-17.41.53:503][543]LogModuleManager: Shutting down and abandoning module MeshPaint (766)
[2025.05.26-17.41.53:503][543]LogModuleManager: Shutting down and abandoning module VirtualTexturingEditor (764)
[2025.05.26-17.41.53:503][543]LogModuleManager: Shutting down and abandoning module FoliageEdit (762)
[2025.05.26-17.41.53:503][543]LogModuleManager: Shutting down and abandoning module LandscapeEditor (760)
[2025.05.26-17.41.53:503][543]LogModuleManager: Shutting down and abandoning module MeshPaintMode (758)
[2025.05.26-17.41.53:503][543]LogModuleManager: Shutting down and abandoning module SceneDepthPickerMode (756)
[2025.05.26-17.41.53:503][543]LogModuleManager: Shutting down and abandoning module ActorPickerMode (754)
[2025.05.26-17.41.53:503][543]LogModuleManager: Shutting down and abandoning module PlacementMode (752)
[2025.05.26-17.41.53:503][543]LogModuleManager: Shutting down and abandoning module ViewportSnapping (750)
[2025.05.26-17.41.53:503][543]LogModuleManager: Shutting down and abandoning module ViewportInteraction (748)
[2025.05.26-17.41.53:503][543]LogModuleManager: Shutting down and abandoning module ClothPainter (746)
[2025.05.26-17.41.53:503][543]LogModuleManager: Shutting down and abandoning module SkeletalMeshEditor (745)
[2025.05.26-17.41.53:503][543]LogModuleManager: Shutting down and abandoning module LogVisualizer (742)
[2025.05.26-17.41.53:503][543]LogModuleManager: Shutting down and abandoning module IntroTutorials (740)
[2025.05.26-17.41.53:504][543]LogModuleManager: Shutting down and abandoning module GameProjectGeneration (739)
[2025.05.26-17.41.53:504][543]LogModuleManager: Shutting down and abandoning module LuminPlatformEditor (736)
[2025.05.26-17.41.53:504][543]LogModuleManager: Shutting down and abandoning module IOSPlatformEditor (734)
[2025.05.26-17.41.53:504][543]LogModuleManager: Shutting down and abandoning module AndroidPlatformEditor (732)
[2025.05.26-17.41.53:504][543]LogModuleManager: Shutting down and abandoning module AndroidDeviceDetection (731)
[2025.05.26-17.41.54:417][543]LogModuleManager: Shutting down and abandoning module WindowsPlatformEditor (728)
[2025.05.26-17.41.54:417][543]LogModuleManager: Shutting down and abandoning module LuminRuntimeSettings (726)
[2025.05.26-17.41.54:417][543]LogModuleManager: Shutting down and abandoning module IOSRuntimeSettings (724)
[2025.05.26-17.41.54:417][543]LogModuleManager: Shutting down and abandoning module AndroidRuntimeSettings (722)
[2025.05.26-17.41.54:417][543]LogModuleManager: Shutting down and abandoning module TraceInsights (720)
[2025.05.26-17.41.54:417][543]MemoryProfiler: Shutdown
[2025.05.26-17.41.54:417][543]NetworkingProfiler: Shutdown
[2025.05.26-17.41.54:417][543]LoadingProfiler: Shutdown
[2025.05.26-17.41.54:417][543]TimingProfiler: Shutdown
[2025.05.26-17.41.54:417][543]LogModuleManager: Shutting down and abandoning module TraceServices (719)
[2025.05.26-17.41.54:417][543]LogModuleManager: Shutting down and abandoning module EditorInteractiveToolsFramework (716)
[2025.05.26-17.41.54:417][543]LogModuleManager: Shutting down and abandoning module TimeManagementEditor (714)
[2025.05.26-17.41.54:417][543]LogModuleManager: Shutting down and abandoning module InputBindingEditor (712)
[2025.05.26-17.41.54:417][543]LogModuleManager: Shutting down and abandoning module MergeActors (710)
[2025.05.26-17.41.54:417][543]LogModuleManager: Shutting down and abandoning module LocalizationDashboard (708)
[2025.05.26-17.41.54:417][543]LogModuleManager: Shutting down and abandoning module LocalizationService (707)
[2025.05.26-17.41.54:417][543]LogModuleManager: Shutting down and abandoning module HardwareTargeting (704)
[2025.05.26-17.41.54:417][543]LogModuleManager: Shutting down and abandoning module DeviceProfileEditor (702)
[2025.05.26-17.41.54:417][543]LogModuleManager: Shutting down and abandoning module UndoHistory (700)
[2025.05.26-17.41.54:417][543]LogModuleManager: Shutting down and abandoning module XmlParser (698)
[2025.05.26-17.41.54:417][543]LogModuleManager: Shutting down and abandoning module Blutility (696)
[2025.05.26-17.41.54:417][543]LogModuleManager: Shutting down and abandoning module ProjectSettingsViewer (694)
[2025.05.26-17.41.54:417][543]LogModuleManager: Shutting down and abandoning module ProjectTargetPlatformEditor (693)
[2025.05.26-17.41.54:417][543]LogModuleManager: Shutting down and abandoning module EditorSettingsViewer (690)
[2025.05.26-17.41.54:417][543]LogModuleManager: Shutting down and abandoning module InternationalizationSettings (689)
[2025.05.26-17.41.54:417][543]LogModuleManager: Shutting down and abandoning module SettingsEditor (686)
[2025.05.26-17.41.54:417][543]LogModuleManager: Shutting down and abandoning module ProjectLauncher (684)
[2025.05.26-17.41.54:417][543]LogModuleManager: Shutting down and abandoning module SessionFrontend (682)
[2025.05.26-17.41.54:417][543]LogModuleManager: Shutting down and abandoning module ProfilerClient (680)
[2025.05.26-17.41.54:417][543]LogModuleManager: Shutting down and abandoning module DeviceManager (678)
[2025.05.26-17.41.54:417][543]LogModuleManager: Shutting down and abandoning module TargetDeviceServices (677)
[2025.05.26-17.41.54:450][543]LogModuleManager: Shutting down and abandoning module AutomationController (674)
[2025.05.26-17.41.54:450][543]LogModuleManager: Shutting down and abandoning module AutomationWindow (672)
[2025.05.26-17.41.54:450][543]LogModuleManager: Shutting down and abandoning module Layers (670)
[2025.05.26-17.41.54:450][543]LogModuleManager: Shutting down and abandoning module ComponentVisualizers (668)
[2025.05.26-17.41.54:450][543]LogModuleManager: Shutting down and abandoning module DetailCustomizations (666)
[2025.05.26-17.41.54:450][543]LogModuleManager: Shutting down and abandoning module PackagesDialog (664)
[2025.05.26-17.41.54:450][543]LogModuleManager: Shutting down and abandoning module AnimationBlueprintEditor (662)
[2025.05.26-17.41.54:450][543]LogModuleManager: Shutting down and abandoning module Persona (660)
[2025.05.26-17.41.54:450][543]LogModuleManager: Shutting down and abandoning module AdvancedPreviewScene (659)
[2025.05.26-17.41.54:450][543]LogModuleManager: Shutting down and abandoning module AnimGraph (657)
[2025.05.26-17.41.54:450][543]LogModuleManager: Shutting down and abandoning module Kismet (654)
[2025.05.26-17.41.54:458][543]LogModuleManager: Shutting down and abandoning module KismetWidgets (653)
[2025.05.26-17.41.54:458][543]LogModuleManager: Shutting down and abandoning module GraphEditor (650)
[2025.05.26-17.41.54:458][543]LogModuleManager: Shutting down and abandoning module StructViewer (648)
[2025.05.26-17.41.54:458][543]LogModuleManager: Shutting down and abandoning module ClassViewer (646)
[2025.05.26-17.41.54:460][543]LogModuleManager: Shutting down and abandoning module Toolbox (644)
[2025.05.26-17.41.54:460][543]LogModuleManager: Shutting down and abandoning module ModuleUI (642)
[2025.05.26-17.41.54:460][543]LogModuleManager: Shutting down and abandoning module OutputLog (640)
[2025.05.26-17.41.54:461][543]LogModuleManager: Shutting down and abandoning module GammaUI (638)
[2025.05.26-17.41.54:461][543]LogModuleManager: Shutting down and abandoning module Documentation (636)
[2025.05.26-17.41.54:462][543]LogModuleManager: Shutting down and abandoning module LiveCoding (634)
[2025.05.26-17.41.54:462][543]LogModuleManager: Shutting down and abandoning module LevelSequence (632)
[2025.05.26-17.41.54:462][543]LogModuleManager: Shutting down and abandoning module MovieSceneTracks (630)
[2025.05.26-17.41.54:462][543]LogModuleManager: Shutting down and abandoning module MovieScene (628)
[2025.05.26-17.41.54:462][543]LogModuleManager: Shutting down and abandoning module StreamingPauseRendering (626)
[2025.05.26-17.41.54:462][543]LogModuleManager: Shutting down and abandoning module LauncherPlatform (624)
[2025.05.26-17.41.54:462][543]LogModuleManager: Shutting down and abandoning module AnalyticsET (622)
[2025.05.26-17.41.54:462][543]LogModuleManager: Shutting down and abandoning module PortalServices (620)
[2025.05.26-17.41.54:462][543]LogModuleManager: Shutting down and abandoning module PortalRpc (618)
[2025.05.26-17.41.54:462][543]LogModuleManager: Shutting down and abandoning module MessagingRpc (616)
[2025.05.26-17.41.54:462][543]LogModuleManager: Shutting down and abandoning module AudioMixerXAudio2 (614)
[2025.05.26-17.41.54:462][543]LogModuleManager: Shutting down and abandoning module AudioMixerCore (613)
[2025.05.26-17.41.54:462][543]LogModuleManager: Shutting down and abandoning module AIModule (610)
[2025.05.26-17.41.54:462][543]LogModuleManager: Shutting down and abandoning module GameplayDebugger (609)
[2025.05.26-17.41.54:462][543]LogModuleManager: Shutting down and abandoning module AITestSuite (607)
[2025.05.26-17.41.54:462][543]LogModuleManager: Shutting down and abandoning module NavigationSystem (605)
[2025.05.26-17.41.54:462][543]LogModuleManager: Shutting down and abandoning module ImageWriteQueue (602)
[2025.05.26-17.41.54:466][543]LogModuleManager: Shutting down and abandoning module ProfilerService (600)
[2025.05.26-17.41.54:609][543]LogModuleManager: Shutting down and abandoning module TaskGraph (598)
[2025.05.26-17.41.54:609][543]LogModuleManager: Shutting down and abandoning module AudioSynesthesiaEditor (596)
[2025.05.26-17.41.54:609][543]LogModuleManager: Shutting down and abandoning module ContentBrowserFileDataSource (594)
[2025.05.26-17.41.54:609][543]LogModuleManager: Shutting down and abandoning module ContentBrowserClassDataSource (592)
[2025.05.26-17.41.54:609][543]LogModuleManager: Shutting down and abandoning module ContentBrowserAssetDataSource (590)
[2025.05.26-17.41.54:609][543]LogModuleManager: Shutting down and abandoning module CollectionManager (589)
[2025.05.26-17.41.54:609][543]LogModuleManager: Shutting down and abandoning module SynthesisEditor (586)
[2025.05.26-17.41.54:609][543]LogModuleManager: Shutting down and abandoning module Synthesis (584)
[2025.05.26-17.41.54:609][543]LogModuleManager: Shutting down and abandoning module ResonanceAudio (582)
[2025.05.26-17.41.54:609][543]LogModuleManager: Shutting down and abandoning module ProceduralMeshComponentEditor (580)
[2025.05.26-17.41.54:609][543]LogModuleManager: Shutting down and abandoning module ProceduralMeshComponent (578)
[2025.05.26-17.41.54:609][543]LogModuleManager: Shutting down and abandoning module ScreenshotTools (576)
[2025.05.26-17.41.54:609][543]LogModuleManager: Shutting down and abandoning module TakeSequencer (574)
[2025.05.26-17.41.54:609][543]LogModuleManager: Shutting down and abandoning module TakeMovieScene (572)
[2025.05.26-17.41.54:609][543]LogModuleManager: Shutting down and abandoning module OpenXREditor (570)
[2025.05.26-17.41.54:609][543]LogModuleManager: Shutting down and abandoning module MobilePatchingUtils (568)
[2025.05.26-17.41.54:609][543]LogModuleManager: Shutting down and abandoning module GooglePAD (566)
[2025.05.26-17.41.54:609][543]LogModuleManager: Shutting down and abandoning module EditableMesh (564)
[2025.05.26-17.41.54:609][543]LogModuleManager: Shutting down and abandoning module CustomMeshComponent (562)
[2025.05.26-17.41.54:609][543]LogModuleManager: Shutting down and abandoning module CableComponent (560)
[2025.05.26-17.41.54:609][543]LogModuleManager: Shutting down and abandoning module AudioCapture (558)
[2025.05.26-17.41.54:609][543]LogModuleManager: Shutting down and abandoning module AudioCaptureRtAudio (557)
[2025.05.26-17.41.54:609][543]LogModuleManager: Shutting down and abandoning module AssetTags (554)
[2025.05.26-17.41.54:609][543]LogModuleManager: Shutting down and abandoning module ArchVisCharacter (552)
[2025.05.26-17.41.54:609][543]LogModuleManager: Shutting down and abandoning module AppleImageUtilsBlueprintSupport (550)
[2025.05.26-17.41.54:609][543]LogModuleManager: Shutting down and abandoning module AppleImageUtils (548)
[2025.05.26-17.41.54:609][543]LogModuleManager: Shutting down and abandoning module AndroidPermission (546)
[2025.05.26-17.41.54:609][543]LogModuleManager: Shutting down and abandoning module ActorLayerUtilitiesEditor (544)
[2025.05.26-17.41.54:609][543]LogModuleManager: Shutting down and abandoning module ActorLayerUtilities (542)
[2025.05.26-17.41.54:609][543]LogModuleManager: Shutting down and abandoning module TemplateSequence (540)
[2025.05.26-17.41.54:609][543]LogModuleManager: Shutting down and abandoning module MagicLeapSharedWorld (538)
[2025.05.26-17.41.54:609][543]LogModuleManager: Shutting down and abandoning module MagicLeapLightEstimation (536)
[2025.05.26-17.41.54:609][543]LogModuleManager: Shutting down and abandoning module MagicLeapHelperVulkan (534)
[2025.05.26-17.41.54:609][543]LogModuleManager: Shutting down and abandoning module MagicLeapHelperOpenGL (532)
[2025.05.26-17.41.54:609][543]LogModuleManager: Shutting down and abandoning module MagicLeapAudio (530)
[2025.05.26-17.41.54:609][543]LogModuleManager: Shutting down and abandoning module MediaCompositing (528)
[2025.05.26-17.41.54:609][543]LogModuleManager: Shutting down and abandoning module ImgMedia (526)
[2025.05.26-17.41.54:609][543]LogModuleManager: Shutting down and abandoning module NiagaraEditorWidgets (524)
[2025.05.26-17.41.54:609][543]LogModuleManager: Shutting down and abandoning module OpenImageDenoise (522)
[2025.05.26-17.41.54:609][543]LogOpenImageDenoise: OIDN shutting down
[2025.05.26-17.41.54:609][543]LogModuleManager: Shutting down and abandoning module MotoSynthEditor (520)
[2025.05.26-17.41.54:609][543]LogModuleManager: Shutting down and abandoning module MotoSynth (518)
[2025.05.26-17.41.54:609][543]LogModuleManager: Shutting down and abandoning module MeshConversion (516)
[2025.05.26-17.41.54:609][543]LogModuleManager: Shutting down and abandoning module DynamicMesh (514)
[2025.05.26-17.41.54:609][543]LogModuleManager: Shutting down and abandoning module GeometryAlgorithms (512)
[2025.05.26-17.41.54:609][543]LogModuleManager: Shutting down and abandoning module GeometricObjects (510)
[2025.05.26-17.41.54:609][543]LogModuleManager: Shutting down and abandoning module GeometryCollectionTracks (508)
[2025.05.26-17.41.54:609][543]LogModuleManager: Shutting down and abandoning module GeometryCollectionSequencer (507)
[2025.05.26-17.41.54:609][543]LogModuleManager: Shutting down and abandoning module GeometryCollectionEditor (504)
[2025.05.26-17.41.54:609][543]LogModuleManager: Shutting down and abandoning module GeometryCacheTracks (502)
[2025.05.26-17.41.54:609][543]LogModuleManager: Shutting down and abandoning module GeometryCacheStreamer (500)
[2025.05.26-17.41.54:609][543]LogModuleManager: Shutting down and abandoning module GeometryCacheSequencer (498)
[2025.05.26-17.41.54:610][543]LogModuleManager: Shutting down and abandoning module OodleNetworkHandlerComponent (496)
[2025.05.26-17.41.54:610][543]LogModuleManager: Shutting down and abandoning module SpeedTreeImporter (494)
[2025.05.26-17.41.54:610][543]LogModuleManager: Shutting down and abandoning module PluginBrowser (492)
[2025.05.26-17.41.54:610][543]LogModuleManager: Shutting down and abandoning module MobileLauncherProfileWizard (490)
[2025.05.26-17.41.54:610][543]LogModuleManager: Shutting down and abandoning module ChaosClothEditor (488)
[2025.05.26-17.41.54:610][543]LogModuleManager: Shutting down and abandoning module MaterialAnalyzer (486)
[2025.05.26-17.41.54:610][543]LogModuleManager: Shutting down and abandoning module CurveEditorTools (484)
[2025.05.26-17.41.54:610][543]LogModuleManager: Shutting down and abandoning module CryptoKeysOpenSSL (482)
[2025.05.26-17.41.54:610][543]LogModuleManager: Shutting down and abandoning module CryptoKeys (480)
[2025.05.26-17.41.54:610][543]LogModuleManager: Shutting down and abandoning module ChaosSolverEditor (478)
[2025.05.26-17.41.54:610][543]LogModuleManager: Shutting down and abandoning module ChaosNiagara (476)
[2025.05.26-17.41.54:610][543]LogModuleManager: Shutting down and abandoning module FractureEditor (474)
[2025.05.26-17.41.54:610][543]LogModuleManager: Shutting down and abandoning module FieldSystemEngine (473)
[2025.05.26-17.41.54:610][543]LogModuleManager: Shutting down and abandoning module BackChannel (470)
[2025.05.26-17.41.54:610][543]LogModuleManager: Shutting down and abandoning module AutomationUtilsEditor (468)
[2025.05.26-17.41.54:610][543]LogModuleManager: Shutting down and abandoning module AutomationUtils (466)
[2025.05.26-17.41.54:610][543]LogModuleManager: Shutting down and abandoning module VariantManagerContentEditor (464)
[2025.05.26-17.41.54:610][543]LogModuleManager: Shutting down and abandoning module AlembicImporter (462)
[2025.05.26-17.41.54:610][543]LogModuleManager: Shutting down and abandoning module AlembicLibrary (461)
[2025.05.26-17.41.54:610][543]LogModuleManager: Shutting down and abandoning module GeometryCache (460)
[2025.05.26-17.41.54:610][543]LogModuleManager: Shutting down and abandoning module GeometryCacheEd (459)
[2025.05.26-17.41.54:610][543]LogModuleManager: Shutting down and abandoning module DatasmithContentEditor (454)
[2025.05.26-17.41.54:610][543]LogModuleManager: Shutting down and abandoning module VisualStudioSourceCodeAccess (452)
[2025.05.26-17.41.54:610][543]LogModuleManager: Shutting down and abandoning module VisualStudioCodeSourceCodeAccess (450)
[2025.05.26-17.41.54:610][543]LogModuleManager: Shutting down and abandoning module UObjectPlugin (448)
[2025.05.26-17.41.54:610][543]LogModuleManager: Shutting down and abandoning module SubversionSourceControl (446)
[2025.05.26-17.41.54:610][543]LogModuleManager: Shutting down and abandoning module RiderSourceCodeAccess (444)
[2025.05.26-17.41.54:610][543]LogModuleManager: Shutting down and abandoning module PlasticSourceControl (442)
[2025.05.26-17.41.54:610][543]LogModuleManager: Shutting down and abandoning module PluginUtils (440)
[2025.05.26-17.41.54:610][543]LogModuleManager: Shutting down and abandoning module PerforceSourceControl (438)
[2025.05.26-17.41.54:610][543]LogModuleManager: Shutting down and abandoning module GitSourceControl (436)
[2025.05.26-17.41.54:610][543]LogModuleManager: Shutting down and abandoning module SourceControl (435)
[2025.05.26-17.41.54:610][543]LogModuleManager: Shutting down and abandoning module CLionSourceCodeAccess (432)
[2025.05.26-17.41.54:610][543]LogModuleManager: Shutting down and abandoning module AnimationSharingEd (430)
[2025.05.26-17.41.54:610][543]LogModuleManager: Shutting down and abandoning module LightPropagationVolumeEditor (428)
[2025.05.26-17.41.54:610][543]LogModuleManager: Shutting down and abandoning module LiveLinkSequencer (426)
[2025.05.26-17.41.54:610][543]LogModuleManager: Shutting down and abandoning module LiveLinkMovieScene (424)
[2025.05.26-17.41.54:610][543]LogModuleManager: Shutting down and abandoning module LiveLinkGraphNode (422)
[2025.05.26-17.41.54:610][543]LogModuleManager: Shutting down and abandoning module LiveLinkEditor (420)
[2025.05.26-17.41.54:610][543]LogModuleManager: Shutting down and abandoning module LiveLinkComponents (418)
[2025.05.26-17.41.54:610][543]LogModuleManager: Shutting down and abandoning module LiveLink (416)
[2025.05.26-17.41.55:276][543]LogModuleManager: Shutting down and abandoning module PaperTiledImporter (414)
[2025.05.26-17.41.55:276][543]LogModuleManager: Shutting down and abandoning module PaperSpriteSheetImporter (412)
[2025.05.26-17.41.55:276][543]LogModuleManager: Shutting down and abandoning module Paper2DEditor (410)
[2025.05.26-17.41.55:276][543]LogModuleManager: Shutting down and abandoning module MeshPaintingToolset (408)
[2025.05.26-17.41.55:276][543]LogModuleManager: Shutting down and abandoning module MeshPaintEditorMode (406)
[2025.05.26-17.41.55:276][543]LogModuleManager: Shutting down and abandoning module SoundFields (404)
[2025.05.26-17.41.55:276][543]LogModuleManager: Shutting down and abandoning module SignificanceManager (402)
[2025.05.26-17.41.55:276][543]LogModuleManager: Shutting down and abandoning module RuntimePhysXCooking (400)
[2025.05.26-17.41.55:276][543]LogModuleManager: Shutting down and abandoning module PropertyAccessEditor (398)
[2025.05.26-17.41.55:276][543]LogModuleManager: Shutting down and abandoning module PhysXVehiclesEditor (396)
[2025.05.26-17.41.55:276][543]LogModuleManager: Shutting down and abandoning module LocationServicesBPLibrary (392)
[2025.05.26-17.41.55:276][543]LogModuleManager: Shutting down and abandoning module AudioSynesthesia (390)
[2025.05.26-17.41.55:276][543]LogModuleManager: Shutting down and abandoning module AudioSynesthesiaCore (388)
[2025.05.26-17.41.55:276][543]LogModuleManager: Shutting down and abandoning module UdpMessaging (386)
[2025.05.26-17.41.55:377][543]LogModuleManager: Shutting down and abandoning module TcpMessaging (384)
[2025.05.26-17.41.55:477][543]LogModuleManager: Shutting down and abandoning module ActorSequence (382)
[2025.05.26-17.41.55:477][543]LogModuleManager: Shutting down and abandoning module MagicLeapARPin (380)
[2025.05.26-17.41.55:477][543]LogModuleManager: Shutting down and abandoning module MagicLeapHandMeshing (378)
[2025.05.26-17.41.55:477][543]LogModuleManager: Shutting down and abandoning module MagicLeapSecureStorage (376)
[2025.05.26-17.41.55:477][543]LogModuleManager: Shutting down and abandoning module MagicLeapPrivileges (374)
[2025.05.26-17.41.55:477][543]LogModuleManager: Shutting down and abandoning module MagicLeapPlanes (372)
[2025.05.26-17.41.55:477][543]LogMagicLeapPlanes: Planes tracker already destroyed.
[2025.05.26-17.41.55:477][543]LogModuleManager: Shutting down and abandoning module MagicLeapImageTracker (370)
[2025.05.26-17.41.55:477][543]LogModuleManager: Shutting down and abandoning module MagicLeapIdentity (368)
[2025.05.26-17.41.55:477][543]LogModuleManager: Shutting down and abandoning module MagicLeapHandTracking (366)
[2025.05.26-17.41.55:477][543]LogModuleManager: Shutting down and abandoning module MagicLeapEyeTracker (364)
[2025.05.26-17.41.55:477][543]LogModuleManager: Shutting down and abandoning module MagicLeapController (362)
[2025.05.26-17.41.55:477][543]LogModuleManager: Shutting down and abandoning module MagicLeapARPinImpl (360)
[2025.05.26-17.41.55:477][543]LogModuleManager: Shutting down and abandoning module MagicLeapAR (358)
[2025.05.26-17.41.55:477][543]LogModuleManager: Shutting down and abandoning module ImgMediaEngine (356)
[2025.05.26-17.41.55:477][543]LogModuleManager: Shutting down and abandoning module NiagaraAnimNotifies (354)
[2025.05.26-17.41.55:477][543]LogModuleManager: Shutting down and abandoning module Niagara (352)
[2025.05.26-17.41.55:477][543]LogModuleManager: Shutting down and abandoning module SignalProcessing (351)
[2025.05.26-17.41.55:477][543]LogModuleManager: Shutting down and abandoning module NiagaraEditor (349)
[2025.05.26-17.41.55:477][543]LogModuleManager: Shutting down and abandoning module NiagaraCore (346)
[2025.05.26-17.41.55:477][543]LogModuleManager: Shutting down and abandoning module PythonScriptPlugin (344)
[2025.05.26-17.41.55:477][543]LogModuleManager: Shutting down and abandoning module GameplayTagsEditor (342)
[2025.05.26-17.41.55:477][543]LogModuleManager: Shutting down and abandoning module FacialAnimationEditor (340)
[2025.05.26-17.41.55:477][543]LogModuleManager: Shutting down and abandoning module FacialAnimation (338)
[2025.05.26-17.41.55:477][543]LogModuleManager: Shutting down and abandoning module DataValidation (336)
[2025.05.26-17.41.55:477][543]LogModuleManager: Shutting down and abandoning module AssetManagerEditor (334)
[2025.05.26-17.41.55:477][543]LogModuleManager: Shutting down and abandoning module LevelEditor (333)
[2025.05.26-17.41.55:478][543]LogModuleManager: Shutting down and abandoning module PixelInspectorModule (332)
[2025.05.26-17.41.55:478][543]LogModuleManager: Shutting down and abandoning module CommonMenuExtensions (330)
[2025.05.26-17.41.55:478][543]LogModuleManager: Shutting down and abandoning module MainFrame (328)
[2025.05.26-17.41.55:478][543]LogModuleManager: Shutting down and abandoning module HotReload (327)
[2025.05.26-17.41.55:479][543]LogModuleManager: Shutting down and abandoning module ToolMenus (323)
[2025.05.26-17.41.55:479][543]LogModuleManager: Shutting down and abandoning module ContentBrowser (321)
[2025.05.26-17.41.55:479][543]LogModuleManager: Shutting down and abandoning module ContentBrowserData (320)
[2025.05.26-17.41.55:479][543]LogModuleManager: Shutting down and abandoning module TreeMap (317)
[2025.05.26-17.41.55:479][543]LogModuleManager: Shutting down and abandoning module PropertyAccessNode (314)
[2025.05.26-17.41.55:479][543]LogModuleManager: Shutting down and abandoning module AnimationSharing (312)
[2025.05.26-17.41.55:479][543]LogModuleManager: Shutting down and abandoning module LightPropagationVolumeRuntime (310)
[2025.05.26-17.41.55:479][543]LogModuleManager: Shutting down and abandoning module GameplayCameras (308)
[2025.05.26-17.41.55:479][543]LogModuleManager: Shutting down and abandoning module EnvironmentQueryEditor (306)
[2025.05.26-17.41.55:479][543]LogModuleManager: Shutting down and abandoning module Paper2D (304)
[2025.05.26-17.41.55:479][543]LogModuleManager: Shutting down and abandoning module WindowsMoviePlayer (302)
[2025.05.26-17.41.55:480][543]LogModuleManager: Shutting down and abandoning module WebMMoviePlayer (300)
[2025.05.26-17.41.55:480][543]LogModuleManager: Shutting down and abandoning module NetworkReplayStreaming (298)
[2025.05.26-17.41.55:480][543]LogModuleManager: Shutting down and abandoning module PacketHandler (296)
[2025.05.26-17.41.55:480][543]LogModuleManager: Shutting down and abandoning module ClothingSystemEditor (294)
[2025.05.26-17.41.55:480][543]LogModuleManager: Shutting down and abandoning module ClothingSystemRuntimeNv (292)
[2025.05.26-17.41.55:480][543]LogModuleManager: Shutting down and abandoning module MediaAssets (290)
[2025.05.26-17.41.55:480][543]LogModuleManager: Shutting down and abandoning module Overlay (288)
[2025.05.26-17.41.55:480][543]LogModuleManager: Shutting down and abandoning module OverlayEditor (287)
[2025.05.26-17.41.55:480][543]LogModuleManager: Shutting down and abandoning module VREditor (284)
[2025.05.26-17.41.55:480][543]LogModuleManager: Shutting down and abandoning module StringTableEditor (282)
[2025.05.26-17.41.55:480][543]LogModuleManager: Shutting down and abandoning module GameplayTasksEditor (280)
[2025.05.26-17.41.55:480][543]LogModuleManager: Shutting down and abandoning module BehaviorTreeEditor (278)
[2025.05.26-17.41.55:480][543]LogModuleManager: Shutting down and abandoning module FunctionalTesting (276)
[2025.05.26-17.41.55:480][543]LogModuleManager: Shutting down and abandoning module CollisionAnalyzer (274)
[2025.05.26-17.41.55:480][543]LogModuleManager: Shutting down and abandoning module WorkspaceMenuStructure (273)
[2025.05.26-17.41.55:480][543]LogModuleManager: Shutting down and abandoning module UMG (270)
[2025.05.26-17.41.55:481][543]LogModuleManager: Shutting down and abandoning module UMGEditor (269)
[2025.05.26-17.41.55:481][543]LogModuleManager: Shutting down and abandoning module MessageLog (267)
[2025.05.26-17.41.55:481][543]LogModuleManager: Shutting down and abandoning module SlateReflector (262)
[2025.05.26-17.41.55:481][543]LogModuleManager: Shutting down and abandoning module Slate (260)
[2025.05.26-17.41.55:481][543]LogModuleManager: Shutting down and abandoning module SlateCore (258)
[2025.05.26-17.41.55:481][543]LogModuleManager: Shutting down and abandoning module LandscapeEditorUtilities (256)
[2025.05.26-17.41.55:481][543]LogModuleManager: Shutting down and abandoning module UnrealEd (254)
[2025.05.26-17.41.55:481][543]LogModuleManager: Shutting down and abandoning module MRMesh (252)
[2025.05.26-17.41.55:481][543]LogModuleManager: Shutting down and abandoning module SourceCodeAccess (250)
[2025.05.26-17.41.55:481][543]LogModuleManager: Shutting down and abandoning module HeadMountedDisplay (248)
[2025.05.26-17.41.55:481][543]LogModuleManager: Shutting down and abandoning module XAudio2 (246)
[2025.05.26-17.41.55:481][543]LogModuleManager: Shutting down and abandoning module Networking (244)
[2025.05.26-17.41.55:481][543]LogModuleManager: Shutting down and abandoning module Core (242)
[2025.05.26-17.41.55:481][543]LogModuleManager: Shutting down and abandoning module MaterialEditor (240)
[2025.05.26-17.41.55:481][543]LogModuleManager: Shutting down and abandoning module MovieSceneTools (238)
[2025.05.26-17.41.55:481][543]LogModuleManager: Shutting down and abandoning module CurveEditor (237)
[2025.05.26-17.41.55:481][543]LogModuleManager: Shutting down and abandoning module Sequencer (235)
[2025.05.26-17.41.55:481][543]LogModuleManager: Shutting down and abandoning module EditorStyle (234)
[2025.05.26-17.41.55:482][543]LogModuleManager: Shutting down and abandoning module KismetCompiler (230)
[2025.05.26-17.41.55:482][543]LogModuleManager: Shutting down and abandoning module MeshBuilder (228)
[2025.05.26-17.41.55:482][543]LogModuleManager: Shutting down and abandoning module MeshUtilities (226)
[2025.05.26-17.41.55:482][543]LogModuleManager: Shutting down and abandoning module MeshMergeUtilities (225)
[2025.05.26-17.41.55:482][543]LogModuleManager: Shutting down and abandoning module MeshReductionInterface (224)
[2025.05.26-17.41.55:482][543]LogModuleManager: Shutting down and abandoning module MeshBoneReduction (223)
[2025.05.26-17.41.55:482][543]LogModuleManager: Shutting down and abandoning module SkeletalMeshReduction (221)
[2025.05.26-17.41.55:482][543]LogModuleManager: Shutting down and abandoning module ProxyLODMeshReduction (219)
[2025.05.26-17.41.55:482][543]LogModuleManager: Shutting down and abandoning module QuadricMeshReduction (217)
[2025.05.26-17.41.55:482][543]LogModuleManager: Shutting down and abandoning module MaterialBaking (213)
[2025.05.26-17.41.55:482][543]LogModuleManager: Shutting down and abandoning module NullInstallBundleManager (208)
[2025.05.26-17.41.55:482][543]LogModuleManager: Shutting down and abandoning module DerivedDataCache (206)
[2025.05.26-17.41.55:482][543]LogModuleManager: Shutting down and abandoning module TargetPlatform (204)
[2025.05.26-17.41.55:482][543]LogModuleManager: Shutting down and abandoning module VulkanShaderFormat (203)
[2025.05.26-17.41.55:482][543]LogModuleManager: Shutting down and abandoning module ShaderFormatVectorVM (201)
[2025.05.26-17.41.55:482][543]LogModuleManager: Shutting down and abandoning module ShaderFormatOpenGL (199)
[2025.05.26-17.41.55:482][543]LogModuleManager: Shutting down and abandoning module ShaderFormatD3D (197)
[2025.05.26-17.41.55:482][543]LogModuleManager: Shutting down and abandoning module MetalShaderFormat (195)
[2025.05.26-17.41.55:482][543]LogModuleManager: Shutting down and abandoning module TextureFormatOodle (193)
[2025.05.26-17.41.55:482][543]LogModuleManager: Shutting down and abandoning module TextureFormatUncompressed (191)
[2025.05.26-17.41.55:482][543]LogModuleManager: Shutting down and abandoning module TextureFormatPVR (189)
[2025.05.26-17.41.55:482][543]LogModuleManager: Shutting down and abandoning module TextureFormatETC2 (187)
[2025.05.26-17.41.55:482][543]LogModuleManager: Shutting down and abandoning module TextureFormatDXT (185)
[2025.05.26-17.41.55:482][543]LogModuleManager: Shutting down and abandoning module TextureFormatIntelISPCTexComp (183)
[2025.05.26-17.41.55:482][543]LogModuleManager: Shutting down and abandoning module TextureFormatASTC (181)
[2025.05.26-17.41.55:482][543]LogModuleManager: Shutting down and abandoning module ImageWrapper (180)
[2025.05.26-17.41.55:482][543]LogModuleManager: Shutting down and abandoning module AudioFormatOpus (177)
[2025.05.26-17.41.55:482][543]LogModuleManager: Shutting down and abandoning module AudioFormatOgg (175)
[2025.05.26-17.41.55:482][543]LogModuleManager: Shutting down and abandoning module AudioFormatADPCM (173)
[2025.05.26-17.41.55:482][543]LogModuleManager: Shutting down and abandoning module WindowsServerTargetPlatform (171)
[2025.05.26-17.41.55:482][543]LogModuleManager: Shutting down and abandoning module WindowsClientTargetPlatform (169)
[2025.05.26-17.41.55:482][543]LogModuleManager: Shutting down and abandoning module WindowsTargetPlatform (167)
[2025.05.26-17.41.55:482][543]LogModuleManager: Shutting down and abandoning module WindowsNoEditorTargetPlatform (165)
[2025.05.26-17.41.55:482][543]LogModuleManager: Shutting down and abandoning module TVOSTargetPlatform (163)
[2025.05.26-17.41.55:484][543]LogModuleManager: Shutting down and abandoning module MacServerTargetPlatform (161)
[2025.05.26-17.41.55:484][543]LogModuleManager: Shutting down and abandoning module MacClientTargetPlatform (159)
[2025.05.26-17.41.55:484][543]LogModuleManager: Shutting down and abandoning module MacTargetPlatform (157)
[2025.05.26-17.41.55:484][543]LogModuleManager: Shutting down and abandoning module MacNoEditorTargetPlatform (155)
[2025.05.26-17.41.55:484][543]LogModuleManager: Shutting down and abandoning module LuminTargetPlatform (153)
[2025.05.26-17.41.55:484][543]LogModuleManager: Shutting down and abandoning module LinuxAArch64ServerTargetPlatform (151)
[2025.05.26-17.41.55:484][543]LogModuleManager: Shutting down and abandoning module LinuxAArch64ClientTargetPlatform (149)
[2025.05.26-17.41.55:484][543]LogModuleManager: Shutting down and abandoning module LinuxAArch64NoEditorTargetPlatform (147)
[2025.05.26-17.41.55:484][543]LogModuleManager: Shutting down and abandoning module LinuxServerTargetPlatform (145)
[2025.05.26-17.41.55:484][543]LogModuleManager: Shutting down and abandoning module LinuxClientTargetPlatform (143)
[2025.05.26-17.41.55:484][543]LogModuleManager: Shutting down and abandoning module LinuxNoEditorTargetPlatform (141)
[2025.05.26-17.41.55:484][543]LogModuleManager: Shutting down and abandoning module LinuxTargetPlatform (139)
[2025.05.26-17.41.55:484][543]LogModuleManager: Shutting down and abandoning module Messaging (137)
[2025.05.26-17.41.55:484][543]LogModuleManager: Shutting down and abandoning module IOSTargetPlatform (135)
[2025.05.26-17.41.55:485][543]LogModuleManager: Shutting down and abandoning module AndroidTargetPlatform (133)
[2025.05.26-17.41.55:487][543]LogModuleManager: Shutting down and abandoning module AllDesktopTargetPlatform (131)
[2025.05.26-17.41.55:487][543]LogModuleManager: Shutting down and abandoning module D3D11RHI (128)
[2025.05.26-17.41.55:487][543]LogModuleManager: Shutting down and abandoning module InputCore (126)
[2025.05.26-17.41.55:487][543]LogModuleManager: Shutting down and abandoning module Settings (124)
[2025.05.26-17.41.55:487][543]LogModuleManager: Shutting down and abandoning module DirectoryWatcher (122)
[2025.05.26-17.41.55:488][543]LogModuleManager: Shutting down and abandoning module PhysXCooking (120)
[2025.05.26-17.41.55:488][543]LogModuleManager: Shutting down and abandoning module Chaos (118)
[2025.05.26-17.41.55:488][543]LogModuleManager: Shutting down and abandoning module WindowsPlatformFeatures (116)
[2025.05.26-17.41.55:488][543]LogModuleManager: Shutting down and abandoning module GameplayMediaEncoder (115)
[2025.05.26-17.41.55:488][543]LogModuleManager: Shutting down and abandoning module AVEncoder (114)
[2025.05.26-17.41.55:488][543]LogModuleManager: Shutting down and abandoning module OculusOpenXRHMD (110)
[2025.05.26-17.41.55:488][543]LogModuleManager: Shutting down and abandoning module OpenXRHandTracking (108)
[2025.05.26-17.41.55:488][543]LogSlate: Slate User Destroyed.  User Index 0, Is Virtual User: 0
[2025.05.26-17.41.55:488][543]LogSlate: Slate User Destroyed.  User Index 8, Is Virtual User: 1
[2025.05.26-17.41.55:488][543]LogModuleManager: Shutting down and abandoning module OpenXREyeTracker (106)
[2025.05.26-17.41.55:488][543]LogModuleManager: Shutting down and abandoning module OpenXRAR (104)
[2025.05.26-17.41.55:488][543]LogModuleManager: Shutting down and abandoning module AugmentedReality (103)
[2025.05.26-17.41.55:488][543]LogModuleManager: Shutting down and abandoning module OpenXRHMD (100)
[2025.05.26-17.41.55:488][543]LogModuleManager: Shutting down and abandoning module LauncherChunkInstaller (98)
[2025.05.26-17.41.55:488][543]LogModuleManager: Shutting down and abandoning module ExampleDeviceProfileSelector (96)
[2025.05.26-17.41.55:488][543]LogModuleManager: Shutting down and abandoning module ChunkDownloader (94)
[2025.05.26-17.41.55:488][543]LogModuleManager: Shutting down and abandoning module OnlineBlueprintSupport (92)
[2025.05.26-17.41.55:488][543]LogModuleManager: Shutting down and abandoning module OnlineSubsystem (88)
[2025.05.26-17.41.55:489][543]LogModuleManager: Shutting down and abandoning module XMPP (83)
[2025.05.26-17.41.55:489][543]LogModuleManager: Shutting down and abandoning module WebSockets (82)
[2025.05.26-17.41.55:519][543]LogModuleManager: Shutting down and abandoning module HTTP (79)
[2025.05.26-17.41.55:519][543]LogHttp: Display: Http module shutting down, but needs to wait on 1 outstanding Http requests:
[2025.05.26-17.41.55:519][543]LogHttp: Display: 	verb=[POST] url=[https://datarouter.ol.epicgames.com/datarouter/api/v1/public/data?SessionID=%7BC312A462-452F-CBF9-F2C4-11AC96579D51%7D&AppID=UEEditor.Rocket.Release&AppVersion=4.27.2-18319896%2B%2B%2BUE4%2BRelease-4.27&UserID=8f81e17f46360d0d130dba9b6452456c%7C047f60e4029c4fa180fd4031df82706c%7C82fea602-2be7-42e1-a651-dfe5ff9bb82e&AppEnvironment=datacollector-binary&UploadType=eteventstream] refs=[1] status=Processing
[2025.05.26-17.41.55:519][543]LogHttp: Display: cleaning up 1 outstanding Http requests.
[2025.05.26-17.41.55:527][543]LogModuleManager: Shutting down and abandoning module SSL (78)
[2025.05.26-17.41.55:527][543]LogModuleManager: Shutting down and abandoning module MLSDK (74)
[2025.05.26-17.41.55:527][543]LogModuleManager: Shutting down and abandoning module MagicLeap (72)
[2025.05.26-17.41.55:527][543]LogModuleManager: Shutting down and abandoning module WmfMedia (70)
[2025.05.26-17.41.55:528][543]LogModuleManager: Shutting down and abandoning module Media (69)
[2025.05.26-17.41.55:529][543]LogModuleManager: Shutting down and abandoning module MediaInfo (68)
[2025.05.26-17.41.55:529][543]LogModuleManager: Shutting down and abandoning module ExrReaderGpu (64)
[2025.05.26-17.41.55:530][543]LogModuleManager: Shutting down and abandoning module NiagaraVertexFactories (62)
[2025.05.26-17.41.55:530][543]LogModuleManager: Shutting down and abandoning module NiagaraShader (60)
[2025.05.26-17.41.55:530][543]LogModuleManager: Shutting down and abandoning module ChaosCloth (58)
[2025.05.26-17.41.55:530][543]LogModuleManager: Shutting down and abandoning module VariantManagerContent (56)
[2025.05.26-17.41.55:530][543]LogModuleManager: Shutting down and abandoning module DatasmithContent (54)
[2025.05.26-17.41.55:531][543]LogModuleManager: Shutting down and abandoning module PixWinPlugin (52)
[2025.05.26-17.41.55:531][543]LogModuleManager: Shutting down and abandoning module AISupportModule (50)
[2025.05.26-17.41.55:531][543]LogModuleManager: Shutting down and abandoning module DesktopPlatform (48)
[2025.05.26-17.41.55:531][543]LogModuleManager: Shutting down and abandoning module PythonScriptPluginPreload (46)
[2025.05.26-17.41.55:531][543]LogModuleManager: Shutting down and abandoning module PlatformCryptoOpenSSL (44)
[2025.05.26-17.41.55:531][543]LogModuleManager: Shutting down and abandoning module PlatformCryptoTypes (42)
[2025.05.26-17.41.55:531][543]LogModuleManager: Shutting down and abandoning module PlatformCrypto (40)
[2025.05.26-17.41.55:531][543]LogModuleManager: Shutting down and abandoning module OodleDataCompressionFormat (38)
[2025.05.26-17.41.55:531][543]LogModuleManager: Shutting down and abandoning module XGEController (36)
[2025.05.26-17.41.55:531][543]LogModuleManager: Shutting down and abandoning module AnimationModifiers (34)
[2025.05.26-17.41.55:531][543]LogModuleManager: Shutting down and abandoning module AudioEditor (32)
[2025.05.26-17.41.55:531][543]LogModuleManager: Shutting down and abandoning module PropertyEditor (31)
[2025.05.26-17.41.55:531][543]LogModuleManager: Shutting down and abandoning module TextureCompressor (28)
[2025.05.26-17.41.55:531][543]LogModuleManager: Shutting down and abandoning module RenderCore (26)
[2025.05.26-17.41.55:531][543]LogModuleManager: Shutting down and abandoning module Landscape (24)
[2025.05.26-17.41.55:531][543]LogModuleManager: Shutting down and abandoning module SlateRHIRenderer (22)
[2025.05.26-17.41.55:533][543]LogModuleManager: Shutting down and abandoning module AnimGraphRuntime (20)
[2025.05.26-17.41.55:534][543]LogModuleManager: Shutting down and abandoning module Renderer (18)
[2025.05.26-17.41.55:534][543]LogModuleManager: Shutting down and abandoning module Engine (16)
[2025.05.26-17.41.55:534][543]LogModuleManager: Shutting down and abandoning module CoreUObject (14)
[2025.05.26-17.41.55:534][543]LogModuleManager: Shutting down and abandoning module NetworkFile (12)
[2025.05.26-17.41.55:534][543]LogModuleManager: Shutting down and abandoning module CookedIterativeFile (10)
[2025.05.26-17.41.55:534][543]LogModuleManager: Shutting down and abandoning module StreamingFile (8)
[2025.05.26-17.41.55:534][543]LogModuleManager: Shutting down and abandoning module SandboxFile (6)
[2025.05.26-17.41.55:534][543]LogModuleManager: Shutting down and abandoning module PakFile (4)
[2025.05.26-17.41.55:534][543]LogModuleManager: Shutting down and abandoning module RSA (3)
[2025.05.26-17.41.55:534][543]LogContentStreaming: Display: There are 1 unreleased StreamingManagers
[2025.05.26-17.41.55:551][543]LogD3D11RHI: Shutdown
[2025.05.26-17.41.55:551][543]LogD3D11RHI: CleanupD3DDevice
[2025.05.26-17.41.55:553][543]LogExit: Exiting.
[2025.05.26-17.41.55:557][543]Log file closed, 05/26/25 20:41:55
