Log file open, 04/10/25 21:08:08
LogWindows: Failed to load 'aqProf.dll' (GetLastError=126)
LogWindows: File 'aqProf.dll' does not exist
LogWindows: Failed to load 'VtuneApi.dll' (GetLastError=126)
LogWindows: File 'VtuneApi.dll' does not exist
LogWindows: Failed to load 'VtuneApi32e.dll' (GetLastError=126)
LogWindows: File 'VtuneApi32e.dll' does not exist
LogConsoleResponse: Display: Failed to find resolution value strings in scalability ini. Falling back to default.
LogConsoleResponse: Display: Failed to find resolution value strings in scalability ini. Falling back to default.
LogInit: Display: Running engine for game: MyProject
LogPlatformFile: Not using cached read wrapper
LogTaskGraph: Started task graph with 5 named threads and 35 total threads with 3 sets of task threads.
LogStats: Stats thread started at 0.235947
LogICUInternationalization: ICU TimeZone Detection - Raw Offset: +3:00, Platform Override: ''
LogInit: Display: Loading text-based GConfig....
LogPluginManager: Mounting plugin MeshPainting
LogPluginManager: Mounting plugin XGEController
LogPluginManager: Mounting plugin Paper2D
LogPluginManager: Mounting plugin EnvironmentQueryEditor
LogPluginManager: Mounting plugin AISupport
LogPluginManager: Mounting plugin LightPropagationVolume
LogPluginManager: Mounting plugin LiveLink
LogPluginManager: Mounting plugin CameraShakePreviewer
LogPluginManager: Mounting plugin CodeLiteSourceCodeAccess
LogPluginManager: Mounting plugin CLionSourceCodeAccess
LogPluginManager: Mounting plugin KDevelopSourceCodeAccess
LogPluginManager: Mounting plugin GitSourceControl
LogPluginManager: Mounting plugin NullSourceCodeAccess
LogPluginManager: Mounting plugin PerforceSourceControl
LogPluginManager: Mounting plugin PixWinPlugin
LogPluginManager: Mounting plugin PlasticSourceControl
LogPluginManager: Mounting plugin PluginUtils
LogPluginManager: Mounting plugin PropertyAccessNode
LogPluginManager: Mounting plugin RiderSourceCodeAccess
LogPluginManager: Mounting plugin SubversionSourceControl
LogPluginManager: Mounting plugin TextureFormatOodle
LogPluginManager: Mounting plugin UObjectPlugin
LogPluginManager: Mounting plugin VisualStudioSourceCodeAccess
LogPluginManager: Mounting plugin XCodeSourceCodeAccess
LogPluginManager: Mounting plugin VisualStudioCodeSourceCodeAccess
LogPluginManager: Mounting plugin OodleData
LogPluginManager: Mounting plugin OodleNetwork
LogPluginManager: Mounting plugin AnimationSharing
LogPluginManager: Mounting plugin DatasmithContent
LogPluginManager: Mounting plugin AssetManagerEditor
LogPluginManager: Mounting plugin CryptoKeys
LogPluginManager: Mounting plugin CurveEditorTools
LogPluginManager: Mounting plugin VariantManagerContent
LogPluginManager: Mounting plugin DataValidation
LogPluginManager: Mounting plugin FacialAnimation
LogPluginManager: Mounting plugin GameplayTagsEditor
LogPluginManager: Mounting plugin GeometryMode
LogPluginManager: Mounting plugin MacGraphicsSwitching
LogPluginManager: Mounting plugin MaterialAnalyzer
LogPluginManager: Mounting plugin MobileLauncherProfileWizard
LogPluginManager: Mounting plugin PluginBrowser
LogPluginManager: Mounting plugin SpeedTreeImporter
LogPluginManager: Mounting plugin MagicLeap
LogPluginManager: Mounting plugin LuminPlatformFeatures
LogPluginManager: Mounting plugin MagicLeapLightEstimation
LogPluginManager: Mounting plugin MagicLeapMedia
LogPluginManager: Mounting plugin TcpMessaging
LogPluginManager: Mounting plugin UdpMessaging
LogPluginManager: Mounting plugin MagicLeapPassableWorld
LogPluginManager: Mounting plugin MLSDK
LogPluginManager: Mounting plugin Niagara
LogPluginManager: Mounting plugin AlembicImporter
LogPluginManager: Mounting plugin AutomationUtils
LogPluginManager: Mounting plugin BackChannel
LogPluginManager: Mounting plugin ChaosCloth
LogPluginManager: Mounting plugin ChaosClothEditor
LogPluginManager: Mounting plugin ChaosNiagara
LogPluginManager: Mounting plugin ChaosEditor
LogPluginManager: Mounting plugin ChaosSolverPlugin
LogPluginManager: Mounting plugin CharacterAI
LogPluginManager: Mounting plugin AndroidMedia
LogPluginManager: Mounting plugin AvfMedia
LogPluginManager: Mounting plugin ImgMedia
LogPluginManager: Mounting plugin MediaCompositing
LogPluginManager: Mounting plugin MediaPlayerEditor
LogPluginManager: Mounting plugin WebMMedia
LogPluginManager: Mounting plugin WmfMedia
LogPluginManager: Mounting plugin OnlineSubsystem
LogPluginManager: Mounting plugin OnlineSubsystemNull
LogPluginManager: Mounting plugin OnlineSubsystemUtils
LogPluginManager: Mounting plugin GeometryCache
LogPluginManager: Mounting plugin GeometryCollectionPlugin
LogPluginManager: Mounting plugin GeometryProcessing
LogPluginManager: Mounting plugin LauncherChunkInstaller
LogPluginManager: Mounting plugin MotoSynth
LogPluginManager: Mounting plugin OpenImageDenoise
LogPluginManager: Mounting plugin PlanarCut
LogPluginManager: Mounting plugin PlatformCrypto
LogPluginManager: Mounting plugin ProxyLODPlugin
LogPluginManager: Mounting plugin PythonScriptPlugin
LogPluginManager: Mounting plugin LevelSequenceEditor
LogPluginManager: Mounting plugin ActorSequence
LogPluginManager: Mounting plugin MatineeToLevelSequence
LogPluginManager: Mounting plugin SkeletalReduction
LogPluginManager: Mounting plugin TemplateSequence
LogPluginManager: Mounting plugin ActorLayerUtilities
LogPluginManager: Mounting plugin AndroidDeviceProfileSelector
LogPluginManager: Mounting plugin AndroidMoviePlayer
LogPluginManager: Mounting plugin AndroidPermission
LogPluginManager: Mounting plugin AppleImageUtils
LogPluginManager: Mounting plugin AppleMoviePlayer
LogPluginManager: Mounting plugin ArchVisCharacter
LogPluginManager: Mounting plugin AssetTags
LogPluginManager: Mounting plugin AudioCapture
LogPluginManager: Mounting plugin AudioSynesthesia
LogPluginManager: Mounting plugin CableComponent
LogPluginManager: Mounting plugin ChunkDownloader
LogPluginManager: Mounting plugin CustomMeshComponent
LogPluginManager: Mounting plugin EditableMesh
LogPluginManager: Mounting plugin ExampleDeviceProfileSelector
LogPluginManager: Mounting plugin GoogleCloudMessaging
LogPluginManager: Mounting plugin GooglePAD
LogPluginManager: Mounting plugin IOSDeviceProfileSelector
LogPluginManager: Mounting plugin LinuxDeviceProfileSelector
LogPluginManager: Mounting plugin LocationServicesBPLibrary
LogPluginManager: Mounting plugin ScreenshotTools
LogPluginManager: Mounting plugin MobilePatchingUtils
LogPluginManager: Mounting plugin OpenXR
LogPluginManager: Mounting plugin OpenXREyeTracker
LogPluginManager: Mounting plugin OpenXRHandTracking
LogPluginManager: Mounting plugin PropertyAccessEditor
LogPluginManager: Mounting plugin PhysXVehicles
LogPluginManager: Mounting plugin PostSplashScreen
LogPluginManager: Mounting plugin ProceduralMeshComponent
LogPluginManager: Mounting plugin ResonanceAudio
LogPluginManager: Mounting plugin SignificanceManager
LogPluginManager: Mounting plugin RuntimePhysXCooking
LogPluginManager: Mounting plugin SoundFields
LogPluginManager: Mounting plugin Synthesis
LogPluginManager: Mounting plugin WebMMoviePlayer
LogPluginManager: Mounting plugin Takes
LogPluginManager: Mounting plugin GameplayCameras
LogPluginManager: Mounting plugin WindowsMoviePlayer
LogPluginManager: Mounting plugin ContentBrowserAssetDataSource
LogPluginManager: Mounting plugin ContentBrowserFileDataSource
LogPluginManager: Mounting plugin ContentBrowserClassDataSource
LogPluginManager: Mounting plugin OnlineSubsystemIOS
LogPluginManager: Mounting plugin OnlineSubsystemGooglePlay
LogPluginManager: Mounting plugin OculusOpenXR
PixWinPlugin: PIX capture plugin failed to initialize! Check that the process is launched from PIX.
LogInit: Using libcurl 7.55.1-DEV
LogInit:  - built for x86_64-pc-win32
LogInit:  - supports SSL with OpenSSL/1.1.1
LogInit:  - supports HTTP deflate (compression) using libz 1.2.8
LogInit:  - other features:
LogInit:      CURL_VERSION_SSL
LogInit:      CURL_VERSION_LIBZ
LogInit:      CURL_VERSION_IPV6
LogInit:      CURL_VERSION_ASYNCHDNS
LogInit:      CURL_VERSION_LARGEFILE
LogInit:      CURL_VERSION_IDN
LogInit:  CurlRequestOptions (configurable via config and command line):
LogInit:  - bVerifyPeer = true  - Libcurl will verify peer certificate
LogInit:  - bUseHttpProxy = false  - Libcurl will NOT use HTTP proxy
LogInit:  - bDontReuseConnections = false  - Libcurl will reuse connections
LogInit:  - MaxHostConnections = 16  - Libcurl will limit the number of connections to a host
LogInit:  - LocalHostAddr = Default
LogInit:  - BufferSize = 65536
LogOnline: OSS: Creating online subsystem instance for: NULL
LogInit: WinSock: version 1.1 (2.2), MaxSocks=32767, MaxUdp=65467
LogOnline: OSS: TryLoadSubsystemAndSetDefault: Loaded subsystem for module [NULL]
LogInit: Build: ++UE4+Release-4.27-CL-18319896
LogInit: Engine Version: 4.27.2-18319896+++UE4+Release-4.27
LogInit: Compatible Engine Version: 4.27.0-17155196+++UE4+Release-4.27
LogInit: Net CL: 17155196
LogInit: OS: Windows 10 (Release 2009) (), CPU: 11th Gen Intel(R) Core(TM) i5-11400H @ 2.70GHz, GPU: Intel(R) UHD Graphics
LogInit: Compiled (64-bit): Nov 30 2021 07:12:08
LogInit: Compiled with Visual C++: 19.24.28315.00
LogInit: Build Configuration: Development
LogInit: Branch Name: ++UE4+Release-4.27
LogInit: Command Line: 
LogInit: Base Directory: C:/Program Files/Epic Games/UE_4.27/Engine/Binaries/Win64/
LogInit: Allocator: TBB
LogInit: Installed Engine Build: 1
LogDevObjectVersion: Number of dev versions registered: 29
LogDevObjectVersion:   Dev-Blueprints (B0D832E4-1F89-4F0D-ACCF-7EB736FD4AA2): 10
LogDevObjectVersion:   Dev-Build (E1C64328-A22C-4D53-A36C-8E866417BD8C): 0
LogDevObjectVersion:   Dev-Core (375EC13C-06E4-48FB-B500-84F0262A717E): 4
LogDevObjectVersion:   Dev-Editor (E4B068ED-F494-42E9-A231-DA0B2E46BB41): 40
LogDevObjectVersion:   Dev-Framework (CFFC743F-43B0-4480-9391-14DF171D2073): 37
LogDevObjectVersion:   Dev-Mobile (B02B49B5-BB20-44E9-A304-32B752E40360): 3
LogDevObjectVersion:   Dev-Networking (A4E4105C-59A1-49B5-A7C5-40C4547EDFEE): 0
LogDevObjectVersion:   Dev-Online (39C831C9-5AE6-47DC-9A44-9C173E1C8E7C): 0
LogDevObjectVersion:   Dev-Physics (78F01B33-EBEA-4F98-B9B4-84EACCB95AA2): 14
LogDevObjectVersion:   Dev-Platform (6631380F-2D4D-43E0-8009-CF276956A95A): 0
LogDevObjectVersion:   Dev-Rendering (12F88B9F-8875-4AFC-A67C-D90C383ABD29): 45
LogDevObjectVersion:   Dev-Sequencer (7B5AE74C-D270-4C10-A958-57980B212A5A): 13
LogDevObjectVersion:   Dev-VR (D7296918-1DD6-4BDD-9DE2-64A83CC13884): 3
LogDevObjectVersion:   Dev-LoadTimes (C2A15278-BFE7-4AFE-6C17-90FF531DF755): 1
LogDevObjectVersion:   Private-Geometry (6EACA3D4-40EC-4CC1-B786-8BED09428FC5): 3
LogDevObjectVersion:   Dev-AnimPhys (29E575DD-E0A3-4627-9D10-D276232CDCEA): 17
LogDevObjectVersion:   Dev-Anim (AF43A65D-7FD3-4947-9873-3E8ED9C1BB05): 15
LogDevObjectVersion:   Dev-ReflectionCapture (6B266CEC-1EC7-4B8F-A30B-E4D90942FC07): 1
LogDevObjectVersion:   Dev-Automation (0DF73D61-A23F-47EA-B727-89E90C41499A): 1
LogDevObjectVersion:   FortniteMain (601D1886-AC64-4F84-AA16-D3DE0DEAC7D6): 47
LogDevObjectVersion:   FortniteRelease (E7086368-6B23-4C58-8439-1B7016265E91): 1
LogDevObjectVersion:   Dev-Enterprise (9DFFBCD6-494F-0158-E221-12823C92A888): 10
LogDevObjectVersion:   Dev-Niagara (F2AED0AC-9AFE-416F-8664-AA7FFA26D6FC): 1
LogDevObjectVersion:   Dev-Destruction (174F1F0B-B4C6-45A5-B13F-2EE8D0FB917D): 10
LogDevObjectVersion:   Dev-Physics-Ext (35F94A83-E258-406C-A318-09F59610247C): 41
LogDevObjectVersion:   Dev-PhysicsMaterial-Chaos (B68FC16E-8B1B-42E2-B453-215C058844FE): 1
LogDevObjectVersion:   Dev-CineCamera (B2E18506-4273-CFC2-A54E-F4BB758BBA07): 1
LogDevObjectVersion:   Dev-VirtualProduction (64F58936-FD1B-42BA-BA96-7289D5D0FA4E): 1
LogDevObjectVersion:   Dev-MediaFramework (6F0ED827-A609-4895-9C91-998D90180EA4): 2
LogInit: Presizing for max 25165824 objects, including 0 objects not considered by GC, pre-allocating 0 bytes for permanent pool.
LogConfig: Applying CVar settings from Section [/Script/Engine.StreamingSettings] File [C:/Users/sasha/Documents/GitHub/unreal_project/Saved/Config/Windows/Engine.ini]
LogConfig: Setting CVar [[s.MinBulkDataSizeForAsyncLoading:131072]]
LogConfig: Setting CVar [[s.AsyncLoadingThreadEnabled:0]]
LogConfig: Setting CVar [[s.EventDrivenLoaderEnabled:1]]
LogConfig: Setting CVar [[s.WarnIfTimeLimitExceeded:0]]
LogConfig: Setting CVar [[s.TimeLimitExceededMultiplier:1.5]]
LogConfig: Setting CVar [[s.TimeLimitExceededMinTime:0.005]]
LogConfig: Setting CVar [[s.UseBackgroundLevelStreaming:1]]
LogConfig: Setting CVar [[s.PriorityAsyncLoadingExtraTime:15.0]]
LogConfig: Setting CVar [[s.LevelStreamingActorsUpdateTimeLimit:5.0]]
LogConfig: Setting CVar [[s.PriorityLevelStreamingActorsUpdateExtraTime:5.0]]
LogConfig: Setting CVar [[s.LevelStreamingComponentsRegistrationGranularity:10]]
LogConfig: Setting CVar [[s.UnregisterComponentsTimeLimit:1.0]]
LogConfig: Setting CVar [[s.LevelStreamingComponentsUnregistrationGranularity:5]]
LogConfig: Setting CVar [[s.FlushStreamingOnExit:1]]
LogInit: Object subsystem initialized
LogConfig: Setting CVar [[con.DebugEarlyDefault:1]]
LogConfig: Setting CVar [[r.setres:1280x720]]
[2025.04.10-18.08.08:650][  0]LogConfig: Setting CVar [[r.VSync:0]]
[2025.04.10-18.08.08:650][  0]LogConfig: Setting CVar [[r.RHICmdBypass:0]]
[2025.04.10-18.08.08:650][  0]LogConfig: Applying CVar settings from Section [/Script/Engine.RendererSettings] File [C:/Users/sasha/Documents/GitHub/unreal_project/Saved/Config/Windows/Engine.ini]
[2025.04.10-18.08.08:650][  0]LogConfig: Setting CVar [[r.GPUCrashDebugging:0]]
[2025.04.10-18.08.08:650][  0]LogConfig: Setting CVar [[r.Mobile.DisableVertexFog:1]]
[2025.04.10-18.08.08:650][  0]LogConfig: Setting CVar [[r.Shadow.CSM.MaxMobileCascades:2]]
[2025.04.10-18.08.08:650][  0]LogConfig: Setting CVar [[r.MobileMSAA:4]]
[2025.04.10-18.08.08:650][  0]LogConfig: Setting CVar [[r.Mobile.AllowDitheredLODTransition:0]]
[2025.04.10-18.08.08:650][  0]LogConfig: Setting CVar [[r.Mobile.AllowSoftwareOcclusion:0]]
[2025.04.10-18.08.08:650][  0]LogConfig: Setting CVar [[r.Mobile.VirtualTextures:0]]
[2025.04.10-18.08.08:650][  0]LogConfig: Setting CVar [[r.DiscardUnusedQuality:0]]
[2025.04.10-18.08.08:650][  0]LogConfig: Setting CVar [[r.AllowOcclusionQueries:1]]
[2025.04.10-18.08.08:650][  0]LogConfig: Setting CVar [[r.MinScreenRadiusForLights:0.030000]]
[2025.04.10-18.08.08:650][  0]LogConfig: Setting CVar [[r.MinScreenRadiusForDepthPrepass:0.030000]]
[2025.04.10-18.08.08:650][  0]LogConfig: Setting CVar [[r.MinScreenRadiusForCSMDepth:0.010000]]
[2025.04.10-18.08.08:650][  0]LogConfig: Setting CVar [[r.PrecomputedVisibilityWarning:0]]
[2025.04.10-18.08.08:650][  0]LogConfig: Setting CVar [[r.TextureStreaming:1]]
[2025.04.10-18.08.08:650][  0]LogConfig: Setting CVar [[Compat.UseDXT5NormalMaps:0]]
[2025.04.10-18.08.08:650][  0]LogConfig: Setting CVar [[r.VirtualTextures:0]]
[2025.04.10-18.08.08:650][  0]LogConfig: Setting CVar [[r.VirtualTexturedLightmaps:0]]
[2025.04.10-18.08.08:650][  0]LogConfig: Setting CVar [[r.VT.TileSize:128]]
[2025.04.10-18.08.08:650][  0]LogConfig: Setting CVar [[r.VT.TileBorderSize:4]]
[2025.04.10-18.08.08:650][  0]LogConfig: Setting CVar [[r.vt.FeedbackFactor:16]]
[2025.04.10-18.08.08:650][  0]LogConfig: Setting CVar [[r.VT.EnableCompressZlib:1]]
[2025.04.10-18.08.08:650][  0]LogConfig: Setting CVar [[r.VT.EnableCompressCrunch:0]]
[2025.04.10-18.08.08:650][  0]LogConfig: Setting CVar [[r.ClearCoatNormal:0]]
[2025.04.10-18.08.08:650][  0]LogConfig: Setting CVar [[r.ReflectionCaptureResolution:128]]
[2025.04.10-18.08.08:650][  0]LogConfig: Setting CVar [[r.Mobile.ReflectionCaptureCompression:0]]
[2025.04.10-18.08.08:650][  0]LogConfig: Setting CVar [[r.ReflectionEnvironmentLightmapMixBasedOnRoughness:1]]
[2025.04.10-18.08.08:650][  0]LogConfig: Setting CVar [[r.ForwardShading:1]]
[2025.04.10-18.08.08:650][  0]LogConfig: Setting CVar [[r.VertexFoggingForOpaque:1]]
[2025.04.10-18.08.08:650][  0]LogConfig: Setting CVar [[r.AllowStaticLighting:1]]
[2025.04.10-18.08.08:650][  0]LogConfig: Setting CVar [[r.NormalMapsForStaticLighting:0]]
[2025.04.10-18.08.08:650][  0]LogConfig: Setting CVar [[r.GenerateMeshDistanceFields:0]]
[2025.04.10-18.08.08:650][  0]LogConfig: Setting CVar [[r.DistanceFieldBuild.EightBit:0]]
[2025.04.10-18.08.08:650][  0]LogConfig: Setting CVar [[r.GenerateLandscapeGIData:0]]
[2025.04.10-18.08.08:650][  0]LogConfig: Setting CVar [[r.DistanceFieldBuild.Compress:0]]
[2025.04.10-18.08.08:650][  0]LogConfig: Setting CVar [[r.TessellationAdaptivePixelsPerTriangle:48.000000]]
[2025.04.10-18.08.08:650][  0]LogConfig: Setting CVar [[r.SeparateTranslucency:0]]
[2025.04.10-18.08.08:650][  0]LogConfig: Setting CVar [[r.TranslucentSortPolicy:0]]
[2025.04.10-18.08.08:650][  0]LogConfig: Setting CVar [[r.CustomDepth:1]]
[2025.04.10-18.08.08:650][  0]LogConfig: Setting CVar [[r.CustomDepthTemporalAAJitter:1]]
[2025.04.10-18.08.08:650][  0]LogConfig: Setting CVar [[r.PostProcessing.PropagateAlpha:0]]
[2025.04.10-18.08.08:650][  0]LogConfig: Setting CVar [[r.DefaultFeature.Bloom:0]]
[2025.04.10-18.08.08:650][  0]LogConfig: Setting CVar [[r.DefaultFeature.AmbientOcclusion:0]]
[2025.04.10-18.08.08:650][  0]LogConfig: Setting CVar [[r.DefaultFeature.AmbientOcclusionStaticFraction:1]]
[2025.04.10-18.08.08:650][  0]LogConfig: Setting CVar [[r.DefaultFeature.AutoExposure:0]]
[2025.04.10-18.08.08:650][  0]LogConfig: Setting CVar [[r.DefaultFeature.AutoExposure.Method:0]]
[2025.04.10-18.08.08:650][  0]LogConfig: Setting CVar [[r.DefaultFeature.AutoExposure.Bias:1.000000]]
[2025.04.10-18.08.08:650][  0]LogConfig: Setting CVar [[r.DefaultFeature.AutoExposure.ExtendDefaultLuminanceRange:1]]
[2025.04.10-18.08.08:650][  0]LogConfig: Setting CVar [[r.UsePreExposure:1]]
[2025.04.10-18.08.08:650][  0]LogConfig: Setting CVar [[r.EyeAdaptation.EditorOnly:0]]
[2025.04.10-18.08.08:650][  0]LogConfig: Setting CVar [[r.DefaultFeature.MotionBlur:0]]
[2025.04.10-18.08.08:650][  0]LogConfig: Setting CVar [[r.DefaultFeature.LensFlare:0]]
[2025.04.10-18.08.08:651][  0]LogConfig: Setting CVar [[r.TemporalAA.Upsampling:0]]
[2025.04.10-18.08.08:651][  0]LogConfig: Setting CVar [[r.SSGI.Enable:0]]
[2025.04.10-18.08.08:651][  0]LogConfig: Setting CVar [[r.DefaultFeature.AntiAliasing:3]]
[2025.04.10-18.08.08:651][  0]LogConfig: Setting CVar [[r.DefaultFeature.LightUnits:1]]
[2025.04.10-18.08.08:651][  0]LogConfig: Setting CVar [[r.DefaultBackBufferPixelFormat:4]]
[2025.04.10-18.08.08:651][  0]LogConfig: Setting CVar [[r.Shadow.UnbuiltPreviewInGame:1]]
[2025.04.10-18.08.08:651][  0]LogConfig: Setting CVar [[r.StencilForLODDither:0]]
[2025.04.10-18.08.08:651][  0]LogConfig: Setting CVar [[r.EarlyZPass:3]]
[2025.04.10-18.08.08:651][  0]LogConfig: Setting CVar [[r.EarlyZPassOnlyMaterialMasking:0]]
[2025.04.10-18.08.08:651][  0]LogConfig: Setting CVar [[r.DBuffer:1]]
[2025.04.10-18.08.08:651][  0]LogConfig: Setting CVar [[r.ClearSceneMethod:1]]
[2025.04.10-18.08.08:651][  0]LogConfig: Setting CVar [[r.BasePassOutputsVelocity:0]]
[2025.04.10-18.08.08:651][  0]LogConfig: Setting CVar [[r.VertexDeformationOutputsVelocity:0]]
[2025.04.10-18.08.08:651][  0]LogConfig: Setting CVar [[r.SelectiveBasePassOutputs:0]]
[2025.04.10-18.08.08:651][  0]LogConfig: Setting CVar [[fx.GPUSimulationTextureSizeX:1024]]
[2025.04.10-18.08.08:651][  0]LogConfig: Setting CVar [[fx.GPUSimulationTextureSizeY:1024]]
[2025.04.10-18.08.08:651][  0]LogConfig: Setting CVar [[r.AllowGlobalClipPlane:0]]
[2025.04.10-18.08.08:651][  0]LogConfig: Setting CVar [[r.GBufferFormat:1]]
[2025.04.10-18.08.08:651][  0]LogConfig: Setting CVar [[r.MorphTarget.Mode:1]]
[2025.04.10-18.08.08:651][  0]LogConfig: Setting CVar [[vr.InstancedStereo:1]]
[2025.04.10-18.08.08:651][  0]LogConfig: Setting CVar [[r.MobileHDR:0]]
[2025.04.10-18.08.08:651][  0]LogConfig: Setting CVar [[vr.MobileMultiView:1]]
[2025.04.10-18.08.08:651][  0]LogConfig: Setting CVar [[r.Mobile.UseHWsRGBEncoding:1]]
[2025.04.10-18.08.08:651][  0]LogConfig: Setting CVar [[vr.RoundRobinOcclusion:0]]
[2025.04.10-18.08.08:651][  0]LogConfig: Setting CVar [[vr.ODSCapture:0]]
[2025.04.10-18.08.08:651][  0]LogConfig: Setting CVar [[r.MeshStreaming:0]]
[2025.04.10-18.08.08:651][  0]LogConfig: Setting CVar [[r.WireframeCullThreshold:5.000000]]
[2025.04.10-18.08.08:651][  0]LogConfig: Setting CVar [[r.RayTracing:0]]
[2025.04.10-18.08.08:651][  0]LogConfig: Setting CVar [[r.RayTracing.UseTextureLod:0]]
[2025.04.10-18.08.08:651][  0]LogConfig: Setting CVar [[r.SupportStationarySkylight:1]]
[2025.04.10-18.08.08:651][  0]LogConfig: Setting CVar [[r.SupportLowQualityLightmaps:1]]
[2025.04.10-18.08.08:651][  0]LogConfig: Setting CVar [[r.SupportPointLightWholeSceneShadows:1]]
[2025.04.10-18.08.08:651][  0]LogConfig: Setting CVar [[r.SupportAtmosphericFog:1]]
[2025.04.10-18.08.08:651][  0]LogConfig: Setting CVar [[r.SupportSkyAtmosphere:1]]
[2025.04.10-18.08.08:651][  0]LogConfig: Setting CVar [[r.SupportSkyAtmosphereAffectsHeightFog:0]]
[2025.04.10-18.08.08:651][  0]LogConfig: Setting CVar [[r.SkinCache.CompileShaders:0]]
[2025.04.10-18.08.08:651][  0]LogConfig: Setting CVar [[r.SkinCache.DefaultBehavior:1]]
[2025.04.10-18.08.08:651][  0]LogConfig: Setting CVar [[r.SkinCache.SceneMemoryLimitInMB:128.000000]]
[2025.04.10-18.08.08:651][  0]LogConfig: Setting CVar [[r.Mobile.EnableStaticAndCSMShadowReceivers:1]]
[2025.04.10-18.08.08:651][  0]LogConfig: Setting CVar [[r.Mobile.EnableMovableLightCSMShaderCulling:1]]
[2025.04.10-18.08.08:651][  0]LogConfig: Setting CVar [[r.Mobile.AllowDistanceFieldShadows:1]]
[2025.04.10-18.08.08:651][  0]LogConfig: Setting CVar [[r.Mobile.AllowMovableDirectionalLights:1]]
[2025.04.10-18.08.08:651][  0]LogConfig: Setting CVar [[r.MobileNumDynamicPointLights:4]]
[2025.04.10-18.08.08:651][  0]LogConfig: Setting CVar [[r.MobileDynamicPointLightsUseStaticBranch:1]]
[2025.04.10-18.08.08:651][  0]LogConfig: Setting CVar [[r.Mobile.EnableMovableSpotlights:0]]
[2025.04.10-18.08.08:651][  0]LogConfig: Setting CVar [[r.Mobile.EnableMovableSpotlightsShadow:0]]
[2025.04.10-18.08.08:651][  0]LogConfig: Setting CVar [[r.GPUSkin.Support16BitBoneIndex:0]]
[2025.04.10-18.08.08:651][  0]LogConfig: Setting CVar [[r.GPUSkin.Limit2BoneInfluences:0]]
[2025.04.10-18.08.08:651][  0]LogConfig: Setting CVar [[r.SupportDepthOnlyIndexBuffers:1]]
[2025.04.10-18.08.08:651][  0]LogConfig: Setting CVar [[r.SupportReversedIndexBuffers:1]]
[2025.04.10-18.08.08:651][  0]LogConfig: Setting CVar [[r.LightPropagationVolume:0]]
[2025.04.10-18.08.08:651][  0]LogConfig: Setting CVar [[r.Mobile.AmbientOcclusion:0]]
[2025.04.10-18.08.08:651][  0]LogConfig: Setting CVar [[r.GPUSkin.UnlimitedBoneInfluences:0]]
[2025.04.10-18.08.08:651][  0]LogConfig: Setting CVar [[r.GPUSkin.UnlimitedBoneInfluencesThreshold:8]]
[2025.04.10-18.08.08:651][  0]LogConfig: Setting CVar [[r.Mobile.PlanarReflectionMode:0]]
[2025.04.10-18.08.08:651][  0]LogConfig: Setting CVar [[r.Mobile.SupportGPUScene:1]]
[2025.04.10-18.08.08:651][  0]LogConfig: Applying CVar settings from Section [/Script/Engine.RendererOverrideSettings] File [C:/Users/sasha/Documents/GitHub/unreal_project/Saved/Config/Windows/Engine.ini]
[2025.04.10-18.08.08:651][  0]LogConfig: Applying CVar settings from Section [/Script/Engine.StreamingSettings] File [C:/Users/sasha/Documents/GitHub/unreal_project/Saved/Config/Windows/Engine.ini]
[2025.04.10-18.08.08:651][  0]LogConfig: Setting CVar [[s.MinBulkDataSizeForAsyncLoading:131072]]
[2025.04.10-18.08.08:651][  0]LogConfig: Setting CVar [[s.AsyncLoadingThreadEnabled:0]]
[2025.04.10-18.08.08:652][  0]LogConfig: Setting CVar [[s.EventDrivenLoaderEnabled:1]]
[2025.04.10-18.08.08:652][  0]LogConfig: Setting CVar [[s.WarnIfTimeLimitExceeded:0]]
[2025.04.10-18.08.08:652][  0]LogConfig: Setting CVar [[s.TimeLimitExceededMultiplier:1.5]]
[2025.04.10-18.08.08:652][  0]LogConfig: Setting CVar [[s.TimeLimitExceededMinTime:0.005]]
[2025.04.10-18.08.08:652][  0]LogConfig: Setting CVar [[s.UseBackgroundLevelStreaming:1]]
[2025.04.10-18.08.08:652][  0]LogConfig: Setting CVar [[s.PriorityAsyncLoadingExtraTime:15.0]]
[2025.04.10-18.08.08:652][  0]LogConfig: Setting CVar [[s.LevelStreamingActorsUpdateTimeLimit:5.0]]
[2025.04.10-18.08.08:652][  0]LogConfig: Setting CVar [[s.PriorityLevelStreamingActorsUpdateExtraTime:5.0]]
[2025.04.10-18.08.08:652][  0]LogConfig: Setting CVar [[s.LevelStreamingComponentsRegistrationGranularity:10]]
[2025.04.10-18.08.08:652][  0]LogConfig: Setting CVar [[s.UnregisterComponentsTimeLimit:1.0]]
[2025.04.10-18.08.08:652][  0]LogConfig: Setting CVar [[s.LevelStreamingComponentsUnregistrationGranularity:5]]
[2025.04.10-18.08.08:652][  0]LogConfig: Setting CVar [[s.FlushStreamingOnExit:1]]
[2025.04.10-18.08.08:652][  0]LogConfig: Applying CVar settings from Section [/Script/Engine.GarbageCollectionSettings] File [C:/Users/sasha/Documents/GitHub/unreal_project/Saved/Config/Windows/Engine.ini]
[2025.04.10-18.08.08:652][  0]LogConfig: Setting CVar [[gc.MaxObjectsNotConsideredByGC:1]]
[2025.04.10-18.08.08:652][  0]LogConfig: Setting CVar [[gc.SizeOfPermanentObjectPool:0]]
[2025.04.10-18.08.08:652][  0]LogConfig: Setting CVar [[gc.FlushStreamingOnGC:0]]
[2025.04.10-18.08.08:652][  0]LogConfig: Setting CVar [[gc.NumRetriesBeforeForcingGC:10]]
[2025.04.10-18.08.08:652][  0]LogConfig: Setting CVar [[gc.AllowParallelGC:1]]
[2025.04.10-18.08.08:652][  0]LogConfig: Setting CVar [[gc.TimeBetweenPurgingPendingKillObjects:61.1]]
[2025.04.10-18.08.08:652][  0]LogConfig: Setting CVar [[gc.MaxObjectsInEditor:25165824]]
[2025.04.10-18.08.08:652][  0]LogConfig: Setting CVar [[gc.IncrementalBeginDestroyEnabled:1]]
[2025.04.10-18.08.08:652][  0]LogConfig: Setting CVar [[gc.CreateGCClusters:1]]
[2025.04.10-18.08.08:652][  0]LogConfig: Setting CVar [[gc.MinGCClusterSize:5]]
[2025.04.10-18.08.08:652][  0]LogConfig: Setting CVar [[gc.ActorClusteringEnabled:0]]
[2025.04.10-18.08.08:652][  0]LogConfig: Setting CVar [[gc.BlueprintClusteringEnabled:0]]
[2025.04.10-18.08.08:652][  0]LogConfig: Setting CVar [[gc.UseDisregardForGCOnDedicatedServers:0]]
[2025.04.10-18.08.08:652][  0]LogConfig: Setting CVar [[gc.MultithreadedDestructionEnabled:1]]
[2025.04.10-18.08.08:652][  0]LogConfig: Applying CVar settings from Section [/Script/Engine.NetworkSettings] File [C:/Users/sasha/Documents/GitHub/unreal_project/Saved/Config/Windows/Engine.ini]
[2025.04.10-18.08.08:652][  0]LogConfig: Applying CVar settings from Section [/Script/UnrealEd.CookerSettings] File [C:/Users/sasha/Documents/GitHub/unreal_project/Saved/Config/Windows/Engine.ini]
[2025.04.10-18.08.08:685][  0]LogConfig: Applying CVar settings from Section [ViewDistanceQuality@3] File [C:/Users/sasha/Documents/GitHub/unreal_project/Saved/Config/Windows/Scalability.ini]
[2025.04.10-18.08.08:685][  0]LogConfig: Setting CVar [[r.SkeletalMeshLODBias:0]]
[2025.04.10-18.08.08:685][  0]LogConfig: Setting CVar [[r.ViewDistanceScale:1.0]]
[2025.04.10-18.08.08:685][  0]LogConfig: Applying CVar settings from Section [AntiAliasingQuality@3] File [C:/Users/sasha/Documents/GitHub/unreal_project/Saved/Config/Windows/Scalability.ini]
[2025.04.10-18.08.08:685][  0]LogConfig: Setting CVar [[r.PostProcessAAQuality:4]]
[2025.04.10-18.08.08:685][  0]LogConfig: Applying CVar settings from Section [ShadowQuality@3] File [C:/Users/sasha/Documents/GitHub/unreal_project/Saved/Config/Windows/Scalability.ini]
[2025.04.10-18.08.08:685][  0]LogConfig: Setting CVar [[r.LightFunctionQuality:1]]
[2025.04.10-18.08.08:685][  0]LogConfig: Setting CVar [[r.ShadowQuality:5]]
[2025.04.10-18.08.08:685][  0]LogConfig: Setting CVar [[r.Shadow.CSM.MaxCascades:10]]
[2025.04.10-18.08.08:685][  0]LogConfig: Setting CVar [[r.Shadow.MaxResolution:2048]]
[2025.04.10-18.08.08:685][  0]LogConfig: Setting CVar [[r.Shadow.MaxCSMResolution:2048]]
[2025.04.10-18.08.08:685][  0]LogConfig: Setting CVar [[r.Shadow.RadiusThreshold:0.01]]
[2025.04.10-18.08.08:685][  0]LogConfig: Setting CVar [[r.Shadow.DistanceScale:1.0]]
[2025.04.10-18.08.08:685][  0]LogConfig: Setting CVar [[r.Shadow.CSM.TransitionScale:1.0]]
[2025.04.10-18.08.08:685][  0]LogConfig: Setting CVar [[r.Shadow.PreShadowResolutionFactor:1.0]]
[2025.04.10-18.08.08:685][  0]LogConfig: Setting CVar [[r.DistanceFieldShadowing:1]]
[2025.04.10-18.08.08:685][  0]LogConfig: Setting CVar [[r.DistanceFieldAO:1]]
[2025.04.10-18.08.08:685][  0]LogConfig: Setting CVar [[r.AOQuality:2]]
[2025.04.10-18.08.08:685][  0]LogConfig: Setting CVar [[r.VolumetricFog:1]]
[2025.04.10-18.08.08:685][  0]LogConfig: Setting CVar [[r.VolumetricFog.GridPixelSize:8]]
[2025.04.10-18.08.08:685][  0]LogConfig: Setting CVar [[r.VolumetricFog.GridSizeZ:128]]
[2025.04.10-18.08.08:685][  0]LogConfig: Setting CVar [[r.VolumetricFog.HistoryMissSupersampleCount:4]]
[2025.04.10-18.08.08:685][  0]LogConfig: Setting CVar [[r.LightMaxDrawDistanceScale:1]]
[2025.04.10-18.08.08:685][  0]LogConfig: Setting CVar [[r.CapsuleShadows:1]]
[2025.04.10-18.08.08:685][  0]LogConfig: Applying CVar settings from Section [PostProcessQuality@3] File [C:/Users/sasha/Documents/GitHub/unreal_project/Saved/Config/Windows/Scalability.ini]
[2025.04.10-18.08.08:685][  0]LogConfig: Setting CVar [[r.MotionBlurQuality:4]]
[2025.04.10-18.08.08:685][  0]LogConfig: Setting CVar [[r.AmbientOcclusionMipLevelFactor:0.4]]
[2025.04.10-18.08.08:685][  0]LogConfig: Setting CVar [[r.AmbientOcclusionMaxQuality:100]]
[2025.04.10-18.08.08:685][  0]LogConfig: Setting CVar [[r.AmbientOcclusionLevels:-1]]
[2025.04.10-18.08.08:685][  0]LogConfig: Setting CVar [[r.AmbientOcclusionRadiusScale:1.0]]
[2025.04.10-18.08.08:685][  0]LogConfig: Setting CVar [[r.DepthOfFieldQuality:2]]
[2025.04.10-18.08.08:685][  0]LogConfig: Setting CVar [[r.RenderTargetPoolMin:400]]
[2025.04.10-18.08.08:685][  0]LogConfig: Setting CVar [[r.LensFlareQuality:2]]
[2025.04.10-18.08.08:685][  0]LogConfig: Setting CVar [[r.SceneColorFringeQuality:1]]
[2025.04.10-18.08.08:685][  0]LogConfig: Setting CVar [[r.EyeAdaptationQuality:2]]
[2025.04.10-18.08.08:685][  0]LogConfig: Setting CVar [[r.BloomQuality:5]]
[2025.04.10-18.08.08:685][  0]LogConfig: Setting CVar [[r.FastBlurThreshold:100]]
[2025.04.10-18.08.08:685][  0]LogConfig: Setting CVar [[r.Upscale.Quality:3]]
[2025.04.10-18.08.08:685][  0]LogConfig: Setting CVar [[r.Tonemapper.GrainQuantization:1]]
[2025.04.10-18.08.08:685][  0]LogConfig: Setting CVar [[r.LightShaftQuality:1]]
[2025.04.10-18.08.08:685][  0]LogConfig: Setting CVar [[r.Filter.SizeScale:1]]
[2025.04.10-18.08.08:685][  0]LogConfig: Setting CVar [[r.Tonemapper.Quality:5]]
[2025.04.10-18.08.08:685][  0]LogConfig: Setting CVar [[r.DOF.Gather.AccumulatorQuality:1        ; higher gathering accumulator quality]]
[2025.04.10-18.08.08:685][  0]LogConfig: Setting CVar [[r.DOF.Gather.PostfilterMethod:1          ; Median3x3 postfilering method]]
[2025.04.10-18.08.08:685][  0]LogConfig: Setting CVar [[r.DOF.Gather.EnableBokehSettings:0       ; no bokeh simulation when gathering]]
[2025.04.10-18.08.08:685][  0]LogConfig: Setting CVar [[r.DOF.Gather.RingCount:4                 ; medium number of samples when gathering]]
[2025.04.10-18.08.08:685][  0]LogConfig: Setting CVar [[r.DOF.Scatter.ForegroundCompositing:1    ; additive foreground scattering]]
[2025.04.10-18.08.08:685][  0]LogConfig: Setting CVar [[r.DOF.Scatter.BackgroundCompositing:2    ; additive background scattering]]
[2025.04.10-18.08.08:685][  0]LogConfig: Setting CVar [[r.DOF.Scatter.EnableBokehSettings:1      ; bokeh simulation when scattering]]
[2025.04.10-18.08.08:685][  0]LogConfig: Setting CVar [[r.DOF.Scatter.MaxSpriteRatio:0.1         ; only a maximum of 10% of scattered bokeh]]
[2025.04.10-18.08.08:685][  0]LogConfig: Setting CVar [[r.DOF.Recombine.Quality:1                ; cheap slight out of focus]]
[2025.04.10-18.08.08:685][  0]LogConfig: Setting CVar [[r.DOF.Recombine.EnableBokehSettings:0    ; no bokeh simulation on slight out of focus]]
[2025.04.10-18.08.08:685][  0]LogConfig: Setting CVar [[r.DOF.TemporalAAQuality:1                ; more stable temporal accumulation]]
[2025.04.10-18.08.08:685][  0]LogConfig: Setting CVar [[r.DOF.Kernel.MaxForegroundRadius:0.025]]
[2025.04.10-18.08.08:685][  0]LogConfig: Setting CVar [[r.DOF.Kernel.MaxBackgroundRadius:0.025]]
[2025.04.10-18.08.08:685][  0]LogConfig: Applying CVar settings from Section [TextureQuality@3] File [C:/Users/sasha/Documents/GitHub/unreal_project/Saved/Config/Windows/Scalability.ini]
[2025.04.10-18.08.08:685][  0]LogConfig: Setting CVar [[r.Streaming.MipBias:0]]
[2025.04.10-18.08.08:685][  0]LogConfig: Setting CVar [[r.Streaming.AmortizeCPUToGPUCopy:0]]
[2025.04.10-18.08.08:685][  0]LogConfig: Setting CVar [[r.Streaming.MaxNumTexturesToStreamPerFrame:0]]
[2025.04.10-18.08.08:685][  0]LogConfig: Setting CVar [[r.Streaming.Boost:1]]
[2025.04.10-18.08.08:685][  0]LogConfig: Setting CVar [[r.MaxAnisotropy:8]]
[2025.04.10-18.08.08:685][  0]LogConfig: Setting CVar [[r.VT.MaxAnisotropy:8]]
[2025.04.10-18.08.08:685][  0]LogConfig: Setting CVar [[r.Streaming.LimitPoolSizeToVRAM:0]]
[2025.04.10-18.08.08:685][  0]LogConfig: Setting CVar [[r.Streaming.PoolSize:1000]]
[2025.04.10-18.08.08:685][  0]LogConfig: Setting CVar [[r.Streaming.MaxEffectiveScreenSize:0]]
[2025.04.10-18.08.08:685][  0]LogConfig: Applying CVar settings from Section [EffectsQuality@3] File [C:/Users/sasha/Documents/GitHub/unreal_project/Saved/Config/Windows/Scalability.ini]
[2025.04.10-18.08.08:685][  0]LogConfig: Setting CVar [[r.TranslucencyLightingVolumeDim:64]]
[2025.04.10-18.08.08:685][  0]LogConfig: Setting CVar [[r.RefractionQuality:2]]
[2025.04.10-18.08.08:685][  0]LogConfig: Setting CVar [[r.SSR.Quality:3]]
[2025.04.10-18.08.08:685][  0]LogConfig: Setting CVar [[r.SSR.HalfResSceneColor:0]]
[2025.04.10-18.08.08:685][  0]LogConfig: Setting CVar [[r.SceneColorFormat:4]]
[2025.04.10-18.08.08:685][  0]LogConfig: Setting CVar [[r.DetailMode:2]]
[2025.04.10-18.08.08:685][  0]LogConfig: Setting CVar [[r.TranslucencyVolumeBlur:1]]
[2025.04.10-18.08.08:685][  0]LogConfig: Setting CVar [[r.MaterialQualityLevel:1 ; High quality]]
[2025.04.10-18.08.08:685][  0]LogConfig: Setting CVar [[r.AnisotropicMaterials:1]]
[2025.04.10-18.08.08:685][  0]LogConfig: Setting CVar [[r.SSS.Scale:1]]
[2025.04.10-18.08.08:685][  0]LogConfig: Setting CVar [[r.SSS.SampleSet:2]]
[2025.04.10-18.08.08:685][  0]LogConfig: Setting CVar [[r.SSS.Quality:1]]
[2025.04.10-18.08.08:685][  0]LogConfig: Setting CVar [[r.SSS.HalfRes:0]]
[2025.04.10-18.08.08:685][  0]LogConfig: Setting CVar [[r.SSGI.Quality:3]]
[2025.04.10-18.08.08:685][  0]LogConfig: Setting CVar [[r.EmitterSpawnRateScale:1.0]]
[2025.04.10-18.08.08:685][  0]LogConfig: Setting CVar [[r.ParticleLightQuality:2]]
[2025.04.10-18.08.08:685][  0]LogConfig: Setting CVar [[r.SkyAtmosphere.AerialPerspectiveLUT.FastApplyOnOpaque:1 ; Always have FastSkyLUT 1 in this case to avoid wrong sky]]
[2025.04.10-18.08.08:685][  0]LogConfig: Setting CVar [[r.SkyAtmosphere.AerialPerspectiveLUT.SampleCountMaxPerSlice:4]]
[2025.04.10-18.08.08:685][  0]LogConfig: Setting CVar [[r.SkyAtmosphere.AerialPerspectiveLUT.DepthResolution:16.0]]
[2025.04.10-18.08.08:685][  0]LogConfig: Setting CVar [[r.SkyAtmosphere.FastSkyLUT:1]]
[2025.04.10-18.08.08:685][  0]LogConfig: Setting CVar [[r.SkyAtmosphere.FastSkyLUT.SampleCountMin:4.0]]
[2025.04.10-18.08.08:685][  0]LogConfig: Setting CVar [[r.SkyAtmosphere.FastSkyLUT.SampleCountMax:128.0]]
[2025.04.10-18.08.08:685][  0]LogConfig: Setting CVar [[r.SkyAtmosphere.SampleCountMin:4.0]]
[2025.04.10-18.08.08:685][  0]LogConfig: Setting CVar [[r.SkyAtmosphere.SampleCountMax:128.0]]
[2025.04.10-18.08.08:685][  0]LogConfig: Setting CVar [[r.SkyAtmosphere.TransmittanceLUT.UseSmallFormat:0]]
[2025.04.10-18.08.08:685][  0]LogConfig: Setting CVar [[r.SkyAtmosphere.TransmittanceLUT.SampleCount:10.0]]
[2025.04.10-18.08.08:685][  0]LogConfig: Setting CVar [[r.SkyAtmosphere.MultiScatteringLUT.SampleCount:15.0]]
[2025.04.10-18.08.08:685][  0]LogConfig: Setting CVar [[r.SkyLight.RealTimeReflectionCapture:1]]
[2025.04.10-18.08.08:685][  0]LogConfig: Applying CVar settings from Section [FoliageQuality@3] File [C:/Users/sasha/Documents/GitHub/unreal_project/Saved/Config/Windows/Scalability.ini]
[2025.04.10-18.08.08:685][  0]LogConfig: Setting CVar [[foliage.DensityScale:1.0]]
[2025.04.10-18.08.08:685][  0]LogConfig: Setting CVar [[grass.DensityScale:1.0]]
[2025.04.10-18.08.08:685][  0]LogConfig: Applying CVar settings from Section [ShadingQuality@3] File [C:/Users/sasha/Documents/GitHub/unreal_project/Saved/Config/Windows/Scalability.ini]
[2025.04.10-18.08.08:685][  0]LogConfig: Setting CVar [[r.HairStrands.SkyLighting.IntegrationType:2]]
[2025.04.10-18.08.08:685][  0]LogConfig: Setting CVar [[r.HairStrands.SkyAO.SampleCount:4]]
[2025.04.10-18.08.08:685][  0]LogConfig: Setting CVar [[r.HairStrands.Visibility.MSAA.SamplePerPixel:4]]
[2025.04.10-18.08.08:685][  0]LogInit: Selected Device Profile: [Windows]
[2025.04.10-18.08.08:685][  0]LogInit: Applying CVar settings loaded from the selected device profile: [Windows]
[2025.04.10-18.08.08:686][  0]LogHAL: Display: Platform has ~ 8 GB [8277110784 / 8589934592 / 8], which maps to Default [LargestMinGB=32, LargerMinGB=12, DefaultMinGB=8, SmallerMinGB=6, SmallestMinGB=0)
[2025.04.10-18.08.08:686][  0]LogInit: Going up to parent DeviceProfile []
[2025.04.10-18.08.08:686][  0]LogConfig: Applying CVar settings from Section [ViewDistanceQuality@1] File [C:/Users/sasha/Documents/GitHub/unreal_project/Saved/Config/Windows/Scalability.ini]
[2025.04.10-18.08.08:686][  0]LogConfig: Setting CVar [[r.SkeletalMeshLODBias:1]]
[2025.04.10-18.08.08:686][  0]LogConfig: Setting CVar [[r.ViewDistanceScale:0.6]]
[2025.04.10-18.08.08:686][  0]LogConfig: Applying CVar settings from Section [AntiAliasingQuality@1] File [C:/Users/sasha/Documents/GitHub/unreal_project/Saved/Config/Windows/Scalability.ini]
[2025.04.10-18.08.08:686][  0]LogConfig: Setting CVar [[r.PostProcessAAQuality:2]]
[2025.04.10-18.08.08:686][  0]LogConfig: Applying CVar settings from Section [ShadowQuality@1] File [C:/Users/sasha/Documents/GitHub/unreal_project/Saved/Config/Windows/Scalability.ini]
[2025.04.10-18.08.08:686][  0]LogConfig: Setting CVar [[r.LightFunctionQuality:1]]
[2025.04.10-18.08.08:686][  0]LogConfig: Setting CVar [[r.ShadowQuality:3]]
[2025.04.10-18.08.08:686][  0]LogConfig: Setting CVar [[r.Shadow.CSM.MaxCascades:1]]
[2025.04.10-18.08.08:686][  0]LogConfig: Setting CVar [[r.Shadow.MaxResolution:1024]]
[2025.04.10-18.08.08:686][  0]LogConfig: Setting CVar [[r.Shadow.MaxCSMResolution:1024]]
[2025.04.10-18.08.08:686][  0]LogConfig: Setting CVar [[r.Shadow.RadiusThreshold:0.05]]
[2025.04.10-18.08.08:686][  0]LogConfig: Setting CVar [[r.Shadow.DistanceScale:0.7]]
[2025.04.10-18.08.08:686][  0]LogConfig: Setting CVar [[r.Shadow.CSM.TransitionScale:0.25]]
[2025.04.10-18.08.08:686][  0]LogConfig: Setting CVar [[r.Shadow.PreShadowResolutionFactor:0.5]]
[2025.04.10-18.08.08:686][  0]LogConfig: Setting CVar [[r.DistanceFieldShadowing:0]]
[2025.04.10-18.08.08:686][  0]LogConfig: Setting CVar [[r.DistanceFieldAO:0]]
[2025.04.10-18.08.08:686][  0]LogConfig: Setting CVar [[r.VolumetricFog:0]]
[2025.04.10-18.08.08:686][  0]LogConfig: Setting CVar [[r.LightMaxDrawDistanceScale:.5]]
[2025.04.10-18.08.08:686][  0]LogConfig: Setting CVar [[r.CapsuleShadows:1]]
[2025.04.10-18.08.08:686][  0]LogConfig: Applying CVar settings from Section [PostProcessQuality@1] File [C:/Users/sasha/Documents/GitHub/unreal_project/Saved/Config/Windows/Scalability.ini]
[2025.04.10-18.08.08:686][  0]LogConfig: Setting CVar [[r.MotionBlurQuality:3]]
[2025.04.10-18.08.08:686][  0]LogConfig: Setting CVar [[r.AmbientOcclusionMipLevelFactor:1.0]]
[2025.04.10-18.08.08:686][  0]LogConfig: Setting CVar [[r.AmbientOcclusionMaxQuality:60]]
[2025.04.10-18.08.08:686][  0]LogConfig: Setting CVar [[r.AmbientOcclusionLevels:-1]]
[2025.04.10-18.08.08:686][  0]LogConfig: Setting CVar [[r.AmbientOcclusionRadiusScale:1.5]]
[2025.04.10-18.08.08:686][  0]LogConfig: Setting CVar [[r.DepthOfFieldQuality:1]]
[2025.04.10-18.08.08:686][  0]LogConfig: Setting CVar [[r.RenderTargetPoolMin:350]]
[2025.04.10-18.08.08:686][  0]LogConfig: Setting CVar [[r.LensFlareQuality:0]]
[2025.04.10-18.08.08:686][  0]LogConfig: Setting CVar [[r.SceneColorFringeQuality:0]]
[2025.04.10-18.08.08:686][  0]LogConfig: Setting CVar [[r.EyeAdaptationQuality:2]]
[2025.04.10-18.08.08:686][  0]LogConfig: Setting CVar [[r.BloomQuality:4]]
[2025.04.10-18.08.08:686][  0]LogConfig: Setting CVar [[r.FastBlurThreshold:2]]
[2025.04.10-18.08.08:686][  0]LogConfig: Setting CVar [[r.Upscale.Quality:2]]
[2025.04.10-18.08.08:686][  0]LogConfig: Setting CVar [[r.Tonemapper.GrainQuantization:0]]
[2025.04.10-18.08.08:686][  0]LogConfig: Setting CVar [[r.LightShaftQuality:0]]
[2025.04.10-18.08.08:686][  0]LogConfig: Setting CVar [[r.Filter.SizeScale:0.7]]
[2025.04.10-18.08.08:686][  0]LogConfig: Setting CVar [[r.Tonemapper.Quality:2]]
[2025.04.10-18.08.08:686][  0]LogConfig: Setting CVar [[r.DOF.Gather.AccumulatorQuality:0        ; lower gathering accumulator quality]]
[2025.04.10-18.08.08:686][  0]LogConfig: Setting CVar [[r.DOF.Gather.PostfilterMethod:2          ; Max3x3 postfilering method]]
[2025.04.10-18.08.08:686][  0]LogConfig: Setting CVar [[r.DOF.Gather.EnableBokehSettings:0       ; no bokeh simulation when gathering]]
[2025.04.10-18.08.08:686][  0]LogConfig: Setting CVar [[r.DOF.Gather.RingCount:3                 ; low number of samples when gathering]]
[2025.04.10-18.08.08:686][  0]LogConfig: Setting CVar [[r.DOF.Scatter.ForegroundCompositing:0    ; no foreground scattering]]
[2025.04.10-18.08.08:686][  0]LogConfig: Setting CVar [[r.DOF.Scatter.BackgroundCompositing:0    ; no foreground scattering]]
[2025.04.10-18.08.08:686][  0]LogConfig: Setting CVar [[r.DOF.Recombine.Quality:0                ; no slight out of focus]]
[2025.04.10-18.08.08:686][  0]LogConfig: Setting CVar [[r.DOF.TemporalAAQuality:0                ; faster temporal accumulation]]
[2025.04.10-18.08.08:686][  0]LogConfig: Setting CVar [[r.DOF.Kernel.MaxForegroundRadius:0.006   ; required because low gathering and no scattering and not looking great at 1080p]]
[2025.04.10-18.08.08:686][  0]LogConfig: Setting CVar [[r.DOF.Kernel.MaxBackgroundRadius:0.006   ; required because low gathering and no scattering and not looking great at 1080p]]
[2025.04.10-18.08.08:686][  0]LogConfig: Applying CVar settings from Section [TextureQuality@1] File [C:/Users/sasha/Documents/GitHub/unreal_project/Saved/Config/Windows/Scalability.ini]
[2025.04.10-18.08.08:686][  0]LogConfig: Setting CVar [[r.Streaming.MipBias:1]]
[2025.04.10-18.08.08:686][  0]LogConfig: Setting CVar [[r.Streaming.AmortizeCPUToGPUCopy:0]]
[2025.04.10-18.08.08:686][  0]LogConfig: Setting CVar [[r.Streaming.MaxNumTexturesToStreamPerFrame:0]]
[2025.04.10-18.08.08:686][  0]LogConfig: Setting CVar [[r.Streaming.Boost:1]]
[2025.04.10-18.08.08:686][  0]LogConfig: Setting CVar [[r.MaxAnisotropy:2]]
[2025.04.10-18.08.08:686][  0]LogConfig: Setting CVar [[r.VT.MaxAnisotropy:4]]
[2025.04.10-18.08.08:686][  0]LogConfig: Setting CVar [[r.Streaming.LimitPoolSizeToVRAM:1]]
[2025.04.10-18.08.08:686][  0]LogConfig: Setting CVar [[r.Streaming.PoolSize:600]]
[2025.04.10-18.08.08:686][  0]LogConfig: Setting CVar [[r.Streaming.MaxEffectiveScreenSize:0]]
[2025.04.10-18.08.08:686][  0]LogConfig: Applying CVar settings from Section [EffectsQuality@1] File [C:/Users/sasha/Documents/GitHub/unreal_project/Saved/Config/Windows/Scalability.ini]
[2025.04.10-18.08.08:686][  0]LogConfig: Setting CVar [[r.TranslucencyLightingVolumeDim:32]]
[2025.04.10-18.08.08:686][  0]LogConfig: Setting CVar [[r.RefractionQuality:0]]
[2025.04.10-18.08.08:686][  0]LogConfig: Setting CVar [[r.SSR.Quality:0]]
[2025.04.10-18.08.08:686][  0]LogConfig: Setting CVar [[r.SSR.HalfResSceneColor:1]]
[2025.04.10-18.08.08:686][  0]LogConfig: Setting CVar [[r.SceneColorFormat:3]]
[2025.04.10-18.08.08:686][  0]LogConfig: Setting CVar [[r.DetailMode:1]]
[2025.04.10-18.08.08:686][  0]LogConfig: Setting CVar [[r.TranslucencyVolumeBlur:0]]
[2025.04.10-18.08.08:686][  0]LogConfig: Setting CVar [[r.MaterialQualityLevel:2 ; Medium quality]]
[2025.04.10-18.08.08:686][  0]LogConfig: Setting CVar [[r.AnisotropicMaterials:0]]
[2025.04.10-18.08.08:686][  0]LogConfig: Setting CVar [[r.SSS.Scale:0.75]]
[2025.04.10-18.08.08:686][  0]LogConfig: Setting CVar [[r.SSS.SampleSet:0]]
[2025.04.10-18.08.08:686][  0]LogConfig: Setting CVar [[r.SSS.Quality:0]]
[2025.04.10-18.08.08:686][  0]LogConfig: Setting CVar [[r.SSS.HalfRes:1]]
[2025.04.10-18.08.08:686][  0]LogConfig: Setting CVar [[r.SSGI.Quality:1]]
[2025.04.10-18.08.08:686][  0]LogConfig: Setting CVar [[r.EmitterSpawnRateScale:0.25]]
[2025.04.10-18.08.08:686][  0]LogConfig: Setting CVar [[r.ParticleLightQuality:0]]
[2025.04.10-18.08.08:686][  0]LogConfig: Setting CVar [[r.SkyAtmosphere.AerialPerspectiveLUT.FastApplyOnOpaque:1 ; Always have FastSkyLUT 1 in this case to avoid wrong sky]]
[2025.04.10-18.08.08:686][  0]LogConfig: Setting CVar [[r.SkyAtmosphere.AerialPerspectiveLUT.SampleCountMaxPerSlice:1]]
[2025.04.10-18.08.08:686][  0]LogConfig: Setting CVar [[r.SkyAtmosphere.AerialPerspectiveLUT.DepthResolution:16.0]]
[2025.04.10-18.08.08:686][  0]LogConfig: Setting CVar [[r.SkyAtmosphere.FastSkyLUT:1]]
[2025.04.10-18.08.08:686][  0]LogConfig: Setting CVar [[r.SkyAtmosphere.FastSkyLUT.SampleCountMin:4.0]]
[2025.04.10-18.08.08:686][  0]LogConfig: Setting CVar [[r.SkyAtmosphere.FastSkyLUT.SampleCountMax:32.0]]
[2025.04.10-18.08.08:686][  0]LogConfig: Setting CVar [[r.SkyAtmosphere.SampleCountMin:4.0]]
[2025.04.10-18.08.08:686][  0]LogConfig: Setting CVar [[r.SkyAtmosphere.SampleCountMax:32.0]]
[2025.04.10-18.08.08:686][  0]LogConfig: Setting CVar [[r.SkyAtmosphere.TransmittanceLUT.UseSmallFormat:0]]
[2025.04.10-18.08.08:686][  0]LogConfig: Setting CVar [[r.SkyAtmosphere.TransmittanceLUT.SampleCount:10.0]]
[2025.04.10-18.08.08:686][  0]LogConfig: Setting CVar [[r.SkyAtmosphere.MultiScatteringLUT.SampleCount:15.0]]
[2025.04.10-18.08.08:686][  0]LogConfig: Setting CVar [[r.SkyLight.RealTimeReflectionCapture:0]]
[2025.04.10-18.08.08:686][  0]LogConfig: Applying CVar settings from Section [FoliageQuality@1] File [C:/Users/sasha/Documents/GitHub/unreal_project/Saved/Config/Windows/Scalability.ini]
[2025.04.10-18.08.08:686][  0]LogConfig: Setting CVar [[foliage.DensityScale:0.4]]
[2025.04.10-18.08.08:686][  0]LogConfig: Setting CVar [[grass.DensityScale:0.4]]
[2025.04.10-18.08.08:686][  0]LogConfig: Applying CVar settings from Section [ShadingQuality@1] File [C:/Users/sasha/Documents/GitHub/unreal_project/Saved/Config/Windows/Scalability.ini]
[2025.04.10-18.08.08:686][  0]LogConfig: Setting CVar [[r.HairStrands.SkyLighting.IntegrationType:2]]
[2025.04.10-18.08.08:686][  0]LogConfig: Setting CVar [[r.HairStrands.SkyAO.SampleCount:4]]
[2025.04.10-18.08.08:686][  0]LogConfig: Setting CVar [[r.HairStrands.Visibility.MSAA.SamplePerPixel:1]]
[2025.04.10-18.08.08:686][  0]LogConfig: Applying CVar settings from Section [Startup] File [../../../Engine/Config/ConsoleVariables.ini]
[2025.04.10-18.08.08:687][  0]LogConfig: Setting CVar [[net.UseAdaptiveNetUpdateFrequency:0]]
[2025.04.10-18.08.08:687][  0]LogConfig: Setting CVar [[p.chaos.AllowCreatePhysxBodies:1]]
[2025.04.10-18.08.08:687][  0]LogConfig: Setting CVar [[fx.SkipVectorVMBackendOptimizations:1]]
[2025.04.10-18.08.08:687][  0]LogConfig: Applying CVar settings from Section [ConsoleVariables] File [C:/Users/sasha/Documents/GitHub/unreal_project/Saved/Config/Windows/Engine.ini]
[2025.04.10-18.08.08:687][  0]LogConfig: Applying CVar settings from Section [ConsoleVariables] File [C:/Users/sasha/Documents/GitHub/unreal_project/Saved/Config/Windows/Editor.ini]
[2025.04.10-18.08.08:687][  0]LogInit: Computer: ALEXF
[2025.04.10-18.08.08:687][  0]LogInit: User: sasha
[2025.04.10-18.08.08:687][  0]LogInit: CPU Page size=4096, Cores=6
[2025.04.10-18.08.08:687][  0]LogInit: High frequency timer resolution =10.000000 MHz
[2025.04.10-18.08.08:687][  0]LogMemory: Memory total: Physical=7.7GB (8GB approx)
[2025.04.10-18.08.08:687][  0]LogMemory: Platform Memory Stats for Windows
[2025.04.10-18.08.08:687][  0]LogMemory: Process Physical Memory: 147.91 MB used, 147.91 MB peak
[2025.04.10-18.08.08:687][  0]LogMemory: Process Virtual Memory: 118.45 MB used, 118.45 MB peak
[2025.04.10-18.08.08:687][  0]LogMemory: Physical Memory: 5918.86 MB used,  1974.81 MB free, 7893.67 MB total
[2025.04.10-18.08.08:687][  0]LogMemory: Virtual Memory: 134211248.00 MB used,  6478.12 MB free, 134217728.00 MB total
[2025.04.10-18.08.08:715][  0]LogWindows: WindowsPlatformFeatures enabled
[2025.04.10-18.08.08:750][  0]LogInit: Physics initialised using underlying interface: PhysX
[2025.04.10-18.08.08:750][  0]LogInit: Using OS detected language (ru-RU).
[2025.04.10-18.08.08:750][  0]LogInit: Using OS detected locale (ru-RU).
[2025.04.10-18.08.08:753][  0]LogTextLocalizationManager: No specific localization for 'ru-RU' exists, so the 'ru' localization will be used.
[2025.04.10-18.08.08:753][  0]LogTextLocalizationResource: LocRes '../../../Engine/Content/Localization/Editor/ru/Editor.locres' could not be opened for reading!
[2025.04.10-18.08.08:753][  0]LogTextLocalizationResource: LocRes '../../../Engine/Content/Localization/EditorTutorials/ru/EditorTutorials.locres' could not be opened for reading!
[2025.04.10-18.08.08:753][  0]LogTextLocalizationResource: LocRes '../../../Engine/Content/Localization/Keywords/ru/Keywords.locres' could not be opened for reading!
[2025.04.10-18.08.08:753][  0]LogTextLocalizationResource: LocRes '../../../Engine/Content/Localization/Category/ru/Category.locres' could not be opened for reading!
[2025.04.10-18.08.08:753][  0]LogTextLocalizationResource: LocRes '../../../Engine/Content/Localization/ToolTips/ru/ToolTips.locres' could not be opened for reading!
[2025.04.10-18.08.08:753][  0]LogTextLocalizationResource: LocRes '../../../Engine/Content/Localization/PropertyNames/ru/PropertyNames.locres' could not be opened for reading!
[2025.04.10-18.08.08:754][  0]LogTextLocalizationResource: LocRes '../../../Engine/Content/Localization/Engine/ru/Engine.locres' could not be opened for reading!
[2025.04.10-18.08.08:754][  0]LogInit: Setting process to per monitor DPI aware
[2025.04.10-18.08.08:765][  0]LogWindowsTextInputMethodSystem: Display: IME system deactivated.
[2025.04.10-18.08.08:777][  0]LogSlate: New Slate User Created.  User Index 0, Is Virtual User: 0
[2025.04.10-18.08.08:777][  0]LogSlate: Slate User Registered.  User Index 0, Is Virtual User: 0
[2025.04.10-18.08.08:911][  0]LogD3D11RHI: Loaded GFSDK_Aftermath_Lib.x64.dll
[2025.04.10-18.08.08:982][  0]LogHMD: Optional extension XR_VARJO_quad_views is not available
[2025.04.10-18.08.09:013][  0]LogHMD: Failed to create an OpenXR instance, result is XR_ERROR_RUNTIME_FAILURE. Please check if you have an OpenXR runtime installed. The following extensions were enabled:
[2025.04.10-18.08.09:013][  0]LogHMD: - XR_KHR_D3D11_enable
[2025.04.10-18.08.09:013][  0]LogHMD: - XR_KHR_D3D12_enable
[2025.04.10-18.08.09:013][  0]LogHMD: - XR_KHR_opengl_enable
[2025.04.10-18.08.09:013][  0]LogHMD: - XR_KHR_vulkan_enable
[2025.04.10-18.08.09:013][  0]LogHMD: - XR_KHR_composition_layer_depth
[2025.04.10-18.08.09:013][  0]LogHMD: - XR_KHR_visibility_mask
[2025.04.10-18.08.09:013][  0]LogHMD: - XR_EXT_hand_tracking
[2025.04.10-18.08.09:013][  0]LogHMD: - XR_EXT_eye_gaze_interaction
[2025.04.10-18.08.09:013][  0]LogD3D11RHI: D3D11 min allowed feature level: 11_0
[2025.04.10-18.08.09:013][  0]LogD3D11RHI: D3D11 max allowed feature level: 11_0
[2025.04.10-18.08.09:013][  0]LogD3D11RHI: D3D11 adapters:
[2025.04.10-18.08.09:140][  0]LogD3D11RHI:    0. 'NVIDIA GeForce RTX 3050 Ti Laptop GPU' (Feature Level 11_0)
[2025.04.10-18.08.09:140][  0]LogD3D11RHI:       3965/0/3946 MB DedicatedVideo/DedicatedSystem/SharedSystem, Outputs:2, VendorId:0x10de
[2025.04.10-18.08.09:170][  0]LogD3D11RHI:    1. 'Intel(R) UHD Graphics' (Feature Level 11_0)
[2025.04.10-18.08.09:170][  0]LogD3D11RHI:       128/0/3946 MB DedicatedVideo/DedicatedSystem/SharedSystem, Outputs:0, VendorId:0x8086
[2025.04.10-18.08.09:174][  0]LogD3D11RHI:    2. 'Microsoft Basic Render Driver' (Feature Level 11_0)
[2025.04.10-18.08.09:174][  0]LogD3D11RHI:       0/0/3946 MB DedicatedVideo/DedicatedSystem/SharedSystem, Outputs:0, VendorId:0x1414
[2025.04.10-18.08.09:174][  0]LogD3D11RHI: Chosen D3D11 Adapter:
[2025.04.10-18.08.09:174][  0]LogD3D11RHI:     Description : NVIDIA GeForce RTX 3050 Ti Laptop GPU
[2025.04.10-18.08.09:174][  0]LogD3D11RHI:     VendorId    : 10de
[2025.04.10-18.08.09:174][  0]LogD3D11RHI:     DeviceId    : 25a0
[2025.04.10-18.08.09:174][  0]LogD3D11RHI:     SubSysId    : 132e1462
[2025.04.10-18.08.09:174][  0]LogD3D11RHI:     Revision    : 00a1
[2025.04.10-18.08.09:174][  0]LogD3D11RHI:     DedicatedVideoMemory : 4157603840 bytes
[2025.04.10-18.08.09:174][  0]LogD3D11RHI:     DedicatedSystemMemory : 0 bytes
[2025.04.10-18.08.09:174][  0]LogD3D11RHI:     SharedSystemMemory : 4138555392 bytes
[2025.04.10-18.08.09:174][  0]LogD3D11RHI:     AdapterLuid : 0 62343
[2025.04.10-18.08.09:179][  0]LogD3D11RHI: Creating new Direct3DDevice
[2025.04.10-18.08.09:179][  0]LogD3D11RHI:     GPU DeviceId: 0x25a0 (for the marketing name, search the web for "GPU Device Id")
[2025.04.10-18.08.09:179][  0]LogWindows: EnumDisplayDevices:
[2025.04.10-18.08.09:179][  0]LogWindows:    0. 'Intel(R) UHD Graphics' (P:1 D:1)
[2025.04.10-18.08.09:179][  0]LogWindows:    1. 'Intel(R) UHD Graphics' (P:0 D:1)
[2025.04.10-18.08.09:179][  0]LogWindows:    2. 'Intel(R) UHD Graphics' (P:0 D:0)
[2025.04.10-18.08.09:180][  0]LogWindows:    3. 'Intel(R) UHD Graphics' (P:0 D:0)
[2025.04.10-18.08.09:180][  0]LogWindows: DebugString: PrimaryIsNotTheChoosenAdapter PrimaryIsNotTheChoosenAdapter PrimaryIsNotTheChoosenAdapter PrimaryIsNotTheChoosenAdapter FoundDriverCount:0 
[2025.04.10-18.08.09:180][  0]LogD3D11RHI:     Adapter Name: NVIDIA GeForce RTX 3050 Ti Laptop GPU
[2025.04.10-18.08.09:180][  0]LogD3D11RHI:   Driver Version: Unknown (internal:Unknown, unified:Unknown)
[2025.04.10-18.08.09:180][  0]LogD3D11RHI:      Driver Date: Unknown
[2025.04.10-18.08.09:180][  0]LogRHI: Texture pool is 2775 MB (70% of 3965 MB)
[2025.04.10-18.08.09:180][  0]LogD3D11RHI: Creating D3DDevice using adapter:
[2025.04.10-18.08.09:180][  0]LogD3D11RHI:     Description : NVIDIA GeForce RTX 3050 Ti Laptop GPU
[2025.04.10-18.08.09:180][  0]LogD3D11RHI:     VendorId    : 10de
[2025.04.10-18.08.09:180][  0]LogD3D11RHI:     DeviceId    : 25a0
[2025.04.10-18.08.09:180][  0]LogD3D11RHI:     SubSysId    : 132e1462
[2025.04.10-18.08.09:180][  0]LogD3D11RHI:     Revision    : 00a1
[2025.04.10-18.08.09:180][  0]LogD3D11RHI:     DedicatedVideoMemory : 4157603840 bytes
[2025.04.10-18.08.09:180][  0]LogD3D11RHI:     DedicatedSystemMemory : 0 bytes
[2025.04.10-18.08.09:180][  0]LogD3D11RHI:     SharedSystemMemory : 4138555392 bytes
[2025.04.10-18.08.09:180][  0]LogD3D11RHI:     AdapterLuid : 0 62343
[2025.04.10-18.08.09:261][  0]LogD3D11RHI: RHI has support for 64 bit atomics
[2025.04.10-18.08.09:262][  0]LogD3D11RHI: Async texture creation enabled
[2025.04.10-18.08.09:262][  0]LogD3D11RHI: Array index from any shader is supported
[2025.04.10-18.08.09:281][  0]LogD3D11RHI: GPU Timing Frequency: 1000.000000 (Debug: 2 2)
[2025.04.10-18.08.09:305][  0]LogRHI: GeForceNow SDK initialized: 1
[2025.04.10-18.08.09:651][  0]LogTargetPlatformManager: Display: Loaded TargetPlatform 'AllDesktop'
[2025.04.10-18.08.09:676][  0]LogTargetPlatformManager: Display: Loaded TargetPlatform 'Android'
[2025.04.10-18.08.09:676][  0]LogTargetPlatformManager: Display: Loaded TargetPlatform 'Android_ASTC'
[2025.04.10-18.08.09:676][  0]LogTargetPlatformManager: Display: Loaded TargetPlatform 'Android_DXT'
[2025.04.10-18.08.09:676][  0]LogTargetPlatformManager: Display: Loaded TargetPlatform 'Android_ETC2'
[2025.04.10-18.08.09:676][  0]LogTargetPlatformManager: Display: Loaded TargetPlatform 'AndroidClient'
[2025.04.10-18.08.09:676][  0]LogTargetPlatformManager: Display: Loaded TargetPlatform 'Android_ASTCClient'
[2025.04.10-18.08.09:676][  0]LogTargetPlatformManager: Display: Loaded TargetPlatform 'Android_DXTClient'
[2025.04.10-18.08.09:676][  0]LogTargetPlatformManager: Display: Loaded TargetPlatform 'Android_ETC2Client'
[2025.04.10-18.08.09:676][  0]LogTargetPlatformManager: Display: Loaded TargetPlatform 'Android_Multi'
[2025.04.10-18.08.09:676][  0]LogTargetPlatformManager: Display: Loaded TargetPlatform 'Android_MultiClient'
[2025.04.10-18.08.09:702][  0]LogTargetPlatformManager: Display: Loaded TargetPlatform 'IOSClient'
[2025.04.10-18.08.09:702][  0]LogTargetPlatformManager: Display: Loaded TargetPlatform 'IOS'
[2025.04.10-18.08.09:713][  0]LogTargetPlatformManager: Display: Loaded TargetPlatform 'Linux'
[2025.04.10-18.08.09:717][  0]LogTargetPlatformManager: Display: Loaded TargetPlatform 'LinuxNoEditor'
[2025.04.10-18.08.09:723][  0]LogTargetPlatformManager: Display: Loaded TargetPlatform 'LinuxClient'
[2025.04.10-18.08.09:726][  0]LogTargetPlatformManager: Display: Loaded TargetPlatform 'LinuxServer'
[2025.04.10-18.08.09:734][  0]LogTargetPlatformManager: Display: Loaded TargetPlatform 'LinuxAArch64NoEditor'
[2025.04.10-18.08.09:739][  0]LogTargetPlatformManager: Display: Loaded TargetPlatform 'LinuxAArch64Client'
[2025.04.10-18.08.09:743][  0]LogTargetPlatformManager: Display: Loaded TargetPlatform 'LinuxAArch64Server'
[2025.04.10-18.08.09:763][  0]LogTargetPlatformManager: Display: Loaded TargetPlatform 'Lumin'
[2025.04.10-18.08.09:764][  0]LogTargetPlatformManager: Display: Loaded TargetPlatform 'LuminClient'
[2025.04.10-18.08.09:771][  0]LogTargetPlatformManager: Display: Loaded TargetPlatform 'MacNoEditor'
[2025.04.10-18.08.09:774][  0]LogTargetPlatformManager: Display: Loaded TargetPlatform 'Mac'
[2025.04.10-18.08.09:778][  0]LogTargetPlatformManager: Display: Loaded TargetPlatform 'MacClient'
[2025.04.10-18.08.09:782][  0]LogTargetPlatformManager: Display: Loaded TargetPlatform 'MacServer'
[2025.04.10-18.08.09:791][  0]LogTargetPlatformManager: Display: Loaded TargetPlatform 'TVOSClient'
[2025.04.10-18.08.09:791][  0]LogTargetPlatformManager: Display: Loaded TargetPlatform 'TVOS'
[2025.04.10-18.08.09:799][  0]LogTargetPlatformManager: Display: Loaded TargetPlatform 'WindowsNoEditor'
[2025.04.10-18.08.09:803][  0]LogTargetPlatformManager: Display: Loaded TargetPlatform 'Windows'
[2025.04.10-18.08.09:806][  0]LogTargetPlatformManager: Display: Loaded TargetPlatform 'WindowsClient'
[2025.04.10-18.08.09:811][  0]LogTargetPlatformManager: Display: Loaded TargetPlatform 'WindowsServer'
[2025.04.10-18.08.09:811][  0]LogTargetPlatformManager: Display: Building Assets For Windows
[2025.04.10-18.08.09:817][  0]LogAudioDebug: Display: Lib vorbis DLL was dynamically loaded.
[2025.04.10-18.08.09:844][  0]LogTextureFormatOodle: Display: Oodle Texture 2.9.0 init RDO Off
[2025.04.10-18.08.09:872][  0]LogRendererCore: Ray tracing is disabled. Reason: r.RayTracing=0.
[2025.04.10-18.08.09:872][  0]LogShaderCompilers: Guid format shader working directory is -16 characters bigger than the processId version (../../../../../../Users/sasha/Documents/GitHub/unreal_project/Intermediate/Shaders/WorkingDirectory/13568/).
[2025.04.10-18.08.09:872][  0]LogShaderCompilers: Cleaned the shader compiler working directory 'C:/Users/sasha/AppData/Local/Temp/UnrealShaderWorkingDir/A1A062284D68FF4B48FE12B847C72DAA/'.
[2025.04.10-18.08.09:872][  0]LogXGEController: Cannot use XGE Controller as Incredibuild is not installed on this machine.
[2025.04.10-18.08.09:872][  0]LogShaderCompilers: Cannot use XGE Shader Compiler as Incredibuild is not installed on this machine.
[2025.04.10-18.08.09:872][  0]LogShaderCompilers: Display: Using Local Shader Compiler.
[2025.04.10-18.08.10:513][  0]LogDerivedDataCache: Display: Max Cache Size: 512 MB
[2025.04.10-18.08.10:594][  0]LogDerivedDataCache: Loaded boot cache 0.08s 122MB C:/Users/sasha/AppData/Local/UnrealEngine/4.27/DerivedDataCache/Boot.ddc.
[2025.04.10-18.08.10:594][  0]LogDerivedDataCache: Display: Loaded Boot cache: C:/Users/sasha/AppData/Local/UnrealEngine/4.27/DerivedDataCache/Boot.ddc
[2025.04.10-18.08.10:595][  0]LogDerivedDataCache: FDerivedDataBackendGraph:  Pak pak cache file ../../../../../../Users/sasha/Documents/GitHub/unreal_project/DerivedDataCache/DDC.ddp not found, will not use a pak cache.
[2025.04.10-18.08.10:595][  0]LogDerivedDataCache: Unable to find inner node Pak for hierarchical cache Hierarchy.
[2025.04.10-18.08.10:595][  0]LogDerivedDataCache: FDerivedDataBackendGraph:  CompressedPak pak cache file ../../../../../../Users/sasha/Documents/GitHub/unreal_project/DerivedDataCache/Compressed.ddp not found, will not use a pak cache.
[2025.04.10-18.08.10:595][  0]LogDerivedDataCache: Unable to find inner node CompressedPak for hierarchical cache Hierarchy.
[2025.04.10-18.08.10:609][  0]LogDerivedDataCache: Display: Pak cache opened for reading ../../../Engine/DerivedDataCache/Compressed.ddp.
[2025.04.10-18.08.10:609][  0]LogDerivedDataCache: FDerivedDataBackendGraph:  EnterprisePak pak cache file ../../../Enterprise/DerivedDataCache/Compressed.ddp not found, will not use a pak cache.
[2025.04.10-18.08.10:609][  0]LogDerivedDataCache: Unable to find inner node EnterprisePak for hierarchical cache Hierarchy.
[2025.04.10-18.08.10:619][  0]LogDerivedDataCache: Speed tests for C:/Users/sasha/AppData/Local/UnrealEngine/Common/DerivedDataCache took 0.01 seconds
[2025.04.10-18.08.10:619][  0]LogDerivedDataCache: Display: Performance to C:/Users/sasha/AppData/Local/UnrealEngine/Common/DerivedDataCache: Latency=0.02ms. RandomReadSpeed=848.10MBs, RandomWriteSpeed=129.74MBs. Assigned SpeedClass 'Local'
[2025.04.10-18.08.10:620][  0]LogDerivedDataCache: Using Local data cache path C:/Users/sasha/AppData/Local/UnrealEngine/Common/DerivedDataCache: Writable
[2025.04.10-18.08.10:620][  0]LogDerivedDataCache: Shared data cache path not found in *engine.ini, will not use an Shared cache.
[2025.04.10-18.08.10:620][  0]LogDerivedDataCache: Unable to find inner node Shared for hierarchical cache Hierarchy.
[2025.04.10-18.08.10:659][  0]LogSlate: Using FreeType 2.10.0
[2025.04.10-18.08.10:659][  0]LogSlate: SlateFontServices - WITH_FREETYPE: 1, WITH_HARFBUZZ: 1
[2025.04.10-18.08.10:684][  0]LogHMD: Optional extension XR_VARJO_quad_views is not available
[2025.04.10-18.08.10:718][  0]LogHMD: Failed to create an OpenXR instance, result is XR_ERROR_RUNTIME_FAILURE. Please check if you have an OpenXR runtime installed. The following extensions were enabled:
[2025.04.10-18.08.10:718][  0]LogHMD: - XR_KHR_D3D11_enable
[2025.04.10-18.08.10:718][  0]LogHMD: - XR_KHR_D3D12_enable
[2025.04.10-18.08.10:718][  0]LogHMD: - XR_KHR_opengl_enable
[2025.04.10-18.08.10:718][  0]LogHMD: - XR_KHR_vulkan_enable
[2025.04.10-18.08.10:718][  0]LogHMD: - XR_KHR_composition_layer_depth
[2025.04.10-18.08.10:718][  0]LogHMD: - XR_KHR_visibility_mask
[2025.04.10-18.08.10:718][  0]LogHMD: - XR_EXT_hand_tracking
[2025.04.10-18.08.10:718][  0]LogHMD: - XR_EXT_eye_gaze_interaction
[2025.04.10-18.08.10:746][  0]LogAssetRegistry: FAssetRegistry took 0.0037 seconds to start up
[2025.04.10-18.08.10:974][  0]LogInit: Selected Device Profile: [Windows]
[2025.04.10-18.08.10:974][  0]LogInit: Active device profile: [00000259C0A62300][00000259BC6B0A80 49] Windows
[2025.04.10-18.08.10:974][  0]LogInit: Profiles: [00000259C0A62300][00000259BC6B0A80 49] Windows, [00000259C0A16200][00000259BFA14C00 49] WindowsNoEditor, [00000259C0A62600][00000259BC6B4D40 49] WindowsServer, [00000259C0A16B00][00000259BFA18E80 49] WindowsClient, [00000259C0A62800][00000259BFA1CFC0 49] IOS, [00000259C0A15F00][00000259BFA21100 49] iPadAir, [00000259C0A62500][00000259BFA29280 49] iPadAir2, [00000259C09A1D00][00000259BFA31540 49] IPadPro, [00000259C09A1E00][00000259BFA2D580 49] iPadAir3, [00000259C0A61A00][00000259BFA35700 49] iPadAir4, [00000259C09A1C00][00000259BFA39880 49] iPadMini2, [00000259C0A61E00][00000259BFA3DA00 49] iPadMini3, [00000259C09A0400][00000259BFA41B80 49] iPadMini4, [00000259C0A61B00][00000259BFA44180 49] iPadMini5, [00000259C09C5300][00000259BFA4C440 49] iPhone6, [00000259C09C5400][00000259BFA48480 49] iPodTouch6, [00000259C09A1400][00000259BFA54740 49] iPhone7, [00000259C09A1500][00000259BFA50780 49] iPodTouch7, [00000259C09C7700][00000259BFA58900 49] iPhone5S, [00000259C09A2000][00000259BFA5CA80 49] iPhone6Plus, [00000259C09C4200][00000259BFA60C00 49] iPhone6S, [00000259C09A1B00][00000259BFA64D80 49] iPhone6SPlus, [00000259C09C7B00][00000259BFA68F00 49] iPhone7Plus, [00000259C09A1A00][00000259BFA25040 49] iPhoneSE, [00000259C09C6E00][00000259BFA6D180 49] iPhone8, [00000259C09A2300][00000259BFA712C0 49] iPhone8Plus, [00000259C09C6D00][00000259BFA79440 49] iPhoneX, [00000259C09A2700][00000259BFA7D5C0 49] iPhoneXS, [00000259C09C4C00][00000259BFA81740 49] iPhoneXSMax, [00000259C09A3200][00000259BFA858C0 49] iPhoneXR, [00000259C09C7100][00000259BFA89A40 49] iPhone11, [00000259C09A2600][00000259BFA8DBC0 49] iPhone11Pro, [00000259C09C5D00][00000259BFA901C0 49] iPhone11ProMax, [00000259C09A1300][00000259BFA94340 49] iPhoneSE2, [00000259C09C5F00][00000259BFA984C0 49] iPhone12Mini, [00000259C09A2F00][00000259BFA9C640 49] iPhone12, [00000259C09C5700][00000259BFAA07C0 49] iPhone12Pro, [00000259C09A0D00][00000259BFAA4940 49] iPhone12ProMax, [00000259C09C4E00][00000259BFAA8AC0 49] iPadPro105, [00000259C09A1000][00000259BFAACC40 49] iPadPro129, [00000259C09C5900][00000259BFAB0DC0 49] iPadPro97, [00000259C09A1600][00000259BFAB4F40 49] iPadPro2_129, [00000259C09C5B00][00000259BFAB90C0 49] iPad5, [00000259C09A3800][00000259BFA75200 49] iPad6, [00000259C09C7400][00000259BFABD340 49] iPad7, [00000259C0A17900][00000259C0AD1480 49] iPad8, [00000259C0AC1100][00000259C0AD55C0 49] iPadPro11, [00000259C0A15500][00000259C0ADD740 49] iPadPro2_11, [00000259C0AC0F00][00000259C0AE18C0 49] iPadPro3_129, [00000259C09C7300][00000259C0AE5A40 49] iPadPro4_129, [00000259C09A0A00][00000259C0AE9BC0 49] AppleTV, [00000259C09C7C00][00000259C0AEC1C0 49] AppleTV4K, [00000259C09A2900][00000259C0AF0340 49] TVOS, [00000259C09C6500][00000259C0AF44C0 49] Mac, [00000259C09A2500][00000259C0AF8640 49] MacClient, [00000259C09C5500][00000259C0AFC7C0 49] MacNoEditor, [00000259C09A0600][00000259C0B00940 49] MacServer, [00000259C09C5200][00000259C0B04AC0 49] Linux, [00000259C09A0C00][00000259C0B08C40 49] LinuxAArch64, [00000259C09C7F00][00000259C0B0CDC0 49] LinuxNoEditor, [00000259C09A1F00][00000259C0B10F40 49] LinuxAArch64NoEditor, [00000259C09C4600][00000259C0B150C0 49] LinuxClient, [00000259C09A3B00][00000259C0B19240 49] LinuxAArch64Client, [00000259C09C7200][00000259C0AD9380 49] LinuxServer, [00000259C09A3900][00000259C0B1D4C0 49] LinuxAArch64Server, [00000259C09C6100][00000259C0B21600 49] Android, [00000259C09A3400][00000259C0B25740 49] Android_Low, [00000259C09C4300][00000259C0B2D8C0 49] Android_Mid, [00000259C09A0300][00000259C0B31A40 49] Android_High, [00000259C09C7E00][00000259C0B35BC0 49] Android_Default, [00000259C09A2400][00000259C0B381C0 49] Android_Adreno4xx, [00000259C09C7500][00000259C0B3C340 49] Android_Adreno5xx_Low, [00000259C09A1900][00000259C0B404C0 49] Android_Adreno5xx, [00000259C0AC1700][00000259C0B44640 49] Android_Adreno6xx, [00000259C09A3300][00000259C0B487C0 49] Android_Adreno6xx_Vulkan, [00000259C09C4F00][00000259C0B4C940 49] Android_Mali_T6xx, [00000259C09A1700][00000259C0B50AC0 49] Android_Mali_T7xx, [00000259C09C6800][00000259C0B54C40 49] Android_Mali_T8xx, [00000259C09A3A00][00000259C0B58DC0 49] Android_Mali_G71, [00000259C09C6A00][00000259C0B5CF40 49] Android_Mali_G72, [00000259C09A0200][00000259C0B610C0 49] Android_Mali_G72_Vulkan, [00000259C09C7D00][00000259C0B65240 49] Android_Mali_G76, [00000259C09A2E00][00000259C0B693C0 49] Android_Mali_G76_Vulkan, [00000259C09C7600][00000259C0B6D540 49] Android_Mali_G77, [00000259C09A2B00][00000259C0B29680 49] Android_Mali_G77_Vulkan, [00000259C09C6400][00000259C0B717C0 49] Android_Mali_G78, [00000259C09A2100][00000259C0B75900 49] Android_Mali_G78_Vulkan, [00000259C09C6C00][00000259C0B7DA80 49] Android_Mali_G710, [00000259C09A2200][00000259C0B81C00 49] Android_Mali_G710_Vulkan, [00000259C09C4800][00000259C0B84200 49] Android_Vulkan_SM5, [00000259C09A2800][00000259C0B88380 49] Android_PowerVR_G6xxx, [00000259C09C7900][00000259C0B8C500 49] Android_PowerVR_GT7xxx, [00000259C09A1800][00000259C0B90680 49] Android_PowerVR_GE8xxx, [00000259C09C5800][00000259C0B94800 49] Android_PowerVR_GM9xxx, [00000259C0A17D00][00000259C0B98980 49] Android_PowerVR_GM9xxx_Vulkan, [00000259C09C5A00][00000259C0B9CB00 49] Android_TegraK1, [00000259C0A61800][00000259C0BA0C80 49] Android_Unknown_Vulkan, [00000259C09A0700][00000259C0BA4E00 49] Lumin, [00000259C0A60800][00000259C0BA8F80 49] Lumin_Desktop, [00000259C0A16300][00000259C0BAD100 49] HoloLens, 
[2025.04.10-18.08.11:233][  0]LogMeshReduction: Using QuadricMeshReduction for automatic static mesh reduction
[2025.04.10-18.08.11:233][  0]LogMeshReduction: Using SimplygonMeshReduction for automatic skeletal mesh reduction
[2025.04.10-18.08.11:233][  0]LogMeshReduction: Using ProxyLODMeshReduction for automatic mesh merging
[2025.04.10-18.08.11:233][  0]LogMeshReduction: No distributed automatic mesh merging module available
[2025.04.10-18.08.11:233][  0]LogMeshMerging: No distributed automatic mesh merging module available
[2025.04.10-18.08.11:280][  0]LogNetVersion: MyProject 1.0.0, NetCL: 17155196, EngineNetVer: 17, GameNetVer: 0 (Checksum: 3629800737)
[2025.04.10-18.08.11:849][  0]LogTexture: Default maximum texture size for cubemaps generated from long-lat sources has been changed from 512 to unlimited. In order to preserve old behaiour for '/Engine/MapTemplates/Sky/DaylightAmbientCubemap.DaylightAmbientCubemap', its maximum texture size has been explicitly set to 512.
[2025.04.10-18.08.11:927][  0]LogUObjectArray: 17011 objects as part of root set at end of initial load.
[2025.04.10-18.08.11:928][  0]LogUObjectAllocator: 4257152 out of 0 bytes used by permanent object pool.
[2025.04.10-18.08.11:928][  0]LogUObjectArray: CloseDisregardForGC: 0/0 objects in disregard for GC pool
[2025.04.10-18.08.12:267][  0]LogTcpMessaging: Initializing TcpMessaging bridge
[2025.04.10-18.08.12:271][  0]LogUdpMessaging: Initializing bridge on interface 0.0.0.0:0 to multicast group 230.0.0.1:6666.
[2025.04.10-18.08.12:297][  0]LogNiagaraDebuggerClient: Niagara Debugger Client Initialized | Session: 6BB9F4DC412DCF7D7E8ACEBB9B01B65A | Instance: 8AA7B5E64F247C9422E48CA77270A60C (ALEXF-13568).
[2025.04.10-18.08.12:347][  0]LogPython: Using Python 3.7.7
[2025.04.10-18.08.13:016][  0]SourceControl: Source control is disabled
[2025.04.10-18.08.13:016][  0]SourceControl: Source control is disabled
[2025.04.10-18.08.13:019][  0]SourceControl: Source control is disabled
[2025.04.10-18.08.13:021][  0]SourceControl: Source control is disabled
[2025.04.10-18.08.13:029][  0]SourceControl: Source control is disabled
[2025.04.10-18.08.13:034][  0]LogUProjectInfo: Found projects:
[2025.04.10-18.08.13:039][  0]LogVSAccessor: Display: Unable to create Visual Studio setup instance: 80040154
[2025.04.10-18.08.13:039][  0]LogVSAccessor: Display: Unable to create Visual Studio setup instance: 80040154
[2025.04.10-18.08.13:040][  0]LogVSAccessor: Display: Unable to create Visual Studio setup instance: 80040154
[2025.04.10-18.08.13:270][  0]LogOpenImageDenoise: OIDN starting up
[2025.04.10-18.08.13:283][  0]LogAndroidPermission: UAndroidPermissionCallbackProxy::GetInstance
[2025.04.10-18.08.13:304][  0]LogAudioCaptureCore: Display: No Audio Capture implementations found. Audio input will be silent.
[2025.04.10-18.08.13:304][  0]LogAudioCaptureCore: Display: No Audio Capture implementations found. Audio input will be silent.
[2025.04.10-18.08.13:448][  0]LogCollectionManager: Loaded 0 collections in 0.001621 seconds
[2025.04.10-18.08.13:504][  0]LogFileCache: Scanning file cache for directory 'C:/Users/sasha/Documents/GitHub/unreal_project/Saved/Collections/' took 0.00s
[2025.04.10-18.08.13:504][  0]LogFileCache: Scanning file cache for directory 'C:/Users/sasha/Documents/GitHub/unreal_project/Content/Developers/sasha/Collections/' took 0.00s
[2025.04.10-18.08.13:504][  0]LogFileCache: Scanning file cache for directory 'C:/Users/sasha/Documents/GitHub/unreal_project/Content/Collections/' took 0.00s
[2025.04.10-18.08.13:504][  0]LogEngine: Initializing Engine...
[2025.04.10-18.08.13:532][  0]LogHMD: Optional extension XR_VARJO_quad_views is not available
[2025.04.10-18.08.13:570][  0]LogHMD: Failed to create an OpenXR instance, result is XR_ERROR_RUNTIME_FAILURE. Please check if you have an OpenXR runtime installed. The following extensions were enabled:
[2025.04.10-18.08.13:570][  0]LogHMD: - XR_KHR_D3D11_enable
[2025.04.10-18.08.13:570][  0]LogHMD: - XR_KHR_D3D12_enable
[2025.04.10-18.08.13:570][  0]LogHMD: - XR_KHR_opengl_enable
[2025.04.10-18.08.13:570][  0]LogHMD: - XR_KHR_vulkan_enable
[2025.04.10-18.08.13:570][  0]LogHMD: - XR_KHR_composition_layer_depth
[2025.04.10-18.08.13:570][  0]LogHMD: - XR_KHR_visibility_mask
[2025.04.10-18.08.13:570][  0]LogHMD: - XR_EXT_hand_tracking
[2025.04.10-18.08.13:570][  0]LogHMD: - XR_EXT_eye_gaze_interaction
[2025.04.10-18.08.13:570][  0]LogMagicLeap: Warning: VR disabled because ZI is not enabled.  To enable, in the editor, Edit -> Project Settings -> Plugins -> Magic Leap Plugin -> Enable Zero Iteration
[2025.04.10-18.08.13:571][  0]LogStats: UGameplayTagsManager::InitializeManager -  0.000 s
[2025.04.10-18.08.13:728][  0]LogInit: Initializing FReadOnlyCVARCache
[2025.04.10-18.08.13:737][  0]LogAIModule: Creating AISystem for world Untitled
[2025.04.10-18.08.13:737][  0]LogAudio: Display: Initializing Audio Device Manager...
[2025.04.10-18.08.13:741][  0]LogAudio: Display: Loading Default Audio Settings Objects...
[2025.04.10-18.08.13:741][  0]LogAudio: Display: No default SoundConcurrencyObject specified (or failed to load).
[2025.04.10-18.08.13:742][  0]LogAudio: Display: Audio Device Manager Initialized
[2025.04.10-18.08.13:742][  0]LogAudio: Display: Creating Audio Device:                 Id: 1, Scope: Shared, Realtime: True
[2025.04.10-18.08.13:742][  0]LogAudioMixer: Display: Audio Mixer Platform Settings:
[2025.04.10-18.08.13:742][  0]LogAudioMixer: Display: 	Sample Rate:						  48000
[2025.04.10-18.08.13:742][  0]LogAudioMixer: Display: 	Callback Buffer Frame Size Requested: 1024
[2025.04.10-18.08.13:742][  0]LogAudioMixer: Display: 	Callback Buffer Frame Size To Use:	  1024
[2025.04.10-18.08.13:742][  0]LogAudioMixer: Display: 	Number of buffers to queue:			  1
[2025.04.10-18.08.13:742][  0]LogAudioMixer: Display: 	Max Channels (voices):				  0
[2025.04.10-18.08.13:742][  0]LogAudioMixer: Display: 	Number of Async Source Workers:		  4
[2025.04.10-18.08.13:742][  0]LogAudio: Display: AudioDevice MaxSources: 32
[2025.04.10-18.08.13:742][  0]LogAudio: Display: Audio Spatialization Plugin: Resonance Audio is external send: 1
[2025.04.10-18.08.13:742][  0]LogAudio: Display: Audio Reverb Plugin: Resonance Audio
[2025.04.10-18.08.13:742][  0]LogAudio: Display: Audio Occlusion Plugin: None (built-in).
[2025.04.10-18.08.13:742][  0]LogAudioMixer: Display: Initializing audio mixer.
[2025.04.10-18.08.13:782][  0]LogAudioMixer: Display: 0: FrontLeft
[2025.04.10-18.08.13:782][  0]LogAudioMixer: Display: 1: FrontRight
[2025.04.10-18.08.13:801][  0]LogAudioMixer: Display: Using Audio Device ASUS VG249 (HD Audio Driver for Display Audio)
[2025.04.10-18.08.13:804][  0]LogAudioMixer: Display: Initializing Sound Submixes...
[2025.04.10-18.08.13:806][  0]LogAudioMixer: Display: Creating Master Submix 'MasterSubmixDefault'
[2025.04.10-18.08.13:806][  0]LogAudioMixer: Display: Creating Master Submix 'MasterReverbSubmixDefault'
[2025.04.10-18.08.13:807][  0]LogAudioMixer: Display: Creating Master Submix 'MasterEQSubmixDefault'
[2025.04.10-18.08.13:808][  0]LogAudioMixer: FMixerPlatformXAudio2::StartAudioStream() called
[2025.04.10-18.08.13:808][  0]LogAudioMixer: Display: Output buffers initialized: Frames=1024, Channels=2, Samples=2048
[2025.04.10-18.08.13:809][  0]LogAudioMixer: Display: Starting AudioMixerPlatformInterface::RunInternal()
[2025.04.10-18.08.13:809][  0]LogAudioMixer: Display: FMixerPlatformXAudio2::SubmitBuffer() called for the first time
[2025.04.10-18.08.13:809][  0]LogInit: FAudioDevice initialized.
[2025.04.10-18.08.13:810][  0]LogAudio: Display: Audio Device (ID: 1) registered with world 'Untitled'.
[2025.04.10-18.08.13:810][  0]LogNetVersion: Set ProjectVersion to 1.0.0.0. Version Checksum will be recalculated on next use.
[2025.04.10-18.08.13:900][  0]LogDerivedDataCache: Saved boot cache 0.09s 122MB C:/Users/sasha/AppData/Local/UnrealEngine/4.27/DerivedDataCache/Boot.ddc.
[2025.04.10-18.08.13:904][  0]LogInit: Texture streaming: Enabled
[2025.04.10-18.08.13:917][  0]LogAnalytics: Display: [UEEditor.Rocket.Release] APIServer = https://datarouter.ol.epicgames.com/. AppVersion = 4.27.2-18319896+++UE4+Release-4.27
[2025.04.10-18.08.13:920][  0]LogEngineSessionManager: EngineSessionManager initialized
[2025.04.10-18.08.13:920][  0]LogEditorSessionSummary: Verbose: Initializing EditorSessionSummaryWriter for editor session tracking
[2025.04.10-18.08.13:921][  0]LogEditorSessionSummary: EditorSessionSummaryWriter initialized
[2025.04.10-18.08.13:944][  0]LogInit: Transaction tracking system initialized
[2025.04.10-18.08.13:963][  0]BlueprintLog: New page: Editor Load
[2025.04.10-18.08.14:014][  0]LocalizationService: Localization service is disabled
[2025.04.10-18.08.14:034][  0]TimingProfiler: Initialize
[2025.04.10-18.08.14:035][  0]TimingProfiler: OnSessionChanged
[2025.04.10-18.08.14:035][  0]LoadingProfiler: Initialize
[2025.04.10-18.08.14:035][  0]LoadingProfiler: OnSessionChanged
[2025.04.10-18.08.14:035][  0]NetworkingProfiler: Initialize
[2025.04.10-18.08.14:035][  0]NetworkingProfiler: OnSessionChanged
[2025.04.10-18.08.14:035][  0]MemoryProfiler: Initialize
[2025.04.10-18.08.14:035][  0]MemoryProfiler: OnSessionChanged
[2025.04.10-18.08.14:091][  0]LogVSAccessor: Display: Unable to create Visual Studio setup instance: 80040154
[2025.04.10-18.08.14:091][  0]LogVSAccessor: Display: Unable to create Visual Studio setup instance: 80040154
[2025.04.10-18.08.14:092][  0]LogVSAccessor: Display: Unable to create Visual Studio setup instance: 80040154
[2025.04.10-18.08.14:168][  0]LogCook: Display: CookSettings for Memory: MemoryMaxUsedVirtual 0MiB, MemoryMaxUsedPhysical 16384MiB, MemoryMinFreeVirtual 0MiB, MemoryMinFreePhysical 1024MiB
[2025.04.10-18.08.14:168][  0]LogCook: Display: Mobile HDR setting 0
[2025.04.10-18.08.14:335][  0]LogFileCache: Scanning file cache for directory 'C:/Users/sasha/Documents/GitHub/unreal_project/Content/' took 0.00s
[2025.04.10-18.08.14:335][  0]LogInit: Display: Engine is initialized. Leaving FEngineLoop::Init()
[2025.04.10-18.08.14:338][  0]SourceControl: Source control is disabled
[2025.04.10-18.08.14:339][  0]LogUnrealEdMisc: Loading editor; pre map load, took 6.696
[2025.04.10-18.08.14:339][  0]Cmd: MAP LOAD FILE="../../../../../../Users/sasha/Documents/GitHub/unreal_project/Content/VRTemplate/Maps/VRTemplateMap.umap" TEMPLATE=0 SHOWPROGRESS=1 FEATURELEVEL=3
[2025.04.10-18.08.14:339][  0]LightingResults: New page: Lighting Build
[2025.04.10-18.08.14:340][  0]LogWorld: UWorld::CleanupWorld for Untitled, bSessionEnded=true, bCleanupResources=true
[2025.04.10-18.08.14:340][  0]LogSlate: InvalidateAllWidgets triggered.  All widgets were invalidated
[2025.04.10-18.08.14:340][  0]MapCheck: New page: Map Check
[2025.04.10-18.08.14:340][  0]LightingResults: New page: Lighting Build
[2025.04.10-18.08.14:345][  0]LogAudio: Display: Audio Device unregistered from world 'None'.
[2025.04.10-18.08.14:348][  0]LogUObjectHash: Compacting FUObjectHashTables data took   0.71ms
[2025.04.10-18.08.14:944][  0]LogAudio: Display: Audio Device (ID: 1) registered with world 'VRTemplateMap'.
[2025.04.10-18.08.14:945][  0]LogAIModule: Creating AISystem for world VRTemplateMap
[2025.04.10-18.08.14:959][  0]LogEditorServer: Finished looking for orphan Actors (0.000 secs)
[2025.04.10-18.08.14:971][  0]LogUObjectHash: Compacting FUObjectHashTables data took   0.85ms
[2025.04.10-18.08.14:971][  0]Cmd: MAP CHECKDEP NOCLEARLOG
[2025.04.10-18.08.14:971][  0]MapCheck: Map check complete: 0 Error(s), 0 Warning(s), took 0,165ms to complete.
[2025.04.10-18.08.14:971][  0]LogFileHelpers: Loading map 'VRTemplateMap' took 0.633
[2025.04.10-18.08.14:973][  0]LogUnrealEdMisc: Total Editor Startup Time, took 7.331
[2025.04.10-18.08.15:068][  0]LogSlate: Updating window title bar state: overlay mode, drag disabled, window buttons hidden, title bar hidden
[2025.04.10-18.08.15:073][  0]LogSlate: Updating window title bar state: overlay mode, drag disabled, window buttons hidden, title bar hidden
[2025.04.10-18.08.15:078][  0]LogSlate: Updating window title bar state: overlay mode, drag disabled, window buttons hidden, title bar hidden
[2025.04.10-18.08.15:083][  0]LogSlate: Updating window title bar state: overlay mode, drag disabled, window buttons hidden, title bar hidden
[2025.04.10-18.08.15:096][  0]LogNativeClassHierarchy: Verbose: Native class hierarchy populated in 0.0084 seconds. Added 3809 classes and 916 folders.
[2025.04.10-18.08.15:099][  0]LogNativeClassHierarchy: Verbose: Native class hierarchy updated for 'WidgetCarousel' in 0.0003 seconds. Added 0 classes and 0 folders.
[2025.04.10-18.08.15:100][  0]LogPakFile: PakFile PrimaryIndexSize=187
[2025.04.10-18.08.15:100][  0]LogPakFile: PakFile PathHashIndexSize=101
[2025.04.10-18.08.15:100][  0]LogPakFile: PakFile FullDirectoryIndexSize=148
[2025.04.10-18.08.15:100][  0]LogShaderLibrary: Display: ShaderCodeLibraryPakFileMountedCallback: PakFile 'C:/Program Files/Epic Games/UE_4.27/FeaturePacks/FP_FirstPerson.upack' (chunk index -1, root 'root:/') mounted
[2025.04.10-18.08.15:100][  0]LogShaderLibrary: Display: ShaderCodeLibraryPakFileMountedCallback: pending pak file info (ChunkID:-1 Root:root:/ File:C:/Program Files/Epic Games/UE_4.27/FeaturePacks/FP_FirstPerson.upack)
[2025.04.10-18.08.15:100][  0]LogPakFile: OnPakFileMounted2Time == 0.000051
[2025.04.10-18.08.15:101][  0]LogPakFile: PakFile PrimaryIndexSize=189
[2025.04.10-18.08.15:101][  0]LogPakFile: PakFile PathHashIndexSize=101
[2025.04.10-18.08.15:101][  0]LogPakFile: PakFile FullDirectoryIndexSize=152
[2025.04.10-18.08.15:101][  0]LogShaderLibrary: Display: ShaderCodeLibraryPakFileMountedCallback: PakFile 'C:/Program Files/Epic Games/UE_4.27/FeaturePacks/FP_FirstPersonBP.upack' (chunk index -1, root 'root:/') mounted
[2025.04.10-18.08.15:101][  0]LogShaderLibrary: Display: ShaderCodeLibraryPakFileMountedCallback: pending pak file info (ChunkID:-1 Root:root:/ File:C:/Program Files/Epic Games/UE_4.27/FeaturePacks/FP_FirstPersonBP.upack)
[2025.04.10-18.08.15:101][  0]LogPakFile: OnPakFileMounted2Time == 0.000030
[2025.04.10-18.08.15:102][  0]LogPakFile: PakFile PrimaryIndexSize=191
[2025.04.10-18.08.15:102][  0]LogPakFile: PakFile PathHashIndexSize=101
[2025.04.10-18.08.15:102][  0]LogPakFile: PakFile FullDirectoryIndexSize=160
[2025.04.10-18.08.15:102][  0]LogShaderLibrary: Display: ShaderCodeLibraryPakFileMountedCallback: PakFile 'C:/Program Files/Epic Games/UE_4.27/FeaturePacks/MobileStarterContent.upack' (chunk index -1, root 'root:/') mounted
[2025.04.10-18.08.15:102][  0]LogShaderLibrary: Display: ShaderCodeLibraryPakFileMountedCallback: pending pak file info (ChunkID:-1 Root:root:/ File:C:/Program Files/Epic Games/UE_4.27/FeaturePacks/MobileStarterContent.upack)
[2025.04.10-18.08.15:102][  0]LogPakFile: OnPakFileMounted2Time == 0.000025
[2025.04.10-18.08.15:102][  0]LogPakFile: PakFile PrimaryIndexSize=185
[2025.04.10-18.08.15:102][  0]LogPakFile: PakFile PathHashIndexSize=101
[2025.04.10-18.08.15:102][  0]LogPakFile: PakFile FullDirectoryIndexSize=148
[2025.04.10-18.08.15:102][  0]LogShaderLibrary: Display: ShaderCodeLibraryPakFileMountedCallback: PakFile 'C:/Program Files/Epic Games/UE_4.27/FeaturePacks/StarterContent.upack' (chunk index -1, root 'root:/') mounted
[2025.04.10-18.08.15:102][  0]LogShaderLibrary: Display: ShaderCodeLibraryPakFileMountedCallback: pending pak file info (ChunkID:-1 Root:root:/ File:C:/Program Files/Epic Games/UE_4.27/FeaturePacks/StarterContent.upack)
[2025.04.10-18.08.15:102][  0]LogPakFile: OnPakFileMounted2Time == 0.000026
[2025.04.10-18.08.15:103][  0]LogPakFile: PakFile PrimaryIndexSize=190
[2025.04.10-18.08.15:103][  0]LogPakFile: PakFile PathHashIndexSize=101
[2025.04.10-18.08.15:103][  0]LogPakFile: PakFile FullDirectoryIndexSize=154
[2025.04.10-18.08.15:103][  0]LogShaderLibrary: Display: ShaderCodeLibraryPakFileMountedCallback: PakFile 'C:/Program Files/Epic Games/UE_4.27/FeaturePacks/TP_2DSideScroller.upack' (chunk index -1, root 'root:/') mounted
[2025.04.10-18.08.15:103][  0]LogShaderLibrary: Display: ShaderCodeLibraryPakFileMountedCallback: pending pak file info (ChunkID:-1 Root:root:/ File:C:/Program Files/Epic Games/UE_4.27/FeaturePacks/TP_2DSideScroller.upack)
[2025.04.10-18.08.15:103][  0]LogPakFile: OnPakFileMounted2Time == 0.000025
[2025.04.10-18.08.15:103][  0]LogPakFile: PakFile PrimaryIndexSize=192
[2025.04.10-18.08.15:103][  0]LogPakFile: PakFile PathHashIndexSize=101
[2025.04.10-18.08.15:103][  0]LogPakFile: PakFile FullDirectoryIndexSize=158
[2025.04.10-18.08.15:103][  0]LogShaderLibrary: Display: ShaderCodeLibraryPakFileMountedCallback: PakFile 'C:/Program Files/Epic Games/UE_4.27/FeaturePacks/TP_2DSideScrollerBP.upack' (chunk index -1, root 'root:/') mounted
[2025.04.10-18.08.15:103][  0]LogShaderLibrary: Display: ShaderCodeLibraryPakFileMountedCallback: pending pak file info (ChunkID:-1 Root:root:/ File:C:/Program Files/Epic Games/UE_4.27/FeaturePacks/TP_2DSideScrollerBP.upack)
[2025.04.10-18.08.15:103][  0]LogPakFile: OnPakFileMounted2Time == 0.000024
[2025.04.10-18.08.15:103][  0]LogPakFile: PakFile PrimaryIndexSize=182
[2025.04.10-18.08.15:103][  0]LogPakFile: PakFile PathHashIndexSize=101
[2025.04.10-18.08.15:103][  0]LogPakFile: PakFile FullDirectoryIndexSize=138
[2025.04.10-18.08.15:103][  0]LogShaderLibrary: Display: ShaderCodeLibraryPakFileMountedCallback: PakFile 'C:/Program Files/Epic Games/UE_4.27/FeaturePacks/TP_Flying.upack' (chunk index -1, root 'root:/') mounted
[2025.04.10-18.08.15:103][  0]LogShaderLibrary: Display: ShaderCodeLibraryPakFileMountedCallback: pending pak file info (ChunkID:-1 Root:root:/ File:C:/Program Files/Epic Games/UE_4.27/FeaturePacks/TP_Flying.upack)
[2025.04.10-18.08.15:103][  0]LogPakFile: OnPakFileMounted2Time == 0.000023
[2025.04.10-18.08.15:104][  0]LogPakFile: PakFile PrimaryIndexSize=184
[2025.04.10-18.08.15:104][  0]LogPakFile: PakFile PathHashIndexSize=101
[2025.04.10-18.08.15:104][  0]LogPakFile: PakFile FullDirectoryIndexSize=142
[2025.04.10-18.08.15:104][  0]LogShaderLibrary: Display: ShaderCodeLibraryPakFileMountedCallback: PakFile 'C:/Program Files/Epic Games/UE_4.27/FeaturePacks/TP_FlyingBP.upack' (chunk index -1, root 'root:/') mounted
[2025.04.10-18.08.15:104][  0]LogShaderLibrary: Display: ShaderCodeLibraryPakFileMountedCallback: pending pak file info (ChunkID:-1 Root:root:/ File:C:/Program Files/Epic Games/UE_4.27/FeaturePacks/TP_FlyingBP.upack)
[2025.04.10-18.08.15:104][  0]LogPakFile: OnPakFileMounted2Time == 0.000028
[2025.04.10-18.08.15:104][  0]LogPakFile: PakFile PrimaryIndexSize=188
[2025.04.10-18.08.15:104][  0]LogPakFile: PakFile PathHashIndexSize=101
[2025.04.10-18.08.15:104][  0]LogPakFile: PakFile FullDirectoryIndexSize=150
[2025.04.10-18.08.15:104][  0]LogShaderLibrary: Display: ShaderCodeLibraryPakFileMountedCallback: PakFile 'C:/Program Files/Epic Games/UE_4.27/FeaturePacks/TP_HandheldARBP.upack' (chunk index -1, root 'root:/') mounted
[2025.04.10-18.08.15:104][  0]LogShaderLibrary: Display: ShaderCodeLibraryPakFileMountedCallback: pending pak file info (ChunkID:-1 Root:root:/ File:C:/Program Files/Epic Games/UE_4.27/FeaturePacks/TP_HandheldARBP.upack)
[2025.04.10-18.08.15:104][  0]LogPakFile: OnPakFileMounted2Time == 0.000024
[2025.04.10-18.08.15:105][  0]LogPakFile: PakFile PrimaryIndexSize=182
[2025.04.10-18.08.15:105][  0]LogPakFile: PakFile PathHashIndexSize=101
[2025.04.10-18.08.15:105][  0]LogPakFile: PakFile FullDirectoryIndexSize=138
[2025.04.10-18.08.15:105][  0]LogShaderLibrary: Display: ShaderCodeLibraryPakFileMountedCallback: PakFile 'C:/Program Files/Epic Games/UE_4.27/FeaturePacks/TP_Puzzle.upack' (chunk index -1, root 'root:/') mounted
[2025.04.10-18.08.15:105][  0]LogShaderLibrary: Display: ShaderCodeLibraryPakFileMountedCallback: pending pak file info (ChunkID:-1 Root:root:/ File:C:/Program Files/Epic Games/UE_4.27/FeaturePacks/TP_Puzzle.upack)
[2025.04.10-18.08.15:105][  0]LogPakFile: OnPakFileMounted2Time == 0.000024
[2025.04.10-18.08.15:106][  0]LogPakFile: PakFile PrimaryIndexSize=184
[2025.04.10-18.08.15:106][  0]LogPakFile: PakFile PathHashIndexSize=101
[2025.04.10-18.08.15:106][  0]LogPakFile: PakFile FullDirectoryIndexSize=142
[2025.04.10-18.08.15:106][  0]LogShaderLibrary: Display: ShaderCodeLibraryPakFileMountedCallback: PakFile 'C:/Program Files/Epic Games/UE_4.27/FeaturePacks/TP_PuzzleBP.upack' (chunk index -1, root 'root:/') mounted
[2025.04.10-18.08.15:106][  0]LogShaderLibrary: Display: ShaderCodeLibraryPakFileMountedCallback: pending pak file info (ChunkID:-1 Root:root:/ File:C:/Program Files/Epic Games/UE_4.27/FeaturePacks/TP_PuzzleBP.upack)
[2025.04.10-18.08.15:106][  0]LogPakFile: OnPakFileMounted2Time == 0.000025
[2025.04.10-18.08.15:106][  0]LogPakFile: PakFile PrimaryIndexSize=183
[2025.04.10-18.08.15:106][  0]LogPakFile: PakFile PathHashIndexSize=101
[2025.04.10-18.08.15:106][  0]LogPakFile: PakFile FullDirectoryIndexSize=140
[2025.04.10-18.08.15:106][  0]LogShaderLibrary: Display: ShaderCodeLibraryPakFileMountedCallback: PakFile 'C:/Program Files/Epic Games/UE_4.27/FeaturePacks/TP_Rolling.upack' (chunk index -1, root 'root:/') mounted
[2025.04.10-18.08.15:106][  0]LogShaderLibrary: Display: ShaderCodeLibraryPakFileMountedCallback: pending pak file info (ChunkID:-1 Root:root:/ File:C:/Program Files/Epic Games/UE_4.27/FeaturePacks/TP_Rolling.upack)
[2025.04.10-18.08.15:106][  0]LogPakFile: OnPakFileMounted2Time == 0.000024
[2025.04.10-18.08.15:107][  0]LogPakFile: PakFile PrimaryIndexSize=185
[2025.04.10-18.08.15:107][  0]LogPakFile: PakFile PathHashIndexSize=101
[2025.04.10-18.08.15:107][  0]LogPakFile: PakFile FullDirectoryIndexSize=144
[2025.04.10-18.08.15:107][  0]LogShaderLibrary: Display: ShaderCodeLibraryPakFileMountedCallback: PakFile 'C:/Program Files/Epic Games/UE_4.27/FeaturePacks/TP_RollingBP.upack' (chunk index -1, root 'root:/') mounted
[2025.04.10-18.08.15:107][  0]LogShaderLibrary: Display: ShaderCodeLibraryPakFileMountedCallback: pending pak file info (ChunkID:-1 Root:root:/ File:C:/Program Files/Epic Games/UE_4.27/FeaturePacks/TP_RollingBP.upack)
[2025.04.10-18.08.15:107][  0]LogPakFile: OnPakFileMounted2Time == 0.000025
[2025.04.10-18.08.15:107][  0]LogPakFile: PakFile PrimaryIndexSize=188
[2025.04.10-18.08.15:107][  0]LogPakFile: PakFile PathHashIndexSize=101
[2025.04.10-18.08.15:107][  0]LogPakFile: PakFile FullDirectoryIndexSize=150
[2025.04.10-18.08.15:107][  0]LogShaderLibrary: Display: ShaderCodeLibraryPakFileMountedCallback: PakFile 'C:/Program Files/Epic Games/UE_4.27/FeaturePacks/TP_SideScroller.upack' (chunk index -1, root 'root:/') mounted
[2025.04.10-18.08.15:107][  0]LogShaderLibrary: Display: ShaderCodeLibraryPakFileMountedCallback: pending pak file info (ChunkID:-1 Root:root:/ File:C:/Program Files/Epic Games/UE_4.27/FeaturePacks/TP_SideScroller.upack)
[2025.04.10-18.08.15:107][  0]LogPakFile: OnPakFileMounted2Time == 0.000024
[2025.04.10-18.08.15:107][  0]LogPakFile: PakFile PrimaryIndexSize=190
[2025.04.10-18.08.15:107][  0]LogPakFile: PakFile PathHashIndexSize=101
[2025.04.10-18.08.15:107][  0]LogPakFile: PakFile FullDirectoryIndexSize=154
[2025.04.10-18.08.15:107][  0]LogShaderLibrary: Display: ShaderCodeLibraryPakFileMountedCallback: PakFile 'C:/Program Files/Epic Games/UE_4.27/FeaturePacks/TP_SideScrollerBP.upack' (chunk index -1, root 'root:/') mounted
[2025.04.10-18.08.15:107][  0]LogShaderLibrary: Display: ShaderCodeLibraryPakFileMountedCallback: pending pak file info (ChunkID:-1 Root:root:/ File:C:/Program Files/Epic Games/UE_4.27/FeaturePacks/TP_SideScrollerBP.upack)
[2025.04.10-18.08.15:107][  0]LogPakFile: OnPakFileMounted2Time == 0.000025
[2025.04.10-18.08.15:108][  0]LogPakFile: PakFile PrimaryIndexSize=187
[2025.04.10-18.08.15:108][  0]LogPakFile: PakFile PathHashIndexSize=101
[2025.04.10-18.08.15:108][  0]LogPakFile: PakFile FullDirectoryIndexSize=148
[2025.04.10-18.08.15:108][  0]LogShaderLibrary: Display: ShaderCodeLibraryPakFileMountedCallback: PakFile 'C:/Program Files/Epic Games/UE_4.27/FeaturePacks/TP_ThirdPerson.upack' (chunk index -1, root 'root:/') mounted
[2025.04.10-18.08.15:108][  0]LogShaderLibrary: Display: ShaderCodeLibraryPakFileMountedCallback: pending pak file info (ChunkID:-1 Root:root:/ File:C:/Program Files/Epic Games/UE_4.27/FeaturePacks/TP_ThirdPerson.upack)
[2025.04.10-18.08.15:108][  0]LogPakFile: OnPakFileMounted2Time == 0.000024
[2025.04.10-18.08.15:108][  0]LogPakFile: PakFile PrimaryIndexSize=189
[2025.04.10-18.08.15:108][  0]LogPakFile: PakFile PathHashIndexSize=101
[2025.04.10-18.08.15:108][  0]LogPakFile: PakFile FullDirectoryIndexSize=152
[2025.04.10-18.08.15:108][  0]LogShaderLibrary: Display: ShaderCodeLibraryPakFileMountedCallback: PakFile 'C:/Program Files/Epic Games/UE_4.27/FeaturePacks/TP_ThirdPersonBP.upack' (chunk index -1, root 'root:/') mounted
[2025.04.10-18.08.15:108][  0]LogShaderLibrary: Display: ShaderCodeLibraryPakFileMountedCallback: pending pak file info (ChunkID:-1 Root:root:/ File:C:/Program Files/Epic Games/UE_4.27/FeaturePacks/TP_ThirdPersonBP.upack)
[2025.04.10-18.08.15:108][  0]LogPakFile: OnPakFileMounted2Time == 0.000024
[2025.04.10-18.08.15:108][  0]LogPakFile: PakFile PrimaryIndexSize=183
[2025.04.10-18.08.15:108][  0]LogPakFile: PakFile PathHashIndexSize=101
[2025.04.10-18.08.15:108][  0]LogPakFile: PakFile FullDirectoryIndexSize=140
[2025.04.10-18.08.15:109][  0]LogShaderLibrary: Display: ShaderCodeLibraryPakFileMountedCallback: PakFile 'C:/Program Files/Epic Games/UE_4.27/FeaturePacks/TP_TopDown.upack' (chunk index -1, root 'root:/') mounted
[2025.04.10-18.08.15:109][  0]LogShaderLibrary: Display: ShaderCodeLibraryPakFileMountedCallback: pending pak file info (ChunkID:-1 Root:root:/ File:C:/Program Files/Epic Games/UE_4.27/FeaturePacks/TP_TopDown.upack)
[2025.04.10-18.08.15:109][  0]LogPakFile: OnPakFileMounted2Time == 0.000046
[2025.04.10-18.08.15:109][  0]LogPakFile: PakFile PrimaryIndexSize=185
[2025.04.10-18.08.15:109][  0]LogPakFile: PakFile PathHashIndexSize=101
[2025.04.10-18.08.15:109][  0]LogPakFile: PakFile FullDirectoryIndexSize=144
[2025.04.10-18.08.15:109][  0]LogShaderLibrary: Display: ShaderCodeLibraryPakFileMountedCallback: PakFile 'C:/Program Files/Epic Games/UE_4.27/FeaturePacks/TP_TopDownBP.upack' (chunk index -1, root 'root:/') mounted
[2025.04.10-18.08.15:109][  0]LogShaderLibrary: Display: ShaderCodeLibraryPakFileMountedCallback: pending pak file info (ChunkID:-1 Root:root:/ File:C:/Program Files/Epic Games/UE_4.27/FeaturePacks/TP_TopDownBP.upack)
[2025.04.10-18.08.15:109][  0]LogPakFile: OnPakFileMounted2Time == 0.000023
[2025.04.10-18.08.15:109][  0]LogPakFile: PakFile PrimaryIndexSize=185
[2025.04.10-18.08.15:109][  0]LogPakFile: PakFile PathHashIndexSize=101
[2025.04.10-18.08.15:109][  0]LogPakFile: PakFile FullDirectoryIndexSize=144
[2025.04.10-18.08.15:109][  0]LogShaderLibrary: Display: ShaderCodeLibraryPakFileMountedCallback: PakFile 'C:/Program Files/Epic Games/UE_4.27/FeaturePacks/TP_TwinStick.upack' (chunk index -1, root 'root:/') mounted
[2025.04.10-18.08.15:109][  0]LogShaderLibrary: Display: ShaderCodeLibraryPakFileMountedCallback: pending pak file info (ChunkID:-1 Root:root:/ File:C:/Program Files/Epic Games/UE_4.27/FeaturePacks/TP_TwinStick.upack)
[2025.04.10-18.08.15:109][  0]LogPakFile: OnPakFileMounted2Time == 0.000023
[2025.04.10-18.08.15:110][  0]LogPakFile: PakFile PrimaryIndexSize=187
[2025.04.10-18.08.15:110][  0]LogPakFile: PakFile PathHashIndexSize=101
[2025.04.10-18.08.15:110][  0]LogPakFile: PakFile FullDirectoryIndexSize=148
[2025.04.10-18.08.15:110][  0]LogShaderLibrary: Display: ShaderCodeLibraryPakFileMountedCallback: PakFile 'C:/Program Files/Epic Games/UE_4.27/FeaturePacks/TP_TwinStickBP.upack' (chunk index -1, root 'root:/') mounted
[2025.04.10-18.08.15:110][  0]LogShaderLibrary: Display: ShaderCodeLibraryPakFileMountedCallback: pending pak file info (ChunkID:-1 Root:root:/ File:C:/Program Files/Epic Games/UE_4.27/FeaturePacks/TP_TwinStickBP.upack)
[2025.04.10-18.08.15:110][  0]LogPakFile: OnPakFileMounted2Time == 0.000023
[2025.04.10-18.08.15:110][  0]LogPakFile: PakFile PrimaryIndexSize=183
[2025.04.10-18.08.15:110][  0]LogPakFile: PakFile PathHashIndexSize=101
[2025.04.10-18.08.15:110][  0]LogPakFile: PakFile FullDirectoryIndexSize=140
[2025.04.10-18.08.15:110][  0]LogShaderLibrary: Display: ShaderCodeLibraryPakFileMountedCallback: PakFile 'C:/Program Files/Epic Games/UE_4.27/FeaturePacks/TP_Vehicle.upack' (chunk index -1, root 'root:/') mounted
[2025.04.10-18.08.15:110][  0]LogShaderLibrary: Display: ShaderCodeLibraryPakFileMountedCallback: pending pak file info (ChunkID:-1 Root:root:/ File:C:/Program Files/Epic Games/UE_4.27/FeaturePacks/TP_Vehicle.upack)
[2025.04.10-18.08.15:110][  0]LogPakFile: OnPakFileMounted2Time == 0.000025
[2025.04.10-18.08.15:110][  0]LogPakFile: PakFile PrimaryIndexSize=186
[2025.04.10-18.08.15:110][  0]LogPakFile: PakFile PathHashIndexSize=101
[2025.04.10-18.08.15:110][  0]LogPakFile: PakFile FullDirectoryIndexSize=146
[2025.04.10-18.08.15:110][  0]LogShaderLibrary: Display: ShaderCodeLibraryPakFileMountedCallback: PakFile 'C:/Program Files/Epic Games/UE_4.27/FeaturePacks/TP_VehicleAdv.upack' (chunk index -1, root 'root:/') mounted
[2025.04.10-18.08.15:110][  0]LogShaderLibrary: Display: ShaderCodeLibraryPakFileMountedCallback: pending pak file info (ChunkID:-1 Root:root:/ File:C:/Program Files/Epic Games/UE_4.27/FeaturePacks/TP_VehicleAdv.upack)
[2025.04.10-18.08.15:110][  0]LogPakFile: OnPakFileMounted2Time == 0.000025
[2025.04.10-18.08.15:110][  0]LogPakFile: PakFile PrimaryIndexSize=188
[2025.04.10-18.08.15:110][  0]LogPakFile: PakFile PathHashIndexSize=101
[2025.04.10-18.08.15:110][  0]LogPakFile: PakFile FullDirectoryIndexSize=150
[2025.04.10-18.08.15:110][  0]LogShaderLibrary: Display: ShaderCodeLibraryPakFileMountedCallback: PakFile 'C:/Program Files/Epic Games/UE_4.27/FeaturePacks/TP_VehicleAdvBP.upack' (chunk index -1, root 'root:/') mounted
[2025.04.10-18.08.15:110][  0]LogShaderLibrary: Display: ShaderCodeLibraryPakFileMountedCallback: pending pak file info (ChunkID:-1 Root:root:/ File:C:/Program Files/Epic Games/UE_4.27/FeaturePacks/TP_VehicleAdvBP.upack)
[2025.04.10-18.08.15:110][  0]LogPakFile: OnPakFileMounted2Time == 0.000024
[2025.04.10-18.08.15:112][  0]LogPakFile: PakFile PrimaryIndexSize=185
[2025.04.10-18.08.15:112][  0]LogPakFile: PakFile PathHashIndexSize=101
[2025.04.10-18.08.15:112][  0]LogPakFile: PakFile FullDirectoryIndexSize=144
[2025.04.10-18.08.15:112][  0]LogShaderLibrary: Display: ShaderCodeLibraryPakFileMountedCallback: PakFile 'C:/Program Files/Epic Games/UE_4.27/FeaturePacks/TP_VehicleBP.upack' (chunk index -1, root 'root:/') mounted
[2025.04.10-18.08.15:112][  0]LogShaderLibrary: Display: ShaderCodeLibraryPakFileMountedCallback: pending pak file info (ChunkID:-1 Root:root:/ File:C:/Program Files/Epic Games/UE_4.27/FeaturePacks/TP_VehicleBP.upack)
[2025.04.10-18.08.15:112][  0]LogPakFile: OnPakFileMounted2Time == 0.000026
[2025.04.10-18.08.15:112][  0]LogPakFile: PakFile PrimaryIndexSize=192
[2025.04.10-18.08.15:112][  0]LogPakFile: PakFile PathHashIndexSize=101
[2025.04.10-18.08.15:112][  0]LogPakFile: PakFile FullDirectoryIndexSize=158
[2025.04.10-18.08.15:112][  0]LogShaderLibrary: Display: ShaderCodeLibraryPakFileMountedCallback: PakFile 'C:/Program Files/Epic Games/UE_4.27/FeaturePacks/TP_VirtualRealityBP.upack' (chunk index -1, root 'root:/') mounted
[2025.04.10-18.08.15:112][  0]LogShaderLibrary: Display: ShaderCodeLibraryPakFileMountedCallback: pending pak file info (ChunkID:-1 Root:root:/ File:C:/Program Files/Epic Games/UE_4.27/FeaturePacks/TP_VirtualRealityBP.upack)
[2025.04.10-18.08.15:112][  0]LogPakFile: OnPakFileMounted2Time == 0.000023
[2025.04.10-18.08.15:154][  0]LogNativeClassHierarchy: Verbose: Native class hierarchy updated for 'AddContentDialog' in 0.0002 seconds. Added 0 classes and 0 folders.
[2025.04.10-18.08.15:155][  0]LogNativeClassHierarchy: Verbose: Native class hierarchy updated for 'SceneOutliner' in 0.0003 seconds. Added 2 classes and 0 folders.
[2025.04.10-18.08.15:203][  0]LogSlate: Took 0.000430 seconds to synchronously load lazily loaded font '../../../Engine/Content/Slate/Fonts/Roboto-Regular.ttf' (155K)
[2025.04.10-18.08.15:205][  0]LogSlate: Took 0.000378 seconds to synchronously load lazily loaded font '../../../Engine/Content/Editor/Slate/Fonts/FontAwesome.ttf' (139K)
[2025.04.10-18.08.15:206][  0]LogSlate: Took 0.000417 seconds to synchronously load lazily loaded font '../../../Engine/Content/Slate/Fonts/Roboto-Bold.ttf' (160K)
[2025.04.10-18.08.15:283][  0]LogRenderer: Reallocating scene render targets to support 1208x568 Format 9 NumSamples 4 (Frame:1).
[2025.04.10-18.08.15:404][  0]LogNativeClassHierarchy: Verbose: Native class hierarchy updated for 'HierarchicalLODOutliner' in 0.0008 seconds. Added 0 classes and 0 folders.
[2025.04.10-18.08.15:404][  0]LogLoad: (Engine Initialization) Total time: 7.76 seconds
[2025.04.10-18.08.15:404][  0]LogLoad: (Engine Initialization) Total Blueprint compile time: 0.00 seconds
[2025.04.10-18.08.15:460][  0]LogAssetRegistry: Asset discovery search completed in 4.7159 seconds
[2025.04.10-18.08.15:467][  0]LogCollectionManager: Fixed up redirectors for 0 collections in 0.000005 seconds (updated 0 objects)
[2025.04.10-18.08.15:481][  0]LogResonanceAudio: Display: Resonance Audio Listener is initialized
[2025.04.10-18.08.15:481][  0]LogContentStreaming: Texture pool size now 600 MB
[2025.04.10-18.08.16:100][  2]LogSlate: Took 0.000323 seconds to synchronously load lazily loaded font '../../../Engine/Content/Slate/Fonts/Roboto-Light.ttf' (167K)
[2025.04.10-18.08.16:756][  4]LogSlate: Took 0.000312 seconds to synchronously load lazily loaded font '../../../Engine/Content/Slate/Fonts/Roboto-Light.ttf' (167K)
[2025.04.10-18.09.10:507][993]LogAssetEditorSubsystem: Opening Asset editor for Blueprint /Game/VRTemplate/Blueprints/VRPawn.VRPawn
[2025.04.10-18.09.10:704][993]LogNativeClassHierarchy: Verbose: Native class hierarchy updated for 'BlueprintGraph' in 0.0005 seconds. Added 126 classes and 0 folders.
[2025.04.10-18.09.11:445][993]LogSlate: New Slate User Created.  User Index 8, Is Virtual User: 1
[2025.04.10-18.09.11:445][993]LogSlate: Slate User Registered.  User Index 8, Is Virtual User: 1
[2025.04.10-18.09.11:481][993]LogSlate: Took 0.000756 seconds to synchronously load lazily loaded font '../../../Engine/Content/Slate/Fonts/Roboto-BoldCondensed.ttf' (158K)
[2025.04.10-18.09.11:634][994]LogSlate: Took 0.000949 seconds to synchronously load lazily loaded font '../../../Engine/Content/Slate/Fonts/Roboto-Italic.ttf' (157K)
[2025.04.10-18.09.23:839][711]LogAssetEditorSubsystem: Opening Asset editor for WidgetBlueprint /Game/Sanya_Content/WB_StartMenu.WB_StartMenu
[2025.04.10-18.09.24:192][711]LogAssetEditorSubsystem: Opening Asset editor for Blueprint /Game/Sanya_Content/BP_WidgetHolder.BP_WidgetHolder
[2025.04.10-18.14.36:252][425]LogSlate: Window 'BP_WidgetHolder' being destroyed
[2025.04.10-18.14.36:271][426]LogRenderer: Reallocating scene render targets to support 1208x704 Format 9 NumSamples 4 (Frame:560).
[2025.04.10-18.14.56:838][624]LogTemp: Repeating last play command: Simulate
[2025.04.10-18.14.56:849][624]LogPlayLevel: PlayLevel: No blueprints needed recompiling
[2025.04.10-18.14.56:852][624]PIE: New page: SIE session: VRTemplateMap (11 апр. 2025 г., 00:14:56)
[2025.04.10-18.14.56:858][624]LogOnline: OSS: Creating online subsystem instance for: NULL
[2025.04.10-18.14.56:859][624]LogOnline: OSS: TryLoadSubsystemAndSetDefault: Loaded subsystem for module [NULL]
[2025.04.10-18.14.56:860][624]LogPlayLevel: Creating play world package: /Game/VRTemplate/Maps/UEDPIE_0_VRTemplateMap
[2025.04.10-18.14.56:866][624]LogPlayLevel: PIE: StaticDuplicateObject took: (0.006504s)
[2025.04.10-18.14.56:867][624]LogAIModule: Creating AISystem for world VRTemplateMap
[2025.04.10-18.14.56:868][624]LogPlayLevel: PIE: World Init took: (0.002149s)
[2025.04.10-18.14.56:868][624]LogPlayLevel: PIE: Created PIE world by copying editor world from /Game/VRTemplate/Maps/VRTemplateMap.VRTemplateMap to /Game/VRTemplate/Maps/UEDPIE_0_VRTemplateMap.VRTemplateMap (0.009204s)
[2025.04.10-18.14.56:922][624]LogUObjectHash: Compacting FUObjectHashTables data took   3.04ms
[2025.04.10-18.14.56:932][624]LogAudio: Display: Creating Audio Device:                 Id: 2, Scope: Unique, Realtime: True
[2025.04.10-18.14.56:932][624]LogAudioMixer: Display: Audio Mixer Platform Settings:
[2025.04.10-18.14.56:932][624]LogAudioMixer: Display: 	Sample Rate:						  48000
[2025.04.10-18.14.56:932][624]LogAudioMixer: Display: 	Callback Buffer Frame Size Requested: 1024
[2025.04.10-18.14.56:932][624]LogAudioMixer: Display: 	Callback Buffer Frame Size To Use:	  1024
[2025.04.10-18.14.56:932][624]LogAudioMixer: Display: 	Number of buffers to queue:			  1
[2025.04.10-18.14.56:932][624]LogAudioMixer: Display: 	Max Channels (voices):				  0
[2025.04.10-18.14.56:932][624]LogAudioMixer: Display: 	Number of Async Source Workers:		  4
[2025.04.10-18.14.56:932][624]LogAudio: Display: AudioDevice MaxSources: 32
[2025.04.10-18.14.56:932][624]LogAudio: Display: Audio Spatialization Plugin: Resonance Audio is external send: 1
[2025.04.10-18.14.56:932][624]LogAudio: Display: Audio Reverb Plugin: Resonance Audio
[2025.04.10-18.14.56:932][624]LogAudio: Display: Audio Occlusion Plugin: None (built-in).
[2025.04.10-18.14.56:932][624]LogAudioMixer: Display: Initializing audio mixer.
[2025.04.10-18.14.56:940][624]LogAudioMixer: Display: 0: FrontLeft
[2025.04.10-18.14.56:940][624]LogAudioMixer: Display: 1: FrontRight
[2025.04.10-18.14.56:946][624]LogAudioMixer: Display: Using Audio Device ASUS VG249 (HD Audio Driver for Display Audio)
[2025.04.10-18.14.56:946][624]LogAudioMixer: Display: Initializing Sound Submixes...
[2025.04.10-18.14.56:946][624]LogAudioMixer: Display: Creating Master Submix 'MasterSubmixDefault'
[2025.04.10-18.14.56:946][624]LogAudioMixer: Display: Creating Master Submix 'MasterReverbSubmixDefault'
[2025.04.10-18.14.56:946][624]LogAudioMixer: Display: Creating Master Submix 'MasterEQSubmixDefault'
[2025.04.10-18.14.56:947][624]LogAudioMixer: FMixerPlatformXAudio2::StartAudioStream() called
[2025.04.10-18.14.56:947][624]LogAudioMixer: Display: Output buffers initialized: Frames=1024, Channels=2, Samples=2048
[2025.04.10-18.14.56:948][624]LogAudioMixer: Display: Starting AudioMixerPlatformInterface::RunInternal()
[2025.04.10-18.14.56:948][624]LogAudioMixer: Display: FMixerPlatformXAudio2::SubmitBuffer() called for the first time
[2025.04.10-18.14.56:948][624]LogInit: FAudioDevice initialized.
[2025.04.10-18.14.56:948][624]LogAudio: Display: Audio Device (ID: 2) registered with world 'VRTemplateMap'.
[2025.04.10-18.14.56:959][624]LogLoad: Game class is 'VRGameMode_C'
[2025.04.10-18.14.56:962][624]LogWorld: Bringing World /Game/VRTemplate/Maps/UEDPIE_0_VRTemplateMap.VRTemplateMap up for play (max tick rate 0) at 2025.04.10-21.14.56
[2025.04.10-18.14.56:963][624]LogWorld: Bringing up level for play took: 0.001853
[2025.04.10-18.14.56:964][624]LogOnline: OSS: Creating online subsystem instance for: :Context_6
[2025.04.10-18.14.56:970][624]LogSpawn: Warning: SpawnActor failed because no class was specified
[2025.04.10-18.14.56:974][624]LogNativeClassHierarchy: Verbose: Native class hierarchy updated for 'MovieSceneCapture' in 0.0003 seconds. Added 20 classes and 0 folders.
[2025.04.10-18.14.56:977][624]PIE: Server logged in
[2025.04.10-18.14.56:978][624]PIE: Play in editor total start time 0,135 seconds.
[2025.04.10-18.14.56:997][624]LogResonanceAudio: Display: Resonance Audio Listener is initialized
[2025.04.10-18.14.58:057][709]LogSlate: Updating window title bar state: overlay mode, drag disabled, window buttons hidden, title bar hidden
[2025.04.10-18.14.58:057][709]LogWorld: BeginTearingDown for /Game/VRTemplate/Maps/UEDPIE_0_VRTemplateMap
[2025.04.10-18.14.58:059][709]LogWorld: UWorld::CleanupWorld for VRTemplateMap, bSessionEnded=true, bCleanupResources=true
[2025.04.10-18.14.58:060][709]LogSlate: InvalidateAllWidgets triggered.  All widgets were invalidated
[2025.04.10-18.14.58:067][709]LogPlayLevel: Display: Shutting down PIE online subsystems
[2025.04.10-18.14.58:072][709]LogSlate: InvalidateAllWidgets triggered.  All widgets were invalidated
[2025.04.10-18.14.58:100][709]LogAudio: Display: Audio Device unregistered from world 'None'.
[2025.04.10-18.14.58:102][709]LogResonanceAudio: Display: Resonance Audio Listener is shutdown
[2025.04.10-18.14.58:103][709]LogAudioMixer: FMixerPlatformXAudio2::StopAudioStream() called
[2025.04.10-18.14.58:104][709]LogAudioMixer: FMixerPlatformXAudio2::StopAudioStream() called
[2025.04.10-18.14.58:107][709]LogSlate: Updating window title bar state: overlay mode, drag disabled, window buttons hidden, title bar hidden
[2025.04.10-18.14.58:146][709]LogUObjectHash: Compacting FUObjectHashTables data took   3.17ms
[2025.04.10-18.14.58:161][710]LogPlayLevel: Display: Destroying online subsystem :Context_6
[2025.04.10-18.15.21:301][991]LogUObjectHash: Compacting FUObjectHashTables data took   2.45ms
[2025.04.10-18.15.21:387][991]LogTexture: Display: Building textures: DeprecatedTextureD6C57B644F03DADF4F2699848FAEA3C3 (BGRA8, 128X128)
[2025.04.10-18.15.21:392][991]LogTexture: Display: Building textures: DeprecatedTexture8D91C9AE4C6B8D628CDA3C848426284A (BGRA8, 128X128)
[2025.04.10-18.15.21:413][991]LogAssetEditorSubsystem: Opening Asset editor for World /Game/StarterContent/Maps/Minimal_Default.Minimal_Default
[2025.04.10-18.15.21:413][991]Cmd: MAP LOAD FILE="../../../../../../Users/sasha/Documents/GitHub/unreal_project/Content/StarterContent/Maps/Minimal_Default.umap" TEMPLATE=0 SHOWPROGRESS=1 FEATURELEVEL=3
[2025.04.10-18.15.21:413][991]LightingResults: New page: Lighting Build
[2025.04.10-18.15.21:414][991]LoadErrors: New page: Loading map: Minimal_Default.umap
[2025.04.10-18.15.21:453][991]LogWorld: UWorld::CleanupWorld for VRTemplateMap, bSessionEnded=true, bCleanupResources=true
[2025.04.10-18.15.21:453][991]LogSlate: InvalidateAllWidgets triggered.  All widgets were invalidated
[2025.04.10-18.15.21:453][991]MapCheck: New page: Map Check
[2025.04.10-18.15.21:453][991]LightingResults: New page: Lighting Build
[2025.04.10-18.15.21:474][991]LogAudio: Display: Audio Device unregistered from world 'None'.
[2025.04.10-18.15.21:480][991]LogUObjectHash: Compacting FUObjectHashTables data took   1.78ms
[2025.04.10-18.15.21:480][991]LogAudio: Display: Audio Device (ID: 1) registered with world 'Minimal_Default'.
[2025.04.10-18.15.21:483][991]LogEditorServer: Finished looking for orphan Actors (0.000 secs)
[2025.04.10-18.15.21:483][991]LogAIModule: Creating AISystem for world Minimal_Default
[2025.04.10-18.15.21:508][991]LogUObjectHash: Compacting FUObjectHashTables data took   1.89ms
[2025.04.10-18.15.21:516][991]Cmd: MAP CHECKDEP NOCLEARLOG
[2025.04.10-18.15.21:516][991]MapCheck: Map check complete: 0 Error(s), 0 Warning(s), took 0,092ms to complete.
[2025.04.10-18.15.21:516][991]LogFileHelpers: Loading map 'Minimal_Default' took 0.103
[2025.04.10-18.15.31:730][ 66]LogUObjectHash: Compacting FUObjectHashTables data took   0.50ms
[2025.04.10-18.15.31:754][ 66]LogWorld: UWorld::CleanupWorld for World_1, bSessionEnded=true, bCleanupResources=true
[2025.04.10-18.15.31:754][ 66]LogSlate: InvalidateAllWidgets triggered.  All widgets were invalidated
[2025.04.10-18.15.31:818][ 66]LogWorld: UWorld::CleanupWorld for World_3, bSessionEnded=true, bCleanupResources=true
[2025.04.10-18.15.31:818][ 66]LogSlate: InvalidateAllWidgets triggered.  All widgets were invalidated
[2025.04.10-18.15.31:823][ 66]LogWorld: UWorld::CleanupWorld for World_2, bSessionEnded=true, bCleanupResources=true
[2025.04.10-18.15.31:823][ 66]LogSlate: InvalidateAllWidgets triggered.  All widgets were invalidated
[2025.04.10-18.15.31:858][ 66]LogActorComponent: UnregisterComponent: (/Engine/Transient.EditorFloorComp) Not registered. Aborting.
[2025.04.10-18.15.31:858][ 66]LogWorld: UWorld::CleanupWorld for World_4, bSessionEnded=true, bCleanupResources=true
[2025.04.10-18.15.31:858][ 66]LogSlate: InvalidateAllWidgets triggered.  All widgets were invalidated
[2025.04.10-18.15.31:917][ 66]LogSlate: Window 'MyProject - Unreal Editor' being destroyed
[2025.04.10-18.15.31:918][ 66]LogWindowsTextInputMethodSystem: Display: IME system deactivated.
[2025.04.10-18.15.32:054][ 67]Cmd: QUIT_EDITOR
[2025.04.10-18.15.32:054][ 67]LogCore: Engine exit requested (reason: UUnrealEdEngine::CloseEditor())
[2025.04.10-18.15.32:062][ 67]LogCore: Engine exit requested (reason: EngineExit() was called; note: exit was already requested)
[2025.04.10-18.15.33:000][ 67]LogAudio: Display: Beginning Audio Device Manager Shutdown (Module: AudioMixerXAudio2)...
[2025.04.10-18.15.33:000][ 67]LogAudio: Display: Destroying 1 Remaining Audio Device(s)...
[2025.04.10-18.15.33:000][ 67]LogAudio: Display: Audio Device unregistered from world 'Minimal_Default'.
[2025.04.10-18.15.33:000][ 67]LogResonanceAudio: Display: Resonance Audio Listener is shutdown
[2025.04.10-18.15.33:000][ 67]LogAudioMixer: FMixerPlatformXAudio2::StopAudioStream() called
[2025.04.10-18.15.33:001][ 67]LogAudioMixer: FMixerPlatformXAudio2::StopAudioStream() called
[2025.04.10-18.15.33:016][ 67]LogAudio: Display: Audio Device Manager Shutdown
[2025.04.10-18.15.33:020][ 67]LogExit: Preparing to exit.
[2025.04.10-18.15.33:069][ 67]LogUObjectHash: Compacting FUObjectHashTables data took   2.18ms
[2025.04.10-18.15.33:661][ 67]LogWorld: UWorld::CleanupWorld for World_0, bSessionEnded=true, bCleanupResources=true
[2025.04.10-18.15.33:720][ 67]LogDemo: Cleaned up 0 splitscreen connections with owner deletion
[2025.04.10-18.15.33:736][ 67]LogWorld: UWorld::CleanupWorld for None, bSessionEnded=true, bCleanupResources=true
[2025.04.10-18.15.33:736][ 67]LogExit: Editor shut down
[2025.04.10-18.15.33:738][ 67]LogExit: Transaction tracking system shut down
[2025.04.10-18.15.34:061][ 67]LogExit: Object subsystem successfully closed.
[2025.04.10-18.15.34:077][ 67]LogShaderCompilers: Display: === FShaderJobCache stats ===
[2025.04.10-18.15.34:077][ 67]LogShaderCompilers: Display: Total job queries 0, among them cache hits 0 (0.00%)
[2025.04.10-18.15.34:077][ 67]LogShaderCompilers: Display: Tracking 0 distinct input hashes that result in 0 distinct outputs (0.00%)
[2025.04.10-18.15.34:077][ 67]LogShaderCompilers: Display: RAM used: 0.00 MB (0.00 GB) of 409.60 MB (0.40 GB) budget. Usage: 0.00%
[2025.04.10-18.15.34:077][ 67]LogShaderCompilers: Display: ================================================
[2025.04.10-18.15.34:092][ 67]LogShaderCompilers: Display: Shaders left to compile 0
[2025.04.10-18.15.34:151][ 67]LogModuleManager: Shutting down and abandoning module MovieSceneCapture (868)
[2025.04.10-18.15.34:151][ 67]LogModuleManager: Shutting down and abandoning module Voice (866)
[2025.04.10-18.15.34:151][ 67]LogModuleManager: Shutting down and abandoning module SequencerWidgets (864)
[2025.04.10-18.15.34:151][ 67]LogModuleManager: Shutting down and abandoning module BlueprintGraph (862)
[2025.04.10-18.15.34:151][ 67]LogModuleManager: Shutting down and abandoning module HierarchicalLODOutliner (860)
[2025.04.10-18.15.34:151][ 67]LogModuleManager: Shutting down and abandoning module SceneOutliner (858)
[2025.04.10-18.15.34:151][ 67]LogModuleManager: Shutting down and abandoning module AddContentDialog (856)
[2025.04.10-18.15.34:152][ 67]LogModuleManager: Shutting down and abandoning module WidgetCarousel (855)
[2025.04.10-18.15.34:152][ 67]LogModuleManager: Shutting down and abandoning module EditorWidgets (852)
[2025.04.10-18.15.34:152][ 67]LogModuleManager: Shutting down and abandoning module StatsViewer (850)
[2025.04.10-18.15.34:152][ 67]LogModuleManager: Shutting down and abandoning module PIEPreviewDeviceProfileSelector (848)
[2025.04.10-18.15.34:153][ 67]LogModuleManager: Shutting down and abandoning module SequenceRecorderSections (846)
[2025.04.10-18.15.34:153][ 67]LogModuleManager: Shutting down and abandoning module AutomationWorker (844)
[2025.04.10-18.15.34:153][ 67]LogModuleManager: Shutting down and abandoning module TakeRecorderSources (842)
[2025.04.10-18.15.34:154][ 67]LogModuleManager: Shutting down and abandoning module TakeRecorder (841)
[2025.04.10-18.15.34:155][ 67]LogModuleManager: Shutting down and abandoning module TakeTrackRecorders (838)
[2025.04.10-18.15.34:155][ 67]LogModuleManager: Shutting down and abandoning module TakesCore (836)
[2025.04.10-18.15.34:155][ 67]LogModuleManager: Shutting down and abandoning module ResonanceAudioEditor (834)
[2025.04.10-18.15.34:155][ 67]LogModuleManager: Shutting down and abandoning module OpenXRInput (832)
[2025.04.10-18.15.34:155][ 67]LogModuleManager: Shutting down and abandoning module GooglePADEditor (830)
[2025.04.10-18.15.34:155][ 67]LogModuleManager: Shutting down and abandoning module AudioCaptureEditor (828)
[2025.04.10-18.15.34:155][ 67]LogModuleManager: Shutting down and abandoning module TemplateSequenceEditor (826)
[2025.04.10-18.15.34:156][ 67]LogModuleManager: Shutting down and abandoning module MatineeToLevelSequence (824)
[2025.04.10-18.15.34:156][ 67]LogModuleManager: Shutting down and abandoning module ActorSequenceEditor (822)
[2025.04.10-18.15.34:157][ 67]LogModuleManager: Shutting down and abandoning module LevelSequenceEditor (820)
[2025.04.10-18.15.34:157][ 67]LogModuleManager: Shutting down and abandoning module PlanarCut (818)
[2025.04.10-18.15.34:158][ 67]LogModuleManager: Shutting down and abandoning module WmfMediaFactory (816)
[2025.04.10-18.15.34:158][ 67]LogModuleManager: Shutting down and abandoning module WmfMediaEditor (814)
[2025.04.10-18.15.34:158][ 67]LogModuleManager: Shutting down and abandoning module WebMMediaFactory (812)
[2025.04.10-18.15.34:158][ 67]LogModuleManager: Shutting down and abandoning module WebMMediaEditor (810)
[2025.04.10-18.15.34:158][ 67]LogModuleManager: Shutting down and abandoning module WebMMedia (808)
[2025.04.10-18.15.34:158][ 67]LogModuleManager: Shutting down and abandoning module MediaPlayerEditor (806)
[2025.04.10-18.15.34:159][ 67]LogModuleManager: Shutting down and abandoning module MediaCompositingEditor (804)
[2025.04.10-18.15.34:159][ 67]LogModuleManager: Shutting down and abandoning module SequenceRecorder (803)
[2025.04.10-18.15.34:159][ 67]LogModuleManager: Shutting down and abandoning module OpenExrWrapper (800)
[2025.04.10-18.15.34:160][ 67]LogModuleManager: Shutting down and abandoning module ImgMediaFactory (798)
[2025.04.10-18.15.34:160][ 67]LogModuleManager: Shutting down and abandoning module ImgMediaEditor (796)
[2025.04.10-18.15.34:160][ 67]LogModuleManager: Shutting down and abandoning module AvfMediaFactory (794)
[2025.04.10-18.15.34:160][ 67]LogModuleManager: Shutting down and abandoning module AvfMediaEditor (792)
[2025.04.10-18.15.34:160][ 67]LogModuleManager: Shutting down and abandoning module AndroidMediaFactory (790)
[2025.04.10-18.15.34:160][ 67]LogModuleManager: Shutting down and abandoning module AndroidMediaEditor (788)
[2025.04.10-18.15.34:160][ 67]LogModuleManager: Shutting down and abandoning module CharacterAI (786)
[2025.04.10-18.15.34:160][ 67]LogModuleManager: Shutting down and abandoning module MagicLeapMediaCodecFactory (784)
[2025.04.10-18.15.34:160][ 67]LogModuleManager: Shutting down and abandoning module MagicLeapMediaFactory (782)
[2025.04.10-18.15.34:160][ 67]LogModuleManager: Shutting down and abandoning module MagicLeapMediaEditor (780)
[2025.04.10-18.15.34:160][ 67]LogModuleManager: Shutting down and abandoning module TextureAlignMode (778)
[2025.04.10-18.15.34:160][ 67]LogModuleManager: Shutting down and abandoning module BspMode (776)
[2025.04.10-18.15.34:160][ 67]LogModuleManager: Shutting down and abandoning module GeometryMode (774)
[2025.04.10-18.15.34:160][ 67]LogModuleManager: Shutting down and abandoning module CameraShakePreviewer (772)
[2025.04.10-18.15.34:161][ 67]LogModuleManager: Shutting down and abandoning module SmartSnapping (770)
[2025.04.10-18.15.34:161][ 67]LogModuleManager: Shutting down and abandoning module SessionServices (768)
[2025.04.10-18.15.34:161][ 67]LogModuleManager: Shutting down and abandoning module MeshPaint (766)
[2025.04.10-18.15.34:161][ 67]LogModuleManager: Shutting down and abandoning module VirtualTexturingEditor (764)
[2025.04.10-18.15.34:162][ 67]LogModuleManager: Shutting down and abandoning module FoliageEdit (762)
[2025.04.10-18.15.34:162][ 67]LogModuleManager: Shutting down and abandoning module LandscapeEditor (760)
[2025.04.10-18.15.34:163][ 67]LogModuleManager: Shutting down and abandoning module MeshPaintMode (758)
[2025.04.10-18.15.34:163][ 67]LogModuleManager: Shutting down and abandoning module SceneDepthPickerMode (756)
[2025.04.10-18.15.34:163][ 67]LogModuleManager: Shutting down and abandoning module ActorPickerMode (754)
[2025.04.10-18.15.34:163][ 67]LogModuleManager: Shutting down and abandoning module PlacementMode (752)
[2025.04.10-18.15.34:163][ 67]LogModuleManager: Shutting down and abandoning module ViewportSnapping (750)
[2025.04.10-18.15.34:163][ 67]LogModuleManager: Shutting down and abandoning module ViewportInteraction (748)
[2025.04.10-18.15.34:163][ 67]LogModuleManager: Shutting down and abandoning module ClothPainter (746)
[2025.04.10-18.15.34:164][ 67]LogModuleManager: Shutting down and abandoning module SkeletalMeshEditor (745)
[2025.04.10-18.15.34:166][ 67]LogModuleManager: Shutting down and abandoning module LogVisualizer (742)
[2025.04.10-18.15.34:167][ 67]LogModuleManager: Shutting down and abandoning module IntroTutorials (740)
[2025.04.10-18.15.34:167][ 67]LogModuleManager: Shutting down and abandoning module GameProjectGeneration (739)
[2025.04.10-18.15.34:168][ 67]LogModuleManager: Shutting down and abandoning module LuminPlatformEditor (736)
[2025.04.10-18.15.34:168][ 67]LogModuleManager: Shutting down and abandoning module IOSPlatformEditor (734)
[2025.04.10-18.15.34:168][ 67]LogModuleManager: Shutting down and abandoning module AndroidPlatformEditor (732)
[2025.04.10-18.15.34:168][ 67]LogModuleManager: Shutting down and abandoning module AndroidDeviceDetection (731)
[2025.04.10-18.15.35:326][ 67]LogModuleManager: Shutting down and abandoning module WindowsPlatformEditor (728)
[2025.04.10-18.15.35:326][ 67]LogModuleManager: Shutting down and abandoning module LuminRuntimeSettings (726)
[2025.04.10-18.15.35:326][ 67]LogModuleManager: Shutting down and abandoning module IOSRuntimeSettings (724)
[2025.04.10-18.15.35:326][ 67]LogModuleManager: Shutting down and abandoning module AndroidRuntimeSettings (722)
[2025.04.10-18.15.35:326][ 67]LogModuleManager: Shutting down and abandoning module TraceInsights (720)
[2025.04.10-18.15.35:329][ 67]MemoryProfiler: Shutdown
[2025.04.10-18.15.35:329][ 67]NetworkingProfiler: Shutdown
[2025.04.10-18.15.35:329][ 67]LoadingProfiler: Shutdown
[2025.04.10-18.15.35:330][ 67]TimingProfiler: Shutdown
[2025.04.10-18.15.35:331][ 67]LogModuleManager: Shutting down and abandoning module TraceServices (719)
[2025.04.10-18.15.35:331][ 67]LogModuleManager: Shutting down and abandoning module EditorInteractiveToolsFramework (716)
[2025.04.10-18.15.35:331][ 67]LogModuleManager: Shutting down and abandoning module TimeManagementEditor (714)
[2025.04.10-18.15.35:331][ 67]LogModuleManager: Shutting down and abandoning module InputBindingEditor (712)
[2025.04.10-18.15.35:333][ 67]LogModuleManager: Shutting down and abandoning module MergeActors (710)
[2025.04.10-18.15.35:333][ 67]LogModuleManager: Shutting down and abandoning module LocalizationDashboard (708)
[2025.04.10-18.15.35:333][ 67]LogModuleManager: Shutting down and abandoning module LocalizationService (707)
[2025.04.10-18.15.35:334][ 67]LogModuleManager: Shutting down and abandoning module HardwareTargeting (704)
[2025.04.10-18.15.35:334][ 67]LogModuleManager: Shutting down and abandoning module DeviceProfileEditor (702)
[2025.04.10-18.15.35:334][ 67]LogModuleManager: Shutting down and abandoning module UndoHistory (700)
[2025.04.10-18.15.35:334][ 67]LogModuleManager: Shutting down and abandoning module XmlParser (698)
[2025.04.10-18.15.35:334][ 67]LogModuleManager: Shutting down and abandoning module Blutility (696)
[2025.04.10-18.15.35:334][ 67]LogModuleManager: Shutting down and abandoning module ProjectSettingsViewer (694)
[2025.04.10-18.15.35:334][ 67]LogModuleManager: Shutting down and abandoning module ProjectTargetPlatformEditor (693)
[2025.04.10-18.15.35:335][ 67]LogModuleManager: Shutting down and abandoning module EditorSettingsViewer (690)
[2025.04.10-18.15.35:335][ 67]LogModuleManager: Shutting down and abandoning module InternationalizationSettings (689)
[2025.04.10-18.15.35:335][ 67]LogModuleManager: Shutting down and abandoning module SettingsEditor (686)
[2025.04.10-18.15.35:335][ 67]LogModuleManager: Shutting down and abandoning module ProjectLauncher (684)
[2025.04.10-18.15.35:335][ 67]LogModuleManager: Shutting down and abandoning module SessionFrontend (682)
[2025.04.10-18.15.35:335][ 67]LogModuleManager: Shutting down and abandoning module ProfilerClient (680)
[2025.04.10-18.15.35:336][ 67]LogModuleManager: Shutting down and abandoning module DeviceManager (678)
[2025.04.10-18.15.35:336][ 67]LogModuleManager: Shutting down and abandoning module TargetDeviceServices (677)
[2025.04.10-18.15.35:368][ 67]LogModuleManager: Shutting down and abandoning module AutomationController (674)
[2025.04.10-18.15.35:368][ 67]LogModuleManager: Shutting down and abandoning module AutomationWindow (672)
[2025.04.10-18.15.35:369][ 67]LogModuleManager: Shutting down and abandoning module Layers (670)
[2025.04.10-18.15.35:370][ 67]LogModuleManager: Shutting down and abandoning module ComponentVisualizers (668)
[2025.04.10-18.15.35:370][ 67]LogModuleManager: Shutting down and abandoning module DetailCustomizations (666)
[2025.04.10-18.15.35:370][ 67]LogModuleManager: Shutting down and abandoning module PackagesDialog (664)
[2025.04.10-18.15.35:371][ 67]LogModuleManager: Shutting down and abandoning module AnimationBlueprintEditor (662)
[2025.04.10-18.15.35:372][ 67]LogModuleManager: Shutting down and abandoning module Persona (660)
[2025.04.10-18.15.35:373][ 67]LogModuleManager: Shutting down and abandoning module AdvancedPreviewScene (659)
[2025.04.10-18.15.35:373][ 67]LogModuleManager: Shutting down and abandoning module AnimGraph (657)
[2025.04.10-18.15.35:373][ 67]LogModuleManager: Shutting down and abandoning module Kismet (654)
[2025.04.10-18.15.35:382][ 67]LogModuleManager: Shutting down and abandoning module KismetWidgets (653)
[2025.04.10-18.15.35:383][ 67]LogModuleManager: Shutting down and abandoning module GraphEditor (650)
[2025.04.10-18.15.35:383][ 67]LogModuleManager: Shutting down and abandoning module StructViewer (648)
[2025.04.10-18.15.35:383][ 67]LogModuleManager: Shutting down and abandoning module ClassViewer (646)
[2025.04.10-18.15.35:383][ 67]LogModuleManager: Shutting down and abandoning module Toolbox (644)
[2025.04.10-18.15.35:383][ 67]LogModuleManager: Shutting down and abandoning module ModuleUI (642)
[2025.04.10-18.15.35:383][ 67]LogModuleManager: Shutting down and abandoning module OutputLog (640)
[2025.04.10-18.15.35:383][ 67]LogModuleManager: Shutting down and abandoning module GammaUI (638)
[2025.04.10-18.15.35:384][ 67]LogModuleManager: Shutting down and abandoning module Documentation (636)
[2025.04.10-18.15.35:384][ 67]LogModuleManager: Shutting down and abandoning module LiveCoding (634)
[2025.04.10-18.15.35:385][ 67]LogModuleManager: Shutting down and abandoning module LevelSequence (632)
[2025.04.10-18.15.35:385][ 67]LogModuleManager: Shutting down and abandoning module MovieSceneTracks (630)
[2025.04.10-18.15.35:385][ 67]LogModuleManager: Shutting down and abandoning module MovieScene (628)
[2025.04.10-18.15.35:387][ 67]LogModuleManager: Shutting down and abandoning module StreamingPauseRendering (626)
[2025.04.10-18.15.35:387][ 67]LogModuleManager: Shutting down and abandoning module LauncherPlatform (624)
[2025.04.10-18.15.35:387][ 67]LogModuleManager: Shutting down and abandoning module AnalyticsET (622)
[2025.04.10-18.15.35:387][ 67]LogModuleManager: Shutting down and abandoning module PortalServices (620)
[2025.04.10-18.15.35:387][ 67]LogModuleManager: Shutting down and abandoning module PortalRpc (618)
[2025.04.10-18.15.35:387][ 67]LogModuleManager: Shutting down and abandoning module MessagingRpc (616)
[2025.04.10-18.15.35:387][ 67]LogModuleManager: Shutting down and abandoning module AudioMixerXAudio2 (614)
[2025.04.10-18.15.35:387][ 67]LogModuleManager: Shutting down and abandoning module AudioMixerCore (613)
[2025.04.10-18.15.35:387][ 67]LogModuleManager: Shutting down and abandoning module AIModule (610)
[2025.04.10-18.15.35:388][ 67]LogModuleManager: Shutting down and abandoning module GameplayDebugger (609)
[2025.04.10-18.15.35:388][ 67]LogModuleManager: Shutting down and abandoning module AITestSuite (607)
[2025.04.10-18.15.35:388][ 67]LogModuleManager: Shutting down and abandoning module NavigationSystem (605)
[2025.04.10-18.15.35:388][ 67]LogModuleManager: Shutting down and abandoning module ImageWriteQueue (602)
[2025.04.10-18.15.35:392][ 67]LogModuleManager: Shutting down and abandoning module ProfilerService (600)
[2025.04.10-18.15.35:422][ 67]LogModuleManager: Shutting down and abandoning module TaskGraph (598)
[2025.04.10-18.15.35:423][ 67]LogModuleManager: Shutting down and abandoning module AudioSynesthesiaEditor (596)
[2025.04.10-18.15.35:423][ 67]LogModuleManager: Shutting down and abandoning module ContentBrowserClassDataSource (594)
[2025.04.10-18.15.35:423][ 67]LogModuleManager: Shutting down and abandoning module ContentBrowserFileDataSource (592)
[2025.04.10-18.15.35:423][ 67]LogModuleManager: Shutting down and abandoning module ContentBrowserAssetDataSource (590)
[2025.04.10-18.15.35:423][ 67]LogModuleManager: Shutting down and abandoning module CollectionManager (589)
[2025.04.10-18.15.35:424][ 67]LogModuleManager: Shutting down and abandoning module TakeSequencer (586)
[2025.04.10-18.15.35:424][ 67]LogModuleManager: Shutting down and abandoning module TakeMovieScene (584)
[2025.04.10-18.15.35:424][ 67]LogModuleManager: Shutting down and abandoning module SynthesisEditor (582)
[2025.04.10-18.15.35:424][ 67]LogModuleManager: Shutting down and abandoning module Synthesis (580)
[2025.04.10-18.15.35:424][ 67]LogModuleManager: Shutting down and abandoning module ResonanceAudio (578)
[2025.04.10-18.15.35:424][ 67]LogModuleManager: Shutting down and abandoning module ProceduralMeshComponentEditor (576)
[2025.04.10-18.15.35:425][ 67]LogModuleManager: Shutting down and abandoning module ProceduralMeshComponent (574)
[2025.04.10-18.15.35:425][ 67]LogModuleManager: Shutting down and abandoning module OpenXREditor (572)
[2025.04.10-18.15.35:425][ 67]LogModuleManager: Shutting down and abandoning module MobilePatchingUtils (570)
[2025.04.10-18.15.35:425][ 67]LogModuleManager: Shutting down and abandoning module ScreenshotTools (568)
[2025.04.10-18.15.35:425][ 67]LogModuleManager: Shutting down and abandoning module GooglePAD (566)
[2025.04.10-18.15.35:425][ 67]LogModuleManager: Shutting down and abandoning module EditableMesh (564)
[2025.04.10-18.15.35:425][ 67]LogModuleManager: Shutting down and abandoning module CustomMeshComponent (562)
[2025.04.10-18.15.35:425][ 67]LogModuleManager: Shutting down and abandoning module CableComponent (560)
[2025.04.10-18.15.35:425][ 67]LogModuleManager: Shutting down and abandoning module AudioCapture (558)
[2025.04.10-18.15.35:425][ 67]LogModuleManager: Shutting down and abandoning module AudioCaptureRtAudio (557)
[2025.04.10-18.15.35:425][ 67]LogModuleManager: Shutting down and abandoning module AssetTags (554)
[2025.04.10-18.15.35:425][ 67]LogModuleManager: Shutting down and abandoning module ArchVisCharacter (552)
[2025.04.10-18.15.35:425][ 67]LogModuleManager: Shutting down and abandoning module AppleImageUtilsBlueprintSupport (550)
[2025.04.10-18.15.35:425][ 67]LogModuleManager: Shutting down and abandoning module AppleImageUtils (548)
[2025.04.10-18.15.35:425][ 67]LogModuleManager: Shutting down and abandoning module AndroidPermission (546)
[2025.04.10-18.15.35:425][ 67]LogModuleManager: Shutting down and abandoning module ActorLayerUtilitiesEditor (544)
[2025.04.10-18.15.35:425][ 67]LogModuleManager: Shutting down and abandoning module ActorLayerUtilities (542)
[2025.04.10-18.15.35:425][ 67]LogModuleManager: Shutting down and abandoning module TemplateSequence (540)
[2025.04.10-18.15.35:425][ 67]LogModuleManager: Shutting down and abandoning module OpenImageDenoise (538)
[2025.04.10-18.15.35:425][ 67]LogOpenImageDenoise: OIDN shutting down
[2025.04.10-18.15.35:425][ 67]LogModuleManager: Shutting down and abandoning module MotoSynthEditor (536)
[2025.04.10-18.15.35:425][ 67]LogModuleManager: Shutting down and abandoning module MotoSynth (534)
[2025.04.10-18.15.35:426][ 67]LogModuleManager: Shutting down and abandoning module MeshConversion (532)
[2025.04.10-18.15.35:426][ 67]LogModuleManager: Shutting down and abandoning module DynamicMesh (530)
[2025.04.10-18.15.35:426][ 67]LogModuleManager: Shutting down and abandoning module GeometryAlgorithms (528)
[2025.04.10-18.15.35:427][ 67]LogModuleManager: Shutting down and abandoning module GeometricObjects (526)
[2025.04.10-18.15.35:427][ 67]LogModuleManager: Shutting down and abandoning module GeometryCollectionTracks (524)
[2025.04.10-18.15.35:427][ 67]LogModuleManager: Shutting down and abandoning module GeometryCollectionSequencer (523)
[2025.04.10-18.15.35:427][ 67]LogModuleManager: Shutting down and abandoning module GeometryCollectionEditor (520)
[2025.04.10-18.15.35:427][ 67]LogModuleManager: Shutting down and abandoning module GeometryCacheTracks (518)
[2025.04.10-18.15.35:427][ 67]LogModuleManager: Shutting down and abandoning module GeometryCacheStreamer (516)
[2025.04.10-18.15.35:427][ 67]LogModuleManager: Shutting down and abandoning module GeometryCacheSequencer (514)
[2025.04.10-18.15.35:427][ 67]LogModuleManager: Shutting down and abandoning module MediaCompositing (512)
[2025.04.10-18.15.35:427][ 67]LogModuleManager: Shutting down and abandoning module ImgMedia (510)
[2025.04.10-18.15.35:427][ 67]LogModuleManager: Shutting down and abandoning module ChaosSolverEditor (508)
[2025.04.10-18.15.35:427][ 67]LogModuleManager: Shutting down and abandoning module FractureEditor (506)
[2025.04.10-18.15.35:428][ 67]LogModuleManager: Shutting down and abandoning module ChaosNiagara (504)
[2025.04.10-18.15.35:428][ 67]LogModuleManager: Shutting down and abandoning module FieldSystemEngine (503)
[2025.04.10-18.15.35:428][ 67]LogModuleManager: Shutting down and abandoning module ChaosClothEditor (500)
[2025.04.10-18.15.35:428][ 67]LogModuleManager: Shutting down and abandoning module BackChannel (498)
[2025.04.10-18.15.35:429][ 67]LogModuleManager: Shutting down and abandoning module AutomationUtilsEditor (496)
[2025.04.10-18.15.35:429][ 67]LogModuleManager: Shutting down and abandoning module AutomationUtils (494)
[2025.04.10-18.15.35:429][ 67]LogModuleManager: Shutting down and abandoning module AlembicImporter (492)
[2025.04.10-18.15.35:429][ 67]LogModuleManager: Shutting down and abandoning module AlembicLibrary (491)
[2025.04.10-18.15.35:429][ 67]LogModuleManager: Shutting down and abandoning module GeometryCache (490)
[2025.04.10-18.15.35:429][ 67]LogModuleManager: Shutting down and abandoning module GeometryCacheEd (489)
[2025.04.10-18.15.35:429][ 67]LogModuleManager: Shutting down and abandoning module NiagaraEditorWidgets (484)
[2025.04.10-18.15.35:430][ 67]LogModuleManager: Shutting down and abandoning module MagicLeapSharedWorld (482)
[2025.04.10-18.15.35:430][ 67]LogModuleManager: Shutting down and abandoning module MagicLeapLightEstimation (480)
[2025.04.10-18.15.35:430][ 67]LogModuleManager: Shutting down and abandoning module MagicLeapHelperVulkan (478)
[2025.04.10-18.15.35:430][ 67]LogModuleManager: Shutting down and abandoning module MagicLeapHelperOpenGL (476)
[2025.04.10-18.15.35:430][ 67]LogModuleManager: Shutting down and abandoning module MagicLeapAudio (474)
[2025.04.10-18.15.35:431][ 67]LogModuleManager: Shutting down and abandoning module SpeedTreeImporter (472)
[2025.04.10-18.15.35:431][ 67]LogModuleManager: Shutting down and abandoning module PluginBrowser (470)
[2025.04.10-18.15.35:432][ 67]LogModuleManager: Shutting down and abandoning module MobileLauncherProfileWizard (468)
[2025.04.10-18.15.35:432][ 67]LogModuleManager: Shutting down and abandoning module MaterialAnalyzer (466)
[2025.04.10-18.15.35:432][ 67]LogModuleManager: Shutting down and abandoning module VariantManagerContentEditor (464)
[2025.04.10-18.15.35:433][ 67]LogModuleManager: Shutting down and abandoning module CurveEditorTools (462)
[2025.04.10-18.15.35:433][ 67]LogModuleManager: Shutting down and abandoning module CryptoKeysOpenSSL (460)
[2025.04.10-18.15.35:433][ 67]LogModuleManager: Shutting down and abandoning module CryptoKeys (458)
[2025.04.10-18.15.35:433][ 67]LogModuleManager: Shutting down and abandoning module DatasmithContentEditor (456)
[2025.04.10-18.15.35:433][ 67]LogModuleManager: Shutting down and abandoning module AnimationSharingEd (454)
[2025.04.10-18.15.35:433][ 67]LogModuleManager: Shutting down and abandoning module OodleNetworkHandlerComponent (452)
[2025.04.10-18.15.35:433][ 67]LogModuleManager: Shutting down and abandoning module VisualStudioCodeSourceCodeAccess (450)
[2025.04.10-18.15.35:433][ 67]LogModuleManager: Shutting down and abandoning module VisualStudioSourceCodeAccess (448)
[2025.04.10-18.15.35:433][ 67]LogModuleManager: Shutting down and abandoning module UObjectPlugin (446)
[2025.04.10-18.15.35:433][ 67]LogModuleManager: Shutting down and abandoning module SubversionSourceControl (444)
[2025.04.10-18.15.35:434][ 67]LogModuleManager: Shutting down and abandoning module RiderSourceCodeAccess (442)
[2025.04.10-18.15.35:434][ 67]LogModuleManager: Shutting down and abandoning module PluginUtils (440)
[2025.04.10-18.15.35:434][ 67]LogModuleManager: Shutting down and abandoning module PlasticSourceControl (438)
[2025.04.10-18.15.35:435][ 67]LogModuleManager: Shutting down and abandoning module PerforceSourceControl (436)
[2025.04.10-18.15.35:437][ 67]LogModuleManager: Shutting down and abandoning module GitSourceControl (434)
[2025.04.10-18.15.35:437][ 67]LogModuleManager: Shutting down and abandoning module SourceControl (433)
[2025.04.10-18.15.35:437][ 67]LogModuleManager: Shutting down and abandoning module CLionSourceCodeAccess (430)
[2025.04.10-18.15.35:437][ 67]LogModuleManager: Shutting down and abandoning module LiveLinkSequencer (428)
[2025.04.10-18.15.35:438][ 67]LogModuleManager: Shutting down and abandoning module LiveLinkMovieScene (426)
[2025.04.10-18.15.35:438][ 67]LogModuleManager: Shutting down and abandoning module LiveLinkGraphNode (424)
[2025.04.10-18.15.35:438][ 67]LogModuleManager: Shutting down and abandoning module LiveLinkEditor (422)
[2025.04.10-18.15.35:438][ 67]LogModuleManager: Shutting down and abandoning module LiveLinkComponents (420)
[2025.04.10-18.15.35:438][ 67]LogModuleManager: Shutting down and abandoning module LiveLink (418)
[2025.04.10-18.15.36:233][ 67]LogModuleManager: Shutting down and abandoning module LightPropagationVolumeEditor (416)
[2025.04.10-18.15.36:233][ 67]LogModuleManager: Shutting down and abandoning module PaperTiledImporter (414)
[2025.04.10-18.15.36:233][ 67]LogModuleManager: Shutting down and abandoning module PaperSpriteSheetImporter (412)
[2025.04.10-18.15.36:233][ 67]LogModuleManager: Shutting down and abandoning module Paper2DEditor (410)
[2025.04.10-18.15.36:234][ 67]LogModuleManager: Shutting down and abandoning module MeshPaintingToolset (408)
[2025.04.10-18.15.36:235][ 67]LogModuleManager: Shutting down and abandoning module MeshPaintEditorMode (406)
[2025.04.10-18.15.36:235][ 67]LogModuleManager: Shutting down and abandoning module GameplayCameras (404)
[2025.04.10-18.15.36:235][ 67]LogModuleManager: Shutting down and abandoning module SoundFields (402)
[2025.04.10-18.15.36:235][ 67]LogModuleManager: Shutting down and abandoning module RuntimePhysXCooking (400)
[2025.04.10-18.15.36:235][ 67]LogModuleManager: Shutting down and abandoning module SignificanceManager (398)
[2025.04.10-18.15.36:235][ 67]LogModuleManager: Shutting down and abandoning module PhysXVehiclesEditor (396)
[2025.04.10-18.15.36:235][ 67]LogModuleManager: Shutting down and abandoning module PropertyAccessEditor (392)
[2025.04.10-18.15.36:235][ 67]LogModuleManager: Shutting down and abandoning module LocationServicesBPLibrary (390)
[2025.04.10-18.15.36:235][ 67]LogModuleManager: Shutting down and abandoning module AudioSynesthesia (388)
[2025.04.10-18.15.36:236][ 67]LogModuleManager: Shutting down and abandoning module AudioSynesthesiaCore (386)
[2025.04.10-18.15.36:236][ 67]LogModuleManager: Shutting down and abandoning module ActorSequence (384)
[2025.04.10-18.15.36:236][ 67]LogModuleManager: Shutting down and abandoning module PythonScriptPlugin (382)
[2025.04.10-18.15.36:236][ 67]LogModuleManager: Shutting down and abandoning module ImgMediaEngine (380)
[2025.04.10-18.15.36:236][ 67]LogModuleManager: Shutting down and abandoning module NiagaraAnimNotifies (378)
[2025.04.10-18.15.36:236][ 67]LogModuleManager: Shutting down and abandoning module Niagara (376)
[2025.04.10-18.15.36:236][ 67]LogModuleManager: Shutting down and abandoning module SignalProcessing (375)
[2025.04.10-18.15.36:236][ 67]LogModuleManager: Shutting down and abandoning module NiagaraEditor (373)
[2025.04.10-18.15.36:237][ 67]LogModuleManager: Shutting down and abandoning module NiagaraCore (370)
[2025.04.10-18.15.36:237][ 67]LogModuleManager: Shutting down and abandoning module MagicLeapARPin (368)
[2025.04.10-18.15.36:237][ 67]LogModuleManager: Shutting down and abandoning module UdpMessaging (366)
[2025.04.10-18.15.36:337][ 67]LogModuleManager: Shutting down and abandoning module TcpMessaging (364)
[2025.04.10-18.15.36:438][ 67]LogModuleManager: Shutting down and abandoning module MagicLeapHandMeshing (362)
[2025.04.10-18.15.36:438][ 67]LogModuleManager: Shutting down and abandoning module MagicLeapSecureStorage (360)
[2025.04.10-18.15.36:438][ 67]LogModuleManager: Shutting down and abandoning module MagicLeapPrivileges (358)
[2025.04.10-18.15.36:438][ 67]LogModuleManager: Shutting down and abandoning module MagicLeapPlanes (356)
[2025.04.10-18.15.36:440][ 67]LogMagicLeapPlanes: Planes tracker already destroyed.
[2025.04.10-18.15.36:440][ 67]LogModuleManager: Shutting down and abandoning module MagicLeapImageTracker (354)
[2025.04.10-18.15.36:440][ 67]LogModuleManager: Shutting down and abandoning module MagicLeapIdentity (352)
[2025.04.10-18.15.36:440][ 67]LogModuleManager: Shutting down and abandoning module MagicLeapHandTracking (350)
[2025.04.10-18.15.36:440][ 67]LogModuleManager: Shutting down and abandoning module MagicLeapEyeTracker (348)
[2025.04.10-18.15.36:440][ 67]LogModuleManager: Shutting down and abandoning module MagicLeapController (346)
[2025.04.10-18.15.36:440][ 67]LogModuleManager: Shutting down and abandoning module MagicLeapARPinImpl (344)
[2025.04.10-18.15.36:440][ 67]LogModuleManager: Shutting down and abandoning module MagicLeapAR (342)
[2025.04.10-18.15.36:440][ 67]LogModuleManager: Shutting down and abandoning module GameplayTagsEditor (340)
[2025.04.10-18.15.36:440][ 67]LogModuleManager: Shutting down and abandoning module FacialAnimationEditor (338)
[2025.04.10-18.15.36:440][ 67]LogModuleManager: Shutting down and abandoning module FacialAnimation (336)
[2025.04.10-18.15.36:440][ 67]LogModuleManager: Shutting down and abandoning module DataValidation (334)
[2025.04.10-18.15.36:440][ 67]LogModuleManager: Shutting down and abandoning module AssetManagerEditor (332)
[2025.04.10-18.15.36:441][ 67]LogModuleManager: Shutting down and abandoning module LevelEditor (331)
[2025.04.10-18.15.36:442][ 67]LogModuleManager: Shutting down and abandoning module PixelInspectorModule (330)
[2025.04.10-18.15.36:442][ 67]LogModuleManager: Shutting down and abandoning module CommonMenuExtensions (328)
[2025.04.10-18.15.36:442][ 67]LogModuleManager: Shutting down and abandoning module MainFrame (326)
[2025.04.10-18.15.36:443][ 67]LogModuleManager: Shutting down and abandoning module HotReload (325)
[2025.04.10-18.15.36:443][ 67]LogModuleManager: Shutting down and abandoning module ToolMenus (321)
[2025.04.10-18.15.36:443][ 67]LogModuleManager: Shutting down and abandoning module ContentBrowser (319)
[2025.04.10-18.15.36:443][ 67]LogModuleManager: Shutting down and abandoning module ContentBrowserData (318)
[2025.04.10-18.15.36:443][ 67]LogModuleManager: Shutting down and abandoning module TreeMap (315)
[2025.04.10-18.15.36:443][ 67]LogModuleManager: Shutting down and abandoning module AnimationSharing (312)
[2025.04.10-18.15.36:443][ 67]LogModuleManager: Shutting down and abandoning module PropertyAccessNode (310)
[2025.04.10-18.15.36:443][ 67]LogModuleManager: Shutting down and abandoning module LightPropagationVolumeRuntime (308)
[2025.04.10-18.15.36:443][ 67]LogModuleManager: Shutting down and abandoning module EnvironmentQueryEditor (306)
[2025.04.10-18.15.36:444][ 67]LogModuleManager: Shutting down and abandoning module Paper2D (304)
[2025.04.10-18.15.36:444][ 67]LogModuleManager: Shutting down and abandoning module WindowsMoviePlayer (302)
[2025.04.10-18.15.36:445][ 67]LogModuleManager: Shutting down and abandoning module WebMMoviePlayer (300)
[2025.04.10-18.15.36:445][ 67]LogModuleManager: Shutting down and abandoning module NetworkReplayStreaming (298)
[2025.04.10-18.15.36:445][ 67]LogModuleManager: Shutting down and abandoning module PacketHandler (296)
[2025.04.10-18.15.36:445][ 67]LogModuleManager: Shutting down and abandoning module ClothingSystemEditor (294)
[2025.04.10-18.15.36:445][ 67]LogModuleManager: Shutting down and abandoning module ClothingSystemRuntimeNv (292)
[2025.04.10-18.15.36:446][ 67]LogModuleManager: Shutting down and abandoning module MediaAssets (290)
[2025.04.10-18.15.36:446][ 67]LogModuleManager: Shutting down and abandoning module Overlay (288)
[2025.04.10-18.15.36:446][ 67]LogModuleManager: Shutting down and abandoning module OverlayEditor (287)
[2025.04.10-18.15.36:446][ 67]LogModuleManager: Shutting down and abandoning module VREditor (284)
[2025.04.10-18.15.36:446][ 67]LogModuleManager: Shutting down and abandoning module StringTableEditor (282)
[2025.04.10-18.15.36:447][ 67]LogModuleManager: Shutting down and abandoning module GameplayTasksEditor (280)
[2025.04.10-18.15.36:447][ 67]LogModuleManager: Shutting down and abandoning module BehaviorTreeEditor (278)
[2025.04.10-18.15.36:447][ 67]LogModuleManager: Shutting down and abandoning module FunctionalTesting (276)
[2025.04.10-18.15.36:448][ 67]LogModuleManager: Shutting down and abandoning module CollisionAnalyzer (274)
[2025.04.10-18.15.36:448][ 67]LogModuleManager: Shutting down and abandoning module WorkspaceMenuStructure (273)
[2025.04.10-18.15.36:448][ 67]LogModuleManager: Shutting down and abandoning module UMG (270)
[2025.04.10-18.15.36:448][ 67]LogModuleManager: Shutting down and abandoning module UMGEditor (269)
[2025.04.10-18.15.36:448][ 67]LogModuleManager: Shutting down and abandoning module MessageLog (267)
[2025.04.10-18.15.36:448][ 67]LogModuleManager: Shutting down and abandoning module SlateReflector (262)
[2025.04.10-18.15.36:450][ 67]LogModuleManager: Shutting down and abandoning module Slate (260)
[2025.04.10-18.15.36:450][ 67]LogModuleManager: Shutting down and abandoning module SlateCore (258)
[2025.04.10-18.15.36:451][ 67]LogModuleManager: Shutting down and abandoning module LandscapeEditorUtilities (256)
[2025.04.10-18.15.36:451][ 67]LogModuleManager: Shutting down and abandoning module UnrealEd (254)
[2025.04.10-18.15.36:451][ 67]LogModuleManager: Shutting down and abandoning module MRMesh (252)
[2025.04.10-18.15.36:451][ 67]LogModuleManager: Shutting down and abandoning module SourceCodeAccess (250)
[2025.04.10-18.15.36:451][ 67]LogModuleManager: Shutting down and abandoning module HeadMountedDisplay (248)
[2025.04.10-18.15.36:451][ 67]LogModuleManager: Shutting down and abandoning module XAudio2 (246)
[2025.04.10-18.15.36:452][ 67]LogModuleManager: Shutting down and abandoning module Networking (244)
[2025.04.10-18.15.36:452][ 67]LogModuleManager: Shutting down and abandoning module Core (242)
[2025.04.10-18.15.36:452][ 67]LogModuleManager: Shutting down and abandoning module MaterialEditor (240)
[2025.04.10-18.15.36:452][ 67]LogModuleManager: Shutting down and abandoning module MovieSceneTools (238)
[2025.04.10-18.15.36:454][ 67]LogModuleManager: Shutting down and abandoning module CurveEditor (237)
[2025.04.10-18.15.36:454][ 67]LogModuleManager: Shutting down and abandoning module Sequencer (235)
[2025.04.10-18.15.36:454][ 67]LogModuleManager: Shutting down and abandoning module EditorStyle (234)
[2025.04.10-18.15.36:455][ 67]LogModuleManager: Shutting down and abandoning module KismetCompiler (230)
[2025.04.10-18.15.36:455][ 67]LogModuleManager: Shutting down and abandoning module MeshBuilder (228)
[2025.04.10-18.15.36:455][ 67]LogModuleManager: Shutting down and abandoning module MeshUtilities (226)
[2025.04.10-18.15.36:456][ 67]LogModuleManager: Shutting down and abandoning module MeshMergeUtilities (225)
[2025.04.10-18.15.36:456][ 67]LogModuleManager: Shutting down and abandoning module MeshReductionInterface (224)
[2025.04.10-18.15.36:456][ 67]LogModuleManager: Shutting down and abandoning module MeshBoneReduction (223)
[2025.04.10-18.15.36:456][ 67]LogModuleManager: Shutting down and abandoning module SkeletalMeshReduction (221)
[2025.04.10-18.15.36:456][ 67]LogModuleManager: Shutting down and abandoning module ProxyLODMeshReduction (219)
[2025.04.10-18.15.36:457][ 67]LogModuleManager: Shutting down and abandoning module QuadricMeshReduction (217)
[2025.04.10-18.15.36:457][ 67]LogModuleManager: Shutting down and abandoning module MaterialBaking (213)
[2025.04.10-18.15.36:458][ 67]LogModuleManager: Shutting down and abandoning module NullInstallBundleManager (208)
[2025.04.10-18.15.36:458][ 67]LogModuleManager: Shutting down and abandoning module DerivedDataCache (206)
[2025.04.10-18.15.36:458][ 67]LogModuleManager: Shutting down and abandoning module TargetPlatform (204)
[2025.04.10-18.15.36:458][ 67]LogModuleManager: Shutting down and abandoning module VulkanShaderFormat (203)
[2025.04.10-18.15.36:459][ 67]LogModuleManager: Shutting down and abandoning module ShaderFormatVectorVM (201)
[2025.04.10-18.15.36:459][ 67]LogModuleManager: Shutting down and abandoning module ShaderFormatOpenGL (199)
[2025.04.10-18.15.36:460][ 67]LogModuleManager: Shutting down and abandoning module ShaderFormatD3D (197)
[2025.04.10-18.15.36:460][ 67]LogModuleManager: Shutting down and abandoning module MetalShaderFormat (195)
[2025.04.10-18.15.36:460][ 67]LogModuleManager: Shutting down and abandoning module TextureFormatOodle (193)
[2025.04.10-18.15.36:461][ 67]LogModuleManager: Shutting down and abandoning module TextureFormatUncompressed (191)
[2025.04.10-18.15.36:461][ 67]LogModuleManager: Shutting down and abandoning module TextureFormatPVR (189)
[2025.04.10-18.15.36:461][ 67]LogModuleManager: Shutting down and abandoning module TextureFormatETC2 (187)
[2025.04.10-18.15.36:461][ 67]LogModuleManager: Shutting down and abandoning module TextureFormatDXT (185)
[2025.04.10-18.15.36:461][ 67]LogModuleManager: Shutting down and abandoning module TextureFormatIntelISPCTexComp (183)
[2025.04.10-18.15.36:461][ 67]LogModuleManager: Shutting down and abandoning module TextureFormatASTC (181)
[2025.04.10-18.15.36:461][ 67]LogModuleManager: Shutting down and abandoning module ImageWrapper (180)
[2025.04.10-18.15.36:461][ 67]LogModuleManager: Shutting down and abandoning module AudioFormatOpus (177)
[2025.04.10-18.15.36:461][ 67]LogModuleManager: Shutting down and abandoning module AudioFormatOgg (175)
[2025.04.10-18.15.36:461][ 67]LogModuleManager: Shutting down and abandoning module AudioFormatADPCM (173)
[2025.04.10-18.15.36:461][ 67]LogModuleManager: Shutting down and abandoning module WindowsServerTargetPlatform (171)
[2025.04.10-18.15.36:461][ 67]LogModuleManager: Shutting down and abandoning module WindowsClientTargetPlatform (169)
[2025.04.10-18.15.36:461][ 67]LogModuleManager: Shutting down and abandoning module WindowsTargetPlatform (167)
[2025.04.10-18.15.36:461][ 67]LogModuleManager: Shutting down and abandoning module WindowsNoEditorTargetPlatform (165)
[2025.04.10-18.15.36:461][ 67]LogModuleManager: Shutting down and abandoning module TVOSTargetPlatform (163)
[2025.04.10-18.15.36:462][ 67]LogModuleManager: Shutting down and abandoning module MacServerTargetPlatform (161)
[2025.04.10-18.15.36:462][ 67]LogModuleManager: Shutting down and abandoning module MacClientTargetPlatform (159)
[2025.04.10-18.15.36:462][ 67]LogModuleManager: Shutting down and abandoning module MacTargetPlatform (157)
[2025.04.10-18.15.36:462][ 67]LogModuleManager: Shutting down and abandoning module MacNoEditorTargetPlatform (155)
[2025.04.10-18.15.36:462][ 67]LogModuleManager: Shutting down and abandoning module LuminTargetPlatform (153)
[2025.04.10-18.15.36:463][ 67]LogModuleManager: Shutting down and abandoning module LinuxAArch64ServerTargetPlatform (151)
[2025.04.10-18.15.36:463][ 67]LogModuleManager: Shutting down and abandoning module LinuxAArch64ClientTargetPlatform (149)
[2025.04.10-18.15.36:463][ 67]LogModuleManager: Shutting down and abandoning module LinuxAArch64NoEditorTargetPlatform (147)
[2025.04.10-18.15.36:463][ 67]LogModuleManager: Shutting down and abandoning module LinuxServerTargetPlatform (145)
[2025.04.10-18.15.36:463][ 67]LogModuleManager: Shutting down and abandoning module LinuxClientTargetPlatform (143)
[2025.04.10-18.15.36:463][ 67]LogModuleManager: Shutting down and abandoning module LinuxNoEditorTargetPlatform (141)
[2025.04.10-18.15.36:463][ 67]LogModuleManager: Shutting down and abandoning module LinuxTargetPlatform (139)
[2025.04.10-18.15.36:463][ 67]LogModuleManager: Shutting down and abandoning module Messaging (137)
[2025.04.10-18.15.36:463][ 67]LogModuleManager: Shutting down and abandoning module IOSTargetPlatform (135)
[2025.04.10-18.15.36:463][ 67]LogModuleManager: Shutting down and abandoning module AndroidTargetPlatform (133)
[2025.04.10-18.15.36:466][ 67]LogModuleManager: Shutting down and abandoning module AllDesktopTargetPlatform (131)
[2025.04.10-18.15.36:466][ 67]LogModuleManager: Shutting down and abandoning module D3D11RHI (128)
[2025.04.10-18.15.36:466][ 67]LogModuleManager: Shutting down and abandoning module InputCore (126)
[2025.04.10-18.15.36:466][ 67]LogModuleManager: Shutting down and abandoning module Settings (124)
[2025.04.10-18.15.36:466][ 67]LogModuleManager: Shutting down and abandoning module DirectoryWatcher (122)
[2025.04.10-18.15.36:466][ 67]LogModuleManager: Shutting down and abandoning module PhysXCooking (120)
[2025.04.10-18.15.36:466][ 67]LogModuleManager: Shutting down and abandoning module Chaos (118)
[2025.04.10-18.15.36:466][ 67]LogModuleManager: Shutting down and abandoning module WindowsPlatformFeatures (116)
[2025.04.10-18.15.36:467][ 67]LogModuleManager: Shutting down and abandoning module GameplayMediaEncoder (115)
[2025.04.10-18.15.36:467][ 67]LogModuleManager: Shutting down and abandoning module AVEncoder (114)
[2025.04.10-18.15.36:467][ 67]LogModuleManager: Shutting down and abandoning module OculusOpenXRHMD (110)
[2025.04.10-18.15.36:467][ 67]LogModuleManager: Shutting down and abandoning module OpenXRHandTracking (108)
[2025.04.10-18.15.36:467][ 67]LogSlate: Slate User Destroyed.  User Index 0, Is Virtual User: 0
[2025.04.10-18.15.36:467][ 67]LogSlate: Slate User Destroyed.  User Index 8, Is Virtual User: 1
[2025.04.10-18.15.36:467][ 67]LogModuleManager: Shutting down and abandoning module OpenXREyeTracker (106)
[2025.04.10-18.15.36:467][ 67]LogModuleManager: Shutting down and abandoning module OpenXRAR (104)
[2025.04.10-18.15.36:468][ 67]LogModuleManager: Shutting down and abandoning module AugmentedReality (103)
[2025.04.10-18.15.36:468][ 67]LogModuleManager: Shutting down and abandoning module OpenXRHMD (100)
[2025.04.10-18.15.36:468][ 67]LogModuleManager: Shutting down and abandoning module ExampleDeviceProfileSelector (98)
[2025.04.10-18.15.36:468][ 67]LogModuleManager: Shutting down and abandoning module ChunkDownloader (96)
[2025.04.10-18.15.36:468][ 67]LogModuleManager: Shutting down and abandoning module LauncherChunkInstaller (94)
[2025.04.10-18.15.36:468][ 67]LogModuleManager: Shutting down and abandoning module OnlineBlueprintSupport (92)
[2025.04.10-18.15.36:468][ 67]LogModuleManager: Shutting down and abandoning module OnlineSubsystem (88)
[2025.04.10-18.15.36:469][ 67]LogModuleManager: Shutting down and abandoning module XMPP (83)
[2025.04.10-18.15.36:470][ 67]LogModuleManager: Shutting down and abandoning module WebSockets (82)
[2025.04.10-18.15.36:495][ 67]LogModuleManager: Shutting down and abandoning module HTTP (79)
[2025.04.10-18.15.36:495][ 67]LogHttp: Display: Http module shutting down, but needs to wait on 1 outstanding Http requests:
[2025.04.10-18.15.36:496][ 67]LogHttp: Display: 	verb=[POST] url=[https://datarouter.ol.epicgames.com/datarouter/api/v1/public/data?SessionID=%7B48C6BD7F-4E54-251A-064D-CD88C23D0412%7D&AppID=UEEditor.Rocket.Release&AppVersion=4.27.2-18319896%2B%2B%2BUE4%2BRelease-4.27&UserID=8f81e17f46360d0d130dba9b6452456c%7C047f60e4029c4fa180fd4031df82706c%7C82fea602-2be7-42e1-a651-dfe5ff9bb82e&AppEnvironment=datacollector-binary&UploadType=eteventstream] refs=[1] status=Processing
[2025.04.10-18.15.36:496][ 67]LogHttp: Display: cleaning up 1 outstanding Http requests.
[2025.04.10-18.15.36:499][ 67]LogModuleManager: Shutting down and abandoning module SSL (78)
[2025.04.10-18.15.36:500][ 67]LogModuleManager: Shutting down and abandoning module WmfMedia (74)
[2025.04.10-18.15.36:501][ 67]LogModuleManager: Shutting down and abandoning module Media (73)
[2025.04.10-18.15.36:502][ 67]LogModuleManager: Shutting down and abandoning module MediaInfo (72)
[2025.04.10-18.15.36:502][ 67]LogModuleManager: Shutting down and abandoning module ExrReaderGpu (68)
[2025.04.10-18.15.36:502][ 67]LogModuleManager: Shutting down and abandoning module ChaosCloth (66)
[2025.04.10-18.15.36:502][ 67]LogModuleManager: Shutting down and abandoning module NiagaraVertexFactories (64)
[2025.04.10-18.15.36:502][ 67]LogModuleManager: Shutting down and abandoning module NiagaraShader (62)
[2025.04.10-18.15.36:502][ 67]LogModuleManager: Shutting down and abandoning module MLSDK (60)
[2025.04.10-18.15.36:503][ 67]LogModuleManager: Shutting down and abandoning module MagicLeap (58)
[2025.04.10-18.15.36:503][ 67]LogModuleManager: Shutting down and abandoning module VariantManagerContent (56)
[2025.04.10-18.15.36:503][ 67]LogModuleManager: Shutting down and abandoning module DatasmithContent (54)
[2025.04.10-18.15.36:504][ 67]LogModuleManager: Shutting down and abandoning module PixWinPlugin (52)
[2025.04.10-18.15.36:504][ 67]LogModuleManager: Shutting down and abandoning module AISupportModule (50)
[2025.04.10-18.15.36:504][ 67]LogModuleManager: Shutting down and abandoning module DesktopPlatform (48)
[2025.04.10-18.15.36:504][ 67]LogModuleManager: Shutting down and abandoning module PythonScriptPluginPreload (46)
[2025.04.10-18.15.36:504][ 67]LogModuleManager: Shutting down and abandoning module PlatformCryptoOpenSSL (44)
[2025.04.10-18.15.36:506][ 67]LogModuleManager: Shutting down and abandoning module PlatformCryptoTypes (42)
[2025.04.10-18.15.36:506][ 67]LogModuleManager: Shutting down and abandoning module PlatformCrypto (40)
[2025.04.10-18.15.36:506][ 67]LogModuleManager: Shutting down and abandoning module OodleDataCompressionFormat (38)
[2025.04.10-18.15.36:506][ 67]LogModuleManager: Shutting down and abandoning module XGEController (36)
[2025.04.10-18.15.36:506][ 67]LogXGEController: Cleaning working directory: C:/Users/sasha/AppData/Local/Temp/UnrealXGEWorkingDir/
[2025.04.10-18.15.36:506][ 67]LogModuleManager: Shutting down and abandoning module AnimationModifiers (34)
[2025.04.10-18.15.36:507][ 67]LogModuleManager: Shutting down and abandoning module AudioEditor (32)
[2025.04.10-18.15.36:507][ 67]LogModuleManager: Shutting down and abandoning module PropertyEditor (31)
[2025.04.10-18.15.36:508][ 67]LogModuleManager: Shutting down and abandoning module TextureCompressor (28)
[2025.04.10-18.15.36:508][ 67]LogModuleManager: Shutting down and abandoning module RenderCore (26)
[2025.04.10-18.15.36:508][ 67]LogModuleManager: Shutting down and abandoning module Landscape (24)
[2025.04.10-18.15.36:508][ 67]LogModuleManager: Shutting down and abandoning module SlateRHIRenderer (22)
[2025.04.10-18.15.36:509][ 67]LogModuleManager: Shutting down and abandoning module AnimGraphRuntime (20)
[2025.04.10-18.15.36:510][ 67]LogModuleManager: Shutting down and abandoning module Renderer (18)
[2025.04.10-18.15.36:510][ 67]LogModuleManager: Shutting down and abandoning module Engine (16)
[2025.04.10-18.15.36:510][ 67]LogModuleManager: Shutting down and abandoning module CoreUObject (14)
[2025.04.10-18.15.36:510][ 67]LogModuleManager: Shutting down and abandoning module NetworkFile (12)
[2025.04.10-18.15.36:510][ 67]LogModuleManager: Shutting down and abandoning module CookedIterativeFile (10)
[2025.04.10-18.15.36:510][ 67]LogModuleManager: Shutting down and abandoning module StreamingFile (8)
[2025.04.10-18.15.36:511][ 67]LogModuleManager: Shutting down and abandoning module SandboxFile (6)
[2025.04.10-18.15.36:511][ 67]LogModuleManager: Shutting down and abandoning module PakFile (4)
[2025.04.10-18.15.36:511][ 67]LogModuleManager: Shutting down and abandoning module RSA (3)
[2025.04.10-18.15.36:511][ 67]LogContentStreaming: Display: There are 1 unreleased StreamingManagers
[2025.04.10-18.15.36:525][ 67]LogD3D11RHI: Shutdown
[2025.04.10-18.15.36:525][ 67]LogD3D11RHI: CleanupD3DDevice
[2025.04.10-18.15.36:529][ 67]LogExit: Exiting.
[2025.04.10-18.15.36:536][ 67]Log file closed, 04/10/25 21:15:36
