Log file open, 05/25/25 11:34:01
LogWindows: Failed to load 'aqProf.dll' (GetLastError=126)
LogWindows: File 'aqProf.dll' does not exist
LogWindows: Failed to load 'VtuneApi.dll' (GetLastError=126)
LogWindows: File 'VtuneApi.dll' does not exist
LogWindows: Failed to load 'VtuneApi32e.dll' (GetLastError=126)
LogWindows: File 'VtuneApi32e.dll' does not exist
LogConsoleResponse: Display: Failed to find resolution value strings in scalability ini. Falling back to default.
LogConsoleResponse: Display: Failed to find resolution value strings in scalability ini. Falling back to default.
LogInit: Display: Running engine for game: MyProject
LogPlatformFile: Not using cached read wrapper
LogTaskGraph: Started task graph with 5 named threads and 47 total threads with 3 sets of task threads.
LogStats: Stats thread started at 0.220374
LogICUInternationalization: ICU TimeZone Detection - Raw Offset: +3:00, Platform Override: ''
LogInit: Display: Loading text-based GConfig....
LogPluginManager: Mounting plugin MeshPainting
LogPluginManager: Mounting plugin XGEController
LogPluginManager: Mounting plugin Paper2D
LogPluginManager: Mounting plugin AISupport
LogPluginManager: Mounting plugin EnvironmentQueryEditor
LogPluginManager: Mounting plugin LiveLink
LogPluginManager: Mounting plugin CameraShakePreviewer
LogPluginManager: Mounting plugin LightPropagationVolume
LogPluginManager: Mounting plugin GameplayCameras
LogPluginManager: Mounting plugin CodeLiteSourceCodeAccess
LogPluginManager: Mounting plugin CLionSourceCodeAccess
LogPluginManager: Mounting plugin GitSourceControl
LogPluginManager: Mounting plugin AnimationSharing
LogPluginManager: Mounting plugin KDevelopSourceCodeAccess
LogPluginManager: Mounting plugin NullSourceCodeAccess
LogPluginManager: Mounting plugin PerforceSourceControl
LogPluginManager: Mounting plugin PluginUtils
LogPluginManager: Mounting plugin PlasticSourceControl
LogPluginManager: Mounting plugin RiderSourceCodeAccess
LogPluginManager: Mounting plugin PixWinPlugin
LogPluginManager: Mounting plugin PropertyAccessNode
LogPluginManager: Mounting plugin TextureFormatOodle
LogPluginManager: Mounting plugin SubversionSourceControl
LogPluginManager: Mounting plugin VisualStudioSourceCodeAccess
LogPluginManager: Mounting plugin UObjectPlugin
LogPluginManager: Mounting plugin OodleData
LogPluginManager: Mounting plugin VisualStudioCodeSourceCodeAccess
LogPluginManager: Mounting plugin XCodeSourceCodeAccess
LogPluginManager: Mounting plugin OodleNetwork
LogPluginManager: Mounting plugin DatasmithContent
LogPluginManager: Mounting plugin VariantManagerContent
LogPluginManager: Mounting plugin AlembicImporter
LogPluginManager: Mounting plugin AutomationUtils
LogPluginManager: Mounting plugin BackChannel
LogPluginManager: Mounting plugin ChaosClothEditor
LogPluginManager: Mounting plugin ChaosCloth
LogPluginManager: Mounting plugin ChaosEditor
LogPluginManager: Mounting plugin ChaosNiagara
LogPluginManager: Mounting plugin ChaosSolverPlugin
LogPluginManager: Mounting plugin CharacterAI
LogPluginManager: Mounting plugin Niagara
LogPluginManager: Mounting plugin GeometryCache
LogPluginManager: Mounting plugin GeometryCollectionPlugin
LogPluginManager: Mounting plugin GeometryProcessing
LogPluginManager: Mounting plugin AssetManagerEditor
LogPluginManager: Mounting plugin MotoSynth
LogPluginManager: Mounting plugin OpenImageDenoise
LogPluginManager: Mounting plugin PlatformCrypto
LogPluginManager: Mounting plugin ProxyLODPlugin
LogPluginManager: Mounting plugin PlanarCut
LogPluginManager: Mounting plugin PythonScriptPlugin
LogPluginManager: Mounting plugin SkeletalReduction
LogPluginManager: Mounting plugin CryptoKeys
LogPluginManager: Mounting plugin DataValidation
LogPluginManager: Mounting plugin FacialAnimation
LogPluginManager: Mounting plugin CurveEditorTools
LogPluginManager: Mounting plugin GameplayTagsEditor
LogPluginManager: Mounting plugin GeometryMode
LogPluginManager: Mounting plugin MacGraphicsSwitching
LogPluginManager: Mounting plugin MaterialAnalyzer
LogPluginManager: Mounting plugin MobileLauncherProfileWizard
LogPluginManager: Mounting plugin PluginBrowser
LogPluginManager: Mounting plugin SpeedTreeImporter
LogPluginManager: Mounting plugin AndroidMedia
LogPluginManager: Mounting plugin AvfMedia
LogPluginManager: Mounting plugin MediaCompositing
LogPluginManager: Mounting plugin ImgMedia
LogPluginManager: Mounting plugin MediaPlayerEditor
LogPluginManager: Mounting plugin WmfMedia
LogPluginManager: Mounting plugin WebMMedia
LogPluginManager: Mounting plugin LuminPlatformFeatures
LogPluginManager: Mounting plugin MagicLeap
LogPluginManager: Mounting plugin MagicLeapLightEstimation
LogPluginManager: Mounting plugin MagicLeapMedia
LogPluginManager: Mounting plugin MLSDK
LogPluginManager: Mounting plugin TcpMessaging
LogPluginManager: Mounting plugin MagicLeapPassableWorld
LogPluginManager: Mounting plugin UdpMessaging
LogPluginManager: Mounting plugin OnlineSubsystem
LogPluginManager: Mounting plugin OnlineSubsystemUtils
LogPluginManager: Mounting plugin OnlineSubsystemNull
LogPluginManager: Mounting plugin LauncherChunkInstaller
LogPluginManager: Mounting plugin ActorSequence
LogPluginManager: Mounting plugin LevelSequenceEditor
LogPluginManager: Mounting plugin MatineeToLevelSequence
LogPluginManager: Mounting plugin TemplateSequence
LogPluginManager: Mounting plugin ActorLayerUtilities
LogPluginManager: Mounting plugin AndroidDeviceProfileSelector
LogPluginManager: Mounting plugin AndroidMoviePlayer
LogPluginManager: Mounting plugin AndroidPermission
LogPluginManager: Mounting plugin AppleMoviePlayer
LogPluginManager: Mounting plugin ArchVisCharacter
LogPluginManager: Mounting plugin AppleImageUtils
LogPluginManager: Mounting plugin AudioCapture
LogPluginManager: Mounting plugin AssetTags
LogPluginManager: Mounting plugin AudioSynesthesia
LogPluginManager: Mounting plugin CableComponent
LogPluginManager: Mounting plugin ChunkDownloader
LogPluginManager: Mounting plugin CustomMeshComponent
LogPluginManager: Mounting plugin ScreenshotTools
LogPluginManager: Mounting plugin EditableMesh
LogPluginManager: Mounting plugin ExampleDeviceProfileSelector
LogPluginManager: Mounting plugin GoogleCloudMessaging
LogPluginManager: Mounting plugin GooglePAD
LogPluginManager: Mounting plugin IOSDeviceProfileSelector
LogPluginManager: Mounting plugin LinuxDeviceProfileSelector
LogPluginManager: Mounting plugin LocationServicesBPLibrary
LogPluginManager: Mounting plugin MobilePatchingUtils
LogPluginManager: Mounting plugin OpenXR
LogPluginManager: Mounting plugin OpenXREyeTracker
LogPluginManager: Mounting plugin OpenXRHandTracking
LogPluginManager: Mounting plugin PhysXVehicles
LogPluginManager: Mounting plugin ProceduralMeshComponent
LogPluginManager: Mounting plugin PropertyAccessEditor
LogPluginManager: Mounting plugin PostSplashScreen
LogPluginManager: Mounting plugin ResonanceAudio
LogPluginManager: Mounting plugin RuntimePhysXCooking
LogPluginManager: Mounting plugin SignificanceManager
LogPluginManager: Mounting plugin SoundFields
LogPluginManager: Mounting plugin WebMMoviePlayer
LogPluginManager: Mounting plugin Takes
LogPluginManager: Mounting plugin WindowsMoviePlayer
LogPluginManager: Mounting plugin Synthesis
LogPluginManager: Mounting plugin ContentBrowserFileDataSource
LogPluginManager: Mounting plugin ContentBrowserAssetDataSource
LogPluginManager: Mounting plugin ContentBrowserClassDataSource
LogPluginManager: Mounting plugin OnlineSubsystemGooglePlay
LogPluginManager: Mounting plugin OnlineSubsystemIOS
LogPluginManager: Mounting plugin OculusOpenXR
PixWinPlugin: PIX capture plugin failed to initialize! Check that the process is launched from PIX.
LogInit: Using libcurl 7.55.1-DEV
LogInit:  - built for x86_64-pc-win32
LogInit:  - supports SSL with OpenSSL/1.1.1
LogInit:  - supports HTTP deflate (compression) using libz 1.2.8
LogInit:  - other features:
LogInit:      CURL_VERSION_SSL
LogInit:      CURL_VERSION_LIBZ
LogInit:      CURL_VERSION_IPV6
LogInit:      CURL_VERSION_ASYNCHDNS
LogInit:      CURL_VERSION_LARGEFILE
LogInit:      CURL_VERSION_IDN
LogInit:  CurlRequestOptions (configurable via config and command line):
LogInit:  - bVerifyPeer = true  - Libcurl will verify peer certificate
LogInit:  - bUseHttpProxy = false  - Libcurl will NOT use HTTP proxy
LogInit:  - bDontReuseConnections = false  - Libcurl will reuse connections
LogInit:  - MaxHostConnections = 16  - Libcurl will limit the number of connections to a host
LogInit:  - LocalHostAddr = Default
LogInit:  - BufferSize = 65536
LogOnline: OSS: Creating online subsystem instance for: NULL
LogInit: WinSock: version 1.1 (2.2), MaxSocks=32767, MaxUdp=65467
LogOnline: OSS: TryLoadSubsystemAndSetDefault: Loaded subsystem for module [NULL]
LogInit: Build: ++UE4+Release-4.27-CL-18319896
LogInit: Engine Version: 4.27.2-18319896+++UE4+Release-4.27
LogInit: Compatible Engine Version: 4.27.0-17155196+++UE4+Release-4.27
LogInit: Net CL: 17155196
LogInit: OS: Windows 10 (Release 2009) (), CPU: 11th Gen Intel(R) Core(TM) i7-11800H @ 2.30GHz, GPU: Intel(R) UHD Graphics
LogInit: Compiled (64-bit): Nov 30 2021 07:12:08
LogInit: Compiled with Visual C++: 19.24.28315.00
LogInit: Build Configuration: Development
LogInit: Branch Name: ++UE4+Release-4.27
LogInit: Command Line: 
LogInit: Base Directory: C:/Program Files/Epic Games/UE_4.27/Engine/Binaries/Win64/
LogInit: Allocator: TBB
LogInit: Installed Engine Build: 1
LogDevObjectVersion: Number of dev versions registered: 29
LogDevObjectVersion:   Dev-Blueprints (B0D832E4-1F89-4F0D-ACCF-7EB736FD4AA2): 10
LogDevObjectVersion:   Dev-Build (E1C64328-A22C-4D53-A36C-8E866417BD8C): 0
LogDevObjectVersion:   Dev-Core (375EC13C-06E4-48FB-B500-84F0262A717E): 4
LogDevObjectVersion:   Dev-Editor (E4B068ED-F494-42E9-A231-DA0B2E46BB41): 40
LogDevObjectVersion:   Dev-Framework (CFFC743F-43B0-4480-9391-14DF171D2073): 37
LogDevObjectVersion:   Dev-Mobile (B02B49B5-BB20-44E9-A304-32B752E40360): 3
LogDevObjectVersion:   Dev-Networking (A4E4105C-59A1-49B5-A7C5-40C4547EDFEE): 0
LogDevObjectVersion:   Dev-Online (39C831C9-5AE6-47DC-9A44-9C173E1C8E7C): 0
LogDevObjectVersion:   Dev-Physics (78F01B33-EBEA-4F98-B9B4-84EACCB95AA2): 14
LogDevObjectVersion:   Dev-Platform (6631380F-2D4D-43E0-8009-CF276956A95A): 0
LogDevObjectVersion:   Dev-Rendering (12F88B9F-8875-4AFC-A67C-D90C383ABD29): 45
LogDevObjectVersion:   Dev-Sequencer (7B5AE74C-D270-4C10-A958-57980B212A5A): 13
LogDevObjectVersion:   Dev-VR (D7296918-1DD6-4BDD-9DE2-64A83CC13884): 3
LogDevObjectVersion:   Dev-LoadTimes (C2A15278-BFE7-4AFE-6C17-90FF531DF755): 1
LogDevObjectVersion:   Private-Geometry (6EACA3D4-40EC-4CC1-B786-8BED09428FC5): 3
LogDevObjectVersion:   Dev-AnimPhys (29E575DD-E0A3-4627-9D10-D276232CDCEA): 17
LogDevObjectVersion:   Dev-Anim (AF43A65D-7FD3-4947-9873-3E8ED9C1BB05): 15
LogDevObjectVersion:   Dev-ReflectionCapture (6B266CEC-1EC7-4B8F-A30B-E4D90942FC07): 1
LogDevObjectVersion:   Dev-Automation (0DF73D61-A23F-47EA-B727-89E90C41499A): 1
LogDevObjectVersion:   FortniteMain (601D1886-AC64-4F84-AA16-D3DE0DEAC7D6): 47
LogDevObjectVersion:   FortniteRelease (E7086368-6B23-4C58-8439-1B7016265E91): 1
LogDevObjectVersion:   Dev-Enterprise (9DFFBCD6-494F-0158-E221-12823C92A888): 10
LogDevObjectVersion:   Dev-Niagara (F2AED0AC-9AFE-416F-8664-AA7FFA26D6FC): 1
LogDevObjectVersion:   Dev-Destruction (174F1F0B-B4C6-45A5-B13F-2EE8D0FB917D): 10
LogDevObjectVersion:   Dev-Physics-Ext (35F94A83-E258-406C-A318-09F59610247C): 41
LogDevObjectVersion:   Dev-PhysicsMaterial-Chaos (B68FC16E-8B1B-42E2-B453-215C058844FE): 1
LogDevObjectVersion:   Dev-CineCamera (B2E18506-4273-CFC2-A54E-F4BB758BBA07): 1
LogDevObjectVersion:   Dev-VirtualProduction (64F58936-FD1B-42BA-BA96-7289D5D0FA4E): 1
LogDevObjectVersion:   Dev-MediaFramework (6F0ED827-A609-4895-9C91-998D90180EA4): 2
LogInit: Presizing for max 25165824 objects, including 0 objects not considered by GC, pre-allocating 0 bytes for permanent pool.
LogConfig: Applying CVar settings from Section [/Script/Engine.StreamingSettings] File [C:/Users/AlisaDI/Documents/MephiTasks/UnrealProject/Saved/Config/Windows/Engine.ini]
LogConfig: Setting CVar [[s.MinBulkDataSizeForAsyncLoading:131072]]
LogConfig: Setting CVar [[s.AsyncLoadingThreadEnabled:0]]
LogConfig: Setting CVar [[s.EventDrivenLoaderEnabled:1]]
LogConfig: Setting CVar [[s.WarnIfTimeLimitExceeded:0]]
LogConfig: Setting CVar [[s.TimeLimitExceededMultiplier:1.5]]
LogConfig: Setting CVar [[s.TimeLimitExceededMinTime:0.005]]
LogConfig: Setting CVar [[s.UseBackgroundLevelStreaming:1]]
LogConfig: Setting CVar [[s.PriorityAsyncLoadingExtraTime:15.0]]
LogConfig: Setting CVar [[s.LevelStreamingActorsUpdateTimeLimit:5.0]]
LogConfig: Setting CVar [[s.PriorityLevelStreamingActorsUpdateExtraTime:5.0]]
LogConfig: Setting CVar [[s.LevelStreamingComponentsRegistrationGranularity:10]]
LogConfig: Setting CVar [[s.UnregisterComponentsTimeLimit:1.0]]
LogConfig: Setting CVar [[s.LevelStreamingComponentsUnregistrationGranularity:5]]
LogConfig: Setting CVar [[s.FlushStreamingOnExit:1]]
LogInit: Object subsystem initialized
LogConfig: Setting CVar [[con.DebugEarlyDefault:1]]
LogConfig: Setting CVar [[r.setres:1280x720]]
[2025.05.25-08.34.02:134][  0]LogConfig: Setting CVar [[r.VSync:0]]
[2025.05.25-08.34.02:134][  0]LogConfig: Setting CVar [[r.RHICmdBypass:0]]
[2025.05.25-08.34.02:134][  0]LogConfig: Applying CVar settings from Section [/Script/Engine.RendererSettings] File [C:/Users/AlisaDI/Documents/MephiTasks/UnrealProject/Saved/Config/Windows/Engine.ini]
[2025.05.25-08.34.02:134][  0]LogConfig: Setting CVar [[r.GPUCrashDebugging:0]]
[2025.05.25-08.34.02:134][  0]LogConfig: Setting CVar [[r.Mobile.DisableVertexFog:1]]
[2025.05.25-08.34.02:134][  0]LogConfig: Setting CVar [[r.Shadow.CSM.MaxMobileCascades:2]]
[2025.05.25-08.34.02:134][  0]LogConfig: Setting CVar [[r.MobileMSAA:4]]
[2025.05.25-08.34.02:134][  0]LogConfig: Setting CVar [[r.Mobile.AllowDitheredLODTransition:0]]
[2025.05.25-08.34.02:134][  0]LogConfig: Setting CVar [[r.Mobile.AllowSoftwareOcclusion:0]]
[2025.05.25-08.34.02:134][  0]LogConfig: Setting CVar [[r.Mobile.VirtualTextures:0]]
[2025.05.25-08.34.02:134][  0]LogConfig: Setting CVar [[r.DiscardUnusedQuality:0]]
[2025.05.25-08.34.02:134][  0]LogConfig: Setting CVar [[r.AllowOcclusionQueries:1]]
[2025.05.25-08.34.02:134][  0]LogConfig: Setting CVar [[r.MinScreenRadiusForLights:0.030000]]
[2025.05.25-08.34.02:134][  0]LogConfig: Setting CVar [[r.MinScreenRadiusForDepthPrepass:0.030000]]
[2025.05.25-08.34.02:134][  0]LogConfig: Setting CVar [[r.MinScreenRadiusForCSMDepth:0.010000]]
[2025.05.25-08.34.02:134][  0]LogConfig: Setting CVar [[r.PrecomputedVisibilityWarning:0]]
[2025.05.25-08.34.02:134][  0]LogConfig: Setting CVar [[r.TextureStreaming:1]]
[2025.05.25-08.34.02:134][  0]LogConfig: Setting CVar [[Compat.UseDXT5NormalMaps:0]]
[2025.05.25-08.34.02:134][  0]LogConfig: Setting CVar [[r.VirtualTextures:0]]
[2025.05.25-08.34.02:134][  0]LogConfig: Setting CVar [[r.VirtualTexturedLightmaps:0]]
[2025.05.25-08.34.02:134][  0]LogConfig: Setting CVar [[r.VT.TileSize:128]]
[2025.05.25-08.34.02:134][  0]LogConfig: Setting CVar [[r.VT.TileBorderSize:4]]
[2025.05.25-08.34.02:134][  0]LogConfig: Setting CVar [[r.vt.FeedbackFactor:16]]
[2025.05.25-08.34.02:134][  0]LogConfig: Setting CVar [[r.VT.EnableCompressZlib:1]]
[2025.05.25-08.34.02:134][  0]LogConfig: Setting CVar [[r.VT.EnableCompressCrunch:0]]
[2025.05.25-08.34.02:134][  0]LogConfig: Setting CVar [[r.ClearCoatNormal:0]]
[2025.05.25-08.34.02:134][  0]LogConfig: Setting CVar [[r.ReflectionCaptureResolution:128]]
[2025.05.25-08.34.02:134][  0]LogConfig: Setting CVar [[r.Mobile.ReflectionCaptureCompression:0]]
[2025.05.25-08.34.02:134][  0]LogConfig: Setting CVar [[r.ReflectionEnvironmentLightmapMixBasedOnRoughness:1]]
[2025.05.25-08.34.02:134][  0]LogConfig: Setting CVar [[r.ForwardShading:1]]
[2025.05.25-08.34.02:134][  0]LogConfig: Setting CVar [[r.VertexFoggingForOpaque:1]]
[2025.05.25-08.34.02:134][  0]LogConfig: Setting CVar [[r.AllowStaticLighting:1]]
[2025.05.25-08.34.02:134][  0]LogConfig: Setting CVar [[r.NormalMapsForStaticLighting:0]]
[2025.05.25-08.34.02:134][  0]LogConfig: Setting CVar [[r.GenerateMeshDistanceFields:0]]
[2025.05.25-08.34.02:134][  0]LogConfig: Setting CVar [[r.DistanceFieldBuild.EightBit:0]]
[2025.05.25-08.34.02:134][  0]LogConfig: Setting CVar [[r.GenerateLandscapeGIData:0]]
[2025.05.25-08.34.02:134][  0]LogConfig: Setting CVar [[r.DistanceFieldBuild.Compress:0]]
[2025.05.25-08.34.02:134][  0]LogConfig: Setting CVar [[r.TessellationAdaptivePixelsPerTriangle:48.000000]]
[2025.05.25-08.34.02:134][  0]LogConfig: Setting CVar [[r.SeparateTranslucency:0]]
[2025.05.25-08.34.02:134][  0]LogConfig: Setting CVar [[r.TranslucentSortPolicy:0]]
[2025.05.25-08.34.02:134][  0]LogConfig: Setting CVar [[r.CustomDepth:1]]
[2025.05.25-08.34.02:134][  0]LogConfig: Setting CVar [[r.CustomDepthTemporalAAJitter:1]]
[2025.05.25-08.34.02:134][  0]LogConfig: Setting CVar [[r.PostProcessing.PropagateAlpha:0]]
[2025.05.25-08.34.02:134][  0]LogConfig: Setting CVar [[r.DefaultFeature.Bloom:0]]
[2025.05.25-08.34.02:134][  0]LogConfig: Setting CVar [[r.DefaultFeature.AmbientOcclusion:0]]
[2025.05.25-08.34.02:134][  0]LogConfig: Setting CVar [[r.DefaultFeature.AmbientOcclusionStaticFraction:1]]
[2025.05.25-08.34.02:134][  0]LogConfig: Setting CVar [[r.DefaultFeature.AutoExposure:0]]
[2025.05.25-08.34.02:134][  0]LogConfig: Setting CVar [[r.DefaultFeature.AutoExposure.Method:0]]
[2025.05.25-08.34.02:134][  0]LogConfig: Setting CVar [[r.DefaultFeature.AutoExposure.Bias:1.000000]]
[2025.05.25-08.34.02:134][  0]LogConfig: Setting CVar [[r.DefaultFeature.AutoExposure.ExtendDefaultLuminanceRange:1]]
[2025.05.25-08.34.02:134][  0]LogConfig: Setting CVar [[r.UsePreExposure:1]]
[2025.05.25-08.34.02:134][  0]LogConfig: Setting CVar [[r.EyeAdaptation.EditorOnly:0]]
[2025.05.25-08.34.02:134][  0]LogConfig: Setting CVar [[r.DefaultFeature.MotionBlur:0]]
[2025.05.25-08.34.02:134][  0]LogConfig: Setting CVar [[r.DefaultFeature.LensFlare:0]]
[2025.05.25-08.34.02:134][  0]LogConfig: Setting CVar [[r.TemporalAA.Upsampling:0]]
[2025.05.25-08.34.02:134][  0]LogConfig: Setting CVar [[r.SSGI.Enable:0]]
[2025.05.25-08.34.02:134][  0]LogConfig: Setting CVar [[r.DefaultFeature.AntiAliasing:3]]
[2025.05.25-08.34.02:134][  0]LogConfig: Setting CVar [[r.DefaultFeature.LightUnits:1]]
[2025.05.25-08.34.02:134][  0]LogConfig: Setting CVar [[r.DefaultBackBufferPixelFormat:4]]
[2025.05.25-08.34.02:134][  0]LogConfig: Setting CVar [[r.Shadow.UnbuiltPreviewInGame:1]]
[2025.05.25-08.34.02:134][  0]LogConfig: Setting CVar [[r.StencilForLODDither:0]]
[2025.05.25-08.34.02:134][  0]LogConfig: Setting CVar [[r.EarlyZPass:3]]
[2025.05.25-08.34.02:134][  0]LogConfig: Setting CVar [[r.EarlyZPassOnlyMaterialMasking:0]]
[2025.05.25-08.34.02:134][  0]LogConfig: Setting CVar [[r.DBuffer:1]]
[2025.05.25-08.34.02:134][  0]LogConfig: Setting CVar [[r.ClearSceneMethod:1]]
[2025.05.25-08.34.02:134][  0]LogConfig: Setting CVar [[r.BasePassOutputsVelocity:0]]
[2025.05.25-08.34.02:134][  0]LogConfig: Setting CVar [[r.VertexDeformationOutputsVelocity:0]]
[2025.05.25-08.34.02:134][  0]LogConfig: Setting CVar [[r.SelectiveBasePassOutputs:0]]
[2025.05.25-08.34.02:134][  0]LogConfig: Setting CVar [[fx.GPUSimulationTextureSizeX:1024]]
[2025.05.25-08.34.02:134][  0]LogConfig: Setting CVar [[fx.GPUSimulationTextureSizeY:1024]]
[2025.05.25-08.34.02:134][  0]LogConfig: Setting CVar [[r.AllowGlobalClipPlane:0]]
[2025.05.25-08.34.02:134][  0]LogConfig: Setting CVar [[r.GBufferFormat:1]]
[2025.05.25-08.34.02:134][  0]LogConfig: Setting CVar [[r.MorphTarget.Mode:1]]
[2025.05.25-08.34.02:134][  0]LogConfig: Setting CVar [[vr.InstancedStereo:1]]
[2025.05.25-08.34.02:134][  0]LogConfig: Setting CVar [[r.MobileHDR:0]]
[2025.05.25-08.34.02:134][  0]LogConfig: Setting CVar [[vr.MobileMultiView:1]]
[2025.05.25-08.34.02:134][  0]LogConfig: Setting CVar [[r.Mobile.UseHWsRGBEncoding:1]]
[2025.05.25-08.34.02:134][  0]LogConfig: Setting CVar [[vr.RoundRobinOcclusion:0]]
[2025.05.25-08.34.02:134][  0]LogConfig: Setting CVar [[vr.ODSCapture:0]]
[2025.05.25-08.34.02:134][  0]LogConfig: Setting CVar [[r.MeshStreaming:0]]
[2025.05.25-08.34.02:134][  0]LogConfig: Setting CVar [[r.WireframeCullThreshold:5.000000]]
[2025.05.25-08.34.02:134][  0]LogConfig: Setting CVar [[r.RayTracing:0]]
[2025.05.25-08.34.02:134][  0]LogConfig: Setting CVar [[r.RayTracing.UseTextureLod:0]]
[2025.05.25-08.34.02:134][  0]LogConfig: Setting CVar [[r.SupportStationarySkylight:1]]
[2025.05.25-08.34.02:134][  0]LogConfig: Setting CVar [[r.SupportLowQualityLightmaps:1]]
[2025.05.25-08.34.02:134][  0]LogConfig: Setting CVar [[r.SupportPointLightWholeSceneShadows:1]]
[2025.05.25-08.34.02:134][  0]LogConfig: Setting CVar [[r.SupportAtmosphericFog:1]]
[2025.05.25-08.34.02:134][  0]LogConfig: Setting CVar [[r.SupportSkyAtmosphere:1]]
[2025.05.25-08.34.02:134][  0]LogConfig: Setting CVar [[r.SupportSkyAtmosphereAffectsHeightFog:0]]
[2025.05.25-08.34.02:134][  0]LogConfig: Setting CVar [[r.SkinCache.CompileShaders:0]]
[2025.05.25-08.34.02:134][  0]LogConfig: Setting CVar [[r.SkinCache.DefaultBehavior:1]]
[2025.05.25-08.34.02:134][  0]LogConfig: Setting CVar [[r.SkinCache.SceneMemoryLimitInMB:128.000000]]
[2025.05.25-08.34.02:134][  0]LogConfig: Setting CVar [[r.Mobile.EnableStaticAndCSMShadowReceivers:1]]
[2025.05.25-08.34.02:134][  0]LogConfig: Setting CVar [[r.Mobile.EnableMovableLightCSMShaderCulling:1]]
[2025.05.25-08.34.02:134][  0]LogConfig: Setting CVar [[r.Mobile.AllowDistanceFieldShadows:1]]
[2025.05.25-08.34.02:135][  0]LogConfig: Setting CVar [[r.Mobile.AllowMovableDirectionalLights:1]]
[2025.05.25-08.34.02:135][  0]LogConfig: Setting CVar [[r.MobileNumDynamicPointLights:4]]
[2025.05.25-08.34.02:135][  0]LogConfig: Setting CVar [[r.MobileDynamicPointLightsUseStaticBranch:1]]
[2025.05.25-08.34.02:135][  0]LogConfig: Setting CVar [[r.Mobile.EnableMovableSpotlights:0]]
[2025.05.25-08.34.02:135][  0]LogConfig: Setting CVar [[r.Mobile.EnableMovableSpotlightsShadow:0]]
[2025.05.25-08.34.02:135][  0]LogConfig: Setting CVar [[r.GPUSkin.Support16BitBoneIndex:0]]
[2025.05.25-08.34.02:135][  0]LogConfig: Setting CVar [[r.GPUSkin.Limit2BoneInfluences:0]]
[2025.05.25-08.34.02:135][  0]LogConfig: Setting CVar [[r.SupportDepthOnlyIndexBuffers:1]]
[2025.05.25-08.34.02:135][  0]LogConfig: Setting CVar [[r.SupportReversedIndexBuffers:1]]
[2025.05.25-08.34.02:135][  0]LogConfig: Setting CVar [[r.LightPropagationVolume:0]]
[2025.05.25-08.34.02:135][  0]LogConfig: Setting CVar [[r.Mobile.AmbientOcclusion:0]]
[2025.05.25-08.34.02:135][  0]LogConfig: Setting CVar [[r.GPUSkin.UnlimitedBoneInfluences:0]]
[2025.05.25-08.34.02:135][  0]LogConfig: Setting CVar [[r.GPUSkin.UnlimitedBoneInfluencesThreshold:8]]
[2025.05.25-08.34.02:135][  0]LogConfig: Setting CVar [[r.Mobile.PlanarReflectionMode:0]]
[2025.05.25-08.34.02:135][  0]LogConfig: Setting CVar [[r.Mobile.SupportGPUScene:1]]
[2025.05.25-08.34.02:135][  0]LogConfig: Applying CVar settings from Section [/Script/Engine.RendererOverrideSettings] File [C:/Users/AlisaDI/Documents/MephiTasks/UnrealProject/Saved/Config/Windows/Engine.ini]
[2025.05.25-08.34.02:135][  0]LogConfig: Applying CVar settings from Section [/Script/Engine.StreamingSettings] File [C:/Users/AlisaDI/Documents/MephiTasks/UnrealProject/Saved/Config/Windows/Engine.ini]
[2025.05.25-08.34.02:135][  0]LogConfig: Setting CVar [[s.MinBulkDataSizeForAsyncLoading:131072]]
[2025.05.25-08.34.02:135][  0]LogConfig: Setting CVar [[s.AsyncLoadingThreadEnabled:0]]
[2025.05.25-08.34.02:135][  0]LogConfig: Setting CVar [[s.EventDrivenLoaderEnabled:1]]
[2025.05.25-08.34.02:135][  0]LogConfig: Setting CVar [[s.WarnIfTimeLimitExceeded:0]]
[2025.05.25-08.34.02:135][  0]LogConfig: Setting CVar [[s.TimeLimitExceededMultiplier:1.5]]
[2025.05.25-08.34.02:135][  0]LogConfig: Setting CVar [[s.TimeLimitExceededMinTime:0.005]]
[2025.05.25-08.34.02:135][  0]LogConfig: Setting CVar [[s.UseBackgroundLevelStreaming:1]]
[2025.05.25-08.34.02:135][  0]LogConfig: Setting CVar [[s.PriorityAsyncLoadingExtraTime:15.0]]
[2025.05.25-08.34.02:135][  0]LogConfig: Setting CVar [[s.LevelStreamingActorsUpdateTimeLimit:5.0]]
[2025.05.25-08.34.02:135][  0]LogConfig: Setting CVar [[s.PriorityLevelStreamingActorsUpdateExtraTime:5.0]]
[2025.05.25-08.34.02:135][  0]LogConfig: Setting CVar [[s.LevelStreamingComponentsRegistrationGranularity:10]]
[2025.05.25-08.34.02:135][  0]LogConfig: Setting CVar [[s.UnregisterComponentsTimeLimit:1.0]]
[2025.05.25-08.34.02:135][  0]LogConfig: Setting CVar [[s.LevelStreamingComponentsUnregistrationGranularity:5]]
[2025.05.25-08.34.02:135][  0]LogConfig: Setting CVar [[s.FlushStreamingOnExit:1]]
[2025.05.25-08.34.02:135][  0]LogConfig: Applying CVar settings from Section [/Script/Engine.GarbageCollectionSettings] File [C:/Users/AlisaDI/Documents/MephiTasks/UnrealProject/Saved/Config/Windows/Engine.ini]
[2025.05.25-08.34.02:135][  0]LogConfig: Setting CVar [[gc.MaxObjectsNotConsideredByGC:1]]
[2025.05.25-08.34.02:135][  0]LogConfig: Setting CVar [[gc.SizeOfPermanentObjectPool:0]]
[2025.05.25-08.34.02:135][  0]LogConfig: Setting CVar [[gc.FlushStreamingOnGC:0]]
[2025.05.25-08.34.02:135][  0]LogConfig: Setting CVar [[gc.NumRetriesBeforeForcingGC:10]]
[2025.05.25-08.34.02:135][  0]LogConfig: Setting CVar [[gc.AllowParallelGC:1]]
[2025.05.25-08.34.02:135][  0]LogConfig: Setting CVar [[gc.TimeBetweenPurgingPendingKillObjects:61.1]]
[2025.05.25-08.34.02:135][  0]LogConfig: Setting CVar [[gc.MaxObjectsInEditor:25165824]]
[2025.05.25-08.34.02:135][  0]LogConfig: Setting CVar [[gc.IncrementalBeginDestroyEnabled:1]]
[2025.05.25-08.34.02:135][  0]LogConfig: Setting CVar [[gc.CreateGCClusters:1]]
[2025.05.25-08.34.02:135][  0]LogConfig: Setting CVar [[gc.MinGCClusterSize:5]]
[2025.05.25-08.34.02:135][  0]LogConfig: Setting CVar [[gc.ActorClusteringEnabled:0]]
[2025.05.25-08.34.02:135][  0]LogConfig: Setting CVar [[gc.BlueprintClusteringEnabled:0]]
[2025.05.25-08.34.02:135][  0]LogConfig: Setting CVar [[gc.UseDisregardForGCOnDedicatedServers:0]]
[2025.05.25-08.34.02:135][  0]LogConfig: Setting CVar [[gc.MultithreadedDestructionEnabled:1]]
[2025.05.25-08.34.02:135][  0]LogConfig: Applying CVar settings from Section [/Script/Engine.NetworkSettings] File [C:/Users/AlisaDI/Documents/MephiTasks/UnrealProject/Saved/Config/Windows/Engine.ini]
[2025.05.25-08.34.02:135][  0]LogConfig: Applying CVar settings from Section [/Script/UnrealEd.CookerSettings] File [C:/Users/AlisaDI/Documents/MephiTasks/UnrealProject/Saved/Config/Windows/Engine.ini]
[2025.05.25-08.34.02:140][  0]LogConfig: Applying CVar settings from Section [ViewDistanceQuality@3] File [C:/Users/AlisaDI/Documents/MephiTasks/UnrealProject/Saved/Config/Windows/Scalability.ini]
[2025.05.25-08.34.02:140][  0]LogConfig: Setting CVar [[r.SkeletalMeshLODBias:0]]
[2025.05.25-08.34.02:140][  0]LogConfig: Setting CVar [[r.ViewDistanceScale:1.0]]
[2025.05.25-08.34.02:140][  0]LogConfig: Applying CVar settings from Section [AntiAliasingQuality@3] File [C:/Users/AlisaDI/Documents/MephiTasks/UnrealProject/Saved/Config/Windows/Scalability.ini]
[2025.05.25-08.34.02:140][  0]LogConfig: Setting CVar [[r.PostProcessAAQuality:4]]
[2025.05.25-08.34.02:140][  0]LogConfig: Applying CVar settings from Section [ShadowQuality@3] File [C:/Users/AlisaDI/Documents/MephiTasks/UnrealProject/Saved/Config/Windows/Scalability.ini]
[2025.05.25-08.34.02:140][  0]LogConfig: Setting CVar [[r.LightFunctionQuality:1]]
[2025.05.25-08.34.02:140][  0]LogConfig: Setting CVar [[r.ShadowQuality:5]]
[2025.05.25-08.34.02:140][  0]LogConfig: Setting CVar [[r.Shadow.CSM.MaxCascades:10]]
[2025.05.25-08.34.02:140][  0]LogConfig: Setting CVar [[r.Shadow.MaxResolution:2048]]
[2025.05.25-08.34.02:140][  0]LogConfig: Setting CVar [[r.Shadow.MaxCSMResolution:2048]]
[2025.05.25-08.34.02:140][  0]LogConfig: Setting CVar [[r.Shadow.RadiusThreshold:0.01]]
[2025.05.25-08.34.02:140][  0]LogConfig: Setting CVar [[r.Shadow.DistanceScale:1.0]]
[2025.05.25-08.34.02:140][  0]LogConfig: Setting CVar [[r.Shadow.CSM.TransitionScale:1.0]]
[2025.05.25-08.34.02:140][  0]LogConfig: Setting CVar [[r.Shadow.PreShadowResolutionFactor:1.0]]
[2025.05.25-08.34.02:140][  0]LogConfig: Setting CVar [[r.DistanceFieldShadowing:1]]
[2025.05.25-08.34.02:140][  0]LogConfig: Setting CVar [[r.DistanceFieldAO:1]]
[2025.05.25-08.34.02:140][  0]LogConfig: Setting CVar [[r.AOQuality:2]]
[2025.05.25-08.34.02:140][  0]LogConfig: Setting CVar [[r.VolumetricFog:1]]
[2025.05.25-08.34.02:140][  0]LogConfig: Setting CVar [[r.VolumetricFog.GridPixelSize:8]]
[2025.05.25-08.34.02:140][  0]LogConfig: Setting CVar [[r.VolumetricFog.GridSizeZ:128]]
[2025.05.25-08.34.02:140][  0]LogConfig: Setting CVar [[r.VolumetricFog.HistoryMissSupersampleCount:4]]
[2025.05.25-08.34.02:140][  0]LogConfig: Setting CVar [[r.LightMaxDrawDistanceScale:1]]
[2025.05.25-08.34.02:140][  0]LogConfig: Setting CVar [[r.CapsuleShadows:1]]
[2025.05.25-08.34.02:140][  0]LogConfig: Applying CVar settings from Section [PostProcessQuality@3] File [C:/Users/AlisaDI/Documents/MephiTasks/UnrealProject/Saved/Config/Windows/Scalability.ini]
[2025.05.25-08.34.02:140][  0]LogConfig: Setting CVar [[r.MotionBlurQuality:4]]
[2025.05.25-08.34.02:140][  0]LogConfig: Setting CVar [[r.AmbientOcclusionMipLevelFactor:0.4]]
[2025.05.25-08.34.02:140][  0]LogConfig: Setting CVar [[r.AmbientOcclusionMaxQuality:100]]
[2025.05.25-08.34.02:140][  0]LogConfig: Setting CVar [[r.AmbientOcclusionLevels:-1]]
[2025.05.25-08.34.02:140][  0]LogConfig: Setting CVar [[r.AmbientOcclusionRadiusScale:1.0]]
[2025.05.25-08.34.02:140][  0]LogConfig: Setting CVar [[r.DepthOfFieldQuality:2]]
[2025.05.25-08.34.02:140][  0]LogConfig: Setting CVar [[r.RenderTargetPoolMin:400]]
[2025.05.25-08.34.02:140][  0]LogConfig: Setting CVar [[r.LensFlareQuality:2]]
[2025.05.25-08.34.02:140][  0]LogConfig: Setting CVar [[r.SceneColorFringeQuality:1]]
[2025.05.25-08.34.02:140][  0]LogConfig: Setting CVar [[r.EyeAdaptationQuality:2]]
[2025.05.25-08.34.02:140][  0]LogConfig: Setting CVar [[r.BloomQuality:5]]
[2025.05.25-08.34.02:140][  0]LogConfig: Setting CVar [[r.FastBlurThreshold:100]]
[2025.05.25-08.34.02:140][  0]LogConfig: Setting CVar [[r.Upscale.Quality:3]]
[2025.05.25-08.34.02:140][  0]LogConfig: Setting CVar [[r.Tonemapper.GrainQuantization:1]]
[2025.05.25-08.34.02:140][  0]LogConfig: Setting CVar [[r.LightShaftQuality:1]]
[2025.05.25-08.34.02:140][  0]LogConfig: Setting CVar [[r.Filter.SizeScale:1]]
[2025.05.25-08.34.02:140][  0]LogConfig: Setting CVar [[r.Tonemapper.Quality:5]]
[2025.05.25-08.34.02:140][  0]LogConfig: Setting CVar [[r.DOF.Gather.AccumulatorQuality:1        ; higher gathering accumulator quality]]
[2025.05.25-08.34.02:140][  0]LogConfig: Setting CVar [[r.DOF.Gather.PostfilterMethod:1          ; Median3x3 postfilering method]]
[2025.05.25-08.34.02:140][  0]LogConfig: Setting CVar [[r.DOF.Gather.EnableBokehSettings:0       ; no bokeh simulation when gathering]]
[2025.05.25-08.34.02:140][  0]LogConfig: Setting CVar [[r.DOF.Gather.RingCount:4                 ; medium number of samples when gathering]]
[2025.05.25-08.34.02:140][  0]LogConfig: Setting CVar [[r.DOF.Scatter.ForegroundCompositing:1    ; additive foreground scattering]]
[2025.05.25-08.34.02:140][  0]LogConfig: Setting CVar [[r.DOF.Scatter.BackgroundCompositing:2    ; additive background scattering]]
[2025.05.25-08.34.02:140][  0]LogConfig: Setting CVar [[r.DOF.Scatter.EnableBokehSettings:1      ; bokeh simulation when scattering]]
[2025.05.25-08.34.02:140][  0]LogConfig: Setting CVar [[r.DOF.Scatter.MaxSpriteRatio:0.1         ; only a maximum of 10% of scattered bokeh]]
[2025.05.25-08.34.02:140][  0]LogConfig: Setting CVar [[r.DOF.Recombine.Quality:1                ; cheap slight out of focus]]
[2025.05.25-08.34.02:140][  0]LogConfig: Setting CVar [[r.DOF.Recombine.EnableBokehSettings:0    ; no bokeh simulation on slight out of focus]]
[2025.05.25-08.34.02:140][  0]LogConfig: Setting CVar [[r.DOF.TemporalAAQuality:1                ; more stable temporal accumulation]]
[2025.05.25-08.34.02:140][  0]LogConfig: Setting CVar [[r.DOF.Kernel.MaxForegroundRadius:0.025]]
[2025.05.25-08.34.02:140][  0]LogConfig: Setting CVar [[r.DOF.Kernel.MaxBackgroundRadius:0.025]]
[2025.05.25-08.34.02:140][  0]LogConfig: Applying CVar settings from Section [TextureQuality@3] File [C:/Users/AlisaDI/Documents/MephiTasks/UnrealProject/Saved/Config/Windows/Scalability.ini]
[2025.05.25-08.34.02:140][  0]LogConfig: Setting CVar [[r.Streaming.MipBias:0]]
[2025.05.25-08.34.02:140][  0]LogConfig: Setting CVar [[r.Streaming.AmortizeCPUToGPUCopy:0]]
[2025.05.25-08.34.02:140][  0]LogConfig: Setting CVar [[r.Streaming.MaxNumTexturesToStreamPerFrame:0]]
[2025.05.25-08.34.02:140][  0]LogConfig: Setting CVar [[r.Streaming.Boost:1]]
[2025.05.25-08.34.02:140][  0]LogConfig: Setting CVar [[r.MaxAnisotropy:8]]
[2025.05.25-08.34.02:140][  0]LogConfig: Setting CVar [[r.VT.MaxAnisotropy:8]]
[2025.05.25-08.34.02:140][  0]LogConfig: Setting CVar [[r.Streaming.LimitPoolSizeToVRAM:0]]
[2025.05.25-08.34.02:140][  0]LogConfig: Setting CVar [[r.Streaming.PoolSize:1000]]
[2025.05.25-08.34.02:140][  0]LogConfig: Setting CVar [[r.Streaming.MaxEffectiveScreenSize:0]]
[2025.05.25-08.34.02:140][  0]LogConfig: Applying CVar settings from Section [EffectsQuality@3] File [C:/Users/AlisaDI/Documents/MephiTasks/UnrealProject/Saved/Config/Windows/Scalability.ini]
[2025.05.25-08.34.02:140][  0]LogConfig: Setting CVar [[r.TranslucencyLightingVolumeDim:64]]
[2025.05.25-08.34.02:140][  0]LogConfig: Setting CVar [[r.RefractionQuality:2]]
[2025.05.25-08.34.02:140][  0]LogConfig: Setting CVar [[r.SSR.Quality:3]]
[2025.05.25-08.34.02:140][  0]LogConfig: Setting CVar [[r.SSR.HalfResSceneColor:0]]
[2025.05.25-08.34.02:140][  0]LogConfig: Setting CVar [[r.SceneColorFormat:4]]
[2025.05.25-08.34.02:140][  0]LogConfig: Setting CVar [[r.DetailMode:2]]
[2025.05.25-08.34.02:140][  0]LogConfig: Setting CVar [[r.TranslucencyVolumeBlur:1]]
[2025.05.25-08.34.02:140][  0]LogConfig: Setting CVar [[r.MaterialQualityLevel:1 ; High quality]]
[2025.05.25-08.34.02:140][  0]LogConfig: Setting CVar [[r.AnisotropicMaterials:1]]
[2025.05.25-08.34.02:140][  0]LogConfig: Setting CVar [[r.SSS.Scale:1]]
[2025.05.25-08.34.02:140][  0]LogConfig: Setting CVar [[r.SSS.SampleSet:2]]
[2025.05.25-08.34.02:140][  0]LogConfig: Setting CVar [[r.SSS.Quality:1]]
[2025.05.25-08.34.02:140][  0]LogConfig: Setting CVar [[r.SSS.HalfRes:0]]
[2025.05.25-08.34.02:140][  0]LogConfig: Setting CVar [[r.SSGI.Quality:3]]
[2025.05.25-08.34.02:140][  0]LogConfig: Setting CVar [[r.EmitterSpawnRateScale:1.0]]
[2025.05.25-08.34.02:140][  0]LogConfig: Setting CVar [[r.ParticleLightQuality:2]]
[2025.05.25-08.34.02:140][  0]LogConfig: Setting CVar [[r.SkyAtmosphere.AerialPerspectiveLUT.FastApplyOnOpaque:1 ; Always have FastSkyLUT 1 in this case to avoid wrong sky]]
[2025.05.25-08.34.02:140][  0]LogConfig: Setting CVar [[r.SkyAtmosphere.AerialPerspectiveLUT.SampleCountMaxPerSlice:4]]
[2025.05.25-08.34.02:140][  0]LogConfig: Setting CVar [[r.SkyAtmosphere.AerialPerspectiveLUT.DepthResolution:16.0]]
[2025.05.25-08.34.02:140][  0]LogConfig: Setting CVar [[r.SkyAtmosphere.FastSkyLUT:1]]
[2025.05.25-08.34.02:140][  0]LogConfig: Setting CVar [[r.SkyAtmosphere.FastSkyLUT.SampleCountMin:4.0]]
[2025.05.25-08.34.02:140][  0]LogConfig: Setting CVar [[r.SkyAtmosphere.FastSkyLUT.SampleCountMax:128.0]]
[2025.05.25-08.34.02:140][  0]LogConfig: Setting CVar [[r.SkyAtmosphere.SampleCountMin:4.0]]
[2025.05.25-08.34.02:140][  0]LogConfig: Setting CVar [[r.SkyAtmosphere.SampleCountMax:128.0]]
[2025.05.25-08.34.02:140][  0]LogConfig: Setting CVar [[r.SkyAtmosphere.TransmittanceLUT.UseSmallFormat:0]]
[2025.05.25-08.34.02:140][  0]LogConfig: Setting CVar [[r.SkyAtmosphere.TransmittanceLUT.SampleCount:10.0]]
[2025.05.25-08.34.02:140][  0]LogConfig: Setting CVar [[r.SkyAtmosphere.MultiScatteringLUT.SampleCount:15.0]]
[2025.05.25-08.34.02:140][  0]LogConfig: Setting CVar [[r.SkyLight.RealTimeReflectionCapture:1]]
[2025.05.25-08.34.02:140][  0]LogConfig: Applying CVar settings from Section [FoliageQuality@3] File [C:/Users/AlisaDI/Documents/MephiTasks/UnrealProject/Saved/Config/Windows/Scalability.ini]
[2025.05.25-08.34.02:140][  0]LogConfig: Setting CVar [[foliage.DensityScale:1.0]]
[2025.05.25-08.34.02:140][  0]LogConfig: Setting CVar [[grass.DensityScale:1.0]]
[2025.05.25-08.34.02:140][  0]LogConfig: Applying CVar settings from Section [ShadingQuality@3] File [C:/Users/AlisaDI/Documents/MephiTasks/UnrealProject/Saved/Config/Windows/Scalability.ini]
[2025.05.25-08.34.02:140][  0]LogConfig: Setting CVar [[r.HairStrands.SkyLighting.IntegrationType:2]]
[2025.05.25-08.34.02:140][  0]LogConfig: Setting CVar [[r.HairStrands.SkyAO.SampleCount:4]]
[2025.05.25-08.34.02:140][  0]LogConfig: Setting CVar [[r.HairStrands.Visibility.MSAA.SamplePerPixel:4]]
[2025.05.25-08.34.02:140][  0]LogInit: Selected Device Profile: [Windows]
[2025.05.25-08.34.02:140][  0]LogInit: Applying CVar settings loaded from the selected device profile: [Windows]
[2025.05.25-08.34.02:140][  0]LogHAL: Display: Platform has ~ 32 GB [34046742528 / 34359738368 / 32], which maps to Largest [LargestMinGB=32, LargerMinGB=12, DefaultMinGB=8, SmallerMinGB=6, SmallestMinGB=0)
[2025.05.25-08.34.02:140][  0]LogInit: Going up to parent DeviceProfile []
[2025.05.25-08.34.02:140][  0]LogConfig: Applying CVar settings from Section [ViewDistanceQuality@3] File [C:/Users/AlisaDI/Documents/MephiTasks/UnrealProject/Saved/Config/Windows/Scalability.ini]
[2025.05.25-08.34.02:140][  0]LogConfig: Setting CVar [[r.SkeletalMeshLODBias:0]]
[2025.05.25-08.34.02:140][  0]LogConfig: Setting CVar [[r.ViewDistanceScale:1.0]]
[2025.05.25-08.34.02:140][  0]LogConfig: Applying CVar settings from Section [AntiAliasingQuality@3] File [C:/Users/AlisaDI/Documents/MephiTasks/UnrealProject/Saved/Config/Windows/Scalability.ini]
[2025.05.25-08.34.02:141][  0]LogConfig: Setting CVar [[r.PostProcessAAQuality:4]]
[2025.05.25-08.34.02:141][  0]LogConfig: Applying CVar settings from Section [ShadowQuality@3] File [C:/Users/AlisaDI/Documents/MephiTasks/UnrealProject/Saved/Config/Windows/Scalability.ini]
[2025.05.25-08.34.02:141][  0]LogConfig: Setting CVar [[r.LightFunctionQuality:1]]
[2025.05.25-08.34.02:141][  0]LogConfig: Setting CVar [[r.ShadowQuality:5]]
[2025.05.25-08.34.02:141][  0]LogConfig: Setting CVar [[r.Shadow.CSM.MaxCascades:10]]
[2025.05.25-08.34.02:141][  0]LogConfig: Setting CVar [[r.Shadow.MaxResolution:2048]]
[2025.05.25-08.34.02:141][  0]LogConfig: Setting CVar [[r.Shadow.MaxCSMResolution:2048]]
[2025.05.25-08.34.02:141][  0]LogConfig: Setting CVar [[r.Shadow.RadiusThreshold:0.01]]
[2025.05.25-08.34.02:141][  0]LogConfig: Setting CVar [[r.Shadow.DistanceScale:1.0]]
[2025.05.25-08.34.02:141][  0]LogConfig: Setting CVar [[r.Shadow.CSM.TransitionScale:1.0]]
[2025.05.25-08.34.02:141][  0]LogConfig: Setting CVar [[r.Shadow.PreShadowResolutionFactor:1.0]]
[2025.05.25-08.34.02:141][  0]LogConfig: Setting CVar [[r.DistanceFieldShadowing:1]]
[2025.05.25-08.34.02:141][  0]LogConfig: Setting CVar [[r.DistanceFieldAO:1]]
[2025.05.25-08.34.02:141][  0]LogConfig: Setting CVar [[r.AOQuality:2]]
[2025.05.25-08.34.02:141][  0]LogConfig: Setting CVar [[r.VolumetricFog:1]]
[2025.05.25-08.34.02:141][  0]LogConfig: Setting CVar [[r.VolumetricFog.GridPixelSize:8]]
[2025.05.25-08.34.02:141][  0]LogConfig: Setting CVar [[r.VolumetricFog.GridSizeZ:128]]
[2025.05.25-08.34.02:141][  0]LogConfig: Setting CVar [[r.VolumetricFog.HistoryMissSupersampleCount:4]]
[2025.05.25-08.34.02:141][  0]LogConfig: Setting CVar [[r.LightMaxDrawDistanceScale:1]]
[2025.05.25-08.34.02:141][  0]LogConfig: Setting CVar [[r.CapsuleShadows:1]]
[2025.05.25-08.34.02:141][  0]LogConfig: Applying CVar settings from Section [PostProcessQuality@3] File [C:/Users/AlisaDI/Documents/MephiTasks/UnrealProject/Saved/Config/Windows/Scalability.ini]
[2025.05.25-08.34.02:141][  0]LogConfig: Setting CVar [[r.MotionBlurQuality:4]]
[2025.05.25-08.34.02:141][  0]LogConfig: Setting CVar [[r.AmbientOcclusionMipLevelFactor:0.4]]
[2025.05.25-08.34.02:141][  0]LogConfig: Setting CVar [[r.AmbientOcclusionMaxQuality:100]]
[2025.05.25-08.34.02:141][  0]LogConfig: Setting CVar [[r.AmbientOcclusionLevels:-1]]
[2025.05.25-08.34.02:141][  0]LogConfig: Setting CVar [[r.AmbientOcclusionRadiusScale:1.0]]
[2025.05.25-08.34.02:141][  0]LogConfig: Setting CVar [[r.DepthOfFieldQuality:2]]
[2025.05.25-08.34.02:141][  0]LogConfig: Setting CVar [[r.RenderTargetPoolMin:400]]
[2025.05.25-08.34.02:141][  0]LogConfig: Setting CVar [[r.LensFlareQuality:2]]
[2025.05.25-08.34.02:141][  0]LogConfig: Setting CVar [[r.SceneColorFringeQuality:1]]
[2025.05.25-08.34.02:141][  0]LogConfig: Setting CVar [[r.EyeAdaptationQuality:2]]
[2025.05.25-08.34.02:141][  0]LogConfig: Setting CVar [[r.BloomQuality:5]]
[2025.05.25-08.34.02:141][  0]LogConfig: Setting CVar [[r.FastBlurThreshold:100]]
[2025.05.25-08.34.02:141][  0]LogConfig: Setting CVar [[r.Upscale.Quality:3]]
[2025.05.25-08.34.02:141][  0]LogConfig: Setting CVar [[r.Tonemapper.GrainQuantization:1]]
[2025.05.25-08.34.02:141][  0]LogConfig: Setting CVar [[r.LightShaftQuality:1]]
[2025.05.25-08.34.02:141][  0]LogConfig: Setting CVar [[r.Filter.SizeScale:1]]
[2025.05.25-08.34.02:141][  0]LogConfig: Setting CVar [[r.Tonemapper.Quality:5]]
[2025.05.25-08.34.02:141][  0]LogConfig: Setting CVar [[r.DOF.Gather.AccumulatorQuality:1        ; higher gathering accumulator quality]]
[2025.05.25-08.34.02:141][  0]LogConfig: Setting CVar [[r.DOF.Gather.PostfilterMethod:1          ; Median3x3 postfilering method]]
[2025.05.25-08.34.02:141][  0]LogConfig: Setting CVar [[r.DOF.Gather.EnableBokehSettings:0       ; no bokeh simulation when gathering]]
[2025.05.25-08.34.02:141][  0]LogConfig: Setting CVar [[r.DOF.Gather.RingCount:4                 ; medium number of samples when gathering]]
[2025.05.25-08.34.02:141][  0]LogConfig: Setting CVar [[r.DOF.Scatter.ForegroundCompositing:1    ; additive foreground scattering]]
[2025.05.25-08.34.02:141][  0]LogConfig: Setting CVar [[r.DOF.Scatter.BackgroundCompositing:2    ; additive background scattering]]
[2025.05.25-08.34.02:141][  0]LogConfig: Setting CVar [[r.DOF.Scatter.EnableBokehSettings:1      ; bokeh simulation when scattering]]
[2025.05.25-08.34.02:141][  0]LogConfig: Setting CVar [[r.DOF.Scatter.MaxSpriteRatio:0.1         ; only a maximum of 10% of scattered bokeh]]
[2025.05.25-08.34.02:141][  0]LogConfig: Setting CVar [[r.DOF.Recombine.Quality:1                ; cheap slight out of focus]]
[2025.05.25-08.34.02:141][  0]LogConfig: Setting CVar [[r.DOF.Recombine.EnableBokehSettings:0    ; no bokeh simulation on slight out of focus]]
[2025.05.25-08.34.02:141][  0]LogConfig: Setting CVar [[r.DOF.TemporalAAQuality:1                ; more stable temporal accumulation]]
[2025.05.25-08.34.02:141][  0]LogConfig: Setting CVar [[r.DOF.Kernel.MaxForegroundRadius:0.025]]
[2025.05.25-08.34.02:141][  0]LogConfig: Setting CVar [[r.DOF.Kernel.MaxBackgroundRadius:0.025]]
[2025.05.25-08.34.02:141][  0]LogConfig: Applying CVar settings from Section [TextureQuality@3] File [C:/Users/AlisaDI/Documents/MephiTasks/UnrealProject/Saved/Config/Windows/Scalability.ini]
[2025.05.25-08.34.02:141][  0]LogConfig: Setting CVar [[r.Streaming.MipBias:0]]
[2025.05.25-08.34.02:141][  0]LogConfig: Setting CVar [[r.Streaming.AmortizeCPUToGPUCopy:0]]
[2025.05.25-08.34.02:141][  0]LogConfig: Setting CVar [[r.Streaming.MaxNumTexturesToStreamPerFrame:0]]
[2025.05.25-08.34.02:141][  0]LogConfig: Setting CVar [[r.Streaming.Boost:1]]
[2025.05.25-08.34.02:141][  0]LogConfig: Setting CVar [[r.MaxAnisotropy:8]]
[2025.05.25-08.34.02:141][  0]LogConfig: Setting CVar [[r.VT.MaxAnisotropy:8]]
[2025.05.25-08.34.02:141][  0]LogConfig: Setting CVar [[r.Streaming.LimitPoolSizeToVRAM:0]]
[2025.05.25-08.34.02:141][  0]LogConfig: Setting CVar [[r.Streaming.PoolSize:1000]]
[2025.05.25-08.34.02:141][  0]LogConfig: Setting CVar [[r.Streaming.MaxEffectiveScreenSize:0]]
[2025.05.25-08.34.02:141][  0]LogConfig: Applying CVar settings from Section [EffectsQuality@3] File [C:/Users/AlisaDI/Documents/MephiTasks/UnrealProject/Saved/Config/Windows/Scalability.ini]
[2025.05.25-08.34.02:141][  0]LogConfig: Setting CVar [[r.TranslucencyLightingVolumeDim:64]]
[2025.05.25-08.34.02:141][  0]LogConfig: Setting CVar [[r.RefractionQuality:2]]
[2025.05.25-08.34.02:141][  0]LogConfig: Setting CVar [[r.SSR.Quality:3]]
[2025.05.25-08.34.02:141][  0]LogConfig: Setting CVar [[r.SSR.HalfResSceneColor:0]]
[2025.05.25-08.34.02:141][  0]LogConfig: Setting CVar [[r.SceneColorFormat:4]]
[2025.05.25-08.34.02:141][  0]LogConfig: Setting CVar [[r.DetailMode:2]]
[2025.05.25-08.34.02:141][  0]LogConfig: Setting CVar [[r.TranslucencyVolumeBlur:1]]
[2025.05.25-08.34.02:141][  0]LogConfig: Setting CVar [[r.MaterialQualityLevel:1 ; High quality]]
[2025.05.25-08.34.02:141][  0]LogConfig: Setting CVar [[r.AnisotropicMaterials:1]]
[2025.05.25-08.34.02:141][  0]LogConfig: Setting CVar [[r.SSS.Scale:1]]
[2025.05.25-08.34.02:141][  0]LogConfig: Setting CVar [[r.SSS.SampleSet:2]]
[2025.05.25-08.34.02:141][  0]LogConfig: Setting CVar [[r.SSS.Quality:1]]
[2025.05.25-08.34.02:141][  0]LogConfig: Setting CVar [[r.SSS.HalfRes:0]]
[2025.05.25-08.34.02:141][  0]LogConfig: Setting CVar [[r.SSGI.Quality:3]]
[2025.05.25-08.34.02:141][  0]LogConfig: Setting CVar [[r.EmitterSpawnRateScale:1.0]]
[2025.05.25-08.34.02:141][  0]LogConfig: Setting CVar [[r.ParticleLightQuality:2]]
[2025.05.25-08.34.02:141][  0]LogConfig: Setting CVar [[r.SkyAtmosphere.AerialPerspectiveLUT.FastApplyOnOpaque:1 ; Always have FastSkyLUT 1 in this case to avoid wrong sky]]
[2025.05.25-08.34.02:141][  0]LogConfig: Setting CVar [[r.SkyAtmosphere.AerialPerspectiveLUT.SampleCountMaxPerSlice:4]]
[2025.05.25-08.34.02:141][  0]LogConfig: Setting CVar [[r.SkyAtmosphere.AerialPerspectiveLUT.DepthResolution:16.0]]
[2025.05.25-08.34.02:141][  0]LogConfig: Setting CVar [[r.SkyAtmosphere.FastSkyLUT:1]]
[2025.05.25-08.34.02:141][  0]LogConfig: Setting CVar [[r.SkyAtmosphere.FastSkyLUT.SampleCountMin:4.0]]
[2025.05.25-08.34.02:141][  0]LogConfig: Setting CVar [[r.SkyAtmosphere.FastSkyLUT.SampleCountMax:128.0]]
[2025.05.25-08.34.02:141][  0]LogConfig: Setting CVar [[r.SkyAtmosphere.SampleCountMin:4.0]]
[2025.05.25-08.34.02:141][  0]LogConfig: Setting CVar [[r.SkyAtmosphere.SampleCountMax:128.0]]
[2025.05.25-08.34.02:141][  0]LogConfig: Setting CVar [[r.SkyAtmosphere.TransmittanceLUT.UseSmallFormat:0]]
[2025.05.25-08.34.02:141][  0]LogConfig: Setting CVar [[r.SkyAtmosphere.TransmittanceLUT.SampleCount:10.0]]
[2025.05.25-08.34.02:141][  0]LogConfig: Setting CVar [[r.SkyAtmosphere.MultiScatteringLUT.SampleCount:15.0]]
[2025.05.25-08.34.02:141][  0]LogConfig: Setting CVar [[r.SkyLight.RealTimeReflectionCapture:1]]
[2025.05.25-08.34.02:141][  0]LogConfig: Applying CVar settings from Section [FoliageQuality@3] File [C:/Users/AlisaDI/Documents/MephiTasks/UnrealProject/Saved/Config/Windows/Scalability.ini]
[2025.05.25-08.34.02:141][  0]LogConfig: Setting CVar [[foliage.DensityScale:1.0]]
[2025.05.25-08.34.02:141][  0]LogConfig: Setting CVar [[grass.DensityScale:1.0]]
[2025.05.25-08.34.02:141][  0]LogConfig: Applying CVar settings from Section [ShadingQuality@3] File [C:/Users/AlisaDI/Documents/MephiTasks/UnrealProject/Saved/Config/Windows/Scalability.ini]
[2025.05.25-08.34.02:141][  0]LogConfig: Setting CVar [[r.HairStrands.SkyLighting.IntegrationType:2]]
[2025.05.25-08.34.02:141][  0]LogConfig: Setting CVar [[r.HairStrands.SkyAO.SampleCount:4]]
[2025.05.25-08.34.02:141][  0]LogConfig: Setting CVar [[r.HairStrands.Visibility.MSAA.SamplePerPixel:4]]
[2025.05.25-08.34.02:141][  0]LogConfig: Applying CVar settings from Section [Startup] File [../../../Engine/Config/ConsoleVariables.ini]
[2025.05.25-08.34.02:141][  0]LogConfig: Setting CVar [[net.UseAdaptiveNetUpdateFrequency:0]]
[2025.05.25-08.34.02:141][  0]LogConfig: Setting CVar [[p.chaos.AllowCreatePhysxBodies:1]]
[2025.05.25-08.34.02:141][  0]LogConfig: Setting CVar [[fx.SkipVectorVMBackendOptimizations:1]]
[2025.05.25-08.34.02:141][  0]LogConfig: Applying CVar settings from Section [ConsoleVariables] File [C:/Users/AlisaDI/Documents/MephiTasks/UnrealProject/Saved/Config/Windows/Engine.ini]
[2025.05.25-08.34.02:141][  0]LogConfig: Applying CVar settings from Section [ConsoleVariables] File [C:/Users/AlisaDI/Documents/MephiTasks/UnrealProject/Saved/Config/Windows/Editor.ini]
[2025.05.25-08.34.02:142][  0]LogInit: Computer: DESKTOP-N5SQRU4
[2025.05.25-08.34.02:142][  0]LogInit: User: AlisaDI
[2025.05.25-08.34.02:142][  0]LogInit: CPU Page size=4096, Cores=8
[2025.05.25-08.34.02:142][  0]LogInit: High frequency timer resolution =10.000000 MHz
[2025.05.25-08.34.02:142][  0]LogMemory: Memory total: Physical=31.7GB (32GB approx)
[2025.05.25-08.34.02:142][  0]LogMemory: Platform Memory Stats for Windows
[2025.05.25-08.34.02:142][  0]LogMemory: Process Physical Memory: 146.70 MB used, 146.71 MB peak
[2025.05.25-08.34.02:142][  0]LogMemory: Process Virtual Memory: 130.62 MB used, 130.62 MB peak
[2025.05.25-08.34.02:142][  0]LogMemory: Physical Memory: 12793.02 MB used,  19676.49 MB free, 32469.50 MB total
[2025.05.25-08.34.02:142][  0]LogMemory: Virtual Memory: 134204392.00 MB used,  13333.53 MB free, 134217728.00 MB total
[2025.05.25-08.34.02:147][  0]LogWindows: WindowsPlatformFeatures enabled
[2025.05.25-08.34.02:178][  0]LogInit: Physics initialised using underlying interface: PhysX
[2025.05.25-08.34.02:179][  0]LogInit: Using OS detected language (ru-RU).
[2025.05.25-08.34.02:179][  0]LogInit: Using OS detected locale (ru-RU).
[2025.05.25-08.34.02:181][  0]LogTextLocalizationManager: No specific localization for 'ru-RU' exists, so the 'ru' localization will be used.
[2025.05.25-08.34.02:181][  0]LogTextLocalizationResource: LocRes '../../../Engine/Content/Localization/Editor/ru/Editor.locres' could not be opened for reading!
[2025.05.25-08.34.02:181][  0]LogTextLocalizationResource: LocRes '../../../Engine/Content/Localization/EditorTutorials/ru/EditorTutorials.locres' could not be opened for reading!
[2025.05.25-08.34.02:181][  0]LogTextLocalizationResource: LocRes '../../../Engine/Content/Localization/Keywords/ru/Keywords.locres' could not be opened for reading!
[2025.05.25-08.34.02:181][  0]LogTextLocalizationResource: LocRes '../../../Engine/Content/Localization/Category/ru/Category.locres' could not be opened for reading!
[2025.05.25-08.34.02:181][  0]LogTextLocalizationResource: LocRes '../../../Engine/Content/Localization/ToolTips/ru/ToolTips.locres' could not be opened for reading!
[2025.05.25-08.34.02:181][  0]LogTextLocalizationResource: LocRes '../../../Engine/Content/Localization/PropertyNames/ru/PropertyNames.locres' could not be opened for reading!
[2025.05.25-08.34.02:181][  0]LogTextLocalizationResource: LocRes '../../../Engine/Content/Localization/Engine/ru/Engine.locres' could not be opened for reading!
[2025.05.25-08.34.02:182][  0]LogInit: Setting process to per monitor DPI aware
[2025.05.25-08.34.02:195][  0]LogWindowsTextInputMethodSystem: Display: IME system deactivated.
[2025.05.25-08.34.02:213][  0]LogSlate: New Slate User Created.  User Index 0, Is Virtual User: 0
[2025.05.25-08.34.02:213][  0]LogSlate: Slate User Registered.  User Index 0, Is Virtual User: 0
[2025.05.25-08.34.02:321][  0]LogD3D11RHI: Loaded GFSDK_Aftermath_Lib.x64.dll
[2025.05.25-08.34.02:334][  0]LogHMD: Failed to enumerate extensions. Please check that you have a valid OpenXR runtime installed.
[2025.05.25-08.34.02:334][  0]LogD3D11RHI: D3D11 min allowed feature level: 11_0
[2025.05.25-08.34.02:334][  0]LogD3D11RHI: D3D11 max allowed feature level: 11_0
[2025.05.25-08.34.02:334][  0]LogD3D11RHI: D3D11 adapters:
[2025.05.25-08.34.02:497][  0]LogD3D11RHI:    0. 'NVIDIA GeForce RTX 3050 Laptop GPU' (Feature Level 11_0)
[2025.05.25-08.34.02:497][  0]LogD3D11RHI:       3964/0/16234 MB DedicatedVideo/DedicatedSystem/SharedSystem, Outputs:1, VendorId:0x10de
[2025.05.25-08.34.02:532][  0]LogD3D11RHI:    1. 'Intel(R) UHD Graphics' (Feature Level 11_0)
[2025.05.25-08.34.02:532][  0]LogD3D11RHI:       128/0/16234 MB DedicatedVideo/DedicatedSystem/SharedSystem, Outputs:0, VendorId:0x8086
[2025.05.25-08.34.02:534][  0]LogD3D11RHI:    2. 'Microsoft Basic Render Driver' (Feature Level 11_0)
[2025.05.25-08.34.02:534][  0]LogD3D11RHI:       0/0/16234 MB DedicatedVideo/DedicatedSystem/SharedSystem, Outputs:0, VendorId:0x1414
[2025.05.25-08.34.02:534][  0]LogD3D11RHI: Chosen D3D11 Adapter:
[2025.05.25-08.34.02:534][  0]LogD3D11RHI:     Description : NVIDIA GeForce RTX 3050 Laptop GPU
[2025.05.25-08.34.02:534][  0]LogD3D11RHI:     VendorId    : 10de
[2025.05.25-08.34.02:534][  0]LogD3D11RHI:     DeviceId    : 25a2
[2025.05.25-08.34.02:534][  0]LogD3D11RHI:     SubSysId    : 12eb1462
[2025.05.25-08.34.02:534][  0]LogD3D11RHI:     Revision    : 00a1
[2025.05.25-08.34.02:534][  0]LogD3D11RHI:     DedicatedVideoMemory : 4156555264 bytes
[2025.05.25-08.34.02:534][  0]LogD3D11RHI:     DedicatedSystemMemory : 0 bytes
[2025.05.25-08.34.02:534][  0]LogD3D11RHI:     SharedSystemMemory : 17023371264 bytes
[2025.05.25-08.34.02:534][  0]LogD3D11RHI:     AdapterLuid : 0 71625
[2025.05.25-08.34.02:540][  0]LogD3D11RHI: Creating new Direct3DDevice
[2025.05.25-08.34.02:540][  0]LogD3D11RHI:     GPU DeviceId: 0x25a2 (for the marketing name, search the web for "GPU Device Id")
[2025.05.25-08.34.02:540][  0]LogWindows: EnumDisplayDevices:
[2025.05.25-08.34.02:540][  0]LogWindows:    0. 'Intel(R) UHD Graphics' (P:1 D:1)
[2025.05.25-08.34.02:540][  0]LogWindows:    1. 'Intel(R) UHD Graphics' (P:0 D:0)
[2025.05.25-08.34.02:540][  0]LogWindows:    2. 'Intel(R) UHD Graphics' (P:0 D:0)
[2025.05.25-08.34.02:541][  0]LogWindows:    3. 'Intel(R) UHD Graphics' (P:0 D:0)
[2025.05.25-08.34.02:541][  0]LogWindows: DebugString: PrimaryIsNotTheChoosenAdapter PrimaryIsNotTheChoosenAdapter PrimaryIsNotTheChoosenAdapter PrimaryIsNotTheChoosenAdapter FoundDriverCount:0 
[2025.05.25-08.34.02:541][  0]LogD3D11RHI:     Adapter Name: NVIDIA GeForce RTX 3050 Laptop GPU
[2025.05.25-08.34.02:541][  0]LogD3D11RHI:   Driver Version: Unknown (internal:Unknown, unified:Unknown)
[2025.05.25-08.34.02:541][  0]LogD3D11RHI:      Driver Date: Unknown
[2025.05.25-08.34.02:541][  0]LogRHI: Texture pool is 2774 MB (70% of 3964 MB)
[2025.05.25-08.34.02:541][  0]LogD3D11RHI: Creating D3DDevice using adapter:
[2025.05.25-08.34.02:541][  0]LogD3D11RHI:     Description : NVIDIA GeForce RTX 3050 Laptop GPU
[2025.05.25-08.34.02:541][  0]LogD3D11RHI:     VendorId    : 10de
[2025.05.25-08.34.02:541][  0]LogD3D11RHI:     DeviceId    : 25a2
[2025.05.25-08.34.02:541][  0]LogD3D11RHI:     SubSysId    : 12eb1462
[2025.05.25-08.34.02:541][  0]LogD3D11RHI:     Revision    : 00a1
[2025.05.25-08.34.02:541][  0]LogD3D11RHI:     DedicatedVideoMemory : 4156555264 bytes
[2025.05.25-08.34.02:541][  0]LogD3D11RHI:     DedicatedSystemMemory : 0 bytes
[2025.05.25-08.34.02:541][  0]LogD3D11RHI:     SharedSystemMemory : 17023371264 bytes
[2025.05.25-08.34.02:541][  0]LogD3D11RHI:     AdapterLuid : 0 71625
[2025.05.25-08.34.02:658][  0]LogD3D11RHI: RHI has support for 64 bit atomics
[2025.05.25-08.34.02:659][  0]LogD3D11RHI: Async texture creation enabled
[2025.05.25-08.34.02:659][  0]LogD3D11RHI: Array index from any shader is supported
[2025.05.25-08.34.02:672][  0]LogD3D11RHI: GPU Timing Frequency: 1000.000000 (Debug: 2 1)
[2025.05.25-08.34.02:710][  0]LogRHI: GeForceNow SDK initialized: 1
[2025.05.25-08.34.05:042][  0]LogTargetPlatformManager: Display: Loaded TargetPlatform 'AllDesktop'
[2025.05.25-08.34.05:062][  0]LogTargetPlatformManager: Display: Loaded TargetPlatform 'Android'
[2025.05.25-08.34.05:062][  0]LogTargetPlatformManager: Display: Loaded TargetPlatform 'Android_ASTC'
[2025.05.25-08.34.05:062][  0]LogTargetPlatformManager: Display: Loaded TargetPlatform 'Android_DXT'
[2025.05.25-08.34.05:062][  0]LogTargetPlatformManager: Display: Loaded TargetPlatform 'Android_ETC2'
[2025.05.25-08.34.05:062][  0]LogTargetPlatformManager: Display: Loaded TargetPlatform 'AndroidClient'
[2025.05.25-08.34.05:062][  0]LogTargetPlatformManager: Display: Loaded TargetPlatform 'Android_ASTCClient'
[2025.05.25-08.34.05:062][  0]LogTargetPlatformManager: Display: Loaded TargetPlatform 'Android_DXTClient'
[2025.05.25-08.34.05:062][  0]LogTargetPlatformManager: Display: Loaded TargetPlatform 'Android_ETC2Client'
[2025.05.25-08.34.05:062][  0]LogTargetPlatformManager: Display: Loaded TargetPlatform 'Android_Multi'
[2025.05.25-08.34.05:062][  0]LogTargetPlatformManager: Display: Loaded TargetPlatform 'Android_MultiClient'
[2025.05.25-08.34.05:077][  0]LogTargetPlatformManager: Display: Loaded TargetPlatform 'IOSClient'
[2025.05.25-08.34.05:077][  0]LogTargetPlatformManager: Display: Loaded TargetPlatform 'IOS'
[2025.05.25-08.34.05:085][  0]LogTargetPlatformManager: Display: Loaded TargetPlatform 'Linux'
[2025.05.25-08.34.05:088][  0]LogTargetPlatformManager: Display: Loaded TargetPlatform 'LinuxNoEditor'
[2025.05.25-08.34.05:092][  0]LogTargetPlatformManager: Display: Loaded TargetPlatform 'LinuxClient'
[2025.05.25-08.34.05:096][  0]LogTargetPlatformManager: Display: Loaded TargetPlatform 'LinuxServer'
[2025.05.25-08.34.05:104][  0]LogTargetPlatformManager: Display: Loaded TargetPlatform 'LinuxAArch64NoEditor'
[2025.05.25-08.34.05:108][  0]LogTargetPlatformManager: Display: Loaded TargetPlatform 'LinuxAArch64Client'
[2025.05.25-08.34.05:111][  0]LogTargetPlatformManager: Display: Loaded TargetPlatform 'LinuxAArch64Server'
[2025.05.25-08.34.05:133][  0]LogTargetPlatformManager: Display: Loaded TargetPlatform 'Lumin'
[2025.05.25-08.34.05:133][  0]LogTargetPlatformManager: Display: Loaded TargetPlatform 'LuminClient'
[2025.05.25-08.34.05:140][  0]LogTargetPlatformManager: Display: Loaded TargetPlatform 'MacNoEditor'
[2025.05.25-08.34.05:143][  0]LogTargetPlatformManager: Display: Loaded TargetPlatform 'Mac'
[2025.05.25-08.34.05:147][  0]LogTargetPlatformManager: Display: Loaded TargetPlatform 'MacClient'
[2025.05.25-08.34.05:150][  0]LogTargetPlatformManager: Display: Loaded TargetPlatform 'MacServer'
[2025.05.25-08.34.05:158][  0]LogTargetPlatformManager: Display: Loaded TargetPlatform 'TVOSClient'
[2025.05.25-08.34.05:158][  0]LogTargetPlatformManager: Display: Loaded TargetPlatform 'TVOS'
[2025.05.25-08.34.05:165][  0]LogTargetPlatformManager: Display: Loaded TargetPlatform 'WindowsNoEditor'
[2025.05.25-08.34.05:168][  0]LogTargetPlatformManager: Display: Loaded TargetPlatform 'Windows'
[2025.05.25-08.34.05:171][  0]LogTargetPlatformManager: Display: Loaded TargetPlatform 'WindowsClient'
[2025.05.25-08.34.05:174][  0]LogTargetPlatformManager: Display: Loaded TargetPlatform 'WindowsServer'
[2025.05.25-08.34.05:174][  0]LogTargetPlatformManager: Display: Building Assets For Windows
[2025.05.25-08.34.05:179][  0]LogAudioDebug: Display: Lib vorbis DLL was dynamically loaded.
[2025.05.25-08.34.05:200][  0]LogTextureFormatOodle: Display: Oodle Texture 2.9.0 init RDO Off
[2025.05.25-08.34.05:223][  0]LogRendererCore: Ray tracing is disabled. Reason: r.RayTracing=0.
[2025.05.25-08.34.05:223][  0]LogShaderCompilers: Guid format shader working directory is -18 characters bigger than the processId version (../../../../../../Users/AlisaDI/Documents/MephiTasks/UnrealProject/Intermediate/Shaders/WorkingDirectory/8852/).
[2025.05.25-08.34.05:223][  0]LogShaderCompilers: Cleaned the shader compiler working directory 'C:/Users/AlisaDI/AppData/Local/Temp/UnrealShaderWorkingDir/A6AFF532469BD88E6B748186EBB328B2/'.
[2025.05.25-08.34.05:223][  0]LogXGEController: Cannot use XGE Controller as Incredibuild is not installed on this machine.
[2025.05.25-08.34.05:223][  0]LogShaderCompilers: Cannot use XGE Shader Compiler as Incredibuild is not installed on this machine.
[2025.05.25-08.34.05:223][  0]LogShaderCompilers: Display: Using Local Shader Compiler.
[2025.05.25-08.34.05:897][  0]LogDerivedDataCache: Display: Max Cache Size: 512 MB
[2025.05.25-08.34.05:960][  0]LogDerivedDataCache: Loaded boot cache 0.06s 122MB C:/Users/AlisaDI/AppData/Local/UnrealEngine/4.27/DerivedDataCache/Boot.ddc.
[2025.05.25-08.34.05:961][  0]LogDerivedDataCache: Display: Loaded Boot cache: C:/Users/AlisaDI/AppData/Local/UnrealEngine/4.27/DerivedDataCache/Boot.ddc
[2025.05.25-08.34.05:961][  0]LogDerivedDataCache: FDerivedDataBackendGraph:  Pak pak cache file ../../../../../../Users/AlisaDI/Documents/MephiTasks/UnrealProject/DerivedDataCache/DDC.ddp not found, will not use a pak cache.
[2025.05.25-08.34.05:961][  0]LogDerivedDataCache: Unable to find inner node Pak for hierarchical cache Hierarchy.
[2025.05.25-08.34.05:961][  0]LogDerivedDataCache: FDerivedDataBackendGraph:  CompressedPak pak cache file ../../../../../../Users/AlisaDI/Documents/MephiTasks/UnrealProject/DerivedDataCache/Compressed.ddp not found, will not use a pak cache.
[2025.05.25-08.34.05:961][  0]LogDerivedDataCache: Unable to find inner node CompressedPak for hierarchical cache Hierarchy.
[2025.05.25-08.34.05:977][  0]LogDerivedDataCache: Display: Pak cache opened for reading ../../../Engine/DerivedDataCache/Compressed.ddp.
[2025.05.25-08.34.05:977][  0]LogDerivedDataCache: FDerivedDataBackendGraph:  EnterprisePak pak cache file ../../../Enterprise/DerivedDataCache/Compressed.ddp not found, will not use a pak cache.
[2025.05.25-08.34.05:977][  0]LogDerivedDataCache: Unable to find inner node EnterprisePak for hierarchical cache Hierarchy.
[2025.05.25-08.34.05:988][  0]LogDerivedDataCache: Speed tests for C:/Users/AlisaDI/AppData/Local/UnrealEngine/Common/DerivedDataCache took 0.01 seconds
[2025.05.25-08.34.05:988][  0]LogDerivedDataCache: Display: Performance to C:/Users/AlisaDI/AppData/Local/UnrealEngine/Common/DerivedDataCache: Latency=0.02ms. RandomReadSpeed=1037.48MBs, RandomWriteSpeed=101.05MBs. Assigned SpeedClass 'Local'
[2025.05.25-08.34.05:996][  0]LogDerivedDataCache: Using Local data cache path C:/Users/AlisaDI/AppData/Local/UnrealEngine/Common/DerivedDataCache: Writable
[2025.05.25-08.34.05:997][  0]LogDerivedDataCache: Shared data cache path not found in *engine.ini, will not use an Shared cache.
[2025.05.25-08.34.05:997][  0]LogDerivedDataCache: Unable to find inner node Shared for hierarchical cache Hierarchy.
[2025.05.25-08.34.06:103][  0]LogSlate: Using FreeType 2.10.0
[2025.05.25-08.34.06:103][  0]LogSlate: SlateFontServices - WITH_FREETYPE: 1, WITH_HARFBUZZ: 1
[2025.05.25-08.34.06:103][  0]LogHMD: Failed to enumerate extensions. Please check that you have a valid OpenXR runtime installed.
[2025.05.25-08.34.06:139][  0]LogAssetRegistry: FAssetRegistry took 0.0032 seconds to start up
[2025.05.25-08.34.06:352][  0]LogInit: Selected Device Profile: [Windows]
[2025.05.25-08.34.06:352][  0]LogInit: Active device profile: [000002033ED8DE00][000002033697CD80 49] Windows
[2025.05.25-08.34.06:352][  0]LogInit: Profiles: [000002033ED8DE00][000002033697CD80 49] Windows, [000002033ED5B800][0000020336978EC0 49] WindowsNoEditor, [000002033ED8DC00][0000020336981000 49] WindowsServer, [000002033ED58300][000002033CC73140 49] WindowsClient, [000002033ED8C400][000002033CC7B2C0 49] IOS, [000002033ED5BF00][000002033CC7F440 49] iPadAir, [000002033ED8D400][000002033CC835C0 49] iPadAir2, [000002033ED01500][000002033CC8B880 49] IPadPro, [000002033ED01600][000002033CC878C0 49] iPadAir3, [000002033ED8F800][000002033E01DA40 49] iPadAir4, [000002033ED03000][000002033E021BC0 49] iPadMini2, [000002033ED8CC00][000002033E0241C0 49] iPadMini3, [000002033ED01E00][000002033E028340 49] iPadMini4, [000002033ED8E800][000002033E02C4C0 49] iPadMini5, [000002033ED2CE00][000002033E034780 49] iPhone6, [000002033ED2CF00][000002033E0307C0 49] iPodTouch6, [000002033ED5B400][000002033E03CA80 49] iPhone7, [000002033ED5BD00][000002033E038AC0 49] iPodTouch7, [000002033ED2C200][000002033E040C40 49] iPhone5S, [000002033ED03F00][000002033E048DC0 49] iPhone6Plus, [000002033ED2EE00][000002033E050F40 49] iPhone6S, [000002033ED01200][000002033CC77080 49] iPhone6SPlus, [000002033ED59600][000002033E0551C0 49] iPhone7Plus, [000002033ED02500][000002033E065300 49] iPhoneSE, [000002033ED5A700][000002033E071480 49] iPhone8, [000002033ED00600][000002033E075600 49] iPhone8Plus, [000002033ED58E00][000002033E07D780 49] iPhoneX, [000002033ED00D00][0000020335D65900 49] iPhoneXS, [000002033ED5BB00][000002033E099A80 49] iPhoneXSMax, [000002033ED00F00][00000203364B1C00 49] iPhoneXR, [000002033ED5AE00][00000203364B4200 49] iPhone11, [000002033ED03900][000002033650C380 49] iPhone11Pro, [000002033ED58200][000002033612A500 49] iPhone11ProMax, [000002033ED03800][000002033612E680 49] iPhoneSE2, [000002033ED5A200][0000020336132800 49] iPhone12Mini, [000002033ED00300][0000020336136980 49] iPhone12, [000002033ED5B300][000002033613AB00 49] iPhone12Pro, [000002033ED00200][000002033CA9AC80 49] iPhone12ProMax, [000002033ED59F00][000002033CA9EE00 49] iPadPro105, [000002033ED01F00][000002033CAA2F80 49] iPadPro129, [000002033ED58800][000002033CAA7100 49] iPadPro97, [000002033ED00900][000002033E06D240 49] iPadPro2_129, [000002033ED5AB00][000002033CAAB380 49] iPad5, [000002033ED03C00][000002033CAAF4C0 49] iPad6, [000002033ED58500][000002033CAB7640 49] iPad7, [000002033ED01100][000002033CABB7C0 49] iPad8, [000002033ED5A100][000002033CABF940 49] iPadPro11, [000002033ED00500][000002033CAC3AC0 49] iPadPro2_11, [000002033ED59400][000002033CAC60C0 49] iPadPro3_129, [000002033ED02800][000002033CACA240 49] iPadPro4_129, [000002033ED59B00][000002033CACE3C0 49] AppleTV, [000002033ED03600][000002033CAD2540 49] AppleTV4K, [000002033ED5BA00][000002033CAD66C0 49] TVOS, [000002033ED02600][000002033CADA840 49] Mac, [000002033ED59800][000002033CADE9C0 49] MacClient, [000002033ED03E00][000002033CAE2B40 49] MacNoEditor, [000002033ED58100][000002033CAE6CC0 49] MacServer, [000002033ED00800][000002033CAEAE40 49] Linux, [000002033ED58C00][000002033613EFC0 49] LinuxAArch64, [000002033ED02B00][0000020336143140 49] LinuxNoEditor, [000002033ED58F00][00000203361472C0 49] LinuxAArch64NoEditor, [000002033ED01A00][000002033CAB3400 49] LinuxClient, [000002033ED58B00][000002033614B540 49] LinuxAArch64Client, [000002033ED02F00][000002033614F680 49] LinuxServer, [000002033ED59000][00000203361537C0 49] LinuxAArch64Server, [000002033ED01D00][000002033615B940 49] Android, [000002033ED5B200][000002033615FAC0 49] Android_Low, [000002033ED00700][00000203361620C0 49] Android_Mid, [000002033ED5B500][0000020336166240 49] Android_High, [000002033ED02200][000002033616A3C0 49] Android_Default, [000002033ED8E600][000002033616E540 49] Android_Adreno4xx, [000002033ED2FB00][00000203361726C0 49] Android_Adreno5xx_Low, [000002033ED8C800][0000020336176840 49] Android_Adreno5xx, [000002033ED2F400][000002033617A9C0 49] Android_Adreno6xx, [000002033ED8E900][000002033617EB40 49] Android_Adreno6xx_Vulkan, [000002033ED2CC00][0000020336182CC0 49] Android_Mali_T6xx, [000002033ED8F100][0000020336186E40 49] Android_Mali_T7xx, [000002033ED2F500][000002033618AFC0 49] Android_Mali_T8xx, [000002033ED8D100][000002033618F140 49] Android_Mali_G71, [000002033ED2C100][00000203361932C0 49] Android_Mali_G72, [000002033ED8C700][0000020336197440 49] Android_Mali_G72_Vulkan, [000002033ED2CD00][0000020336157580 49] Android_Mali_G76, [000002033ED8FA00][000002033619B6C0 49] Android_Mali_G76_Vulkan, [000002033ED2F900][000002033619F800 49] Android_Mali_G77, [000002033ED8F000][00000203361A3940 49] Android_Mali_G77_Vulkan, [000002033ED2EC00][00000203361ABAC0 49] Android_Mali_G78, [000002033ED8EC00][00000203361AE0C0 49] Android_Mali_G78_Vulkan, [000002033ED2E300][00000203361B2240 49] Android_Mali_G710, [000002033ED8E000][00000203361B63C0 49] Android_Mali_G710_Vulkan, [000002033ED2CA00][00000203361BA540 49] Android_Vulkan_SM5, [000002033ED8F500][00000203361BE6C0 49] Android_PowerVR_G6xxx, [000002033ED2D200][00000203361C2840 49] Android_PowerVR_GT7xxx, [000002033ED8C200][000002033F3AE9C0 49] Android_PowerVR_GE8xxx, [000002033ED2CB00][000002033F3B2B40 49] Android_PowerVR_GM9xxx, [000002033ED8E300][000002033F3B6CC0 49] Android_PowerVR_GM9xxx_Vulkan, [000002033ED02E00][000002033F3BAE40 49] Android_TegraK1, [000002033ED8D500][000002033F3BEFC0 49] Android_Unknown_Vulkan, [000002033ED02A00][000002033F3C3140 49] Lumin, [000002033ED8D200][000002033F3C72C0 49] Lumin_Desktop, [000002033ED01900][000002033F3CB440 49] HoloLens, 
[2025.05.25-08.34.06:466][  0]LogMeshReduction: Using QuadricMeshReduction for automatic static mesh reduction
[2025.05.25-08.34.06:466][  0]LogMeshReduction: Using SimplygonMeshReduction for automatic skeletal mesh reduction
[2025.05.25-08.34.06:466][  0]LogMeshReduction: Using ProxyLODMeshReduction for automatic mesh merging
[2025.05.25-08.34.06:466][  0]LogMeshReduction: No distributed automatic mesh merging module available
[2025.05.25-08.34.06:466][  0]LogMeshMerging: No distributed automatic mesh merging module available
[2025.05.25-08.34.06:479][  0]LogNetVersion: MyProject 1.0.0, NetCL: 17155196, EngineNetVer: 17, GameNetVer: 0 (Checksum: 3629800737)
[2025.05.25-08.34.06:867][  0]LogTexture: Default maximum texture size for cubemaps generated from long-lat sources has been changed from 512 to unlimited. In order to preserve old behaiour for '/Engine/MapTemplates/Sky/DaylightAmbientCubemap.DaylightAmbientCubemap', its maximum texture size has been explicitly set to 512.
[2025.05.25-08.34.06:928][  0]LogUObjectArray: 17012 objects as part of root set at end of initial load.
[2025.05.25-08.34.06:928][  0]LogUObjectAllocator: 4257360 out of 0 bytes used by permanent object pool.
[2025.05.25-08.34.06:928][  0]LogUObjectArray: CloseDisregardForGC: 0/0 objects in disregard for GC pool
[2025.05.25-08.34.07:050][  0]LogNiagaraDebuggerClient: Niagara Debugger Client Initialized | Session: F5E399244E6800382B99C8ABB1A13843 | Instance: 550E02BF40A4A88A3D42DD92DF3E7D14 (DESKTOP-N5SQRU4-8852).
[2025.05.25-08.34.07:153][  0]LogPython: Using Python 3.7.7
[2025.05.25-08.34.07:676][  0]LogTcpMessaging: Initializing TcpMessaging bridge
[2025.05.25-08.34.07:686][  0]LogUdpMessaging: Initializing bridge on interface 0.0.0.0:0 to multicast group 230.0.0.1:6666.
[2025.05.25-08.34.07:792][  0]SourceControl: Source control is disabled
[2025.05.25-08.34.07:792][  0]SourceControl: Source control is disabled
[2025.05.25-08.34.07:797][  0]SourceControl: Source control is disabled
[2025.05.25-08.34.07:802][  0]SourceControl: Source control is disabled
[2025.05.25-08.34.07:806][  0]SourceControl: Source control is disabled
[2025.05.25-08.34.07:808][  0]LogUProjectInfo: Found projects:
[2025.05.25-08.34.07:813][  0]LogVSAccessor: Display: Unable to create Visual Studio setup instance: 80040154
[2025.05.25-08.34.07:814][  0]LogVSAccessor: Display: Unable to create Visual Studio setup instance: 80040154
[2025.05.25-08.34.07:815][  0]LogVSAccessor: Display: Unable to create Visual Studio setup instance: 80040154
[2025.05.25-08.34.07:928][  0]LogOpenImageDenoise: OIDN starting up
[2025.05.25-08.34.08:010][  0]LogAndroidPermission: UAndroidPermissionCallbackProxy::GetInstance
[2025.05.25-08.34.08:025][  0]LogAudioCaptureCore: Display: No Audio Capture implementations found. Audio input will be silent.
[2025.05.25-08.34.08:025][  0]LogAudioCaptureCore: Display: No Audio Capture implementations found. Audio input will be silent.
[2025.05.25-08.34.08:150][  0]LogCollectionManager: Loaded 0 collections in 0.001306 seconds
[2025.05.25-08.34.08:202][  0]LogFileCache: Scanning file cache for directory 'C:/Users/AlisaDI/Documents/MephiTasks/UnrealProject/Saved/Collections/' took 0.00s
[2025.05.25-08.34.08:202][  0]LogFileCache: Scanning file cache for directory 'C:/Users/AlisaDI/Documents/MephiTasks/UnrealProject/Content/Developers/AlisaDI/Collections/' took 0.00s
[2025.05.25-08.34.08:202][  0]LogFileCache: Scanning file cache for directory 'C:/Users/AlisaDI/Documents/MephiTasks/UnrealProject/Content/Collections/' took 0.00s
[2025.05.25-08.34.08:202][  0]LogEngine: Initializing Engine...
[2025.05.25-08.34.08:203][  0]LogHMD: Failed to enumerate extensions. Please check that you have a valid OpenXR runtime installed.
[2025.05.25-08.34.08:203][  0]LogMagicLeap: Warning: VR disabled because ZI is not enabled.  To enable, in the editor, Edit -> Project Settings -> Plugins -> Magic Leap Plugin -> Enable Zero Iteration
[2025.05.25-08.34.08:204][  0]LogStats: UGameplayTagsManager::InitializeManager -  0.000 s
[2025.05.25-08.34.08:321][  0]LogInit: Initializing FReadOnlyCVARCache
[2025.05.25-08.34.08:336][  0]LogAIModule: Creating AISystem for world Untitled
[2025.05.25-08.34.08:336][  0]LogAudio: Display: Initializing Audio Device Manager...
[2025.05.25-08.34.08:339][  0]LogAudio: Display: Loading Default Audio Settings Objects...
[2025.05.25-08.34.08:339][  0]LogAudio: Display: No default SoundConcurrencyObject specified (or failed to load).
[2025.05.25-08.34.08:340][  0]LogAudio: Display: Audio Device Manager Initialized
[2025.05.25-08.34.08:340][  0]LogAudio: Display: Creating Audio Device:                 Id: 1, Scope: Shared, Realtime: True
[2025.05.25-08.34.08:340][  0]LogAudioMixer: Display: Audio Mixer Platform Settings:
[2025.05.25-08.34.08:340][  0]LogAudioMixer: Display: 	Sample Rate:						  48000
[2025.05.25-08.34.08:340][  0]LogAudioMixer: Display: 	Callback Buffer Frame Size Requested: 1024
[2025.05.25-08.34.08:340][  0]LogAudioMixer: Display: 	Callback Buffer Frame Size To Use:	  1024
[2025.05.25-08.34.08:340][  0]LogAudioMixer: Display: 	Number of buffers to queue:			  1
[2025.05.25-08.34.08:340][  0]LogAudioMixer: Display: 	Max Channels (voices):				  0
[2025.05.25-08.34.08:340][  0]LogAudioMixer: Display: 	Number of Async Source Workers:		  4
[2025.05.25-08.34.08:340][  0]LogAudio: Display: AudioDevice MaxSources: 32
[2025.05.25-08.34.08:340][  0]LogAudio: Display: Audio Spatialization Plugin: Resonance Audio is external send: 1
[2025.05.25-08.34.08:340][  0]LogAudio: Display: Audio Reverb Plugin: Resonance Audio
[2025.05.25-08.34.08:340][  0]LogAudio: Display: Audio Occlusion Plugin: None (built-in).
[2025.05.25-08.34.08:340][  0]LogAudioMixer: Display: Initializing audio mixer.
[2025.05.25-08.34.08:352][  0]LogAudioMixer: Display: 0: FrontLeft
[2025.05.25-08.34.08:352][  0]LogAudioMixer: Display: 1: FrontRight
[2025.05.25-08.34.08:555][  0]LogAudioMixer: Display: Using Audio Device Динамики (Realtek(R) Audio)
[2025.05.25-08.34.08:555][  0]LogAudioMixer: Display: Initializing Sound Submixes...
[2025.05.25-08.34.08:557][  0]LogAudioMixer: Display: Creating Master Submix 'MasterSubmixDefault'
[2025.05.25-08.34.08:558][  0]LogAudioMixer: Display: Creating Master Submix 'MasterReverbSubmixDefault'
[2025.05.25-08.34.08:558][  0]LogAudioMixer: Display: Creating Master Submix 'MasterEQSubmixDefault'
[2025.05.25-08.34.08:559][  0]LogAudioMixer: FMixerPlatformXAudio2::StartAudioStream() called
[2025.05.25-08.34.08:559][  0]LogAudioMixer: Display: Output buffers initialized: Frames=1024, Channels=2, Samples=2048
[2025.05.25-08.34.08:560][  0]LogAudioMixer: Display: Starting AudioMixerPlatformInterface::RunInternal()
[2025.05.25-08.34.08:560][  0]LogAudioMixer: Display: FMixerPlatformXAudio2::SubmitBuffer() called for the first time
[2025.05.25-08.34.08:560][  0]LogInit: FAudioDevice initialized.
[2025.05.25-08.34.08:560][  0]LogAudio: Display: Audio Device (ID: 1) registered with world 'Untitled'.
[2025.05.25-08.34.08:561][  0]LogNetVersion: Set ProjectVersion to 1.0.0.0. Version Checksum will be recalculated on next use.
[2025.05.25-08.34.08:628][  0]LogDerivedDataCache: Saved boot cache 0.07s 122MB C:/Users/AlisaDI/AppData/Local/UnrealEngine/4.27/DerivedDataCache/Boot.ddc.
[2025.05.25-08.34.08:631][  0]LogInit: Texture streaming: Enabled
[2025.05.25-08.34.08:640][  0]LogAnalytics: Display: [UEEditor.Rocket.Release] APIServer = https://datarouter.ol.epicgames.com/. AppVersion = 4.27.2-18319896+++UE4+Release-4.27
[2025.05.25-08.34.08:642][  0]LogEngineSessionManager: EngineSessionManager initialized
[2025.05.25-08.34.08:642][  0]LogEditorSessionSummary: Verbose: Initializing EditorSessionSummaryWriter for editor session tracking
[2025.05.25-08.34.08:644][  0]LogEditorSessionSummary: EditorSessionSummaryWriter initialized
[2025.05.25-08.34.08:666][  0]LogInit: Transaction tracking system initialized
[2025.05.25-08.34.08:684][  0]BlueprintLog: New page: Editor Load
[2025.05.25-08.34.08:731][  0]LocalizationService: Localization service is disabled
[2025.05.25-08.34.08:747][  0]TimingProfiler: Initialize
[2025.05.25-08.34.08:747][  0]TimingProfiler: OnSessionChanged
[2025.05.25-08.34.08:747][  0]LoadingProfiler: Initialize
[2025.05.25-08.34.08:747][  0]LoadingProfiler: OnSessionChanged
[2025.05.25-08.34.08:747][  0]NetworkingProfiler: Initialize
[2025.05.25-08.34.08:747][  0]NetworkingProfiler: OnSessionChanged
[2025.05.25-08.34.08:747][  0]MemoryProfiler: Initialize
[2025.05.25-08.34.08:747][  0]MemoryProfiler: OnSessionChanged
[2025.05.25-08.34.08:794][  0]LogVSAccessor: Display: Unable to create Visual Studio setup instance: 80040154
[2025.05.25-08.34.08:795][  0]LogVSAccessor: Display: Unable to create Visual Studio setup instance: 80040154
[2025.05.25-08.34.08:797][  0]LogVSAccessor: Display: Unable to create Visual Studio setup instance: 80040154
[2025.05.25-08.34.08:875][  0]LogCook: Display: CookSettings for Memory: MemoryMaxUsedVirtual 0MiB, MemoryMaxUsedPhysical 16384MiB, MemoryMinFreeVirtual 0MiB, MemoryMinFreePhysical 1024MiB
[2025.05.25-08.34.08:875][  0]LogCook: Display: Mobile HDR setting 0
[2025.05.25-08.34.09:038][  0]LogFileCache: Scanning file cache for directory 'C:/Users/AlisaDI/Documents/MephiTasks/UnrealProject/Content/' took 0.01s
[2025.05.25-08.34.09:038][  0]LogInit: Display: Engine is initialized. Leaving FEngineLoop::Init()
[2025.05.25-08.34.09:041][  0]SourceControl: Source control is disabled
[2025.05.25-08.34.09:041][  0]LogUnrealEdMisc: Loading editor; pre map load, took 7.852
[2025.05.25-08.34.09:041][  0]Cmd: MAP LOAD FILE="../../../../../../Users/AlisaDI/Documents/MephiTasks/UnrealProject/Content/VRTemplate/Maps/VRTemplateMap.umap" TEMPLATE=0 SHOWPROGRESS=1 FEATURELEVEL=3
[2025.05.25-08.34.09:042][  0]LightingResults: New page: Lighting Build
[2025.05.25-08.34.09:043][  0]LogWorld: UWorld::CleanupWorld for Untitled, bSessionEnded=true, bCleanupResources=true
[2025.05.25-08.34.09:043][  0]LogSlate: InvalidateAllWidgets triggered.  All widgets were invalidated
[2025.05.25-08.34.09:043][  0]MapCheck: New page: Map Check
[2025.05.25-08.34.09:044][  0]LightingResults: New page: Lighting Build
[2025.05.25-08.34.09:049][  0]LogAudio: Display: Audio Device unregistered from world 'None'.
[2025.05.25-08.34.09:053][  0]LogUObjectHash: Compacting FUObjectHashTables data took   0.86ms
[2025.05.25-08.34.09:785][  0]LogAudio: Display: Audio Device (ID: 1) registered with world 'VRTemplateMap'.
[2025.05.25-08.34.09:786][  0]LogAIModule: Creating AISystem for world VRTemplateMap
[2025.05.25-08.34.09:799][  0]LogEditorServer: Finished looking for orphan Actors (0.000 secs)
[2025.05.25-08.34.09:814][  0]LogUObjectHash: Compacting FUObjectHashTables data took   1.05ms
[2025.05.25-08.34.09:815][  0]Cmd: MAP CHECKDEP NOCLEARLOG
[2025.05.25-08.34.09:815][  0]MapCheck: Map check complete: 0 Error(s), 0 Warning(s), took 0,142ms to complete.
[2025.05.25-08.34.09:815][  0]LogFileHelpers: Loading map 'VRTemplateMap' took 0.773
[2025.05.25-08.34.09:816][  0]LogUnrealEdMisc: Total Editor Startup Time, took 8.627
[2025.05.25-08.34.09:879][  0]LogWindowsTextInputMethodSystem: Display: IME system deactivated.
[2025.05.25-08.34.09:879][  0]LogWindowsTextInputMethodSystem: Display: IME system deactivated.
[2025.05.25-08.34.09:919][  0]LogSlate: Updating window title bar state: overlay mode, drag disabled, window buttons hidden, title bar hidden
[2025.05.25-08.34.09:925][  0]LogSlate: Updating window title bar state: overlay mode, drag disabled, window buttons hidden, title bar hidden
[2025.05.25-08.34.09:933][  0]LogSlate: Updating window title bar state: overlay mode, drag disabled, window buttons hidden, title bar hidden
[2025.05.25-08.34.09:938][  0]LogSlate: Updating window title bar state: overlay mode, drag disabled, window buttons hidden, title bar hidden
[2025.05.25-08.34.09:950][  0]LogNativeClassHierarchy: Verbose: Native class hierarchy populated in 0.0080 seconds. Added 3809 classes and 916 folders.
[2025.05.25-08.34.09:952][  0]LogNativeClassHierarchy: Verbose: Native class hierarchy updated for 'WidgetCarousel' in 0.0002 seconds. Added 0 classes and 0 folders.
[2025.05.25-08.34.09:953][  0]LogPakFile: PakFile PrimaryIndexSize=187
[2025.05.25-08.34.09:953][  0]LogPakFile: PakFile PathHashIndexSize=101
[2025.05.25-08.34.09:953][  0]LogPakFile: PakFile FullDirectoryIndexSize=148
[2025.05.25-08.34.09:953][  0]LogShaderLibrary: Display: ShaderCodeLibraryPakFileMountedCallback: PakFile 'C:/Program Files/Epic Games/UE_4.27/FeaturePacks/FP_FirstPerson.upack' (chunk index -1, root 'root:/') mounted
[2025.05.25-08.34.09:953][  0]LogShaderLibrary: Display: ShaderCodeLibraryPakFileMountedCallback: pending pak file info (ChunkID:-1 Root:root:/ File:C:/Program Files/Epic Games/UE_4.27/FeaturePacks/FP_FirstPerson.upack)
[2025.05.25-08.34.09:953][  0]LogPakFile: OnPakFileMounted2Time == 0.000066
[2025.05.25-08.34.09:954][  0]LogPakFile: PakFile PrimaryIndexSize=189
[2025.05.25-08.34.09:954][  0]LogPakFile: PakFile PathHashIndexSize=101
[2025.05.25-08.34.09:954][  0]LogPakFile: PakFile FullDirectoryIndexSize=152
[2025.05.25-08.34.09:954][  0]LogShaderLibrary: Display: ShaderCodeLibraryPakFileMountedCallback: PakFile 'C:/Program Files/Epic Games/UE_4.27/FeaturePacks/FP_FirstPersonBP.upack' (chunk index -1, root 'root:/') mounted
[2025.05.25-08.34.09:954][  0]LogShaderLibrary: Display: ShaderCodeLibraryPakFileMountedCallback: pending pak file info (ChunkID:-1 Root:root:/ File:C:/Program Files/Epic Games/UE_4.27/FeaturePacks/FP_FirstPersonBP.upack)
[2025.05.25-08.34.09:954][  0]LogPakFile: OnPakFileMounted2Time == 0.000047
[2025.05.25-08.34.09:954][  0]LogPakFile: PakFile PrimaryIndexSize=191
[2025.05.25-08.34.09:954][  0]LogPakFile: PakFile PathHashIndexSize=101
[2025.05.25-08.34.09:954][  0]LogPakFile: PakFile FullDirectoryIndexSize=160
[2025.05.25-08.34.09:954][  0]LogShaderLibrary: Display: ShaderCodeLibraryPakFileMountedCallback: PakFile 'C:/Program Files/Epic Games/UE_4.27/FeaturePacks/MobileStarterContent.upack' (chunk index -1, root 'root:/') mounted
[2025.05.25-08.34.09:954][  0]LogShaderLibrary: Display: ShaderCodeLibraryPakFileMountedCallback: pending pak file info (ChunkID:-1 Root:root:/ File:C:/Program Files/Epic Games/UE_4.27/FeaturePacks/MobileStarterContent.upack)
[2025.05.25-08.34.09:954][  0]LogPakFile: OnPakFileMounted2Time == 0.000031
[2025.05.25-08.34.09:954][  0]LogPakFile: PakFile PrimaryIndexSize=185
[2025.05.25-08.34.09:955][  0]LogPakFile: PakFile PathHashIndexSize=101
[2025.05.25-08.34.09:955][  0]LogPakFile: PakFile FullDirectoryIndexSize=148
[2025.05.25-08.34.09:955][  0]LogShaderLibrary: Display: ShaderCodeLibraryPakFileMountedCallback: PakFile 'C:/Program Files/Epic Games/UE_4.27/FeaturePacks/StarterContent.upack' (chunk index -1, root 'root:/') mounted
[2025.05.25-08.34.09:955][  0]LogShaderLibrary: Display: ShaderCodeLibraryPakFileMountedCallback: pending pak file info (ChunkID:-1 Root:root:/ File:C:/Program Files/Epic Games/UE_4.27/FeaturePacks/StarterContent.upack)
[2025.05.25-08.34.09:955][  0]LogPakFile: OnPakFileMounted2Time == 0.000026
[2025.05.25-08.34.09:955][  0]LogPakFile: PakFile PrimaryIndexSize=190
[2025.05.25-08.34.09:955][  0]LogPakFile: PakFile PathHashIndexSize=101
[2025.05.25-08.34.09:955][  0]LogPakFile: PakFile FullDirectoryIndexSize=154
[2025.05.25-08.34.09:955][  0]LogShaderLibrary: Display: ShaderCodeLibraryPakFileMountedCallback: PakFile 'C:/Program Files/Epic Games/UE_4.27/FeaturePacks/TP_2DSideScroller.upack' (chunk index -1, root 'root:/') mounted
[2025.05.25-08.34.09:955][  0]LogShaderLibrary: Display: ShaderCodeLibraryPakFileMountedCallback: pending pak file info (ChunkID:-1 Root:root:/ File:C:/Program Files/Epic Games/UE_4.27/FeaturePacks/TP_2DSideScroller.upack)
[2025.05.25-08.34.09:955][  0]LogPakFile: OnPakFileMounted2Time == 0.000033
[2025.05.25-08.34.09:955][  0]LogPakFile: PakFile PrimaryIndexSize=192
[2025.05.25-08.34.09:955][  0]LogPakFile: PakFile PathHashIndexSize=101
[2025.05.25-08.34.09:955][  0]LogPakFile: PakFile FullDirectoryIndexSize=158
[2025.05.25-08.34.09:955][  0]LogShaderLibrary: Display: ShaderCodeLibraryPakFileMountedCallback: PakFile 'C:/Program Files/Epic Games/UE_4.27/FeaturePacks/TP_2DSideScrollerBP.upack' (chunk index -1, root 'root:/') mounted
[2025.05.25-08.34.09:955][  0]LogShaderLibrary: Display: ShaderCodeLibraryPakFileMountedCallback: pending pak file info (ChunkID:-1 Root:root:/ File:C:/Program Files/Epic Games/UE_4.27/FeaturePacks/TP_2DSideScrollerBP.upack)
[2025.05.25-08.34.09:955][  0]LogPakFile: OnPakFileMounted2Time == 0.000025
[2025.05.25-08.34.09:956][  0]LogPakFile: PakFile PrimaryIndexSize=182
[2025.05.25-08.34.09:956][  0]LogPakFile: PakFile PathHashIndexSize=101
[2025.05.25-08.34.09:956][  0]LogPakFile: PakFile FullDirectoryIndexSize=138
[2025.05.25-08.34.09:956][  0]LogShaderLibrary: Display: ShaderCodeLibraryPakFileMountedCallback: PakFile 'C:/Program Files/Epic Games/UE_4.27/FeaturePacks/TP_Flying.upack' (chunk index -1, root 'root:/') mounted
[2025.05.25-08.34.09:956][  0]LogShaderLibrary: Display: ShaderCodeLibraryPakFileMountedCallback: pending pak file info (ChunkID:-1 Root:root:/ File:C:/Program Files/Epic Games/UE_4.27/FeaturePacks/TP_Flying.upack)
[2025.05.25-08.34.09:956][  0]LogPakFile: OnPakFileMounted2Time == 0.000028
[2025.05.25-08.34.09:956][  0]LogPakFile: PakFile PrimaryIndexSize=184
[2025.05.25-08.34.09:956][  0]LogPakFile: PakFile PathHashIndexSize=101
[2025.05.25-08.34.09:956][  0]LogPakFile: PakFile FullDirectoryIndexSize=142
[2025.05.25-08.34.09:956][  0]LogShaderLibrary: Display: ShaderCodeLibraryPakFileMountedCallback: PakFile 'C:/Program Files/Epic Games/UE_4.27/FeaturePacks/TP_FlyingBP.upack' (chunk index -1, root 'root:/') mounted
[2025.05.25-08.34.09:956][  0]LogShaderLibrary: Display: ShaderCodeLibraryPakFileMountedCallback: pending pak file info (ChunkID:-1 Root:root:/ File:C:/Program Files/Epic Games/UE_4.27/FeaturePacks/TP_FlyingBP.upack)
[2025.05.25-08.34.09:956][  0]LogPakFile: OnPakFileMounted2Time == 0.000024
[2025.05.25-08.34.09:956][  0]LogPakFile: PakFile PrimaryIndexSize=188
[2025.05.25-08.34.09:956][  0]LogPakFile: PakFile PathHashIndexSize=101
[2025.05.25-08.34.09:956][  0]LogPakFile: PakFile FullDirectoryIndexSize=150
[2025.05.25-08.34.09:956][  0]LogShaderLibrary: Display: ShaderCodeLibraryPakFileMountedCallback: PakFile 'C:/Program Files/Epic Games/UE_4.27/FeaturePacks/TP_HandheldARBP.upack' (chunk index -1, root 'root:/') mounted
[2025.05.25-08.34.09:956][  0]LogShaderLibrary: Display: ShaderCodeLibraryPakFileMountedCallback: pending pak file info (ChunkID:-1 Root:root:/ File:C:/Program Files/Epic Games/UE_4.27/FeaturePacks/TP_HandheldARBP.upack)
[2025.05.25-08.34.09:956][  0]LogPakFile: OnPakFileMounted2Time == 0.000031
[2025.05.25-08.34.09:957][  0]LogPakFile: PakFile PrimaryIndexSize=182
[2025.05.25-08.34.09:957][  0]LogPakFile: PakFile PathHashIndexSize=101
[2025.05.25-08.34.09:957][  0]LogPakFile: PakFile FullDirectoryIndexSize=138
[2025.05.25-08.34.09:957][  0]LogShaderLibrary: Display: ShaderCodeLibraryPakFileMountedCallback: PakFile 'C:/Program Files/Epic Games/UE_4.27/FeaturePacks/TP_Puzzle.upack' (chunk index -1, root 'root:/') mounted
[2025.05.25-08.34.09:957][  0]LogShaderLibrary: Display: ShaderCodeLibraryPakFileMountedCallback: pending pak file info (ChunkID:-1 Root:root:/ File:C:/Program Files/Epic Games/UE_4.27/FeaturePacks/TP_Puzzle.upack)
[2025.05.25-08.34.09:957][  0]LogPakFile: OnPakFileMounted2Time == 0.000031
[2025.05.25-08.34.09:957][  0]LogPakFile: PakFile PrimaryIndexSize=184
[2025.05.25-08.34.09:957][  0]LogPakFile: PakFile PathHashIndexSize=101
[2025.05.25-08.34.09:957][  0]LogPakFile: PakFile FullDirectoryIndexSize=142
[2025.05.25-08.34.09:957][  0]LogShaderLibrary: Display: ShaderCodeLibraryPakFileMountedCallback: PakFile 'C:/Program Files/Epic Games/UE_4.27/FeaturePacks/TP_PuzzleBP.upack' (chunk index -1, root 'root:/') mounted
[2025.05.25-08.34.09:957][  0]LogShaderLibrary: Display: ShaderCodeLibraryPakFileMountedCallback: pending pak file info (ChunkID:-1 Root:root:/ File:C:/Program Files/Epic Games/UE_4.27/FeaturePacks/TP_PuzzleBP.upack)
[2025.05.25-08.34.09:957][  0]LogPakFile: OnPakFileMounted2Time == 0.000026
[2025.05.25-08.34.09:958][  0]LogPakFile: PakFile PrimaryIndexSize=183
[2025.05.25-08.34.09:958][  0]LogPakFile: PakFile PathHashIndexSize=101
[2025.05.25-08.34.09:958][  0]LogPakFile: PakFile FullDirectoryIndexSize=140
[2025.05.25-08.34.09:958][  0]LogShaderLibrary: Display: ShaderCodeLibraryPakFileMountedCallback: PakFile 'C:/Program Files/Epic Games/UE_4.27/FeaturePacks/TP_Rolling.upack' (chunk index -1, root 'root:/') mounted
[2025.05.25-08.34.09:958][  0]LogShaderLibrary: Display: ShaderCodeLibraryPakFileMountedCallback: pending pak file info (ChunkID:-1 Root:root:/ File:C:/Program Files/Epic Games/UE_4.27/FeaturePacks/TP_Rolling.upack)
[2025.05.25-08.34.09:958][  0]LogPakFile: OnPakFileMounted2Time == 0.000026
[2025.05.25-08.34.09:958][  0]LogPakFile: PakFile PrimaryIndexSize=185
[2025.05.25-08.34.09:958][  0]LogPakFile: PakFile PathHashIndexSize=101
[2025.05.25-08.34.09:958][  0]LogPakFile: PakFile FullDirectoryIndexSize=144
[2025.05.25-08.34.09:958][  0]LogShaderLibrary: Display: ShaderCodeLibraryPakFileMountedCallback: PakFile 'C:/Program Files/Epic Games/UE_4.27/FeaturePacks/TP_RollingBP.upack' (chunk index -1, root 'root:/') mounted
[2025.05.25-08.34.09:958][  0]LogShaderLibrary: Display: ShaderCodeLibraryPakFileMountedCallback: pending pak file info (ChunkID:-1 Root:root:/ File:C:/Program Files/Epic Games/UE_4.27/FeaturePacks/TP_RollingBP.upack)
[2025.05.25-08.34.09:958][  0]LogPakFile: OnPakFileMounted2Time == 0.000026
[2025.05.25-08.34.09:958][  0]LogPakFile: PakFile PrimaryIndexSize=188
[2025.05.25-08.34.09:959][  0]LogPakFile: PakFile PathHashIndexSize=101
[2025.05.25-08.34.09:959][  0]LogPakFile: PakFile FullDirectoryIndexSize=150
[2025.05.25-08.34.09:959][  0]LogShaderLibrary: Display: ShaderCodeLibraryPakFileMountedCallback: PakFile 'C:/Program Files/Epic Games/UE_4.27/FeaturePacks/TP_SideScroller.upack' (chunk index -1, root 'root:/') mounted
[2025.05.25-08.34.09:959][  0]LogShaderLibrary: Display: ShaderCodeLibraryPakFileMountedCallback: pending pak file info (ChunkID:-1 Root:root:/ File:C:/Program Files/Epic Games/UE_4.27/FeaturePacks/TP_SideScroller.upack)
[2025.05.25-08.34.09:959][  0]LogPakFile: OnPakFileMounted2Time == 0.000023
[2025.05.25-08.34.09:959][  0]LogPakFile: PakFile PrimaryIndexSize=190
[2025.05.25-08.34.09:959][  0]LogPakFile: PakFile PathHashIndexSize=101
[2025.05.25-08.34.09:959][  0]LogPakFile: PakFile FullDirectoryIndexSize=154
[2025.05.25-08.34.09:959][  0]LogShaderLibrary: Display: ShaderCodeLibraryPakFileMountedCallback: PakFile 'C:/Program Files/Epic Games/UE_4.27/FeaturePacks/TP_SideScrollerBP.upack' (chunk index -1, root 'root:/') mounted
[2025.05.25-08.34.09:959][  0]LogShaderLibrary: Display: ShaderCodeLibraryPakFileMountedCallback: pending pak file info (ChunkID:-1 Root:root:/ File:C:/Program Files/Epic Games/UE_4.27/FeaturePacks/TP_SideScrollerBP.upack)
[2025.05.25-08.34.09:959][  0]LogPakFile: OnPakFileMounted2Time == 0.000030
[2025.05.25-08.34.09:959][  0]LogPakFile: PakFile PrimaryIndexSize=187
[2025.05.25-08.34.09:959][  0]LogPakFile: PakFile PathHashIndexSize=101
[2025.05.25-08.34.09:959][  0]LogPakFile: PakFile FullDirectoryIndexSize=148
[2025.05.25-08.34.09:959][  0]LogShaderLibrary: Display: ShaderCodeLibraryPakFileMountedCallback: PakFile 'C:/Program Files/Epic Games/UE_4.27/FeaturePacks/TP_ThirdPerson.upack' (chunk index -1, root 'root:/') mounted
[2025.05.25-08.34.09:959][  0]LogShaderLibrary: Display: ShaderCodeLibraryPakFileMountedCallback: pending pak file info (ChunkID:-1 Root:root:/ File:C:/Program Files/Epic Games/UE_4.27/FeaturePacks/TP_ThirdPerson.upack)
[2025.05.25-08.34.09:959][  0]LogPakFile: OnPakFileMounted2Time == 0.000023
[2025.05.25-08.34.09:960][  0]LogPakFile: PakFile PrimaryIndexSize=189
[2025.05.25-08.34.09:960][  0]LogPakFile: PakFile PathHashIndexSize=101
[2025.05.25-08.34.09:960][  0]LogPakFile: PakFile FullDirectoryIndexSize=152
[2025.05.25-08.34.09:960][  0]LogShaderLibrary: Display: ShaderCodeLibraryPakFileMountedCallback: PakFile 'C:/Program Files/Epic Games/UE_4.27/FeaturePacks/TP_ThirdPersonBP.upack' (chunk index -1, root 'root:/') mounted
[2025.05.25-08.34.09:960][  0]LogShaderLibrary: Display: ShaderCodeLibraryPakFileMountedCallback: pending pak file info (ChunkID:-1 Root:root:/ File:C:/Program Files/Epic Games/UE_4.27/FeaturePacks/TP_ThirdPersonBP.upack)
[2025.05.25-08.34.09:960][  0]LogPakFile: OnPakFileMounted2Time == 0.000024
[2025.05.25-08.34.09:960][  0]LogPakFile: PakFile PrimaryIndexSize=183
[2025.05.25-08.34.09:960][  0]LogPakFile: PakFile PathHashIndexSize=101
[2025.05.25-08.34.09:960][  0]LogPakFile: PakFile FullDirectoryIndexSize=140
[2025.05.25-08.34.09:960][  0]LogShaderLibrary: Display: ShaderCodeLibraryPakFileMountedCallback: PakFile 'C:/Program Files/Epic Games/UE_4.27/FeaturePacks/TP_TopDown.upack' (chunk index -1, root 'root:/') mounted
[2025.05.25-08.34.09:960][  0]LogShaderLibrary: Display: ShaderCodeLibraryPakFileMountedCallback: pending pak file info (ChunkID:-1 Root:root:/ File:C:/Program Files/Epic Games/UE_4.27/FeaturePacks/TP_TopDown.upack)
[2025.05.25-08.34.09:960][  0]LogPakFile: OnPakFileMounted2Time == 0.000029
[2025.05.25-08.34.09:960][  0]LogPakFile: PakFile PrimaryIndexSize=185
[2025.05.25-08.34.09:960][  0]LogPakFile: PakFile PathHashIndexSize=101
[2025.05.25-08.34.09:960][  0]LogPakFile: PakFile FullDirectoryIndexSize=144
[2025.05.25-08.34.09:960][  0]LogShaderLibrary: Display: ShaderCodeLibraryPakFileMountedCallback: PakFile 'C:/Program Files/Epic Games/UE_4.27/FeaturePacks/TP_TopDownBP.upack' (chunk index -1, root 'root:/') mounted
[2025.05.25-08.34.09:960][  0]LogShaderLibrary: Display: ShaderCodeLibraryPakFileMountedCallback: pending pak file info (ChunkID:-1 Root:root:/ File:C:/Program Files/Epic Games/UE_4.27/FeaturePacks/TP_TopDownBP.upack)
[2025.05.25-08.34.09:960][  0]LogPakFile: OnPakFileMounted2Time == 0.000037
[2025.05.25-08.34.09:961][  0]LogPakFile: PakFile PrimaryIndexSize=185
[2025.05.25-08.34.09:961][  0]LogPakFile: PakFile PathHashIndexSize=101
[2025.05.25-08.34.09:961][  0]LogPakFile: PakFile FullDirectoryIndexSize=144
[2025.05.25-08.34.09:961][  0]LogShaderLibrary: Display: ShaderCodeLibraryPakFileMountedCallback: PakFile 'C:/Program Files/Epic Games/UE_4.27/FeaturePacks/TP_TwinStick.upack' (chunk index -1, root 'root:/') mounted
[2025.05.25-08.34.09:961][  0]LogShaderLibrary: Display: ShaderCodeLibraryPakFileMountedCallback: pending pak file info (ChunkID:-1 Root:root:/ File:C:/Program Files/Epic Games/UE_4.27/FeaturePacks/TP_TwinStick.upack)
[2025.05.25-08.34.09:961][  0]LogPakFile: OnPakFileMounted2Time == 0.000027
[2025.05.25-08.34.09:961][  0]LogPakFile: PakFile PrimaryIndexSize=187
[2025.05.25-08.34.09:961][  0]LogPakFile: PakFile PathHashIndexSize=101
[2025.05.25-08.34.09:961][  0]LogPakFile: PakFile FullDirectoryIndexSize=148
[2025.05.25-08.34.09:961][  0]LogShaderLibrary: Display: ShaderCodeLibraryPakFileMountedCallback: PakFile 'C:/Program Files/Epic Games/UE_4.27/FeaturePacks/TP_TwinStickBP.upack' (chunk index -1, root 'root:/') mounted
[2025.05.25-08.34.09:961][  0]LogShaderLibrary: Display: ShaderCodeLibraryPakFileMountedCallback: pending pak file info (ChunkID:-1 Root:root:/ File:C:/Program Files/Epic Games/UE_4.27/FeaturePacks/TP_TwinStickBP.upack)
[2025.05.25-08.34.09:961][  0]LogPakFile: OnPakFileMounted2Time == 0.000028
[2025.05.25-08.34.09:961][  0]LogPakFile: PakFile PrimaryIndexSize=183
[2025.05.25-08.34.09:961][  0]LogPakFile: PakFile PathHashIndexSize=101
[2025.05.25-08.34.09:961][  0]LogPakFile: PakFile FullDirectoryIndexSize=140
[2025.05.25-08.34.09:961][  0]LogShaderLibrary: Display: ShaderCodeLibraryPakFileMountedCallback: PakFile 'C:/Program Files/Epic Games/UE_4.27/FeaturePacks/TP_Vehicle.upack' (chunk index -1, root 'root:/') mounted
[2025.05.25-08.34.09:961][  0]LogShaderLibrary: Display: ShaderCodeLibraryPakFileMountedCallback: pending pak file info (ChunkID:-1 Root:root:/ File:C:/Program Files/Epic Games/UE_4.27/FeaturePacks/TP_Vehicle.upack)
[2025.05.25-08.34.09:961][  0]LogPakFile: OnPakFileMounted2Time == 0.000026
[2025.05.25-08.34.09:962][  0]LogPakFile: PakFile PrimaryIndexSize=186
[2025.05.25-08.34.09:962][  0]LogPakFile: PakFile PathHashIndexSize=101
[2025.05.25-08.34.09:962][  0]LogPakFile: PakFile FullDirectoryIndexSize=146
[2025.05.25-08.34.09:962][  0]LogShaderLibrary: Display: ShaderCodeLibraryPakFileMountedCallback: PakFile 'C:/Program Files/Epic Games/UE_4.27/FeaturePacks/TP_VehicleAdv.upack' (chunk index -1, root 'root:/') mounted
[2025.05.25-08.34.09:962][  0]LogShaderLibrary: Display: ShaderCodeLibraryPakFileMountedCallback: pending pak file info (ChunkID:-1 Root:root:/ File:C:/Program Files/Epic Games/UE_4.27/FeaturePacks/TP_VehicleAdv.upack)
[2025.05.25-08.34.09:962][  0]LogPakFile: OnPakFileMounted2Time == 0.000025
[2025.05.25-08.34.09:962][  0]LogPakFile: PakFile PrimaryIndexSize=188
[2025.05.25-08.34.09:962][  0]LogPakFile: PakFile PathHashIndexSize=101
[2025.05.25-08.34.09:962][  0]LogPakFile: PakFile FullDirectoryIndexSize=150
[2025.05.25-08.34.09:962][  0]LogShaderLibrary: Display: ShaderCodeLibraryPakFileMountedCallback: PakFile 'C:/Program Files/Epic Games/UE_4.27/FeaturePacks/TP_VehicleAdvBP.upack' (chunk index -1, root 'root:/') mounted
[2025.05.25-08.34.09:962][  0]LogShaderLibrary: Display: ShaderCodeLibraryPakFileMountedCallback: pending pak file info (ChunkID:-1 Root:root:/ File:C:/Program Files/Epic Games/UE_4.27/FeaturePacks/TP_VehicleAdvBP.upack)
[2025.05.25-08.34.09:962][  0]LogPakFile: OnPakFileMounted2Time == 0.000034
[2025.05.25-08.34.09:963][  0]LogPakFile: PakFile PrimaryIndexSize=185
[2025.05.25-08.34.09:963][  0]LogPakFile: PakFile PathHashIndexSize=101
[2025.05.25-08.34.09:963][  0]LogPakFile: PakFile FullDirectoryIndexSize=144
[2025.05.25-08.34.09:963][  0]LogShaderLibrary: Display: ShaderCodeLibraryPakFileMountedCallback: PakFile 'C:/Program Files/Epic Games/UE_4.27/FeaturePacks/TP_VehicleBP.upack' (chunk index -1, root 'root:/') mounted
[2025.05.25-08.34.09:963][  0]LogShaderLibrary: Display: ShaderCodeLibraryPakFileMountedCallback: pending pak file info (ChunkID:-1 Root:root:/ File:C:/Program Files/Epic Games/UE_4.27/FeaturePacks/TP_VehicleBP.upack)
[2025.05.25-08.34.09:963][  0]LogPakFile: OnPakFileMounted2Time == 0.000029
[2025.05.25-08.34.09:963][  0]LogPakFile: PakFile PrimaryIndexSize=192
[2025.05.25-08.34.09:963][  0]LogPakFile: PakFile PathHashIndexSize=101
[2025.05.25-08.34.09:963][  0]LogPakFile: PakFile FullDirectoryIndexSize=158
[2025.05.25-08.34.09:963][  0]LogShaderLibrary: Display: ShaderCodeLibraryPakFileMountedCallback: PakFile 'C:/Program Files/Epic Games/UE_4.27/FeaturePacks/TP_VirtualRealityBP.upack' (chunk index -1, root 'root:/') mounted
[2025.05.25-08.34.09:963][  0]LogShaderLibrary: Display: ShaderCodeLibraryPakFileMountedCallback: pending pak file info (ChunkID:-1 Root:root:/ File:C:/Program Files/Epic Games/UE_4.27/FeaturePacks/TP_VirtualRealityBP.upack)
[2025.05.25-08.34.09:963][  0]LogPakFile: OnPakFileMounted2Time == 0.000026
[2025.05.25-08.34.09:993][  0]LogNativeClassHierarchy: Verbose: Native class hierarchy updated for 'AddContentDialog' in 0.0003 seconds. Added 0 classes and 0 folders.
[2025.05.25-08.34.09:994][  0]LogNativeClassHierarchy: Verbose: Native class hierarchy updated for 'SceneOutliner' in 0.0002 seconds. Added 2 classes and 0 folders.
[2025.05.25-08.34.10:132][  0]LogSlate: Took 0.000135 seconds to synchronously load lazily loaded font '../../../Engine/Content/Slate/Fonts/Roboto-Regular.ttf' (155K)
[2025.05.25-08.34.10:134][  0]LogSlate: Took 0.000150 seconds to synchronously load lazily loaded font '../../../Engine/Content/Editor/Slate/Fonts/FontAwesome.ttf' (139K)
[2025.05.25-08.34.10:135][  0]LogSlate: Took 0.000127 seconds to synchronously load lazily loaded font '../../../Engine/Content/Slate/Fonts/Roboto-Bold.ttf' (160K)
[2025.05.25-08.34.10:202][  0]LogRenderer: Reallocating scene render targets to support 1208x612 Format 10 NumSamples 4 (Frame:1).
[2025.05.25-08.34.10:281][  0]LogNativeClassHierarchy: Verbose: Native class hierarchy updated for 'HierarchicalLODOutliner' in 0.0002 seconds. Added 0 classes and 0 folders.
[2025.05.25-08.34.10:281][  0]LogLoad: (Engine Initialization) Total time: 9.09 seconds
[2025.05.25-08.34.10:281][  0]LogLoad: (Engine Initialization) Total Blueprint compile time: 0.00 seconds
[2025.05.25-08.34.10:413][  0]Cmd: CAMERA ALIGN ACTIVEVIEWPORTONLY
[2025.05.25-08.34.10:413][  0]Can't find target actor or component.
[2025.05.25-08.34.10:445][  0]LogAssetRegistry: Asset discovery search completed in 4.3074 seconds
[2025.05.25-08.34.10:450][  0]LogCollectionManager: Fixed up redirectors for 0 collections in 0.000003 seconds (updated 0 objects)
[2025.05.25-08.34.10:450][  0]LogContentStreaming: Texture pool size now 1000 MB
[2025.05.25-08.34.10:497][  1]LogResonanceAudio: Display: Resonance Audio Listener is initialized
[2025.05.25-08.34.10:538][  2]LogSlate: Took 0.000107 seconds to synchronously load lazily loaded font '../../../Engine/Content/Slate/Fonts/Roboto-Light.ttf' (167K)
[2025.05.25-08.35.47:520][705]LogTemp: Repeating last play command: Simulate
[2025.05.25-08.35.47:524][705]LogPlayLevel: PlayLevel: No blueprints needed recompiling
[2025.05.25-08.35.47:525][705]PIE: New page: SIE session: VRTemplateMap (25 мая 2025 г., 14:35:47)
[2025.05.25-08.35.47:526][705]LogOnline: OSS: Creating online subsystem instance for: NULL
[2025.05.25-08.35.47:527][705]LogOnline: OSS: TryLoadSubsystemAndSetDefault: Loaded subsystem for module [NULL]
[2025.05.25-08.35.47:528][705]LogPlayLevel: Creating play world package: /Game/VRTemplate/Maps/UEDPIE_0_VRTemplateMap
[2025.05.25-08.35.47:531][705]LogPlayLevel: PIE: StaticDuplicateObject took: (0.003801s)
[2025.05.25-08.35.47:532][705]LogAIModule: Creating AISystem for world VRTemplateMap
[2025.05.25-08.35.47:532][705]LogPlayLevel: PIE: World Init took: (0.001082s)
[2025.05.25-08.35.47:533][705]LogPlayLevel: PIE: Created PIE world by copying editor world from /Game/VRTemplate/Maps/VRTemplateMap.VRTemplateMap to /Game/VRTemplate/Maps/UEDPIE_0_VRTemplateMap.VRTemplateMap (0.005025s)
[2025.05.25-08.35.47:544][705]LogUObjectHash: Compacting FUObjectHashTables data took   0.61ms
[2025.05.25-08.35.47:546][705]LogAudio: Display: Creating Audio Device:                 Id: 2, Scope: Unique, Realtime: True
[2025.05.25-08.35.47:546][705]LogAudioMixer: Display: Audio Mixer Platform Settings:
[2025.05.25-08.35.47:546][705]LogAudioMixer: Display: 	Sample Rate:						  48000
[2025.05.25-08.35.47:546][705]LogAudioMixer: Display: 	Callback Buffer Frame Size Requested: 1024
[2025.05.25-08.35.47:546][705]LogAudioMixer: Display: 	Callback Buffer Frame Size To Use:	  1024
[2025.05.25-08.35.47:546][705]LogAudioMixer: Display: 	Number of buffers to queue:			  1
[2025.05.25-08.35.47:546][705]LogAudioMixer: Display: 	Max Channels (voices):				  0
[2025.05.25-08.35.47:546][705]LogAudioMixer: Display: 	Number of Async Source Workers:		  4
[2025.05.25-08.35.47:546][705]LogAudio: Display: AudioDevice MaxSources: 32
[2025.05.25-08.35.47:547][705]LogAudio: Display: Audio Spatialization Plugin: Resonance Audio is external send: 1
[2025.05.25-08.35.47:547][705]LogAudio: Display: Audio Reverb Plugin: Resonance Audio
[2025.05.25-08.35.47:547][705]LogAudio: Display: Audio Occlusion Plugin: None (built-in).
[2025.05.25-08.35.47:547][705]LogAudioMixer: Display: Initializing audio mixer.
[2025.05.25-08.35.47:551][705]LogAudioMixer: Display: 0: FrontLeft
[2025.05.25-08.35.47:551][705]LogAudioMixer: Display: 1: FrontRight
[2025.05.25-08.35.47:596][705]LogAudioMixer: Display: Using Audio Device Динамики (Realtek(R) Audio)
[2025.05.25-08.35.47:596][705]LogAudioMixer: Display: Initializing Sound Submixes...
[2025.05.25-08.35.47:596][705]LogAudioMixer: Display: Creating Master Submix 'MasterSubmixDefault'
[2025.05.25-08.35.47:596][705]LogAudioMixer: Display: Creating Master Submix 'MasterReverbSubmixDefault'
[2025.05.25-08.35.47:596][705]LogAudioMixer: Display: Creating Master Submix 'MasterEQSubmixDefault'
[2025.05.25-08.35.47:596][705]LogAudioMixer: FMixerPlatformXAudio2::StartAudioStream() called
[2025.05.25-08.35.47:596][705]LogAudioMixer: Display: Output buffers initialized: Frames=1024, Channels=2, Samples=2048
[2025.05.25-08.35.47:597][705]LogAudioMixer: Display: Starting AudioMixerPlatformInterface::RunInternal()
[2025.05.25-08.35.47:597][705]LogAudioMixer: Display: FMixerPlatformXAudio2::SubmitBuffer() called for the first time
[2025.05.25-08.35.47:597][705]LogInit: FAudioDevice initialized.
[2025.05.25-08.35.47:597][705]LogAudio: Display: Audio Device (ID: 2) registered with world 'VRTemplateMap'.
[2025.05.25-08.35.47:604][705]LogLoad: Game class is 'VRGameMode_C'
[2025.05.25-08.35.47:606][705]LogWorld: Bringing World /Game/VRTemplate/Maps/UEDPIE_0_VRTemplateMap.VRTemplateMap up for play (max tick rate 60) at 2025.05.25-11.35.47
[2025.05.25-08.35.47:606][705]LogWorld: Bringing up level for play took: 0.001261
[2025.05.25-08.35.47:606][705]LogOnline: OSS: Creating online subsystem instance for: :Context_2
[2025.05.25-08.35.47:608][705]LogSpawn: Warning: SpawnActor failed because no class was specified
[2025.05.25-08.35.47:608][705]LogNativeClassHierarchy: Verbose: Native class hierarchy updated for 'MovieSceneCapture' in 0.0003 seconds. Added 20 classes and 0 folders.
[2025.05.25-08.35.47:610][705]PIE: Server logged in
[2025.05.25-08.35.47:611][705]PIE: Play in editor total start time 0,088 seconds.
[2025.05.25-08.35.47:622][705]LogResonanceAudio: Display: Resonance Audio Listener is initialized
[2025.05.25-08.35.51:684][948]LogEditorViewport: Clicking on Actor (LMB): StaticMeshActor (Wall_400x302)
[2025.05.25-08.35.51:731][949]LogEditorViewport: Clicking on Component (LMB): StaticMeshComponent (StaticMeshComponent0)
[2025.05.25-08.35.54:414][108]LogEditorViewport: Clicking on Component (LMB): StaticMeshComponent (StaticMeshComponent0)
[2025.05.25-08.42.05:641][610]LogEditorViewport: Clicking on Actor (LMB): BP_test_menu_2_C (BP_test_menu_2)
[2025.05.25-08.42.09:332][830]LogAssetEditorSubsystem: Opening Asset editor for Blueprint /Game/Andrey/Menu/BP_test_menu_2.BP_test_menu_2
[2025.05.25-08.42.09:480][830]LogNativeClassHierarchy: Verbose: Native class hierarchy updated for 'BlueprintGraph' in 0.0005 seconds. Added 126 classes and 0 folders.
[2025.05.25-08.42.10:178][830]LogSlate: Took 0.000213 seconds to synchronously load lazily loaded font '../../../Engine/Content/Slate/Fonts/Roboto-BoldCondensed.ttf' (158K)
[2025.05.25-08.42.12:278][947]LogSlate: Took 0.000254 seconds to synchronously load lazily loaded font '../../../Engine/Content/Slate/Fonts/Roboto-Italic.ttf' (157K)
[2025.05.25-08.42.12:510][961]LogSlate: Window 'BP_test_menu_2' being destroyed
[2025.05.25-08.42.14:072][ 54]LogSlate: Updating window title bar state: overlay mode, drag disabled, window buttons hidden, title bar hidden
[2025.05.25-08.42.14:072][ 54]LogWorld: BeginTearingDown for /Game/VRTemplate/Maps/UEDPIE_0_VRTemplateMap
[2025.05.25-08.42.14:073][ 54]LogWorld: UWorld::CleanupWorld for VRTemplateMap, bSessionEnded=true, bCleanupResources=true
[2025.05.25-08.42.14:073][ 54]LogSlate: InvalidateAllWidgets triggered.  All widgets were invalidated
[2025.05.25-08.42.14:089][ 54]LogPlayLevel: Display: Shutting down PIE online subsystems
[2025.05.25-08.42.14:095][ 54]LogSlate: InvalidateAllWidgets triggered.  All widgets were invalidated
[2025.05.25-08.42.14:117][ 54]LogAudio: Display: Audio Device unregistered from world 'None'.
[2025.05.25-08.42.14:117][ 54]LogResonanceAudio: Display: Resonance Audio Listener is shutdown
[2025.05.25-08.42.14:117][ 54]LogAudioMixer: FMixerPlatformXAudio2::StopAudioStream() called
[2025.05.25-08.42.14:118][ 54]LogAudioMixer: FMixerPlatformXAudio2::StopAudioStream() called
[2025.05.25-08.42.14:123][ 54]LogSlate: Updating window title bar state: overlay mode, drag disabled, window buttons hidden, title bar hidden
[2025.05.25-08.42.14:128][ 54]LogUObjectHash: Compacting FUObjectHashTables data took   2.25ms
[2025.05.25-08.42.14:220][ 55]LogPlayLevel: Display: Destroying online subsystem :Context_2
[2025.05.25-08.42.32:194][127]LogWindowsTextInputMethodSystem: Display: IME system deactivated.
[2025.05.25-08.42.32:194][127]LogWindowsTextInputMethodSystem: Display: IME system deactivated.
[2025.05.25-08.48.37:023][ 98]BlueprintLog: New page: Compile BP_test_menu_2
[2025.05.25-08.48.37:089][ 98]LogUObjectHash: Compacting FUObjectHashTables data took   2.21ms
[2025.05.25-08.48.37:197][ 98]LogSlate: Took 0.000192 seconds to synchronously load lazily loaded font '../../../Engine/Content/Slate/Fonts/DroidSansMono.ttf' (77K)
[2025.05.25-08.48.37:431][112]LogSlate: Took 0.000158 seconds to synchronously load lazily loaded font '../../../Engine/Content/Slate/Fonts/Roboto-Light.ttf' (167K)
[2025.05.25-08.48.37:457][112]Cmd: OBJ SAVEPACKAGE PACKAGE="/Game/Andrey/Menu/BP_test_menu_2" FILE="../../../../../../Users/AlisaDI/Documents/MephiTasks/UnrealProject/Content/Andrey/Menu/BP_test_menu_2.uasset" SILENT=true
[2025.05.25-08.48.37:504][112]LogSavePackage: Moving '../../../../../../Users/AlisaDI/Documents/MephiTasks/UnrealProject/Saved/BP_test_menu_270E762E04C805256759D0B94628A3507.tmp' to '../../../../../../Users/AlisaDI/Documents/MephiTasks/UnrealProject/Content/Andrey/Menu/BP_test_menu_2.uasset'
[2025.05.25-08.48.37:521][112]AssetCheck: New page: Asset Save: BP_test_menu_2
[2025.05.25-08.48.37:521][112]LogContentValidation: Display: Validating Blueprint /Game/Andrey/Menu/BP_test_menu_2.BP_test_menu_2
[2025.05.25-08.50.38:973][372]LogUObjectHash: Compacting FUObjectHashTables data took   1.91ms
[2025.05.25-08.50.38:986][372]LogSavePackage: Moving '../../../../../../Users/AlisaDI/Documents/MephiTasks/UnrealProject/Saved/VRTemplateMap_Auto1FA5428174018039B6CBF1E8815283292.tmp' to '../../../../../../Users/AlisaDI/Documents/MephiTasks/UnrealProject/Saved/Autosaves/Game/VRTemplate/Maps/VRTemplateMap_Auto1.umap'
[2025.05.25-08.50.38:988][372]LogFileHelpers: Editor autosave (incl. external actors) for '/Game/VRTemplate/Maps/VRTemplateMap' took 0.039
[2025.05.25-08.50.38:988][372]LogFileHelpers: Editor autosave (incl. sublevels & external actors) for all levels took 0.039
[2025.05.25-08.50.38:988][372]OBJ SavePackage: Generating thumbnails for [2] asset(s) in package [/Game/Andrey/Menu/BP_test_menu_2] ([2] browsable assets)...
[2025.05.25-08.50.39:002][372]OBJ SavePackage:     Rendered thumbnail for [Blueprint /Game/Andrey/Menu/BP_test_menu_2.BP_test_menu_2]
[2025.05.25-08.50.39:002][372]OBJ SavePackage: Finished generating thumbnails for package [/Game/Andrey/Menu/BP_test_menu_2]
[2025.05.25-08.50.39:038][372]LogSavePackage: Moving '../../../../../../Users/AlisaDI/Documents/MephiTasks/UnrealProject/Saved/BP_test_menu_2_Auto1ADAA11FA4EC9C75F103131BD76C560B7.tmp' to '../../../../../../Users/AlisaDI/Documents/MephiTasks/UnrealProject/Saved/Autosaves/Game/Andrey/Menu/BP_test_menu_2_Auto1.uasset'
[2025.05.25-08.50.39:039][372]LogFileHelpers: Auto-saving content packages took 0.051
[2025.05.25-08.51.45:625][367]LogEditorTransaction: Undo Add Key(s)
[2025.05.25-08.51.46:000][388]LogEditorTransaction: Undo Add Key(s)
[2025.05.25-08.51.46:296][405]LogEditorTransaction: Undo Add Key(s)
[2025.05.25-08.51.46:762][433]LogEditorTransaction: Undo Add Key(s)
[2025.05.25-08.52.19:869][419]BlueprintLog: New page: Compile BP_test_menu_2
[2025.05.25-08.52.19:924][419]LogUObjectHash: Compacting FUObjectHashTables data took   1.76ms
[2025.05.25-08.52.20:404][445]Cmd: OBJ SAVEPACKAGE PACKAGE="/Game/Andrey/Menu/BP_test_menu_2" FILE="../../../../../../Users/AlisaDI/Documents/MephiTasks/UnrealProject/Content/Andrey/Menu/BP_test_menu_2.uasset" SILENT=true
[2025.05.25-08.52.20:440][445]LogSavePackage: Moving '../../../../../../Users/AlisaDI/Documents/MephiTasks/UnrealProject/Saved/BP_test_menu_205DC74FA4A4D11CF9C51E68DA5697479.tmp' to '../../../../../../Users/AlisaDI/Documents/MephiTasks/UnrealProject/Content/Andrey/Menu/BP_test_menu_2.uasset'
[2025.05.25-08.52.20:457][445]AssetCheck: New page: Asset Save: BP_test_menu_2
[2025.05.25-08.52.20:457][445]LogContentValidation: Display: Validating Blueprint /Game/Andrey/Menu/BP_test_menu_2.BP_test_menu_2
[2025.05.25-08.58.55:707][ 63]BlueprintLog: New page: Compile BP_test_menu_2
[2025.05.25-08.58.55:714][ 63]LogBlueprint: Error: [AssetLog] C:\Users\AlisaDI\Documents\MephiTasks\UnrealProject\Content\Andrey\Menu\BP_test_menu_2.uasset: [Compiler] Spawn node  SpawnActor NONE  must have a  Class  specified.
[2025.05.25-08.58.55:716][ 63]LogBlueprint: Warning: [AssetLog] C:\Users\AlisaDI\Documents\MephiTasks\UnrealProject\Content\Andrey\Menu\BP_test_menu_2.uasset: [Compiler] Input pin  Instigator  specifying non-default value no longer exists on node  SpawnActor NONE . Please refresh node or reset pin to default value to remove pin.
[2025.05.25-08.58.55:773][ 63]LogUObjectHash: Compacting FUObjectHashTables data took   2.49ms
[2025.05.25-08.58.56:225][ 84]Cmd: OBJ SAVEPACKAGE PACKAGE="/Game/Andrey/Menu/BP_test_menu_2" FILE="../../../../../../Users/AlisaDI/Documents/MephiTasks/UnrealProject/Content/Andrey/Menu/BP_test_menu_2.uasset" SILENT=true
[2025.05.25-08.58.56:265][ 84]LogSavePackage: Moving '../../../../../../Users/AlisaDI/Documents/MephiTasks/UnrealProject/Saved/BP_test_menu_2CFB6156049817F2E7EB2A8B35F064BA9.tmp' to '../../../../../../Users/AlisaDI/Documents/MephiTasks/UnrealProject/Content/Andrey/Menu/BP_test_menu_2.uasset'
[2025.05.25-08.58.56:283][ 84]AssetCheck: New page: Asset Save: BP_test_menu_2
[2025.05.25-08.58.56:283][ 84]LogContentValidation: Display: Validating Blueprint /Game/Andrey/Menu/BP_test_menu_2.BP_test_menu_2
[2025.05.25-08.59.00:283][322]LogSlate: Took 0.000271 seconds to synchronously load lazily loaded font '../../../Engine/Content/Slate/Fonts/Roboto-BoldCondensedItalic.ttf' (160K)
[2025.05.25-08.59.39:146][639]BlueprintLog: New page: Compile BP_test_menu_2
[2025.05.25-08.59.39:151][639]LogBlueprint: Error: [AssetLog] C:\Users\AlisaDI\Documents\MephiTasks\UnrealProject\Content\Andrey\Menu\BP_test_menu_2.uasset: [Compiler] Spawn node  SpawnActor NONE  must have a  Class  specified.
[2025.05.25-08.59.39:153][639]LogBlueprint: Warning: [AssetLog] C:\Users\AlisaDI\Documents\MephiTasks\UnrealProject\Content\Andrey\Menu\BP_test_menu_2.uasset: [Compiler] Input pin  Instigator  specifying non-default value no longer exists on node  SpawnActor NONE . Please refresh node or reset pin to default value to remove pin.
[2025.05.25-08.59.39:158][639]LogClass: Warning: Type mismatch in zero of BP_test_menu_2_C - Previous (BoolProperty) Current(IntProperty) for package:  FObjectReader
[2025.05.25-08.59.39:207][639]LogUObjectHash: Compacting FUObjectHashTables data took   2.19ms
[2025.05.25-08.59.39:600][658]Cmd: OBJ SAVEPACKAGE PACKAGE="/Game/Andrey/Menu/BP_test_menu_2" FILE="../../../../../../Users/AlisaDI/Documents/MephiTasks/UnrealProject/Content/Andrey/Menu/BP_test_menu_2.uasset" SILENT=true
[2025.05.25-08.59.39:639][658]LogSavePackage: Moving '../../../../../../Users/AlisaDI/Documents/MephiTasks/UnrealProject/Saved/BP_test_menu_2770A149D47D55CA391B3AB9F8DA2F4C0.tmp' to '../../../../../../Users/AlisaDI/Documents/MephiTasks/UnrealProject/Content/Andrey/Menu/BP_test_menu_2.uasset'
[2025.05.25-08.59.39:655][658]AssetCheck: New page: Asset Save: BP_test_menu_2
[2025.05.25-08.59.39:655][658]LogContentValidation: Display: Validating Blueprint /Game/Andrey/Menu/BP_test_menu_2.BP_test_menu_2
[2025.05.25-08.59.53:973][514]BlueprintLog: New page: Compile BP_test_menu_2
[2025.05.25-08.59.54:031][514]LogUObjectHash: Compacting FUObjectHashTables data took   1.94ms
[2025.05.25-08.59.54:651][546]Cmd: OBJ SAVEPACKAGE PACKAGE="/Game/Andrey/Menu/BP_test_menu_2" FILE="../../../../../../Users/AlisaDI/Documents/MephiTasks/UnrealProject/Content/Andrey/Menu/BP_test_menu_2.uasset" SILENT=true
[2025.05.25-08.59.54:698][546]LogSavePackage: Moving '../../../../../../Users/AlisaDI/Documents/MephiTasks/UnrealProject/Saved/BP_test_menu_2717E5B1B428DF85E5E60BAA23FB54D4C.tmp' to '../../../../../../Users/AlisaDI/Documents/MephiTasks/UnrealProject/Content/Andrey/Menu/BP_test_menu_2.uasset'
[2025.05.25-08.59.54:713][546]AssetCheck: New page: Asset Save: BP_test_menu_2
[2025.05.25-08.59.54:713][546]LogContentValidation: Display: Validating Blueprint /Game/Andrey/Menu/BP_test_menu_2.BP_test_menu_2
[2025.05.25-09.00.12:144][582]BlueprintLog: New page: Compile BP_test_menu_2
[2025.05.25-09.00.12:203][582]LogUObjectHash: Compacting FUObjectHashTables data took   2.29ms
[2025.05.25-09.00.12:809][613]Cmd: OBJ SAVEPACKAGE PACKAGE="/Game/Andrey/Menu/BP_test_menu_2" FILE="../../../../../../Users/AlisaDI/Documents/MephiTasks/UnrealProject/Content/Andrey/Menu/BP_test_menu_2.uasset" SILENT=true
[2025.05.25-09.00.12:847][613]LogSavePackage: Moving '../../../../../../Users/AlisaDI/Documents/MephiTasks/UnrealProject/Saved/BP_test_menu_2792CF22240D251741C63BAA001266B13.tmp' to '../../../../../../Users/AlisaDI/Documents/MephiTasks/UnrealProject/Content/Andrey/Menu/BP_test_menu_2.uasset'
[2025.05.25-09.00.12:863][613]AssetCheck: New page: Asset Save: BP_test_menu_2
[2025.05.25-09.00.12:863][613]LogContentValidation: Display: Validating Blueprint /Game/Andrey/Menu/BP_test_menu_2.BP_test_menu_2
[2025.05.25-09.00.15:770][787]LogTemp: Repeating last play command: Simulate
[2025.05.25-09.00.15:774][787]LogPlayLevel: PlayLevel: No blueprints needed recompiling
[2025.05.25-09.00.15:775][787]PIE: New page: SIE session: VRTemplateMap (25 мая 2025 г., 15:00:15)
[2025.05.25-09.00.15:775][787]LogPlayLevel: Creating play world package: /Game/VRTemplate/Maps/UEDPIE_0_VRTemplateMap
[2025.05.25-09.00.15:779][787]LogPlayLevel: PIE: StaticDuplicateObject took: (0.004198s)
[2025.05.25-09.00.15:780][787]LogAIModule: Creating AISystem for world VRTemplateMap
[2025.05.25-09.00.15:780][787]LogPlayLevel: PIE: World Init took: (0.001278s)
[2025.05.25-09.00.15:780][787]LogPlayLevel: PIE: Created PIE world by copying editor world from /Game/VRTemplate/Maps/VRTemplateMap.VRTemplateMap to /Game/VRTemplate/Maps/UEDPIE_0_VRTemplateMap.VRTemplateMap (0.005605s)
[2025.05.25-09.00.15:803][787]LogUObjectHash: Compacting FUObjectHashTables data took   2.04ms
[2025.05.25-09.00.15:804][787]LogAudio: Display: Creating Audio Device:                 Id: 3, Scope: Unique, Realtime: True
[2025.05.25-09.00.15:804][787]LogAudioMixer: Display: Audio Mixer Platform Settings:
[2025.05.25-09.00.15:804][787]LogAudioMixer: Display: 	Sample Rate:						  48000
[2025.05.25-09.00.15:804][787]LogAudioMixer: Display: 	Callback Buffer Frame Size Requested: 1024
[2025.05.25-09.00.15:804][787]LogAudioMixer: Display: 	Callback Buffer Frame Size To Use:	  1024
[2025.05.25-09.00.15:804][787]LogAudioMixer: Display: 	Number of buffers to queue:			  1
[2025.05.25-09.00.15:804][787]LogAudioMixer: Display: 	Max Channels (voices):				  0
[2025.05.25-09.00.15:804][787]LogAudioMixer: Display: 	Number of Async Source Workers:		  4
[2025.05.25-09.00.15:804][787]LogAudio: Display: AudioDevice MaxSources: 32
[2025.05.25-09.00.15:804][787]LogAudio: Display: Audio Spatialization Plugin: Resonance Audio is external send: 1
[2025.05.25-09.00.15:804][787]LogAudio: Display: Audio Reverb Plugin: Resonance Audio
[2025.05.25-09.00.15:804][787]LogAudio: Display: Audio Occlusion Plugin: None (built-in).
[2025.05.25-09.00.15:804][787]LogAudioMixer: Display: Initializing audio mixer.
[2025.05.25-09.00.15:808][787]LogAudioMixer: Display: 0: FrontLeft
[2025.05.25-09.00.15:808][787]LogAudioMixer: Display: 1: FrontRight
[2025.05.25-09.00.15:853][787]LogAudioMixer: Display: Using Audio Device Динамики (Realtek(R) Audio)
[2025.05.25-09.00.15:853][787]LogAudioMixer: Display: Initializing Sound Submixes...
[2025.05.25-09.00.15:853][787]LogAudioMixer: Display: Creating Master Submix 'MasterSubmixDefault'
[2025.05.25-09.00.15:853][787]LogAudioMixer: Display: Creating Master Submix 'MasterReverbSubmixDefault'
[2025.05.25-09.00.15:853][787]LogAudioMixer: Display: Creating Master Submix 'MasterEQSubmixDefault'
[2025.05.25-09.00.15:854][787]LogAudioMixer: FMixerPlatformXAudio2::StartAudioStream() called
[2025.05.25-09.00.15:854][787]LogAudioMixer: Display: Output buffers initialized: Frames=1024, Channels=2, Samples=2048
[2025.05.25-09.00.15:855][787]LogAudioMixer: Display: Starting AudioMixerPlatformInterface::RunInternal()
[2025.05.25-09.00.15:855][787]LogAudioMixer: Display: FMixerPlatformXAudio2::SubmitBuffer() called for the first time
[2025.05.25-09.00.15:855][787]LogInit: FAudioDevice initialized.
[2025.05.25-09.00.15:855][787]LogAudio: Display: Audio Device (ID: 3) registered with world 'VRTemplateMap'.
[2025.05.25-09.00.15:861][787]LogLoad: Game class is 'VRGameMode_C'
[2025.05.25-09.00.15:863][787]LogWorld: Bringing World /Game/VRTemplate/Maps/UEDPIE_0_VRTemplateMap.VRTemplateMap up for play (max tick rate 60) at 2025.05.25-12.00.15
[2025.05.25-09.00.15:863][787]LogWorld: Bringing up level for play took: 0.001271
[2025.05.25-09.00.15:864][787]LogOnline: OSS: Creating online subsystem instance for: :Context_6
[2025.05.25-09.00.15:864][787]LogSpawn: Warning: SpawnActor failed because no class was specified
[2025.05.25-09.00.15:865][787]LogPhysics: Warning: Scale for /Game/VRTemplate/Maps/UEDPIE_0_VRTemplateMap.VRTemplateMap:PersistentLevel.BP_EncoderPetals_C_0.Encoder_Petals has a component set to zero, which will result in a bad body instance. Scale:X=0.000 Y=0.000 Z=0.000
[2025.05.25-09.00.15:865][787]LogPhysics: Warning: Initialising Body : Scale3D is (nearly) zero: Component: '/Game/VRTemplate/Maps/UEDPIE_0_VRTemplateMap.VRTemplateMap:PersistentLevel.BP_EncoderPetals_C_0.Encoder_Petals' 
[2025.05.25-09.00.15:866][787]PIE: Server logged in
[2025.05.25-09.00.15:866][787]PIE: Play in editor total start time 0,093 seconds.
[2025.05.25-09.00.15:890][787]LogResonanceAudio: Display: Resonance Audio Listener is initialized
[2025.05.25-09.00.19:268][988]LogSlate: Updating window title bar state: overlay mode, drag disabled, window buttons hidden, title bar hidden
[2025.05.25-09.00.19:268][988]LogWorld: BeginTearingDown for /Game/VRTemplate/Maps/UEDPIE_0_VRTemplateMap
[2025.05.25-09.00.19:269][988]LogWorld: UWorld::CleanupWorld for VRTemplateMap, bSessionEnded=true, bCleanupResources=true
[2025.05.25-09.00.19:269][988]LogSlate: InvalidateAllWidgets triggered.  All widgets were invalidated
[2025.05.25-09.00.19:287][988]LogPlayLevel: Display: Shutting down PIE online subsystems
[2025.05.25-09.00.19:294][988]LogSlate: InvalidateAllWidgets triggered.  All widgets were invalidated
[2025.05.25-09.00.19:317][988]LogAudio: Display: Audio Device unregistered from world 'None'.
[2025.05.25-09.00.19:318][988]LogResonanceAudio: Display: Resonance Audio Listener is shutdown
[2025.05.25-09.00.19:318][988]LogAudioMixer: FMixerPlatformXAudio2::StopAudioStream() called
[2025.05.25-09.00.19:319][988]LogAudioMixer: FMixerPlatformXAudio2::StopAudioStream() called
[2025.05.25-09.00.19:323][988]LogSlate: Updating window title bar state: overlay mode, drag disabled, window buttons hidden, title bar hidden
[2025.05.25-09.00.19:326][988]LogUObjectHash: Compacting FUObjectHashTables data took   1.61ms
[2025.05.25-09.00.19:351][989]LogPlayLevel: Display: Destroying online subsystem :Context_6
[2025.05.25-09.00.19:882][ 21]LogTemp: Repeating last play command: Simulate
[2025.05.25-09.00.19:886][ 21]LogPlayLevel: PlayLevel: No blueprints needed recompiling
[2025.05.25-09.00.19:886][ 21]PIE: New page: SIE session: VRTemplateMap (25 мая 2025 г., 15:00:19)
[2025.05.25-09.00.19:886][ 21]LogPlayLevel: Creating play world package: /Game/VRTemplate/Maps/UEDPIE_0_VRTemplateMap
[2025.05.25-09.00.19:890][ 21]LogPlayLevel: PIE: StaticDuplicateObject took: (0.003752s)
[2025.05.25-09.00.19:890][ 21]LogAIModule: Creating AISystem for world VRTemplateMap
[2025.05.25-09.00.19:891][ 21]LogPlayLevel: PIE: World Init took: (0.000941s)
[2025.05.25-09.00.19:891][ 21]LogPlayLevel: PIE: Created PIE world by copying editor world from /Game/VRTemplate/Maps/VRTemplateMap.VRTemplateMap to /Game/VRTemplate/Maps/UEDPIE_0_VRTemplateMap.VRTemplateMap (0.004803s)
[2025.05.25-09.00.19:912][ 21]LogUObjectHash: Compacting FUObjectHashTables data took   1.79ms
[2025.05.25-09.00.19:913][ 21]LogAudio: Display: Creating Audio Device:                 Id: 4, Scope: Unique, Realtime: True
[2025.05.25-09.00.19:913][ 21]LogAudioMixer: Display: Audio Mixer Platform Settings:
[2025.05.25-09.00.19:913][ 21]LogAudioMixer: Display: 	Sample Rate:						  48000
[2025.05.25-09.00.19:913][ 21]LogAudioMixer: Display: 	Callback Buffer Frame Size Requested: 1024
[2025.05.25-09.00.19:913][ 21]LogAudioMixer: Display: 	Callback Buffer Frame Size To Use:	  1024
[2025.05.25-09.00.19:913][ 21]LogAudioMixer: Display: 	Number of buffers to queue:			  1
[2025.05.25-09.00.19:913][ 21]LogAudioMixer: Display: 	Max Channels (voices):				  0
[2025.05.25-09.00.19:913][ 21]LogAudioMixer: Display: 	Number of Async Source Workers:		  4
[2025.05.25-09.00.19:913][ 21]LogAudio: Display: AudioDevice MaxSources: 32
[2025.05.25-09.00.19:914][ 21]LogAudio: Display: Audio Spatialization Plugin: Resonance Audio is external send: 1
[2025.05.25-09.00.19:914][ 21]LogAudio: Display: Audio Reverb Plugin: Resonance Audio
[2025.05.25-09.00.19:914][ 21]LogAudio: Display: Audio Occlusion Plugin: None (built-in).
[2025.05.25-09.00.19:914][ 21]LogAudioMixer: Display: Initializing audio mixer.
[2025.05.25-09.00.19:917][ 21]LogAudioMixer: Display: 0: FrontLeft
[2025.05.25-09.00.19:917][ 21]LogAudioMixer: Display: 1: FrontRight
[2025.05.25-09.00.19:960][ 21]LogAudioMixer: Display: Using Audio Device Динамики (Realtek(R) Audio)
[2025.05.25-09.00.19:960][ 21]LogAudioMixer: Display: Initializing Sound Submixes...
[2025.05.25-09.00.19:960][ 21]LogAudioMixer: Display: Creating Master Submix 'MasterSubmixDefault'
[2025.05.25-09.00.19:960][ 21]LogAudioMixer: Display: Creating Master Submix 'MasterReverbSubmixDefault'
[2025.05.25-09.00.19:960][ 21]LogAudioMixer: Display: Creating Master Submix 'MasterEQSubmixDefault'
[2025.05.25-09.00.19:960][ 21]LogAudioMixer: FMixerPlatformXAudio2::StartAudioStream() called
[2025.05.25-09.00.19:960][ 21]LogAudioMixer: Display: Output buffers initialized: Frames=1024, Channels=2, Samples=2048
[2025.05.25-09.00.19:962][ 21]LogAudioMixer: Display: Starting AudioMixerPlatformInterface::RunInternal()
[2025.05.25-09.00.19:962][ 21]LogAudioMixer: Display: FMixerPlatformXAudio2::SubmitBuffer() called for the first time
[2025.05.25-09.00.19:962][ 21]LogInit: FAudioDevice initialized.
[2025.05.25-09.00.19:962][ 21]LogAudio: Display: Audio Device (ID: 4) registered with world 'VRTemplateMap'.
[2025.05.25-09.00.19:970][ 21]LogLoad: Game class is 'VRGameMode_C'
[2025.05.25-09.00.19:972][ 21]LogWorld: Bringing World /Game/VRTemplate/Maps/UEDPIE_0_VRTemplateMap.VRTemplateMap up for play (max tick rate 60) at 2025.05.25-12.00.19
[2025.05.25-09.00.19:972][ 21]LogWorld: Bringing up level for play took: 0.001190
[2025.05.25-09.00.19:972][ 21]LogOnline: OSS: Creating online subsystem instance for: :Context_7
[2025.05.25-09.00.19:973][ 21]LogSpawn: Warning: SpawnActor failed because no class was specified
[2025.05.25-09.00.19:975][ 21]LogPhysics: Warning: Scale for /Game/VRTemplate/Maps/UEDPIE_0_VRTemplateMap.VRTemplateMap:PersistentLevel.BP_EncoderPetals_C_0.Encoder_Petals has a component set to zero, which will result in a bad body instance. Scale:X=0.000 Y=0.000 Z=0.000
[2025.05.25-09.00.19:975][ 21]LogPhysics: Warning: Initialising Body : Scale3D is (nearly) zero: Component: '/Game/VRTemplate/Maps/UEDPIE_0_VRTemplateMap.VRTemplateMap:PersistentLevel.BP_EncoderPetals_C_0.Encoder_Petals' 
[2025.05.25-09.00.19:975][ 21]PIE: Server logged in
[2025.05.25-09.00.19:975][ 21]PIE: Play in editor total start time 0,09 seconds.
[2025.05.25-09.00.19:989][ 21]LogResonanceAudio: Display: Resonance Audio Listener is initialized
[2025.05.25-09.00.22:328][160]LogSlate: Updating window title bar state: overlay mode, drag disabled, window buttons hidden, title bar hidden
[2025.05.25-09.00.22:328][160]LogWorld: BeginTearingDown for /Game/VRTemplate/Maps/UEDPIE_0_VRTemplateMap
[2025.05.25-09.00.22:329][160]LogWorld: UWorld::CleanupWorld for VRTemplateMap, bSessionEnded=true, bCleanupResources=true
[2025.05.25-09.00.22:329][160]LogSlate: InvalidateAllWidgets triggered.  All widgets were invalidated
[2025.05.25-09.00.22:340][160]LogPlayLevel: Display: Shutting down PIE online subsystems
[2025.05.25-09.00.22:347][160]LogSlate: InvalidateAllWidgets triggered.  All widgets were invalidated
[2025.05.25-09.00.22:367][160]LogSlate: Updating window title bar state: overlay mode, drag disabled, window buttons hidden, title bar hidden
[2025.05.25-09.00.22:368][160]LogResonanceAudio: Display: Resonance Audio Listener is shutdown
[2025.05.25-09.00.22:368][160]LogAudioMixer: FMixerPlatformXAudio2::StopAudioStream() called
[2025.05.25-09.00.22:369][160]LogAudioMixer: FMixerPlatformXAudio2::StopAudioStream() called
[2025.05.25-09.00.22:375][160]LogUObjectHash: Compacting FUObjectHashTables data took   1.36ms
[2025.05.25-09.00.22:413][162]LogPlayLevel: Display: Destroying online subsystem :Context_7
[2025.05.25-09.00.43:294][412]BlueprintLog: New page: Compile BP_test_menu_2
[2025.05.25-09.00.43:356][412]LogUObjectHash: Compacting FUObjectHashTables data took   1.90ms
[2025.05.25-09.00.43:744][430]Cmd: OBJ SAVEPACKAGE PACKAGE="/Game/Andrey/Menu/BP_test_menu_2" FILE="../../../../../../Users/AlisaDI/Documents/MephiTasks/UnrealProject/Content/Andrey/Menu/BP_test_menu_2.uasset" SILENT=true
[2025.05.25-09.00.43:784][430]LogSavePackage: Moving '../../../../../../Users/AlisaDI/Documents/MephiTasks/UnrealProject/Saved/BP_test_menu_2FBCE8CDF4234339B1A5F74A7D4DDD466.tmp' to '../../../../../../Users/AlisaDI/Documents/MephiTasks/UnrealProject/Content/Andrey/Menu/BP_test_menu_2.uasset'
[2025.05.25-09.00.43:800][430]AssetCheck: New page: Asset Save: BP_test_menu_2
[2025.05.25-09.00.43:800][430]LogContentValidation: Display: Validating Blueprint /Game/Andrey/Menu/BP_test_menu_2.BP_test_menu_2
[2025.05.25-09.00.45:623][539]LogTemp: Repeating last play command: Simulate
[2025.05.25-09.00.45:630][539]LogPlayLevel: PlayLevel: No blueprints needed recompiling
[2025.05.25-09.00.45:630][539]PIE: New page: SIE session: VRTemplateMap (25 мая 2025 г., 15:00:45)
[2025.05.25-09.00.45:630][539]LogPlayLevel: Creating play world package: /Game/VRTemplate/Maps/UEDPIE_0_VRTemplateMap
[2025.05.25-09.00.45:634][539]LogPlayLevel: PIE: StaticDuplicateObject took: (0.004205s)
[2025.05.25-09.00.45:634][539]LogAIModule: Creating AISystem for world VRTemplateMap
[2025.05.25-09.00.45:634][539]LogPlayLevel: PIE: World Init took: (0.001130s)
[2025.05.25-09.00.45:634][539]LogPlayLevel: PIE: Created PIE world by copying editor world from /Game/VRTemplate/Maps/VRTemplateMap.VRTemplateMap to /Game/VRTemplate/Maps/UEDPIE_0_VRTemplateMap.VRTemplateMap (0.005465s)
[2025.05.25-09.00.45:659][539]LogUObjectHash: Compacting FUObjectHashTables data took   2.32ms
[2025.05.25-09.00.45:660][539]LogAudio: Display: Creating Audio Device:                 Id: 5, Scope: Unique, Realtime: True
[2025.05.25-09.00.45:661][539]LogAudioMixer: Display: Audio Mixer Platform Settings:
[2025.05.25-09.00.45:661][539]LogAudioMixer: Display: 	Sample Rate:						  48000
[2025.05.25-09.00.45:661][539]LogAudioMixer: Display: 	Callback Buffer Frame Size Requested: 1024
[2025.05.25-09.00.45:661][539]LogAudioMixer: Display: 	Callback Buffer Frame Size To Use:	  1024
[2025.05.25-09.00.45:661][539]LogAudioMixer: Display: 	Number of buffers to queue:			  1
[2025.05.25-09.00.45:661][539]LogAudioMixer: Display: 	Max Channels (voices):				  0
[2025.05.25-09.00.45:661][539]LogAudioMixer: Display: 	Number of Async Source Workers:		  4
[2025.05.25-09.00.45:661][539]LogAudio: Display: AudioDevice MaxSources: 32
[2025.05.25-09.00.45:661][539]LogAudio: Display: Audio Spatialization Plugin: Resonance Audio is external send: 1
[2025.05.25-09.00.45:661][539]LogAudio: Display: Audio Reverb Plugin: Resonance Audio
[2025.05.25-09.00.45:661][539]LogAudio: Display: Audio Occlusion Plugin: None (built-in).
[2025.05.25-09.00.45:661][539]LogAudioMixer: Display: Initializing audio mixer.
[2025.05.25-09.00.45:665][539]LogAudioMixer: Display: 0: FrontLeft
[2025.05.25-09.00.45:665][539]LogAudioMixer: Display: 1: FrontRight
[2025.05.25-09.00.45:706][539]LogAudioMixer: Display: Using Audio Device Динамики (Realtek(R) Audio)
[2025.05.25-09.00.45:706][539]LogAudioMixer: Display: Initializing Sound Submixes...
[2025.05.25-09.00.45:706][539]LogAudioMixer: Display: Creating Master Submix 'MasterSubmixDefault'
[2025.05.25-09.00.45:706][539]LogAudioMixer: Display: Creating Master Submix 'MasterReverbSubmixDefault'
[2025.05.25-09.00.45:706][539]LogAudioMixer: Display: Creating Master Submix 'MasterEQSubmixDefault'
[2025.05.25-09.00.45:706][539]LogAudioMixer: FMixerPlatformXAudio2::StartAudioStream() called
[2025.05.25-09.00.45:706][539]LogAudioMixer: Display: Output buffers initialized: Frames=1024, Channels=2, Samples=2048
[2025.05.25-09.00.45:707][539]LogAudioMixer: Display: Starting AudioMixerPlatformInterface::RunInternal()
[2025.05.25-09.00.45:707][539]LogAudioMixer: Display: FMixerPlatformXAudio2::SubmitBuffer() called for the first time
[2025.05.25-09.00.45:707][539]LogInit: FAudioDevice initialized.
[2025.05.25-09.00.45:707][539]LogAudio: Display: Audio Device (ID: 5) registered with world 'VRTemplateMap'.
[2025.05.25-09.00.45:716][539]LogLoad: Game class is 'VRGameMode_C'
[2025.05.25-09.00.45:717][539]LogWorld: Bringing World /Game/VRTemplate/Maps/UEDPIE_0_VRTemplateMap.VRTemplateMap up for play (max tick rate 60) at 2025.05.25-12.00.45
[2025.05.25-09.00.45:717][539]LogWorld: Bringing up level for play took: 0.001202
[2025.05.25-09.00.45:717][539]LogOnline: OSS: Creating online subsystem instance for: :Context_8
[2025.05.25-09.00.45:718][539]LogSpawn: Warning: SpawnActor failed because no class was specified
[2025.05.25-09.00.45:720][539]LogPhysics: Warning: Scale for /Game/VRTemplate/Maps/UEDPIE_0_VRTemplateMap.VRTemplateMap:PersistentLevel.BP_Motor_Holder_C_0.Motor_Holder has a component set to zero, which will result in a bad body instance. Scale:X=0.000 Y=0.000 Z=0.000
[2025.05.25-09.00.45:720][539]LogPhysics: Warning: Initialising Body : Scale3D is (nearly) zero: Component: '/Game/VRTemplate/Maps/UEDPIE_0_VRTemplateMap.VRTemplateMap:PersistentLevel.BP_Motor_Holder_C_0.Motor_Holder' 
[2025.05.25-09.00.45:720][539]PIE: Server logged in
[2025.05.25-09.00.45:721][539]PIE: Play in editor total start time 0,092 seconds.
[2025.05.25-09.00.45:735][539]LogResonanceAudio: Display: Resonance Audio Listener is initialized
[2025.05.25-09.00.51:873][906]LogSlate: Updating window title bar state: overlay mode, drag disabled, window buttons hidden, title bar hidden
[2025.05.25-09.00.51:873][906]LogWorld: BeginTearingDown for /Game/VRTemplate/Maps/UEDPIE_0_VRTemplateMap
[2025.05.25-09.00.51:874][906]LogWorld: UWorld::CleanupWorld for VRTemplateMap, bSessionEnded=true, bCleanupResources=true
[2025.05.25-09.00.51:874][906]LogSlate: InvalidateAllWidgets triggered.  All widgets were invalidated
[2025.05.25-09.00.51:894][906]LogPlayLevel: Display: Shutting down PIE online subsystems
[2025.05.25-09.00.51:901][906]LogSlate: InvalidateAllWidgets triggered.  All widgets were invalidated
[2025.05.25-09.00.51:921][906]LogAudio: Display: Audio Device unregistered from world 'None'.
[2025.05.25-09.00.51:921][906]LogResonanceAudio: Display: Resonance Audio Listener is shutdown
[2025.05.25-09.00.51:921][906]LogAudioMixer: FMixerPlatformXAudio2::StopAudioStream() called
[2025.05.25-09.00.51:922][906]LogAudioMixer: FMixerPlatformXAudio2::StopAudioStream() called
[2025.05.25-09.00.51:926][906]LogSlate: Updating window title bar state: overlay mode, drag disabled, window buttons hidden, title bar hidden
[2025.05.25-09.00.51:929][906]LogUObjectHash: Compacting FUObjectHashTables data took   1.58ms
[2025.05.25-09.00.51:985][907]LogPlayLevel: Display: Destroying online subsystem :Context_8
[2025.05.25-09.01.24:837][875]BlueprintLog: New page: Compile BP_test_menu_2
[2025.05.25-09.01.24:899][875]LogUObjectHash: Compacting FUObjectHashTables data took   2.00ms
[2025.05.25-09.01.25:392][900]Cmd: OBJ SAVEPACKAGE PACKAGE="/Game/Andrey/Menu/BP_test_menu_2" FILE="../../../../../../Users/AlisaDI/Documents/MephiTasks/UnrealProject/Content/Andrey/Menu/BP_test_menu_2.uasset" SILENT=true
[2025.05.25-09.01.25:434][900]LogSavePackage: Moving '../../../../../../Users/AlisaDI/Documents/MephiTasks/UnrealProject/Saved/BP_test_menu_240ACD491423698EC373FA69E5F8A8A72.tmp' to '../../../../../../Users/AlisaDI/Documents/MephiTasks/UnrealProject/Content/Andrey/Menu/BP_test_menu_2.uasset'
[2025.05.25-09.01.25:450][900]AssetCheck: New page: Asset Save: BP_test_menu_2
[2025.05.25-09.01.25:450][900]LogContentValidation: Display: Validating Blueprint /Game/Andrey/Menu/BP_test_menu_2.BP_test_menu_2
[2025.05.25-09.01.27:355][ 14]LogTemp: Repeating last play command: Simulate
[2025.05.25-09.01.27:361][ 14]LogPlayLevel: PlayLevel: No blueprints needed recompiling
[2025.05.25-09.01.27:361][ 14]PIE: New page: SIE session: VRTemplateMap (25 мая 2025 г., 15:01:27)
[2025.05.25-09.01.27:361][ 14]LogPlayLevel: Creating play world package: /Game/VRTemplate/Maps/UEDPIE_0_VRTemplateMap
[2025.05.25-09.01.27:365][ 14]LogPlayLevel: PIE: StaticDuplicateObject took: (0.003728s)
[2025.05.25-09.01.27:365][ 14]LogAIModule: Creating AISystem for world VRTemplateMap
[2025.05.25-09.01.27:366][ 14]LogPlayLevel: PIE: World Init took: (0.000936s)
[2025.05.25-09.01.27:366][ 14]LogPlayLevel: PIE: Created PIE world by copying editor world from /Game/VRTemplate/Maps/VRTemplateMap.VRTemplateMap to /Game/VRTemplate/Maps/UEDPIE_0_VRTemplateMap.VRTemplateMap (0.004789s)
[2025.05.25-09.01.27:391][ 14]LogUObjectHash: Compacting FUObjectHashTables data took   3.31ms
[2025.05.25-09.01.27:392][ 14]LogAudio: Display: Creating Audio Device:                 Id: 6, Scope: Unique, Realtime: True
[2025.05.25-09.01.27:392][ 14]LogAudioMixer: Display: Audio Mixer Platform Settings:
[2025.05.25-09.01.27:392][ 14]LogAudioMixer: Display: 	Sample Rate:						  48000
[2025.05.25-09.01.27:392][ 14]LogAudioMixer: Display: 	Callback Buffer Frame Size Requested: 1024
[2025.05.25-09.01.27:392][ 14]LogAudioMixer: Display: 	Callback Buffer Frame Size To Use:	  1024
[2025.05.25-09.01.27:392][ 14]LogAudioMixer: Display: 	Number of buffers to queue:			  1
[2025.05.25-09.01.27:392][ 14]LogAudioMixer: Display: 	Max Channels (voices):				  0
[2025.05.25-09.01.27:392][ 14]LogAudioMixer: Display: 	Number of Async Source Workers:		  4
[2025.05.25-09.01.27:392][ 14]LogAudio: Display: AudioDevice MaxSources: 32
[2025.05.25-09.01.27:392][ 14]LogAudio: Display: Audio Spatialization Plugin: Resonance Audio is external send: 1
[2025.05.25-09.01.27:392][ 14]LogAudio: Display: Audio Reverb Plugin: Resonance Audio
[2025.05.25-09.01.27:392][ 14]LogAudio: Display: Audio Occlusion Plugin: None (built-in).
[2025.05.25-09.01.27:392][ 14]LogAudioMixer: Display: Initializing audio mixer.
[2025.05.25-09.01.27:398][ 14]LogAudioMixer: Display: 0: FrontLeft
[2025.05.25-09.01.27:398][ 14]LogAudioMixer: Display: 1: FrontRight
[2025.05.25-09.01.27:445][ 14]LogAudioMixer: Display: Using Audio Device Динамики (Realtek(R) Audio)
[2025.05.25-09.01.27:445][ 14]LogAudioMixer: Display: Initializing Sound Submixes...
[2025.05.25-09.01.27:445][ 14]LogAudioMixer: Display: Creating Master Submix 'MasterSubmixDefault'
[2025.05.25-09.01.27:445][ 14]LogAudioMixer: Display: Creating Master Submix 'MasterReverbSubmixDefault'
[2025.05.25-09.01.27:445][ 14]LogAudioMixer: Display: Creating Master Submix 'MasterEQSubmixDefault'
[2025.05.25-09.01.27:445][ 14]LogAudioMixer: FMixerPlatformXAudio2::StartAudioStream() called
[2025.05.25-09.01.27:445][ 14]LogAudioMixer: Display: Output buffers initialized: Frames=1024, Channels=2, Samples=2048
[2025.05.25-09.01.27:446][ 14]LogAudioMixer: Display: Starting AudioMixerPlatformInterface::RunInternal()
[2025.05.25-09.01.27:446][ 14]LogAudioMixer: Display: FMixerPlatformXAudio2::SubmitBuffer() called for the first time
[2025.05.25-09.01.27:446][ 14]LogInit: FAudioDevice initialized.
[2025.05.25-09.01.27:446][ 14]LogAudio: Display: Audio Device (ID: 6) registered with world 'VRTemplateMap'.
[2025.05.25-09.01.27:456][ 14]LogLoad: Game class is 'VRGameMode_C'
[2025.05.25-09.01.27:457][ 14]LogWorld: Bringing World /Game/VRTemplate/Maps/UEDPIE_0_VRTemplateMap.VRTemplateMap up for play (max tick rate 60) at 2025.05.25-12.01.27
[2025.05.25-09.01.27:458][ 14]LogWorld: Bringing up level for play took: 0.001532
[2025.05.25-09.01.27:458][ 14]LogOnline: OSS: Creating online subsystem instance for: :Context_9
[2025.05.25-09.01.27:460][ 14]LogSpawn: Warning: SpawnActor failed because no class was specified
[2025.05.25-09.01.27:461][ 14]LogPhysics: Warning: Scale for /Game/VRTemplate/Maps/UEDPIE_0_VRTemplateMap.VRTemplateMap:PersistentLevel.BP_Motor_Holder_C_0.Motor_Holder has a component set to zero, which will result in a bad body instance. Scale:X=0.000 Y=0.000 Z=0.000
[2025.05.25-09.01.27:461][ 14]LogPhysics: Warning: Initialising Body : Scale3D is (nearly) zero: Component: '/Game/VRTemplate/Maps/UEDPIE_0_VRTemplateMap.VRTemplateMap:PersistentLevel.BP_Motor_Holder_C_0.Motor_Holder' 
[2025.05.25-09.01.27:462][ 14]PIE: Server logged in
[2025.05.25-09.01.27:462][ 14]PIE: Play in editor total start time 0,103 seconds.
[2025.05.25-09.01.27:477][ 14]LogResonanceAudio: Display: Resonance Audio Listener is initialized
[2025.05.25-09.01.41:820][874]LogSlate: Updating window title bar state: overlay mode, drag disabled, window buttons hidden, title bar hidden
[2025.05.25-09.01.41:820][874]LogWorld: BeginTearingDown for /Game/VRTemplate/Maps/UEDPIE_0_VRTemplateMap
[2025.05.25-09.01.41:821][874]LogWorld: UWorld::CleanupWorld for VRTemplateMap, bSessionEnded=true, bCleanupResources=true
[2025.05.25-09.01.41:821][874]LogSlate: InvalidateAllWidgets triggered.  All widgets were invalidated
[2025.05.25-09.01.41:838][874]LogPlayLevel: Display: Shutting down PIE online subsystems
[2025.05.25-09.01.41:845][874]LogSlate: InvalidateAllWidgets triggered.  All widgets were invalidated
[2025.05.25-09.01.41:865][874]LogAudio: Display: Audio Device unregistered from world 'None'.
[2025.05.25-09.01.41:865][874]LogResonanceAudio: Display: Resonance Audio Listener is shutdown
[2025.05.25-09.01.41:865][874]LogAudioMixer: FMixerPlatformXAudio2::StopAudioStream() called
[2025.05.25-09.01.41:867][874]LogAudioMixer: FMixerPlatformXAudio2::StopAudioStream() called
[2025.05.25-09.01.41:871][874]LogSlate: Updating window title bar state: overlay mode, drag disabled, window buttons hidden, title bar hidden
[2025.05.25-09.01.41:874][874]LogUObjectHash: Compacting FUObjectHashTables data took   1.51ms
[2025.05.25-09.01.41:932][875]LogPlayLevel: Display: Destroying online subsystem :Context_9
[2025.05.25-09.02.09:872][551]BlueprintLog: New page: Compile BP_test_menu_2
[2025.05.25-09.02.09:930][551]LogUObjectHash: Compacting FUObjectHashTables data took   1.74ms
[2025.05.25-09.02.10:322][569]Cmd: OBJ SAVEPACKAGE PACKAGE="/Game/Andrey/Menu/BP_test_menu_2" FILE="../../../../../../Users/AlisaDI/Documents/MephiTasks/UnrealProject/Content/Andrey/Menu/BP_test_menu_2.uasset" SILENT=true
[2025.05.25-09.02.10:364][569]LogSavePackage: Moving '../../../../../../Users/AlisaDI/Documents/MephiTasks/UnrealProject/Saved/BP_test_menu_2581EE8204BE20AC36C3CCB95755503A1.tmp' to '../../../../../../Users/AlisaDI/Documents/MephiTasks/UnrealProject/Content/Andrey/Menu/BP_test_menu_2.uasset'
[2025.05.25-09.02.10:379][569]AssetCheck: New page: Asset Save: BP_test_menu_2
[2025.05.25-09.02.10:379][569]LogContentValidation: Display: Validating Blueprint /Game/Andrey/Menu/BP_test_menu_2.BP_test_menu_2
[2025.05.25-09.02.11:623][644]LogTemp: Repeating last play command: Simulate
[2025.05.25-09.02.11:627][644]LogPlayLevel: PlayLevel: No blueprints needed recompiling
[2025.05.25-09.02.11:627][644]PIE: New page: SIE session: VRTemplateMap (25 мая 2025 г., 15:02:11)
[2025.05.25-09.02.11:627][644]LogPlayLevel: Creating play world package: /Game/VRTemplate/Maps/UEDPIE_0_VRTemplateMap
[2025.05.25-09.02.11:631][644]LogPlayLevel: PIE: StaticDuplicateObject took: (0.003727s)
[2025.05.25-09.02.11:631][644]LogAIModule: Creating AISystem for world VRTemplateMap
[2025.05.25-09.02.11:632][644]LogPlayLevel: PIE: World Init took: (0.000955s)
[2025.05.25-09.02.11:632][644]LogPlayLevel: PIE: Created PIE world by copying editor world from /Game/VRTemplate/Maps/VRTemplateMap.VRTemplateMap to /Game/VRTemplate/Maps/UEDPIE_0_VRTemplateMap.VRTemplateMap (0.004813s)
[2025.05.25-09.02.11:656][644]LogUObjectHash: Compacting FUObjectHashTables data took   2.00ms
[2025.05.25-09.02.11:657][644]LogAudio: Display: Creating Audio Device:                 Id: 7, Scope: Unique, Realtime: True
[2025.05.25-09.02.11:657][644]LogAudioMixer: Display: Audio Mixer Platform Settings:
[2025.05.25-09.02.11:657][644]LogAudioMixer: Display: 	Sample Rate:						  48000
[2025.05.25-09.02.11:657][644]LogAudioMixer: Display: 	Callback Buffer Frame Size Requested: 1024
[2025.05.25-09.02.11:657][644]LogAudioMixer: Display: 	Callback Buffer Frame Size To Use:	  1024
[2025.05.25-09.02.11:657][644]LogAudioMixer: Display: 	Number of buffers to queue:			  1
[2025.05.25-09.02.11:657][644]LogAudioMixer: Display: 	Max Channels (voices):				  0
[2025.05.25-09.02.11:657][644]LogAudioMixer: Display: 	Number of Async Source Workers:		  4
[2025.05.25-09.02.11:657][644]LogAudio: Display: AudioDevice MaxSources: 32
[2025.05.25-09.02.11:657][644]LogAudio: Display: Audio Spatialization Plugin: Resonance Audio is external send: 1
[2025.05.25-09.02.11:657][644]LogAudio: Display: Audio Reverb Plugin: Resonance Audio
[2025.05.25-09.02.11:657][644]LogAudio: Display: Audio Occlusion Plugin: None (built-in).
[2025.05.25-09.02.11:657][644]LogAudioMixer: Display: Initializing audio mixer.
[2025.05.25-09.02.11:661][644]LogAudioMixer: Display: 0: FrontLeft
[2025.05.25-09.02.11:661][644]LogAudioMixer: Display: 1: FrontRight
[2025.05.25-09.02.11:721][644]LogAudioMixer: Display: Using Audio Device Динамики (Realtek(R) Audio)
[2025.05.25-09.02.11:721][644]LogAudioMixer: Display: Initializing Sound Submixes...
[2025.05.25-09.02.11:721][644]LogAudioMixer: Display: Creating Master Submix 'MasterSubmixDefault'
[2025.05.25-09.02.11:721][644]LogAudioMixer: Display: Creating Master Submix 'MasterReverbSubmixDefault'
[2025.05.25-09.02.11:721][644]LogAudioMixer: Display: Creating Master Submix 'MasterEQSubmixDefault'
[2025.05.25-09.02.11:721][644]LogAudioMixer: FMixerPlatformXAudio2::StartAudioStream() called
[2025.05.25-09.02.11:721][644]LogAudioMixer: Display: Output buffers initialized: Frames=1024, Channels=2, Samples=2048
[2025.05.25-09.02.11:723][644]LogAudioMixer: Display: Starting AudioMixerPlatformInterface::RunInternal()
[2025.05.25-09.02.11:723][644]LogAudioMixer: Display: FMixerPlatformXAudio2::SubmitBuffer() called for the first time
[2025.05.25-09.02.11:723][644]LogInit: FAudioDevice initialized.
[2025.05.25-09.02.11:723][644]LogAudio: Display: Audio Device (ID: 7) registered with world 'VRTemplateMap'.
[2025.05.25-09.02.11:731][644]LogLoad: Game class is 'VRGameMode_C'
[2025.05.25-09.02.11:733][644]LogWorld: Bringing World /Game/VRTemplate/Maps/UEDPIE_0_VRTemplateMap.VRTemplateMap up for play (max tick rate 60) at 2025.05.25-12.02.11
[2025.05.25-09.02.11:733][644]LogWorld: Bringing up level for play took: 0.001427
[2025.05.25-09.02.11:733][644]LogOnline: OSS: Creating online subsystem instance for: :Context_10
[2025.05.25-09.02.11:734][644]LogSpawn: Warning: SpawnActor failed because no class was specified
[2025.05.25-09.02.11:736][644]PIE: Server logged in
[2025.05.25-09.02.11:737][644]PIE: Play in editor total start time 0,11 seconds.
[2025.05.25-09.02.11:750][644]LogResonanceAudio: Display: Resonance Audio Listener is initialized
[2025.05.25-09.02.23:075][322]LogSlate: Updating window title bar state: overlay mode, drag disabled, window buttons hidden, title bar hidden
[2025.05.25-09.02.23:075][322]LogWorld: BeginTearingDown for /Game/VRTemplate/Maps/UEDPIE_0_VRTemplateMap
[2025.05.25-09.02.23:076][322]LogWorld: UWorld::CleanupWorld for VRTemplateMap, bSessionEnded=true, bCleanupResources=true
[2025.05.25-09.02.23:076][322]LogSlate: InvalidateAllWidgets triggered.  All widgets were invalidated
[2025.05.25-09.02.23:093][322]LogPlayLevel: Display: Shutting down PIE online subsystems
[2025.05.25-09.02.23:100][322]LogSlate: InvalidateAllWidgets triggered.  All widgets were invalidated
[2025.05.25-09.02.23:120][322]LogAudio: Display: Audio Device unregistered from world 'None'.
[2025.05.25-09.02.23:120][322]LogResonanceAudio: Display: Resonance Audio Listener is shutdown
[2025.05.25-09.02.23:120][322]LogAudioMixer: FMixerPlatformXAudio2::StopAudioStream() called
[2025.05.25-09.02.23:122][322]LogAudioMixer: FMixerPlatformXAudio2::StopAudioStream() called
[2025.05.25-09.02.23:125][322]LogSlate: Updating window title bar state: overlay mode, drag disabled, window buttons hidden, title bar hidden
[2025.05.25-09.02.23:128][322]LogUObjectHash: Compacting FUObjectHashTables data took   1.38ms
[2025.05.25-09.02.23:185][323]LogPlayLevel: Display: Destroying online subsystem :Context_10
[2025.05.25-09.02.25:699][474]LogEditorTransaction: Undo Change Vector Pin Value
[2025.05.25-09.02.26:154][495]LogEditorTransaction: Undo Change Vector Pin Value
[2025.05.25-09.02.27:361][563]LogEditorTransaction: Undo Change Vector Pin Value
[2025.05.25-09.02.37:062][142]BlueprintLog: New page: Compile BP_test_menu_2
[2025.05.25-09.02.37:122][142]LogUObjectHash: Compacting FUObjectHashTables data took   2.24ms
[2025.05.25-09.02.37:546][162]Cmd: OBJ SAVEPACKAGE PACKAGE="/Game/Andrey/Menu/BP_test_menu_2" FILE="../../../../../../Users/AlisaDI/Documents/MephiTasks/UnrealProject/Content/Andrey/Menu/BP_test_menu_2.uasset" SILENT=true
[2025.05.25-09.02.37:586][162]LogSavePackage: Moving '../../../../../../Users/AlisaDI/Documents/MephiTasks/UnrealProject/Saved/BP_test_menu_2CDF2976143EDDD867EF4DC961DF52507.tmp' to '../../../../../../Users/AlisaDI/Documents/MephiTasks/UnrealProject/Content/Andrey/Menu/BP_test_menu_2.uasset'
[2025.05.25-09.02.37:603][162]AssetCheck: New page: Asset Save: BP_test_menu_2
[2025.05.25-09.02.37:603][162]LogContentValidation: Display: Validating Blueprint /Game/Andrey/Menu/BP_test_menu_2.BP_test_menu_2
[2025.05.25-09.02.38:857][237]LogTemp: Repeating last play command: Simulate
[2025.05.25-09.02.38:861][237]LogPlayLevel: PlayLevel: No blueprints needed recompiling
[2025.05.25-09.02.38:861][237]PIE: New page: SIE session: VRTemplateMap (25 мая 2025 г., 15:02:38)
[2025.05.25-09.02.38:861][237]LogPlayLevel: Creating play world package: /Game/VRTemplate/Maps/UEDPIE_0_VRTemplateMap
[2025.05.25-09.02.38:865][237]LogPlayLevel: PIE: StaticDuplicateObject took: (0.003936s)
[2025.05.25-09.02.38:866][237]LogAIModule: Creating AISystem for world VRTemplateMap
[2025.05.25-09.02.38:866][237]LogPlayLevel: PIE: World Init took: (0.000979s)
[2025.05.25-09.02.38:866][237]LogPlayLevel: PIE: Created PIE world by copying editor world from /Game/VRTemplate/Maps/VRTemplateMap.VRTemplateMap to /Game/VRTemplate/Maps/UEDPIE_0_VRTemplateMap.VRTemplateMap (0.005031s)
[2025.05.25-09.02.38:889][237]LogUObjectHash: Compacting FUObjectHashTables data took   2.15ms
[2025.05.25-09.02.38:889][237]LogAudio: Display: Creating Audio Device:                 Id: 8, Scope: Unique, Realtime: True
[2025.05.25-09.02.38:889][237]LogAudioMixer: Display: Audio Mixer Platform Settings:
[2025.05.25-09.02.38:889][237]LogAudioMixer: Display: 	Sample Rate:						  48000
[2025.05.25-09.02.38:889][237]LogAudioMixer: Display: 	Callback Buffer Frame Size Requested: 1024
[2025.05.25-09.02.38:889][237]LogAudioMixer: Display: 	Callback Buffer Frame Size To Use:	  1024
[2025.05.25-09.02.38:889][237]LogAudioMixer: Display: 	Number of buffers to queue:			  1
[2025.05.25-09.02.38:889][237]LogAudioMixer: Display: 	Max Channels (voices):				  0
[2025.05.25-09.02.38:889][237]LogAudioMixer: Display: 	Number of Async Source Workers:		  4
[2025.05.25-09.02.38:889][237]LogAudio: Display: AudioDevice MaxSources: 32
[2025.05.25-09.02.38:890][237]LogAudio: Display: Audio Spatialization Plugin: Resonance Audio is external send: 1
[2025.05.25-09.02.38:890][237]LogAudio: Display: Audio Reverb Plugin: Resonance Audio
[2025.05.25-09.02.38:890][237]LogAudio: Display: Audio Occlusion Plugin: None (built-in).
[2025.05.25-09.02.38:890][237]LogAudioMixer: Display: Initializing audio mixer.
[2025.05.25-09.02.38:893][237]LogAudioMixer: Display: 0: FrontLeft
[2025.05.25-09.02.38:893][237]LogAudioMixer: Display: 1: FrontRight
[2025.05.25-09.02.38:939][237]LogAudioMixer: Display: Using Audio Device Динамики (Realtek(R) Audio)
[2025.05.25-09.02.38:939][237]LogAudioMixer: Display: Initializing Sound Submixes...
[2025.05.25-09.02.38:939][237]LogAudioMixer: Display: Creating Master Submix 'MasterSubmixDefault'
[2025.05.25-09.02.38:939][237]LogAudioMixer: Display: Creating Master Submix 'MasterReverbSubmixDefault'
[2025.05.25-09.02.38:939][237]LogAudioMixer: Display: Creating Master Submix 'MasterEQSubmixDefault'
[2025.05.25-09.02.38:939][237]LogAudioMixer: FMixerPlatformXAudio2::StartAudioStream() called
[2025.05.25-09.02.38:939][237]LogAudioMixer: Display: Output buffers initialized: Frames=1024, Channels=2, Samples=2048
[2025.05.25-09.02.38:940][237]LogAudioMixer: Display: Starting AudioMixerPlatformInterface::RunInternal()
[2025.05.25-09.02.38:940][237]LogAudioMixer: Display: FMixerPlatformXAudio2::SubmitBuffer() called for the first time
[2025.05.25-09.02.38:940][237]LogInit: FAudioDevice initialized.
[2025.05.25-09.02.38:940][237]LogAudio: Display: Audio Device (ID: 8) registered with world 'VRTemplateMap'.
[2025.05.25-09.02.38:947][237]LogLoad: Game class is 'VRGameMode_C'
[2025.05.25-09.02.38:949][237]LogWorld: Bringing World /Game/VRTemplate/Maps/UEDPIE_0_VRTemplateMap.VRTemplateMap up for play (max tick rate 60) at 2025.05.25-12.02.38
[2025.05.25-09.02.38:950][237]LogWorld: Bringing up level for play took: 0.001445
[2025.05.25-09.02.38:950][237]LogOnline: OSS: Creating online subsystem instance for: :Context_11
[2025.05.25-09.02.38:951][237]LogSpawn: Warning: SpawnActor failed because no class was specified
[2025.05.25-09.02.38:953][237]PIE: Server logged in
[2025.05.25-09.02.38:954][237]PIE: Play in editor total start time 0,094 seconds.
[2025.05.25-09.02.38:970][237]LogResonanceAudio: Display: Resonance Audio Listener is initialized
[2025.05.25-09.02.41:329][376]LogSlate: Updating window title bar state: overlay mode, drag disabled, window buttons hidden, title bar hidden
[2025.05.25-09.02.41:329][376]LogWorld: BeginTearingDown for /Game/VRTemplate/Maps/UEDPIE_0_VRTemplateMap
[2025.05.25-09.02.41:329][376]LogWorld: UWorld::CleanupWorld for VRTemplateMap, bSessionEnded=true, bCleanupResources=true
[2025.05.25-09.02.41:329][376]LogSlate: InvalidateAllWidgets triggered.  All widgets were invalidated
[2025.05.25-09.02.41:351][376]LogPlayLevel: Display: Shutting down PIE online subsystems
[2025.05.25-09.02.41:358][376]LogSlate: InvalidateAllWidgets triggered.  All widgets were invalidated
[2025.05.25-09.02.41:378][376]LogAudio: Display: Audio Device unregistered from world 'None'.
[2025.05.25-09.02.41:378][376]LogResonanceAudio: Display: Resonance Audio Listener is shutdown
[2025.05.25-09.02.41:378][376]LogAudioMixer: FMixerPlatformXAudio2::StopAudioStream() called
[2025.05.25-09.02.41:380][376]LogAudioMixer: FMixerPlatformXAudio2::StopAudioStream() called
[2025.05.25-09.02.41:383][376]LogSlate: Updating window title bar state: overlay mode, drag disabled, window buttons hidden, title bar hidden
[2025.05.25-09.02.41:386][376]LogUObjectHash: Compacting FUObjectHashTables data took   1.55ms
[2025.05.25-09.02.41:408][377]LogPlayLevel: Display: Destroying online subsystem :Context_11
[2025.05.25-09.02.45:133][600]LogTemp: Repeating last play command: Simulate
[2025.05.25-09.02.45:138][600]LogPlayLevel: PlayLevel: No blueprints needed recompiling
[2025.05.25-09.02.45:138][600]PIE: New page: SIE session: VRTemplateMap (25 мая 2025 г., 15:02:45)
[2025.05.25-09.02.45:138][600]LogPlayLevel: Creating play world package: /Game/VRTemplate/Maps/UEDPIE_0_VRTemplateMap
[2025.05.25-09.02.45:142][600]LogPlayLevel: PIE: StaticDuplicateObject took: (0.003914s)
[2025.05.25-09.02.45:143][600]LogAIModule: Creating AISystem for world VRTemplateMap
[2025.05.25-09.02.45:143][600]LogPlayLevel: PIE: World Init took: (0.000926s)
[2025.05.25-09.02.45:143][600]LogPlayLevel: PIE: Created PIE world by copying editor world from /Game/VRTemplate/Maps/VRTemplateMap.VRTemplateMap to /Game/VRTemplate/Maps/UEDPIE_0_VRTemplateMap.VRTemplateMap (0.004959s)
[2025.05.25-09.02.45:166][600]LogUObjectHash: Compacting FUObjectHashTables data took   2.08ms
[2025.05.25-09.02.45:168][600]LogAudio: Display: Creating Audio Device:                 Id: 9, Scope: Unique, Realtime: True
[2025.05.25-09.02.45:168][600]LogAudioMixer: Display: Audio Mixer Platform Settings:
[2025.05.25-09.02.45:168][600]LogAudioMixer: Display: 	Sample Rate:						  48000
[2025.05.25-09.02.45:168][600]LogAudioMixer: Display: 	Callback Buffer Frame Size Requested: 1024
[2025.05.25-09.02.45:168][600]LogAudioMixer: Display: 	Callback Buffer Frame Size To Use:	  1024
[2025.05.25-09.02.45:168][600]LogAudioMixer: Display: 	Number of buffers to queue:			  1
[2025.05.25-09.02.45:168][600]LogAudioMixer: Display: 	Max Channels (voices):				  0
[2025.05.25-09.02.45:168][600]LogAudioMixer: Display: 	Number of Async Source Workers:		  4
[2025.05.25-09.02.45:168][600]LogAudio: Display: AudioDevice MaxSources: 32
[2025.05.25-09.02.45:168][600]LogAudio: Display: Audio Spatialization Plugin: Resonance Audio is external send: 1
[2025.05.25-09.02.45:168][600]LogAudio: Display: Audio Reverb Plugin: Resonance Audio
[2025.05.25-09.02.45:168][600]LogAudio: Display: Audio Occlusion Plugin: None (built-in).
[2025.05.25-09.02.45:168][600]LogAudioMixer: Display: Initializing audio mixer.
[2025.05.25-09.02.45:172][600]LogAudioMixer: Display: 0: FrontLeft
[2025.05.25-09.02.45:172][600]LogAudioMixer: Display: 1: FrontRight
[2025.05.25-09.02.45:213][600]LogAudioMixer: Display: Using Audio Device Динамики (Realtek(R) Audio)
[2025.05.25-09.02.45:213][600]LogAudioMixer: Display: Initializing Sound Submixes...
[2025.05.25-09.02.45:213][600]LogAudioMixer: Display: Creating Master Submix 'MasterSubmixDefault'
[2025.05.25-09.02.45:213][600]LogAudioMixer: Display: Creating Master Submix 'MasterReverbSubmixDefault'
[2025.05.25-09.02.45:213][600]LogAudioMixer: Display: Creating Master Submix 'MasterEQSubmixDefault'
[2025.05.25-09.02.45:213][600]LogAudioMixer: FMixerPlatformXAudio2::StartAudioStream() called
[2025.05.25-09.02.45:213][600]LogAudioMixer: Display: Output buffers initialized: Frames=1024, Channels=2, Samples=2048
[2025.05.25-09.02.45:214][600]LogAudioMixer: Display: Starting AudioMixerPlatformInterface::RunInternal()
[2025.05.25-09.02.45:214][600]LogAudioMixer: Display: FMixerPlatformXAudio2::SubmitBuffer() called for the first time
[2025.05.25-09.02.45:214][600]LogInit: FAudioDevice initialized.
[2025.05.25-09.02.45:214][600]LogAudio: Display: Audio Device (ID: 9) registered with world 'VRTemplateMap'.
[2025.05.25-09.02.45:222][600]LogLoad: Game class is 'VRGameMode_C'
[2025.05.25-09.02.45:224][600]LogWorld: Bringing World /Game/VRTemplate/Maps/UEDPIE_0_VRTemplateMap.VRTemplateMap up for play (max tick rate 60) at 2025.05.25-12.02.45
[2025.05.25-09.02.45:224][600]LogWorld: Bringing up level for play took: 0.001539
[2025.05.25-09.02.45:224][600]LogOnline: OSS: Creating online subsystem instance for: :Context_12
[2025.05.25-09.02.45:226][600]LogSpawn: Warning: SpawnActor failed because no class was specified
[2025.05.25-09.02.45:227][600]PIE: Server logged in
[2025.05.25-09.02.45:228][600]PIE: Play in editor total start time 0,09 seconds.
[2025.05.25-09.02.45:243][600]LogResonanceAudio: Display: Resonance Audio Listener is initialized
[2025.05.25-09.02.51:149][950]LogSlate: Updating window title bar state: overlay mode, drag disabled, window buttons hidden, title bar hidden
[2025.05.25-09.02.51:149][950]LogWorld: BeginTearingDown for /Game/VRTemplate/Maps/UEDPIE_0_VRTemplateMap
[2025.05.25-09.02.51:150][950]LogWorld: UWorld::CleanupWorld for VRTemplateMap, bSessionEnded=true, bCleanupResources=true
[2025.05.25-09.02.51:150][950]LogSlate: InvalidateAllWidgets triggered.  All widgets were invalidated
[2025.05.25-09.02.51:156][950]LogPlayLevel: Display: Shutting down PIE online subsystems
[2025.05.25-09.02.51:163][950]LogSlate: InvalidateAllWidgets triggered.  All widgets were invalidated
[2025.05.25-09.02.51:183][950]LogSlate: Updating window title bar state: overlay mode, drag disabled, window buttons hidden, title bar hidden
[2025.05.25-09.02.51:184][950]LogResonanceAudio: Display: Resonance Audio Listener is shutdown
[2025.05.25-09.02.51:184][950]LogAudioMixer: FMixerPlatformXAudio2::StopAudioStream() called
[2025.05.25-09.02.51:185][950]LogAudioMixer: FMixerPlatformXAudio2::StopAudioStream() called
[2025.05.25-09.02.51:191][950]LogUObjectHash: Compacting FUObjectHashTables data took   1.68ms
[2025.05.25-09.02.51:212][951]LogPlayLevel: Display: Destroying online subsystem :Context_12
[2025.05.25-09.03.26:091][ 29]BlueprintLog: New page: Compile BP_test_menu_2
[2025.05.25-09.03.26:151][ 29]LogUObjectHash: Compacting FUObjectHashTables data took   1.96ms
[2025.05.25-09.03.26:720][ 57]Cmd: OBJ SAVEPACKAGE PACKAGE="/Game/Andrey/Menu/BP_test_menu_2" FILE="../../../../../../Users/AlisaDI/Documents/MephiTasks/UnrealProject/Content/Andrey/Menu/BP_test_menu_2.uasset" SILENT=true
[2025.05.25-09.03.26:762][ 57]LogSavePackage: Moving '../../../../../../Users/AlisaDI/Documents/MephiTasks/UnrealProject/Saved/BP_test_menu_2DAF48A664C91D299EC536F8391A25363.tmp' to '../../../../../../Users/AlisaDI/Documents/MephiTasks/UnrealProject/Content/Andrey/Menu/BP_test_menu_2.uasset'
[2025.05.25-09.03.26:777][ 57]AssetCheck: New page: Asset Save: BP_test_menu_2
[2025.05.25-09.03.26:777][ 57]LogContentValidation: Display: Validating Blueprint /Game/Andrey/Menu/BP_test_menu_2.BP_test_menu_2
[2025.05.25-09.03.28:278][147]LogTemp: Repeating last play command: Simulate
[2025.05.25-09.03.28:282][147]LogPlayLevel: PlayLevel: No blueprints needed recompiling
[2025.05.25-09.03.28:282][147]PIE: New page: SIE session: VRTemplateMap (25 мая 2025 г., 15:03:28)
[2025.05.25-09.03.28:282][147]LogPlayLevel: Creating play world package: /Game/VRTemplate/Maps/UEDPIE_0_VRTemplateMap
[2025.05.25-09.03.28:286][147]LogPlayLevel: PIE: StaticDuplicateObject took: (0.003692s)
[2025.05.25-09.03.28:287][147]LogAIModule: Creating AISystem for world VRTemplateMap
[2025.05.25-09.03.28:287][147]LogPlayLevel: PIE: World Init took: (0.001044s)
[2025.05.25-09.03.28:287][147]LogPlayLevel: PIE: Created PIE world by copying editor world from /Game/VRTemplate/Maps/VRTemplateMap.VRTemplateMap to /Game/VRTemplate/Maps/UEDPIE_0_VRTemplateMap.VRTemplateMap (0.004843s)
[2025.05.25-09.03.28:312][147]LogUObjectHash: Compacting FUObjectHashTables data took   1.98ms
[2025.05.25-09.03.28:312][147]LogAudio: Display: Creating Audio Device:                 Id: 10, Scope: Unique, Realtime: True
[2025.05.25-09.03.28:312][147]LogAudioMixer: Display: Audio Mixer Platform Settings:
[2025.05.25-09.03.28:312][147]LogAudioMixer: Display: 	Sample Rate:						  48000
[2025.05.25-09.03.28:312][147]LogAudioMixer: Display: 	Callback Buffer Frame Size Requested: 1024
[2025.05.25-09.03.28:312][147]LogAudioMixer: Display: 	Callback Buffer Frame Size To Use:	  1024
[2025.05.25-09.03.28:312][147]LogAudioMixer: Display: 	Number of buffers to queue:			  1
[2025.05.25-09.03.28:313][147]LogAudioMixer: Display: 	Max Channels (voices):				  0
[2025.05.25-09.03.28:313][147]LogAudioMixer: Display: 	Number of Async Source Workers:		  4
[2025.05.25-09.03.28:313][147]LogAudio: Display: AudioDevice MaxSources: 32
[2025.05.25-09.03.28:313][147]LogAudio: Display: Audio Spatialization Plugin: Resonance Audio is external send: 1
[2025.05.25-09.03.28:313][147]LogAudio: Display: Audio Reverb Plugin: Resonance Audio
[2025.05.25-09.03.28:313][147]LogAudio: Display: Audio Occlusion Plugin: None (built-in).
[2025.05.25-09.03.28:313][147]LogAudioMixer: Display: Initializing audio mixer.
[2025.05.25-09.03.28:317][147]LogAudioMixer: Display: 0: FrontLeft
[2025.05.25-09.03.28:317][147]LogAudioMixer: Display: 1: FrontRight
[2025.05.25-09.03.28:370][147]LogAudioMixer: Display: Using Audio Device Динамики (Realtek(R) Audio)
[2025.05.25-09.03.28:370][147]LogAudioMixer: Display: Initializing Sound Submixes...
[2025.05.25-09.03.28:370][147]LogAudioMixer: Display: Creating Master Submix 'MasterSubmixDefault'
[2025.05.25-09.03.28:370][147]LogAudioMixer: Display: Creating Master Submix 'MasterReverbSubmixDefault'
[2025.05.25-09.03.28:371][147]LogAudioMixer: Display: Creating Master Submix 'MasterEQSubmixDefault'
[2025.05.25-09.03.28:371][147]LogAudioMixer: FMixerPlatformXAudio2::StartAudioStream() called
[2025.05.25-09.03.28:371][147]LogAudioMixer: Display: Output buffers initialized: Frames=1024, Channels=2, Samples=2048
[2025.05.25-09.03.28:372][147]LogAudioMixer: Display: Starting AudioMixerPlatformInterface::RunInternal()
[2025.05.25-09.03.28:372][147]LogAudioMixer: Display: FMixerPlatformXAudio2::SubmitBuffer() called for the first time
[2025.05.25-09.03.28:372][147]LogInit: FAudioDevice initialized.
[2025.05.25-09.03.28:372][147]LogAudio: Display: Audio Device (ID: 10) registered with world 'VRTemplateMap'.
[2025.05.25-09.03.28:380][147]LogLoad: Game class is 'VRGameMode_C'
[2025.05.25-09.03.28:382][147]LogWorld: Bringing World /Game/VRTemplate/Maps/UEDPIE_0_VRTemplateMap.VRTemplateMap up for play (max tick rate 60) at 2025.05.25-12.03.28
[2025.05.25-09.03.28:382][147]LogWorld: Bringing up level for play took: 0.001468
[2025.05.25-09.03.28:382][147]LogOnline: OSS: Creating online subsystem instance for: :Context_13
[2025.05.25-09.03.28:384][147]LogSpawn: Warning: SpawnActor failed because no class was specified
[2025.05.25-09.03.28:385][147]PIE: Server logged in
[2025.05.25-09.03.28:386][147]PIE: Play in editor total start time 0,104 seconds.
[2025.05.25-09.03.28:400][147]LogResonanceAudio: Display: Resonance Audio Listener is initialized
[2025.05.25-09.03.31:448][327]LogSlate: Updating window title bar state: overlay mode, drag disabled, window buttons hidden, title bar hidden
[2025.05.25-09.03.31:448][327]LogWorld: BeginTearingDown for /Game/VRTemplate/Maps/UEDPIE_0_VRTemplateMap
[2025.05.25-09.03.31:449][327]LogWorld: UWorld::CleanupWorld for VRTemplateMap, bSessionEnded=true, bCleanupResources=true
[2025.05.25-09.03.31:449][327]LogSlate: InvalidateAllWidgets triggered.  All widgets were invalidated
[2025.05.25-09.03.31:469][327]LogPlayLevel: Display: Shutting down PIE online subsystems
[2025.05.25-09.03.31:476][327]LogSlate: InvalidateAllWidgets triggered.  All widgets were invalidated
[2025.05.25-09.03.31:497][327]LogAudio: Display: Audio Device unregistered from world 'None'.
[2025.05.25-09.03.31:498][327]LogResonanceAudio: Display: Resonance Audio Listener is shutdown
[2025.05.25-09.03.31:498][327]LogAudioMixer: FMixerPlatformXAudio2::StopAudioStream() called
[2025.05.25-09.03.31:499][327]LogAudioMixer: FMixerPlatformXAudio2::StopAudioStream() called
[2025.05.25-09.03.31:503][327]LogSlate: Updating window title bar state: overlay mode, drag disabled, window buttons hidden, title bar hidden
[2025.05.25-09.03.31:506][327]LogUObjectHash: Compacting FUObjectHashTables data took   1.75ms
[2025.05.25-09.03.31:534][328]LogPlayLevel: Display: Destroying online subsystem :Context_13
[2025.05.25-09.04.14:437][900]BlueprintLog: New page: Compile BP_test_menu_2
[2025.05.25-09.04.14:493][900]LogUObjectHash: Compacting FUObjectHashTables data took   1.61ms
[2025.05.25-09.04.14:870][917]Cmd: OBJ SAVEPACKAGE PACKAGE="/Game/Andrey/Menu/BP_test_menu_2" FILE="../../../../../../Users/AlisaDI/Documents/MephiTasks/UnrealProject/Content/Andrey/Menu/BP_test_menu_2.uasset" SILENT=true
[2025.05.25-09.04.14:911][917]LogSavePackage: Moving '../../../../../../Users/AlisaDI/Documents/MephiTasks/UnrealProject/Saved/BP_test_menu_2C67FA5BB444F6542922306B3BDD3C825.tmp' to '../../../../../../Users/AlisaDI/Documents/MephiTasks/UnrealProject/Content/Andrey/Menu/BP_test_menu_2.uasset'
[2025.05.25-09.04.14:927][917]AssetCheck: New page: Asset Save: BP_test_menu_2
[2025.05.25-09.04.14:928][917]LogContentValidation: Display: Validating Blueprint /Game/Andrey/Menu/BP_test_menu_2.BP_test_menu_2
[2025.05.25-09.04.17:172][ 52]LogTemp: Repeating last play command: Simulate
[2025.05.25-09.04.17:176][ 52]LogPlayLevel: PlayLevel: No blueprints needed recompiling
[2025.05.25-09.04.17:176][ 52]PIE: New page: SIE session: VRTemplateMap (25 мая 2025 г., 15:04:17)
[2025.05.25-09.04.17:176][ 52]LogPlayLevel: Creating play world package: /Game/VRTemplate/Maps/UEDPIE_0_VRTemplateMap
[2025.05.25-09.04.17:180][ 52]LogPlayLevel: PIE: StaticDuplicateObject took: (0.004049s)
[2025.05.25-09.04.17:181][ 52]LogAIModule: Creating AISystem for world VRTemplateMap
[2025.05.25-09.04.17:181][ 52]LogPlayLevel: PIE: World Init took: (0.000915s)
[2025.05.25-09.04.17:181][ 52]LogPlayLevel: PIE: Created PIE world by copying editor world from /Game/VRTemplate/Maps/VRTemplateMap.VRTemplateMap to /Game/VRTemplate/Maps/UEDPIE_0_VRTemplateMap.VRTemplateMap (0.005083s)
[2025.05.25-09.04.17:204][ 52]LogUObjectHash: Compacting FUObjectHashTables data took   1.96ms
[2025.05.25-09.04.17:205][ 52]LogAudio: Display: Creating Audio Device:                 Id: 11, Scope: Unique, Realtime: True
[2025.05.25-09.04.17:205][ 52]LogAudioMixer: Display: Audio Mixer Platform Settings:
[2025.05.25-09.04.17:205][ 52]LogAudioMixer: Display: 	Sample Rate:						  48000
[2025.05.25-09.04.17:205][ 52]LogAudioMixer: Display: 	Callback Buffer Frame Size Requested: 1024
[2025.05.25-09.04.17:205][ 52]LogAudioMixer: Display: 	Callback Buffer Frame Size To Use:	  1024
[2025.05.25-09.04.17:205][ 52]LogAudioMixer: Display: 	Number of buffers to queue:			  1
[2025.05.25-09.04.17:205][ 52]LogAudioMixer: Display: 	Max Channels (voices):				  0
[2025.05.25-09.04.17:205][ 52]LogAudioMixer: Display: 	Number of Async Source Workers:		  4
[2025.05.25-09.04.17:205][ 52]LogAudio: Display: AudioDevice MaxSources: 32
[2025.05.25-09.04.17:205][ 52]LogAudio: Display: Audio Spatialization Plugin: Resonance Audio is external send: 1
[2025.05.25-09.04.17:205][ 52]LogAudio: Display: Audio Reverb Plugin: Resonance Audio
[2025.05.25-09.04.17:205][ 52]LogAudio: Display: Audio Occlusion Plugin: None (built-in).
[2025.05.25-09.04.17:205][ 52]LogAudioMixer: Display: Initializing audio mixer.
[2025.05.25-09.04.17:208][ 52]LogAudioMixer: Display: 0: FrontLeft
[2025.05.25-09.04.17:208][ 52]LogAudioMixer: Display: 1: FrontRight
[2025.05.25-09.04.17:241][ 52]LogAudioMixer: Display: Using Audio Device Динамики (Realtek(R) Audio)
[2025.05.25-09.04.17:241][ 52]LogAudioMixer: Display: Initializing Sound Submixes...
[2025.05.25-09.04.17:242][ 52]LogAudioMixer: Display: Creating Master Submix 'MasterSubmixDefault'
[2025.05.25-09.04.17:242][ 52]LogAudioMixer: Display: Creating Master Submix 'MasterReverbSubmixDefault'
[2025.05.25-09.04.17:242][ 52]LogAudioMixer: Display: Creating Master Submix 'MasterEQSubmixDefault'
[2025.05.25-09.04.17:242][ 52]LogAudioMixer: FMixerPlatformXAudio2::StartAudioStream() called
[2025.05.25-09.04.17:242][ 52]LogAudioMixer: Display: Output buffers initialized: Frames=1024, Channels=2, Samples=2048
[2025.05.25-09.04.17:243][ 52]LogAudioMixer: Display: Starting AudioMixerPlatformInterface::RunInternal()
[2025.05.25-09.04.17:243][ 52]LogAudioMixer: Display: FMixerPlatformXAudio2::SubmitBuffer() called for the first time
[2025.05.25-09.04.17:243][ 52]LogInit: FAudioDevice initialized.
[2025.05.25-09.04.17:243][ 52]LogAudio: Display: Audio Device (ID: 11) registered with world 'VRTemplateMap'.
[2025.05.25-09.04.17:250][ 52]LogLoad: Game class is 'VRGameMode_C'
[2025.05.25-09.04.17:252][ 52]LogWorld: Bringing World /Game/VRTemplate/Maps/UEDPIE_0_VRTemplateMap.VRTemplateMap up for play (max tick rate 60) at 2025.05.25-12.04.17
[2025.05.25-09.04.17:252][ 52]LogWorld: Bringing up level for play took: 0.001276
[2025.05.25-09.04.17:252][ 52]LogOnline: OSS: Creating online subsystem instance for: :Context_14
[2025.05.25-09.04.17:253][ 52]LogSpawn: Warning: SpawnActor failed because no class was specified
[2025.05.25-09.04.17:255][ 52]PIE: Server logged in
[2025.05.25-09.04.17:255][ 52]PIE: Play in editor total start time 0,08 seconds.
[2025.05.25-09.04.17:270][ 52]LogResonanceAudio: Display: Resonance Audio Listener is initialized
[2025.05.25-09.04.22:899][387]LogSlate: Updating window title bar state: overlay mode, drag disabled, window buttons hidden, title bar hidden
[2025.05.25-09.04.22:899][387]LogWorld: BeginTearingDown for /Game/VRTemplate/Maps/UEDPIE_0_VRTemplateMap
[2025.05.25-09.04.22:900][387]LogWorld: UWorld::CleanupWorld for VRTemplateMap, bSessionEnded=true, bCleanupResources=true
[2025.05.25-09.04.22:900][387]LogSlate: InvalidateAllWidgets triggered.  All widgets were invalidated
[2025.05.25-09.04.22:917][387]LogPlayLevel: Display: Shutting down PIE online subsystems
[2025.05.25-09.04.22:924][387]LogSlate: InvalidateAllWidgets triggered.  All widgets were invalidated
[2025.05.25-09.04.22:944][387]LogAudio: Display: Audio Device unregistered from world 'None'.
[2025.05.25-09.04.22:944][387]LogResonanceAudio: Display: Resonance Audio Listener is shutdown
[2025.05.25-09.04.22:945][387]LogAudioMixer: FMixerPlatformXAudio2::StopAudioStream() called
[2025.05.25-09.04.22:946][387]LogAudioMixer: FMixerPlatformXAudio2::StopAudioStream() called
[2025.05.25-09.04.22:950][387]LogSlate: Updating window title bar state: overlay mode, drag disabled, window buttons hidden, title bar hidden
[2025.05.25-09.04.22:952][387]LogUObjectHash: Compacting FUObjectHashTables data took   1.53ms
[2025.05.25-09.04.22:978][388]LogPlayLevel: Display: Destroying online subsystem :Context_14
[2025.05.25-09.04.44:540][680]BlueprintLog: New page: Compile BP_test_menu_2
[2025.05.25-09.04.44:604][680]LogUObjectHash: Compacting FUObjectHashTables data took   2.05ms
[2025.05.25-09.04.44:983][697]Cmd: OBJ SAVEPACKAGE PACKAGE="/Game/Andrey/Menu/BP_test_menu_2" FILE="../../../../../../Users/AlisaDI/Documents/MephiTasks/UnrealProject/Content/Andrey/Menu/BP_test_menu_2.uasset" SILENT=true
[2025.05.25-09.04.45:024][697]LogSavePackage: Moving '../../../../../../Users/AlisaDI/Documents/MephiTasks/UnrealProject/Saved/BP_test_menu_2AB9DFE1D457FA0888349A28E8A7A9934.tmp' to '../../../../../../Users/AlisaDI/Documents/MephiTasks/UnrealProject/Content/Andrey/Menu/BP_test_menu_2.uasset'
[2025.05.25-09.04.45:042][697]AssetCheck: New page: Asset Save: BP_test_menu_2
[2025.05.25-09.04.45:042][697]LogContentValidation: Display: Validating Blueprint /Game/Andrey/Menu/BP_test_menu_2.BP_test_menu_2
[2025.05.25-09.04.46:296][772]LogTemp: Repeating last play command: Simulate
[2025.05.25-09.04.46:300][772]LogPlayLevel: PlayLevel: No blueprints needed recompiling
[2025.05.25-09.04.46:300][772]PIE: New page: SIE session: VRTemplateMap (25 мая 2025 г., 15:04:46)
[2025.05.25-09.04.46:300][772]LogPlayLevel: Creating play world package: /Game/VRTemplate/Maps/UEDPIE_0_VRTemplateMap
[2025.05.25-09.04.46:304][772]LogPlayLevel: PIE: StaticDuplicateObject took: (0.003946s)
[2025.05.25-09.04.46:305][772]LogAIModule: Creating AISystem for world VRTemplateMap
[2025.05.25-09.04.46:305][772]LogPlayLevel: PIE: World Init took: (0.000947s)
[2025.05.25-09.04.46:305][772]LogPlayLevel: PIE: Created PIE world by copying editor world from /Game/VRTemplate/Maps/VRTemplateMap.VRTemplateMap to /Game/VRTemplate/Maps/UEDPIE_0_VRTemplateMap.VRTemplateMap (0.004997s)
[2025.05.25-09.04.46:329][772]LogUObjectHash: Compacting FUObjectHashTables data took   2.38ms
[2025.05.25-09.04.46:329][772]LogAudio: Display: Creating Audio Device:                 Id: 12, Scope: Unique, Realtime: True
[2025.05.25-09.04.46:329][772]LogAudioMixer: Display: Audio Mixer Platform Settings:
[2025.05.25-09.04.46:329][772]LogAudioMixer: Display: 	Sample Rate:						  48000
[2025.05.25-09.04.46:329][772]LogAudioMixer: Display: 	Callback Buffer Frame Size Requested: 1024
[2025.05.25-09.04.46:330][772]LogAudioMixer: Display: 	Callback Buffer Frame Size To Use:	  1024
[2025.05.25-09.04.46:330][772]LogAudioMixer: Display: 	Number of buffers to queue:			  1
[2025.05.25-09.04.46:330][772]LogAudioMixer: Display: 	Max Channels (voices):				  0
[2025.05.25-09.04.46:330][772]LogAudioMixer: Display: 	Number of Async Source Workers:		  4
[2025.05.25-09.04.46:330][772]LogAudio: Display: AudioDevice MaxSources: 32
[2025.05.25-09.04.46:330][772]LogAudio: Display: Audio Spatialization Plugin: Resonance Audio is external send: 1
[2025.05.25-09.04.46:330][772]LogAudio: Display: Audio Reverb Plugin: Resonance Audio
[2025.05.25-09.04.46:330][772]LogAudio: Display: Audio Occlusion Plugin: None (built-in).
[2025.05.25-09.04.46:330][772]LogAudioMixer: Display: Initializing audio mixer.
[2025.05.25-09.04.46:333][772]LogAudioMixer: Display: 0: FrontLeft
[2025.05.25-09.04.46:333][772]LogAudioMixer: Display: 1: FrontRight
[2025.05.25-09.04.46:383][772]LogAudioMixer: Display: Using Audio Device Динамики (Realtek(R) Audio)
[2025.05.25-09.04.46:384][772]LogAudioMixer: Display: Initializing Sound Submixes...
[2025.05.25-09.04.46:384][772]LogAudioMixer: Display: Creating Master Submix 'MasterSubmixDefault'
[2025.05.25-09.04.46:384][772]LogAudioMixer: Display: Creating Master Submix 'MasterReverbSubmixDefault'
[2025.05.25-09.04.46:384][772]LogAudioMixer: Display: Creating Master Submix 'MasterEQSubmixDefault'
[2025.05.25-09.04.46:384][772]LogAudioMixer: FMixerPlatformXAudio2::StartAudioStream() called
[2025.05.25-09.04.46:384][772]LogAudioMixer: Display: Output buffers initialized: Frames=1024, Channels=2, Samples=2048
[2025.05.25-09.04.46:385][772]LogAudioMixer: Display: Starting AudioMixerPlatformInterface::RunInternal()
[2025.05.25-09.04.46:385][772]LogAudioMixer: Display: FMixerPlatformXAudio2::SubmitBuffer() called for the first time
[2025.05.25-09.04.46:385][772]LogInit: FAudioDevice initialized.
[2025.05.25-09.04.46:385][772]LogAudio: Display: Audio Device (ID: 12) registered with world 'VRTemplateMap'.
[2025.05.25-09.04.46:395][772]LogLoad: Game class is 'VRGameMode_C'
[2025.05.25-09.04.46:397][772]LogWorld: Bringing World /Game/VRTemplate/Maps/UEDPIE_0_VRTemplateMap.VRTemplateMap up for play (max tick rate 60) at 2025.05.25-12.04.46
[2025.05.25-09.04.46:397][772]LogWorld: Bringing up level for play took: 0.001247
[2025.05.25-09.04.46:397][772]LogOnline: OSS: Creating online subsystem instance for: :Context_15
[2025.05.25-09.04.46:398][772]LogSpawn: Warning: SpawnActor failed because no class was specified
[2025.05.25-09.04.46:400][772]LogPhysics: Warning: Scale for /Game/VRTemplate/Maps/UEDPIE_0_VRTemplateMap.VRTemplateMap:PersistentLevel.BP_Motor_Holder_C_0.Motor_Holder has a component set to zero, which will result in a bad body instance. Scale:X=0.000 Y=0.000 Z=0.000
[2025.05.25-09.04.46:400][772]LogPhysics: Warning: Initialising Body : Scale3D is (nearly) zero: Component: '/Game/VRTemplate/Maps/UEDPIE_0_VRTemplateMap.VRTemplateMap:PersistentLevel.BP_Motor_Holder_C_0.Motor_Holder' 
[2025.05.25-09.04.46:400][772]PIE: Server logged in
[2025.05.25-09.04.46:401][772]PIE: Play in editor total start time 0,101 seconds.
[2025.05.25-09.04.46:414][772]LogResonanceAudio: Display: Resonance Audio Listener is initialized
[2025.05.25-09.04.50:929][ 40]LogSlate: Updating window title bar state: overlay mode, drag disabled, window buttons hidden, title bar hidden
[2025.05.25-09.04.50:929][ 40]LogWorld: BeginTearingDown for /Game/VRTemplate/Maps/UEDPIE_0_VRTemplateMap
[2025.05.25-09.04.50:930][ 40]LogWorld: UWorld::CleanupWorld for VRTemplateMap, bSessionEnded=true, bCleanupResources=true
[2025.05.25-09.04.50:930][ 40]LogSlate: InvalidateAllWidgets triggered.  All widgets were invalidated
[2025.05.25-09.04.50:947][ 40]LogPlayLevel: Display: Shutting down PIE online subsystems
[2025.05.25-09.04.50:954][ 40]LogSlate: InvalidateAllWidgets triggered.  All widgets were invalidated
[2025.05.25-09.04.50:974][ 40]LogAudio: Display: Audio Device unregistered from world 'None'.
[2025.05.25-09.04.50:975][ 40]LogResonanceAudio: Display: Resonance Audio Listener is shutdown
[2025.05.25-09.04.50:975][ 40]LogAudioMixer: FMixerPlatformXAudio2::StopAudioStream() called
[2025.05.25-09.04.50:976][ 40]LogAudioMixer: FMixerPlatformXAudio2::StopAudioStream() called
[2025.05.25-09.04.50:979][ 40]LogSlate: Updating window title bar state: overlay mode, drag disabled, window buttons hidden, title bar hidden
[2025.05.25-09.04.50:982][ 40]LogUObjectHash: Compacting FUObjectHashTables data took   1.49ms
[2025.05.25-09.04.51:007][ 41]LogPlayLevel: Display: Destroying online subsystem :Context_15
[2025.05.25-09.05.07:636][ 37]BlueprintLog: New page: Compile BP_test_menu_2
[2025.05.25-09.05.07:693][ 37]LogUObjectHash: Compacting FUObjectHashTables data took   2.07ms
[2025.05.25-09.05.08:050][ 53]Cmd: OBJ SAVEPACKAGE PACKAGE="/Game/Andrey/Menu/BP_test_menu_2" FILE="../../../../../../Users/AlisaDI/Documents/MephiTasks/UnrealProject/Content/Andrey/Menu/BP_test_menu_2.uasset" SILENT=true
[2025.05.25-09.05.08:091][ 53]LogSavePackage: Moving '../../../../../../Users/AlisaDI/Documents/MephiTasks/UnrealProject/Saved/BP_test_menu_23E1B39184FF4265AB6156BAEE05CB271.tmp' to '../../../../../../Users/AlisaDI/Documents/MephiTasks/UnrealProject/Content/Andrey/Menu/BP_test_menu_2.uasset'
[2025.05.25-09.05.08:106][ 53]AssetCheck: New page: Asset Save: BP_test_menu_2
[2025.05.25-09.05.08:107][ 53]LogContentValidation: Display: Validating Blueprint /Game/Andrey/Menu/BP_test_menu_2.BP_test_menu_2
[2025.05.25-09.05.09:313][125]LogTemp: Repeating last play command: Simulate
[2025.05.25-09.05.09:318][125]LogPlayLevel: PlayLevel: No blueprints needed recompiling
[2025.05.25-09.05.09:318][125]PIE: New page: SIE session: VRTemplateMap (25 мая 2025 г., 15:05:09)
[2025.05.25-09.05.09:319][125]LogPlayLevel: Creating play world package: /Game/VRTemplate/Maps/UEDPIE_0_VRTemplateMap
[2025.05.25-09.05.09:323][125]LogPlayLevel: PIE: StaticDuplicateObject took: (0.004565s)
[2025.05.25-09.05.09:324][125]LogAIModule: Creating AISystem for world VRTemplateMap
[2025.05.25-09.05.09:324][125]LogPlayLevel: PIE: World Init took: (0.001077s)
[2025.05.25-09.05.09:324][125]LogPlayLevel: PIE: Created PIE world by copying editor world from /Game/VRTemplate/Maps/VRTemplateMap.VRTemplateMap to /Game/VRTemplate/Maps/UEDPIE_0_VRTemplateMap.VRTemplateMap (0.005794s)
[2025.05.25-09.05.09:349][125]LogUObjectHash: Compacting FUObjectHashTables data took   2.30ms
[2025.05.25-09.05.09:350][125]LogAudio: Display: Creating Audio Device:                 Id: 13, Scope: Unique, Realtime: True
[2025.05.25-09.05.09:350][125]LogAudioMixer: Display: Audio Mixer Platform Settings:
[2025.05.25-09.05.09:350][125]LogAudioMixer: Display: 	Sample Rate:						  48000
[2025.05.25-09.05.09:350][125]LogAudioMixer: Display: 	Callback Buffer Frame Size Requested: 1024
[2025.05.25-09.05.09:350][125]LogAudioMixer: Display: 	Callback Buffer Frame Size To Use:	  1024
[2025.05.25-09.05.09:350][125]LogAudioMixer: Display: 	Number of buffers to queue:			  1
[2025.05.25-09.05.09:350][125]LogAudioMixer: Display: 	Max Channels (voices):				  0
[2025.05.25-09.05.09:350][125]LogAudioMixer: Display: 	Number of Async Source Workers:		  4
[2025.05.25-09.05.09:350][125]LogAudio: Display: AudioDevice MaxSources: 32
[2025.05.25-09.05.09:350][125]LogAudio: Display: Audio Spatialization Plugin: Resonance Audio is external send: 1
[2025.05.25-09.05.09:350][125]LogAudio: Display: Audio Reverb Plugin: Resonance Audio
[2025.05.25-09.05.09:350][125]LogAudio: Display: Audio Occlusion Plugin: None (built-in).
[2025.05.25-09.05.09:350][125]LogAudioMixer: Display: Initializing audio mixer.
[2025.05.25-09.05.09:354][125]LogAudioMixer: Display: 0: FrontLeft
[2025.05.25-09.05.09:354][125]LogAudioMixer: Display: 1: FrontRight
[2025.05.25-09.05.09:383][125]LogAudioMixer: Display: Using Audio Device Динамики (Realtek(R) Audio)
[2025.05.25-09.05.09:384][125]LogAudioMixer: Display: Initializing Sound Submixes...
[2025.05.25-09.05.09:384][125]LogAudioMixer: Display: Creating Master Submix 'MasterSubmixDefault'
[2025.05.25-09.05.09:384][125]LogAudioMixer: Display: Creating Master Submix 'MasterReverbSubmixDefault'
[2025.05.25-09.05.09:384][125]LogAudioMixer: Display: Creating Master Submix 'MasterEQSubmixDefault'
[2025.05.25-09.05.09:384][125]LogAudioMixer: FMixerPlatformXAudio2::StartAudioStream() called
[2025.05.25-09.05.09:384][125]LogAudioMixer: Display: Output buffers initialized: Frames=1024, Channels=2, Samples=2048
[2025.05.25-09.05.09:385][125]LogAudioMixer: Display: Starting AudioMixerPlatformInterface::RunInternal()
[2025.05.25-09.05.09:385][125]LogAudioMixer: Display: FMixerPlatformXAudio2::SubmitBuffer() called for the first time
[2025.05.25-09.05.09:385][125]LogInit: FAudioDevice initialized.
[2025.05.25-09.05.09:385][125]LogAudio: Display: Audio Device (ID: 13) registered with world 'VRTemplateMap'.
[2025.05.25-09.05.09:392][125]LogLoad: Game class is 'VRGameMode_C'
[2025.05.25-09.05.09:394][125]LogWorld: Bringing World /Game/VRTemplate/Maps/UEDPIE_0_VRTemplateMap.VRTemplateMap up for play (max tick rate 60) at 2025.05.25-12.05.09
[2025.05.25-09.05.09:394][125]LogWorld: Bringing up level for play took: 0.001243
[2025.05.25-09.05.09:394][125]LogOnline: OSS: Creating online subsystem instance for: :Context_16
[2025.05.25-09.05.09:395][125]LogSpawn: Warning: SpawnActor failed because no class was specified
[2025.05.25-09.05.09:397][125]PIE: Server logged in
[2025.05.25-09.05.09:398][125]PIE: Play in editor total start time 0,08 seconds.
[2025.05.25-09.05.09:411][125]LogResonanceAudio: Display: Resonance Audio Listener is initialized
[2025.05.25-09.05.15:030][462]LogSlate: Updating window title bar state: overlay mode, drag disabled, window buttons hidden, title bar hidden
[2025.05.25-09.05.15:030][462]LogWorld: BeginTearingDown for /Game/VRTemplate/Maps/UEDPIE_0_VRTemplateMap
[2025.05.25-09.05.15:031][462]LogWorld: UWorld::CleanupWorld for VRTemplateMap, bSessionEnded=true, bCleanupResources=true
[2025.05.25-09.05.15:031][462]LogSlate: InvalidateAllWidgets triggered.  All widgets were invalidated
[2025.05.25-09.05.15:047][462]LogPlayLevel: Display: Shutting down PIE online subsystems
[2025.05.25-09.05.15:054][462]LogSlate: InvalidateAllWidgets triggered.  All widgets were invalidated
[2025.05.25-09.05.15:074][462]LogAudio: Display: Audio Device unregistered from world 'None'.
[2025.05.25-09.05.15:074][462]LogResonanceAudio: Display: Resonance Audio Listener is shutdown
[2025.05.25-09.05.15:074][462]LogAudioMixer: FMixerPlatformXAudio2::StopAudioStream() called
[2025.05.25-09.05.15:076][462]LogAudioMixer: FMixerPlatformXAudio2::StopAudioStream() called
[2025.05.25-09.05.15:079][462]LogSlate: Updating window title bar state: overlay mode, drag disabled, window buttons hidden, title bar hidden
[2025.05.25-09.05.15:081][462]LogUObjectHash: Compacting FUObjectHashTables data took   1.41ms
[2025.05.25-09.05.15:135][463]LogPlayLevel: Display: Destroying online subsystem :Context_16
[2025.05.25-09.05.41:890][ 57]BlueprintLog: New page: Compile BP_test_menu_2
[2025.05.25-09.05.41:948][ 57]LogUObjectHash: Compacting FUObjectHashTables data took   1.74ms
[2025.05.25-09.05.42:808][103]Cmd: OBJ SAVEPACKAGE PACKAGE="/Game/Andrey/Menu/BP_test_menu_2" FILE="../../../../../../Users/AlisaDI/Documents/MephiTasks/UnrealProject/Content/Andrey/Menu/BP_test_menu_2.uasset" SILENT=true
[2025.05.25-09.05.42:849][103]LogSavePackage: Moving '../../../../../../Users/AlisaDI/Documents/MephiTasks/UnrealProject/Saved/BP_test_menu_215CC41234A31DDFBECA87BA8F657D78F.tmp' to '../../../../../../Users/AlisaDI/Documents/MephiTasks/UnrealProject/Content/Andrey/Menu/BP_test_menu_2.uasset'
[2025.05.25-09.05.42:864][103]AssetCheck: New page: Asset Save: BP_test_menu_2
[2025.05.25-09.05.42:864][103]LogContentValidation: Display: Validating Blueprint /Game/Andrey/Menu/BP_test_menu_2.BP_test_menu_2
[2025.05.25-09.05.44:052][174]LogTemp: Repeating last play command: Simulate
[2025.05.25-09.05.44:056][174]LogPlayLevel: PlayLevel: No blueprints needed recompiling
[2025.05.25-09.05.44:056][174]PIE: New page: SIE session: VRTemplateMap (25 мая 2025 г., 15:05:44)
[2025.05.25-09.05.44:056][174]LogPlayLevel: Creating play world package: /Game/VRTemplate/Maps/UEDPIE_0_VRTemplateMap
[2025.05.25-09.05.44:060][174]LogPlayLevel: PIE: StaticDuplicateObject took: (0.003896s)
[2025.05.25-09.05.44:061][174]LogAIModule: Creating AISystem for world VRTemplateMap
[2025.05.25-09.05.44:061][174]LogPlayLevel: PIE: World Init took: (0.000968s)
[2025.05.25-09.05.44:061][174]LogPlayLevel: PIE: Created PIE world by copying editor world from /Game/VRTemplate/Maps/VRTemplateMap.VRTemplateMap to /Game/VRTemplate/Maps/UEDPIE_0_VRTemplateMap.VRTemplateMap (0.004989s)
[2025.05.25-09.05.44:086][174]LogUObjectHash: Compacting FUObjectHashTables data took   2.32ms
[2025.05.25-09.05.44:087][174]LogAudio: Display: Creating Audio Device:                 Id: 14, Scope: Unique, Realtime: True
[2025.05.25-09.05.44:087][174]LogAudioMixer: Display: Audio Mixer Platform Settings:
[2025.05.25-09.05.44:087][174]LogAudioMixer: Display: 	Sample Rate:						  48000
[2025.05.25-09.05.44:087][174]LogAudioMixer: Display: 	Callback Buffer Frame Size Requested: 1024
[2025.05.25-09.05.44:087][174]LogAudioMixer: Display: 	Callback Buffer Frame Size To Use:	  1024
[2025.05.25-09.05.44:087][174]LogAudioMixer: Display: 	Number of buffers to queue:			  1
[2025.05.25-09.05.44:087][174]LogAudioMixer: Display: 	Max Channels (voices):				  0
[2025.05.25-09.05.44:087][174]LogAudioMixer: Display: 	Number of Async Source Workers:		  4
[2025.05.25-09.05.44:087][174]LogAudio: Display: AudioDevice MaxSources: 32
[2025.05.25-09.05.44:087][174]LogAudio: Display: Audio Spatialization Plugin: Resonance Audio is external send: 1
[2025.05.25-09.05.44:088][174]LogAudio: Display: Audio Reverb Plugin: Resonance Audio
[2025.05.25-09.05.44:088][174]LogAudio: Display: Audio Occlusion Plugin: None (built-in).
[2025.05.25-09.05.44:088][174]LogAudioMixer: Display: Initializing audio mixer.
[2025.05.25-09.05.44:091][174]LogAudioMixer: Display: 0: FrontLeft
[2025.05.25-09.05.44:091][174]LogAudioMixer: Display: 1: FrontRight
[2025.05.25-09.05.44:127][174]LogAudioMixer: Display: Using Audio Device Динамики (Realtek(R) Audio)
[2025.05.25-09.05.44:127][174]LogAudioMixer: Display: Initializing Sound Submixes...
[2025.05.25-09.05.44:127][174]LogAudioMixer: Display: Creating Master Submix 'MasterSubmixDefault'
[2025.05.25-09.05.44:127][174]LogAudioMixer: Display: Creating Master Submix 'MasterReverbSubmixDefault'
[2025.05.25-09.05.44:127][174]LogAudioMixer: Display: Creating Master Submix 'MasterEQSubmixDefault'
[2025.05.25-09.05.44:127][174]LogAudioMixer: FMixerPlatformXAudio2::StartAudioStream() called
[2025.05.25-09.05.44:127][174]LogAudioMixer: Display: Output buffers initialized: Frames=1024, Channels=2, Samples=2048
[2025.05.25-09.05.44:128][174]LogAudioMixer: Display: Starting AudioMixerPlatformInterface::RunInternal()
[2025.05.25-09.05.44:128][174]LogAudioMixer: Display: FMixerPlatformXAudio2::SubmitBuffer() called for the first time
[2025.05.25-09.05.44:128][174]LogInit: FAudioDevice initialized.
[2025.05.25-09.05.44:128][174]LogAudio: Display: Audio Device (ID: 14) registered with world 'VRTemplateMap'.
[2025.05.25-09.05.44:136][174]LogLoad: Game class is 'VRGameMode_C'
[2025.05.25-09.05.44:139][174]LogWorld: Bringing World /Game/VRTemplate/Maps/UEDPIE_0_VRTemplateMap.VRTemplateMap up for play (max tick rate 60) at 2025.05.25-12.05.44
[2025.05.25-09.05.44:139][174]LogWorld: Bringing up level for play took: 0.001195
[2025.05.25-09.05.44:139][174]LogOnline: OSS: Creating online subsystem instance for: :Context_17
[2025.05.25-09.05.44:140][174]LogSpawn: Warning: SpawnActor failed because no class was specified
[2025.05.25-09.05.44:142][174]PIE: Server logged in
[2025.05.25-09.05.44:142][174]PIE: Play in editor total start time 0,086 seconds.
[2025.05.25-09.05.44:155][174]LogResonanceAudio: Display: Resonance Audio Listener is initialized
[2025.05.25-09.05.50:529][554]LogSlate: Updating window title bar state: overlay mode, drag disabled, window buttons hidden, title bar hidden
[2025.05.25-09.05.50:529][554]LogWorld: BeginTearingDown for /Game/VRTemplate/Maps/UEDPIE_0_VRTemplateMap
[2025.05.25-09.05.50:529][554]LogWorld: UWorld::CleanupWorld for VRTemplateMap, bSessionEnded=true, bCleanupResources=true
[2025.05.25-09.05.50:530][554]LogSlate: InvalidateAllWidgets triggered.  All widgets were invalidated
[2025.05.25-09.05.50:548][554]LogPlayLevel: Display: Shutting down PIE online subsystems
[2025.05.25-09.05.50:555][554]LogSlate: InvalidateAllWidgets triggered.  All widgets were invalidated
[2025.05.25-09.05.50:574][554]LogAudio: Display: Audio Device unregistered from world 'None'.
[2025.05.25-09.05.50:575][554]LogResonanceAudio: Display: Resonance Audio Listener is shutdown
[2025.05.25-09.05.50:575][554]LogAudioMixer: FMixerPlatformXAudio2::StopAudioStream() called
[2025.05.25-09.05.50:576][554]LogAudioMixer: FMixerPlatformXAudio2::StopAudioStream() called
[2025.05.25-09.05.50:580][554]LogSlate: Updating window title bar state: overlay mode, drag disabled, window buttons hidden, title bar hidden
[2025.05.25-09.05.50:583][554]LogUObjectHash: Compacting FUObjectHashTables data took   1.46ms
[2025.05.25-09.05.50:606][555]LogPlayLevel: Display: Destroying online subsystem :Context_17
[2025.05.25-09.06.44:457][813]LogWindowsTextInputMethodSystem: Display: IME system deactivated.
[2025.05.25-09.06.44:457][813]LogWindowsTextInputMethodSystem: Display: IME system deactivated.
[2025.05.25-09.06.51:074][191]LogUObjectHash: Compacting FUObjectHashTables data took   1.56ms
[2025.05.25-09.06.51:087][191]LogSavePackage: Moving '../../../../../../Users/AlisaDI/Documents/MephiTasks/UnrealProject/Saved/VRTemplateMap_Auto2243D26F74C1873211A2157918B9B4C38.tmp' to '../../../../../../Users/AlisaDI/Documents/MephiTasks/UnrealProject/Saved/Autosaves/Game/VRTemplate/Maps/VRTemplateMap_Auto2.umap'
[2025.05.25-09.06.51:088][191]LogFileHelpers: Editor autosave (incl. external actors) for '/Game/VRTemplate/Maps/VRTemplateMap' took 0.037
[2025.05.25-09.06.51:089][191]LogFileHelpers: Editor autosave (incl. sublevels & external actors) for all levels took 0.037
[2025.05.25-09.06.51:089][191]OBJ SavePackage: Generating thumbnails for [1] asset(s) in package [/Game/Andrey/Menu/BP_test_menu_2] ([4] browsable assets)...
[2025.05.25-09.06.51:089][191]OBJ SavePackage: Finished generating thumbnails for package [/Game/Andrey/Menu/BP_test_menu_2]
[2025.05.25-09.06.51:130][191]LogSavePackage: Moving '../../../../../../Users/AlisaDI/Documents/MephiTasks/UnrealProject/Saved/BP_test_menu_2_Auto2097DE12047FB8054978CD7B3101713F3.tmp' to '../../../../../../Users/AlisaDI/Documents/MephiTasks/UnrealProject/Saved/Autosaves/Game/Andrey/Menu/BP_test_menu_2_Auto2.uasset'
[2025.05.25-09.06.51:131][191]LogFileHelpers: Auto-saving content packages took 0.042
[2025.05.25-09.07.33:042][701]BlueprintLog: New page: Compile BP_test_menu_2
[2025.05.25-09.07.33:101][701]LogUObjectHash: Compacting FUObjectHashTables data took   2.08ms
[2025.05.25-09.07.33:532][721]Cmd: OBJ SAVEPACKAGE PACKAGE="/Game/Andrey/Menu/BP_test_menu_2" FILE="../../../../../../Users/AlisaDI/Documents/MephiTasks/UnrealProject/Content/Andrey/Menu/BP_test_menu_2.uasset" SILENT=true
[2025.05.25-09.07.33:574][721]LogSavePackage: Moving '../../../../../../Users/AlisaDI/Documents/MephiTasks/UnrealProject/Saved/BP_test_menu_2254306134827F90B4728ECBC6519F429.tmp' to '../../../../../../Users/AlisaDI/Documents/MephiTasks/UnrealProject/Content/Andrey/Menu/BP_test_menu_2.uasset'
[2025.05.25-09.07.33:591][721]AssetCheck: New page: Asset Save: BP_test_menu_2
[2025.05.25-09.07.33:591][721]LogContentValidation: Display: Validating Blueprint /Game/Andrey/Menu/BP_test_menu_2.BP_test_menu_2
[2025.05.25-09.07.35:307][824]LogTemp: Repeating last play command: Simulate
[2025.05.25-09.07.35:311][824]LogPlayLevel: PlayLevel: No blueprints needed recompiling
[2025.05.25-09.07.35:311][824]PIE: New page: SIE session: VRTemplateMap (25 мая 2025 г., 15:07:35)
[2025.05.25-09.07.35:312][824]LogPlayLevel: Creating play world package: /Game/VRTemplate/Maps/UEDPIE_0_VRTemplateMap
[2025.05.25-09.07.35:315][824]LogPlayLevel: PIE: StaticDuplicateObject took: (0.003876s)
[2025.05.25-09.07.35:316][824]LogAIModule: Creating AISystem for world VRTemplateMap
[2025.05.25-09.07.35:316][824]LogPlayLevel: PIE: World Init took: (0.001038s)
[2025.05.25-09.07.35:317][824]LogPlayLevel: PIE: Created PIE world by copying editor world from /Game/VRTemplate/Maps/VRTemplateMap.VRTemplateMap to /Game/VRTemplate/Maps/UEDPIE_0_VRTemplateMap.VRTemplateMap (0.005032s)
[2025.05.25-09.07.35:339][824]LogUObjectHash: Compacting FUObjectHashTables data took   1.95ms
[2025.05.25-09.07.35:340][824]LogAudio: Display: Creating Audio Device:                 Id: 15, Scope: Unique, Realtime: True
[2025.05.25-09.07.35:340][824]LogAudioMixer: Display: Audio Mixer Platform Settings:
[2025.05.25-09.07.35:340][824]LogAudioMixer: Display: 	Sample Rate:						  48000
[2025.05.25-09.07.35:340][824]LogAudioMixer: Display: 	Callback Buffer Frame Size Requested: 1024
[2025.05.25-09.07.35:340][824]LogAudioMixer: Display: 	Callback Buffer Frame Size To Use:	  1024
[2025.05.25-09.07.35:340][824]LogAudioMixer: Display: 	Number of buffers to queue:			  1
[2025.05.25-09.07.35:340][824]LogAudioMixer: Display: 	Max Channels (voices):				  0
[2025.05.25-09.07.35:340][824]LogAudioMixer: Display: 	Number of Async Source Workers:		  4
[2025.05.25-09.07.35:340][824]LogAudio: Display: AudioDevice MaxSources: 32
[2025.05.25-09.07.35:341][824]LogAudio: Display: Audio Spatialization Plugin: Resonance Audio is external send: 1
[2025.05.25-09.07.35:341][824]LogAudio: Display: Audio Reverb Plugin: Resonance Audio
[2025.05.25-09.07.35:341][824]LogAudio: Display: Audio Occlusion Plugin: None (built-in).
[2025.05.25-09.07.35:341][824]LogAudioMixer: Display: Initializing audio mixer.
[2025.05.25-09.07.35:345][824]LogAudioMixer: Display: 0: FrontLeft
[2025.05.25-09.07.35:345][824]LogAudioMixer: Display: 1: FrontRight
[2025.05.25-09.07.35:395][824]LogAudioMixer: Display: Using Audio Device Динамики (Realtek(R) Audio)
[2025.05.25-09.07.35:395][824]LogAudioMixer: Display: Initializing Sound Submixes...
[2025.05.25-09.07.35:395][824]LogAudioMixer: Display: Creating Master Submix 'MasterSubmixDefault'
[2025.05.25-09.07.35:395][824]LogAudioMixer: Display: Creating Master Submix 'MasterReverbSubmixDefault'
[2025.05.25-09.07.35:395][824]LogAudioMixer: Display: Creating Master Submix 'MasterEQSubmixDefault'
[2025.05.25-09.07.35:395][824]LogAudioMixer: FMixerPlatformXAudio2::StartAudioStream() called
[2025.05.25-09.07.35:395][824]LogAudioMixer: Display: Output buffers initialized: Frames=1024, Channels=2, Samples=2048
[2025.05.25-09.07.35:396][824]LogAudioMixer: Display: Starting AudioMixerPlatformInterface::RunInternal()
[2025.05.25-09.07.35:396][824]LogAudioMixer: Display: FMixerPlatformXAudio2::SubmitBuffer() called for the first time
[2025.05.25-09.07.35:396][824]LogInit: FAudioDevice initialized.
[2025.05.25-09.07.35:396][824]LogAudio: Display: Audio Device (ID: 15) registered with world 'VRTemplateMap'.
[2025.05.25-09.07.35:406][824]LogLoad: Game class is 'VRGameMode_C'
[2025.05.25-09.07.35:408][824]LogWorld: Bringing World /Game/VRTemplate/Maps/UEDPIE_0_VRTemplateMap.VRTemplateMap up for play (max tick rate 60) at 2025.05.25-12.07.35
[2025.05.25-09.07.35:409][824]LogWorld: Bringing up level for play took: 0.001394
[2025.05.25-09.07.35:409][824]LogOnline: OSS: Creating online subsystem instance for: :Context_18
[2025.05.25-09.07.35:410][824]LogSpawn: Warning: SpawnActor failed because no class was specified
[2025.05.25-09.07.35:412][824]PIE: Server logged in
[2025.05.25-09.07.35:413][824]PIE: Play in editor total start time 0,102 seconds.
[2025.05.25-09.07.35:429][824]LogResonanceAudio: Display: Resonance Audio Listener is initialized
[2025.05.25-09.07.38:505][  8]LogEditorViewport: Clicking on Actor (LMB): StaticMeshActor (Wall_400x303)
[2025.05.25-09.07.38:589][ 11]LogEditorViewport: Clicking on Component (LMB): StaticMeshComponent (StaticMeshComponent0)
[2025.05.25-09.07.38:774][ 21]LogEditorViewport: Clicking on Component (LMB): StaticMeshComponent (StaticMeshComponent0)
[2025.05.25-09.07.38:846][ 25]LogEditorViewport: Clicking on Actor (double click): StaticMeshActor (Wall_400x303)
[2025.05.25-09.07.39:051][ 36]LogEditorViewport: Clicking on Actor (LMB): StaticMeshActor (Wall_400x303)
[2025.05.25-09.07.39:123][ 40]LogEditorViewport: Clicking on Component (LMB): StaticMeshComponent (StaticMeshComponent0)
[2025.05.25-09.07.51:248][765]LogSlate: Updating window title bar state: overlay mode, drag disabled, window buttons hidden, title bar hidden
[2025.05.25-09.07.51:248][765]LogWorld: BeginTearingDown for /Game/VRTemplate/Maps/UEDPIE_0_VRTemplateMap
[2025.05.25-09.07.51:249][765]LogWorld: UWorld::CleanupWorld for VRTemplateMap, bSessionEnded=true, bCleanupResources=true
[2025.05.25-09.07.51:249][765]LogSlate: InvalidateAllWidgets triggered.  All widgets were invalidated
[2025.05.25-09.07.51:270][765]LogPlayLevel: Display: Shutting down PIE online subsystems
[2025.05.25-09.07.51:285][765]LogSlate: InvalidateAllWidgets triggered.  All widgets were invalidated
[2025.05.25-09.07.51:306][765]LogAudio: Display: Audio Device unregistered from world 'None'.
[2025.05.25-09.07.51:306][765]LogResonanceAudio: Display: Resonance Audio Listener is shutdown
[2025.05.25-09.07.51:306][765]LogAudioMixer: FMixerPlatformXAudio2::StopAudioStream() called
[2025.05.25-09.07.51:308][765]LogAudioMixer: FMixerPlatformXAudio2::StopAudioStream() called
[2025.05.25-09.07.51:312][765]LogSlate: Updating window title bar state: overlay mode, drag disabled, window buttons hidden, title bar hidden
[2025.05.25-09.07.51:314][765]LogUObjectHash: Compacting FUObjectHashTables data took   1.57ms
[2025.05.25-09.07.51:378][766]LogPlayLevel: Display: Destroying online subsystem :Context_18
[2025.05.25-09.07.57:966][161]BlueprintLog: New page: Compile BP_test_menu_2
[2025.05.25-09.07.58:023][161]LogUObjectHash: Compacting FUObjectHashTables data took   2.22ms
[2025.05.25-09.07.58:436][180]Cmd: OBJ SAVEPACKAGE PACKAGE="/Game/Andrey/Menu/BP_test_menu_2" FILE="../../../../../../Users/AlisaDI/Documents/MephiTasks/UnrealProject/Content/Andrey/Menu/BP_test_menu_2.uasset" SILENT=true
[2025.05.25-09.07.58:479][180]LogSavePackage: Moving '../../../../../../Users/AlisaDI/Documents/MephiTasks/UnrealProject/Saved/BP_test_menu_2BC1DC9D845E38F0B09BB48BB6440DB18.tmp' to '../../../../../../Users/AlisaDI/Documents/MephiTasks/UnrealProject/Content/Andrey/Menu/BP_test_menu_2.uasset'
[2025.05.25-09.07.58:494][180]AssetCheck: New page: Asset Save: BP_test_menu_2
[2025.05.25-09.07.58:494][180]LogContentValidation: Display: Validating Blueprint /Game/Andrey/Menu/BP_test_menu_2.BP_test_menu_2
[2025.05.25-09.08.00:718][312]LogTemp: Repeating last play command: Simulate
[2025.05.25-09.08.00:722][312]LogPlayLevel: PlayLevel: No blueprints needed recompiling
[2025.05.25-09.08.00:723][312]PIE: New page: SIE session: VRTemplateMap (25 мая 2025 г., 15:08:00)
[2025.05.25-09.08.00:723][312]LogPlayLevel: Creating play world package: /Game/VRTemplate/Maps/UEDPIE_0_VRTemplateMap
[2025.05.25-09.08.00:727][312]LogPlayLevel: PIE: StaticDuplicateObject took: (0.004447s)
[2025.05.25-09.08.00:728][312]LogAIModule: Creating AISystem for world VRTemplateMap
[2025.05.25-09.08.00:728][312]LogPlayLevel: PIE: World Init took: (0.001139s)
[2025.05.25-09.08.00:728][312]LogPlayLevel: PIE: Created PIE world by copying editor world from /Game/VRTemplate/Maps/VRTemplateMap.VRTemplateMap to /Game/VRTemplate/Maps/UEDPIE_0_VRTemplateMap.VRTemplateMap (0.005722s)
[2025.05.25-09.08.00:752][312]LogUObjectHash: Compacting FUObjectHashTables data took   2.08ms
[2025.05.25-09.08.00:753][312]LogAudio: Display: Creating Audio Device:                 Id: 16, Scope: Unique, Realtime: True
[2025.05.25-09.08.00:753][312]LogAudioMixer: Display: Audio Mixer Platform Settings:
[2025.05.25-09.08.00:753][312]LogAudioMixer: Display: 	Sample Rate:						  48000
[2025.05.25-09.08.00:753][312]LogAudioMixer: Display: 	Callback Buffer Frame Size Requested: 1024
[2025.05.25-09.08.00:753][312]LogAudioMixer: Display: 	Callback Buffer Frame Size To Use:	  1024
[2025.05.25-09.08.00:753][312]LogAudioMixer: Display: 	Number of buffers to queue:			  1
[2025.05.25-09.08.00:753][312]LogAudioMixer: Display: 	Max Channels (voices):				  0
[2025.05.25-09.08.00:753][312]LogAudioMixer: Display: 	Number of Async Source Workers:		  4
[2025.05.25-09.08.00:753][312]LogAudio: Display: AudioDevice MaxSources: 32
[2025.05.25-09.08.00:753][312]LogAudio: Display: Audio Spatialization Plugin: Resonance Audio is external send: 1
[2025.05.25-09.08.00:753][312]LogAudio: Display: Audio Reverb Plugin: Resonance Audio
[2025.05.25-09.08.00:753][312]LogAudio: Display: Audio Occlusion Plugin: None (built-in).
[2025.05.25-09.08.00:753][312]LogAudioMixer: Display: Initializing audio mixer.
[2025.05.25-09.08.00:757][312]LogAudioMixer: Display: 0: FrontLeft
[2025.05.25-09.08.00:757][312]LogAudioMixer: Display: 1: FrontRight
[2025.05.25-09.08.00:789][312]LogAudioMixer: Display: Using Audio Device Динамики (Realtek(R) Audio)
[2025.05.25-09.08.00:789][312]LogAudioMixer: Display: Initializing Sound Submixes...
[2025.05.25-09.08.00:789][312]LogAudioMixer: Display: Creating Master Submix 'MasterSubmixDefault'
[2025.05.25-09.08.00:789][312]LogAudioMixer: Display: Creating Master Submix 'MasterReverbSubmixDefault'
[2025.05.25-09.08.00:790][312]LogAudioMixer: Display: Creating Master Submix 'MasterEQSubmixDefault'
[2025.05.25-09.08.00:790][312]LogAudioMixer: FMixerPlatformXAudio2::StartAudioStream() called
[2025.05.25-09.08.00:790][312]LogAudioMixer: Display: Output buffers initialized: Frames=1024, Channels=2, Samples=2048
[2025.05.25-09.08.00:791][312]LogAudioMixer: Display: Starting AudioMixerPlatformInterface::RunInternal()
[2025.05.25-09.08.00:791][312]LogAudioMixer: Display: FMixerPlatformXAudio2::SubmitBuffer() called for the first time
[2025.05.25-09.08.00:791][312]LogInit: FAudioDevice initialized.
[2025.05.25-09.08.00:791][312]LogAudio: Display: Audio Device (ID: 16) registered with world 'VRTemplateMap'.
[2025.05.25-09.08.00:802][312]LogLoad: Game class is 'VRGameMode_C'
[2025.05.25-09.08.00:803][312]LogWorld: Bringing World /Game/VRTemplate/Maps/UEDPIE_0_VRTemplateMap.VRTemplateMap up for play (max tick rate 60) at 2025.05.25-12.08.00
[2025.05.25-09.08.00:803][312]LogWorld: Bringing up level for play took: 0.001256
[2025.05.25-09.08.00:804][312]LogOnline: OSS: Creating online subsystem instance for: :Context_19
[2025.05.25-09.08.00:805][312]LogSpawn: Warning: SpawnActor failed because no class was specified
[2025.05.25-09.08.00:806][312]PIE: Server logged in
[2025.05.25-09.08.00:806][312]PIE: Play in editor total start time 0,084 seconds.
[2025.05.25-09.08.00:827][312]LogResonanceAudio: Display: Resonance Audio Listener is initialized
[2025.05.25-09.08.20:019][459]LogSlate: Updating window title bar state: overlay mode, drag disabled, window buttons hidden, title bar hidden
[2025.05.25-09.08.20:019][459]LogWorld: BeginTearingDown for /Game/VRTemplate/Maps/UEDPIE_0_VRTemplateMap
[2025.05.25-09.08.20:020][459]LogWorld: UWorld::CleanupWorld for VRTemplateMap, bSessionEnded=true, bCleanupResources=true
[2025.05.25-09.08.20:020][459]LogSlate: InvalidateAllWidgets triggered.  All widgets were invalidated
[2025.05.25-09.08.20:046][459]LogPlayLevel: Display: Shutting down PIE online subsystems
[2025.05.25-09.08.20:060][459]LogSlate: InvalidateAllWidgets triggered.  All widgets were invalidated
[2025.05.25-09.08.20:081][459]LogAudio: Display: Audio Device unregistered from world 'None'.
[2025.05.25-09.08.20:081][459]LogResonanceAudio: Display: Resonance Audio Listener is shutdown
[2025.05.25-09.08.20:081][459]LogAudioMixer: FMixerPlatformXAudio2::StopAudioStream() called
[2025.05.25-09.08.20:082][459]LogAudioMixer: FMixerPlatformXAudio2::StopAudioStream() called
[2025.05.25-09.08.20:086][459]LogSlate: Updating window title bar state: overlay mode, drag disabled, window buttons hidden, title bar hidden
[2025.05.25-09.08.20:089][459]LogUObjectHash: Compacting FUObjectHashTables data took   1.48ms
[2025.05.25-09.08.20:116][460]LogPlayLevel: Display: Destroying online subsystem :Context_19
[2025.05.25-09.08.21:621][550]LogTemp: Repeating last play command: Simulate
[2025.05.25-09.08.21:626][550]LogPlayLevel: PlayLevel: No blueprints needed recompiling
[2025.05.25-09.08.21:626][550]PIE: New page: SIE session: VRTemplateMap (25 мая 2025 г., 15:08:21)
[2025.05.25-09.08.21:626][550]LogPlayLevel: Creating play world package: /Game/VRTemplate/Maps/UEDPIE_0_VRTemplateMap
[2025.05.25-09.08.21:629][550]LogPlayLevel: PIE: StaticDuplicateObject took: (0.003492s)
[2025.05.25-09.08.21:630][550]LogAIModule: Creating AISystem for world VRTemplateMap
[2025.05.25-09.08.21:630][550]LogPlayLevel: PIE: World Init took: (0.000912s)
[2025.05.25-09.08.21:630][550]LogPlayLevel: PIE: Created PIE world by copying editor world from /Game/VRTemplate/Maps/VRTemplateMap.VRTemplateMap to /Game/VRTemplate/Maps/UEDPIE_0_VRTemplateMap.VRTemplateMap (0.004506s)
[2025.05.25-09.08.21:653][550]LogUObjectHash: Compacting FUObjectHashTables data took   1.81ms
[2025.05.25-09.08.21:654][550]LogAudio: Display: Creating Audio Device:                 Id: 17, Scope: Unique, Realtime: True
[2025.05.25-09.08.21:654][550]LogAudioMixer: Display: Audio Mixer Platform Settings:
[2025.05.25-09.08.21:654][550]LogAudioMixer: Display: 	Sample Rate:						  48000
[2025.05.25-09.08.21:654][550]LogAudioMixer: Display: 	Callback Buffer Frame Size Requested: 1024
[2025.05.25-09.08.21:654][550]LogAudioMixer: Display: 	Callback Buffer Frame Size To Use:	  1024
[2025.05.25-09.08.21:654][550]LogAudioMixer: Display: 	Number of buffers to queue:			  1
[2025.05.25-09.08.21:654][550]LogAudioMixer: Display: 	Max Channels (voices):				  0
[2025.05.25-09.08.21:654][550]LogAudioMixer: Display: 	Number of Async Source Workers:		  4
[2025.05.25-09.08.21:654][550]LogAudio: Display: AudioDevice MaxSources: 32
[2025.05.25-09.08.21:655][550]LogAudio: Display: Audio Spatialization Plugin: Resonance Audio is external send: 1
[2025.05.25-09.08.21:655][550]LogAudio: Display: Audio Reverb Plugin: Resonance Audio
[2025.05.25-09.08.21:655][550]LogAudio: Display: Audio Occlusion Plugin: None (built-in).
[2025.05.25-09.08.21:655][550]LogAudioMixer: Display: Initializing audio mixer.
[2025.05.25-09.08.21:658][550]LogAudioMixer: Display: 0: FrontLeft
[2025.05.25-09.08.21:658][550]LogAudioMixer: Display: 1: FrontRight
[2025.05.25-09.08.21:695][550]LogAudioMixer: Display: Using Audio Device Динамики (Realtek(R) Audio)
[2025.05.25-09.08.21:696][550]LogAudioMixer: Display: Initializing Sound Submixes...
[2025.05.25-09.08.21:696][550]LogAudioMixer: Display: Creating Master Submix 'MasterSubmixDefault'
[2025.05.25-09.08.21:696][550]LogAudioMixer: Display: Creating Master Submix 'MasterReverbSubmixDefault'
[2025.05.25-09.08.21:696][550]LogAudioMixer: Display: Creating Master Submix 'MasterEQSubmixDefault'
[2025.05.25-09.08.21:696][550]LogAudioMixer: FMixerPlatformXAudio2::StartAudioStream() called
[2025.05.25-09.08.21:696][550]LogAudioMixer: Display: Output buffers initialized: Frames=1024, Channels=2, Samples=2048
[2025.05.25-09.08.21:697][550]LogAudioMixer: Display: Starting AudioMixerPlatformInterface::RunInternal()
[2025.05.25-09.08.21:697][550]LogAudioMixer: Display: FMixerPlatformXAudio2::SubmitBuffer() called for the first time
[2025.05.25-09.08.21:697][550]LogInit: FAudioDevice initialized.
[2025.05.25-09.08.21:697][550]LogAudio: Display: Audio Device (ID: 17) registered with world 'VRTemplateMap'.
[2025.05.25-09.08.21:703][550]LogLoad: Game class is 'VRGameMode_C'
[2025.05.25-09.08.21:706][550]LogWorld: Bringing World /Game/VRTemplate/Maps/UEDPIE_0_VRTemplateMap.VRTemplateMap up for play (max tick rate 60) at 2025.05.25-12.08.21
[2025.05.25-09.08.21:706][550]LogWorld: Bringing up level for play took: 0.001406
[2025.05.25-09.08.21:706][550]LogOnline: OSS: Creating online subsystem instance for: :Context_20
[2025.05.25-09.08.21:707][550]LogSpawn: Warning: SpawnActor failed because no class was specified
[2025.05.25-09.08.21:709][550]PIE: Server logged in
[2025.05.25-09.08.21:709][550]PIE: Play in editor total start time 0,084 seconds.
[2025.05.25-09.08.21:729][550]LogResonanceAudio: Display: Resonance Audio Listener is initialized
[2025.05.25-09.08.45:081][946]LogSlate: Updating window title bar state: overlay mode, drag disabled, window buttons hidden, title bar hidden
[2025.05.25-09.08.45:081][946]LogWorld: BeginTearingDown for /Game/VRTemplate/Maps/UEDPIE_0_VRTemplateMap
[2025.05.25-09.08.45:082][946]LogWorld: UWorld::CleanupWorld for VRTemplateMap, bSessionEnded=true, bCleanupResources=true
[2025.05.25-09.08.45:082][946]LogSlate: InvalidateAllWidgets triggered.  All widgets were invalidated
[2025.05.25-09.08.45:103][946]LogPlayLevel: Display: Shutting down PIE online subsystems
[2025.05.25-09.08.45:116][946]LogSlate: InvalidateAllWidgets triggered.  All widgets were invalidated
[2025.05.25-09.08.45:138][946]LogSlate: Updating window title bar state: overlay mode, drag disabled, window buttons hidden, title bar hidden
[2025.05.25-09.08.45:139][946]LogResonanceAudio: Display: Resonance Audio Listener is shutdown
[2025.05.25-09.08.45:139][946]LogAudioMixer: FMixerPlatformXAudio2::StopAudioStream() called
[2025.05.25-09.08.45:140][946]LogAudioMixer: FMixerPlatformXAudio2::StopAudioStream() called
[2025.05.25-09.08.45:146][946]LogUObjectHash: Compacting FUObjectHashTables data took   1.47ms
[2025.05.25-09.08.45:202][947]LogPlayLevel: Display: Destroying online subsystem :Context_20
[2025.05.25-09.09.10:875][487]LogTemp: Repeating last play command: Simulate
[2025.05.25-09.09.10:879][487]LogPlayLevel: PlayLevel: No blueprints needed recompiling
[2025.05.25-09.09.10:880][487]PIE: New page: SIE session: VRTemplateMap (25 мая 2025 г., 15:09:10)
[2025.05.25-09.09.10:880][487]LogPlayLevel: Creating play world package: /Game/VRTemplate/Maps/UEDPIE_0_VRTemplateMap
[2025.05.25-09.09.10:884][487]LogPlayLevel: PIE: StaticDuplicateObject took: (0.003857s)
[2025.05.25-09.09.10:884][487]LogAIModule: Creating AISystem for world VRTemplateMap
[2025.05.25-09.09.10:885][487]LogPlayLevel: PIE: World Init took: (0.000999s)
[2025.05.25-09.09.10:885][487]LogPlayLevel: PIE: Created PIE world by copying editor world from /Game/VRTemplate/Maps/VRTemplateMap.VRTemplateMap to /Game/VRTemplate/Maps/UEDPIE_0_VRTemplateMap.VRTemplateMap (0.005002s)
[2025.05.25-09.09.10:907][487]LogUObjectHash: Compacting FUObjectHashTables data took   1.77ms
[2025.05.25-09.09.10:908][487]LogAudio: Display: Creating Audio Device:                 Id: 18, Scope: Unique, Realtime: True
[2025.05.25-09.09.10:908][487]LogAudioMixer: Display: Audio Mixer Platform Settings:
[2025.05.25-09.09.10:908][487]LogAudioMixer: Display: 	Sample Rate:						  48000
[2025.05.25-09.09.10:908][487]LogAudioMixer: Display: 	Callback Buffer Frame Size Requested: 1024
[2025.05.25-09.09.10:908][487]LogAudioMixer: Display: 	Callback Buffer Frame Size To Use:	  1024
[2025.05.25-09.09.10:908][487]LogAudioMixer: Display: 	Number of buffers to queue:			  1
[2025.05.25-09.09.10:908][487]LogAudioMixer: Display: 	Max Channels (voices):				  0
[2025.05.25-09.09.10:908][487]LogAudioMixer: Display: 	Number of Async Source Workers:		  4
[2025.05.25-09.09.10:908][487]LogAudio: Display: AudioDevice MaxSources: 32
[2025.05.25-09.09.10:909][487]LogAudio: Display: Audio Spatialization Plugin: Resonance Audio is external send: 1
[2025.05.25-09.09.10:909][487]LogAudio: Display: Audio Reverb Plugin: Resonance Audio
[2025.05.25-09.09.10:909][487]LogAudio: Display: Audio Occlusion Plugin: None (built-in).
[2025.05.25-09.09.10:909][487]LogAudioMixer: Display: Initializing audio mixer.
[2025.05.25-09.09.10:912][487]LogAudioMixer: Display: 0: FrontLeft
[2025.05.25-09.09.10:912][487]LogAudioMixer: Display: 1: FrontRight
[2025.05.25-09.09.10:949][487]LogAudioMixer: Display: Using Audio Device Динамики (Realtek(R) Audio)
[2025.05.25-09.09.10:949][487]LogAudioMixer: Display: Initializing Sound Submixes...
[2025.05.25-09.09.10:949][487]LogAudioMixer: Display: Creating Master Submix 'MasterSubmixDefault'
[2025.05.25-09.09.10:949][487]LogAudioMixer: Display: Creating Master Submix 'MasterReverbSubmixDefault'
[2025.05.25-09.09.10:949][487]LogAudioMixer: Display: Creating Master Submix 'MasterEQSubmixDefault'
[2025.05.25-09.09.10:949][487]LogAudioMixer: FMixerPlatformXAudio2::StartAudioStream() called
[2025.05.25-09.09.10:949][487]LogAudioMixer: Display: Output buffers initialized: Frames=1024, Channels=2, Samples=2048
[2025.05.25-09.09.10:950][487]LogAudioMixer: Display: Starting AudioMixerPlatformInterface::RunInternal()
[2025.05.25-09.09.10:950][487]LogAudioMixer: Display: FMixerPlatformXAudio2::SubmitBuffer() called for the first time
[2025.05.25-09.09.10:950][487]LogInit: FAudioDevice initialized.
[2025.05.25-09.09.10:950][487]LogAudio: Display: Audio Device (ID: 18) registered with world 'VRTemplateMap'.
[2025.05.25-09.09.10:957][487]LogLoad: Game class is 'VRGameMode_C'
[2025.05.25-09.09.10:959][487]LogWorld: Bringing World /Game/VRTemplate/Maps/UEDPIE_0_VRTemplateMap.VRTemplateMap up for play (max tick rate 60) at 2025.05.25-12.09.10
[2025.05.25-09.09.10:959][487]LogWorld: Bringing up level for play took: 0.001309
[2025.05.25-09.09.10:959][487]LogOnline: OSS: Creating online subsystem instance for: :Context_21
[2025.05.25-09.09.10:961][487]LogSpawn: Warning: SpawnActor failed because no class was specified
[2025.05.25-09.09.10:962][487]PIE: Server logged in
[2025.05.25-09.09.10:963][487]PIE: Play in editor total start time 0,084 seconds.
[2025.05.25-09.09.10:982][487]LogResonanceAudio: Display: Resonance Audio Listener is initialized
[2025.05.25-09.09.21:209][100]LogEditorViewport: Clicking on Actor (LMB): BP_EncoderPetals_C (BP_EncoderPetals)
[2025.05.25-09.09.24:452][293]LogSlate: Updating window title bar state: overlay mode, drag disabled, window buttons hidden, title bar hidden
[2025.05.25-09.09.24:452][293]LogWorld: BeginTearingDown for /Game/VRTemplate/Maps/UEDPIE_0_VRTemplateMap
[2025.05.25-09.09.24:453][293]LogWorld: UWorld::CleanupWorld for VRTemplateMap, bSessionEnded=true, bCleanupResources=true
[2025.05.25-09.09.24:453][293]LogSlate: InvalidateAllWidgets triggered.  All widgets were invalidated
[2025.05.25-09.09.24:472][293]LogPlayLevel: Display: Shutting down PIE online subsystems
[2025.05.25-09.09.24:475][293]LogSlate: InvalidateAllWidgets triggered.  All widgets were invalidated
[2025.05.25-09.09.24:495][293]LogSlate: Updating window title bar state: overlay mode, drag disabled, window buttons hidden, title bar hidden
[2025.05.25-09.09.24:495][293]LogResonanceAudio: Display: Resonance Audio Listener is shutdown
[2025.05.25-09.09.24:495][293]LogAudioMixer: FMixerPlatformXAudio2::StopAudioStream() called
[2025.05.25-09.09.24:497][293]LogAudioMixer: FMixerPlatformXAudio2::StopAudioStream() called
[2025.05.25-09.09.24:503][293]LogUObjectHash: Compacting FUObjectHashTables data took   1.52ms
[2025.05.25-09.09.24:563][294]LogPlayLevel: Display: Destroying online subsystem :Context_21
[2025.05.25-09.10.11:463][898]LogTemp: Repeating last play command: Simulate
[2025.05.25-09.10.11:468][898]LogPlayLevel: PlayLevel: No blueprints needed recompiling
[2025.05.25-09.10.11:468][898]PIE: New page: SIE session: VRTemplateMap (25 мая 2025 г., 15:10:11)
[2025.05.25-09.10.11:489][898]LogPlayLevel: Creating play world package: /Game/VRTemplate/Maps/UEDPIE_0_VRTemplateMap
[2025.05.25-09.10.11:492][898]LogPlayLevel: PIE: StaticDuplicateObject took: (0.003400s)
[2025.05.25-09.10.11:493][898]LogAIModule: Creating AISystem for world VRTemplateMap
[2025.05.25-09.10.11:493][898]LogPlayLevel: PIE: World Init took: (0.000988s)
[2025.05.25-09.10.11:493][898]LogPlayLevel: PIE: Created PIE world by copying editor world from /Game/VRTemplate/Maps/VRTemplateMap.VRTemplateMap to /Game/VRTemplate/Maps/UEDPIE_0_VRTemplateMap.VRTemplateMap (0.004513s)
[2025.05.25-09.10.11:515][898]LogUObjectHash: Compacting FUObjectHashTables data took   1.63ms
[2025.05.25-09.10.11:516][898]LogAudio: Display: Creating Audio Device:                 Id: 19, Scope: Unique, Realtime: True
[2025.05.25-09.10.11:516][898]LogAudioMixer: Display: Audio Mixer Platform Settings:
[2025.05.25-09.10.11:516][898]LogAudioMixer: Display: 	Sample Rate:						  48000
[2025.05.25-09.10.11:516][898]LogAudioMixer: Display: 	Callback Buffer Frame Size Requested: 1024
[2025.05.25-09.10.11:516][898]LogAudioMixer: Display: 	Callback Buffer Frame Size To Use:	  1024
[2025.05.25-09.10.11:517][898]LogAudioMixer: Display: 	Number of buffers to queue:			  1
[2025.05.25-09.10.11:517][898]LogAudioMixer: Display: 	Max Channels (voices):				  0
[2025.05.25-09.10.11:517][898]LogAudioMixer: Display: 	Number of Async Source Workers:		  4
[2025.05.25-09.10.11:517][898]LogAudio: Display: AudioDevice MaxSources: 32
[2025.05.25-09.10.11:517][898]LogAudio: Display: Audio Spatialization Plugin: Resonance Audio is external send: 1
[2025.05.25-09.10.11:517][898]LogAudio: Display: Audio Reverb Plugin: Resonance Audio
[2025.05.25-09.10.11:517][898]LogAudio: Display: Audio Occlusion Plugin: None (built-in).
[2025.05.25-09.10.11:517][898]LogAudioMixer: Display: Initializing audio mixer.
[2025.05.25-09.10.11:520][898]LogAudioMixer: Display: 0: FrontLeft
[2025.05.25-09.10.11:520][898]LogAudioMixer: Display: 1: FrontRight
[2025.05.25-09.10.11:568][898]LogAudioMixer: Display: Using Audio Device Динамики (Realtek(R) Audio)
[2025.05.25-09.10.11:568][898]LogAudioMixer: Display: Initializing Sound Submixes...
[2025.05.25-09.10.11:568][898]LogAudioMixer: Display: Creating Master Submix 'MasterSubmixDefault'
[2025.05.25-09.10.11:568][898]LogAudioMixer: Display: Creating Master Submix 'MasterReverbSubmixDefault'
[2025.05.25-09.10.11:568][898]LogAudioMixer: Display: Creating Master Submix 'MasterEQSubmixDefault'
[2025.05.25-09.10.11:568][898]LogAudioMixer: FMixerPlatformXAudio2::StartAudioStream() called
[2025.05.25-09.10.11:568][898]LogAudioMixer: Display: Output buffers initialized: Frames=1024, Channels=2, Samples=2048
[2025.05.25-09.10.11:569][898]LogAudioMixer: Display: Starting AudioMixerPlatformInterface::RunInternal()
[2025.05.25-09.10.11:569][898]LogAudioMixer: Display: FMixerPlatformXAudio2::SubmitBuffer() called for the first time
[2025.05.25-09.10.11:569][898]LogInit: FAudioDevice initialized.
[2025.05.25-09.10.11:569][898]LogAudio: Display: Audio Device (ID: 19) registered with world 'VRTemplateMap'.
[2025.05.25-09.10.11:575][898]LogLoad: Game class is 'VRGameMode_C'
[2025.05.25-09.10.11:578][898]LogWorld: Bringing World /Game/VRTemplate/Maps/UEDPIE_0_VRTemplateMap.VRTemplateMap up for play (max tick rate 60) at 2025.05.25-12.10.11
[2025.05.25-09.10.11:578][898]LogWorld: Bringing up level for play took: 0.001236
[2025.05.25-09.10.11:578][898]LogOnline: OSS: Creating online subsystem instance for: :Context_22
[2025.05.25-09.10.11:579][898]LogSpawn: Warning: SpawnActor failed because no class was specified
[2025.05.25-09.10.11:581][898]PIE: Server logged in
[2025.05.25-09.10.11:581][898]PIE: Play in editor total start time 0,114 seconds.
[2025.05.25-09.10.11:590][898]LogResonanceAudio: Display: Resonance Audio Listener is initialized
[2025.05.25-09.10.13:318][  2]LogEditorViewport: Clicking on Actor (LMB): StaticMeshActor (Wall_400x302)
[2025.05.25-09.10.13:454][  8]LogBlueprintUserMessages: [WD_Menu_C_1] Неверно задано количество деталей
[2025.05.25-09.10.54:479][468]LogSlate: Updating window title bar state: overlay mode, drag disabled, window buttons hidden, title bar hidden
[2025.05.25-09.10.54:479][468]LogWorld: BeginTearingDown for /Game/VRTemplate/Maps/UEDPIE_0_VRTemplateMap
[2025.05.25-09.10.54:480][468]LogWorld: UWorld::CleanupWorld for VRTemplateMap, bSessionEnded=true, bCleanupResources=true
[2025.05.25-09.10.54:480][468]LogSlate: InvalidateAllWidgets triggered.  All widgets were invalidated
[2025.05.25-09.10.54:498][468]LogPlayLevel: Display: Shutting down PIE online subsystems
[2025.05.25-09.10.54:511][468]LogSlate: InvalidateAllWidgets triggered.  All widgets were invalidated
[2025.05.25-09.10.54:534][468]LogSlate: Updating window title bar state: overlay mode, drag disabled, window buttons hidden, title bar hidden
[2025.05.25-09.10.54:534][468]LogResonanceAudio: Display: Resonance Audio Listener is shutdown
[2025.05.25-09.10.54:534][468]LogAudioMixer: FMixerPlatformXAudio2::StopAudioStream() called
[2025.05.25-09.10.54:535][468]LogAudioMixer: FMixerPlatformXAudio2::StopAudioStream() called
[2025.05.25-09.10.54:541][468]LogUObjectHash: Compacting FUObjectHashTables data took   1.52ms
[2025.05.25-09.10.54:598][469]LogPlayLevel: Display: Destroying online subsystem :Context_22
[2025.05.25-09.11.13:342][583]LogWindowsTextInputMethodSystem: Display: IME system deactivated.
[2025.05.25-09.11.13:342][583]LogWindowsTextInputMethodSystem: Display: IME system deactivated.
[2025.05.25-09.13.02:871][119]LogAssetEditorSubsystem: Opening Asset editor for WidgetBlueprint /Game/Andrey/Menu/WD_Menu.WD_Menu
[2025.05.25-09.14.49:787][449]BlueprintLog: New page: Compile BP_test_menu_2
[2025.05.25-09.14.49:874][449]LogUObjectHash: Compacting FUObjectHashTables data took   3.40ms
[2025.05.25-09.14.50:547][483]Cmd: OBJ SAVEPACKAGE PACKAGE="/Game/Andrey/Menu/BP_test_menu_2" FILE="../../../../../../Users/AlisaDI/Documents/MephiTasks/UnrealProject/Content/Andrey/Menu/BP_test_menu_2.uasset" SILENT=true
[2025.05.25-09.14.50:595][483]LogSavePackage: Moving '../../../../../../Users/AlisaDI/Documents/MephiTasks/UnrealProject/Saved/BP_test_menu_25D5562A3497E9A8C9DA36384E12615AD.tmp' to '../../../../../../Users/AlisaDI/Documents/MephiTasks/UnrealProject/Content/Andrey/Menu/BP_test_menu_2.uasset'
[2025.05.25-09.14.50:613][483]AssetCheck: New page: Asset Save: BP_test_menu_2
[2025.05.25-09.14.50:613][483]LogContentValidation: Display: Validating Blueprint /Game/Andrey/Menu/BP_test_menu_2.BP_test_menu_2
[2025.05.25-09.15.23:616][444]LogWindowsTextInputMethodSystem: Display: IME system deactivated.
[2025.05.25-09.15.23:617][444]LogWindowsTextInputMethodSystem: Display: IME system deactivated.
[2025.05.25-09.16.26:136][168]BlueprintLog: New page: Compile BP_test_menu_2
[2025.05.25-09.16.26:205][168]LogUObjectHash: Compacting FUObjectHashTables data took   3.27ms
[2025.05.25-09.16.26:630][187]Cmd: OBJ SAVEPACKAGE PACKAGE="/Game/Andrey/Menu/BP_test_menu_2" FILE="../../../../../../Users/AlisaDI/Documents/MephiTasks/UnrealProject/Content/Andrey/Menu/BP_test_menu_2.uasset" SILENT=true
[2025.05.25-09.16.26:675][187]LogSavePackage: Moving '../../../../../../Users/AlisaDI/Documents/MephiTasks/UnrealProject/Saved/BP_test_menu_2027B40CC47D503D84F4EFDB3AA66ACF5.tmp' to '../../../../../../Users/AlisaDI/Documents/MephiTasks/UnrealProject/Content/Andrey/Menu/BP_test_menu_2.uasset'
[2025.05.25-09.16.26:692][187]AssetCheck: New page: Asset Save: BP_test_menu_2
[2025.05.25-09.16.26:692][187]LogContentValidation: Display: Validating Blueprint /Game/Andrey/Menu/BP_test_menu_2.BP_test_menu_2
[2025.05.25-09.16.28:124][273]LogTemp: Repeating last play command: Simulate
[2025.05.25-09.16.28:130][273]LogPlayLevel: PlayLevel: No blueprints needed recompiling
[2025.05.25-09.16.28:130][273]PIE: New page: SIE session: VRTemplateMap (25 мая 2025 г., 15:16:28)
[2025.05.25-09.16.28:150][273]LogPlayLevel: Creating play world package: /Game/VRTemplate/Maps/UEDPIE_0_VRTemplateMap
[2025.05.25-09.16.28:154][273]LogPlayLevel: PIE: StaticDuplicateObject took: (0.003589s)
[2025.05.25-09.16.28:154][273]LogAIModule: Creating AISystem for world VRTemplateMap
[2025.05.25-09.16.28:155][273]LogPlayLevel: PIE: World Init took: (0.000870s)
[2025.05.25-09.16.28:155][273]LogPlayLevel: PIE: Created PIE world by copying editor world from /Game/VRTemplate/Maps/VRTemplateMap.VRTemplateMap to /Game/VRTemplate/Maps/UEDPIE_0_VRTemplateMap.VRTemplateMap (0.004614s)
[2025.05.25-09.16.28:186][273]LogUObjectHash: Compacting FUObjectHashTables data took   3.17ms
[2025.05.25-09.16.28:187][273]LogAudio: Display: Creating Audio Device:                 Id: 20, Scope: Unique, Realtime: True
[2025.05.25-09.16.28:187][273]LogAudioMixer: Display: Audio Mixer Platform Settings:
[2025.05.25-09.16.28:187][273]LogAudioMixer: Display: 	Sample Rate:						  48000
[2025.05.25-09.16.28:187][273]LogAudioMixer: Display: 	Callback Buffer Frame Size Requested: 1024
[2025.05.25-09.16.28:187][273]LogAudioMixer: Display: 	Callback Buffer Frame Size To Use:	  1024
[2025.05.25-09.16.28:187][273]LogAudioMixer: Display: 	Number of buffers to queue:			  1
[2025.05.25-09.16.28:187][273]LogAudioMixer: Display: 	Max Channels (voices):				  0
[2025.05.25-09.16.28:187][273]LogAudioMixer: Display: 	Number of Async Source Workers:		  4
[2025.05.25-09.16.28:187][273]LogAudio: Display: AudioDevice MaxSources: 32
[2025.05.25-09.16.28:187][273]LogAudio: Display: Audio Spatialization Plugin: Resonance Audio is external send: 1
[2025.05.25-09.16.28:187][273]LogAudio: Display: Audio Reverb Plugin: Resonance Audio
[2025.05.25-09.16.28:187][273]LogAudio: Display: Audio Occlusion Plugin: None (built-in).
[2025.05.25-09.16.28:187][273]LogAudioMixer: Display: Initializing audio mixer.
[2025.05.25-09.16.28:191][273]LogAudioMixer: Display: 0: FrontLeft
[2025.05.25-09.16.28:191][273]LogAudioMixer: Display: 1: FrontRight
[2025.05.25-09.16.28:239][273]LogAudioMixer: Display: Using Audio Device Динамики (Realtek(R) Audio)
[2025.05.25-09.16.28:240][273]LogAudioMixer: Display: Initializing Sound Submixes...
[2025.05.25-09.16.28:240][273]LogAudioMixer: Display: Creating Master Submix 'MasterSubmixDefault'
[2025.05.25-09.16.28:240][273]LogAudioMixer: Display: Creating Master Submix 'MasterReverbSubmixDefault'
[2025.05.25-09.16.28:240][273]LogAudioMixer: Display: Creating Master Submix 'MasterEQSubmixDefault'
[2025.05.25-09.16.28:240][273]LogAudioMixer: FMixerPlatformXAudio2::StartAudioStream() called
[2025.05.25-09.16.28:240][273]LogAudioMixer: Display: Output buffers initialized: Frames=1024, Channels=2, Samples=2048
[2025.05.25-09.16.28:242][273]LogAudioMixer: Display: Starting AudioMixerPlatformInterface::RunInternal()
[2025.05.25-09.16.28:242][273]LogAudioMixer: Display: FMixerPlatformXAudio2::SubmitBuffer() called for the first time
[2025.05.25-09.16.28:242][273]LogInit: FAudioDevice initialized.
[2025.05.25-09.16.28:242][273]LogAudio: Display: Audio Device (ID: 20) registered with world 'VRTemplateMap'.
[2025.05.25-09.16.28:249][273]LogLoad: Game class is 'VRGameMode_C'
[2025.05.25-09.16.28:250][273]LogWorld: Bringing World /Game/VRTemplate/Maps/UEDPIE_0_VRTemplateMap.VRTemplateMap up for play (max tick rate 60) at 2025.05.25-12.16.28
[2025.05.25-09.16.28:251][273]LogWorld: Bringing up level for play took: 0.001263
[2025.05.25-09.16.28:251][273]LogOnline: OSS: Creating online subsystem instance for: :Context_25
[2025.05.25-09.16.28:252][273]LogSpawn: Warning: SpawnActor failed because no class was specified
[2025.05.25-09.16.28:253][273]PIE: Server logged in
[2025.05.25-09.16.28:254][273]PIE: Play in editor total start time 0,125 seconds.
[2025.05.25-09.16.28:275][273]LogResonanceAudio: Display: Resonance Audio Listener is initialized
[2025.05.25-09.16.37:550][829]LogBlueprintUserMessages: [BP_test_menu_3] Убери предмет с принтера
[2025.05.25-09.16.39:483][945]LogBlueprintUserMessages: [BP_test_menu_3] Убери предмет с принтера
[2025.05.25-09.16.40:183][987]LogBlueprintUserMessages: [BP_test_menu_3] Убери предмет с принтера
[2025.05.25-09.16.40:666][ 16]LogBlueprintUserMessages: [BP_test_menu_3] Убери предмет с принтера
[2025.05.25-09.16.51:951][693]LogBlueprintUserMessages: [BP_test_menu_3] Убери предмет с принтера
[2025.05.25-09.16.53:634][794]LogBlueprintUserMessages: [BP_test_menu_3] Убери предмет с принтера
[2025.05.25-09.16.53:770][802]LogBlueprintUserMessages: [BP_test_menu_3] Убери предмет с принтера
[2025.05.25-09.23.00:423][448]LogContentBrowser: Deferred new asset file creation: NewWidgetBlueprint
[2025.05.25-09.23.00:438][448]LogContentBrowser: Creating deferred item: NewWidgetBlueprint
[2025.05.25-09.23.04:110][669]LogWindowsTextInputMethodSystem: Display: IME system deactivated.
[2025.05.25-09.23.04:110][669]LogWindowsTextInputMethodSystem: Display: IME system deactivated.
[2025.05.25-09.23.08:025][904]LogContentBrowser: Attempting asset rename: NewWidgetBlueprint -> Progress_WD
[2025.05.25-09.23.08:027][904]LogContentBrowser: End creating deferred item NewWidgetBlueprint
[2025.05.25-09.23.10:325][ 42]LogAssetEditorSubsystem: Opening Asset editor for WidgetBlueprint /Game/Andrey/Inventory/Progress_WD.Progress_WD
[2025.05.25-09.23.19:871][590]LogSlate: Window 'Color Picker' being destroyed
[2025.05.25-09.23.40:519][826]Cmd: OBJ SAVEPACKAGE PACKAGE="/Game/Andrey/Inventory/Progress_WD" FILE="../../../../../../Users/AlisaDI/Documents/MephiTasks/UnrealProject/Content/Andrey/Inventory/Progress_WD.uasset" SILENT=true
[2025.05.25-09.23.40:522][826]LogSavePackage: Moving '../../../../../../Users/AlisaDI/Documents/MephiTasks/UnrealProject/Saved/Progress_WDFA2301BA46B42D39428347AC1F328516.tmp' to '../../../../../../Users/AlisaDI/Documents/MephiTasks/UnrealProject/Content/Andrey/Inventory/Progress_WD.uasset'
[2025.05.25-09.23.40:538][826]AssetCheck: New page: Asset Save: Progress_WD
[2025.05.25-09.23.40:538][826]LogContentValidation: Display: Validating WidgetBlueprint /Game/Andrey/Inventory/Progress_WD.Progress_WD
[2025.05.25-09.23.44:697][ 75]LogSlate: Updating window title bar state: overlay mode, drag disabled, window buttons hidden, title bar hidden
[2025.05.25-09.23.44:697][ 75]LogWorld: BeginTearingDown for /Game/VRTemplate/Maps/UEDPIE_0_VRTemplateMap
[2025.05.25-09.23.44:697][ 75]LogWorld: UWorld::CleanupWorld for VRTemplateMap, bSessionEnded=true, bCleanupResources=true
[2025.05.25-09.23.44:698][ 75]LogSlate: InvalidateAllWidgets triggered.  All widgets were invalidated
[2025.05.25-09.23.44:720][ 75]LogPlayLevel: Display: Shutting down PIE online subsystems
[2025.05.25-09.23.44:734][ 75]LogSlate: InvalidateAllWidgets triggered.  All widgets were invalidated
[2025.05.25-09.23.44:764][ 75]LogAudio: Display: Audio Device unregistered from world 'None'.
[2025.05.25-09.23.44:765][ 75]LogResonanceAudio: Display: Resonance Audio Listener is shutdown
[2025.05.25-09.23.44:765][ 75]LogAudioMixer: FMixerPlatformXAudio2::StopAudioStream() called
[2025.05.25-09.23.44:766][ 75]LogAudioMixer: FMixerPlatformXAudio2::StopAudioStream() called
[2025.05.25-09.23.44:770][ 75]LogSlate: Updating window title bar state: overlay mode, drag disabled, window buttons hidden, title bar hidden
[2025.05.25-09.23.44:775][ 75]LogUObjectHash: Compacting FUObjectHashTables data took   2.54ms
[2025.05.25-09.23.44:805][ 77]LogPlayLevel: Display: Destroying online subsystem :Context_25
[2025.05.25-09.25.19:500][662]BlueprintLog: New page: Compile Progress_WD
[2025.05.25-09.25.19:539][662]LogUObjectHash: Compacting FUObjectHashTables data took   3.35ms
[2025.05.25-09.25.20:213][701]Cmd: OBJ SAVEPACKAGE PACKAGE="/Game/Andrey/Inventory/Progress_WD" FILE="../../../../../../Users/AlisaDI/Documents/MephiTasks/UnrealProject/Content/Andrey/Inventory/Progress_WD.uasset" SILENT=true
[2025.05.25-09.25.20:218][701]LogSavePackage: Moving '../../../../../../Users/AlisaDI/Documents/MephiTasks/UnrealProject/Saved/Progress_WD1D88A1624E6D51C6EFACCE8C1CB4FF49.tmp' to '../../../../../../Users/AlisaDI/Documents/MephiTasks/UnrealProject/Content/Andrey/Inventory/Progress_WD.uasset'
[2025.05.25-09.25.20:236][701]AssetCheck: New page: Asset Save: Progress_WD
[2025.05.25-09.25.20:236][701]LogContentValidation: Display: Validating WidgetBlueprint /Game/Andrey/Inventory/Progress_WD.Progress_WD
[2025.05.25-09.25.23:304][880]LogEditorClassViewer: Warning: Class /Engine/Tutorial/InWorldBlueprintEditing/TutorialAssets/IWBE_Blutility.IWBE_Blutility_C has parent /Script/Blutility.PlacedEditorUtilityBase, but this parent is not found. The Class will not be shown in ClassViewer.
[2025.05.25-09.25.24:728][880]LogSlate: Window 'Pick Parent Class' being destroyed
[2025.05.25-09.25.24:735][880]LogContentBrowser: Deferred new asset file creation: NewBlueprint
[2025.05.25-09.25.24:749][880]LogContentBrowser: Creating deferred item: NewBlueprint
[2025.05.25-09.25.31:770][302]LogContentBrowser: Attempting asset rename: NewBlueprint -> Progress_BP
[2025.05.25-09.25.31:774][302]LogContentBrowser: End creating deferred item NewBlueprint
[2025.05.25-09.25.34:517][466]LogAssetEditorSubsystem: Opening Asset editor for Blueprint /Game/Andrey/Inventory/Progress_BP.Progress_BP
[2025.05.25-09.25.34:842][467]LogRenderer: Reallocating scene render targets to support 1208x708 Format 10 NumSamples 4 (Frame:1).
[2025.05.25-09.25.57:181][804]LogSlate: Prevented a slow task dialog from being summoned while a context menu was open
[2025.05.25-09.25.57:199][804]LogEditorClassViewer: Warning: Class /Engine/Tutorial/InWorldBlueprintEditing/TutorialAssets/IWBE_Blutility.IWBE_Blutility_C has parent /Script/Blutility.PlacedEditorUtilityBase, but this parent is not found. The Class will not be shown in ClassViewer.
[2025.05.25-09.26.04:999][272]BlueprintLog: New page: Compile Progress_BP
[2025.05.25-09.26.05:057][272]LogUObjectHash: Compacting FUObjectHashTables data took   2.71ms
[2025.05.25-09.26.05:518][297]Cmd: OBJ SAVEPACKAGE PACKAGE="/Game/Andrey/Inventory/Progress_BP" FILE="../../../../../../Users/AlisaDI/Documents/MephiTasks/UnrealProject/Content/Andrey/Inventory/Progress_BP.uasset" SILENT=true
[2025.05.25-09.26.05:521][297]LogSavePackage: Moving '../../../../../../Users/AlisaDI/Documents/MephiTasks/UnrealProject/Saved/Progress_BP95961DF940CB0A7BC3D259A984C4F786.tmp' to '../../../../../../Users/AlisaDI/Documents/MephiTasks/UnrealProject/Content/Andrey/Inventory/Progress_BP.uasset'
[2025.05.25-09.26.05:537][297]AssetCheck: New page: Asset Save: Progress_BP
[2025.05.25-09.26.05:537][297]LogContentValidation: Display: Validating Blueprint /Game/Andrey/Inventory/Progress_BP.Progress_BP
[2025.05.25-09.26.17:491][989]BlueprintLog: New page: Compile Progress_WD
[2025.05.25-09.26.17:556][989]LogUObjectHash: Compacting FUObjectHashTables data took   2.62ms
[2025.05.25-09.26.18:259][ 27]Cmd: OBJ SAVEPACKAGE PACKAGE="/Game/Andrey/Inventory/Progress_WD" FILE="../../../../../../Users/AlisaDI/Documents/MephiTasks/UnrealProject/Content/Andrey/Inventory/Progress_WD.uasset" SILENT=true
[2025.05.25-09.26.18:263][ 27]LogSavePackage: Moving '../../../../../../Users/AlisaDI/Documents/MephiTasks/UnrealProject/Saved/Progress_WD74E53D6042182662774390BEC56E5BE8.tmp' to '../../../../../../Users/AlisaDI/Documents/MephiTasks/UnrealProject/Content/Andrey/Inventory/Progress_WD.uasset'
[2025.05.25-09.26.18:279][ 27]AssetCheck: New page: Asset Save: Progress_WD
[2025.05.25-09.26.18:279][ 27]LogContentValidation: Display: Validating WidgetBlueprint /Game/Andrey/Inventory/Progress_WD.Progress_WD
[2025.05.25-09.26.23:749][355]BlueprintLog: New page: Compile Progress_BP
[2025.05.25-09.26.23:806][355]LogUObjectHash: Compacting FUObjectHashTables data took   2.77ms
[2025.05.25-09.26.24:312][383]Cmd: OBJ SAVEPACKAGE PACKAGE="/Game/Andrey/Inventory/Progress_BP" FILE="../../../../../../Users/AlisaDI/Documents/MephiTasks/UnrealProject/Content/Andrey/Inventory/Progress_BP.uasset" SILENT=true
[2025.05.25-09.26.24:316][383]LogSavePackage: Moving '../../../../../../Users/AlisaDI/Documents/MephiTasks/UnrealProject/Saved/Progress_BP428323A547B45B3E64724B83837D1F92.tmp' to '../../../../../../Users/AlisaDI/Documents/MephiTasks/UnrealProject/Content/Andrey/Inventory/Progress_BP.uasset'
[2025.05.25-09.26.24:331][383]AssetCheck: New page: Asset Save: Progress_BP
[2025.05.25-09.26.24:331][383]LogContentValidation: Display: Validating Blueprint /Game/Andrey/Inventory/Progress_BP.Progress_BP
[2025.05.25-09.26.48:934][854]LogEditorViewport: Clicking on Actor (LMB): StaticMeshActor (Wall_400x302)
[2025.05.25-09.26.49:748][901]LogEditorViewport: Clicking on Actor (LMB): Progress_BP_C (Progress_BP)
[2025.05.25-09.26.52:024][ 36]LogEditorViewport: Clicking on Actor (LMB): StaticMeshActor (TemplateFloor)
[2025.05.25-09.26.54:020][154]LogEditorViewport: Clicking on Actor (LMB): Progress_BP_C (Progress_BP)
[2025.05.25-09.27.01:781][618]Cmd: SELECT NONE
[2025.05.25-09.27.02:531][663]LogEditorViewport: Clicking on Actor (LMB): Progress_BP_C (Progress_BP)
[2025.05.25-09.27.06:352][891]LogEditorViewport: Clicking on Actor (LMB): StaticMeshActor (TemplateFloor)
[2025.05.25-09.27.08:187][999]LogEditorViewport: Clicking on Actor (LMB): Progress_BP_C (Progress_BP)
[2025.05.25-09.27.11:948][223]LogEditorViewport: Clicking on Actor (LMB): Progress_BP_C (Progress_BP)
[2025.05.25-09.27.14:718][389]LogPhysics: Warning: Scale for /Game/VRTemplate/Maps/VRTemplateMap.VRTemplateMap:PersistentLevel.Progress_BP_2.Widget has a component set to zero, which will result in a bad body instance. Scale:X=0.500 Y=0.000 Z=0.500
[2025.05.25-09.27.14:834][396]LogPhysics: Warning: Scale for /Game/VRTemplate/Maps/VRTemplateMap.VRTemplateMap:PersistentLevel.Progress_BP_2.Widget has a component set to zero, which will result in a bad body instance. Scale:X=0.500 Y=0.000 Z=0.500
[2025.05.25-09.27.17:395][549]LogEditorViewport: Clicking on Actor (context menu): StaticMeshActor (Wall_Window_400x300)
[2025.05.25-09.27.18:043][585]LogEditorViewport: Clicking on Actor (LMB): Progress_BP_C (Progress_BP)
[2025.05.25-09.27.20:648][739]LogEditorViewport: Clicking on Actor (LMB): StaticMeshActor (Wheel)
[2025.05.25-09.27.23:296][895]LogTemp: Repeating last play command: Simulate
[2025.05.25-09.27.23:302][895]LogPlayLevel: PlayLevel: No blueprints needed recompiling
[2025.05.25-09.27.23:302][895]PIE: New page: SIE session: VRTemplateMap (25 мая 2025 г., 15:27:23)
[2025.05.25-09.27.23:303][895]LogPlayLevel: Creating play world package: /Game/VRTemplate/Maps/UEDPIE_0_VRTemplateMap
[2025.05.25-09.27.23:307][895]LogPlayLevel: PIE: StaticDuplicateObject took: (0.004238s)
[2025.05.25-09.27.23:308][895]LogAIModule: Creating AISystem for world VRTemplateMap
[2025.05.25-09.27.23:308][895]LogPlayLevel: PIE: World Init took: (0.001120s)
[2025.05.25-09.27.23:308][895]LogPlayLevel: PIE: Created PIE world by copying editor world from /Game/VRTemplate/Maps/VRTemplateMap.VRTemplateMap to /Game/VRTemplate/Maps/UEDPIE_0_VRTemplateMap.VRTemplateMap (0.005484s)
[2025.05.25-09.27.23:360][895]LogUObjectHash: Compacting FUObjectHashTables data took   2.87ms
[2025.05.25-09.27.23:365][895]LogAudio: Display: Creating Audio Device:                 Id: 21, Scope: Unique, Realtime: True
[2025.05.25-09.27.23:365][895]LogAudioMixer: Display: Audio Mixer Platform Settings:
[2025.05.25-09.27.23:365][895]LogAudioMixer: Display: 	Sample Rate:						  48000
[2025.05.25-09.27.23:365][895]LogAudioMixer: Display: 	Callback Buffer Frame Size Requested: 1024
[2025.05.25-09.27.23:365][895]LogAudioMixer: Display: 	Callback Buffer Frame Size To Use:	  1024
[2025.05.25-09.27.23:365][895]LogAudioMixer: Display: 	Number of buffers to queue:			  1
[2025.05.25-09.27.23:365][895]LogAudioMixer: Display: 	Max Channels (voices):				  0
[2025.05.25-09.27.23:365][895]LogAudioMixer: Display: 	Number of Async Source Workers:		  4
[2025.05.25-09.27.23:365][895]LogAudio: Display: AudioDevice MaxSources: 32
[2025.05.25-09.27.23:365][895]LogAudio: Display: Audio Spatialization Plugin: Resonance Audio is external send: 1
[2025.05.25-09.27.23:365][895]LogAudio: Display: Audio Reverb Plugin: Resonance Audio
[2025.05.25-09.27.23:365][895]LogAudio: Display: Audio Occlusion Plugin: None (built-in).
[2025.05.25-09.27.23:365][895]LogAudioMixer: Display: Initializing audio mixer.
[2025.05.25-09.27.23:369][895]LogAudioMixer: Display: 0: FrontLeft
[2025.05.25-09.27.23:369][895]LogAudioMixer: Display: 1: FrontRight
[2025.05.25-09.27.23:407][895]LogAudioMixer: Display: Using Audio Device Динамики (Realtek(R) Audio)
[2025.05.25-09.27.23:407][895]LogAudioMixer: Display: Initializing Sound Submixes...
[2025.05.25-09.27.23:407][895]LogAudioMixer: Display: Creating Master Submix 'MasterSubmixDefault'
[2025.05.25-09.27.23:407][895]LogAudioMixer: Display: Creating Master Submix 'MasterReverbSubmixDefault'
[2025.05.25-09.27.23:407][895]LogAudioMixer: Display: Creating Master Submix 'MasterEQSubmixDefault'
[2025.05.25-09.27.23:407][895]LogAudioMixer: FMixerPlatformXAudio2::StartAudioStream() called
[2025.05.25-09.27.23:407][895]LogAudioMixer: Display: Output buffers initialized: Frames=1024, Channels=2, Samples=2048
[2025.05.25-09.27.23:409][895]LogAudioMixer: Display: Starting AudioMixerPlatformInterface::RunInternal()
[2025.05.25-09.27.23:409][895]LogAudioMixer: Display: FMixerPlatformXAudio2::SubmitBuffer() called for the first time
[2025.05.25-09.27.23:409][895]LogInit: FAudioDevice initialized.
[2025.05.25-09.27.23:409][895]LogAudio: Display: Audio Device (ID: 21) registered with world 'VRTemplateMap'.
[2025.05.25-09.27.23:420][895]LogLoad: Game class is 'VRGameMode_C'
[2025.05.25-09.27.23:422][895]LogWorld: Bringing World /Game/VRTemplate/Maps/UEDPIE_0_VRTemplateMap.VRTemplateMap up for play (max tick rate 60) at 2025.05.25-12.27.23
[2025.05.25-09.27.23:422][895]LogWorld: Bringing up level for play took: 0.001416
[2025.05.25-09.27.23:422][895]LogOnline: OSS: Creating online subsystem instance for: :Context_29
[2025.05.25-09.27.23:424][895]LogSpawn: Warning: SpawnActor failed because no class was specified
[2025.05.25-09.27.23:425][895]PIE: Server logged in
[2025.05.25-09.27.23:426][895]PIE: Play in editor total start time 0,125 seconds.
[2025.05.25-09.27.23:448][895]LogResonanceAudio: Display: Resonance Audio Listener is initialized
[2025.05.25-09.27.31:184][358]LogSlate: Updating window title bar state: overlay mode, drag disabled, window buttons hidden, title bar hidden
[2025.05.25-09.27.31:184][358]LogWorld: BeginTearingDown for /Game/VRTemplate/Maps/UEDPIE_0_VRTemplateMap
[2025.05.25-09.27.31:185][358]LogWorld: UWorld::CleanupWorld for VRTemplateMap, bSessionEnded=true, bCleanupResources=true
[2025.05.25-09.27.31:185][358]LogSlate: InvalidateAllWidgets triggered.  All widgets were invalidated
[2025.05.25-09.27.31:192][358]LogPlayLevel: Display: Shutting down PIE online subsystems
[2025.05.25-09.27.31:209][358]LogSlate: InvalidateAllWidgets triggered.  All widgets were invalidated
[2025.05.25-09.27.31:242][358]LogAudio: Display: Audio Device unregistered from world 'None'.
[2025.05.25-09.27.31:243][358]LogResonanceAudio: Display: Resonance Audio Listener is shutdown
[2025.05.25-09.27.31:243][358]LogAudioMixer: FMixerPlatformXAudio2::StopAudioStream() called
[2025.05.25-09.27.31:244][358]LogAudioMixer: FMixerPlatformXAudio2::StopAudioStream() called
[2025.05.25-09.27.31:248][358]LogSlate: Updating window title bar state: overlay mode, drag disabled, window buttons hidden, title bar hidden
[2025.05.25-09.27.31:252][358]LogUObjectHash: Compacting FUObjectHashTables data took   2.18ms
[2025.05.25-09.27.31:281][360]LogPlayLevel: Display: Destroying online subsystem :Context_29
[2025.05.25-09.27.43:737][107]LogWorld: UWorld::CleanupWorld for World_10, bSessionEnded=true, bCleanupResources=true
[2025.05.25-09.27.43:738][107]LogSlate: InvalidateAllWidgets triggered.  All widgets were invalidated
[2025.05.25-09.28.08:300][575]LogSlate: Prevented a slow task dialog from being summoned while a context menu was open
[2025.05.25-09.28.08:319][575]LogEditorClassViewer: Warning: Class /Engine/Tutorial/InWorldBlueprintEditing/TutorialAssets/IWBE_Blutility.IWBE_Blutility_C has parent /Script/Blutility.PlacedEditorUtilityBase, but this parent is not found. The Class will not be shown in ClassViewer.
[2025.05.25-09.28.23:262][462]BlueprintLog: New page: Compile Progress_WD
[2025.05.25-09.28.23:323][462]LogUObjectHash: Compacting FUObjectHashTables data took   3.01ms
[2025.05.25-09.28.23:740][486]Cmd: OBJ SAVEPACKAGE PACKAGE="/Game/Andrey/Inventory/Progress_WD" FILE="../../../../../../Users/AlisaDI/Documents/MephiTasks/UnrealProject/Content/Andrey/Inventory/Progress_WD.uasset" SILENT=true
[2025.05.25-09.28.23:744][486]LogSavePackage: Moving '../../../../../../Users/AlisaDI/Documents/MephiTasks/UnrealProject/Saved/Progress_WD5C08B8A849729E7CCE6403A05649950B.tmp' to '../../../../../../Users/AlisaDI/Documents/MephiTasks/UnrealProject/Content/Andrey/Inventory/Progress_WD.uasset'
[2025.05.25-09.28.23:764][486]AssetCheck: New page: Asset Save: Progress_WD
[2025.05.25-09.28.23:764][486]LogContentValidation: Display: Validating WidgetBlueprint /Game/Andrey/Inventory/Progress_WD.Progress_WD
[2025.05.25-09.28.36:858][259]LogUObjectHash: Compacting FUObjectHashTables data took   2.62ms
[2025.05.25-09.28.36:871][259]LogSavePackage: Moving '../../../../../../Users/AlisaDI/Documents/MephiTasks/UnrealProject/Saved/VRTemplateMap_Auto35799D189465C1A4163A7229F873D64B0.tmp' to '../../../../../../Users/AlisaDI/Documents/MephiTasks/UnrealProject/Saved/Autosaves/Game/VRTemplate/Maps/VRTemplateMap_Auto3.umap'
[2025.05.25-09.28.36:872][259]LogFileHelpers: Editor autosave (incl. external actors) for '/Game/VRTemplate/Maps/VRTemplateMap' took 0.049
[2025.05.25-09.28.36:872][259]LogFileHelpers: Editor autosave (incl. sublevels & external actors) for all levels took 0.049
[2025.05.25-09.28.36:873][259]OBJ SavePackage: Generating thumbnails for [0] asset(s) in package [/Game/Andrey/Inventory/Progress_WD] ([2] browsable assets)...
[2025.05.25-09.28.36:873][259]OBJ SavePackage: Finished generating thumbnails for package [/Game/Andrey/Inventory/Progress_WD]
[2025.05.25-09.28.36:877][259]LogSavePackage: Moving '../../../../../../Users/AlisaDI/Documents/MephiTasks/UnrealProject/Saved/Progress_WD_Auto39D9C800C4806CFAC3A743781D07A719D.tmp' to '../../../../../../Users/AlisaDI/Documents/MephiTasks/UnrealProject/Saved/Autosaves/Game/Andrey/Inventory/Progress_WD_Auto3.uasset'
[2025.05.25-09.28.36:878][259]LogFileHelpers: Auto-saving content packages took 0.005
[2025.05.25-09.30.42:234][690]BlueprintLog: New page: Compile Progress_WD
[2025.05.25-09.30.42:296][690]LogUObjectHash: Compacting FUObjectHashTables data took   3.15ms
[2025.05.25-09.30.42:834][721]Cmd: OBJ SAVEPACKAGE PACKAGE="/Game/Andrey/Inventory/Progress_WD" FILE="../../../../../../Users/AlisaDI/Documents/MephiTasks/UnrealProject/Content/Andrey/Inventory/Progress_WD.uasset" SILENT=true
[2025.05.25-09.30.42:838][721]LogSavePackage: Moving '../../../../../../Users/AlisaDI/Documents/MephiTasks/UnrealProject/Saved/Progress_WDCD3AFD3F44DDBE2890FD18AC98EAB465.tmp' to '../../../../../../Users/AlisaDI/Documents/MephiTasks/UnrealProject/Content/Andrey/Inventory/Progress_WD.uasset'
[2025.05.25-09.30.42:856][721]AssetCheck: New page: Asset Save: Progress_WD
[2025.05.25-09.30.42:856][721]LogContentValidation: Display: Validating WidgetBlueprint /Game/Andrey/Inventory/Progress_WD.Progress_WD
[2025.05.25-09.30.45:823][899]LogTemp: Repeating last play command: Simulate
[2025.05.25-09.30.45:828][899]LogPlayLevel: PlayLevel: No blueprints needed recompiling
[2025.05.25-09.30.45:828][899]PIE: New page: SIE session: VRTemplateMap (25 мая 2025 г., 15:30:45)
[2025.05.25-09.30.45:828][899]LogPlayLevel: Creating play world package: /Game/VRTemplate/Maps/UEDPIE_0_VRTemplateMap
[2025.05.25-09.30.45:832][899]LogPlayLevel: PIE: StaticDuplicateObject took: (0.004358s)
[2025.05.25-09.30.45:833][899]LogAIModule: Creating AISystem for world VRTemplateMap
[2025.05.25-09.30.45:833][899]LogPlayLevel: PIE: World Init took: (0.001190s)
[2025.05.25-09.30.45:834][899]LogPlayLevel: PIE: Created PIE world by copying editor world from /Game/VRTemplate/Maps/VRTemplateMap.VRTemplateMap to /Game/VRTemplate/Maps/UEDPIE_0_VRTemplateMap.VRTemplateMap (0.005723s)
[2025.05.25-09.30.45:871][899]LogUObjectHash: Compacting FUObjectHashTables data took   3.49ms
[2025.05.25-09.30.45:873][899]LogAudio: Display: Creating Audio Device:                 Id: 22, Scope: Unique, Realtime: True
[2025.05.25-09.30.45:873][899]LogAudioMixer: Display: Audio Mixer Platform Settings:
[2025.05.25-09.30.45:873][899]LogAudioMixer: Display: 	Sample Rate:						  48000
[2025.05.25-09.30.45:873][899]LogAudioMixer: Display: 	Callback Buffer Frame Size Requested: 1024
[2025.05.25-09.30.45:873][899]LogAudioMixer: Display: 	Callback Buffer Frame Size To Use:	  1024
[2025.05.25-09.30.45:873][899]LogAudioMixer: Display: 	Number of buffers to queue:			  1
[2025.05.25-09.30.45:873][899]LogAudioMixer: Display: 	Max Channels (voices):				  0
[2025.05.25-09.30.45:873][899]LogAudioMixer: Display: 	Number of Async Source Workers:		  4
[2025.05.25-09.30.45:873][899]LogAudio: Display: AudioDevice MaxSources: 32
[2025.05.25-09.30.45:873][899]LogAudio: Display: Audio Spatialization Plugin: Resonance Audio is external send: 1
[2025.05.25-09.30.45:873][899]LogAudio: Display: Audio Reverb Plugin: Resonance Audio
[2025.05.25-09.30.45:873][899]LogAudio: Display: Audio Occlusion Plugin: None (built-in).
[2025.05.25-09.30.45:873][899]LogAudioMixer: Display: Initializing audio mixer.
[2025.05.25-09.30.45:878][899]LogAudioMixer: Display: 0: FrontLeft
[2025.05.25-09.30.45:878][899]LogAudioMixer: Display: 1: FrontRight
[2025.05.25-09.30.45:924][899]LogAudioMixer: Display: Using Audio Device Динамики (Realtek(R) Audio)
[2025.05.25-09.30.45:924][899]LogAudioMixer: Display: Initializing Sound Submixes...
[2025.05.25-09.30.45:924][899]LogAudioMixer: Display: Creating Master Submix 'MasterSubmixDefault'
[2025.05.25-09.30.45:924][899]LogAudioMixer: Display: Creating Master Submix 'MasterReverbSubmixDefault'
[2025.05.25-09.30.45:924][899]LogAudioMixer: Display: Creating Master Submix 'MasterEQSubmixDefault'
[2025.05.25-09.30.45:925][899]LogAudioMixer: FMixerPlatformXAudio2::StartAudioStream() called
[2025.05.25-09.30.45:925][899]LogAudioMixer: Display: Output buffers initialized: Frames=1024, Channels=2, Samples=2048
[2025.05.25-09.30.45:925][899]LogAudioMixer: Display: Starting AudioMixerPlatformInterface::RunInternal()
[2025.05.25-09.30.45:925][899]LogAudioMixer: Display: FMixerPlatformXAudio2::SubmitBuffer() called for the first time
[2025.05.25-09.30.45:925][899]LogInit: FAudioDevice initialized.
[2025.05.25-09.30.45:926][899]LogAudio: Display: Audio Device (ID: 22) registered with world 'VRTemplateMap'.
[2025.05.25-09.30.45:933][899]LogLoad: Game class is 'VRGameMode_C'
[2025.05.25-09.30.45:935][899]LogWorld: Bringing World /Game/VRTemplate/Maps/UEDPIE_0_VRTemplateMap.VRTemplateMap up for play (max tick rate 60) at 2025.05.25-12.30.45
[2025.05.25-09.30.45:936][899]LogWorld: Bringing up level for play took: 0.001554
[2025.05.25-09.30.45:936][899]LogOnline: OSS: Creating online subsystem instance for: :Context_30
[2025.05.25-09.30.45:937][899]LogSpawn: Warning: SpawnActor failed because no class was specified
[2025.05.25-09.30.45:939][899]PIE: Server logged in
[2025.05.25-09.30.45:940][899]PIE: Play in editor total start time 0,112 seconds.
[2025.05.25-09.30.45:963][899]LogResonanceAudio: Display: Resonance Audio Listener is initialized
[2025.05.25-09.31.03:995][979]LogSlate: Updating window title bar state: overlay mode, drag disabled, window buttons hidden, title bar hidden
[2025.05.25-09.31.03:995][979]LogWorld: BeginTearingDown for /Game/VRTemplate/Maps/UEDPIE_0_VRTemplateMap
[2025.05.25-09.31.03:996][979]LogWorld: UWorld::CleanupWorld for VRTemplateMap, bSessionEnded=true, bCleanupResources=true
[2025.05.25-09.31.03:996][979]LogSlate: InvalidateAllWidgets triggered.  All widgets were invalidated
[2025.05.25-09.31.04:002][979]LogPlayLevel: Display: Shutting down PIE online subsystems
[2025.05.25-09.31.04:019][979]LogSlate: InvalidateAllWidgets triggered.  All widgets were invalidated
[2025.05.25-09.31.04:051][979]LogAudio: Display: Audio Device unregistered from world 'None'.
[2025.05.25-09.31.04:051][979]LogResonanceAudio: Display: Resonance Audio Listener is shutdown
[2025.05.25-09.31.04:051][979]LogAudioMixer: FMixerPlatformXAudio2::StopAudioStream() called
[2025.05.25-09.31.04:053][979]LogAudioMixer: FMixerPlatformXAudio2::StopAudioStream() called
[2025.05.25-09.31.04:056][979]LogSlate: Updating window title bar state: overlay mode, drag disabled, window buttons hidden, title bar hidden
[2025.05.25-09.31.04:060][979]LogUObjectHash: Compacting FUObjectHashTables data took   2.62ms
[2025.05.25-09.31.04:109][982]LogPlayLevel: Display: Destroying online subsystem :Context_30
[2025.05.25-09.31.14:345][596]LogEditorViewport: Clicking on Actor (LMB): Progress_BP_C (Progress_BP)
[2025.05.25-09.31.15:565][668]Cmd: DELETE
[2025.05.25-09.31.15:565][668]Cmd: ACTOR DELETE
[2025.05.25-09.31.15:573][668]LogEditorActor: Deleted Actor: Progress_BP_C
[2025.05.25-09.31.15:605][668]LogUObjectHash: Compacting FUObjectHashTables data took   2.35ms
[2025.05.25-09.31.15:608][668]LogEditorActor: Deleted 1 Actors (0.043 secs)
[2025.05.25-09.31.16:782][739]LogEditorViewport: Clicking on Actor (LMB): StaticMeshActor (Wall_400x302)
[2025.05.25-09.31.17:610][787]LogEditorViewport: Clicking on Actor (LMB): StaticMeshActor (TemplateFloor)
[2025.05.25-09.38.55:248][221]LogUObjectHash: Compacting FUObjectHashTables data took   1.30ms
[2025.05.25-09.38.55:262][221]LogSavePackage: Moving '../../../../../../Users/AlisaDI/Documents/MephiTasks/UnrealProject/Saved/VRTemplateMap_Auto42260B5544C1E1A4BDF5F0C8664C4076D.tmp' to '../../../../../../Users/AlisaDI/Documents/MephiTasks/UnrealProject/Saved/Autosaves/Game/VRTemplate/Maps/VRTemplateMap_Auto4.umap'
[2025.05.25-09.38.55:263][221]LogFileHelpers: Editor autosave (incl. external actors) for '/Game/VRTemplate/Maps/VRTemplateMap' took 0.052
[2025.05.25-09.38.55:263][221]LogFileHelpers: Editor autosave (incl. sublevels & external actors) for all levels took 0.052
[2025.05.25-09.42.36:432][ 95]BlueprintLog: New page: Compile BP_test_menu_2
[2025.05.25-09.42.36:503][ 95]LogUObjectHash: Compacting FUObjectHashTables data took   3.19ms
[2025.05.25-09.42.36:911][113]Cmd: OBJ SAVEPACKAGE PACKAGE="/Game/Andrey/Menu/BP_test_menu_2" FILE="../../../../../../Users/AlisaDI/Documents/MephiTasks/UnrealProject/Content/Andrey/Menu/BP_test_menu_2.uasset" SILENT=true
[2025.05.25-09.42.36:961][113]LogSavePackage: Moving '../../../../../../Users/AlisaDI/Documents/MephiTasks/UnrealProject/Saved/BP_test_menu_25B467E154E23792E4AFF759432E235D7.tmp' to '../../../../../../Users/AlisaDI/Documents/MephiTasks/UnrealProject/Content/Andrey/Menu/BP_test_menu_2.uasset'
[2025.05.25-09.42.36:979][113]AssetCheck: New page: Asset Save: BP_test_menu_2
[2025.05.25-09.42.36:979][113]LogContentValidation: Display: Validating Blueprint /Game/Andrey/Menu/BP_test_menu_2.BP_test_menu_2
[2025.05.25-09.42.38:492][204]LogTemp: Repeating last play command: Simulate
[2025.05.25-09.42.38:498][204]LogPlayLevel: PlayLevel: No blueprints needed recompiling
[2025.05.25-09.42.38:498][204]PIE: New page: SIE session: VRTemplateMap (25 мая 2025 г., 15:42:38)
[2025.05.25-09.42.38:498][204]LogPlayLevel: Creating play world package: /Game/VRTemplate/Maps/UEDPIE_0_VRTemplateMap
[2025.05.25-09.42.38:503][204]LogPlayLevel: PIE: StaticDuplicateObject took: (0.004377s)
[2025.05.25-09.42.38:504][204]LogAIModule: Creating AISystem for world VRTemplateMap
[2025.05.25-09.42.38:504][204]LogPlayLevel: PIE: World Init took: (0.001200s)
[2025.05.25-09.42.38:504][204]LogPlayLevel: PIE: Created PIE world by copying editor world from /Game/VRTemplate/Maps/VRTemplateMap.VRTemplateMap to /Game/VRTemplate/Maps/UEDPIE_0_VRTemplateMap.VRTemplateMap (0.005731s)
[2025.05.25-09.42.38:541][204]LogUObjectHash: Compacting FUObjectHashTables data took   3.51ms
[2025.05.25-09.42.38:542][204]LogAudio: Display: Creating Audio Device:                 Id: 23, Scope: Unique, Realtime: True
[2025.05.25-09.42.38:542][204]LogAudioMixer: Display: Audio Mixer Platform Settings:
[2025.05.25-09.42.38:542][204]LogAudioMixer: Display: 	Sample Rate:						  48000
[2025.05.25-09.42.38:542][204]LogAudioMixer: Display: 	Callback Buffer Frame Size Requested: 1024
[2025.05.25-09.42.38:542][204]LogAudioMixer: Display: 	Callback Buffer Frame Size To Use:	  1024
[2025.05.25-09.42.38:542][204]LogAudioMixer: Display: 	Number of buffers to queue:			  1
[2025.05.25-09.42.38:542][204]LogAudioMixer: Display: 	Max Channels (voices):				  0
[2025.05.25-09.42.38:542][204]LogAudioMixer: Display: 	Number of Async Source Workers:		  4
[2025.05.25-09.42.38:542][204]LogAudio: Display: AudioDevice MaxSources: 32
[2025.05.25-09.42.38:542][204]LogAudio: Display: Audio Spatialization Plugin: Resonance Audio is external send: 1
[2025.05.25-09.42.38:542][204]LogAudio: Display: Audio Reverb Plugin: Resonance Audio
[2025.05.25-09.42.38:542][204]LogAudio: Display: Audio Occlusion Plugin: None (built-in).
[2025.05.25-09.42.38:542][204]LogAudioMixer: Display: Initializing audio mixer.
[2025.05.25-09.42.38:547][204]LogAudioMixer: Display: 0: FrontLeft
[2025.05.25-09.42.38:547][204]LogAudioMixer: Display: 1: FrontRight
[2025.05.25-09.42.38:588][204]LogAudioMixer: Display: Using Audio Device Динамики (Realtek(R) Audio)
[2025.05.25-09.42.38:588][204]LogAudioMixer: Display: Initializing Sound Submixes...
[2025.05.25-09.42.38:588][204]LogAudioMixer: Display: Creating Master Submix 'MasterSubmixDefault'
[2025.05.25-09.42.38:588][204]LogAudioMixer: Display: Creating Master Submix 'MasterReverbSubmixDefault'
[2025.05.25-09.42.38:588][204]LogAudioMixer: Display: Creating Master Submix 'MasterEQSubmixDefault'
[2025.05.25-09.42.38:588][204]LogAudioMixer: FMixerPlatformXAudio2::StartAudioStream() called
[2025.05.25-09.42.38:588][204]LogAudioMixer: Display: Output buffers initialized: Frames=1024, Channels=2, Samples=2048
[2025.05.25-09.42.38:589][204]LogAudioMixer: Display: Starting AudioMixerPlatformInterface::RunInternal()
[2025.05.25-09.42.38:589][204]LogAudioMixer: Display: FMixerPlatformXAudio2::SubmitBuffer() called for the first time
[2025.05.25-09.42.38:589][204]LogInit: FAudioDevice initialized.
[2025.05.25-09.42.38:589][204]LogAudio: Display: Audio Device (ID: 23) registered with world 'VRTemplateMap'.
[2025.05.25-09.42.38:594][204]LogLoad: Game class is 'VRGameMode_C'
[2025.05.25-09.42.38:596][204]LogWorld: Bringing World /Game/VRTemplate/Maps/UEDPIE_0_VRTemplateMap.VRTemplateMap up for play (max tick rate 60) at 2025.05.25-12.42.38
[2025.05.25-09.42.38:596][204]LogWorld: Bringing up level for play took: 0.001393
[2025.05.25-09.42.38:597][204]LogOnline: OSS: Creating online subsystem instance for: :Context_31
[2025.05.25-09.42.38:598][204]LogSpawn: Warning: SpawnActor failed because no class was specified
[2025.05.25-09.42.38:600][204]PIE: Server logged in
[2025.05.25-09.42.38:600][204]PIE: Play in editor total start time 0,103 seconds.
[2025.05.25-09.42.38:622][204]LogResonanceAudio: Display: Resonance Audio Listener is initialized
[2025.05.25-09.42.46:243][659]LogSlate: Updating window title bar state: overlay mode, drag disabled, window buttons hidden, title bar hidden
[2025.05.25-09.42.46:243][659]LogWorld: BeginTearingDown for /Game/VRTemplate/Maps/UEDPIE_0_VRTemplateMap
[2025.05.25-09.42.46:243][659]LogWorld: UWorld::CleanupWorld for VRTemplateMap, bSessionEnded=true, bCleanupResources=true
[2025.05.25-09.42.46:243][659]LogSlate: InvalidateAllWidgets triggered.  All widgets were invalidated
[2025.05.25-09.42.46:270][659]LogPlayLevel: Display: Shutting down PIE online subsystems
[2025.05.25-09.42.46:284][659]LogSlate: InvalidateAllWidgets triggered.  All widgets were invalidated
[2025.05.25-09.42.46:314][659]LogAudio: Display: Audio Device unregistered from world 'None'.
[2025.05.25-09.42.46:315][659]LogResonanceAudio: Display: Resonance Audio Listener is shutdown
[2025.05.25-09.42.46:315][659]LogAudioMixer: FMixerPlatformXAudio2::StopAudioStream() called
[2025.05.25-09.42.46:317][659]LogAudioMixer: FMixerPlatformXAudio2::StopAudioStream() called
[2025.05.25-09.42.46:321][659]LogSlate: Updating window title bar state: overlay mode, drag disabled, window buttons hidden, title bar hidden
[2025.05.25-09.42.46:324][659]LogUObjectHash: Compacting FUObjectHashTables data took   1.99ms
[2025.05.25-09.42.46:385][660]LogPlayLevel: Display: Destroying online subsystem :Context_31
[2025.05.25-09.43.05:267][793]BlueprintLog: New page: Compile BP_test_menu_2
[2025.05.25-09.43.05:342][793]LogUObjectHash: Compacting FUObjectHashTables data took   2.85ms
[2025.05.25-09.43.05:727][809]Cmd: OBJ SAVEPACKAGE PACKAGE="/Game/Andrey/Menu/BP_test_menu_2" FILE="../../../../../../Users/AlisaDI/Documents/MephiTasks/UnrealProject/Content/Andrey/Menu/BP_test_menu_2.uasset" SILENT=true
[2025.05.25-09.43.05:773][809]LogSavePackage: Moving '../../../../../../Users/AlisaDI/Documents/MephiTasks/UnrealProject/Saved/BP_test_menu_26366552E49C6538364CB9D94A42966C8.tmp' to '../../../../../../Users/AlisaDI/Documents/MephiTasks/UnrealProject/Content/Andrey/Menu/BP_test_menu_2.uasset'
[2025.05.25-09.43.05:788][809]AssetCheck: New page: Asset Save: BP_test_menu_2
[2025.05.25-09.43.05:790][809]LogContentValidation: Display: Validating Blueprint /Game/Andrey/Menu/BP_test_menu_2.BP_test_menu_2
[2025.05.25-09.43.07:106][888]LogTemp: Repeating last play command: Simulate
[2025.05.25-09.43.07:111][888]LogPlayLevel: PlayLevel: No blueprints needed recompiling
[2025.05.25-09.43.07:111][888]PIE: New page: SIE session: VRTemplateMap (25 мая 2025 г., 15:43:07)
[2025.05.25-09.43.07:111][888]LogPlayLevel: Creating play world package: /Game/VRTemplate/Maps/UEDPIE_0_VRTemplateMap
[2025.05.25-09.43.07:115][888]LogPlayLevel: PIE: StaticDuplicateObject took: (0.003753s)
[2025.05.25-09.43.07:116][888]LogAIModule: Creating AISystem for world VRTemplateMap
[2025.05.25-09.43.07:116][888]LogPlayLevel: PIE: World Init took: (0.000878s)
[2025.05.25-09.43.07:116][888]LogPlayLevel: PIE: Created PIE world by copying editor world from /Game/VRTemplate/Maps/VRTemplateMap.VRTemplateMap to /Game/VRTemplate/Maps/UEDPIE_0_VRTemplateMap.VRTemplateMap (0.004740s)
[2025.05.25-09.43.07:149][888]LogUObjectHash: Compacting FUObjectHashTables data took   2.93ms
[2025.05.25-09.43.07:150][888]LogAudio: Display: Creating Audio Device:                 Id: 24, Scope: Unique, Realtime: True
[2025.05.25-09.43.07:150][888]LogAudioMixer: Display: Audio Mixer Platform Settings:
[2025.05.25-09.43.07:150][888]LogAudioMixer: Display: 	Sample Rate:						  48000
[2025.05.25-09.43.07:150][888]LogAudioMixer: Display: 	Callback Buffer Frame Size Requested: 1024
[2025.05.25-09.43.07:150][888]LogAudioMixer: Display: 	Callback Buffer Frame Size To Use:	  1024
[2025.05.25-09.43.07:150][888]LogAudioMixer: Display: 	Number of buffers to queue:			  1
[2025.05.25-09.43.07:150][888]LogAudioMixer: Display: 	Max Channels (voices):				  0
[2025.05.25-09.43.07:150][888]LogAudioMixer: Display: 	Number of Async Source Workers:		  4
[2025.05.25-09.43.07:150][888]LogAudio: Display: AudioDevice MaxSources: 32
[2025.05.25-09.43.07:150][888]LogAudio: Display: Audio Spatialization Plugin: Resonance Audio is external send: 1
[2025.05.25-09.43.07:150][888]LogAudio: Display: Audio Reverb Plugin: Resonance Audio
[2025.05.25-09.43.07:150][888]LogAudio: Display: Audio Occlusion Plugin: None (built-in).
[2025.05.25-09.43.07:150][888]LogAudioMixer: Display: Initializing audio mixer.
[2025.05.25-09.43.07:154][888]LogAudioMixer: Display: 0: FrontLeft
[2025.05.25-09.43.07:154][888]LogAudioMixer: Display: 1: FrontRight
[2025.05.25-09.43.07:188][888]LogAudioMixer: Display: Using Audio Device Динамики (Realtek(R) Audio)
[2025.05.25-09.43.07:188][888]LogAudioMixer: Display: Initializing Sound Submixes...
[2025.05.25-09.43.07:188][888]LogAudioMixer: Display: Creating Master Submix 'MasterSubmixDefault'
[2025.05.25-09.43.07:188][888]LogAudioMixer: Display: Creating Master Submix 'MasterReverbSubmixDefault'
[2025.05.25-09.43.07:188][888]LogAudioMixer: Display: Creating Master Submix 'MasterEQSubmixDefault'
[2025.05.25-09.43.07:188][888]LogAudioMixer: FMixerPlatformXAudio2::StartAudioStream() called
[2025.05.25-09.43.07:188][888]LogAudioMixer: Display: Output buffers initialized: Frames=1024, Channels=2, Samples=2048
[2025.05.25-09.43.07:189][888]LogAudioMixer: Display: Starting AudioMixerPlatformInterface::RunInternal()
[2025.05.25-09.43.07:189][888]LogAudioMixer: Display: FMixerPlatformXAudio2::SubmitBuffer() called for the first time
[2025.05.25-09.43.07:189][888]LogInit: FAudioDevice initialized.
[2025.05.25-09.43.07:189][888]LogAudio: Display: Audio Device (ID: 24) registered with world 'VRTemplateMap'.
[2025.05.25-09.43.07:198][888]LogLoad: Game class is 'VRGameMode_C'
[2025.05.25-09.43.07:200][888]LogWorld: Bringing World /Game/VRTemplate/Maps/UEDPIE_0_VRTemplateMap.VRTemplateMap up for play (max tick rate 60) at 2025.05.25-12.43.07
[2025.05.25-09.43.07:200][888]LogWorld: Bringing up level for play took: 0.001639
[2025.05.25-09.43.07:201][888]LogOnline: OSS: Creating online subsystem instance for: :Context_32
[2025.05.25-09.43.07:202][888]LogSpawn: Warning: SpawnActor failed because no class was specified
[2025.05.25-09.43.07:203][888]PIE: Server logged in
[2025.05.25-09.43.07:204][888]PIE: Play in editor total start time 0,094 seconds.
[2025.05.25-09.43.07:225][888]LogResonanceAudio: Display: Resonance Audio Listener is initialized
[2025.05.25-09.43.14:109][298]LogSlate: Updating window title bar state: overlay mode, drag disabled, window buttons hidden, title bar hidden
[2025.05.25-09.43.14:109][298]LogWorld: BeginTearingDown for /Game/VRTemplate/Maps/UEDPIE_0_VRTemplateMap
[2025.05.25-09.43.14:110][298]LogWorld: UWorld::CleanupWorld for VRTemplateMap, bSessionEnded=true, bCleanupResources=true
[2025.05.25-09.43.14:110][298]LogSlate: InvalidateAllWidgets triggered.  All widgets were invalidated
[2025.05.25-09.43.14:134][298]LogPlayLevel: Display: Shutting down PIE online subsystems
[2025.05.25-09.43.14:149][298]LogSlate: InvalidateAllWidgets triggered.  All widgets were invalidated
[2025.05.25-09.43.14:180][298]LogAudio: Display: Audio Device unregistered from world 'None'.
[2025.05.25-09.43.14:180][298]LogResonanceAudio: Display: Resonance Audio Listener is shutdown
[2025.05.25-09.43.14:180][298]LogAudioMixer: FMixerPlatformXAudio2::StopAudioStream() called
[2025.05.25-09.43.14:182][298]LogAudioMixer: FMixerPlatformXAudio2::StopAudioStream() called
[2025.05.25-09.43.14:185][298]LogSlate: Updating window title bar state: overlay mode, drag disabled, window buttons hidden, title bar hidden
[2025.05.25-09.43.14:189][298]LogUObjectHash: Compacting FUObjectHashTables data took   2.08ms
[2025.05.25-09.43.14:222][299]LogPlayLevel: Display: Destroying online subsystem :Context_32
[2025.05.25-09.43.20:186][653]BlueprintLog: New page: Compile BP_test_menu_2
[2025.05.25-09.43.20:256][653]LogUObjectHash: Compacting FUObjectHashTables data took   2.61ms
[2025.05.25-09.43.20:588][666]Cmd: OBJ SAVEPACKAGE PACKAGE="/Game/Andrey/Menu/BP_test_menu_2" FILE="../../../../../../Users/AlisaDI/Documents/MephiTasks/UnrealProject/Content/Andrey/Menu/BP_test_menu_2.uasset" SILENT=true
[2025.05.25-09.43.20:633][666]LogSavePackage: Moving '../../../../../../Users/AlisaDI/Documents/MephiTasks/UnrealProject/Saved/BP_test_menu_2EF2F3184419DFA4D34DADF9AC9750D30.tmp' to '../../../../../../Users/AlisaDI/Documents/MephiTasks/UnrealProject/Content/Andrey/Menu/BP_test_menu_2.uasset'
[2025.05.25-09.43.20:649][666]AssetCheck: New page: Asset Save: BP_test_menu_2
[2025.05.25-09.43.20:650][666]LogContentValidation: Display: Validating Blueprint /Game/Andrey/Menu/BP_test_menu_2.BP_test_menu_2
[2025.05.25-09.43.22:055][750]LogTemp: Repeating last play command: Simulate
[2025.05.25-09.43.22:061][750]LogPlayLevel: PlayLevel: No blueprints needed recompiling
[2025.05.25-09.43.22:061][750]PIE: New page: SIE session: VRTemplateMap (25 мая 2025 г., 15:43:22)
[2025.05.25-09.43.22:061][750]LogPlayLevel: Creating play world package: /Game/VRTemplate/Maps/UEDPIE_0_VRTemplateMap
[2025.05.25-09.43.22:065][750]LogPlayLevel: PIE: StaticDuplicateObject took: (0.004220s)
[2025.05.25-09.43.22:066][750]LogAIModule: Creating AISystem for world VRTemplateMap
[2025.05.25-09.43.22:066][750]LogPlayLevel: PIE: World Init took: (0.001152s)
[2025.05.25-09.43.22:066][750]LogPlayLevel: PIE: Created PIE world by copying editor world from /Game/VRTemplate/Maps/VRTemplateMap.VRTemplateMap to /Game/VRTemplate/Maps/UEDPIE_0_VRTemplateMap.VRTemplateMap (0.005520s)
[2025.05.25-09.43.22:100][750]LogUObjectHash: Compacting FUObjectHashTables data took   2.92ms
[2025.05.25-09.43.22:101][750]LogAudio: Display: Creating Audio Device:                 Id: 25, Scope: Unique, Realtime: True
[2025.05.25-09.43.22:101][750]LogAudioMixer: Display: Audio Mixer Platform Settings:
[2025.05.25-09.43.22:101][750]LogAudioMixer: Display: 	Sample Rate:						  48000
[2025.05.25-09.43.22:101][750]LogAudioMixer: Display: 	Callback Buffer Frame Size Requested: 1024
[2025.05.25-09.43.22:101][750]LogAudioMixer: Display: 	Callback Buffer Frame Size To Use:	  1024
[2025.05.25-09.43.22:101][750]LogAudioMixer: Display: 	Number of buffers to queue:			  1
[2025.05.25-09.43.22:101][750]LogAudioMixer: Display: 	Max Channels (voices):				  0
[2025.05.25-09.43.22:101][750]LogAudioMixer: Display: 	Number of Async Source Workers:		  4
[2025.05.25-09.43.22:101][750]LogAudio: Display: AudioDevice MaxSources: 32
[2025.05.25-09.43.22:102][750]LogAudio: Display: Audio Spatialization Plugin: Resonance Audio is external send: 1
[2025.05.25-09.43.22:102][750]LogAudio: Display: Audio Reverb Plugin: Resonance Audio
[2025.05.25-09.43.22:102][750]LogAudio: Display: Audio Occlusion Plugin: None (built-in).
[2025.05.25-09.43.22:102][750]LogAudioMixer: Display: Initializing audio mixer.
[2025.05.25-09.43.22:105][750]LogAudioMixer: Display: 0: FrontLeft
[2025.05.25-09.43.22:105][750]LogAudioMixer: Display: 1: FrontRight
[2025.05.25-09.43.22:149][750]LogAudioMixer: Display: Using Audio Device Динамики (Realtek(R) Audio)
[2025.05.25-09.43.22:150][750]LogAudioMixer: Display: Initializing Sound Submixes...
[2025.05.25-09.43.22:150][750]LogAudioMixer: Display: Creating Master Submix 'MasterSubmixDefault'
[2025.05.25-09.43.22:150][750]LogAudioMixer: Display: Creating Master Submix 'MasterReverbSubmixDefault'
[2025.05.25-09.43.22:150][750]LogAudioMixer: Display: Creating Master Submix 'MasterEQSubmixDefault'
[2025.05.25-09.43.22:150][750]LogAudioMixer: FMixerPlatformXAudio2::StartAudioStream() called
[2025.05.25-09.43.22:150][750]LogAudioMixer: Display: Output buffers initialized: Frames=1024, Channels=2, Samples=2048
[2025.05.25-09.43.22:151][750]LogAudioMixer: Display: Starting AudioMixerPlatformInterface::RunInternal()
[2025.05.25-09.43.22:151][750]LogAudioMixer: Display: FMixerPlatformXAudio2::SubmitBuffer() called for the first time
[2025.05.25-09.43.22:151][750]LogInit: FAudioDevice initialized.
[2025.05.25-09.43.22:151][750]LogAudio: Display: Audio Device (ID: 25) registered with world 'VRTemplateMap'.
[2025.05.25-09.43.22:156][750]LogLoad: Game class is 'VRGameMode_C'
[2025.05.25-09.43.22:158][750]LogWorld: Bringing World /Game/VRTemplate/Maps/UEDPIE_0_VRTemplateMap.VRTemplateMap up for play (max tick rate 60) at 2025.05.25-12.43.22
[2025.05.25-09.43.22:158][750]LogWorld: Bringing up level for play took: 0.001230
[2025.05.25-09.43.22:158][750]LogOnline: OSS: Creating online subsystem instance for: :Context_33
[2025.05.25-09.43.22:159][750]LogSpawn: Warning: SpawnActor failed because no class was specified
[2025.05.25-09.43.22:161][750]PIE: Server logged in
[2025.05.25-09.43.22:161][750]PIE: Play in editor total start time 0,102 seconds.
[2025.05.25-09.43.22:182][750]LogResonanceAudio: Display: Resonance Audio Listener is initialized
[2025.05.25-09.43.31:221][289]LogSlate: Updating window title bar state: overlay mode, drag disabled, window buttons hidden, title bar hidden
[2025.05.25-09.43.31:221][289]LogWorld: BeginTearingDown for /Game/VRTemplate/Maps/UEDPIE_0_VRTemplateMap
[2025.05.25-09.43.31:222][289]LogWorld: UWorld::CleanupWorld for VRTemplateMap, bSessionEnded=true, bCleanupResources=true
[2025.05.25-09.43.31:222][289]LogSlate: InvalidateAllWidgets triggered.  All widgets were invalidated
[2025.05.25-09.43.31:245][289]LogPlayLevel: Display: Shutting down PIE online subsystems
[2025.05.25-09.43.31:259][289]LogSlate: InvalidateAllWidgets triggered.  All widgets were invalidated
[2025.05.25-09.43.31:290][289]LogAudio: Display: Audio Device unregistered from world 'None'.
[2025.05.25-09.43.31:290][289]LogResonanceAudio: Display: Resonance Audio Listener is shutdown
[2025.05.25-09.43.31:290][289]LogAudioMixer: FMixerPlatformXAudio2::StopAudioStream() called
[2025.05.25-09.43.31:291][289]LogAudioMixer: FMixerPlatformXAudio2::StopAudioStream() called
[2025.05.25-09.43.31:295][289]LogSlate: Updating window title bar state: overlay mode, drag disabled, window buttons hidden, title bar hidden
[2025.05.25-09.43.31:298][289]LogUObjectHash: Compacting FUObjectHashTables data took   2.07ms
[2025.05.25-09.43.31:330][290]LogPlayLevel: Display: Destroying online subsystem :Context_33
[2025.05.25-09.44.30:482][837]LogEditorTransaction: Undo Change Vector Pin Value
[2025.05.25-09.44.30:754][847]LogEditorTransaction: Undo Change Vector Pin Value
[2025.05.25-09.44.31:117][862]LogEditorTransaction: Undo Create Pin Link
[2025.05.25-09.44.31:435][876]LogEditorTransaction: Undo Move Node
[2025.05.25-09.44.31:725][889]LogEditorTransaction: Undo Add Node
[2025.05.25-09.44.32:117][908]LogEditorTransaction: Undo Clicking on Actors
[2025.05.25-09.44.32:413][925]LogEditorTransaction: Undo Clicking on Actors
[2025.05.25-09.44.33:681][  1]LogEditorTransaction: Undo Delete Actors
[2025.05.25-09.44.34:014][ 21]LogEditorTransaction: Undo Clicking on Actors
[2025.05.25-09.44.34:653][ 59]LogEditorTransaction: Undo Change Number Pin Value
[2025.05.25-09.44.36:215][152]LogEditorTransaction: Undo Delete current selection
[2025.05.25-09.44.36:716][182]LogEditorTransaction: Undo Change Number Pin Value
[2025.05.25-09.44.37:132][207]LogEditorTransaction: Undo Add Node
[2025.05.25-09.44.40:983][438]BlueprintLog: New page: Compile BP_test_menu_2
[2025.05.25-09.44.41:055][438]LogUObjectHash: Compacting FUObjectHashTables data took   3.37ms
[2025.05.25-09.44.41:556][461]Cmd: OBJ SAVEPACKAGE PACKAGE="/Game/Andrey/Menu/BP_test_menu_2" FILE="../../../../../../Users/AlisaDI/Documents/MephiTasks/UnrealProject/Content/Andrey/Menu/BP_test_menu_2.uasset" SILENT=true
[2025.05.25-09.44.41:599][461]LogSavePackage: Moving '../../../../../../Users/AlisaDI/Documents/MephiTasks/UnrealProject/Saved/BP_test_menu_2528AAC7944F8DEECC8CF418240A6C6EE.tmp' to '../../../../../../Users/AlisaDI/Documents/MephiTasks/UnrealProject/Content/Andrey/Menu/BP_test_menu_2.uasset'
[2025.05.25-09.44.41:618][461]AssetCheck: New page: Asset Save: BP_test_menu_2
[2025.05.25-09.44.41:618][461]LogContentValidation: Display: Validating Blueprint /Game/Andrey/Menu/BP_test_menu_2.BP_test_menu_2
[2025.05.25-09.45.04:141][792]BlueprintLog: New page: Compile BP_test_menu_2
[2025.05.25-09.45.04:217][792]LogUObjectHash: Compacting FUObjectHashTables data took   3.68ms
[2025.05.25-09.45.04:905][827]Cmd: OBJ SAVEPACKAGE PACKAGE="/Game/Andrey/Menu/BP_test_menu_2" FILE="../../../../../../Users/AlisaDI/Documents/MephiTasks/UnrealProject/Content/Andrey/Menu/BP_test_menu_2.uasset" SILENT=true
[2025.05.25-09.45.04:950][827]LogSavePackage: Moving '../../../../../../Users/AlisaDI/Documents/MephiTasks/UnrealProject/Saved/BP_test_menu_2107D6A6545E57FD1FFEFBBA626A24D21.tmp' to '../../../../../../Users/AlisaDI/Documents/MephiTasks/UnrealProject/Content/Andrey/Menu/BP_test_menu_2.uasset'
[2025.05.25-09.45.04:967][827]AssetCheck: New page: Asset Save: BP_test_menu_2
[2025.05.25-09.45.04:967][827]LogContentValidation: Display: Validating Blueprint /Game/Andrey/Menu/BP_test_menu_2.BP_test_menu_2
[2025.05.25-09.45.06:192][900]LogTemp: Repeating last play command: Simulate
[2025.05.25-09.45.06:199][900]BlueprintLog: New page: Pre-Play auto-recompile
[2025.05.25-09.45.06:199][900]LogPlayLevel: [PlayLevel] Compiling Progress_WD before play...
[2025.05.25-09.45.06:266][900]LogUObjectHash: Compacting FUObjectHashTables data took   2.93ms
[2025.05.25-09.45.06:267][900]LogPlayLevel: PlayLevel: Blueprint regeneration took 68 ms (1 blueprints)
[2025.05.25-09.45.06:267][900]PIE: New page: SIE session: VRTemplateMap (25 мая 2025 г., 15:45:06)
[2025.05.25-09.45.06:267][900]LogPlayLevel: Creating play world package: /Game/VRTemplate/Maps/UEDPIE_0_VRTemplateMap
[2025.05.25-09.45.06:271][900]LogPlayLevel: PIE: StaticDuplicateObject took: (0.003538s)
[2025.05.25-09.45.06:272][900]LogAIModule: Creating AISystem for world VRTemplateMap
[2025.05.25-09.45.06:272][900]LogPlayLevel: PIE: World Init took: (0.000939s)
[2025.05.25-09.45.06:272][900]LogPlayLevel: PIE: Created PIE world by copying editor world from /Game/VRTemplate/Maps/VRTemplateMap.VRTemplateMap to /Game/VRTemplate/Maps/UEDPIE_0_VRTemplateMap.VRTemplateMap (0.004586s)
[2025.05.25-09.45.06:304][900]LogUObjectHash: Compacting FUObjectHashTables data took   2.19ms
[2025.05.25-09.45.06:304][900]LogAudio: Display: Creating Audio Device:                 Id: 26, Scope: Unique, Realtime: True
[2025.05.25-09.45.06:304][900]LogAudioMixer: Display: Audio Mixer Platform Settings:
[2025.05.25-09.45.06:304][900]LogAudioMixer: Display: 	Sample Rate:						  48000
[2025.05.25-09.45.06:304][900]LogAudioMixer: Display: 	Callback Buffer Frame Size Requested: 1024
[2025.05.25-09.45.06:304][900]LogAudioMixer: Display: 	Callback Buffer Frame Size To Use:	  1024
[2025.05.25-09.45.06:304][900]LogAudioMixer: Display: 	Number of buffers to queue:			  1
[2025.05.25-09.45.06:304][900]LogAudioMixer: Display: 	Max Channels (voices):				  0
[2025.05.25-09.45.06:304][900]LogAudioMixer: Display: 	Number of Async Source Workers:		  4
[2025.05.25-09.45.06:304][900]LogAudio: Display: AudioDevice MaxSources: 32
[2025.05.25-09.45.06:305][900]LogAudio: Display: Audio Spatialization Plugin: Resonance Audio is external send: 1
[2025.05.25-09.45.06:305][900]LogAudio: Display: Audio Reverb Plugin: Resonance Audio
[2025.05.25-09.45.06:305][900]LogAudio: Display: Audio Occlusion Plugin: None (built-in).
[2025.05.25-09.45.06:305][900]LogAudioMixer: Display: Initializing audio mixer.
[2025.05.25-09.45.06:309][900]LogAudioMixer: Display: 0: FrontLeft
[2025.05.25-09.45.06:309][900]LogAudioMixer: Display: 1: FrontRight
[2025.05.25-09.45.06:340][900]LogAudioMixer: Display: Using Audio Device Динамики (Realtek(R) Audio)
[2025.05.25-09.45.06:340][900]LogAudioMixer: Display: Initializing Sound Submixes...
[2025.05.25-09.45.06:340][900]LogAudioMixer: Display: Creating Master Submix 'MasterSubmixDefault'
[2025.05.25-09.45.06:340][900]LogAudioMixer: Display: Creating Master Submix 'MasterReverbSubmixDefault'
[2025.05.25-09.45.06:340][900]LogAudioMixer: Display: Creating Master Submix 'MasterEQSubmixDefault'
[2025.05.25-09.45.06:340][900]LogAudioMixer: FMixerPlatformXAudio2::StartAudioStream() called
[2025.05.25-09.45.06:340][900]LogAudioMixer: Display: Output buffers initialized: Frames=1024, Channels=2, Samples=2048
[2025.05.25-09.45.06:341][900]LogAudioMixer: Display: Starting AudioMixerPlatformInterface::RunInternal()
[2025.05.25-09.45.06:341][900]LogAudioMixer: Display: FMixerPlatformXAudio2::SubmitBuffer() called for the first time
[2025.05.25-09.45.06:341][900]LogInit: FAudioDevice initialized.
[2025.05.25-09.45.06:341][900]LogAudio: Display: Audio Device (ID: 26) registered with world 'VRTemplateMap'.
[2025.05.25-09.45.06:350][900]LogLoad: Game class is 'VRGameMode_C'
[2025.05.25-09.45.06:352][900]LogWorld: Bringing World /Game/VRTemplate/Maps/UEDPIE_0_VRTemplateMap.VRTemplateMap up for play (max tick rate 60) at 2025.05.25-12.45.06
[2025.05.25-09.45.06:352][900]LogWorld: Bringing up level for play took: 0.001511
[2025.05.25-09.45.06:353][900]LogOnline: OSS: Creating online subsystem instance for: :Context_34
[2025.05.25-09.45.06:354][900]LogSpawn: Warning: SpawnActor failed because no class was specified
[2025.05.25-09.45.06:356][900]PIE: Server logged in
[2025.05.25-09.45.06:357][900]PIE: Play in editor total start time 0,158 seconds.
[2025.05.25-09.45.06:378][900]LogResonanceAudio: Display: Resonance Audio Listener is initialized
[2025.05.25-09.45.36:436][701]LogSlate: Updating window title bar state: overlay mode, drag disabled, window buttons hidden, title bar hidden
[2025.05.25-09.45.36:436][701]LogWorld: BeginTearingDown for /Game/VRTemplate/Maps/UEDPIE_0_VRTemplateMap
[2025.05.25-09.45.36:437][701]LogWorld: UWorld::CleanupWorld for VRTemplateMap, bSessionEnded=true, bCleanupResources=true
[2025.05.25-09.45.36:437][701]LogSlate: InvalidateAllWidgets triggered.  All widgets were invalidated
[2025.05.25-09.45.36:465][701]LogPlayLevel: Display: Shutting down PIE online subsystems
[2025.05.25-09.45.36:481][701]LogSlate: InvalidateAllWidgets triggered.  All widgets were invalidated
[2025.05.25-09.45.36:512][701]LogSlate: Updating window title bar state: overlay mode, drag disabled, window buttons hidden, title bar hidden
[2025.05.25-09.45.36:512][701]LogResonanceAudio: Display: Resonance Audio Listener is shutdown
[2025.05.25-09.45.36:512][701]LogAudioMixer: FMixerPlatformXAudio2::StopAudioStream() called
[2025.05.25-09.45.36:514][701]LogAudioMixer: FMixerPlatformXAudio2::StopAudioStream() called
[2025.05.25-09.45.36:522][701]LogUObjectHash: Compacting FUObjectHashTables data took   2.24ms
[2025.05.25-09.45.36:536][702]LogPlayLevel: Display: Destroying online subsystem :Context_34
[2025.05.25-09.46.10:328][868]LogWindows: LaunchURL https://docs.unrealengine.com/4.27/ru//Engine/Blueprints/index.html?utm_source=editor&utm_medium=docs&utm_campaign=help_menu_asset
[2025.05.25-09.46.16:535][143]BlueprintLog: New page: Compile BP_test_menu_2
[2025.05.25-09.46.16:602][143]LogUObjectHash: Compacting FUObjectHashTables data took   2.39ms
[2025.05.25-09.46.16:929][155]Cmd: OBJ SAVEPACKAGE PACKAGE="/Game/Andrey/Menu/BP_test_menu_2" FILE="../../../../../../Users/AlisaDI/Documents/MephiTasks/UnrealProject/Content/Andrey/Menu/BP_test_menu_2.uasset" SILENT=true
[2025.05.25-09.46.16:976][155]LogSavePackage: Moving '../../../../../../Users/AlisaDI/Documents/MephiTasks/UnrealProject/Saved/BP_test_menu_21342199D4F1CFB6EDC6682806A7DFFC6.tmp' to '../../../../../../Users/AlisaDI/Documents/MephiTasks/UnrealProject/Content/Andrey/Menu/BP_test_menu_2.uasset'
[2025.05.25-09.46.16:994][155]AssetCheck: New page: Asset Save: BP_test_menu_2
[2025.05.25-09.46.16:994][155]LogContentValidation: Display: Validating Blueprint /Game/Andrey/Menu/BP_test_menu_2.BP_test_menu_2
[2025.05.25-09.46.18:318][234]LogTemp: Repeating last play command: Simulate
[2025.05.25-09.46.18:324][234]LogPlayLevel: PlayLevel: No blueprints needed recompiling
[2025.05.25-09.46.18:325][234]PIE: New page: SIE session: VRTemplateMap (25 мая 2025 г., 15:46:18)
[2025.05.25-09.46.18:325][234]LogPlayLevel: Creating play world package: /Game/VRTemplate/Maps/UEDPIE_0_VRTemplateMap
[2025.05.25-09.46.18:329][234]LogPlayLevel: PIE: StaticDuplicateObject took: (0.004074s)
[2025.05.25-09.46.18:330][234]LogAIModule: Creating AISystem for world VRTemplateMap
[2025.05.25-09.46.18:330][234]LogPlayLevel: PIE: World Init took: (0.001067s)
[2025.05.25-09.46.18:330][234]LogPlayLevel: PIE: Created PIE world by copying editor world from /Game/VRTemplate/Maps/VRTemplateMap.VRTemplateMap to /Game/VRTemplate/Maps/UEDPIE_0_VRTemplateMap.VRTemplateMap (0.005263s)
[2025.05.25-09.46.18:365][234]LogUObjectHash: Compacting FUObjectHashTables data took   3.36ms
[2025.05.25-09.46.18:366][234]LogAudio: Display: Creating Audio Device:                 Id: 27, Scope: Unique, Realtime: True
[2025.05.25-09.46.18:366][234]LogAudioMixer: Display: Audio Mixer Platform Settings:
[2025.05.25-09.46.18:366][234]LogAudioMixer: Display: 	Sample Rate:						  48000
[2025.05.25-09.46.18:366][234]LogAudioMixer: Display: 	Callback Buffer Frame Size Requested: 1024
[2025.05.25-09.46.18:366][234]LogAudioMixer: Display: 	Callback Buffer Frame Size To Use:	  1024
[2025.05.25-09.46.18:366][234]LogAudioMixer: Display: 	Number of buffers to queue:			  1
[2025.05.25-09.46.18:366][234]LogAudioMixer: Display: 	Max Channels (voices):				  0
[2025.05.25-09.46.18:366][234]LogAudioMixer: Display: 	Number of Async Source Workers:		  4
[2025.05.25-09.46.18:366][234]LogAudio: Display: AudioDevice MaxSources: 32
[2025.05.25-09.46.18:366][234]LogAudio: Display: Audio Spatialization Plugin: Resonance Audio is external send: 1
[2025.05.25-09.46.18:366][234]LogAudio: Display: Audio Reverb Plugin: Resonance Audio
[2025.05.25-09.46.18:366][234]LogAudio: Display: Audio Occlusion Plugin: None (built-in).
[2025.05.25-09.46.18:366][234]LogAudioMixer: Display: Initializing audio mixer.
[2025.05.25-09.46.18:370][234]LogAudioMixer: Display: 0: FrontLeft
[2025.05.25-09.46.18:370][234]LogAudioMixer: Display: 1: FrontRight
[2025.05.25-09.46.18:424][234]LogAudioMixer: Display: Using Audio Device Динамики (Realtek(R) Audio)
[2025.05.25-09.46.18:424][234]LogAudioMixer: Display: Initializing Sound Submixes...
[2025.05.25-09.46.18:424][234]LogAudioMixer: Display: Creating Master Submix 'MasterSubmixDefault'
[2025.05.25-09.46.18:424][234]LogAudioMixer: Display: Creating Master Submix 'MasterReverbSubmixDefault'
[2025.05.25-09.46.18:424][234]LogAudioMixer: Display: Creating Master Submix 'MasterEQSubmixDefault'
[2025.05.25-09.46.18:425][234]LogAudioMixer: FMixerPlatformXAudio2::StartAudioStream() called
[2025.05.25-09.46.18:425][234]LogAudioMixer: Display: Output buffers initialized: Frames=1024, Channels=2, Samples=2048
[2025.05.25-09.46.18:426][234]LogAudioMixer: Display: Starting AudioMixerPlatformInterface::RunInternal()
[2025.05.25-09.46.18:426][234]LogAudioMixer: Display: FMixerPlatformXAudio2::SubmitBuffer() called for the first time
[2025.05.25-09.46.18:426][234]LogInit: FAudioDevice initialized.
[2025.05.25-09.46.18:426][234]LogAudio: Display: Audio Device (ID: 27) registered with world 'VRTemplateMap'.
[2025.05.25-09.46.18:437][234]LogLoad: Game class is 'VRGameMode_C'
[2025.05.25-09.46.18:439][234]LogWorld: Bringing World /Game/VRTemplate/Maps/UEDPIE_0_VRTemplateMap.VRTemplateMap up for play (max tick rate 60) at 2025.05.25-12.46.18
[2025.05.25-09.46.18:439][234]LogWorld: Bringing up level for play took: 0.001426
[2025.05.25-09.46.18:439][234]LogOnline: OSS: Creating online subsystem instance for: :Context_35
[2025.05.25-09.46.18:441][234]LogSpawn: Warning: SpawnActor failed because no class was specified
[2025.05.25-09.46.18:443][234]PIE: Server logged in
[2025.05.25-09.46.18:443][234]PIE: Play in editor total start time 0,12 seconds.
[2025.05.25-09.46.18:466][234]LogResonanceAudio: Display: Resonance Audio Listener is initialized
[2025.05.25-09.46.25:312][643]LogSlate: Updating window title bar state: overlay mode, drag disabled, window buttons hidden, title bar hidden
[2025.05.25-09.46.25:312][643]LogWorld: BeginTearingDown for /Game/VRTemplate/Maps/UEDPIE_0_VRTemplateMap
[2025.05.25-09.46.25:313][643]LogWorld: UWorld::CleanupWorld for VRTemplateMap, bSessionEnded=true, bCleanupResources=true
[2025.05.25-09.46.25:313][643]LogSlate: InvalidateAllWidgets triggered.  All widgets were invalidated
[2025.05.25-09.46.25:344][643]LogPlayLevel: Display: Shutting down PIE online subsystems
[2025.05.25-09.46.25:360][643]LogSlate: InvalidateAllWidgets triggered.  All widgets were invalidated
[2025.05.25-09.46.25:390][643]LogAudio: Display: Audio Device unregistered from world 'None'.
[2025.05.25-09.46.25:391][643]LogResonanceAudio: Display: Resonance Audio Listener is shutdown
[2025.05.25-09.46.25:391][643]LogAudioMixer: FMixerPlatformXAudio2::StopAudioStream() called
[2025.05.25-09.46.25:392][643]LogAudioMixer: FMixerPlatformXAudio2::StopAudioStream() called
[2025.05.25-09.46.25:396][643]LogSlate: Updating window title bar state: overlay mode, drag disabled, window buttons hidden, title bar hidden
[2025.05.25-09.46.25:400][643]LogUObjectHash: Compacting FUObjectHashTables data took   2.43ms
[2025.05.25-09.46.25:461][644]LogPlayLevel: Display: Destroying online subsystem :Context_35
[2025.05.25-09.47.02:284][852]BlueprintLog: New page: Compile BP_test_menu_2
[2025.05.25-09.47.02:354][852]LogUObjectHash: Compacting FUObjectHashTables data took   2.57ms
[2025.05.25-09.47.02:874][876]Cmd: OBJ SAVEPACKAGE PACKAGE="/Game/Andrey/Menu/BP_test_menu_2" FILE="../../../../../../Users/AlisaDI/Documents/MephiTasks/UnrealProject/Content/Andrey/Menu/BP_test_menu_2.uasset" SILENT=true
[2025.05.25-09.47.02:918][876]LogSavePackage: Moving '../../../../../../Users/AlisaDI/Documents/MephiTasks/UnrealProject/Saved/BP_test_menu_228CE58B44B81B15062C3FBA38F23F277.tmp' to '../../../../../../Users/AlisaDI/Documents/MephiTasks/UnrealProject/Content/Andrey/Menu/BP_test_menu_2.uasset'
[2025.05.25-09.47.02:936][876]AssetCheck: New page: Asset Save: BP_test_menu_2
[2025.05.25-09.47.02:936][876]LogContentValidation: Display: Validating Blueprint /Game/Andrey/Menu/BP_test_menu_2.BP_test_menu_2
[2025.05.25-09.47.05:426][ 25]LogTemp: Repeating last play command: Simulate
[2025.05.25-09.47.05:431][ 25]LogPlayLevel: PlayLevel: No blueprints needed recompiling
[2025.05.25-09.47.05:432][ 25]PIE: New page: SIE session: VRTemplateMap (25 мая 2025 г., 15:47:05)
[2025.05.25-09.47.05:432][ 25]LogPlayLevel: Creating play world package: /Game/VRTemplate/Maps/UEDPIE_0_VRTemplateMap
[2025.05.25-09.47.05:436][ 25]LogPlayLevel: PIE: StaticDuplicateObject took: (0.003947s)
[2025.05.25-09.47.05:436][ 25]LogAIModule: Creating AISystem for world VRTemplateMap
[2025.05.25-09.47.05:437][ 25]LogPlayLevel: PIE: World Init took: (0.000996s)
[2025.05.25-09.47.05:437][ 25]LogPlayLevel: PIE: Created PIE world by copying editor world from /Game/VRTemplate/Maps/VRTemplateMap.VRTemplateMap to /Game/VRTemplate/Maps/UEDPIE_0_VRTemplateMap.VRTemplateMap (0.005068s)
[2025.05.25-09.47.05:472][ 25]LogUObjectHash: Compacting FUObjectHashTables data took   3.48ms
[2025.05.25-09.47.05:474][ 25]LogAudio: Display: Creating Audio Device:                 Id: 28, Scope: Unique, Realtime: True
[2025.05.25-09.47.05:474][ 25]LogAudioMixer: Display: Audio Mixer Platform Settings:
[2025.05.25-09.47.05:474][ 25]LogAudioMixer: Display: 	Sample Rate:						  48000
[2025.05.25-09.47.05:474][ 25]LogAudioMixer: Display: 	Callback Buffer Frame Size Requested: 1024
[2025.05.25-09.47.05:474][ 25]LogAudioMixer: Display: 	Callback Buffer Frame Size To Use:	  1024
[2025.05.25-09.47.05:474][ 25]LogAudioMixer: Display: 	Number of buffers to queue:			  1
[2025.05.25-09.47.05:474][ 25]LogAudioMixer: Display: 	Max Channels (voices):				  0
[2025.05.25-09.47.05:474][ 25]LogAudioMixer: Display: 	Number of Async Source Workers:		  4
[2025.05.25-09.47.05:474][ 25]LogAudio: Display: AudioDevice MaxSources: 32
[2025.05.25-09.47.05:474][ 25]LogAudio: Display: Audio Spatialization Plugin: Resonance Audio is external send: 1
[2025.05.25-09.47.05:474][ 25]LogAudio: Display: Audio Reverb Plugin: Resonance Audio
[2025.05.25-09.47.05:474][ 25]LogAudio: Display: Audio Occlusion Plugin: None (built-in).
[2025.05.25-09.47.05:474][ 25]LogAudioMixer: Display: Initializing audio mixer.
[2025.05.25-09.47.05:478][ 25]LogAudioMixer: Display: 0: FrontLeft
[2025.05.25-09.47.05:478][ 25]LogAudioMixer: Display: 1: FrontRight
[2025.05.25-09.47.05:522][ 25]LogAudioMixer: Display: Using Audio Device Динамики (Realtek(R) Audio)
[2025.05.25-09.47.05:522][ 25]LogAudioMixer: Display: Initializing Sound Submixes...
[2025.05.25-09.47.05:522][ 25]LogAudioMixer: Display: Creating Master Submix 'MasterSubmixDefault'
[2025.05.25-09.47.05:522][ 25]LogAudioMixer: Display: Creating Master Submix 'MasterReverbSubmixDefault'
[2025.05.25-09.47.05:522][ 25]LogAudioMixer: Display: Creating Master Submix 'MasterEQSubmixDefault'
[2025.05.25-09.47.05:522][ 25]LogAudioMixer: FMixerPlatformXAudio2::StartAudioStream() called
[2025.05.25-09.47.05:522][ 25]LogAudioMixer: Display: Output buffers initialized: Frames=1024, Channels=2, Samples=2048
[2025.05.25-09.47.05:523][ 25]LogAudioMixer: Display: Starting AudioMixerPlatformInterface::RunInternal()
[2025.05.25-09.47.05:523][ 25]LogAudioMixer: Display: FMixerPlatformXAudio2::SubmitBuffer() called for the first time
[2025.05.25-09.47.05:523][ 25]LogInit: FAudioDevice initialized.
[2025.05.25-09.47.05:523][ 25]LogAudio: Display: Audio Device (ID: 28) registered with world 'VRTemplateMap'.
[2025.05.25-09.47.05:533][ 25]LogLoad: Game class is 'VRGameMode_C'
[2025.05.25-09.47.05:536][ 25]LogWorld: Bringing World /Game/VRTemplate/Maps/UEDPIE_0_VRTemplateMap.VRTemplateMap up for play (max tick rate 60) at 2025.05.25-12.47.05
[2025.05.25-09.47.05:536][ 25]LogWorld: Bringing up level for play took: 0.001945
[2025.05.25-09.47.05:537][ 25]LogOnline: OSS: Creating online subsystem instance for: :Context_36
[2025.05.25-09.47.05:538][ 25]LogSpawn: Warning: SpawnActor failed because no class was specified
[2025.05.25-09.47.05:540][ 25]PIE: Server logged in
[2025.05.25-09.47.05:541][ 25]PIE: Play in editor total start time 0,111 seconds.
[2025.05.25-09.47.05:564][ 25]LogResonanceAudio: Display: Resonance Audio Listener is initialized
[2025.05.25-09.47.11:922][403]LogBlueprintUserMessages: [WD_Menu_C_1] Маленький процент заполнения
[2025.05.25-09.47.20:540][918]LogSlate: Updating window title bar state: overlay mode, drag disabled, window buttons hidden, title bar hidden
[2025.05.25-09.47.20:540][918]LogWorld: BeginTearingDown for /Game/VRTemplate/Maps/UEDPIE_0_VRTemplateMap
[2025.05.25-09.47.20:541][918]LogWorld: UWorld::CleanupWorld for VRTemplateMap, bSessionEnded=true, bCleanupResources=true
[2025.05.25-09.47.20:542][918]LogSlate: InvalidateAllWidgets triggered.  All widgets were invalidated
[2025.05.25-09.47.20:565][918]LogPlayLevel: Display: Shutting down PIE online subsystems
[2025.05.25-09.47.20:581][918]LogSlate: InvalidateAllWidgets triggered.  All widgets were invalidated
[2025.05.25-09.47.20:613][918]LogAudio: Display: Audio Device unregistered from world 'None'.
[2025.05.25-09.47.20:613][918]LogResonanceAudio: Display: Resonance Audio Listener is shutdown
[2025.05.25-09.47.20:613][918]LogAudioMixer: FMixerPlatformXAudio2::StopAudioStream() called
[2025.05.25-09.47.20:614][918]LogAudioMixer: FMixerPlatformXAudio2::StopAudioStream() called
[2025.05.25-09.47.20:618][918]LogSlate: Updating window title bar state: overlay mode, drag disabled, window buttons hidden, title bar hidden
[2025.05.25-09.47.20:622][918]LogUObjectHash: Compacting FUObjectHashTables data took   2.32ms
[2025.05.25-09.47.20:656][919]LogPlayLevel: Display: Destroying online subsystem :Context_36
[2025.05.25-09.47.45:668][401]BlueprintLog: New page: Compile BP_test_menu_2
[2025.05.25-09.47.45:738][401]LogUObjectHash: Compacting FUObjectHashTables data took   2.53ms
[2025.05.25-09.47.46:166][419]Cmd: OBJ SAVEPACKAGE PACKAGE="/Game/Andrey/Menu/BP_test_menu_2" FILE="../../../../../../Users/AlisaDI/Documents/MephiTasks/UnrealProject/Content/Andrey/Menu/BP_test_menu_2.uasset" SILENT=true
[2025.05.25-09.47.46:212][419]LogSavePackage: Moving '../../../../../../Users/AlisaDI/Documents/MephiTasks/UnrealProject/Saved/BP_test_menu_201E42D8F45C8B70C35D569BF684368AB.tmp' to '../../../../../../Users/AlisaDI/Documents/MephiTasks/UnrealProject/Content/Andrey/Menu/BP_test_menu_2.uasset'
[2025.05.25-09.47.46:233][419]AssetCheck: New page: Asset Save: BP_test_menu_2
[2025.05.25-09.47.46:233][419]LogContentValidation: Display: Validating Blueprint /Game/Andrey/Menu/BP_test_menu_2.BP_test_menu_2
[2025.05.25-09.47.47:356][486]LogTemp: Repeating last play command: Simulate
[2025.05.25-09.47.47:361][486]LogPlayLevel: PlayLevel: No blueprints needed recompiling
[2025.05.25-09.47.47:361][486]PIE: New page: SIE session: VRTemplateMap (25 мая 2025 г., 15:47:47)
[2025.05.25-09.47.47:361][486]LogPlayLevel: Creating play world package: /Game/VRTemplate/Maps/UEDPIE_0_VRTemplateMap
[2025.05.25-09.47.47:366][486]LogPlayLevel: PIE: StaticDuplicateObject took: (0.004542s)
[2025.05.25-09.47.47:367][486]LogAIModule: Creating AISystem for world VRTemplateMap
[2025.05.25-09.47.47:367][486]LogPlayLevel: PIE: World Init took: (0.001195s)
[2025.05.25-09.47.47:367][486]LogPlayLevel: PIE: Created PIE world by copying editor world from /Game/VRTemplate/Maps/VRTemplateMap.VRTemplateMap to /Game/VRTemplate/Maps/UEDPIE_0_VRTemplateMap.VRTemplateMap (0.005872s)
[2025.05.25-09.47.47:402][486]LogUObjectHash: Compacting FUObjectHashTables data took   3.20ms
[2025.05.25-09.47.47:403][486]LogAudio: Display: Creating Audio Device:                 Id: 29, Scope: Unique, Realtime: True
[2025.05.25-09.47.47:403][486]LogAudioMixer: Display: Audio Mixer Platform Settings:
[2025.05.25-09.47.47:403][486]LogAudioMixer: Display: 	Sample Rate:						  48000
[2025.05.25-09.47.47:403][486]LogAudioMixer: Display: 	Callback Buffer Frame Size Requested: 1024
[2025.05.25-09.47.47:403][486]LogAudioMixer: Display: 	Callback Buffer Frame Size To Use:	  1024
[2025.05.25-09.47.47:403][486]LogAudioMixer: Display: 	Number of buffers to queue:			  1
[2025.05.25-09.47.47:403][486]LogAudioMixer: Display: 	Max Channels (voices):				  0
[2025.05.25-09.47.47:403][486]LogAudioMixer: Display: 	Number of Async Source Workers:		  4
[2025.05.25-09.47.47:403][486]LogAudio: Display: AudioDevice MaxSources: 32
[2025.05.25-09.47.47:404][486]LogAudio: Display: Audio Spatialization Plugin: Resonance Audio is external send: 1
[2025.05.25-09.47.47:404][486]LogAudio: Display: Audio Reverb Plugin: Resonance Audio
[2025.05.25-09.47.47:404][486]LogAudio: Display: Audio Occlusion Plugin: None (built-in).
[2025.05.25-09.47.47:404][486]LogAudioMixer: Display: Initializing audio mixer.
[2025.05.25-09.47.47:407][486]LogAudioMixer: Display: 0: FrontLeft
[2025.05.25-09.47.47:407][486]LogAudioMixer: Display: 1: FrontRight
[2025.05.25-09.47.47:446][486]LogAudioMixer: Display: Using Audio Device Динамики (Realtek(R) Audio)
[2025.05.25-09.47.47:446][486]LogAudioMixer: Display: Initializing Sound Submixes...
[2025.05.25-09.47.47:446][486]LogAudioMixer: Display: Creating Master Submix 'MasterSubmixDefault'
[2025.05.25-09.47.47:446][486]LogAudioMixer: Display: Creating Master Submix 'MasterReverbSubmixDefault'
[2025.05.25-09.47.47:446][486]LogAudioMixer: Display: Creating Master Submix 'MasterEQSubmixDefault'
[2025.05.25-09.47.47:446][486]LogAudioMixer: FMixerPlatformXAudio2::StartAudioStream() called
[2025.05.25-09.47.47:446][486]LogAudioMixer: Display: Output buffers initialized: Frames=1024, Channels=2, Samples=2048
[2025.05.25-09.47.47:447][486]LogAudioMixer: Display: Starting AudioMixerPlatformInterface::RunInternal()
[2025.05.25-09.47.47:447][486]LogAudioMixer: Display: FMixerPlatformXAudio2::SubmitBuffer() called for the first time
[2025.05.25-09.47.47:448][486]LogInit: FAudioDevice initialized.
[2025.05.25-09.47.47:448][486]LogAudio: Display: Audio Device (ID: 29) registered with world 'VRTemplateMap'.
[2025.05.25-09.47.47:458][486]LogLoad: Game class is 'VRGameMode_C'
[2025.05.25-09.47.47:459][486]LogWorld: Bringing World /Game/VRTemplate/Maps/UEDPIE_0_VRTemplateMap.VRTemplateMap up for play (max tick rate 60) at 2025.05.25-12.47.47
[2025.05.25-09.47.47:459][486]LogWorld: Bringing up level for play took: 0.001248
[2025.05.25-09.47.47:459][486]LogOnline: OSS: Creating online subsystem instance for: :Context_37
[2025.05.25-09.47.47:460][486]LogSpawn: Warning: SpawnActor failed because no class was specified
[2025.05.25-09.47.47:462][486]PIE: Server logged in
[2025.05.25-09.47.47:463][486]PIE: Play in editor total start time 0,102 seconds.
[2025.05.25-09.47.47:483][486]LogResonanceAudio: Display: Resonance Audio Listener is initialized
[2025.05.25-09.47.52:058][757]LogSlate: Updating window title bar state: overlay mode, drag disabled, window buttons hidden, title bar hidden
[2025.05.25-09.47.52:058][757]LogWorld: BeginTearingDown for /Game/VRTemplate/Maps/UEDPIE_0_VRTemplateMap
[2025.05.25-09.47.52:059][757]LogWorld: UWorld::CleanupWorld for VRTemplateMap, bSessionEnded=true, bCleanupResources=true
[2025.05.25-09.47.52:059][757]LogSlate: InvalidateAllWidgets triggered.  All widgets were invalidated
[2025.05.25-09.47.52:088][757]LogPlayLevel: Display: Shutting down PIE online subsystems
[2025.05.25-09.47.52:103][757]LogSlate: InvalidateAllWidgets triggered.  All widgets were invalidated
[2025.05.25-09.47.52:134][757]LogAudio: Display: Audio Device unregistered from world 'None'.
[2025.05.25-09.47.52:135][757]LogResonanceAudio: Display: Resonance Audio Listener is shutdown
[2025.05.25-09.47.52:135][757]LogAudioMixer: FMixerPlatformXAudio2::StopAudioStream() called
[2025.05.25-09.47.52:136][757]LogAudioMixer: FMixerPlatformXAudio2::StopAudioStream() called
[2025.05.25-09.47.52:140][757]LogSlate: Updating window title bar state: overlay mode, drag disabled, window buttons hidden, title bar hidden
[2025.05.25-09.47.52:143][757]LogUObjectHash: Compacting FUObjectHashTables data took   2.16ms
[2025.05.25-09.47.52:178][758]LogPlayLevel: Display: Destroying online subsystem :Context_37
[2025.05.25-09.48.52:230][339]BlueprintLog: New page: Compile BP_test_menu_2
[2025.05.25-09.48.52:303][339]LogUObjectHash: Compacting FUObjectHashTables data took   2.49ms
[2025.05.25-09.48.52:702][356]Cmd: OBJ SAVEPACKAGE PACKAGE="/Game/Andrey/Menu/BP_test_menu_2" FILE="../../../../../../Users/AlisaDI/Documents/MephiTasks/UnrealProject/Content/Andrey/Menu/BP_test_menu_2.uasset" SILENT=true
[2025.05.25-09.48.52:750][356]LogSavePackage: Moving '../../../../../../Users/AlisaDI/Documents/MephiTasks/UnrealProject/Saved/BP_test_menu_2EB9485D54D74619E64A3BC93C4BAB862.tmp' to '../../../../../../Users/AlisaDI/Documents/MephiTasks/UnrealProject/Content/Andrey/Menu/BP_test_menu_2.uasset'
[2025.05.25-09.48.52:767][356]AssetCheck: New page: Asset Save: BP_test_menu_2
[2025.05.25-09.48.52:767][356]LogContentValidation: Display: Validating Blueprint /Game/Andrey/Menu/BP_test_menu_2.BP_test_menu_2
[2025.05.25-09.48.54:213][443]LogTemp: Repeating last play command: Simulate
[2025.05.25-09.48.54:218][443]LogPlayLevel: PlayLevel: No blueprints needed recompiling
[2025.05.25-09.48.54:218][443]PIE: New page: SIE session: VRTemplateMap (25 мая 2025 г., 15:48:54)
[2025.05.25-09.48.54:219][443]LogPlayLevel: Creating play world package: /Game/VRTemplate/Maps/UEDPIE_0_VRTemplateMap
[2025.05.25-09.48.54:223][443]LogPlayLevel: PIE: StaticDuplicateObject took: (0.004291s)
[2025.05.25-09.48.54:224][443]LogAIModule: Creating AISystem for world VRTemplateMap
[2025.05.25-09.48.54:224][443]LogPlayLevel: PIE: World Init took: (0.001023s)
[2025.05.25-09.48.54:224][443]LogPlayLevel: PIE: Created PIE world by copying editor world from /Game/VRTemplate/Maps/VRTemplateMap.VRTemplateMap to /Game/VRTemplate/Maps/UEDPIE_0_VRTemplateMap.VRTemplateMap (0.005433s)
[2025.05.25-09.48.54:257][443]LogUObjectHash: Compacting FUObjectHashTables data took   2.94ms
[2025.05.25-09.48.54:258][443]LogAudio: Display: Creating Audio Device:                 Id: 30, Scope: Unique, Realtime: True
[2025.05.25-09.48.54:258][443]LogAudioMixer: Display: Audio Mixer Platform Settings:
[2025.05.25-09.48.54:258][443]LogAudioMixer: Display: 	Sample Rate:						  48000
[2025.05.25-09.48.54:258][443]LogAudioMixer: Display: 	Callback Buffer Frame Size Requested: 1024
[2025.05.25-09.48.54:258][443]LogAudioMixer: Display: 	Callback Buffer Frame Size To Use:	  1024
[2025.05.25-09.48.54:258][443]LogAudioMixer: Display: 	Number of buffers to queue:			  1
[2025.05.25-09.48.54:258][443]LogAudioMixer: Display: 	Max Channels (voices):				  0
[2025.05.25-09.48.54:258][443]LogAudioMixer: Display: 	Number of Async Source Workers:		  4
[2025.05.25-09.48.54:258][443]LogAudio: Display: AudioDevice MaxSources: 32
[2025.05.25-09.48.54:258][443]LogAudio: Display: Audio Spatialization Plugin: Resonance Audio is external send: 1
[2025.05.25-09.48.54:258][443]LogAudio: Display: Audio Reverb Plugin: Resonance Audio
[2025.05.25-09.48.54:258][443]LogAudio: Display: Audio Occlusion Plugin: None (built-in).
[2025.05.25-09.48.54:258][443]LogAudioMixer: Display: Initializing audio mixer.
[2025.05.25-09.48.54:262][443]LogAudioMixer: Display: 0: FrontLeft
[2025.05.25-09.48.54:262][443]LogAudioMixer: Display: 1: FrontRight
[2025.05.25-09.48.54:308][443]LogAudioMixer: Display: Using Audio Device Динамики (Realtek(R) Audio)
[2025.05.25-09.48.54:309][443]LogAudioMixer: Display: Initializing Sound Submixes...
[2025.05.25-09.48.54:309][443]LogAudioMixer: Display: Creating Master Submix 'MasterSubmixDefault'
[2025.05.25-09.48.54:309][443]LogAudioMixer: Display: Creating Master Submix 'MasterReverbSubmixDefault'
[2025.05.25-09.48.54:309][443]LogAudioMixer: Display: Creating Master Submix 'MasterEQSubmixDefault'
[2025.05.25-09.48.54:309][443]LogAudioMixer: FMixerPlatformXAudio2::StartAudioStream() called
[2025.05.25-09.48.54:309][443]LogAudioMixer: Display: Output buffers initialized: Frames=1024, Channels=2, Samples=2048
[2025.05.25-09.48.54:310][443]LogAudioMixer: Display: Starting AudioMixerPlatformInterface::RunInternal()
[2025.05.25-09.48.54:310][443]LogAudioMixer: Display: FMixerPlatformXAudio2::SubmitBuffer() called for the first time
[2025.05.25-09.48.54:310][443]LogInit: FAudioDevice initialized.
[2025.05.25-09.48.54:310][443]LogAudio: Display: Audio Device (ID: 30) registered with world 'VRTemplateMap'.
[2025.05.25-09.48.54:320][443]LogLoad: Game class is 'VRGameMode_C'
[2025.05.25-09.48.54:322][443]LogWorld: Bringing World /Game/VRTemplate/Maps/UEDPIE_0_VRTemplateMap.VRTemplateMap up for play (max tick rate 60) at 2025.05.25-12.48.54
[2025.05.25-09.48.54:322][443]LogWorld: Bringing up level for play took: 0.001338
[2025.05.25-09.48.54:323][443]LogOnline: OSS: Creating online subsystem instance for: :Context_38
[2025.05.25-09.48.54:324][443]LogSpawn: Warning: SpawnActor failed because no class was specified
[2025.05.25-09.48.54:325][443]PIE: Server logged in
[2025.05.25-09.48.54:326][443]PIE: Play in editor total start time 0,109 seconds.
[2025.05.25-09.48.54:347][443]LogResonanceAudio: Display: Resonance Audio Listener is initialized
[2025.05.25-09.48.55:219][494]LogBlueprintUserMessages: [BP_test_menu_3] BP_Motor_Holder_C
[2025.05.25-09.49.04:445][ 47]LogSlate: Updating window title bar state: overlay mode, drag disabled, window buttons hidden, title bar hidden
[2025.05.25-09.49.04:445][ 47]LogWorld: BeginTearingDown for /Game/VRTemplate/Maps/UEDPIE_0_VRTemplateMap
[2025.05.25-09.49.04:445][ 47]LogWorld: UWorld::CleanupWorld for VRTemplateMap, bSessionEnded=true, bCleanupResources=true
[2025.05.25-09.49.04:446][ 47]LogSlate: InvalidateAllWidgets triggered.  All widgets were invalidated
[2025.05.25-09.49.04:473][ 47]LogPlayLevel: Display: Shutting down PIE online subsystems
[2025.05.25-09.49.04:487][ 47]LogSlate: InvalidateAllWidgets triggered.  All widgets were invalidated
[2025.05.25-09.49.04:517][ 47]LogAudio: Display: Audio Device unregistered from world 'None'.
[2025.05.25-09.49.04:518][ 47]LogResonanceAudio: Display: Resonance Audio Listener is shutdown
[2025.05.25-09.49.04:518][ 47]LogAudioMixer: FMixerPlatformXAudio2::StopAudioStream() called
[2025.05.25-09.49.04:519][ 47]LogAudioMixer: FMixerPlatformXAudio2::StopAudioStream() called
[2025.05.25-09.49.04:522][ 47]LogSlate: Updating window title bar state: overlay mode, drag disabled, window buttons hidden, title bar hidden
[2025.05.25-09.49.04:526][ 47]LogUObjectHash: Compacting FUObjectHashTables data took   2.22ms
[2025.05.25-09.49.04:591][ 48]LogPlayLevel: Display: Destroying online subsystem :Context_38
[2025.05.25-09.50.04:403][621]BlueprintLog: New page: Compile BP_test_menu_2
[2025.05.25-09.50.04:477][621]LogUObjectHash: Compacting FUObjectHashTables data took   3.06ms
[2025.05.25-09.50.04:975][644]Cmd: OBJ SAVEPACKAGE PACKAGE="/Game/Andrey/Menu/BP_test_menu_2" FILE="../../../../../../Users/AlisaDI/Documents/MephiTasks/UnrealProject/Content/Andrey/Menu/BP_test_menu_2.uasset" SILENT=true
[2025.05.25-09.50.05:024][644]LogSavePackage: Moving '../../../../../../Users/AlisaDI/Documents/MephiTasks/UnrealProject/Saved/BP_test_menu_28131A1174E847946C0BBD782947884EB.tmp' to '../../../../../../Users/AlisaDI/Documents/MephiTasks/UnrealProject/Content/Andrey/Menu/BP_test_menu_2.uasset'
[2025.05.25-09.50.05:043][644]AssetCheck: New page: Asset Save: BP_test_menu_2
[2025.05.25-09.50.05:043][644]LogContentValidation: Display: Validating Blueprint /Game/Andrey/Menu/BP_test_menu_2.BP_test_menu_2
[2025.05.25-09.50.05:933][696]LogTemp: Repeating last play command: Simulate
[2025.05.25-09.50.05:938][696]LogPlayLevel: PlayLevel: No blueprints needed recompiling
[2025.05.25-09.50.05:938][696]PIE: New page: SIE session: VRTemplateMap (25 мая 2025 г., 15:50:05)
[2025.05.25-09.50.05:938][696]LogPlayLevel: Creating play world package: /Game/VRTemplate/Maps/UEDPIE_0_VRTemplateMap
[2025.05.25-09.50.05:942][696]LogPlayLevel: PIE: StaticDuplicateObject took: (0.003957s)
[2025.05.25-09.50.05:943][696]LogAIModule: Creating AISystem for world VRTemplateMap
[2025.05.25-09.50.05:943][696]LogPlayLevel: PIE: World Init took: (0.000970s)
[2025.05.25-09.50.05:943][696]LogPlayLevel: PIE: Created PIE world by copying editor world from /Game/VRTemplate/Maps/VRTemplateMap.VRTemplateMap to /Game/VRTemplate/Maps/UEDPIE_0_VRTemplateMap.VRTemplateMap (0.005052s)
[2025.05.25-09.50.05:978][696]LogUObjectHash: Compacting FUObjectHashTables data took   2.88ms
[2025.05.25-09.50.05:979][696]LogAudio: Display: Creating Audio Device:                 Id: 31, Scope: Unique, Realtime: True
[2025.05.25-09.50.05:979][696]LogAudioMixer: Display: Audio Mixer Platform Settings:
[2025.05.25-09.50.05:979][696]LogAudioMixer: Display: 	Sample Rate:						  48000
[2025.05.25-09.50.05:979][696]LogAudioMixer: Display: 	Callback Buffer Frame Size Requested: 1024
[2025.05.25-09.50.05:979][696]LogAudioMixer: Display: 	Callback Buffer Frame Size To Use:	  1024
[2025.05.25-09.50.05:979][696]LogAudioMixer: Display: 	Number of buffers to queue:			  1
[2025.05.25-09.50.05:979][696]LogAudioMixer: Display: 	Max Channels (voices):				  0
[2025.05.25-09.50.05:979][696]LogAudioMixer: Display: 	Number of Async Source Workers:		  4
[2025.05.25-09.50.05:979][696]LogAudio: Display: AudioDevice MaxSources: 32
[2025.05.25-09.50.05:979][696]LogAudio: Display: Audio Spatialization Plugin: Resonance Audio is external send: 1
[2025.05.25-09.50.05:979][696]LogAudio: Display: Audio Reverb Plugin: Resonance Audio
[2025.05.25-09.50.05:979][696]LogAudio: Display: Audio Occlusion Plugin: None (built-in).
[2025.05.25-09.50.05:979][696]LogAudioMixer: Display: Initializing audio mixer.
[2025.05.25-09.50.05:983][696]LogAudioMixer: Display: 0: FrontLeft
[2025.05.25-09.50.05:983][696]LogAudioMixer: Display: 1: FrontRight
[2025.05.25-09.50.06:043][696]LogAudioMixer: Display: Using Audio Device Динамики (Realtek(R) Audio)
[2025.05.25-09.50.06:043][696]LogAudioMixer: Display: Initializing Sound Submixes...
[2025.05.25-09.50.06:043][696]LogAudioMixer: Display: Creating Master Submix 'MasterSubmixDefault'
[2025.05.25-09.50.06:043][696]LogAudioMixer: Display: Creating Master Submix 'MasterReverbSubmixDefault'
[2025.05.25-09.50.06:043][696]LogAudioMixer: Display: Creating Master Submix 'MasterEQSubmixDefault'
[2025.05.25-09.50.06:043][696]LogAudioMixer: FMixerPlatformXAudio2::StartAudioStream() called
[2025.05.25-09.50.06:043][696]LogAudioMixer: Display: Output buffers initialized: Frames=1024, Channels=2, Samples=2048
[2025.05.25-09.50.06:045][696]LogAudioMixer: Display: Starting AudioMixerPlatformInterface::RunInternal()
[2025.05.25-09.50.06:045][696]LogAudioMixer: Display: FMixerPlatformXAudio2::SubmitBuffer() called for the first time
[2025.05.25-09.50.06:045][696]LogInit: FAudioDevice initialized.
[2025.05.25-09.50.06:045][696]LogAudio: Display: Audio Device (ID: 31) registered with world 'VRTemplateMap'.
[2025.05.25-09.50.06:055][696]LogLoad: Game class is 'VRGameMode_C'
[2025.05.25-09.50.06:057][696]LogWorld: Bringing World /Game/VRTemplate/Maps/UEDPIE_0_VRTemplateMap.VRTemplateMap up for play (max tick rate 60) at 2025.05.25-12.50.06
[2025.05.25-09.50.06:057][696]LogWorld: Bringing up level for play took: 0.001274
[2025.05.25-09.50.06:058][696]LogOnline: OSS: Creating online subsystem instance for: :Context_39
[2025.05.25-09.50.06:059][696]LogSpawn: Warning: SpawnActor failed because no class was specified
[2025.05.25-09.50.06:060][696]PIE: Server logged in
[2025.05.25-09.50.06:061][696]PIE: Play in editor total start time 0,124 seconds.
[2025.05.25-09.50.06:081][696]LogResonanceAudio: Display: Resonance Audio Listener is initialized
[2025.05.25-09.50.06:923][746]LogPhysics: Warning: Scale for /Game/VRTemplate/Maps/UEDPIE_0_VRTemplateMap.VRTemplateMap:PersistentLevel.BP_Motor_Holder_C_0.Motor_Holder has a component set to zero, which will result in a bad body instance. Scale:X=0.000 Y=0.000 Z=0.000
[2025.05.25-09.50.06:923][746]LogPhysics: Warning: Initialising Body : Scale3D is (nearly) zero: Component: '/Game/VRTemplate/Maps/UEDPIE_0_VRTemplateMap.VRTemplateMap:PersistentLevel.BP_Motor_Holder_C_0.Motor_Holder' 
[2025.05.25-09.50.09:542][901]LogSlate: Updating window title bar state: overlay mode, drag disabled, window buttons hidden, title bar hidden
[2025.05.25-09.50.09:542][901]LogWorld: BeginTearingDown for /Game/VRTemplate/Maps/UEDPIE_0_VRTemplateMap
[2025.05.25-09.50.09:542][901]LogWorld: UWorld::CleanupWorld for VRTemplateMap, bSessionEnded=true, bCleanupResources=true
[2025.05.25-09.50.09:543][901]LogSlate: InvalidateAllWidgets triggered.  All widgets were invalidated
[2025.05.25-09.50.09:570][901]LogPlayLevel: Display: Shutting down PIE online subsystems
[2025.05.25-09.50.09:585][901]LogSlate: InvalidateAllWidgets triggered.  All widgets were invalidated
[2025.05.25-09.50.09:614][901]LogAudio: Display: Audio Device unregistered from world 'None'.
[2025.05.25-09.50.09:614][901]LogResonanceAudio: Display: Resonance Audio Listener is shutdown
[2025.05.25-09.50.09:614][901]LogAudioMixer: FMixerPlatformXAudio2::StopAudioStream() called
[2025.05.25-09.50.09:616][901]LogAudioMixer: FMixerPlatformXAudio2::StopAudioStream() called
[2025.05.25-09.50.09:619][901]LogSlate: Updating window title bar state: overlay mode, drag disabled, window buttons hidden, title bar hidden
[2025.05.25-09.50.09:623][901]LogUObjectHash: Compacting FUObjectHashTables data took   2.08ms
[2025.05.25-09.50.09:657][902]LogPlayLevel: Display: Destroying online subsystem :Context_39
[2025.05.25-09.50.27:288][957]BlueprintLog: New page: Compile BP_test_menu_2
[2025.05.25-09.50.27:363][957]LogUObjectHash: Compacting FUObjectHashTables data took   2.39ms
[2025.05.25-09.50.27:742][972]Cmd: OBJ SAVEPACKAGE PACKAGE="/Game/Andrey/Menu/BP_test_menu_2" FILE="../../../../../../Users/AlisaDI/Documents/MephiTasks/UnrealProject/Content/Andrey/Menu/BP_test_menu_2.uasset" SILENT=true
[2025.05.25-09.50.27:789][972]LogSavePackage: Moving '../../../../../../Users/AlisaDI/Documents/MephiTasks/UnrealProject/Saved/BP_test_menu_27BAE46D042412CD5B714128B86639E01.tmp' to '../../../../../../Users/AlisaDI/Documents/MephiTasks/UnrealProject/Content/Andrey/Menu/BP_test_menu_2.uasset'
[2025.05.25-09.50.27:807][972]AssetCheck: New page: Asset Save: BP_test_menu_2
[2025.05.25-09.50.27:807][972]LogContentValidation: Display: Validating Blueprint /Game/Andrey/Menu/BP_test_menu_2.BP_test_menu_2
[2025.05.25-09.50.28:848][ 34]LogTemp: Repeating last play command: Simulate
[2025.05.25-09.50.28:853][ 34]LogPlayLevel: PlayLevel: No blueprints needed recompiling
[2025.05.25-09.50.28:853][ 34]PIE: New page: SIE session: VRTemplateMap (25 мая 2025 г., 15:50:28)
[2025.05.25-09.50.28:853][ 34]LogPlayLevel: Creating play world package: /Game/VRTemplate/Maps/UEDPIE_0_VRTemplateMap
[2025.05.25-09.50.28:858][ 34]LogPlayLevel: PIE: StaticDuplicateObject took: (0.004411s)
[2025.05.25-09.50.28:858][ 34]LogAIModule: Creating AISystem for world VRTemplateMap
[2025.05.25-09.50.28:859][ 34]LogPlayLevel: PIE: World Init took: (0.000977s)
[2025.05.25-09.50.28:859][ 34]LogPlayLevel: PIE: Created PIE world by copying editor world from /Game/VRTemplate/Maps/VRTemplateMap.VRTemplateMap to /Game/VRTemplate/Maps/UEDPIE_0_VRTemplateMap.VRTemplateMap (0.005505s)
[2025.05.25-09.50.28:894][ 34]LogUObjectHash: Compacting FUObjectHashTables data took   3.69ms
[2025.05.25-09.50.28:894][ 34]LogAudio: Display: Creating Audio Device:                 Id: 32, Scope: Unique, Realtime: True
[2025.05.25-09.50.28:895][ 34]LogAudioMixer: Display: Audio Mixer Platform Settings:
[2025.05.25-09.50.28:895][ 34]LogAudioMixer: Display: 	Sample Rate:						  48000
[2025.05.25-09.50.28:895][ 34]LogAudioMixer: Display: 	Callback Buffer Frame Size Requested: 1024
[2025.05.25-09.50.28:895][ 34]LogAudioMixer: Display: 	Callback Buffer Frame Size To Use:	  1024
[2025.05.25-09.50.28:895][ 34]LogAudioMixer: Display: 	Number of buffers to queue:			  1
[2025.05.25-09.50.28:895][ 34]LogAudioMixer: Display: 	Max Channels (voices):				  0
[2025.05.25-09.50.28:895][ 34]LogAudioMixer: Display: 	Number of Async Source Workers:		  4
[2025.05.25-09.50.28:895][ 34]LogAudio: Display: AudioDevice MaxSources: 32
[2025.05.25-09.50.28:895][ 34]LogAudio: Display: Audio Spatialization Plugin: Resonance Audio is external send: 1
[2025.05.25-09.50.28:895][ 34]LogAudio: Display: Audio Reverb Plugin: Resonance Audio
[2025.05.25-09.50.28:895][ 34]LogAudio: Display: Audio Occlusion Plugin: None (built-in).
[2025.05.25-09.50.28:895][ 34]LogAudioMixer: Display: Initializing audio mixer.
[2025.05.25-09.50.28:899][ 34]LogAudioMixer: Display: 0: FrontLeft
[2025.05.25-09.50.28:899][ 34]LogAudioMixer: Display: 1: FrontRight
[2025.05.25-09.50.28:942][ 34]LogAudioMixer: Display: Using Audio Device Динамики (Realtek(R) Audio)
[2025.05.25-09.50.28:942][ 34]LogAudioMixer: Display: Initializing Sound Submixes...
[2025.05.25-09.50.28:942][ 34]LogAudioMixer: Display: Creating Master Submix 'MasterSubmixDefault'
[2025.05.25-09.50.28:942][ 34]LogAudioMixer: Display: Creating Master Submix 'MasterReverbSubmixDefault'
[2025.05.25-09.50.28:943][ 34]LogAudioMixer: Display: Creating Master Submix 'MasterEQSubmixDefault'
[2025.05.25-09.50.28:943][ 34]LogAudioMixer: FMixerPlatformXAudio2::StartAudioStream() called
[2025.05.25-09.50.28:943][ 34]LogAudioMixer: Display: Output buffers initialized: Frames=1024, Channels=2, Samples=2048
[2025.05.25-09.50.28:944][ 34]LogAudioMixer: Display: Starting AudioMixerPlatformInterface::RunInternal()
[2025.05.25-09.50.28:944][ 34]LogAudioMixer: Display: FMixerPlatformXAudio2::SubmitBuffer() called for the first time
[2025.05.25-09.50.28:944][ 34]LogInit: FAudioDevice initialized.
[2025.05.25-09.50.28:944][ 34]LogAudio: Display: Audio Device (ID: 32) registered with world 'VRTemplateMap'.
[2025.05.25-09.50.28:949][ 34]LogLoad: Game class is 'VRGameMode_C'
[2025.05.25-09.50.28:952][ 34]LogWorld: Bringing World /Game/VRTemplate/Maps/UEDPIE_0_VRTemplateMap.VRTemplateMap up for play (max tick rate 60) at 2025.05.25-12.50.28
[2025.05.25-09.50.28:953][ 34]LogWorld: Bringing up level for play took: 0.001821
[2025.05.25-09.50.28:953][ 34]LogOnline: OSS: Creating online subsystem instance for: :Context_40
[2025.05.25-09.50.28:954][ 34]LogSpawn: Warning: SpawnActor failed because no class was specified
[2025.05.25-09.50.28:956][ 34]PIE: Server logged in
[2025.05.25-09.50.28:957][ 34]PIE: Play in editor total start time 0,104 seconds.
[2025.05.25-09.50.28:979][ 34]LogResonanceAudio: Display: Resonance Audio Listener is initialized
[2025.05.25-09.50.32:933][267]LogSlate: Updating window title bar state: overlay mode, drag disabled, window buttons hidden, title bar hidden
[2025.05.25-09.50.32:933][267]LogWorld: BeginTearingDown for /Game/VRTemplate/Maps/UEDPIE_0_VRTemplateMap
[2025.05.25-09.50.32:933][267]LogWorld: UWorld::CleanupWorld for VRTemplateMap, bSessionEnded=true, bCleanupResources=true
[2025.05.25-09.50.32:934][267]LogSlate: InvalidateAllWidgets triggered.  All widgets were invalidated
[2025.05.25-09.50.32:959][267]LogPlayLevel: Display: Shutting down PIE online subsystems
[2025.05.25-09.50.32:973][267]LogSlate: InvalidateAllWidgets triggered.  All widgets were invalidated
[2025.05.25-09.50.33:004][267]LogAudio: Display: Audio Device unregistered from world 'None'.
[2025.05.25-09.50.33:005][267]LogResonanceAudio: Display: Resonance Audio Listener is shutdown
[2025.05.25-09.50.33:005][267]LogAudioMixer: FMixerPlatformXAudio2::StopAudioStream() called
[2025.05.25-09.50.33:006][267]LogAudioMixer: FMixerPlatformXAudio2::StopAudioStream() called
[2025.05.25-09.50.33:009][267]LogSlate: Updating window title bar state: overlay mode, drag disabled, window buttons hidden, title bar hidden
[2025.05.25-09.50.33:013][267]LogUObjectHash: Compacting FUObjectHashTables data took   2.30ms
[2025.05.25-09.50.33:045][268]LogPlayLevel: Display: Destroying online subsystem :Context_40
[2025.05.25-09.51.15:330][797]BlueprintLog: New page: Compile BP_test_menu_2
[2025.05.25-09.51.15:408][797]LogUObjectHash: Compacting FUObjectHashTables data took   3.15ms
[2025.05.25-09.51.15:763][811]Cmd: OBJ SAVEPACKAGE PACKAGE="/Game/Andrey/Menu/BP_test_menu_2" FILE="../../../../../../Users/AlisaDI/Documents/MephiTasks/UnrealProject/Content/Andrey/Menu/BP_test_menu_2.uasset" SILENT=true
[2025.05.25-09.51.15:807][811]LogSavePackage: Moving '../../../../../../Users/AlisaDI/Documents/MephiTasks/UnrealProject/Saved/BP_test_menu_21519229545EC60732592238BDEEC10D2.tmp' to '../../../../../../Users/AlisaDI/Documents/MephiTasks/UnrealProject/Content/Andrey/Menu/BP_test_menu_2.uasset'
[2025.05.25-09.51.15:825][811]AssetCheck: New page: Asset Save: BP_test_menu_2
[2025.05.25-09.51.15:825][811]LogContentValidation: Display: Validating Blueprint /Game/Andrey/Menu/BP_test_menu_2.BP_test_menu_2
[2025.05.25-09.51.16:755][867]LogTemp: Repeating last play command: Simulate
[2025.05.25-09.51.16:760][867]LogPlayLevel: PlayLevel: No blueprints needed recompiling
[2025.05.25-09.51.16:760][867]PIE: New page: SIE session: VRTemplateMap (25 мая 2025 г., 15:51:16)
[2025.05.25-09.51.16:760][867]LogPlayLevel: Creating play world package: /Game/VRTemplate/Maps/UEDPIE_0_VRTemplateMap
[2025.05.25-09.51.16:764][867]LogPlayLevel: PIE: StaticDuplicateObject took: (0.004096s)
[2025.05.25-09.51.16:765][867]LogAIModule: Creating AISystem for world VRTemplateMap
[2025.05.25-09.51.16:765][867]LogPlayLevel: PIE: World Init took: (0.000887s)
[2025.05.25-09.51.16:765][867]LogPlayLevel: PIE: Created PIE world by copying editor world from /Game/VRTemplate/Maps/VRTemplateMap.VRTemplateMap to /Game/VRTemplate/Maps/UEDPIE_0_VRTemplateMap.VRTemplateMap (0.005117s)
[2025.05.25-09.51.16:802][867]LogUObjectHash: Compacting FUObjectHashTables data took   2.95ms
[2025.05.25-09.51.16:803][867]LogAudio: Display: Creating Audio Device:                 Id: 33, Scope: Unique, Realtime: True
[2025.05.25-09.51.16:803][867]LogAudioMixer: Display: Audio Mixer Platform Settings:
[2025.05.25-09.51.16:803][867]LogAudioMixer: Display: 	Sample Rate:						  48000
[2025.05.25-09.51.16:803][867]LogAudioMixer: Display: 	Callback Buffer Frame Size Requested: 1024
[2025.05.25-09.51.16:803][867]LogAudioMixer: Display: 	Callback Buffer Frame Size To Use:	  1024
[2025.05.25-09.51.16:803][867]LogAudioMixer: Display: 	Number of buffers to queue:			  1
[2025.05.25-09.51.16:803][867]LogAudioMixer: Display: 	Max Channels (voices):				  0
[2025.05.25-09.51.16:803][867]LogAudioMixer: Display: 	Number of Async Source Workers:		  4
[2025.05.25-09.51.16:803][867]LogAudio: Display: AudioDevice MaxSources: 32
[2025.05.25-09.51.16:803][867]LogAudio: Display: Audio Spatialization Plugin: Resonance Audio is external send: 1
[2025.05.25-09.51.16:803][867]LogAudio: Display: Audio Reverb Plugin: Resonance Audio
[2025.05.25-09.51.16:803][867]LogAudio: Display: Audio Occlusion Plugin: None (built-in).
[2025.05.25-09.51.16:803][867]LogAudioMixer: Display: Initializing audio mixer.
[2025.05.25-09.51.16:807][867]LogAudioMixer: Display: 0: FrontLeft
[2025.05.25-09.51.16:807][867]LogAudioMixer: Display: 1: FrontRight
[2025.05.25-09.51.16:853][867]LogAudioMixer: Display: Using Audio Device Динамики (Realtek(R) Audio)
[2025.05.25-09.51.16:853][867]LogAudioMixer: Display: Initializing Sound Submixes...
[2025.05.25-09.51.16:853][867]LogAudioMixer: Display: Creating Master Submix 'MasterSubmixDefault'
[2025.05.25-09.51.16:853][867]LogAudioMixer: Display: Creating Master Submix 'MasterReverbSubmixDefault'
[2025.05.25-09.51.16:853][867]LogAudioMixer: Display: Creating Master Submix 'MasterEQSubmixDefault'
[2025.05.25-09.51.16:854][867]LogAudioMixer: FMixerPlatformXAudio2::StartAudioStream() called
[2025.05.25-09.51.16:854][867]LogAudioMixer: Display: Output buffers initialized: Frames=1024, Channels=2, Samples=2048
[2025.05.25-09.51.16:854][867]LogAudioMixer: Display: Starting AudioMixerPlatformInterface::RunInternal()
[2025.05.25-09.51.16:854][867]LogAudioMixer: Display: FMixerPlatformXAudio2::SubmitBuffer() called for the first time
[2025.05.25-09.51.16:854][867]LogInit: FAudioDevice initialized.
[2025.05.25-09.51.16:854][867]LogAudio: Display: Audio Device (ID: 33) registered with world 'VRTemplateMap'.
[2025.05.25-09.51.16:863][867]LogLoad: Game class is 'VRGameMode_C'
[2025.05.25-09.51.16:865][867]LogWorld: Bringing World /Game/VRTemplate/Maps/UEDPIE_0_VRTemplateMap.VRTemplateMap up for play (max tick rate 60) at 2025.05.25-12.51.16
[2025.05.25-09.51.16:865][867]LogWorld: Bringing up level for play took: 0.001280
[2025.05.25-09.51.16:866][867]LogOnline: OSS: Creating online subsystem instance for: :Context_41
[2025.05.25-09.51.16:867][867]LogSpawn: Warning: SpawnActor failed because no class was specified
[2025.05.25-09.51.16:868][867]PIE: Server logged in
[2025.05.25-09.51.16:869][867]PIE: Play in editor total start time 0,109 seconds.
[2025.05.25-09.51.16:892][867]LogResonanceAudio: Display: Resonance Audio Listener is initialized
[2025.05.25-09.51.21:534][142]LogSlate: Updating window title bar state: overlay mode, drag disabled, window buttons hidden, title bar hidden
[2025.05.25-09.51.21:534][142]LogWorld: BeginTearingDown for /Game/VRTemplate/Maps/UEDPIE_0_VRTemplateMap
[2025.05.25-09.51.21:534][142]LogWorld: UWorld::CleanupWorld for VRTemplateMap, bSessionEnded=true, bCleanupResources=true
[2025.05.25-09.51.21:535][142]LogSlate: InvalidateAllWidgets triggered.  All widgets were invalidated
[2025.05.25-09.51.21:564][142]LogPlayLevel: Display: Shutting down PIE online subsystems
[2025.05.25-09.51.21:577][142]LogSlate: InvalidateAllWidgets triggered.  All widgets were invalidated
[2025.05.25-09.51.21:608][142]LogAudio: Display: Audio Device unregistered from world 'None'.
[2025.05.25-09.51.21:608][142]LogResonanceAudio: Display: Resonance Audio Listener is shutdown
[2025.05.25-09.51.21:608][142]LogAudioMixer: FMixerPlatformXAudio2::StopAudioStream() called
[2025.05.25-09.51.21:609][142]LogAudioMixer: FMixerPlatformXAudio2::StopAudioStream() called
[2025.05.25-09.51.21:612][142]LogSlate: Updating window title bar state: overlay mode, drag disabled, window buttons hidden, title bar hidden
[2025.05.25-09.51.21:616][142]LogUObjectHash: Compacting FUObjectHashTables data took   2.16ms
[2025.05.25-09.51.21:646][143]LogPlayLevel: Display: Destroying online subsystem :Context_41
[2025.05.25-09.53.04:566][291]BlueprintLog: New page: Compile BP_test_menu_2
[2025.05.25-09.53.04:645][291]LogUObjectHash: Compacting FUObjectHashTables data took   3.52ms
[2025.05.25-09.53.05:099][311]Cmd: OBJ SAVEPACKAGE PACKAGE="/Game/Andrey/Menu/BP_test_menu_2" FILE="../../../../../../Users/AlisaDI/Documents/MephiTasks/UnrealProject/Content/Andrey/Menu/BP_test_menu_2.uasset" SILENT=true
[2025.05.25-09.53.05:149][311]LogSavePackage: Moving '../../../../../../Users/AlisaDI/Documents/MephiTasks/UnrealProject/Saved/BP_test_menu_24155D06346D4FB6BFFC50E8FAFA642E6.tmp' to '../../../../../../Users/AlisaDI/Documents/MephiTasks/UnrealProject/Content/Andrey/Menu/BP_test_menu_2.uasset'
[2025.05.25-09.53.05:169][311]AssetCheck: New page: Asset Save: BP_test_menu_2
[2025.05.25-09.53.05:169][311]LogContentValidation: Display: Validating Blueprint /Game/Andrey/Menu/BP_test_menu_2.BP_test_menu_2
[2025.05.25-09.53.06:409][385]LogTemp: Repeating last play command: Simulate
[2025.05.25-09.53.06:414][385]LogPlayLevel: PlayLevel: No blueprints needed recompiling
[2025.05.25-09.53.06:414][385]PIE: New page: SIE session: VRTemplateMap (25 мая 2025 г., 15:53:06)
[2025.05.25-09.53.06:414][385]LogPlayLevel: Creating play world package: /Game/VRTemplate/Maps/UEDPIE_0_VRTemplateMap
[2025.05.25-09.53.06:417][385]LogPlayLevel: PIE: StaticDuplicateObject took: (0.003569s)
[2025.05.25-09.53.06:418][385]LogAIModule: Creating AISystem for world VRTemplateMap
[2025.05.25-09.53.06:418][385]LogPlayLevel: PIE: World Init took: (0.000794s)
[2025.05.25-09.53.06:418][385]LogPlayLevel: PIE: Created PIE world by copying editor world from /Game/VRTemplate/Maps/VRTemplateMap.VRTemplateMap to /Game/VRTemplate/Maps/UEDPIE_0_VRTemplateMap.VRTemplateMap (0.004459s)
[2025.05.25-09.53.06:451][385]LogUObjectHash: Compacting FUObjectHashTables data took   2.69ms
[2025.05.25-09.53.06:453][385]LogAudio: Display: Creating Audio Device:                 Id: 34, Scope: Unique, Realtime: True
[2025.05.25-09.53.06:453][385]LogAudioMixer: Display: Audio Mixer Platform Settings:
[2025.05.25-09.53.06:453][385]LogAudioMixer: Display: 	Sample Rate:						  48000
[2025.05.25-09.53.06:453][385]LogAudioMixer: Display: 	Callback Buffer Frame Size Requested: 1024
[2025.05.25-09.53.06:453][385]LogAudioMixer: Display: 	Callback Buffer Frame Size To Use:	  1024
[2025.05.25-09.53.06:453][385]LogAudioMixer: Display: 	Number of buffers to queue:			  1
[2025.05.25-09.53.06:453][385]LogAudioMixer: Display: 	Max Channels (voices):				  0
[2025.05.25-09.53.06:453][385]LogAudioMixer: Display: 	Number of Async Source Workers:		  4
[2025.05.25-09.53.06:453][385]LogAudio: Display: AudioDevice MaxSources: 32
[2025.05.25-09.53.06:453][385]LogAudio: Display: Audio Spatialization Plugin: Resonance Audio is external send: 1
[2025.05.25-09.53.06:453][385]LogAudio: Display: Audio Reverb Plugin: Resonance Audio
[2025.05.25-09.53.06:453][385]LogAudio: Display: Audio Occlusion Plugin: None (built-in).
[2025.05.25-09.53.06:453][385]LogAudioMixer: Display: Initializing audio mixer.
[2025.05.25-09.53.06:457][385]LogAudioMixer: Display: 0: FrontLeft
[2025.05.25-09.53.06:457][385]LogAudioMixer: Display: 1: FrontRight
[2025.05.25-09.53.06:505][385]LogAudioMixer: Display: Using Audio Device Динамики (Realtek(R) Audio)
[2025.05.25-09.53.06:505][385]LogAudioMixer: Display: Initializing Sound Submixes...
[2025.05.25-09.53.06:505][385]LogAudioMixer: Display: Creating Master Submix 'MasterSubmixDefault'
[2025.05.25-09.53.06:505][385]LogAudioMixer: Display: Creating Master Submix 'MasterReverbSubmixDefault'
[2025.05.25-09.53.06:505][385]LogAudioMixer: Display: Creating Master Submix 'MasterEQSubmixDefault'
[2025.05.25-09.53.06:505][385]LogAudioMixer: FMixerPlatformXAudio2::StartAudioStream() called
[2025.05.25-09.53.06:505][385]LogAudioMixer: Display: Output buffers initialized: Frames=1024, Channels=2, Samples=2048
[2025.05.25-09.53.06:507][385]LogAudioMixer: Display: Starting AudioMixerPlatformInterface::RunInternal()
[2025.05.25-09.53.06:507][385]LogAudioMixer: Display: FMixerPlatformXAudio2::SubmitBuffer() called for the first time
[2025.05.25-09.53.06:507][385]LogInit: FAudioDevice initialized.
[2025.05.25-09.53.06:507][385]LogAudio: Display: Audio Device (ID: 34) registered with world 'VRTemplateMap'.
[2025.05.25-09.53.06:515][385]LogLoad: Game class is 'VRGameMode_C'
[2025.05.25-09.53.06:517][385]LogWorld: Bringing World /Game/VRTemplate/Maps/UEDPIE_0_VRTemplateMap.VRTemplateMap up for play (max tick rate 60) at 2025.05.25-12.53.06
[2025.05.25-09.53.06:518][385]LogWorld: Bringing up level for play took: 0.001825
[2025.05.25-09.53.06:518][385]LogOnline: OSS: Creating online subsystem instance for: :Context_42
[2025.05.25-09.53.06:519][385]LogSpawn: Warning: SpawnActor failed because no class was specified
[2025.05.25-09.53.06:521][385]PIE: Server logged in
[2025.05.25-09.53.06:521][385]PIE: Play in editor total start time 0,109 seconds.
[2025.05.25-09.53.06:543][385]LogResonanceAudio: Display: Resonance Audio Listener is initialized
[2025.05.25-09.53.17:502][ 41]LogBlueprintUserMessages: [BP_test_menu_3] Убери предмет с принтера
[2025.05.25-09.53.21:443][276]LogScript: Warning: Accessed None trying to read property CallFunc_Array_Get_Item_1
	BP_test_menu_2_C /Game/VRTemplate/Maps/UEDPIE_0_VRTemplateMap.VRTemplateMap:PersistentLevel.BP_test_menu_3
	Function /Game/Andrey/Menu/BP_test_menu_2.BP_test_menu_2_C:ExecuteUbergraph_BP_test_menu_2:0D5E
[2025.05.25-09.53.21:443][276]PIE: Error: Blueprint Runtime Error: "Accessed None trying to read property CallFunc_Array_Get_Item_1". Blueprint:  BP_test_menu_2 Function:  Execute Ubergraph BP Test Menu 2 Graph:  EventGraph Node:  Teleport
[2025.05.25-09.53.22:751][354]LogEditorViewport: Clicking on Actor (LMB): StaticMeshActor (TemplateFloor)
[2025.05.25-09.53.23:504][397]LogScript: Warning: Accessed None trying to read property CallFunc_Array_Get_Item_1
	BP_test_menu_2_C /Game/VRTemplate/Maps/UEDPIE_0_VRTemplateMap.VRTemplateMap:PersistentLevel.BP_test_menu_3
	Function /Game/Andrey/Menu/BP_test_menu_2.BP_test_menu_2_C:ExecuteUbergraph_BP_test_menu_2:0D5E
[2025.05.25-09.53.23:504][397]PIE: Error: Blueprint Runtime Error: "Accessed None trying to read property CallFunc_Array_Get_Item_1". Blueprint:  BP_test_menu_2 Function:  Execute Ubergraph BP Test Menu 2 Graph:  EventGraph Node:  Teleport
[2025.05.25-09.53.24:925][482]LogScript: Warning: Accessed None trying to read property CallFunc_Array_Get_Item_1
	BP_test_menu_2_C /Game/VRTemplate/Maps/UEDPIE_0_VRTemplateMap.VRTemplateMap:PersistentLevel.BP_test_menu_3
	Function /Game/Andrey/Menu/BP_test_menu_2.BP_test_menu_2_C:ExecuteUbergraph_BP_test_menu_2:0D5E
[2025.05.25-09.53.24:925][482]PIE: Error: Blueprint Runtime Error: "Accessed None trying to read property CallFunc_Array_Get_Item_1". Blueprint:  BP_test_menu_2 Function:  Execute Ubergraph BP Test Menu 2 Graph:  EventGraph Node:  Teleport
[2025.05.25-09.53.26:465][574]LogScript: Warning: Accessed None trying to read property CallFunc_Array_Get_Item_2
	BP_test_menu_2_C /Game/VRTemplate/Maps/UEDPIE_0_VRTemplateMap.VRTemplateMap:PersistentLevel.BP_test_menu_3
	Function /Game/Andrey/Menu/BP_test_menu_2.BP_test_menu_2_C:ExecuteUbergraph_BP_test_menu_2:0B3B
[2025.05.25-09.53.26:465][574]PIE: Error: Blueprint Runtime Error: "Accessed None trying to read property CallFunc_Array_Get_Item_2". Blueprint:  BP_test_menu_2 Function:  Execute Ubergraph BP Test Menu 2 Graph:  EventGraph Node:  Teleport
[2025.05.25-09.53.34:922][ 77]LogBlueprintUserMessages: [BP_test_menu_3] Инвентарь переполнен, объект отправлен в мусорку
[2025.05.25-09.53.34:922][ 77]LogScript: Warning: Accessed None trying to read property CallFunc_Array_Get_Item_2
	BP_test_menu_2_C /Game/VRTemplate/Maps/UEDPIE_0_VRTemplateMap.VRTemplateMap:PersistentLevel.BP_test_menu_3
	Function /Game/Andrey/Menu/BP_test_menu_2.BP_test_menu_2_C:ExecuteUbergraph_BP_test_menu_2:0B3B
[2025.05.25-09.53.34:922][ 77]PIE: Error: Blueprint Runtime Error: "Accessed None trying to read property CallFunc_Array_Get_Item_2". Blueprint:  BP_test_menu_2 Function:  Execute Ubergraph BP Test Menu 2 Graph:  EventGraph Node:  Teleport
[2025.05.25-09.53.37:434][227]LogScript: Warning: Accessed None trying to read property CallFunc_Array_Get_Item_2
	BP_test_menu_2_C /Game/VRTemplate/Maps/UEDPIE_0_VRTemplateMap.VRTemplateMap:PersistentLevel.BP_test_menu_3
	Function /Game/Andrey/Menu/BP_test_menu_2.BP_test_menu_2_C:ExecuteUbergraph_BP_test_menu_2:0B3B
[2025.05.25-09.53.37:434][227]PIE: Error: Blueprint Runtime Error: "Accessed None trying to read property CallFunc_Array_Get_Item_2". Blueprint:  BP_test_menu_2 Function:  Execute Ubergraph BP Test Menu 2 Graph:  EventGraph Node:  Teleport
[2025.05.25-09.53.37:978][259]LogBlueprintUserMessages: [BP_test_menu_3] Инвентарь переполнен, объект отправлен в мусорку
[2025.05.25-09.53.37:978][259]LogScript: Warning: Accessed None trying to read property CallFunc_Array_Get_Item_2
	BP_test_menu_2_C /Game/VRTemplate/Maps/UEDPIE_0_VRTemplateMap.VRTemplateMap:PersistentLevel.BP_test_menu_3
	Function /Game/Andrey/Menu/BP_test_menu_2.BP_test_menu_2_C:ExecuteUbergraph_BP_test_menu_2:0B3B
[2025.05.25-09.53.37:978][259]PIE: Error: Blueprint Runtime Error: "Accessed None trying to read property CallFunc_Array_Get_Item_2". Blueprint:  BP_test_menu_2 Function:  Execute Ubergraph BP Test Menu 2 Graph:  EventGraph Node:  Teleport
[2025.05.25-09.53.39:407][342]LogSlate: Updating window title bar state: overlay mode, drag disabled, window buttons hidden, title bar hidden
[2025.05.25-09.53.39:407][342]LogWorld: BeginTearingDown for /Game/VRTemplate/Maps/UEDPIE_0_VRTemplateMap
[2025.05.25-09.53.39:408][342]LogWorld: UWorld::CleanupWorld for VRTemplateMap, bSessionEnded=true, bCleanupResources=true
[2025.05.25-09.53.39:408][342]LogSlate: InvalidateAllWidgets triggered.  All widgets were invalidated
[2025.05.25-09.53.39:437][342]LogPlayLevel: Display: Shutting down PIE online subsystems
[2025.05.25-09.53.39:452][342]LogSlate: InvalidateAllWidgets triggered.  All widgets were invalidated
[2025.05.25-09.53.39:483][342]LogAudio: Display: Audio Device unregistered from world 'None'.
[2025.05.25-09.53.39:483][342]LogResonanceAudio: Display: Resonance Audio Listener is shutdown
[2025.05.25-09.53.39:483][342]LogAudioMixer: FMixerPlatformXAudio2::StopAudioStream() called
[2025.05.25-09.53.39:486][342]LogAudioMixer: FMixerPlatformXAudio2::StopAudioStream() called
[2025.05.25-09.53.39:489][342]LogSlate: Updating window title bar state: overlay mode, drag disabled, window buttons hidden, title bar hidden
[2025.05.25-09.53.39:493][342]LogUObjectHash: Compacting FUObjectHashTables data took   2.17ms
[2025.05.25-09.53.39:570][343]LogPlayLevel: Display: Destroying online subsystem :Context_42
[2025.05.25-09.53.44:169][610]LogSlate: Window 'Message Log' being destroyed
[2025.05.25-09.53.44:175][610]LogSlate: Window 'Message Log' being destroyed
[2025.05.25-09.54.04:714][839]BlueprintLog: New page: Compile BP_test_menu_2
[2025.05.25-09.54.04:785][839]LogUObjectHash: Compacting FUObjectHashTables data took   2.47ms
[2025.05.25-09.54.05:139][853]Cmd: OBJ SAVEPACKAGE PACKAGE="/Game/Andrey/Menu/BP_test_menu_2" FILE="../../../../../../Users/AlisaDI/Documents/MephiTasks/UnrealProject/Content/Andrey/Menu/BP_test_menu_2.uasset" SILENT=true
[2025.05.25-09.54.05:192][853]LogSavePackage: Moving '../../../../../../Users/AlisaDI/Documents/MephiTasks/UnrealProject/Saved/BP_test_menu_2C5525A6145154297FFC2498C90FE87D1.tmp' to '../../../../../../Users/AlisaDI/Documents/MephiTasks/UnrealProject/Content/Andrey/Menu/BP_test_menu_2.uasset'
[2025.05.25-09.54.05:211][853]AssetCheck: New page: Asset Save: BP_test_menu_2
[2025.05.25-09.54.05:211][853]LogContentValidation: Display: Validating Blueprint /Game/Andrey/Menu/BP_test_menu_2.BP_test_menu_2
[2025.05.25-09.54.06:209][913]LogTemp: Repeating last play command: Simulate
[2025.05.25-09.54.06:216][913]LogPlayLevel: PlayLevel: No blueprints needed recompiling
[2025.05.25-09.54.06:216][913]PIE: New page: SIE session: VRTemplateMap (25 мая 2025 г., 15:54:06)
[2025.05.25-09.54.06:216][913]LogPlayLevel: Creating play world package: /Game/VRTemplate/Maps/UEDPIE_0_VRTemplateMap
[2025.05.25-09.54.06:221][913]LogPlayLevel: PIE: StaticDuplicateObject took: (0.004551s)
[2025.05.25-09.54.06:222][913]LogAIModule: Creating AISystem for world VRTemplateMap
[2025.05.25-09.54.06:222][913]LogPlayLevel: PIE: World Init took: (0.001236s)
[2025.05.25-09.54.06:222][913]LogPlayLevel: PIE: Created PIE world by copying editor world from /Game/VRTemplate/Maps/VRTemplateMap.VRTemplateMap to /Game/VRTemplate/Maps/UEDPIE_0_VRTemplateMap.VRTemplateMap (0.005923s)
[2025.05.25-09.54.06:255][913]LogUObjectHash: Compacting FUObjectHashTables data took   3.00ms
[2025.05.25-09.54.06:256][913]LogAudio: Display: Creating Audio Device:                 Id: 35, Scope: Unique, Realtime: True
[2025.05.25-09.54.06:256][913]LogAudioMixer: Display: Audio Mixer Platform Settings:
[2025.05.25-09.54.06:256][913]LogAudioMixer: Display: 	Sample Rate:						  48000
[2025.05.25-09.54.06:256][913]LogAudioMixer: Display: 	Callback Buffer Frame Size Requested: 1024
[2025.05.25-09.54.06:256][913]LogAudioMixer: Display: 	Callback Buffer Frame Size To Use:	  1024
[2025.05.25-09.54.06:256][913]LogAudioMixer: Display: 	Number of buffers to queue:			  1
[2025.05.25-09.54.06:256][913]LogAudioMixer: Display: 	Max Channels (voices):				  0
[2025.05.25-09.54.06:257][913]LogAudioMixer: Display: 	Number of Async Source Workers:		  4
[2025.05.25-09.54.06:257][913]LogAudio: Display: AudioDevice MaxSources: 32
[2025.05.25-09.54.06:257][913]LogAudio: Display: Audio Spatialization Plugin: Resonance Audio is external send: 1
[2025.05.25-09.54.06:257][913]LogAudio: Display: Audio Reverb Plugin: Resonance Audio
[2025.05.25-09.54.06:257][913]LogAudio: Display: Audio Occlusion Plugin: None (built-in).
[2025.05.25-09.54.06:257][913]LogAudioMixer: Display: Initializing audio mixer.
[2025.05.25-09.54.06:260][913]LogAudioMixer: Display: 0: FrontLeft
[2025.05.25-09.54.06:260][913]LogAudioMixer: Display: 1: FrontRight
[2025.05.25-09.54.06:297][913]LogAudioMixer: Display: Using Audio Device Динамики (Realtek(R) Audio)
[2025.05.25-09.54.06:297][913]LogAudioMixer: Display: Initializing Sound Submixes...
[2025.05.25-09.54.06:297][913]LogAudioMixer: Display: Creating Master Submix 'MasterSubmixDefault'
[2025.05.25-09.54.06:297][913]LogAudioMixer: Display: Creating Master Submix 'MasterReverbSubmixDefault'
[2025.05.25-09.54.06:297][913]LogAudioMixer: Display: Creating Master Submix 'MasterEQSubmixDefault'
[2025.05.25-09.54.06:297][913]LogAudioMixer: FMixerPlatformXAudio2::StartAudioStream() called
[2025.05.25-09.54.06:297][913]LogAudioMixer: Display: Output buffers initialized: Frames=1024, Channels=2, Samples=2048
[2025.05.25-09.54.06:298][913]LogAudioMixer: Display: Starting AudioMixerPlatformInterface::RunInternal()
[2025.05.25-09.54.06:299][913]LogAudioMixer: Display: FMixerPlatformXAudio2::SubmitBuffer() called for the first time
[2025.05.25-09.54.06:299][913]LogInit: FAudioDevice initialized.
[2025.05.25-09.54.06:299][913]LogAudio: Display: Audio Device (ID: 35) registered with world 'VRTemplateMap'.
[2025.05.25-09.54.06:310][913]LogLoad: Game class is 'VRGameMode_C'
[2025.05.25-09.54.06:312][913]LogWorld: Bringing World /Game/VRTemplate/Maps/UEDPIE_0_VRTemplateMap.VRTemplateMap up for play (max tick rate 60) at 2025.05.25-12.54.06
[2025.05.25-09.54.06:312][913]LogWorld: Bringing up level for play took: 0.001330
[2025.05.25-09.54.06:313][913]LogOnline: OSS: Creating online subsystem instance for: :Context_43
[2025.05.25-09.54.06:314][913]LogSpawn: Warning: SpawnActor failed because no class was specified
[2025.05.25-09.54.06:315][913]PIE: Server logged in
[2025.05.25-09.54.06:316][913]PIE: Play in editor total start time 0,101 seconds.
[2025.05.25-09.54.06:337][913]LogResonanceAudio: Display: Resonance Audio Listener is initialized
[2025.05.25-09.54.11:214][205]LogEditorViewport: Clicking on Actor (LMB): BP_menu_C (BP_menu2)
[2025.05.25-09.54.25:088][ 33]LogUObjectHash: Compacting FUObjectHashTables data took   2.74ms
[2025.05.25-09.54.26:701][ 33]LogSlate: Window 'Save Content' being destroyed
[2025.05.25-09.54.26:744][ 33]LogActorComponent: UnregisterComponent: (/Engine/Transient.EditorFloorComp) Not registered. Aborting.
[2025.05.25-09.54.26:744][ 33]LogWorld: UWorld::CleanupWorld for World_3, bSessionEnded=true, bCleanupResources=true
[2025.05.25-09.54.26:744][ 33]LogSlate: InvalidateAllWidgets triggered.  All widgets were invalidated
[2025.05.25-09.54.26:816][ 33]LogWorld: UWorld::CleanupWorld for World_5, bSessionEnded=true, bCleanupResources=true
[2025.05.25-09.54.26:816][ 33]LogSlate: InvalidateAllWidgets triggered.  All widgets were invalidated
[2025.05.25-09.54.26:824][ 33]LogWorld: UWorld::CleanupWorld for World_4, bSessionEnded=true, bCleanupResources=true
[2025.05.25-09.54.26:824][ 33]LogSlate: InvalidateAllWidgets triggered.  All widgets were invalidated
[2025.05.25-09.54.26:867][ 33]LogWorld: UWorld::CleanupWorld for World_7, bSessionEnded=true, bCleanupResources=true
[2025.05.25-09.54.26:868][ 33]LogSlate: InvalidateAllWidgets triggered.  All widgets were invalidated
[2025.05.25-09.54.26:875][ 33]LogWorld: UWorld::CleanupWorld for World_6, bSessionEnded=true, bCleanupResources=true
[2025.05.25-09.54.26:875][ 33]LogSlate: InvalidateAllWidgets triggered.  All widgets were invalidated
[2025.05.25-09.54.26:942][ 33]LogSlate: Window 'MyProject - Unreal Editor' being destroyed
[2025.05.25-09.54.26:992][ 33]LogSlate: Updating window title bar state: overlay mode, drag disabled, window buttons hidden, title bar hidden
[2025.05.25-09.54.26:992][ 33]LogWorld: BeginTearingDown for /Game/VRTemplate/Maps/UEDPIE_0_VRTemplateMap
[2025.05.25-09.54.27:017][ 33]LogWorld: UWorld::CleanupWorld for VRTemplateMap, bSessionEnded=true, bCleanupResources=true
[2025.05.25-09.54.27:017][ 33]LogSlate: InvalidateAllWidgets triggered.  All widgets were invalidated
[2025.05.25-09.54.27:024][ 33]LogPlayLevel: Display: Shutting down PIE online subsystems
[2025.05.25-09.54.27:029][ 33]LogSlate: InvalidateAllWidgets triggered.  All widgets were invalidated
[2025.05.25-09.54.27:064][ 33]LogAudio: Display: Audio Device unregistered from world 'None'.
[2025.05.25-09.54.27:066][ 33]LogResonanceAudio: Display: Resonance Audio Listener is shutdown
[2025.05.25-09.54.27:066][ 33]LogAudioMixer: FMixerPlatformXAudio2::StopAudioStream() called
[2025.05.25-09.54.27:067][ 33]LogAudioMixer: FMixerPlatformXAudio2::StopAudioStream() called
[2025.05.25-09.54.27:071][ 33]LogSlate: Updating window title bar state: overlay mode, drag disabled, window buttons hidden, title bar hidden
[2025.05.25-09.54.27:095][ 33]LogUObjectHash: Compacting FUObjectHashTables data took   2.99ms
[2025.05.25-09.54.27:159][ 34]Cmd: QUIT_EDITOR
[2025.05.25-09.54.27:159][ 34]LogCore: Engine exit requested (reason: UUnrealEdEngine::CloseEditor())
[2025.05.25-09.54.27:163][ 34]LogCore: Engine exit requested (reason: EngineExit() was called; note: exit was already requested)
[2025.05.25-09.54.27:288][ 34]LogAudio: Display: Beginning Audio Device Manager Shutdown (Module: AudioMixerXAudio2)...
[2025.05.25-09.54.27:288][ 34]LogAudio: Display: Destroying 1 Remaining Audio Device(s)...
[2025.05.25-09.54.27:288][ 34]LogAudio: Display: Audio Device unregistered from world 'VRTemplateMap'.
[2025.05.25-09.54.27:288][ 34]LogResonanceAudio: Display: Resonance Audio Listener is shutdown
[2025.05.25-09.54.27:288][ 34]LogAudioMixer: FMixerPlatformXAudio2::StopAudioStream() called
[2025.05.25-09.54.27:289][ 34]LogAudioMixer: FMixerPlatformXAudio2::StopAudioStream() called
[2025.05.25-09.54.27:312][ 34]LogAudio: Display: Audio Device Manager Shutdown
[2025.05.25-09.54.27:313][ 34]LogWindowsTextInputMethodSystem: Display: IME system deactivated.
[2025.05.25-09.54.27:316][ 34]LogExit: Preparing to exit.
[2025.05.25-09.54.28:181][ 34]LogUObjectHash: Compacting FUObjectHashTables data took   2.65ms
[2025.05.25-09.54.28:254][ 34]LogWorld: UWorld::CleanupWorld for World_0, bSessionEnded=true, bCleanupResources=true
[2025.05.25-09.54.28:257][ 34]LogWorld: UWorld::CleanupWorld for World_2, bSessionEnded=true, bCleanupResources=true
[2025.05.25-09.54.28:259][ 34]LogWorld: UWorld::CleanupWorld for World_1, bSessionEnded=true, bCleanupResources=true
[2025.05.25-09.54.28:309][ 34]LogDemo: Cleaned up 0 splitscreen connections with owner deletion
[2025.05.25-09.54.28:322][ 34]LogExit: Editor shut down
[2025.05.25-09.54.28:322][ 34]LogExit: Transaction tracking system shut down
[2025.05.25-09.54.28:609][ 34]LogExit: Object subsystem successfully closed.
[2025.05.25-09.54.28:630][ 34]LogShaderCompilers: Display: === FShaderJobCache stats ===
[2025.05.25-09.54.28:630][ 34]LogShaderCompilers: Display: Total job queries 0, among them cache hits 0 (0.00%)
[2025.05.25-09.54.28:630][ 34]LogShaderCompilers: Display: Tracking 0 distinct input hashes that result in 0 distinct outputs (0.00%)
[2025.05.25-09.54.28:630][ 34]LogShaderCompilers: Display: RAM used: 0.00 MB (0.00 GB) of 1638.40 MB (1.60 GB) budget. Usage: 0.00%
[2025.05.25-09.54.28:630][ 34]LogShaderCompilers: Display: ================================================
[2025.05.25-09.54.28:645][ 34]LogShaderCompilers: Display: Shaders left to compile 0
[2025.05.25-09.54.28:666][ 34]LogModuleManager: Shutting down and abandoning module SequencerWidgets (868)
[2025.05.25-09.54.28:666][ 34]LogModuleManager: Shutting down and abandoning module BlueprintGraph (866)
[2025.05.25-09.54.28:666][ 34]LogModuleManager: Shutting down and abandoning module MovieSceneCapture (864)
[2025.05.25-09.54.28:666][ 34]LogModuleManager: Shutting down and abandoning module Voice (862)
[2025.05.25-09.54.28:666][ 34]LogModuleManager: Shutting down and abandoning module HierarchicalLODOutliner (860)
[2025.05.25-09.54.28:666][ 34]LogModuleManager: Shutting down and abandoning module SceneOutliner (858)
[2025.05.25-09.54.28:666][ 34]LogModuleManager: Shutting down and abandoning module AddContentDialog (856)
[2025.05.25-09.54.28:666][ 34]LogModuleManager: Shutting down and abandoning module WidgetCarousel (855)
[2025.05.25-09.54.28:666][ 34]LogModuleManager: Shutting down and abandoning module EditorWidgets (852)
[2025.05.25-09.54.28:666][ 34]LogModuleManager: Shutting down and abandoning module StatsViewer (850)
[2025.05.25-09.54.28:666][ 34]LogModuleManager: Shutting down and abandoning module PIEPreviewDeviceProfileSelector (848)
[2025.05.25-09.54.28:666][ 34]LogModuleManager: Shutting down and abandoning module SequenceRecorderSections (846)
[2025.05.25-09.54.28:666][ 34]LogModuleManager: Shutting down and abandoning module AutomationWorker (844)
[2025.05.25-09.54.28:666][ 34]LogModuleManager: Shutting down and abandoning module TakeRecorderSources (842)
[2025.05.25-09.54.28:666][ 34]LogModuleManager: Shutting down and abandoning module TakeRecorder (841)
[2025.05.25-09.54.28:666][ 34]LogModuleManager: Shutting down and abandoning module TakeTrackRecorders (838)
[2025.05.25-09.54.28:666][ 34]LogModuleManager: Shutting down and abandoning module TakesCore (836)
[2025.05.25-09.54.28:666][ 34]LogModuleManager: Shutting down and abandoning module ResonanceAudioEditor (834)
[2025.05.25-09.54.28:666][ 34]LogModuleManager: Shutting down and abandoning module OpenXRInput (832)
[2025.05.25-09.54.28:667][ 34]LogModuleManager: Shutting down and abandoning module GooglePADEditor (830)
[2025.05.25-09.54.28:667][ 34]LogModuleManager: Shutting down and abandoning module AudioCaptureEditor (828)
[2025.05.25-09.54.28:667][ 34]LogModuleManager: Shutting down and abandoning module TemplateSequenceEditor (826)
[2025.05.25-09.54.28:667][ 34]LogModuleManager: Shutting down and abandoning module MatineeToLevelSequence (824)
[2025.05.25-09.54.28:667][ 34]LogModuleManager: Shutting down and abandoning module LevelSequenceEditor (822)
[2025.05.25-09.54.28:667][ 34]LogModuleManager: Shutting down and abandoning module ActorSequenceEditor (820)
[2025.05.25-09.54.28:667][ 34]LogModuleManager: Shutting down and abandoning module MagicLeapMediaCodecFactory (818)
[2025.05.25-09.54.28:667][ 34]LogModuleManager: Shutting down and abandoning module MagicLeapMediaFactory (816)
[2025.05.25-09.54.28:667][ 34]LogModuleManager: Shutting down and abandoning module MagicLeapMediaEditor (814)
[2025.05.25-09.54.28:667][ 34]LogModuleManager: Shutting down and abandoning module WebMMediaFactory (812)
[2025.05.25-09.54.28:667][ 34]LogModuleManager: Shutting down and abandoning module WebMMediaEditor (810)
[2025.05.25-09.54.28:667][ 34]LogModuleManager: Shutting down and abandoning module WebMMedia (808)
[2025.05.25-09.54.28:667][ 34]LogModuleManager: Shutting down and abandoning module WmfMediaFactory (806)
[2025.05.25-09.54.28:667][ 34]LogModuleManager: Shutting down and abandoning module WmfMediaEditor (804)
[2025.05.25-09.54.28:667][ 34]LogModuleManager: Shutting down and abandoning module MediaPlayerEditor (802)
[2025.05.25-09.54.28:667][ 34]LogModuleManager: Shutting down and abandoning module OpenExrWrapper (800)
[2025.05.25-09.54.28:667][ 34]LogModuleManager: Shutting down and abandoning module ImgMediaFactory (798)
[2025.05.25-09.54.28:667][ 34]LogModuleManager: Shutting down and abandoning module ImgMediaEditor (796)
[2025.05.25-09.54.28:667][ 34]LogModuleManager: Shutting down and abandoning module MediaCompositingEditor (794)
[2025.05.25-09.54.28:667][ 34]LogModuleManager: Shutting down and abandoning module SequenceRecorder (793)
[2025.05.25-09.54.28:667][ 34]LogModuleManager: Shutting down and abandoning module AvfMediaFactory (790)
[2025.05.25-09.54.28:667][ 34]LogModuleManager: Shutting down and abandoning module AvfMediaEditor (788)
[2025.05.25-09.54.28:667][ 34]LogModuleManager: Shutting down and abandoning module AndroidMediaFactory (786)
[2025.05.25-09.54.28:667][ 34]LogModuleManager: Shutting down and abandoning module AndroidMediaEditor (784)
[2025.05.25-09.54.28:667][ 34]LogModuleManager: Shutting down and abandoning module TextureAlignMode (782)
[2025.05.25-09.54.28:667][ 34]LogModuleManager: Shutting down and abandoning module BspMode (780)
[2025.05.25-09.54.28:667][ 34]LogModuleManager: Shutting down and abandoning module GeometryMode (778)
[2025.05.25-09.54.28:667][ 34]LogModuleManager: Shutting down and abandoning module PlanarCut (776)
[2025.05.25-09.54.28:667][ 34]LogModuleManager: Shutting down and abandoning module CharacterAI (774)
[2025.05.25-09.54.28:667][ 34]LogModuleManager: Shutting down and abandoning module CameraShakePreviewer (772)
[2025.05.25-09.54.28:667][ 34]LogModuleManager: Shutting down and abandoning module SmartSnapping (770)
[2025.05.25-09.54.28:667][ 34]LogModuleManager: Shutting down and abandoning module SessionServices (768)
[2025.05.25-09.54.28:668][ 34]LogModuleManager: Shutting down and abandoning module MeshPaint (766)
[2025.05.25-09.54.28:668][ 34]LogModuleManager: Shutting down and abandoning module VirtualTexturingEditor (764)
[2025.05.25-09.54.28:668][ 34]LogModuleManager: Shutting down and abandoning module FoliageEdit (762)
[2025.05.25-09.54.28:668][ 34]LogModuleManager: Shutting down and abandoning module LandscapeEditor (760)
[2025.05.25-09.54.28:668][ 34]LogModuleManager: Shutting down and abandoning module MeshPaintMode (758)
[2025.05.25-09.54.28:668][ 34]LogModuleManager: Shutting down and abandoning module SceneDepthPickerMode (756)
[2025.05.25-09.54.28:668][ 34]LogModuleManager: Shutting down and abandoning module ActorPickerMode (754)
[2025.05.25-09.54.28:668][ 34]LogModuleManager: Shutting down and abandoning module PlacementMode (752)
[2025.05.25-09.54.28:668][ 34]LogModuleManager: Shutting down and abandoning module ViewportSnapping (750)
[2025.05.25-09.54.28:668][ 34]LogModuleManager: Shutting down and abandoning module ViewportInteraction (748)
[2025.05.25-09.54.28:668][ 34]LogModuleManager: Shutting down and abandoning module ClothPainter (746)
[2025.05.25-09.54.28:668][ 34]LogModuleManager: Shutting down and abandoning module SkeletalMeshEditor (745)
[2025.05.25-09.54.28:668][ 34]LogModuleManager: Shutting down and abandoning module LogVisualizer (742)
[2025.05.25-09.54.28:668][ 34]LogModuleManager: Shutting down and abandoning module IntroTutorials (740)
[2025.05.25-09.54.28:668][ 34]LogModuleManager: Shutting down and abandoning module GameProjectGeneration (739)
[2025.05.25-09.54.28:668][ 34]LogModuleManager: Shutting down and abandoning module LuminPlatformEditor (736)
[2025.05.25-09.54.28:668][ 34]LogModuleManager: Shutting down and abandoning module IOSPlatformEditor (734)
[2025.05.25-09.54.28:668][ 34]LogModuleManager: Shutting down and abandoning module AndroidPlatformEditor (732)
[2025.05.25-09.54.28:668][ 34]LogModuleManager: Shutting down and abandoning module AndroidDeviceDetection (731)
[2025.05.25-09.54.30:497][ 34]LogModuleManager: Shutting down and abandoning module WindowsPlatformEditor (728)
[2025.05.25-09.54.30:497][ 34]LogModuleManager: Shutting down and abandoning module LuminRuntimeSettings (726)
[2025.05.25-09.54.30:497][ 34]LogModuleManager: Shutting down and abandoning module IOSRuntimeSettings (724)
[2025.05.25-09.54.30:497][ 34]LogModuleManager: Shutting down and abandoning module AndroidRuntimeSettings (722)
[2025.05.25-09.54.30:497][ 34]LogModuleManager: Shutting down and abandoning module TraceInsights (720)
[2025.05.25-09.54.30:497][ 34]MemoryProfiler: Shutdown
[2025.05.25-09.54.30:497][ 34]NetworkingProfiler: Shutdown
[2025.05.25-09.54.30:497][ 34]LoadingProfiler: Shutdown
[2025.05.25-09.54.30:497][ 34]TimingProfiler: Shutdown
[2025.05.25-09.54.30:497][ 34]LogModuleManager: Shutting down and abandoning module TraceServices (719)
[2025.05.25-09.54.30:497][ 34]LogModuleManager: Shutting down and abandoning module EditorInteractiveToolsFramework (716)
[2025.05.25-09.54.30:497][ 34]LogModuleManager: Shutting down and abandoning module TimeManagementEditor (714)
[2025.05.25-09.54.30:497][ 34]LogModuleManager: Shutting down and abandoning module InputBindingEditor (712)
[2025.05.25-09.54.30:497][ 34]LogModuleManager: Shutting down and abandoning module MergeActors (710)
[2025.05.25-09.54.30:497][ 34]LogModuleManager: Shutting down and abandoning module LocalizationDashboard (708)
[2025.05.25-09.54.30:497][ 34]LogModuleManager: Shutting down and abandoning module LocalizationService (707)
[2025.05.25-09.54.30:497][ 34]LogModuleManager: Shutting down and abandoning module HardwareTargeting (704)
[2025.05.25-09.54.30:497][ 34]LogModuleManager: Shutting down and abandoning module DeviceProfileEditor (702)
[2025.05.25-09.54.30:497][ 34]LogModuleManager: Shutting down and abandoning module UndoHistory (700)
[2025.05.25-09.54.30:497][ 34]LogModuleManager: Shutting down and abandoning module XmlParser (698)
[2025.05.25-09.54.30:497][ 34]LogModuleManager: Shutting down and abandoning module Blutility (696)
[2025.05.25-09.54.30:497][ 34]LogModuleManager: Shutting down and abandoning module ProjectSettingsViewer (694)
[2025.05.25-09.54.30:497][ 34]LogModuleManager: Shutting down and abandoning module ProjectTargetPlatformEditor (693)
[2025.05.25-09.54.30:497][ 34]LogModuleManager: Shutting down and abandoning module EditorSettingsViewer (690)
[2025.05.25-09.54.30:497][ 34]LogModuleManager: Shutting down and abandoning module InternationalizationSettings (689)
[2025.05.25-09.54.30:497][ 34]LogModuleManager: Shutting down and abandoning module SettingsEditor (686)
[2025.05.25-09.54.30:498][ 34]LogModuleManager: Shutting down and abandoning module ProjectLauncher (684)
[2025.05.25-09.54.30:498][ 34]LogModuleManager: Shutting down and abandoning module SessionFrontend (682)
[2025.05.25-09.54.30:498][ 34]LogModuleManager: Shutting down and abandoning module ProfilerClient (680)
[2025.05.25-09.54.30:498][ 34]LogModuleManager: Shutting down and abandoning module DeviceManager (678)
[2025.05.25-09.54.30:498][ 34]LogModuleManager: Shutting down and abandoning module TargetDeviceServices (677)
[2025.05.25-09.54.30:529][ 34]LogModuleManager: Shutting down and abandoning module AutomationController (674)
[2025.05.25-09.54.30:529][ 34]LogModuleManager: Shutting down and abandoning module AutomationWindow (672)
[2025.05.25-09.54.30:529][ 34]LogModuleManager: Shutting down and abandoning module Layers (670)
[2025.05.25-09.54.30:529][ 34]LogModuleManager: Shutting down and abandoning module ComponentVisualizers (668)
[2025.05.25-09.54.30:529][ 34]LogModuleManager: Shutting down and abandoning module DetailCustomizations (666)
[2025.05.25-09.54.30:529][ 34]LogModuleManager: Shutting down and abandoning module PackagesDialog (664)
[2025.05.25-09.54.30:530][ 34]LogModuleManager: Shutting down and abandoning module AnimationBlueprintEditor (662)
[2025.05.25-09.54.30:530][ 34]LogModuleManager: Shutting down and abandoning module Persona (660)
[2025.05.25-09.54.30:530][ 34]LogModuleManager: Shutting down and abandoning module AdvancedPreviewScene (659)
[2025.05.25-09.54.30:530][ 34]LogModuleManager: Shutting down and abandoning module AnimGraph (657)
[2025.05.25-09.54.30:530][ 34]LogModuleManager: Shutting down and abandoning module Kismet (654)
[2025.05.25-09.54.30:544][ 34]LogModuleManager: Shutting down and abandoning module KismetWidgets (653)
[2025.05.25-09.54.30:544][ 34]LogModuleManager: Shutting down and abandoning module GraphEditor (650)
[2025.05.25-09.54.30:544][ 34]LogModuleManager: Shutting down and abandoning module StructViewer (648)
[2025.05.25-09.54.30:544][ 34]LogModuleManager: Shutting down and abandoning module ClassViewer (646)
[2025.05.25-09.54.30:546][ 34]LogModuleManager: Shutting down and abandoning module Toolbox (644)
[2025.05.25-09.54.30:546][ 34]LogModuleManager: Shutting down and abandoning module ModuleUI (642)
[2025.05.25-09.54.30:546][ 34]LogModuleManager: Shutting down and abandoning module OutputLog (640)
[2025.05.25-09.54.30:547][ 34]LogModuleManager: Shutting down and abandoning module GammaUI (638)
[2025.05.25-09.54.30:547][ 34]LogModuleManager: Shutting down and abandoning module Documentation (636)
[2025.05.25-09.54.30:547][ 34]LogModuleManager: Shutting down and abandoning module LiveCoding (634)
[2025.05.25-09.54.30:547][ 34]LogModuleManager: Shutting down and abandoning module LevelSequence (632)
[2025.05.25-09.54.30:547][ 34]LogModuleManager: Shutting down and abandoning module MovieSceneTracks (630)
[2025.05.25-09.54.30:547][ 34]LogModuleManager: Shutting down and abandoning module MovieScene (628)
[2025.05.25-09.54.30:547][ 34]LogModuleManager: Shutting down and abandoning module StreamingPauseRendering (626)
[2025.05.25-09.54.30:547][ 34]LogModuleManager: Shutting down and abandoning module LauncherPlatform (624)
[2025.05.25-09.54.30:547][ 34]LogModuleManager: Shutting down and abandoning module AnalyticsET (622)
[2025.05.25-09.54.30:547][ 34]LogModuleManager: Shutting down and abandoning module PortalServices (620)
[2025.05.25-09.54.30:547][ 34]LogModuleManager: Shutting down and abandoning module PortalRpc (618)
[2025.05.25-09.54.30:547][ 34]LogModuleManager: Shutting down and abandoning module MessagingRpc (616)
[2025.05.25-09.54.30:547][ 34]LogModuleManager: Shutting down and abandoning module AudioMixerXAudio2 (614)
[2025.05.25-09.54.30:547][ 34]LogModuleManager: Shutting down and abandoning module AudioMixerCore (613)
[2025.05.25-09.54.30:547][ 34]LogModuleManager: Shutting down and abandoning module AIModule (610)
[2025.05.25-09.54.30:547][ 34]LogModuleManager: Shutting down and abandoning module GameplayDebugger (609)
[2025.05.25-09.54.30:547][ 34]LogModuleManager: Shutting down and abandoning module AITestSuite (607)
[2025.05.25-09.54.30:547][ 34]LogModuleManager: Shutting down and abandoning module NavigationSystem (605)
[2025.05.25-09.54.30:547][ 34]LogModuleManager: Shutting down and abandoning module ImageWriteQueue (602)
[2025.05.25-09.54.30:553][ 34]LogModuleManager: Shutting down and abandoning module ProfilerService (600)
[2025.05.25-09.54.30:781][ 34]LogModuleManager: Shutting down and abandoning module TaskGraph (598)
[2025.05.25-09.54.30:781][ 34]LogModuleManager: Shutting down and abandoning module AudioSynesthesiaEditor (596)
[2025.05.25-09.54.30:781][ 34]LogModuleManager: Shutting down and abandoning module ContentBrowserClassDataSource (594)
[2025.05.25-09.54.30:781][ 34]LogModuleManager: Shutting down and abandoning module ContentBrowserAssetDataSource (592)
[2025.05.25-09.54.30:781][ 34]LogModuleManager: Shutting down and abandoning module CollectionManager (591)
[2025.05.25-09.54.30:781][ 34]LogModuleManager: Shutting down and abandoning module ContentBrowserFileDataSource (588)
[2025.05.25-09.54.30:781][ 34]LogModuleManager: Shutting down and abandoning module SynthesisEditor (586)
[2025.05.25-09.54.30:781][ 34]LogModuleManager: Shutting down and abandoning module Synthesis (584)
[2025.05.25-09.54.30:781][ 34]LogModuleManager: Shutting down and abandoning module TakeSequencer (582)
[2025.05.25-09.54.30:781][ 34]LogModuleManager: Shutting down and abandoning module TakeMovieScene (580)
[2025.05.25-09.54.30:781][ 34]LogModuleManager: Shutting down and abandoning module ResonanceAudio (578)
[2025.05.25-09.54.30:781][ 34]LogModuleManager: Shutting down and abandoning module ProceduralMeshComponentEditor (576)
[2025.05.25-09.54.30:781][ 34]LogModuleManager: Shutting down and abandoning module ProceduralMeshComponent (574)
[2025.05.25-09.54.30:781][ 34]LogModuleManager: Shutting down and abandoning module OpenXREditor (572)
[2025.05.25-09.54.30:782][ 34]LogModuleManager: Shutting down and abandoning module MobilePatchingUtils (570)
[2025.05.25-09.54.30:782][ 34]LogModuleManager: Shutting down and abandoning module GooglePAD (568)
[2025.05.25-09.54.30:782][ 34]LogModuleManager: Shutting down and abandoning module EditableMesh (566)
[2025.05.25-09.54.30:782][ 34]LogModuleManager: Shutting down and abandoning module ScreenshotTools (564)
[2025.05.25-09.54.30:782][ 34]LogModuleManager: Shutting down and abandoning module CustomMeshComponent (562)
[2025.05.25-09.54.30:782][ 34]LogModuleManager: Shutting down and abandoning module CableComponent (560)
[2025.05.25-09.54.30:782][ 34]LogModuleManager: Shutting down and abandoning module AssetTags (558)
[2025.05.25-09.54.30:782][ 34]LogModuleManager: Shutting down and abandoning module AudioCapture (556)
[2025.05.25-09.54.30:782][ 34]LogModuleManager: Shutting down and abandoning module AudioCaptureRtAudio (555)
[2025.05.25-09.54.30:782][ 34]LogModuleManager: Shutting down and abandoning module AppleImageUtilsBlueprintSupport (552)
[2025.05.25-09.54.30:782][ 34]LogModuleManager: Shutting down and abandoning module AppleImageUtils (550)
[2025.05.25-09.54.30:782][ 34]LogModuleManager: Shutting down and abandoning module ArchVisCharacter (548)
[2025.05.25-09.54.30:782][ 34]LogModuleManager: Shutting down and abandoning module AndroidPermission (546)
[2025.05.25-09.54.30:782][ 34]LogModuleManager: Shutting down and abandoning module ActorLayerUtilitiesEditor (544)
[2025.05.25-09.54.30:782][ 34]LogModuleManager: Shutting down and abandoning module ActorLayerUtilities (542)
[2025.05.25-09.54.30:782][ 34]LogModuleManager: Shutting down and abandoning module TemplateSequence (540)
[2025.05.25-09.54.30:782][ 34]LogModuleManager: Shutting down and abandoning module MagicLeapSharedWorld (538)
[2025.05.25-09.54.30:782][ 34]LogModuleManager: Shutting down and abandoning module MagicLeapLightEstimation (536)
[2025.05.25-09.54.30:782][ 34]LogModuleManager: Shutting down and abandoning module MagicLeapHelperVulkan (534)
[2025.05.25-09.54.30:782][ 34]LogModuleManager: Shutting down and abandoning module MagicLeapHelperOpenGL (532)
[2025.05.25-09.54.30:782][ 34]LogModuleManager: Shutting down and abandoning module MagicLeapAudio (530)
[2025.05.25-09.54.30:782][ 34]LogModuleManager: Shutting down and abandoning module ImgMedia (528)
[2025.05.25-09.54.30:782][ 34]LogModuleManager: Shutting down and abandoning module MediaCompositing (526)
[2025.05.25-09.54.30:782][ 34]LogModuleManager: Shutting down and abandoning module SpeedTreeImporter (524)
[2025.05.25-09.54.30:782][ 34]LogModuleManager: Shutting down and abandoning module PluginBrowser (522)
[2025.05.25-09.54.30:782][ 34]LogModuleManager: Shutting down and abandoning module MobileLauncherProfileWizard (520)
[2025.05.25-09.54.30:782][ 34]LogModuleManager: Shutting down and abandoning module MaterialAnalyzer (518)
[2025.05.25-09.54.30:782][ 34]LogModuleManager: Shutting down and abandoning module CurveEditorTools (516)
[2025.05.25-09.54.30:782][ 34]LogModuleManager: Shutting down and abandoning module CryptoKeysOpenSSL (514)
[2025.05.25-09.54.30:782][ 34]LogModuleManager: Shutting down and abandoning module CryptoKeys (512)
[2025.05.25-09.54.30:782][ 34]LogModuleManager: Shutting down and abandoning module OpenImageDenoise (510)
[2025.05.25-09.54.30:782][ 34]LogOpenImageDenoise: OIDN shutting down
[2025.05.25-09.54.30:782][ 34]LogModuleManager: Shutting down and abandoning module MotoSynthEditor (508)
[2025.05.25-09.54.30:782][ 34]LogModuleManager: Shutting down and abandoning module MotoSynth (506)
[2025.05.25-09.54.30:782][ 34]LogModuleManager: Shutting down and abandoning module MeshConversion (504)
[2025.05.25-09.54.30:782][ 34]LogModuleManager: Shutting down and abandoning module DynamicMesh (502)
[2025.05.25-09.54.30:782][ 34]LogModuleManager: Shutting down and abandoning module GeometryAlgorithms (500)
[2025.05.25-09.54.30:782][ 34]LogModuleManager: Shutting down and abandoning module GeometricObjects (498)
[2025.05.25-09.54.30:782][ 34]LogModuleManager: Shutting down and abandoning module GeometryCollectionTracks (496)
[2025.05.25-09.54.30:782][ 34]LogModuleManager: Shutting down and abandoning module GeometryCollectionSequencer (495)
[2025.05.25-09.54.30:782][ 34]LogModuleManager: Shutting down and abandoning module GeometryCollectionEditor (492)
[2025.05.25-09.54.30:782][ 34]LogModuleManager: Shutting down and abandoning module GeometryCacheTracks (490)
[2025.05.25-09.54.30:782][ 34]LogModuleManager: Shutting down and abandoning module GeometryCacheStreamer (488)
[2025.05.25-09.54.30:782][ 34]LogModuleManager: Shutting down and abandoning module GeometryCacheSequencer (486)
[2025.05.25-09.54.30:782][ 34]LogModuleManager: Shutting down and abandoning module NiagaraEditorWidgets (484)
[2025.05.25-09.54.30:782][ 34]LogModuleManager: Shutting down and abandoning module ChaosSolverEditor (482)
[2025.05.25-09.54.30:782][ 34]LogModuleManager: Shutting down and abandoning module ChaosNiagara (480)
[2025.05.25-09.54.30:782][ 34]LogModuleManager: Shutting down and abandoning module FractureEditor (478)
[2025.05.25-09.54.30:782][ 34]LogModuleManager: Shutting down and abandoning module FieldSystemEngine (477)
[2025.05.25-09.54.30:782][ 34]LogModuleManager: Shutting down and abandoning module ChaosClothEditor (474)
[2025.05.25-09.54.30:782][ 34]LogModuleManager: Shutting down and abandoning module BackChannel (472)
[2025.05.25-09.54.30:782][ 34]LogModuleManager: Shutting down and abandoning module AutomationUtilsEditor (470)
[2025.05.25-09.54.30:782][ 34]LogModuleManager: Shutting down and abandoning module AutomationUtils (468)
[2025.05.25-09.54.30:782][ 34]LogModuleManager: Shutting down and abandoning module AlembicImporter (466)
[2025.05.25-09.54.30:782][ 34]LogModuleManager: Shutting down and abandoning module AlembicLibrary (465)
[2025.05.25-09.54.30:782][ 34]LogModuleManager: Shutting down and abandoning module GeometryCache (464)
[2025.05.25-09.54.30:783][ 34]LogModuleManager: Shutting down and abandoning module GeometryCacheEd (463)
[2025.05.25-09.54.30:783][ 34]LogModuleManager: Shutting down and abandoning module VariantManagerContentEditor (458)
[2025.05.25-09.54.30:783][ 34]LogModuleManager: Shutting down and abandoning module DatasmithContentEditor (456)
[2025.05.25-09.54.30:783][ 34]LogModuleManager: Shutting down and abandoning module OodleNetworkHandlerComponent (454)
[2025.05.25-09.54.30:783][ 34]LogModuleManager: Shutting down and abandoning module VisualStudioCodeSourceCodeAccess (452)
[2025.05.25-09.54.30:783][ 34]LogModuleManager: Shutting down and abandoning module UObjectPlugin (450)
[2025.05.25-09.54.30:783][ 34]LogModuleManager: Shutting down and abandoning module VisualStudioSourceCodeAccess (448)
[2025.05.25-09.54.30:783][ 34]LogModuleManager: Shutting down and abandoning module SubversionSourceControl (446)
[2025.05.25-09.54.30:783][ 34]LogModuleManager: Shutting down and abandoning module RiderSourceCodeAccess (444)
[2025.05.25-09.54.30:783][ 34]LogModuleManager: Shutting down and abandoning module PlasticSourceControl (442)
[2025.05.25-09.54.30:783][ 34]LogModuleManager: Shutting down and abandoning module PluginUtils (440)
[2025.05.25-09.54.30:783][ 34]LogModuleManager: Shutting down and abandoning module PerforceSourceControl (438)
[2025.05.25-09.54.30:783][ 34]LogModuleManager: Shutting down and abandoning module AnimationSharingEd (436)
[2025.05.25-09.54.30:783][ 34]LogModuleManager: Shutting down and abandoning module GitSourceControl (434)
[2025.05.25-09.54.30:783][ 34]LogModuleManager: Shutting down and abandoning module SourceControl (433)
[2025.05.25-09.54.30:783][ 34]LogModuleManager: Shutting down and abandoning module CLionSourceCodeAccess (430)
[2025.05.25-09.54.30:783][ 34]LogModuleManager: Shutting down and abandoning module LightPropagationVolumeEditor (428)
[2025.05.25-09.54.30:783][ 34]LogModuleManager: Shutting down and abandoning module LiveLinkSequencer (426)
[2025.05.25-09.54.30:783][ 34]LogModuleManager: Shutting down and abandoning module LiveLinkMovieScene (424)
[2025.05.25-09.54.30:783][ 34]LogModuleManager: Shutting down and abandoning module LiveLinkGraphNode (422)
[2025.05.25-09.54.30:783][ 34]LogModuleManager: Shutting down and abandoning module LiveLinkEditor (420)
[2025.05.25-09.54.30:783][ 34]LogModuleManager: Shutting down and abandoning module LiveLinkComponents (418)
[2025.05.25-09.54.30:783][ 34]LogModuleManager: Shutting down and abandoning module LiveLink (416)
[2025.05.25-09.54.31:381][ 34]LogModuleManager: Shutting down and abandoning module PaperTiledImporter (414)
[2025.05.25-09.54.31:381][ 34]LogModuleManager: Shutting down and abandoning module PaperSpriteSheetImporter (412)
[2025.05.25-09.54.31:381][ 34]LogModuleManager: Shutting down and abandoning module Paper2DEditor (410)
[2025.05.25-09.54.31:381][ 34]LogModuleManager: Shutting down and abandoning module MeshPaintingToolset (408)
[2025.05.25-09.54.31:381][ 34]LogModuleManager: Shutting down and abandoning module MeshPaintEditorMode (406)
[2025.05.25-09.54.31:381][ 34]LogModuleManager: Shutting down and abandoning module SoundFields (404)
[2025.05.25-09.54.31:381][ 34]LogModuleManager: Shutting down and abandoning module SignificanceManager (402)
[2025.05.25-09.54.31:381][ 34]LogModuleManager: Shutting down and abandoning module RuntimePhysXCooking (400)
[2025.05.25-09.54.31:381][ 34]LogModuleManager: Shutting down and abandoning module PropertyAccessEditor (398)
[2025.05.25-09.54.31:381][ 34]LogModuleManager: Shutting down and abandoning module PhysXVehiclesEditor (396)
[2025.05.25-09.54.31:381][ 34]LogModuleManager: Shutting down and abandoning module LocationServicesBPLibrary (392)
[2025.05.25-09.54.31:381][ 34]LogModuleManager: Shutting down and abandoning module AudioSynesthesia (390)
[2025.05.25-09.54.31:381][ 34]LogModuleManager: Shutting down and abandoning module AudioSynesthesiaCore (388)
[2025.05.25-09.54.31:381][ 34]LogModuleManager: Shutting down and abandoning module ActorSequence (386)
[2025.05.25-09.54.31:381][ 34]LogModuleManager: Shutting down and abandoning module UdpMessaging (384)
[2025.05.25-09.54.31:483][ 34]LogModuleManager: Shutting down and abandoning module MagicLeapARPin (382)
[2025.05.25-09.54.31:483][ 34]LogModuleManager: Shutting down and abandoning module TcpMessaging (380)
[2025.05.25-09.54.31:583][ 34]LogModuleManager: Shutting down and abandoning module MagicLeapHandMeshing (378)
[2025.05.25-09.54.31:583][ 34]LogModuleManager: Shutting down and abandoning module MagicLeapSecureStorage (376)
[2025.05.25-09.54.31:583][ 34]LogModuleManager: Shutting down and abandoning module MagicLeapPrivileges (374)
[2025.05.25-09.54.31:583][ 34]LogModuleManager: Shutting down and abandoning module MagicLeapPlanes (372)
[2025.05.25-09.54.31:583][ 34]LogMagicLeapPlanes: Planes tracker already destroyed.
[2025.05.25-09.54.31:583][ 34]LogModuleManager: Shutting down and abandoning module MagicLeapImageTracker (370)
[2025.05.25-09.54.31:583][ 34]LogModuleManager: Shutting down and abandoning module MagicLeapIdentity (368)
[2025.05.25-09.54.31:583][ 34]LogModuleManager: Shutting down and abandoning module MagicLeapHandTracking (366)
[2025.05.25-09.54.31:583][ 34]LogModuleManager: Shutting down and abandoning module MagicLeapEyeTracker (364)
[2025.05.25-09.54.31:583][ 34]LogModuleManager: Shutting down and abandoning module MagicLeapController (362)
[2025.05.25-09.54.31:583][ 34]LogModuleManager: Shutting down and abandoning module MagicLeapARPinImpl (360)
[2025.05.25-09.54.31:583][ 34]LogModuleManager: Shutting down and abandoning module MagicLeapAR (358)
[2025.05.25-09.54.31:583][ 34]LogModuleManager: Shutting down and abandoning module ImgMediaEngine (356)
[2025.05.25-09.54.31:583][ 34]LogModuleManager: Shutting down and abandoning module GameplayTagsEditor (354)
[2025.05.25-09.54.31:583][ 34]LogModuleManager: Shutting down and abandoning module FacialAnimationEditor (352)
[2025.05.25-09.54.31:583][ 34]LogModuleManager: Shutting down and abandoning module FacialAnimation (350)
[2025.05.25-09.54.31:583][ 34]LogModuleManager: Shutting down and abandoning module DataValidation (348)
[2025.05.25-09.54.31:583][ 34]LogModuleManager: Shutting down and abandoning module PythonScriptPlugin (346)
[2025.05.25-09.54.31:583][ 34]LogModuleManager: Shutting down and abandoning module AssetManagerEditor (344)
[2025.05.25-09.54.31:584][ 34]LogModuleManager: Shutting down and abandoning module LevelEditor (343)
[2025.05.25-09.54.31:585][ 34]LogModuleManager: Shutting down and abandoning module PixelInspectorModule (342)
[2025.05.25-09.54.31:585][ 34]LogModuleManager: Shutting down and abandoning module CommonMenuExtensions (340)
[2025.05.25-09.54.31:586][ 34]LogModuleManager: Shutting down and abandoning module MainFrame (338)
[2025.05.25-09.54.31:586][ 34]LogModuleManager: Shutting down and abandoning module HotReload (337)
[2025.05.25-09.54.31:587][ 34]LogModuleManager: Shutting down and abandoning module ToolMenus (333)
[2025.05.25-09.54.31:587][ 34]LogModuleManager: Shutting down and abandoning module TreeMap (331)
[2025.05.25-09.54.31:587][ 34]LogModuleManager: Shutting down and abandoning module NiagaraAnimNotifies (328)
[2025.05.25-09.54.31:587][ 34]LogModuleManager: Shutting down and abandoning module Niagara (326)
[2025.05.25-09.54.31:587][ 34]LogModuleManager: Shutting down and abandoning module SignalProcessing (325)
[2025.05.25-09.54.31:587][ 34]LogModuleManager: Shutting down and abandoning module NiagaraEditor (323)
[2025.05.25-09.54.31:587][ 34]LogModuleManager: Shutting down and abandoning module ContentBrowser (322)
[2025.05.25-09.54.31:588][ 34]LogModuleManager: Shutting down and abandoning module ContentBrowserData (321)
[2025.05.25-09.54.31:588][ 34]LogModuleManager: Shutting down and abandoning module NiagaraCore (316)
[2025.05.25-09.54.31:588][ 34]LogModuleManager: Shutting down and abandoning module PropertyAccessNode (314)
[2025.05.25-09.54.31:588][ 34]LogModuleManager: Shutting down and abandoning module AnimationSharing (312)
[2025.05.25-09.54.31:588][ 34]LogModuleManager: Shutting down and abandoning module GameplayCameras (310)
[2025.05.25-09.54.31:588][ 34]LogModuleManager: Shutting down and abandoning module LightPropagationVolumeRuntime (308)
[2025.05.25-09.54.31:588][ 34]LogModuleManager: Shutting down and abandoning module EnvironmentQueryEditor (306)
[2025.05.25-09.54.31:588][ 34]LogModuleManager: Shutting down and abandoning module Paper2D (304)
[2025.05.25-09.54.31:588][ 34]LogModuleManager: Shutting down and abandoning module WindowsMoviePlayer (302)
[2025.05.25-09.54.31:590][ 34]LogModuleManager: Shutting down and abandoning module WebMMoviePlayer (300)
[2025.05.25-09.54.31:591][ 34]LogModuleManager: Shutting down and abandoning module NetworkReplayStreaming (298)
[2025.05.25-09.54.31:591][ 34]LogModuleManager: Shutting down and abandoning module PacketHandler (296)
[2025.05.25-09.54.31:591][ 34]LogModuleManager: Shutting down and abandoning module ClothingSystemEditor (294)
[2025.05.25-09.54.31:591][ 34]LogModuleManager: Shutting down and abandoning module ClothingSystemRuntimeNv (292)
[2025.05.25-09.54.31:591][ 34]LogModuleManager: Shutting down and abandoning module MediaAssets (290)
[2025.05.25-09.54.31:591][ 34]LogModuleManager: Shutting down and abandoning module Overlay (288)
[2025.05.25-09.54.31:591][ 34]LogModuleManager: Shutting down and abandoning module OverlayEditor (287)
[2025.05.25-09.54.31:591][ 34]LogModuleManager: Shutting down and abandoning module VREditor (284)
[2025.05.25-09.54.31:591][ 34]LogModuleManager: Shutting down and abandoning module StringTableEditor (282)
[2025.05.25-09.54.31:591][ 34]LogModuleManager: Shutting down and abandoning module GameplayTasksEditor (280)
[2025.05.25-09.54.31:591][ 34]LogModuleManager: Shutting down and abandoning module BehaviorTreeEditor (278)
[2025.05.25-09.54.31:591][ 34]LogModuleManager: Shutting down and abandoning module FunctionalTesting (276)
[2025.05.25-09.54.31:591][ 34]LogModuleManager: Shutting down and abandoning module CollisionAnalyzer (274)
[2025.05.25-09.54.31:591][ 34]LogModuleManager: Shutting down and abandoning module WorkspaceMenuStructure (273)
[2025.05.25-09.54.31:591][ 34]LogModuleManager: Shutting down and abandoning module UMG (270)
[2025.05.25-09.54.31:591][ 34]LogModuleManager: Shutting down and abandoning module UMGEditor (269)
[2025.05.25-09.54.31:591][ 34]LogModuleManager: Shutting down and abandoning module MessageLog (267)
[2025.05.25-09.54.31:591][ 34]LogModuleManager: Shutting down and abandoning module SlateReflector (262)
[2025.05.25-09.54.31:591][ 34]LogModuleManager: Shutting down and abandoning module Slate (260)
[2025.05.25-09.54.31:591][ 34]LogModuleManager: Shutting down and abandoning module SlateCore (258)
[2025.05.25-09.54.31:593][ 34]LogModuleManager: Shutting down and abandoning module LandscapeEditorUtilities (256)
[2025.05.25-09.54.31:593][ 34]LogModuleManager: Shutting down and abandoning module UnrealEd (254)
[2025.05.25-09.54.31:593][ 34]LogModuleManager: Shutting down and abandoning module MRMesh (252)
[2025.05.25-09.54.31:593][ 34]LogModuleManager: Shutting down and abandoning module SourceCodeAccess (250)
[2025.05.25-09.54.31:593][ 34]LogModuleManager: Shutting down and abandoning module HeadMountedDisplay (248)
[2025.05.25-09.54.31:593][ 34]LogModuleManager: Shutting down and abandoning module XAudio2 (246)
[2025.05.25-09.54.31:593][ 34]LogModuleManager: Shutting down and abandoning module Networking (244)
[2025.05.25-09.54.31:593][ 34]LogModuleManager: Shutting down and abandoning module Core (242)
[2025.05.25-09.54.31:593][ 34]LogModuleManager: Shutting down and abandoning module MaterialEditor (240)
[2025.05.25-09.54.31:593][ 34]LogModuleManager: Shutting down and abandoning module MovieSceneTools (238)
[2025.05.25-09.54.31:593][ 34]LogModuleManager: Shutting down and abandoning module CurveEditor (237)
[2025.05.25-09.54.31:594][ 34]LogModuleManager: Shutting down and abandoning module Sequencer (235)
[2025.05.25-09.54.31:594][ 34]LogModuleManager: Shutting down and abandoning module EditorStyle (234)
[2025.05.25-09.54.31:596][ 34]LogModuleManager: Shutting down and abandoning module KismetCompiler (230)
[2025.05.25-09.54.31:596][ 34]LogModuleManager: Shutting down and abandoning module MeshBuilder (228)
[2025.05.25-09.54.31:596][ 34]LogModuleManager: Shutting down and abandoning module MeshUtilities (226)
[2025.05.25-09.54.31:596][ 34]LogModuleManager: Shutting down and abandoning module MeshMergeUtilities (225)
[2025.05.25-09.54.31:596][ 34]LogModuleManager: Shutting down and abandoning module MeshReductionInterface (224)
[2025.05.25-09.54.31:596][ 34]LogModuleManager: Shutting down and abandoning module MeshBoneReduction (223)
[2025.05.25-09.54.31:596][ 34]LogModuleManager: Shutting down and abandoning module SkeletalMeshReduction (221)
[2025.05.25-09.54.31:596][ 34]LogModuleManager: Shutting down and abandoning module ProxyLODMeshReduction (219)
[2025.05.25-09.54.31:596][ 34]LogModuleManager: Shutting down and abandoning module QuadricMeshReduction (217)
[2025.05.25-09.54.31:596][ 34]LogModuleManager: Shutting down and abandoning module MaterialBaking (213)
[2025.05.25-09.54.31:596][ 34]LogModuleManager: Shutting down and abandoning module NullInstallBundleManager (208)
[2025.05.25-09.54.31:596][ 34]LogModuleManager: Shutting down and abandoning module DerivedDataCache (206)
[2025.05.25-09.54.31:596][ 34]LogModuleManager: Shutting down and abandoning module TargetPlatform (204)
[2025.05.25-09.54.31:596][ 34]LogModuleManager: Shutting down and abandoning module VulkanShaderFormat (203)
[2025.05.25-09.54.31:597][ 34]LogModuleManager: Shutting down and abandoning module ShaderFormatVectorVM (201)
[2025.05.25-09.54.31:597][ 34]LogModuleManager: Shutting down and abandoning module ShaderFormatOpenGL (199)
[2025.05.25-09.54.31:597][ 34]LogModuleManager: Shutting down and abandoning module ShaderFormatD3D (197)
[2025.05.25-09.54.31:597][ 34]LogModuleManager: Shutting down and abandoning module MetalShaderFormat (195)
[2025.05.25-09.54.31:597][ 34]LogModuleManager: Shutting down and abandoning module TextureFormatOodle (193)
[2025.05.25-09.54.31:597][ 34]LogModuleManager: Shutting down and abandoning module TextureFormatUncompressed (191)
[2025.05.25-09.54.31:597][ 34]LogModuleManager: Shutting down and abandoning module TextureFormatPVR (189)
[2025.05.25-09.54.31:597][ 34]LogModuleManager: Shutting down and abandoning module TextureFormatETC2 (187)
[2025.05.25-09.54.31:597][ 34]LogModuleManager: Shutting down and abandoning module TextureFormatDXT (185)
[2025.05.25-09.54.31:597][ 34]LogModuleManager: Shutting down and abandoning module TextureFormatIntelISPCTexComp (183)
[2025.05.25-09.54.31:597][ 34]LogModuleManager: Shutting down and abandoning module TextureFormatASTC (181)
[2025.05.25-09.54.31:597][ 34]LogModuleManager: Shutting down and abandoning module ImageWrapper (180)
[2025.05.25-09.54.31:597][ 34]LogModuleManager: Shutting down and abandoning module AudioFormatOpus (177)
[2025.05.25-09.54.31:597][ 34]LogModuleManager: Shutting down and abandoning module AudioFormatOgg (175)
[2025.05.25-09.54.31:597][ 34]LogModuleManager: Shutting down and abandoning module AudioFormatADPCM (173)
[2025.05.25-09.54.31:597][ 34]LogModuleManager: Shutting down and abandoning module WindowsServerTargetPlatform (171)
[2025.05.25-09.54.31:597][ 34]LogModuleManager: Shutting down and abandoning module WindowsClientTargetPlatform (169)
[2025.05.25-09.54.31:597][ 34]LogModuleManager: Shutting down and abandoning module WindowsTargetPlatform (167)
[2025.05.25-09.54.31:597][ 34]LogModuleManager: Shutting down and abandoning module WindowsNoEditorTargetPlatform (165)
[2025.05.25-09.54.31:597][ 34]LogModuleManager: Shutting down and abandoning module TVOSTargetPlatform (163)
[2025.05.25-09.54.31:599][ 34]LogModuleManager: Shutting down and abandoning module MacServerTargetPlatform (161)
[2025.05.25-09.54.31:599][ 34]LogModuleManager: Shutting down and abandoning module MacClientTargetPlatform (159)
[2025.05.25-09.54.31:599][ 34]LogModuleManager: Shutting down and abandoning module MacTargetPlatform (157)
[2025.05.25-09.54.31:599][ 34]LogModuleManager: Shutting down and abandoning module MacNoEditorTargetPlatform (155)
[2025.05.25-09.54.31:599][ 34]LogModuleManager: Shutting down and abandoning module LuminTargetPlatform (153)
[2025.05.25-09.54.31:600][ 34]LogModuleManager: Shutting down and abandoning module LinuxAArch64ServerTargetPlatform (151)
[2025.05.25-09.54.31:600][ 34]LogModuleManager: Shutting down and abandoning module LinuxAArch64ClientTargetPlatform (149)
[2025.05.25-09.54.31:600][ 34]LogModuleManager: Shutting down and abandoning module LinuxAArch64NoEditorTargetPlatform (147)
[2025.05.25-09.54.31:600][ 34]LogModuleManager: Shutting down and abandoning module LinuxServerTargetPlatform (145)
[2025.05.25-09.54.31:600][ 34]LogModuleManager: Shutting down and abandoning module LinuxClientTargetPlatform (143)
[2025.05.25-09.54.31:600][ 34]LogModuleManager: Shutting down and abandoning module LinuxNoEditorTargetPlatform (141)
[2025.05.25-09.54.31:600][ 34]LogModuleManager: Shutting down and abandoning module LinuxTargetPlatform (139)
[2025.05.25-09.54.31:600][ 34]LogModuleManager: Shutting down and abandoning module Messaging (137)
[2025.05.25-09.54.31:600][ 34]LogModuleManager: Shutting down and abandoning module IOSTargetPlatform (135)
[2025.05.25-09.54.31:601][ 34]LogModuleManager: Shutting down and abandoning module AndroidTargetPlatform (133)
[2025.05.25-09.54.31:607][ 34]LogModuleManager: Shutting down and abandoning module AllDesktopTargetPlatform (131)
[2025.05.25-09.54.31:607][ 34]LogModuleManager: Shutting down and abandoning module D3D11RHI (128)
[2025.05.25-09.54.31:607][ 34]LogModuleManager: Shutting down and abandoning module InputCore (126)
[2025.05.25-09.54.31:607][ 34]LogModuleManager: Shutting down and abandoning module Settings (124)
[2025.05.25-09.54.31:607][ 34]LogModuleManager: Shutting down and abandoning module DirectoryWatcher (122)
[2025.05.25-09.54.31:607][ 34]LogModuleManager: Shutting down and abandoning module PhysXCooking (120)
[2025.05.25-09.54.31:607][ 34]LogModuleManager: Shutting down and abandoning module Chaos (118)
[2025.05.25-09.54.31:607][ 34]LogModuleManager: Shutting down and abandoning module WindowsPlatformFeatures (116)
[2025.05.25-09.54.31:607][ 34]LogModuleManager: Shutting down and abandoning module GameplayMediaEncoder (115)
[2025.05.25-09.54.31:608][ 34]LogModuleManager: Shutting down and abandoning module AVEncoder (114)
[2025.05.25-09.54.31:608][ 34]LogModuleManager: Shutting down and abandoning module OculusOpenXRHMD (110)
[2025.05.25-09.54.31:608][ 34]LogModuleManager: Shutting down and abandoning module OpenXRHandTracking (108)
[2025.05.25-09.54.31:608][ 34]LogSlate: Slate User Destroyed.  User Index 0, Is Virtual User: 0
[2025.05.25-09.54.31:609][ 34]LogModuleManager: Shutting down and abandoning module OpenXREyeTracker (106)
[2025.05.25-09.54.31:609][ 34]LogModuleManager: Shutting down and abandoning module OpenXRAR (104)
[2025.05.25-09.54.31:609][ 34]LogModuleManager: Shutting down and abandoning module AugmentedReality (103)
[2025.05.25-09.54.31:609][ 34]LogModuleManager: Shutting down and abandoning module OpenXRHMD (100)
[2025.05.25-09.54.31:609][ 34]LogModuleManager: Shutting down and abandoning module ExampleDeviceProfileSelector (98)
[2025.05.25-09.54.31:609][ 34]LogModuleManager: Shutting down and abandoning module ChunkDownloader (96)
[2025.05.25-09.54.31:609][ 34]LogModuleManager: Shutting down and abandoning module LauncherChunkInstaller (94)
[2025.05.25-09.54.31:609][ 34]LogModuleManager: Shutting down and abandoning module OnlineBlueprintSupport (92)
[2025.05.25-09.54.31:609][ 34]LogModuleManager: Shutting down and abandoning module OnlineSubsystem (88)
[2025.05.25-09.54.31:612][ 34]LogModuleManager: Shutting down and abandoning module XMPP (83)
[2025.05.25-09.54.31:612][ 34]LogModuleManager: Shutting down and abandoning module WebSockets (82)
[2025.05.25-09.54.31:638][ 34]LogModuleManager: Shutting down and abandoning module HTTP (79)
[2025.05.25-09.54.31:638][ 34]LogHttp: Display: Http module shutting down, but needs to wait on 1 outstanding Http requests:
[2025.05.25-09.54.31:638][ 34]LogHttp: Display: 	verb=[POST] url=[https://datarouter.ol.epicgames.com/datarouter/api/v1/public/data?SessionID=%7BC8306D09-4159-C9FC-1F18-ADAB9FB044ED%7D&AppID=UEEditor.Rocket.Release&AppVersion=4.27.2-18319896%2B%2B%2BUE4%2BRelease-4.27&UserID=a98fe3f4478cfa571d32e6bbe1223fe9%7C8d32778956cb44dfb34b73f885e41c5d%7Cabf14a6e-5bf6-4b84-b532-19c2061b8481&AppEnvironment=datacollector-binary&UploadType=eteventstream] refs=[1] status=Processing
[2025.05.25-09.54.31:638][ 34]LogHttp: Display: cleaning up 1 outstanding Http requests.
[2025.05.25-09.54.31:664][ 34]LogModuleManager: Shutting down and abandoning module SSL (78)
[2025.05.25-09.54.31:666][ 34]LogModuleManager: Shutting down and abandoning module MLSDK (74)
[2025.05.25-09.54.31:666][ 34]LogModuleManager: Shutting down and abandoning module MagicLeap (72)
[2025.05.25-09.54.31:666][ 34]LogModuleManager: Shutting down and abandoning module WmfMedia (70)
[2025.05.25-09.54.31:667][ 34]LogModuleManager: Shutting down and abandoning module Media (69)
[2025.05.25-09.54.31:668][ 34]LogModuleManager: Shutting down and abandoning module MediaInfo (68)
[2025.05.25-09.54.31:668][ 34]LogModuleManager: Shutting down and abandoning module ExrReaderGpu (64)
[2025.05.25-09.54.31:668][ 34]LogModuleManager: Shutting down and abandoning module NiagaraVertexFactories (62)
[2025.05.25-09.54.31:668][ 34]LogModuleManager: Shutting down and abandoning module NiagaraShader (60)
[2025.05.25-09.54.31:668][ 34]LogModuleManager: Shutting down and abandoning module ChaosCloth (58)
[2025.05.25-09.54.31:668][ 34]LogModuleManager: Shutting down and abandoning module VariantManagerContent (56)
[2025.05.25-09.54.31:668][ 34]LogModuleManager: Shutting down and abandoning module DatasmithContent (54)
[2025.05.25-09.54.31:668][ 34]LogModuleManager: Shutting down and abandoning module PixWinPlugin (52)
[2025.05.25-09.54.31:668][ 34]LogModuleManager: Shutting down and abandoning module AISupportModule (50)
[2025.05.25-09.54.31:668][ 34]LogModuleManager: Shutting down and abandoning module DesktopPlatform (48)
[2025.05.25-09.54.31:668][ 34]LogModuleManager: Shutting down and abandoning module PythonScriptPluginPreload (46)
[2025.05.25-09.54.31:668][ 34]LogModuleManager: Shutting down and abandoning module PlatformCryptoOpenSSL (44)
[2025.05.25-09.54.31:668][ 34]LogModuleManager: Shutting down and abandoning module PlatformCryptoTypes (42)
[2025.05.25-09.54.31:668][ 34]LogModuleManager: Shutting down and abandoning module PlatformCrypto (40)
[2025.05.25-09.54.31:668][ 34]LogModuleManager: Shutting down and abandoning module OodleDataCompressionFormat (38)
[2025.05.25-09.54.31:668][ 34]LogModuleManager: Shutting down and abandoning module XGEController (36)
[2025.05.25-09.54.31:668][ 34]LogModuleManager: Shutting down and abandoning module AnimationModifiers (34)
[2025.05.25-09.54.31:668][ 34]LogModuleManager: Shutting down and abandoning module AudioEditor (32)
[2025.05.25-09.54.31:668][ 34]LogModuleManager: Shutting down and abandoning module PropertyEditor (31)
[2025.05.25-09.54.31:668][ 34]LogModuleManager: Shutting down and abandoning module TextureCompressor (28)
[2025.05.25-09.54.31:669][ 34]LogModuleManager: Shutting down and abandoning module RenderCore (26)
[2025.05.25-09.54.31:669][ 34]LogModuleManager: Shutting down and abandoning module Landscape (24)
[2025.05.25-09.54.31:669][ 34]LogModuleManager: Shutting down and abandoning module SlateRHIRenderer (22)
[2025.05.25-09.54.31:670][ 34]LogModuleManager: Shutting down and abandoning module AnimGraphRuntime (20)
[2025.05.25-09.54.31:670][ 34]LogModuleManager: Shutting down and abandoning module Renderer (18)
[2025.05.25-09.54.31:670][ 34]LogModuleManager: Shutting down and abandoning module Engine (16)
[2025.05.25-09.54.31:670][ 34]LogModuleManager: Shutting down and abandoning module CoreUObject (14)
[2025.05.25-09.54.31:670][ 34]LogModuleManager: Shutting down and abandoning module NetworkFile (12)
[2025.05.25-09.54.31:670][ 34]LogModuleManager: Shutting down and abandoning module CookedIterativeFile (10)
[2025.05.25-09.54.31:670][ 34]LogModuleManager: Shutting down and abandoning module StreamingFile (8)
[2025.05.25-09.54.31:670][ 34]LogModuleManager: Shutting down and abandoning module SandboxFile (6)
[2025.05.25-09.54.31:670][ 34]LogModuleManager: Shutting down and abandoning module PakFile (4)
[2025.05.25-09.54.31:670][ 34]LogModuleManager: Shutting down and abandoning module RSA (3)
[2025.05.25-09.54.31:670][ 34]LogContentStreaming: Display: There are 1 unreleased StreamingManagers
[2025.05.25-09.54.31:694][ 34]LogD3D11RHI: Shutdown
[2025.05.25-09.54.31:694][ 34]LogD3D11RHI: CleanupD3DDevice
[2025.05.25-09.54.31:697][ 34]LogExit: Exiting.
[2025.05.25-09.54.31:707][ 34]Log file closed, 05/25/25 12:54:31
